ID,logFC,AveExpr,t,P.Value,adj.P.Val,B,comparison,pass
146,-9.286283471742049,23.779440244923414,-16.63898964481469,1.7373904536915828e-6,0.001965061844370187,4.172530766417985,miscanthus_sinensis_ssp_transmorrisonensis_6wks vs control_15wks,TRUE
606,-8.632717988420751,21.830371186392867,-16.170733559228232,2.0759627190043216e-6,0.001965061844370187,4.09622575151484,miscanthus_sinensis_ssp_transmorrisonensis_6wks vs control_15wks,TRUE
125,-8.395769698706602,23.50279189987692,-14.494441952828803,4.099727295983631e-6,0.001965061844370187,3.779610801116224,miscanthus_sinensis_ssp_transmorrisonensis_6wks vs control_15wks,TRUE
545,-7.555049007098855,22.558860693901323,-14.228950983501331,4.597503780117905e-6,0.001965061844370187,3.722328165757215,miscanthus_sinensis_ssp_transmorrisonensis_6wks vs control_15wks,TRUE
308,-7.16535676675306,23.003980131172135,-13.882731865922418,5.354991724286275e-6,0.001965061844370187,3.6442915893750882,miscanthus_sinensis_ssp_transmorrisonensis_6wks vs control_15wks,TRUE
185,-7.875897509188853,22.644163037472282,-13.631113216089117,5.996293900611533e-6,0.001965061844370187,3.585085716627253,miscanthus_sinensis_ssp_transmorrisonensis_6wks vs control_15wks,TRUE
1222,-7.265842144897675,21.254006392475087,-13.465749675800696,6.465983108665005e-6,0.001965061844370187,3.544981178331696,miscanthus_sinensis_ssp_transmorrisonensis_6wks vs control_15wks,TRUE
802,-7.1697640666720766,21.7780091112612,-13.197622261489387,7.320686378095868e-6,0.001965061844370187,3.477857263813359,miscanthus_sinensis_ssp_transmorrisonensis_6wks vs control_15wks,TRUE
1332,-7.012400637349941,21.146054638521463,-12.840468173641208,8.669405642415622e-6,0.001965061844370187,3.3842229714411705,miscanthus_sinensis_ssp_transmorrisonensis_6wks vs control_15wks,TRUE
298,8.582490646371106,20.251943257436324,12.808047107456018,8.805418876055111e-6,0.001965061844370187,3.3754748211559242,miscanthus_sinensis_ssp_transmorrisonensis_6wks vs control_15wks,TRUE
350,-7.98131191450495,22.654470735335966,-12.77493196689502,8.946887536453667e-6,0.001965061844370187,3.3664956179751506,miscanthus_sinensis_ssp_transmorrisonensis_6wks vs control_15wks,TRUE
1517,-7.052278593232735,21.34348648844023,-12.313746457571181,1.1216367351151372e-5,0.0022582286266984762,3.2366975049661733,miscanthus_sinensis_ssp_transmorrisonensis_6wks vs control_15wks,TRUE
1328,-6.220490984687483,21.414322844885376,-11.87530057316848,1.4009185724786445e-5,0.002498742165341599,3.1046042255527837,miscanthus_sinensis_ssp_transmorrisonensis_6wks vs control_15wks,TRUE
11,6.551266298788921,19.364142509652417,11.811435986126844,1.447946618989337e-5,0.002498742165341599,3.0846136342363337,miscanthus_sinensis_ssp_transmorrisonensis_6wks vs control_15wks,TRUE
1447,-6.112257891671874,21.249672476021253,-11.486028481798979,1.717696212231514e-5,0.002577826044017937,2.9796416055357344,miscanthus_sinensis_ssp_transmorrisonensis_6wks vs control_15wks,TRUE
1252,6.421370603993477,19.584103762583226,11.447892981492007,1.7529423973778985e-5,0.002577826044017937,2.966989631583555,miscanthus_sinensis_ssp_transmorrisonensis_6wks vs control_15wks,TRUE
1186,-6.170939833263617,21.60424872247703,-11.384008959226062,1.8138676634232173e-5,0.002577826044017937,2.9456263160679015,miscanthus_sinensis_ssp_transmorrisonensis_6wks vs control_15wks,TRUE
112,6.315409954652136,19.616405580834954,11.179159480148154,2.0263071705587515e-5,0.002587758002773241,2.8756687684600966,miscanthus_sinensis_ssp_transmorrisonensis_6wks vs control_15wks,TRUE
87,9.326891476192618,20.84329352768129,11.171242722414329,2.035074588273658e-5,0.002587758002773241,2.8729198701121064,miscanthus_sinensis_ssp_transmorrisonensis_6wks vs control_15wks,TRUE
1211,-6.046676806294563,21.359919024062954,-10.754698699221516,2.5644214732956548e-5,0.0030308230516065894,2.7233425768033968,miscanthus_sinensis_ssp_transmorrisonensis_6wks vs control_15wks,TRUE
618,7.959682394648386,19.83897751589346,10.634843244980033,2.7449640209933733e-5,0.0030308230516065894,2.6784438570579976,miscanthus_sinensis_ssp_transmorrisonensis_6wks vs control_15wks,TRUE
120,-5.893950983482739,24.704214879780547,-10.588005860352936,2.8194560535899887e-5,0.0030308230516065894,2.6606640186892303,miscanthus_sinensis_ssp_transmorrisonensis_6wks vs control_15wks,TRUE
1235,-6.134400799520122,20.68878410098355,-10.4928060128574,2.978143223346648e-5,0.0030308230516065894,2.6241130222124323,miscanthus_sinensis_ssp_transmorrisonensis_6wks vs control_15wks,TRUE
329,8.22976339916579,20.168916074923487,10.47318406944229,3.012112927885821e-5,0.0030308230516065894,2.616509963968042,miscanthus_sinensis_ssp_transmorrisonensis_6wks vs control_15wks,TRUE
511,-8.126388469530745,22.786820591630498,-10.36789883030608,3.2021678503040614e-5,0.0030308230516065894,2.5753034682637743,miscanthus_sinensis_ssp_transmorrisonensis_6wks vs control_15wks,TRUE
3387,-5.496198924396452,20.27024858909594,-10.303321580203344,3.325549318790171e-5,0.0030308230516065894,2.5496824211905658,miscanthus_sinensis_ssp_transmorrisonensis_6wks vs control_15wks,TRUE
1833,-5.533215827250686,21.10541737451632,-10.266705942565446,3.3979302297476874e-5,0.0030308230516065894,2.535036461522701,miscanthus_sinensis_ssp_transmorrisonensis_6wks vs control_15wks,TRUE
3584,-5.153277456246855,20.648928867227013,-10.151899721105893,3.636888259744251e-5,0.0030308230516065894,2.4885503399452045,miscanthus_sinensis_ssp_transmorrisonensis_6wks vs control_15wks,TRUE
804,-6.142777111299136,21.78565178275235,-10.151390076838936,3.63799124571983e-5,0.0030308230516065894,2.4883420531198155,miscanthus_sinensis_ssp_transmorrisonensis_6wks vs control_15wks,TRUE
164,6.687737687869493,19.73856053638692,10.065394620900777,3.8297307594282764e-5,0.003046461663198843,2.45294945727524,miscanthus_sinensis_ssp_transmorrisonensis_6wks vs control_15wks,TRUE
812,5.739351511196489,19.222993906119168,10.031296140259313,3.90895329301176e-5,0.003046461663198843,2.438778717226027,miscanthus_sinensis_ssp_transmorrisonensis_6wks vs control_15wks,TRUE
2193,-5.50330278248331,20.450471813451912,-9.946144075114857,4.1151462060656805e-5,0.003106935385579589,2.403046685222183,miscanthus_sinensis_ssp_transmorrisonensis_6wks vs control_15wks,TRUE
863,-6.376920452990657,22.193856921231813,-9.893585772789008,4.2486428457417805e-5,0.0031105215500945886,2.3807437373434244,miscanthus_sinensis_ssp_transmorrisonensis_6wks vs control_15wks,TRUE
1676,-6.232191491710807,21.160349137350963,-9.657511356225116,4.913020871960151e-5,0.0034794274128305894,2.2781740592143453,miscanthus_sinensis_ssp_transmorrisonensis_6wks vs control_15wks,TRUE
1031,5.812655326526723,19.150851525200814,9.581570726926829,5.151548938855929e-5,0.0034794274128305894,2.244327867826449,miscanthus_sinensis_ssp_transmorrisonensis_6wks vs control_15wks,TRUE
1295,4.823231552340481,19.429647085612178,9.571374195016995,5.184577270774057e-5,0.0034794274128305894,2.2397511299232242,miscanthus_sinensis_ssp_transmorrisonensis_6wks vs control_15wks,TRUE
204,5.943565893236634,19.0370143501589,9.473768634938313,5.513344710323307e-5,0.003600065086524624,2.1955501075181605,miscanthus_sinensis_ssp_transmorrisonensis_6wks vs control_15wks,TRUE
1119,-5.608077632246427,21.812625022847843,-9.392005784236808,5.807252839239027e-5,0.003692190226210918,2.1579725288436187,miscanthus_sinensis_ssp_transmorrisonensis_6wks vs control_15wks,TRUE
2347,-5.851519194179044,20.80001480778479,-9.319725264697283,6.0821227961610186e-5,0.003747384137488675,2.1243278415313274,miscanthus_sinensis_ssp_transmorrisonensis_6wks vs control_15wks,TRUE
2485,-5.107667383528234,20.393027784959685,-9.288796361267924,6.20427837332562e-5,0.003747384137488675,2.1098079150120377,miscanthus_sinensis_ssp_transmorrisonensis_6wks vs control_15wks,TRUE
2146,-5.317654318013325,21.059450278098726,-9.188016515132917,6.622285373501491e-5,0.003809582300236177,2.0619760591019904,miscanthus_sinensis_ssp_transmorrisonensis_6wks vs control_15wks,TRUE
2972,-4.744311071551696,20.32158165361482,-9.187939197120945,6.622618237165539e-5,0.003809582300236177,2.061939054779586,miscanthus_sinensis_ssp_transmorrisonensis_6wks vs control_15wks,TRUE
1197,-5.994336923141116,21.01288520786373,-9.096442784529382,7.030319858800316e-5,0.0038804019479565955,2.0178140689203516,miscanthus_sinensis_ssp_transmorrisonensis_6wks vs control_15wks,TRUE
1528,-4.640751139042045,20.995764802960792,-9.072931007715793,7.139686403836462e-5,0.0038804019479565955,2.0063664143093938,miscanthus_sinensis_ssp_transmorrisonensis_6wks vs control_15wks,TRUE
815,-6.467612708219036,21.63233047793913,-9.054334983036533,7.227569853395977e-5,0.0038804019479565955,1.997280388833131,miscanthus_sinensis_ssp_transmorrisonensis_6wks vs control_15wks,TRUE
1905,-5.775754845880268,21.30272528023633,-8.99472412316328,7.5177606628804e-5,0.003948458643808488,1.9679639096006643,miscanthus_sinensis_ssp_transmorrisonensis_6wks vs control_15wks,TRUE
2439,-5.189246290378438,20.862198634336234,-8.853151517983521,8.262095645670724e-5,0.004043481272561976,1.897157821751268,miscanthus_sinensis_ssp_transmorrisonensis_6wks vs control_15wks,TRUE
2112,-5.098872991700333,20.273451650384438,-8.817968673066089,8.459956520903538e-5,0.004043481272561976,1.8792996641909951,miscanthus_sinensis_ssp_transmorrisonensis_6wks vs control_15wks,TRUE
1326,-4.625705005000633,20.542188314117045,-8.79012528162992,8.620396252748639e-5,0.004043481272561976,1.8650920155374209,miscanthus_sinensis_ssp_transmorrisonensis_6wks vs control_15wks,TRUE
161,6.558909670632108,18.708066253045356,8.784598766536588,8.652654410692803e-5,0.004043481272561976,1.8622640984050474,miscanthus_sinensis_ssp_transmorrisonensis_6wks vs control_15wks,TRUE
231,6.847853707254465,20.167607303050854,8.75949366100682,8.800944755831382e-5,0.004043481272561976,1.8493847437217834,miscanthus_sinensis_ssp_transmorrisonensis_6wks vs control_15wks,TRUE
235,6.066127100790368,18.73492070975661,8.753684519809122,8.835671657515453e-5,0.004043481272561976,1.8463968113786127,miscanthus_sinensis_ssp_transmorrisonensis_6wks vs control_15wks,TRUE
2212,-4.933311666141055,20.767811225891474,-8.659987927919051,9.418057705949185e-5,0.004043481272561976,1.7977987728969005,miscanthus_sinensis_ssp_transmorrisonensis_6wks vs control_15wks,TRUE
1632,-4.785097110278915,21.22803798422492,-8.614288130843889,9.717991525871308e-5,0.004043481272561976,1.7738159904578943,miscanthus_sinensis_ssp_transmorrisonensis_6wks vs control_15wks,TRUE
4020,-4.563000822983572,20.17405459331284,-8.598528788565282,9.823948496327117e-5,0.004043481272561976,1.7655027339334914,miscanthus_sinensis_ssp_transmorrisonensis_6wks vs control_15wks,TRUE
2222,-4.704469897862367,21.127975879455214,-8.562771410745786,1.0069305675775669e-4,0.004043481272561976,1.7465581194357869,miscanthus_sinensis_ssp_transmorrisonensis_6wks vs control_15wks,TRUE
1943,-4.594222693012487,20.30952771929057,-8.516996040161962,1.0393715272158248e-4,0.004043481272561976,1.7221384125356876,miscanthus_sinensis_ssp_transmorrisonensis_6wks vs control_15wks,TRUE
1972,5.064575251263204,19.52276433117512,8.502855941641965,1.0496334155564547e-4,0.004043481272561976,1.7145568699813376,miscanthus_sinensis_ssp_transmorrisonensis_6wks vs control_15wks,TRUE
2441,-4.568471801225346,20.552467822857352,-8.488907173484224,1.0598702894295495e-4,0.004043481272561976,1.7070601403981795,miscanthus_sinensis_ssp_transmorrisonensis_6wks vs control_15wks,TRUE
6124,-4.267472544415085,19.653849914957554,-8.471005524293245,1.0731761026624684e-4,0.004043481272561976,1.6974130036353854,miscanthus_sinensis_ssp_transmorrisonensis_6wks vs control_15wks,TRUE
4201,4.751106542669859,18.87381960304126,8.43459289175004,1.1008352452974635e-4,0.004043481272561976,1.6776999834274715,miscanthus_sinensis_ssp_transmorrisonensis_6wks vs control_15wks,TRUE
46,-9.868753933408208,24.114837548551264,-8.42431146047838,1.1087922095689267e-4,0.004043481272561976,1.672111805982297,miscanthus_sinensis_ssp_transmorrisonensis_6wks vs control_15wks,TRUE
307,5.314709982815913,19.37508883810883,8.418277616449426,1.1134925542374657e-4,0.004043481272561976,1.6688277500172566,miscanthus_sinensis_ssp_transmorrisonensis_6wks vs control_15wks,TRUE
378,5.868769081768711,18.13752733204213,8.410183391442382,1.1198338024170438e-4,0.004043481272561976,1.6644170112831214,miscanthus_sinensis_ssp_transmorrisonensis_6wks vs control_15wks,TRUE
76,-4.458795977064753,25.463982940546884,-8.405693434769589,1.1233691877381337e-4,0.004043481272561976,1.6619677165182072,miscanthus_sinensis_ssp_transmorrisonensis_6wks vs control_15wks,TRUE
915,-5.845251142664932,21.15722268259814,-8.395895756575621,1.1311283240309259e-4,0.004043481272561976,1.6566165590385173,miscanthus_sinensis_ssp_transmorrisonensis_6wks vs control_15wks,TRUE
383,5.207431032439498,19.59482810613179,8.350037601088808,1.1682705307636023e-4,0.004043481272561976,1.6314519225888757,miscanthus_sinensis_ssp_transmorrisonensis_6wks vs control_15wks,TRUE
2456,-4.639406586061714,20.571780003070828,-8.341089256474003,1.175679866464219e-4,0.004043481272561976,1.6265186628325052,miscanthus_sinensis_ssp_transmorrisonensis_6wks vs control_15wks,TRUE
3864,4.736851006985383,19.066684809678943,8.340250376522665,1.176377222591725e-4,0.004043481272561976,1.626055800721046,miscanthus_sinensis_ssp_transmorrisonensis_6wks vs control_15wks,TRUE
438,5.830890127051845,19.631843361762705,8.339504016899845,1.1769980651698324e-4,0.004043481272561976,1.6256439324269545,miscanthus_sinensis_ssp_transmorrisonensis_6wks vs control_15wks,TRUE
731,-6.152599703734747,21.501447887001643,-8.306807990316246,1.204567262945155e-4,0.004043481272561976,1.6075497791083313,miscanthus_sinensis_ssp_transmorrisonensis_6wks vs control_15wks,TRUE
2225,-4.709515243655947,20.824019793432093,-8.306288789575879,1.205010975266814e-4,0.004043481272561976,1.6072616398070778,miscanthus_sinensis_ssp_transmorrisonensis_6wks vs control_15wks,TRUE
1166,-5.8035139847462816,21.236628906043066,-8.261265664708981,1.2442093279260152e-4,0.004073325642370768,1.5821783887567733,miscanthus_sinensis_ssp_transmorrisonensis_6wks vs control_15wks,TRUE
263,5.137958857101623,19.162069131126298,8.257420005084072,1.2476245758917087e-4,0.004073325642370768,1.5800269879670914,miscanthus_sinensis_ssp_transmorrisonensis_6wks vs control_15wks,TRUE
4072,-4.082661739860079,20.083758148791453,-8.184731913977606,1.3142392964084657e-4,0.00422272708500386,1.5390968302300072,miscanthus_sinensis_ssp_transmorrisonensis_6wks vs control_15wks,TRUE
666,-6.186525085060019,21.75141409590386,-8.169884793812075,1.3283413015740617e-4,0.00422272708500386,1.5306740534035308,miscanthus_sinensis_ssp_transmorrisonensis_6wks vs control_15wks,TRUE
5463,4.420485689849137,18.45080656587503,7.991250766750069,1.5123234180592133e-4,0.004745160231209168,1.427644882176966,miscanthus_sinensis_ssp_transmorrisonensis_6wks vs control_15wks,TRUE
898,-6.603360731745873,21.170185799005242,-7.954030549557629,1.554232978648779e-4,0.004814137021045449,1.4057789695497842,miscanthus_sinensis_ssp_transmorrisonensis_6wks vs control_15wks,TRUE
1264,4.8728053513967176,19.181504676262993,7.893263716241763,1.6255428985023103e-4,0.004971280560483015,1.3697792139420786,miscanthus_sinensis_ssp_transmorrisonensis_6wks vs control_15wks,TRUE
2396,5.331779029939749,19.48378905170802,7.8535505179795955,1.6741671925284268e-4,0.005009133509849119,1.3460487565005357,miscanthus_sinensis_ssp_transmorrisonensis_6wks vs control_15wks,TRUE
1646,6.113163546508005,19.829657838755193,7.84936612658616,1.679386648583521e-4,0.005009133509849119,1.3435389651810468,miscanthus_sinensis_ssp_transmorrisonensis_6wks vs control_15wks,TRUE
1383,4.889187100673269,19.492445376164522,7.831984748551967,1.7012675936131137e-4,0.005012515251425955,1.3330943317647277,miscanthus_sinensis_ssp_transmorrisonensis_6wks vs control_15wks,TRUE
4521,-4.28635545222123,20.037998553191986,-7.80945427621685,1.7301173096584407e-4,0.005013663587447738,1.319509102730347,miscanthus_sinensis_ssp_transmorrisonensis_6wks vs control_15wks,TRUE
1391,5.739344913495255,19.553795725589872,7.799408093053354,1.7431611810662663e-4,0.005013663587447738,1.31343458030954,miscanthus_sinensis_ssp_transmorrisonensis_6wks vs control_15wks,TRUE
5340,4.882326363462486,18.303927807169345,7.780440209872638,1.7680965825661298e-4,0.005025554521740905,1.301936847592084,miscanthus_sinensis_ssp_transmorrisonensis_6wks vs control_15wks,TRUE
1801,-5.596742050897657,21.419844314244266,-7.711393957829155,1.8623720767884316e-4,0.005171268373974988,1.2597651817945712,miscanthus_sinensis_ssp_transmorrisonensis_6wks vs control_15wks,TRUE
851,-6.380977962873029,21.361945452372876,-7.7103706876151055,1.8638118159712062e-4,0.005171268373974988,1.2591364213298322,miscanthus_sinensis_ssp_transmorrisonensis_6wks vs control_15wks,TRUE
2475,4.747927187344693,18.85927951903863,7.696415259470849,1.883574573302148e-4,0.005171268373974988,1.2505502831788187,miscanthus_sinensis_ssp_transmorrisonensis_6wks vs control_15wks,TRUE
1034,5.753105614758358,19.07928096458737,7.656046271815745,1.9421042857580681e-4,0.005272049386956733,1.2255966358290253,miscanthus_sinensis_ssp_transmorrisonensis_6wks vs control_15wks,TRUE
1065,-5.950029589933376,21.231892229923492,-7.560862369483415,2.0885213012469006e-4,0.0056065194042361245,1.166068018195599,miscanthus_sinensis_ssp_transmorrisonensis_6wks vs control_15wks,TRUE
201,-7.1402498341686,22.036247920476498,-7.492545027089952,2.2013958934427035e-4,0.005764809073624881,1.122735204686876,miscanthus_sinensis_ssp_transmorrisonensis_6wks vs control_15wks,TRUE
611,5.536573692496695,18.802542168564575,7.490681724405957,2.2045706402934193e-4,0.005764809073624881,1.1215461575369288,miscanthus_sinensis_ssp_transmorrisonensis_6wks vs control_15wks,TRUE
2342,-4.324977585060264,20.345097803313593,-7.478172218873013,2.2260205574562477e-4,0.005764809073624881,1.1135534255479618,miscanthus_sinensis_ssp_transmorrisonensis_6wks vs control_15wks,TRUE
1176,-5.983312017447869,21.040371719370974,-7.468406936111802,2.242930682618952e-4,0.005764809073624881,1.107302045378371,miscanthus_sinensis_ssp_transmorrisonensis_6wks vs control_15wks,TRUE
2538,-4.143470944187367,19.692290951974112,-7.452696192485346,2.270445054637065e-4,0.005774100265266473,1.097222422204175,miscanthus_sinensis_ssp_transmorrisonensis_6wks vs control_15wks,TRUE
1809,4.573804454581335,19.04796310538695,7.430682555138973,2.3096484995178282e-4,0.005812615390453201,1.0830528709416347,miscanthus_sinensis_ssp_transmorrisonensis_6wks vs control_15wks,TRUE
513,-6.198550717813408,21.621976871910594,-7.284320028543724,2.5908459922377875e-4,0.0063919314742908505,0.9874578522856208,miscanthus_sinensis_ssp_transmorrisonensis_6wks vs control_15wks,TRUE
4415,4.782329509724107,18.831164042264458,7.283389987925943,2.5927536609292355e-4,0.0063919314742908505,0.9868426212713883,miscanthus_sinensis_ssp_transmorrisonensis_6wks vs control_15wks,TRUE
3270,-4.065334882755721,19.97680592446256,-7.252119414931081,2.657837424816115e-4,0.006486197190258318,0.9660989511128424,miscanthus_sinensis_ssp_transmorrisonensis_6wks vs control_15wks,TRUE
10016,-4.181582649716489,19.850004073372936,-7.210579706305362,2.747197391387687e-4,0.006602172018836133,0.9383684757094697,miscanthus_sinensis_ssp_transmorrisonensis_6wks vs control_15wks,TRUE
6461,-4.3476109959012135,20.437334567987733,-7.19617715084032,2.7789765536005733e-4,0.006602172018836133,0.928707040248784,miscanthus_sinensis_ssp_transmorrisonensis_6wks vs control_15wks,TRUE
270,-5.887236189818882,21.886031512496565,-7.192417610189115,2.78734083576691e-4,0.006602172018836133,0.9261811078665394,miscanthus_sinensis_ssp_transmorrisonensis_6wks vs control_15wks,TRUE
4018,4.553379285418231,18.804939470334915,7.097102529334965,3.0093030835414043e-4,0.007058714805666051,0.8615871229730221,miscanthus_sinensis_ssp_transmorrisonensis_6wks vs control_15wks,TRUE
2250,3.79670830744109,18.11235038691927,7.061153784032061,3.098201248777895e-4,0.007101971082725558,0.836945657800956,miscanthus_sinensis_ssp_transmorrisonensis_6wks vs control_15wks,TRUE
831,5.296977188562014,19.27815601475496,7.059819965037112,3.101556819174556e-4,0.007101971082725558,0.8360284078249132,miscanthus_sinensis_ssp_transmorrisonensis_6wks vs control_15wks,TRUE
1331,-5.175717700864993,20.9576953605117,-7.05412486527436,3.115931021394491e-4,0.007101971082725558,0.8321095653405077,miscanthus_sinensis_ssp_transmorrisonensis_6wks vs control_15wks,TRUE
496,-6.521921589479511,21.764800430436036,-7.030365895029982,3.176722660392475e-4,0.007151472606987865,0.8157188580525325,miscanthus_sinensis_ssp_transmorrisonensis_6wks vs control_15wks,TRUE
1132,-6.067067390866473,20.66102314939635,-7.022613476846723,3.1968503375608007e-4,0.007151472606987865,0.8103559755193697,miscanthus_sinensis_ssp_transmorrisonensis_6wks vs control_15wks,TRUE
6231,-4.160650222691981,20.00702394330817,-7.007189893481899,3.2373285607165695e-4,0.007151685074848222,0.7996648646047735,miscanthus_sinensis_ssp_transmorrisonensis_6wks vs control_15wks,TRUE
3811,-3.703638865630502,20.32154571766573,-6.992937408467372,3.275253338693871e-4,0.007151685074848222,0.7897599561997399,miscanthus_sinensis_ssp_transmorrisonensis_6wks vs control_15wks,TRUE
3653,-4.485668099475962,19.964798104670198,-6.989026119956654,3.285749351441029e-4,0.007151685074848222,0.78703746382155515,miscanthus_sinensis_ssp_transmorrisonensis_6wks vs control_15wks,TRUE
29,-6.0853166403486085,26.614050765590672,-6.957583905976597,3.3715318971048655e-4,0.00722267696075022,0.7650842538389897,miscanthus_sinensis_ssp_transmorrisonensis_6wks vs control_15wks,TRUE
7932,-4.014564524284864,19.784063328419567,-6.955193940802113,3.3781560288277104e-4,0.00722267696075022,0.7634106365342506,miscanthus_sinensis_ssp_transmorrisonensis_6wks vs control_15wks,TRUE
1935,4.869686305777883,19.765564514497214,6.939326098622428,3.4225140156580704e-4,0.0072533279489735945,0.7522811886825496,miscanthus_sinensis_ssp_transmorrisonensis_6wks vs control_15wks,TRUE
597,-3.8147416517429704,23.597375451940955,-6.916657486094721,3.4870394829021215e-4,0.007325815122340457,0.7363282894405287,miscanthus_sinensis_ssp_transmorrisonensis_6wks vs control_15wks,TRUE
447,-6.362937719261353,21.703705047628443,-6.896187717823906,3.546499092054308e-4,0.007372894595411361,0.7218685336118842,miscanthus_sinensis_ssp_transmorrisonensis_6wks vs control_15wks,TRUE
2289,-5.678728456675447,21.43210343077085,-6.888041367447388,3.570482895956661e-4,0.007372894595411361,0.7160996114226821,miscanthus_sinensis_ssp_transmorrisonensis_6wks vs control_15wks,TRUE
5485,-3.733205505709961,20.90348648195814,-6.875954498922605,3.606409290232505e-4,0.0073839702077980775,0.7075250514548532,miscanthus_sinensis_ssp_transmorrisonensis_6wks vs control_15wks,TRUE
7,-5.3852153855115965,28.15824564901153,-6.838818475680633,3.7193933037662585e-4,0.007551306068822925,0.6810669284163469,miscanthus_sinensis_ssp_transmorrisonensis_6wks vs control_15wks,TRUE
1931,4.750162774599136,18.876619522062445,6.766517893870931,3.9511260164078605e-4,0.007954933713034492,0.6290606577822961,miscanthus_sinensis_ssp_transmorrisonensis_6wks vs control_15wks,TRUE
1152,4.605655938902856,19.163077901114328,6.7509843234957,4.0030330862499873e-4,0.007992833005272702,0.617801308258926,miscanthus_sinensis_ssp_transmorrisonensis_6wks vs control_15wks,TRUE
1992,-5.26524847539153,21.18523776573153,-6.7320200558096515,4.0674598920678313e-4,0.008054904179701542,0.6040137657489328,miscanthus_sinensis_ssp_transmorrisonensis_6wks vs control_15wks,TRUE
2659,-4.4891756076701235,21.131572324572357,-6.6897296735906755,4.215428518820185e-4,0.008218052025666396,0.5731024472231905,miscanthus_sinensis_ssp_transmorrisonensis_6wks vs control_15wks,TRUE
133,-7.662355193661934,22.70508918656273,-6.689044892177079,4.217874384034077e-4,0.008218052025666396,0.5726000376174918,miscanthus_sinensis_ssp_transmorrisonensis_6wks vs control_15wks,TRUE
3033,3.589015664162332,19.31215034401128,6.67375728279472,4.272900620828458e-4,0.008258662319937243,0.5613681697443065,miscanthus_sinensis_ssp_transmorrisonensis_6wks vs control_15wks,TRUE
1393,-5.448728884858653,23.11814025959059,-6.662254428380245,4.3148428735399985e-4,0.008273539986089394,0.5528971631273834,miscanthus_sinensis_ssp_transmorrisonensis_6wks vs control_15wks,TRUE
502,-6.642556467861315,21.62851383806293,-6.6405969539672105,4.395089274721947e-4,0.00836105172262065,0.536901714099776,miscanthus_sinensis_ssp_transmorrisonensis_6wks vs control_15wks,TRUE
1639,5.6424631693315135,19.75301122255673,6.628770480177426,4.4396254808192983e-4,0.008379793095046426,0.5281414901427617,miscanthus_sinensis_ssp_transmorrisonensis_6wks vs control_15wks,TRUE
1213,-5.922499401965972,20.733653670546158,-6.595370522239636,4.56820184844758e-4,0.008555640051046011,0.5033030625565962,miscanthus_sinensis_ssp_transmorrisonensis_6wks vs control_15wks,TRUE
3198,-6.034120160521649,20.77844257650438,-6.5457051401569855,4.7673049226273516e-4,0.008797081814057752,0.4660991767839935,miscanthus_sinensis_ssp_transmorrisonensis_6wks vs control_15wks,TRUE
1190,5.8373403163486515,19.944420733692514,6.54506352651834,4.769940884278003e-4,0.008797081814057752,0.4656164312600115,miscanthus_sinensis_ssp_transmorrisonensis_6wks vs control_15wks,TRUE
41,7.015572662078373,20.948643583178384,6.503309712560964,4.945097733642626e-4,0.009051027367030746,0.4340843225719162,miscanthus_sinensis_ssp_transmorrisonensis_6wks vs control_15wks,TRUE
9165,3.6712772559383815,18.536441036742353,6.482454149854676,5.035318177892135e-4,0.00914686369758451,0.4182478733110484,miscanthus_sinensis_ssp_transmorrisonensis_6wks vs control_15wks,TRUE
1463,-6.600465046494566,21.124041015450803,-6.45436928895745,5.159784663487968e-4,0.009246053814922385,0.3968303667717983,miscanthus_sinensis_ssp_transmorrisonensis_6wks vs control_15wks,TRUE
2564,-4.484376058493801,20.78725769702381,-6.447064842156225,5.192727172807784e-4,0.009246053814922385,0.39124271855734793,miscanthus_sinensis_ssp_transmorrisonensis_6wks vs control_15wks,TRUE
203,-5.81029088688182,22.251384537162266,-6.441164657862189,5.219511183596937e-4,0.009246053814922385,0.38672406165183215,miscanthus_sinensis_ssp_transmorrisonensis_6wks vs control_15wks,TRUE
1040,-4.005473569494242,24.119443206894005,-6.436018102215036,5.24300237021675e-4,0.009246053814922385,0.38277875743553036,miscanthus_sinensis_ssp_transmorrisonensis_6wks vs control_15wks,TRUE
1756,-3.2415447193117615,19.587151446419814,-6.40228346939885,5.399991521362511e-4,0.00939222465363983,0.3568298585412881,miscanthus_sinensis_ssp_transmorrisonensis_6wks vs control_15wks,TRUE
2619,-3.9526045851007154,20.52633954794878,-6.398868347055842,5.416179952278047e-4,0.00939222465363983,0.35419436875346655,miscanthus_sinensis_ssp_transmorrisonensis_6wks vs control_15wks,TRUE
567,-6.761160435526794,22.273981660447564,-6.393337547809857,5.442514286049571e-4,0.00939222465363983,0.3499228413578104,miscanthus_sinensis_ssp_transmorrisonensis_6wks vs control_15wks,TRUE
505,3.7861012317066027,18.468609290268805,6.361915835311612,5.59491577460128e-4,0.009586749298891271,0.3255766473182007,miscanthus_sinensis_ssp_transmorrisonensis_6wks vs control_15wks,TRUE
62,-3.6592741658690535,26.136237477752125,-6.3453462719122,5.677230699475275e-4,0.009627333802786754,0.3126841445685873,miscanthus_sinensis_ssp_transmorrisonensis_6wks vs control_15wks,TRUE
2310,4.954335826101886,19.686936590772103,6.340496244594518,5.701584551539989e-4,0.009627333802786754,0.3089033337779439,miscanthus_sinensis_ssp_transmorrisonensis_6wks vs control_15wks,TRUE
1232,5.274137330895648,18.97369167495972,6.32712737717182,5.769331586997265e-4,0.009627333802786754,0.29846506514224025,miscanthus_sinensis_ssp_transmorrisonensis_6wks vs control_15wks,TRUE
2296,-4.742033281511095,20.791109404167564,-6.325430805640396,5.7779942111096e-4,0.009627333802786754,0.2971386514481855,miscanthus_sinensis_ssp_transmorrisonensis_6wks vs control_15wks,TRUE
1768,5.577224495664655,19.79545690557897,6.305155630049372,5.882670067371656e-4,0.009724975807215815,0.28125656828765067,miscanthus_sinensis_ssp_transmorrisonensis_6wks vs control_15wks,TRUE
4968,-3.4743695918083155,20.437151862891245,-6.294550755165406,5.938277454478303e-4,0.009724975807215815,0.27292699200517045,miscanthus_sinensis_ssp_transmorrisonensis_6wks vs control_15wks,TRUE
1699,4.840687018589314,19.225542328518166,6.290938871514612,5.957352729585848e-4,0.009724975807215815,0.27008651107893744,miscanthus_sinensis_ssp_transmorrisonensis_6wks vs control_15wks,TRUE
1740,4.305718556888518,18.79133858787036,6.256741648575014,6.141447215568536e-4,0.009927800864518057,0.24310365388892397,miscanthus_sinensis_ssp_transmorrisonensis_6wks vs control_15wks,TRUE
5526,-3.308473640817443,19.106711170418578,-6.252671785670404,6.163783649328264e-4,0.009927800864518057,0.23988160589009677,miscanthus_sinensis_ssp_transmorrisonensis_6wks vs control_15wks,TRUE
4575,-3.8013832159144805,20.35705558191946,-6.228848259184626,6.296398391521001e-4,0.010074237426433602,0.2209747320916282,miscanthus_sinensis_ssp_transmorrisonensis_6wks vs control_15wks,TRUE
734,-3.7834603858390246,22.460191759847355,-6.187952518096954,6.531671325329745e-4,0.010338712267432612,0.18833440647310518,miscanthus_sinensis_ssp_transmorrisonensis_6wks vs control_15wks,TRUE
2418,-3.895669753930086,21.091332089806247,-6.185298649788324,6.547280533597639e-4,0.010338712267432612,0.18620816990897016,miscanthus_sinensis_ssp_transmorrisonensis_6wks vs control_15wks,TRUE
460,-5.903132098743601,23.051075796960237,-6.15497180994013,6.728692690550173e-4,0.01055618281842157,0.16184047108990107,miscanthus_sinensis_ssp_transmorrisonensis_6wks vs control_15wks,TRUE
5152,-3.530450029028369,19.923673389588842,-6.1400165211322415,6.820249437155486e-4,0.010630788800108164,0.1497761096387462,miscanthus_sinensis_ssp_transmorrisonensis_6wks vs control_15wks,TRUE
2433,-3.8709271803489607,20.652404035830692,-6.108553523325424,7.017520357463552e-4,0.0108681597330974,0.12429163122160247,miscanthus_sinensis_ssp_transmorrisonensis_6wks vs control_15wks,TRUE
1233,-5.787829034971736,20.80875033624506,-6.0770207501960005,7.221749534590679e-4,0.01111321457042744,0.09860933114706771,miscanthus_sinensis_ssp_transmorrisonensis_6wks vs control_15wks,TRUE
1671,-3.1316542698967105,21.971892211096662,-6.059102189279316,7.340803252365593e-4,0.011160767752877353,0.08395198811130289,miscanthus_sinensis_ssp_transmorrisonensis_6wks vs control_15wks,TRUE
1254,4.65854505527836,19.119914618807172,6.0584703575074155,7.345041691670112e-4,0.011160767752877353,0.08343431110613597,miscanthus_sinensis_ssp_transmorrisonensis_6wks vs control_15wks,TRUE
501,-6.6872664854009365,21.80685152692997,-6.0212338823761185,7.599802667954065e-4,0.011408901509187714,0.05282407041318127,miscanthus_sinensis_ssp_transmorrisonensis_6wks vs control_15wks,TRUE
1784,-3.167085691779281,23.552004977181674,-6.0208062286564985,7.602786187827905e-4,0.011408901509187714,0.05247135713596052,miscanthus_sinensis_ssp_transmorrisonensis_6wks vs control_15wks,TRUE
3139,-3.7062375755675987,21.168648014155064,-5.958662193025237,8.050795791469875e-4,0.011893733619834987,9.354505161311977e-4,miscanthus_sinensis_ssp_transmorrisonensis_6wks vs control_15wks,TRUE
1677,-4.720281764144239,21.157867084504392,-5.955894863341264,8.071431294500264e-4,0.011893733619834987,-0.001372553706446844,miscanthus_sinensis_ssp_transmorrisonensis_6wks vs control_15wks,TRUE
408,6.723582687258183,19.97765281276765,5.951122898616023,8.107155997022409e-4,0.011893733619834987,-0.0053550874297627615,miscanthus_sinensis_ssp_transmorrisonensis_6wks vs control_15wks,TRUE
3795,3.1318885630419366,18.7203447226409,5.94904207123242,8.122789930764788e-4,0.011893733619834987,-0.007092723072035234,miscanthus_sinensis_ssp_transmorrisonensis_6wks vs control_15wks,TRUE
910,-5.709137182710734,20.937909684529778,-5.939630964167418,8.193926730865295e-4,0.0119256186637172,-0.014959559957803847,miscanthus_sinensis_ssp_transmorrisonensis_6wks vs control_15wks,TRUE
1790,-4.978453531919605,20.635032461834736,-5.917825059254044,8.361483121266709e-4,0.012096612707173873,-0.03323719407979553,miscanthus_sinensis_ssp_transmorrisonensis_6wks vs control_15wks,TRUE
2052,-3.369138426738246,19.474223744164043,-5.910153171968387,8.421354531554087e-4,0.012110709850139689,-0.03968434530571319,miscanthus_sinensis_ssp_transmorrisonensis_6wks vs control_15wks,TRUE
820,-5.929857149606747,21.32358440545903,-5.893493029981442,8.553050594930116e-4,0.012227319667071693,-0.05371470590092109,miscanthus_sinensis_ssp_transmorrisonensis_6wks vs control_15wks,TRUE
1363,5.676937163235792,18.505403431603018,5.850259261353105,8.905829328207371e-4,0.01253641163131383,-0.09031537109212273,miscanthus_sinensis_ssp_transmorrisonensis_6wks vs control_15wks,TRUE
1520,4.133739928980933,20.393575335345716,5.848426576585833,8.921143812140782e-4,0.01253641163131383,-0.09187299986797992,miscanthus_sinensis_ssp_transmorrisonensis_6wks vs control_15wks,TRUE
2816,3.4163268309142047,18.350346788793722,5.847974174870032,8.924928810372429e-4,0.01253641163131383,-0.09225758030836584,miscanthus_sinensis_ssp_transmorrisonensis_6wks vs control_15wks,TRUE
4673,3.2231796795201433,18.393645720488127,5.817286100290431,9.185976674805545e-4,0.012828508466086817,-0.11841622810379615,miscanthus_sinensis_ssp_transmorrisonensis_6wks vs control_15wks,TRUE
558,-6.141822483309937,23.04991004095892,-5.799659571221725,9.339820727234744e-4,0.01296212735331293,-0.13350472258658197,miscanthus_sinensis_ssp_transmorrisonensis_6wks vs control_15wks,TRUE
4599,-3.629430156332493,20.01112594030793,-5.785857772445591,9.462320405557137e-4,0.01296212735331293,-0.14535169304819018,miscanthus_sinensis_ssp_transmorrisonensis_6wks vs control_15wks,TRUE
1844,-3.064748697841921,22.03122651675506,-5.779906393072334,9.515703150219777e-4,0.01296212735331293,-0.15046896613200111,miscanthus_sinensis_ssp_transmorrisonensis_6wks vs control_15wks,TRUE
364,4.522032778301302,19.783632752180658,5.777453335275616,9.537805775851176e-4,0.01296212735331293,-0.15257976840541865,miscanthus_sinensis_ssp_transmorrisonensis_6wks vs control_15wks,TRUE
1419,-5.908142078599376,20.88098397966812,-5.776112485507743,9.549911708980552e-4,0.01296212735331293,-0.15373392253678375,miscanthus_sinensis_ssp_transmorrisonensis_6wks vs control_15wks,TRUE
3413,3.676182265118797,18.865355446984434,5.7568414349199175,9.725836966517466e-4,0.013127163190562122,-0.17035162962735662,miscanthus_sinensis_ssp_transmorrisonensis_6wks vs control_15wks,TRUE
4099,3.9867258906846494,18.772564922478736,5.727917725146024,9.996809125991496e-4,0.013417939360219698,-0.1953981597483656,miscanthus_sinensis_ssp_transmorrisonensis_6wks vs control_15wks,TRUE
5552,3.7928224764124714,18.499740619080693,5.714669706200882,0.001012376862295997,0.013513273476834965,-0.20691260100901143,miscanthus_sinensis_ssp_transmorrisonensis_6wks vs control_15wks,TRUE
952,-5.316862733084214,21.361863504811343,-5.667816135012097,0.0010587639779500516,0.014042757058590195,-0.2478493261890975,miscanthus_sinensis_ssp_transmorrisonensis_6wks vs control_15wks,TRUE
2930,4.1007628610797155,18.39068617845378,5.662997880827281,0.0010636690983948699,0.014042757058590195,-0.25207811634055854,miscanthus_sinensis_ssp_transmorrisonensis_6wks vs control_15wks,TRUE
335,-5.546914006970926,23.560978871587388,-5.638245775258312,0.0010892761459881026,0.01424573960687695,-0.2738581455624063,miscanthus_sinensis_ssp_transmorrisonensis_6wks vs control_15wks,TRUE
832,3.738856850370702,19.599348780671,5.6367585070589925,0.0010908368490365214,0.01424573960687695,-0.27516982744161744,miscanthus_sinensis_ssp_transmorrisonensis_6wks vs control_15wks,TRUE
3442,3.550900058755502,18.20374790933146,5.618643568605469,0.0011100506017921604,0.014418721795321825,-0.2911734415976728,miscanthus_sinensis_ssp_transmorrisonensis_6wks vs control_15wks,TRUE
739,4.031453104673776,18.759213201347336,5.598036159862414,0.0011323748070666245,0.014536891422817975,-0.30944054227497997,miscanthus_sinensis_ssp_transmorrisonensis_6wks vs control_15wks,TRUE
2243,-3.5057522343236585,20.637172735604903,-5.597022048899569,0.0011334864367889325,0.014536891422817975,-0.31034117819799256,miscanthus_sinensis_ssp_transmorrisonensis_6wks vs control_15wks,TRUE
93,-7.326694137492808,22.668589994384313,-5.59364341855962,0.0011371988737221015,0.014536891422817975,-0.31334290102313034,miscanthus_sinensis_ssp_transmorrisonensis_6wks vs control_15wks,TRUE
3350,-5.206444678452311,20.657524742350134,-5.586893436791556,0.0011446569855048168,0.01455521724726125,-0.31934517096751325,miscanthus_sinensis_ssp_transmorrisonensis_6wks vs control_15wks,TRUE
1177,-4.142833737837741,21.25679415683799,-5.569006166074185,0.0011646896188876514,0.014723486547807661,-0.33528518063445567,miscanthus_sinensis_ssp_transmorrisonensis_6wks vs control_15wks,TRUE
769,4.398873643916538,19.517972308776674,5.562830627894755,0.0011716976277642858,0.014723486547807661,-0.340799966614437,miscanthus_sinensis_ssp_transmorrisonensis_6wks vs control_15wks,TRUE
2432,-3.5639692527106774,20.548774909077434,-5.55890906493651,0.001176172559489602,0.014723486547807661,-0.34430501965122584,miscanthus_sinensis_ssp_transmorrisonensis_6wks vs control_15wks,TRUE
4074,4.111941315218306,18.96883476130023,5.547691411784182,0.0011890801440693885,0.014792089875718544,-0.35434445943954707,miscanthus_sinensis_ssp_transmorrisonensis_6wks vs control_15wks,TRUE
1187,5.901246173790927,19.780748240936255,5.540412982136674,0.0011975406728457392,0.014792089875718544,-0.3608689084760348,miscanthus_sinensis_ssp_transmorrisonensis_6wks vs control_15wks,TRUE
3126,-2.8510252143292334,19.55103838541136,-5.538290610328283,0.0012000205362751799,0.014792089875718544,-0.36277297742961245,miscanthus_sinensis_ssp_transmorrisonensis_6wks vs control_15wks,TRUE
11852,-2.7681487139946874,19.031075080058024,-5.531757654678727,0.0012076903966808385,0.014811065981628964,-0.36863837981929315,miscanthus_sinensis_ssp_transmorrisonensis_6wks vs control_15wks,TRUE
2327,-3.9516834669461822,21.52422383013076,-5.523347402731699,0.0012176459327763692,0.01485774027064499,-0.3761990691414381,miscanthus_sinensis_ssp_transmorrisonensis_6wks vs control_15wks,TRUE
8725,3.116136064291098,18.215924357687552,5.505012671233279,0.0012396725097010893,0.015050496399185084,-0.3927200842973235,miscanthus_sinensis_ssp_transmorrisonensis_6wks vs control_15wks,TRUE
7249,-2.74677386988834,19.656297009291034,-5.497044885803053,0.0012493847094684912,0.015092567290379375,-0.3999161034778673,miscanthus_sinensis_ssp_transmorrisonensis_6wks vs control_15wks,TRUE
3901,3.982283312867647,18.233779508919326,5.486759566284933,0.0012620491625653454,0.01514693370547862,-0.4092199203172857,miscanthus_sinensis_ssp_transmorrisonensis_6wks vs control_15wks,TRUE
181,-5.2182613092728865,23.350217651315283,-5.480940296494861,0.0012692786998603882,0.01514693370547862,-0.4144912392160629,miscanthus_sinensis_ssp_transmorrisonensis_6wks vs control_15wks,TRUE
2245,-4.2322490601912435,20.780253439105028,-5.478204609899018,0.0012726935191275496,0.01514693370547862,-0.4169711712057893,miscanthus_sinensis_ssp_transmorrisonensis_6wks vs control_15wks,TRUE
1415,-5.0538532589559715,20.670146715345012,-5.4680638795041645,0.0012854425027404482,0.015179094468628043,-0.4261741466250326,miscanthus_sinensis_ssp_transmorrisonensis_6wks vs control_15wks,TRUE
2829,-5.887534641288681,20.479950554794396,-5.466073872422064,0.0012879612442337537,0.015179094468628043,-0.4279820322847776,miscanthus_sinensis_ssp_transmorrisonensis_6wks vs control_15wks,TRUE
4769,-3.065504201683332,19.708342429719508,-5.453675278202372,0.0013037801845656473,0.015290936533546622,-0.4392600102298374,miscanthus_sinensis_ssp_transmorrisonensis_6wks vs control_15wks,TRUE
901,6.050791278556957,20.273210592106146,5.404452073278156,0.0013687835129406918,0.015768531804819973,-0.48427439868784905,miscanthus_sinensis_ssp_transmorrisonensis_6wks vs control_15wks,TRUE
275,-3.0466408295426923,24.376516443205645,-5.403725774618929,0.0013697696600067687,0.015768531804819973,-0.48494147570468016,miscanthus_sinensis_ssp_transmorrisonensis_6wks vs control_15wks,TRUE
3029,-4.022860977351563,19.880295224373295,-5.403419328553384,0.0013701859840348123,0.015768531804819973,-0.4852229596621829,miscanthus_sinensis_ssp_transmorrisonensis_6wks vs control_15wks,TRUE
2586,-5.016833097355498,20.635433496847178,-5.4031079623209335,0.0013706091386639877,0.015768531804819973,-0.4855089783163731,miscanthus_sinensis_ssp_transmorrisonensis_6wks vs control_15wks,TRUE
218,-4.007399958191328,24.60416067200732,-5.394074902034093,0.0013829497407018205,0.01580704455420334,-0.49381340014371755,miscanthus_sinensis_ssp_transmorrisonensis_6wks vs control_15wks,TRUE
4508,2.8836583828228832,18.587210063965337,5.391099531646715,0.0013870419890277764,0.01580704455420334,-0.4965516134190011,miscanthus_sinensis_ssp_transmorrisonensis_6wks vs control_15wks,TRUE
3592,-4.457881372381234,19.89033100841889,-5.370689072905835,0.0014154852325768885,0.016055456910355693,-0.5153733092440582,miscanthus_sinensis_ssp_transmorrisonensis_6wks vs control_15wks,TRUE
2495,4.358696563958354,18.924463224108145,5.329168087223356,0.0014754019037747058,0.01665687382953126,-0.5538680975537469,miscanthus_sinensis_ssp_transmorrisonensis_6wks vs control_15wks,TRUE
3450,-3.906421843914547,19.591521093088335,-5.318421705388834,0.0014913719367282664,0.016752475858254883,-0.5638763552377002,miscanthus_sinensis_ssp_transmorrisonensis_6wks vs control_15wks,TRUE
13815,2.5860893138996275,17.542475488212357,5.312165792005029,0.001500758488728349,0.016752475858254883,-0.569711141586974,miscanthus_sinensis_ssp_transmorrisonensis_6wks vs control_15wks,TRUE
7062,3.079207788981247,19.88769403327733,5.307096312145579,0.0015084137664548465,0.016752475858254883,-0.5744439893432958,miscanthus_sinensis_ssp_transmorrisonensis_6wks vs control_15wks,TRUE
2584,3.854691701502258,19.15779231700692,5.303473253186061,0.0015139118275936732,0.016752475858254883,-0.5778290043475467,miscanthus_sinensis_ssp_transmorrisonensis_6wks vs control_15wks,TRUE
5855,-3.3354425802846954,19.148973948572742,-5.300435023880575,0.0015185398232441304,0.016752475858254883,-0.5806692479033195,miscanthus_sinensis_ssp_transmorrisonensis_6wks vs control_15wks,TRUE
1469,4.062187075984447,19.088483812006377,5.288263264688303,0.001537241158503488,0.01688170290429285,-0.5920627910652154,miscanthus_sinensis_ssp_transmorrisonensis_6wks vs control_15wks,TRUE
6491,2.661912984856489,19.104183632420803,5.276705261235685,0.0015552401664887883,0.016908923050481514,-0.6029040017384908,miscanthus_sinensis_ssp_transmorrisonensis_6wks vs control_15wks,TRUE
3386,-4.0861313650067,20.315102048357573,-5.273471247169732,0.0015603188752688444,0.016908923050481514,-0.6059413256075699,miscanthus_sinensis_ssp_transmorrisonensis_6wks vs control_15wks,TRUE
11754,3.241098052355344,18.59551539986797,5.273218871086911,0.0015607159934840139,0.016908923050481514,-0.6061784236722731,miscanthus_sinensis_ssp_transmorrisonensis_6wks vs control_15wks,TRUE
11722,2.969868539602299,18.12625727282066,5.25240785471356,0.001593857982043767,0.01710280902388566,-0.6257651679534861,miscanthus_sinensis_ssp_transmorrisonensis_6wks vs control_15wks,TRUE
1672,5.361600456621886,19.985751991394796,5.249984663037255,0.0015977682648120595,0.01710280902388566,-0.6280503797672123,miscanthus_sinensis_ssp_transmorrisonensis_6wks vs control_15wks,TRUE
2183,3.6276740290348286,18.649254110322126,5.248698048290188,0.0015998488573667879,0.01710280902388566,-0.6292641209191325,miscanthus_sinensis_ssp_transmorrisonensis_6wks vs control_15wks,TRUE
1283,-4.928555643773187,20.59765722665784,-5.238591011814547,0.001616299630641548,0.0171636838951415,-0.6388080639617355,miscanthus_sinensis_ssp_transmorrisonensis_6wks vs control_15wks,TRUE
1928,2.5440156716375633,21.619375428086034,5.234381055747755,0.0016232081632856909,0.0171636838951415,-0.6427883768903913,miscanthus_sinensis_ssp_transmorrisonensis_6wks vs control_15wks,TRUE
2345,4.260743080839955,18.516926051616224,5.232166378110082,0.0016268557996636606,0.0171636838951415,-0.6448834081237784,miscanthus_sinensis_ssp_transmorrisonensis_6wks vs control_15wks,TRUE
5884,3.5104908641023975,18.25602917051733,5.216500157080483,0.0016529238554447551,0.017362887107628382,-0.6597261130968306,miscanthus_sinensis_ssp_transmorrisonensis_6wks vs control_15wks,TRUE
7791,-2.789870792231291,19.3150075675507,-5.197309457389875,0.0016855001491969564,0.017628434460865136,-0.677962658274204,miscanthus_sinensis_ssp_transmorrisonensis_6wks vs control_15wks,TRUE
1457,2.780860322232652,21.88024220055653,5.18476328703294,0.0017071881713894691,0.017778304405504125,-0.6899176230732484,miscanthus_sinensis_ssp_transmorrisonensis_6wks vs control_15wks,TRUE
3348,4.856926253178916,18.946538545740943,5.175503756534603,0.0017233963710012168,0.01787006709158343,-0.6987573751805156,miscanthus_sinensis_ssp_transmorrisonensis_6wks vs control_15wks,TRUE
135,-8.00166124187696,22.08299951816783,-5.161327422019742,0.0017485480057963122,0.018053384538478164,-0.7123183080577693,miscanthus_sinensis_ssp_transmorrisonensis_6wks vs control_15wks,TRUE
3127,3.645542812920329,18.366282241508436,5.1544212354105206,0.0017609505026833006,0.01809363127457535,-0.718936663859238,miscanthus_sinensis_ssp_transmorrisonensis_6wks vs control_15wks,TRUE
145,-4.324912706642834,21.008512291177958,-5.150838127563655,0.0017674242470197778,0.01809363127457535,-0.7223735307710628,miscanthus_sinensis_ssp_transmorrisonensis_6wks vs control_15wks,TRUE
4455,3.4260103837920006,18.348688383157423,5.134643705344333,0.001797019571100082,0.01821334826557665,-0.7379333823832885,miscanthus_sinensis_ssp_transmorrisonensis_6wks vs control_15wks,TRUE
2861,-3.7021957322587937,20.633967996759264,-5.133852380209353,0.0017984799520095202,0.01821334826557665,-0.7386948082037978,miscanthus_sinensis_ssp_transmorrisonensis_6wks vs control_15wks,TRUE
677,-3.724853536526137,22.57573875853886,-5.132091534045743,0.0018017343689870943,0.01821334826557665,-0.7403894936775517,miscanthus_sinensis_ssp_transmorrisonensis_6wks vs control_15wks,TRUE
782,-5.117917956448792,23.511736539928087,-5.127366621296337,0.001810499820317817,0.018225698191199357,-0.7449394058812349,miscanthus_sinensis_ssp_transmorrisonensis_6wks vs control_15wks,TRUE
7075,-4.0913330018482235,18.822412723478635,-5.118082324857915,0.0018278638386145544,0.018324145369679516,-0.7538905760025676,miscanthus_sinensis_ssp_transmorrisonensis_6wks vs control_15wks,TRUE
3624,4.100795786977361,18.813069507021826,5.1119186499997165,0.0018394950117429736,0.01836454524120258,-0.7598409661565952,miscanthus_sinensis_ssp_transmorrisonensis_6wks vs control_15wks,TRUE
3748,-3.0866358840054815,20.64183287746948,-5.101081733775942,0.0018601473855355715,0.018494304870180823,-0.7703181346864953,miscanthus_sinensis_ssp_transmorrisonensis_6wks vs control_15wks,TRUE
3244,4.101420865670985,19.216533882024642,5.079241276198107,0.0019025674532475235,0.01883853675018859,-0.7914927248496122,miscanthus_sinensis_ssp_transmorrisonensis_6wks vs control_15wks,TRUE
2378,4.014025794639355,18.92623559367375,5.071548832872136,0.0019177666150310979,0.01884130502338066,-0.7989695046989285,miscanthus_sinensis_ssp_transmorrisonensis_6wks vs control_15wks,TRUE
4923,-3.063958589856412,19.83661322586983,-5.071207530672515,0.0019184441373144216,0.01884130502338066,-0.7993014661606992,miscanthus_sinensis_ssp_transmorrisonensis_6wks vs control_15wks,TRUE
5599,3.3778853756256417,19.070036258710402,5.036912660968798,0.001987916485096439,0.019397946793339282,-0.8327566629412004,miscanthus_sinensis_ssp_transmorrisonensis_6wks vs control_15wks,TRUE
1665,3.646014384911588,18.60999429303159,5.031895217728716,0.001998315827382196,0.019397946793339282,-0.8376677090624485,miscanthus_sinensis_ssp_transmorrisonensis_6wks vs control_15wks,TRUE
2956,3.324193597909975,17.689537094459236,5.024520954150253,0.002013711225722773,0.019397946793339282,-0.8448932326133818,miscanthus_sinensis_ssp_transmorrisonensis_6wks vs control_15wks,TRUE
1334,3.8450333658663958,18.539252983808048,5.024238566650466,0.0020143034177616246,0.019397946793339282,-0.8451701050431275,miscanthus_sinensis_ssp_transmorrisonensis_6wks vs control_15wks,TRUE
1280,3.7438138785544233,18.462028947811433,5.023779364949881,0.0020152668233146356,0.019397946793339282,-0.8456203669397757,miscanthus_sinensis_ssp_transmorrisonensis_6wks vs control_15wks,TRUE
5494,3.276335064298312,18.755608350000422,5.01993826893738,0.002023345770736558,0.019398426119442556,-0.8493880653174184,miscanthus_sinensis_ssp_transmorrisonensis_6wks vs control_15wks,TRUE
2261,3.546759422746657,18.839356426787692,5.007365233434883,0.0020500463303146973,0.01957672701201703,-0.8617381188626405,miscanthus_sinensis_ssp_transmorrisonensis_6wks vs control_15wks,TRUE
341,-2.5696769255865277,19.623546317111224,-4.982143775618151,0.0021048104506796537,0.02002055924740962,-0.8865921708663427,miscanthus_sinensis_ssp_transmorrisonensis_6wks vs control_15wks,TRUE
3574,-2.9960405049726795,20.4248875746093,-4.950860524044414,0.0021750349974388084,0.020607390407106515,-0.9175682515555685,miscanthus_sinensis_ssp_transmorrisonensis_6wks vs control_15wks,TRUE
1985,3.637252756701283,18.946963590285378,4.940537008276243,0.0021987840050820898,0.020714724746133967,-0.9278265830313455,miscanthus_sinensis_ssp_transmorrisonensis_6wks vs control_15wks,TRUE
5305,3.1058423255608076,17.848316099444233,4.938097731187007,0.002204437967300588,0.020714724746133967,-0.9302530848142077,miscanthus_sinensis_ssp_transmorrisonensis_6wks vs control_15wks,TRUE
2637,3.2039721831890517,18.626293967795164,4.9348094576897,0.002212085672393445,0.020714724746133967,-0.9335257264837535,miscanthus_sinensis_ssp_transmorrisonensis_6wks vs control_15wks,TRUE
3509,-3.6985513880537724,19.988879766394625,-4.927725790861761,0.002228661989778597,0.020789372074537026,-0.9405819242255333,miscanthus_sinensis_ssp_transmorrisonensis_6wks vs control_15wks,TRUE
193,2.853924859960884,23.397177432794727,4.922590950784764,0.0022407651419286646,0.02082187916499867,-0.9457021542674369,miscanthus_sinensis_ssp_transmorrisonensis_6wks vs control_15wks,TRUE
4460,-3.5113870763969075,19.688442766146764,-4.9171710161513165,0.002253620434743294,0.020861099503217618,-0.9511115049356986,miscanthus_sinensis_ssp_transmorrisonensis_6wks vs control_15wks,TRUE
7172,2.6658886899852625,18.748650413880725,4.912708694251741,0.002264266602228089,0.02087964927856131,-0.9555688436699015,miscanthus_sinensis_ssp_transmorrisonensis_6wks vs control_15wks,TRUE
6464,2.756965178660579,18.247480163819475,4.8999441034866305,0.0022950334430242077,0.021082892769378275,-0.9683377982833861,miscanthus_sinensis_ssp_transmorrisonensis_6wks vs control_15wks,TRUE
3227,3.401957982741269,19.037766462352735,4.8917181428993075,0.002315109370972552,0.02117608442450667,-0.9765812036058916,miscanthus_sinensis_ssp_transmorrisonensis_6wks vs control_15wks,TRUE
637,3.0320106810871934,23.302492677101252,4.886160725552225,0.0023287841660731023,0.02117608442450667,-0.9821569038248121,miscanthus_sinensis_ssp_transmorrisonensis_6wks vs control_15wks,TRUE
9682,-2.9778762856229584,19.109415479416352,-4.8850723500704545,0.0023314728712412144,0.02117608442450667,-0.9832494736920987,miscanthus_sinensis_ssp_transmorrisonensis_6wks vs control_15wks,TRUE
1171,3.50872119823034,19.30438410885304,4.8623450764147895,0.0023884219243875734,0.021612087525544485,-1.006110313306852,miscanthus_sinensis_ssp_transmorrisonensis_6wks vs control_15wks,TRUE
1289,-4.62369716056212,21.29608964654377,-4.830419971618446,0.002471074268640992,0.022276550123271035,-1.038371529659397,miscanthus_sinensis_ssp_transmorrisonensis_6wks vs control_15wks,TRUE
356,-2.6619331802149446,23.527108044469706,-4.826598448577409,0.002481181293243962,0.022284513027797073,-1.0422449343838531,miscanthus_sinensis_ssp_transmorrisonensis_6wks vs control_15wks,TRUE
5223,-3.2346598878552957,17.884157790627206,-4.8094014819486555,0.002527240855297985,0.022551842638615434,-1.0597062428808615,miscanthus_sinensis_ssp_transmorrisonensis_6wks vs control_15wks,TRUE
151,-7.511146480060059,23.748668711704973,-4.808524684594247,0.002529614799281781,0.022551842638615434,-1.0605978723281027,miscanthus_sinensis_ssp_transmorrisonensis_6wks vs control_15wks,TRUE
2300,-3.555265992035906,20.06305941532967,-4.794459274218692,0.002568041088780696,0.02281024731799324,-1.074919197574939,miscanthus_sinensis_ssp_transmorrisonensis_6wks vs control_15wks,TRUE
635,2.6090959195111445,18.18699042611398,4.78267611321418,0.0026007366988677013,0.02296754830482639,-1.0869428289195406,miscanthus_sinensis_ssp_transmorrisonensis_6wks vs control_15wks,TRUE
186,3.7468712112776252,19.215373127268634,4.781236450083019,0.0026047633425175624,0.02296754830482639,-1.0884135040330793,miscanthus_sinensis_ssp_transmorrisonensis_6wks vs control_15wks,TRUE
2297,-4.8902616437116215,20.17730467234873,-4.752058492727435,0.0026878977166640257,0.023614403212582857,-1.1182966441438618,miscanthus_sinensis_ssp_transmorrisonensis_6wks vs control_15wks,TRUE
684,6.560038500163955,20.148994436178075,4.697687177473905,0.0028508696791422123,0.024955438930462263,-1.1743727750737998,miscanthus_sinensis_ssp_transmorrisonensis_6wks vs control_15wks,TRUE
12115,-2.643819652453935,18.35731322386278,-4.688933762900772,0.0028781278369480003,0.025063891485704638,-1.1834483056868192,miscanthus_sinensis_ssp_transmorrisonensis_6wks vs control_15wks,TRUE
3910,-2.9957601885692995,19.685270891285576,-4.6870578382125885,0.0028840073812193253,0.025063891485704638,-1.1853949849526098,miscanthus_sinensis_ssp_transmorrisonensis_6wks vs control_15wks,TRUE
6727,-2.5181831635276524,19.89999574379461,-4.681633716233136,0.0029010835454778695,0.025121927762991155,-1.19102711166156,miscanthus_sinensis_ssp_transmorrisonensis_6wks vs control_15wks,TRUE
1,-3.203926295553668,30.982216362033668,-4.675542808889453,0.0029203939805568266,0.025198828060804618,-1.1973576574843667,miscanthus_sinensis_ssp_transmorrisonensis_6wks vs control_15wks,TRUE
2791,-4.498470875956645,19.750084592465726,-4.644461683337207,0.0030212010208731173,0.025975877816474917,-1.2297616233114788,miscanthus_sinensis_ssp_transmorrisonensis_6wks vs control_15wks,TRUE
4329,-3.508396519614756,20.313507589089017,-4.641036332735897,0.003032546944501253,0.025980969567074567,-1.2333430001539964,miscanthus_sinensis_ssp_transmorrisonensis_6wks vs control_15wks,TRUE
1227,3.3803929403210624,18.716380685274427,4.627929637463086,0.0030764032685624354,0.026212258003318518,-1.2470655055717126,miscanthus_sinensis_ssp_transmorrisonensis_6wks vs control_15wks,TRUE
642,-4.835758234081332,21.328459560659216,-4.624034231446402,0.0030895741867173155,0.026212258003318518,-1.2511496822996735,miscanthus_sinensis_ssp_transmorrisonensis_6wks vs control_15wks,TRUE
2334,3.5337155024977456,19.77037129376305,4.622883637116136,0.0030934765719566075,0.026212258003318518,-1.2523565382822825,miscanthus_sinensis_ssp_transmorrisonensis_6wks vs control_15wks,TRUE
736,-5.459446715417826,21.83705644073661,-4.619484725786735,0.003105036657706947,0.026212258003318518,-1.2559229919914232,miscanthus_sinensis_ssp_transmorrisonensis_6wks vs control_15wks,TRUE
2188,3.818751175577539,19.17128418474267,4.616920293264969,0.0031137905823478535,0.026212258003318518,-1.2586151610921608,miscanthus_sinensis_ssp_transmorrisonensis_6wks vs control_15wks,TRUE
2578,-4.441624697087715,20.639304423404276,-4.603040138357345,0.0031616536081423207,0.02652276082386058,-1.2732065306063074,miscanthus_sinensis_ssp_transmorrisonensis_6wks vs control_15wks,TRUE
2184,5.199508967088814,19.44058518064841,4.593257431309416,0.00319588184613656,0.02671712989711394,-1.2835106253379553,miscanthus_sinensis_ssp_transmorrisonensis_6wks vs control_15wks,TRUE
1397,3.890834514296664,19.09364510914073,4.5433275755738265,0.0033771627157010466,0.02813525903839217,-1.336361195718692,miscanthus_sinensis_ssp_transmorrisonensis_6wks vs control_15wks,TRUE
70,8.33957871870026,22.06068719437092,4.52477885509775,0.00344741346605174,0.02855782951220837,-1.3561057265664127,miscanthus_sinensis_ssp_transmorrisonensis_6wks vs control_15wks,TRUE
9285,3.449822694546274,18.459210850539737,4.523706180255315,0.00345152575230333,0.02855782951220837,-1.3572493933499805,miscanthus_sinensis_ssp_transmorrisonensis_6wks vs control_15wks,TRUE
933,5.238551477947027,20.666395353747564,4.508435987480005,0.0035106650896438076,0.028852822464083834,-1.3735520083786463,miscanthus_sinensis_ssp_transmorrisonensis_6wks vs control_15wks,TRUE
1907,3.4526821147360387,18.785835602085637,4.508334051020646,0.0035110636607784134,0.028852822464083834,-1.373660973763669,miscanthus_sinensis_ssp_transmorrisonensis_6wks vs control_15wks,TRUE
8248,2.644416313752444,18.450959922621948,4.480605435468319,0.003621383499149276,0.029658517064219157,-1.4033690929919649,miscanthus_sinensis_ssp_transmorrisonensis_6wks vs control_15wks,TRUE
549,-3.1276674141701726,23.134241989971137,-4.460338077511035,0.0037044677104866495,0.030236466177485623,-1.42516846481072,miscanthus_sinensis_ssp_transmorrisonensis_6wks vs control_15wks,TRUE
3319,3.605827764433645,18.784201789850357,4.440860374297955,0.003786324822081037,0.03080054131362891,-1.4461863323756727,miscanthus_sinensis_ssp_transmorrisonensis_6wks vs control_15wks,TRUE
154,-7.721788747877969,21.908694373231867,-4.430384381569185,0.0038311848901612278,0.031060881525602435,-1.4575182136936906,miscanthus_sinensis_ssp_transmorrisonensis_6wks vs control_15wks,TRUE
11066,3.0831735720737896,18.625959970972964,4.416587986109106,0.0038911710413780105,0.03144170313033202,-1.4724711581396308,miscanthus_sinensis_ssp_transmorrisonensis_6wks vs control_15wks,TRUE
1429,-4.62681992412487,20.393169034229018,-4.391314948456429,0.0040037945251844625,0.032160072853960955,-1.4999495214519332,miscanthus_sinensis_ssp_transmorrisonensis_6wks vs control_15wks,TRUE
37,-3.72419656421312,26.761980298446918,-4.390673963924416,0.004006697818312189,0.032160072853960955,-1.5006478973275215,miscanthus_sinensis_ssp_transmorrisonensis_6wks vs control_15wks,TRUE
608,6.15390394175018,20.69782752245667,4.387373141325808,0.00402168588154112,0.03217348705232896,-1.5042454063898116,miscanthus_sinensis_ssp_transmorrisonensis_6wks vs control_15wks,TRUE
1299,-2.3283823154956025,22.604848250208263,-4.374338283202177,0.004081487317471364,0.03254413649838553,-1.5184705837247217,miscanthus_sinensis_ssp_transmorrisonensis_6wks vs control_15wks,TRUE
3591,-3.372421217308176,19.781054808914362,-4.356144548300218,0.004166621203939055,0.03311367377867354,-1.5383756831941886,miscanthus_sinensis_ssp_transmorrisonensis_6wks vs control_15wks,TRUE
3219,2.4582059654139883,17.887285602804557,4.352317236718395,0.004184781250701172,0.03314895574325912,-1.5425704160020777,miscanthus_sinensis_ssp_transmorrisonensis_6wks vs control_15wks,TRUE
1700,3.6122371096450507,20.59933967069166,4.334176317690713,0.004272065926927021,0.03371242883276716,-1.562487915278827,miscanthus_sinensis_ssp_transmorrisonensis_6wks vs control_15wks,TRUE
3667,-3.496868941021077,19.727756672276684,-4.331764431257119,0.004283822703501456,0.03371242883276716,-1.5651403642422093,miscanthus_sinensis_ssp_transmorrisonensis_6wks vs control_15wks,TRUE
7633,-2.3494745026215504,19.314862422631162,-4.310283239187968,0.004390138044538853,0.03443692699872035,-1.588809266134028,miscanthus_sinensis_ssp_transmorrisonensis_6wks vs control_15wks,TRUE
6403,-2.436941123118192,18.950280038436905,-4.302045099853142,0.004431687529183503,0.03464343828418381,-1.5979079520266195,miscanthus_sinensis_ssp_transmorrisonensis_6wks vs control_15wks,TRUE
251,-2.746144285780929,25.863092702779337,-4.2993956379040394,0.004445143157324909,0.03464343828418381,-1.600836713094842,miscanthus_sinensis_ssp_transmorrisonensis_6wks vs control_15wks,TRUE
8631,2.9997730294816733,18.17237287709803,4.29597532237483,0.004462580987359658,0.03466751017833098,-1.60461941673129,miscanthus_sinensis_ssp_transmorrisonensis_6wks vs control_15wks,TRUE
817,3.5861543751844778,18.67878590151467,4.290070166837404,0.004492866876588495,0.03479091786486476,-1.6111550815508657,miscanthus_sinensis_ssp_transmorrisonensis_6wks vs control_15wks,TRUE
354,-3.689270421873484,24.197766927554877,-4.277605657981507,0.004557548080975772,0.035134023326422445,-1.6249706194920321,miscanthus_sinensis_ssp_transmorrisonensis_6wks vs control_15wks,TRUE
10085,-2.2492320350157406,18.557084083085922,-4.275941938291171,0.004566259654179076,0.035134023326422445,-1.6268167396005166,miscanthus_sinensis_ssp_transmorrisonensis_6wks vs control_15wks,TRUE
7259,-3.695046977878107,19.669894295580285,-4.25763976760072,0.004663326861847055,0.03576697681975392,-1.6471576308806943,miscanthus_sinensis_ssp_transmorrisonensis_6wks vs control_15wks,TRUE
1872,4.920527226339697,19.646476739199827,4.243879613756757,0.004737817648225518,0.03622331467757231,-1.6624894117419409,miscanthus_sinensis_ssp_transmorrisonensis_6wks vs control_15wks,TRUE
949,-2.547760125976282,23.96298739331629,-4.2371934958877215,0.004774490234388756,0.03638854386840137,-1.6699512290683547,miscanthus_sinensis_ssp_transmorrisonensis_6wks vs control_15wks,TRUE
836,-4.885325197471442,21.476770243829865,-4.224532330495184,0.004844803601745575,0.036808319188104746,-1.684102869843584,miscanthus_sinensis_ssp_transmorrisonensis_6wks vs control_15wks,TRUE
1769,2.7482647928777055,18.242460260392814,4.221354736728648,0.004862630551817128,0.03682794800373098,-1.6876589628293672,miscanthus_sinensis_ssp_transmorrisonensis_6wks vs control_15wks,TRUE
4129,-4.940134917260252,20.16930294562047,-4.21500370539852,0.004898480165858469,0.03685820574524797,-1.6947718266114222,miscanthus_sinensis_ssp_transmorrisonensis_6wks vs control_15wks,TRUE
3437,3.3839673780705226,18.514654695813626,4.214347565986699,0.00490220059036682,0.03685820574524797,-1.6955070775194985,miscanthus_sinensis_ssp_transmorrisonensis_6wks vs control_15wks,TRUE
466,6.564168919383068,20.77676609424563,4.212101568215343,0.004914959594411848,0.03685820574524797,-1.698024451835745,miscanthus_sinensis_ssp_transmorrisonensis_6wks vs control_15wks,TRUE
5329,-3.258810256460965,19.301605986687992,-4.208124532444527,0.0049376429146188545,0.03685820574524797,-1.7024841990786026,miscanthus_sinensis_ssp_transmorrisonensis_6wks vs control_15wks,TRUE
785,-2.2490718619662786,18.83810894010804,-4.207204827758435,0.004942905075107758,0.03685820574524797,-1.7035159291841095,miscanthus_sinensis_ssp_transmorrisonensis_6wks vs control_15wks,TRUE
4387,-2.7963504076547707,19.925192932563753,-4.201239003916173,0.004977190771102022,0.03699967047071534,-1.7102120422307028,miscanthus_sinensis_ssp_transmorrisonensis_6wks vs control_15wks,TRUE
2187,3.0296397809078144,20.08016972976901,4.186020111960996,0.005065857668396173,0.037351670576225425,-1.7273222969940925,miscanthus_sinensis_ssp_transmorrisonensis_6wks vs control_15wks,TRUE
2604,-4.34266690684132,19.819901863892007,-4.185761553194706,0.00506737914993501,0.037351670576225425,-1.7276133410499224,miscanthus_sinensis_ssp_transmorrisonensis_6wks vs control_15wks,TRUE
1473,3.0363776623985714,18.301189392130553,4.1851597917910714,0.005070922164321995,0.037351670576225425,-1.7282907532510299,miscanthus_sinensis_ssp_transmorrisonensis_6wks vs control_15wks,TRUE
144,2.391933062860332,26.027769639649204,4.16978981470153,0.005162356369715631,0.03777498811465225,-1.745614584428007,miscanthus_sinensis_ssp_transmorrisonensis_6wks vs control_15wks,TRUE
6240,-2.225195427378509,20.220195297763492,-4.165513538873825,0.005188120123443775,0.03777498811465225,-1.7504418608942087,miscanthus_sinensis_ssp_transmorrisonensis_6wks vs control_15wks,TRUE
895,3.5004529075712014,18.996870393689175,4.165433051523575,0.005188606412288626,0.03777498811465225,-1.750532749945748,miscanthus_sinensis_ssp_transmorrisonensis_6wks vs control_15wks,TRUE
546,-3.5682809754622546,22.891794216282324,-4.164906869633283,0.005191786748429926,0.03777498811465225,-1.7511269605113569,miscanthus_sinensis_ssp_transmorrisonensis_6wks vs control_15wks,TRUE
3516,2.0475542684249746,21.341558519196212,4.16246583649843,0.005206569139974834,0.03777498811465225,-1.7538842257849918,miscanthus_sinensis_ssp_transmorrisonensis_6wks vs control_15wks,TRUE
7356,3.64877714923853,18.541284976727944,4.138002643450351,0.005357323331303956,0.038752374755779515,-1.7815744938382343,miscanthus_sinensis_ssp_transmorrisonensis_6wks vs control_15wks,TRUE
3120,-3.4694158474143073,19.628738218143994,-4.133537457703961,0.005385359856310054,0.03883889376968684,-1.786640068606391,miscanthus_sinensis_ssp_transmorrisonensis_6wks vs control_15wks,TRUE
7181,-2.260303401487544,19.325405437817086,-4.114272554315992,0.005508204521892296,0.03960661346693985,-1.8085355252663629,miscanthus_sinensis_ssp_transmorrisonensis_6wks vs control_15wks,TRUE
252,4.25221473148158,22.983645591680137,4.103586183494175,0.005577686406776668,0.03997693887449971,-1.820709212524056,miscanthus_sinensis_ssp_transmorrisonensis_6wks vs control_15wks,TRUE
2422,2.9082251913266894,17.81330859584069,4.099381839300832,0.0056052888680452875,0.03997693887449971,-1.825504212670066,miscanthus_sinensis_ssp_transmorrisonensis_6wks vs control_15wks,TRUE
7798,2.1914028211445533,18.132136638867642,4.097115773578383,0.005620228939413228,0.03997693887449971,-1.8280899192196554,miscanthus_sinensis_ssp_transmorrisonensis_6wks vs control_15wks,TRUE
2748,-5.439275422803853,19.912670337962663,-4.096258304252655,0.005625893715782245,0.03997693887449971,-1.8290685744706519,miscanthus_sinensis_ssp_transmorrisonensis_6wks vs control_15wks,TRUE
11706,-2.3829707861519367,18.454689228069128,-4.079848275003475,0.005735534719838204,0.04061611219552752,-1.8478227103300853,miscanthus_sinensis_ssp_transmorrisonensis_6wks vs control_15wks,TRUE
693,-5.001131409147451,20.79675209102808,-4.077788088155778,0.005749466213108614,0.04061611219552752,-1.850180526980414,miscanthus_sinensis_ssp_transmorrisonensis_6wks vs control_15wks,TRUE
242,3.083213299257139,24.31667289835713,4.034890404793525,0.006048248039512796,0.04260223691971695,-1.899444671809717,miscanthus_sinensis_ssp_transmorrisonensis_6wks vs control_15wks,TRUE
3644,2.619182126832083,18.126544359550525,4.029578126716444,0.006086430698780102,0.04274655979143234,-1.905567789761907,miscanthus_sinensis_ssp_transmorrisonensis_6wks vs control_15wks,TRUE
1614,4.971064430709333,20.144902254103865,4.019633368275606,0.006158630057609683,0.04312826150488404,-1.9170437489461856,miscanthus_sinensis_ssp_transmorrisonensis_6wks vs control_15wks,TRUE
26,-3.481553546101061,23.887840185720165,-4.011832098620052,0.0062159319331160255,0.04337921464307691,-1.926058298392161,miscanthus_sinensis_ssp_transmorrisonensis_6wks vs control_15wks,TRUE
1284,4.304926505229183,18.556216990683012,4.0098782563241775,0.006230375613057818,0.04337921464307691,-1.9283176758715657,miscanthus_sinensis_ssp_transmorrisonensis_6wks vs control_15wks,TRUE
400,6.2251624663061875,20.94780415857508,4.004288727184086,0.006271901643640722,0.04354285738803444,-1.9347849630508742,miscanthus_sinensis_ssp_transmorrisonensis_6wks vs control_15wks,TRUE
5325,2.7304500826523466,18.480508589789203,3.9966512104371548,0.00632913915364347,0.04381432720688431,-1.9436306757251263,miscanthus_sinensis_ssp_transmorrisonensis_6wks vs control_15wks,TRUE
9480,2.548080327535036,17.988224864890615,3.983701000268885,0.006427518012555721,0.04436823862381321,-1.9586527985363782,miscanthus_sinensis_ssp_transmorrisonensis_6wks vs control_15wks,TRUE
2288,2.1854329323451225,18.03877709350345,3.9750095160637033,0.006494493696556444,0.04470283980307797,-1.968751258769573,miscanthus_sinensis_ssp_transmorrisonensis_6wks vs control_15wks,TRUE
3480,-3.7838643940048087,20.303829334571528,-3.9421363583086797,0.006754886808590319,0.04636278146328946,-2.007065027970837,miscanthus_sinensis_ssp_transmorrisonensis_6wks vs control_15wks,TRUE
2326,-4.221862929560793,21.503033327085006,-3.9397749051640036,0.006774032225389561,0.04636278146328946,-2.0098245537450774,miscanthus_sinensis_ssp_transmorrisonensis_6wks vs control_15wks,TRUE
1290,4.750474014558812,19.256294046161326,3.9293533136945156,0.006859244950656499,0.04681337796832232,-2.0220145082116145,miscanthus_sinensis_ssp_transmorrisonensis_6wks vs control_15wks,TRUE
5548,2.9295109484979207,19.36147330634331,3.924832098184257,0.0068965810645164214,0.04693560521653992,-2.0273087671921415,miscanthus_sinensis_ssp_transmorrisonensis_6wks vs control_15wks,TRUE
8070,2.6349649366357895,18.673372987020418,3.9211551486183716,0.006927110972911832,0.04701095536672749,-2.031617024918164,miscanthus_sinensis_ssp_transmorrisonensis_6wks vs control_15wks,TRUE
2607,-4.353453263791838,19.461714735641117,-3.908158256142034,0.007036228429394932,0.04761772516923853,-2.046864209988163,miscanthus_sinensis_ssp_transmorrisonensis_6wks vs control_15wks,TRUE
921,4.045311895470782,21.576146155449948,3.901815163885739,0.007090171724657164,0.047848756666960084,-2.0543161912791676,miscanthus_sinensis_ssp_transmorrisonensis_6wks vs control_15wks,TRUE
912,2.2747090196084443,18.14224456997059,3.885667351618914,0.007229571227367734,0.048627396790655676,-2.073318402326115,miscanthus_sinensis_ssp_transmorrisonensis_6wks vs control_15wks,TRUE
2131,-2.435818203197101,21.98693408579581,-3.8838093493906896,0.007245804157548031,0.048627396790655676,-2.075507733817976,miscanthus_sinensis_ssp_transmorrisonensis_6wks vs control_15wks,TRUE
2855,2.6175687727793644,18.419172645928498,3.8776237186257663,0.007300137427068096,0.048856321395558226,-2.0828007238028183,miscanthus_sinensis_ssp_transmorrisonensis_6wks vs control_15wks,TRUE
500,-4.89373645603051,21.694689146334042,-3.861085430760207,0.007447629327079994,0.04953731698336749,-2.102332190341876,miscanthus_sinensis_ssp_transmorrisonensis_6wks vs control_15wks,TRUE
967,1.9787997132005763,22.69950028763495,3.8600717163004177,0.007456776299873189,0.04953731698336749,-2.103530907789607,miscanthus_sinensis_ssp_transmorrisonensis_6wks vs control_15wks,TRUE
7705,-2.9328770842373544,18.751414594750315,-3.859338089332377,0.007463403717692783,0.04953731698336749,-2.1043985323414773,miscanthus_sinensis_ssp_transmorrisonensis_6wks vs control_15wks,TRUE
1633,-3.952596164864463,20.60841195517787,-3.856745818063125,0.007486873848841348,0.04955695128438547,-2.1074650278115463,miscanthus_sinensis_ssp_transmorrisonensis_6wks vs control_15wks,TRUE
2730,3.649027466959865,18.778037284638433,3.8510469436543664,0.007538757843429325,0.04976404084624385,-2.114210515485656,miscanthus_sinensis_ssp_transmorrisonensis_6wks vs control_15wks,TRUE
803,-3.9654497882608055,21.35656221570712,-3.821023789464989,0.007818732792718299,0.0514715488479766,-2.1498398311504756,miscanthus_sinensis_ssp_transmorrisonensis_6wks vs control_15wks,TRUE
1854,3.6369062482280228,18.346467278529996,3.817863298063039,0.007848866555945551,0.051529515215120794,-2.1535994884801584,miscanthus_sinensis_ssp_transmorrisonensis_6wks vs control_15wks,TRUE
7714,-3.1534746566850096,19.381171822553227,-3.8074161443726804,0.007949390426238163,0.05187899100119734,-2.166039408335946,miscanthus_sinensis_ssp_transmorrisonensis_6wks vs control_15wks,TRUE
1427,-5.425084765215448,20.210257058090924,-3.8060882889592884,0.007962268618605866,0.05187899100119734,-2.1676218888882977,miscanthus_sinensis_ssp_transmorrisonensis_6wks vs control_15wks,TRUE
3597,2.4927667191151315,20.71288743385179,3.8035102704834074,0.007987337257289982,0.05187899100119734,-2.1706951222242576,miscanthus_sinensis_ssp_transmorrisonensis_6wks vs control_15wks,TRUE
1178,4.6315246234718614,20.631707084339535,3.803443228201639,0.007987990336277074,0.05187899100119734,-2.170775057931955,miscanthus_sinensis_ssp_transmorrisonensis_6wks vs control_15wks,TRUE
3704,-3.760508074395677,19.004641034212007,-3.794843777188706,0.008072250412476499,0.05228567559394965,-2.181034716537061,miscanthus_sinensis_ssp_transmorrisonensis_6wks vs control_15wks,TRUE
2114,-2.7754973583432445,21.28047044586768,-3.7830826024664264,0.008189080875523036,0.052900586618352015,-2.1950869794387575,miscanthus_sinensis_ssp_transmorrisonensis_6wks vs control_15wks,TRUE
777,2.4411051844823426,22.87184936096544,3.774026902196033,0.008280306575115361,0.053228914249328296,-2.205922837003759,miscanthus_sinensis_ssp_transmorrisonensis_6wks vs control_15wks,TRUE
2560,3.5852585755343576,18.544603692423507,3.7736655349297905,0.008283970098405397,0.053228914249328296,-2.206355531652033,miscanthus_sinensis_ssp_transmorrisonensis_6wks vs control_15wks,TRUE
3586,2.681760126384148,18.247250916542775,3.7687606242032694,0.00833387290314738,0.053407525023883476,-2.2122307851632055,miscanthus_sinensis_ssp_transmorrisonensis_6wks vs control_15wks,TRUE
2118,3.0090174570461556,18.69673601520155,3.762518124737629,0.008397864078698,0.05367523707442954,-2.219714171995185,miscanthus_sinensis_ssp_transmorrisonensis_6wks vs control_15wks,TRUE
3929,-4.219434359568982,19.781887040876708,-3.7512545367770436,0.008514699903119042,0.05427840360405173,-2.2332335200034708,miscanthus_sinensis_ssp_transmorrisonensis_6wks vs control_15wks,TRUE
1226,-4.188972528056912,21.13326005214537,-3.7447259096017422,0.008583239459269804,0.05444226292537653,-2.2410795070775644,miscanthus_sinensis_ssp_transmorrisonensis_6wks vs control_15wks,TRUE
5423,2.8576018989669407,18.864555192791947,3.7445141474893084,0.008585472754374362,0.05444226292537653,-2.241334120161334,miscanthus_sinensis_ssp_transmorrisonensis_6wks vs control_15wks,TRUE
2544,2.1684038810388913,21.018393337344797,3.736650647313482,0.008668857938874433,0.054827122461572335,-2.2507942196346193,miscanthus_sinensis_ssp_transmorrisonensis_6wks vs control_15wks,TRUE
6673,3.0250793326069356,18.38801630201625,3.719360037357795,0.008855362530459928,0.05586045919997699,-2.271632341111034,miscanthus_sinensis_ssp_transmorrisonensis_6wks vs control_15wks,TRUE
6060,-2.8650796073731897,19.379008899571158,-3.716173748891585,0.008890210947578208,0.055934243878512896,-2.27547787696196,miscanthus_sinensis_ssp_transmorrisonensis_6wks vs control_15wks,TRUE
3882,-3.5447295507728107,19.215193095493802,-3.7121377078980893,0.008934569943026362,0.0559504670219807,-2.280351441538444,miscanthus_sinensis_ssp_transmorrisonensis_6wks vs control_15wks,TRUE
5595,1.9133041465677998,20.09635643226108,3.71172622756369,0.008939106072220426,0.0559504670219807,-2.2808484630878962,miscanthus_sinensis_ssp_transmorrisonensis_6wks vs control_15wks,TRUE
8000,2.3093469732242724,18.57175738090709,3.6866700514482047,0.009220156994173967,0.05756046330212999,-2.3111672361115008,miscanthus_sinensis_ssp_transmorrisonensis_6wks vs control_15wks,TRUE
3916,-3.4086349318450644,19.79246040054325,-3.677446688288006,0.009326049526225347,0.05795956389899336,-2.322354375267845,miscanthus_sinensis_ssp_transmorrisonensis_6wks vs control_15wks,TRUE
128,2.5695041025327825,25.297107803412526,3.675874102216507,0.00934423731245332,0.05795956389899336,-2.3242632093653324,miscanthus_sinensis_ssp_transmorrisonensis_6wks vs control_15wks,TRUE
1838,-2.1150366025416716,23.701646074319576,-3.6748540648600083,0.009356055430714987,0.05795956389899336,-2.325501571183677,miscanthus_sinensis_ssp_transmorrisonensis_6wks vs control_15wks,TRUE
5782,3.8129755956402747,18.5086853276026,3.6686034104599075,0.009428835133436621,0.058125092723002834,-2.333093894688498,miscanthus_sinensis_ssp_transmorrisonensis_6wks vs control_15wks,TRUE
704,-3.9042899506007807,23.11037669641015,-3.6684274836096065,0.009430892527904433,0.058125092723002834,-2.3333076779103816,miscanthus_sinensis_ssp_transmorrisonensis_6wks vs control_15wks,TRUE
4349,-2.8066976461761293,20.03125899029794,-3.6660914536042233,0.009458258297819561,0.058145425057333486,-2.3361468714132907,miscanthus_sinensis_ssp_transmorrisonensis_6wks vs control_15wks,TRUE
1318,-1.8376595292937594,22.951212829900324,-3.660305435399616,0.009526416019723162,0.058415789603175526,-2.3431830834625575,miscanthus_sinensis_ssp_transmorrisonensis_6wks vs control_15wks,TRUE
3229,-2.0449014916166597,21.44069494949416,-3.6507407116711783,0.009640272531131009,0.05896429983598105,-2.3548267304705113,miscanthus_sinensis_ssp_transmorrisonensis_6wks vs control_15wks,TRUE
9,-2.4351256316419914,24.684444557644042,-3.6396461323909706,0.009774216652306817,0.05956685526699913,-2.3683518525160014,miscanthus_sinensis_ssp_transmorrisonensis_6wks vs control_15wks,TRUE
53,-3.2992498780591504,26.162550144386476,-3.6385060125237554,0.009788096664320636,0.05956685526699913,-2.369742904481545,miscanthus_sinensis_ssp_transmorrisonensis_6wks vs control_15wks,TRUE
8992,2.3260211547390526,18.391453093302317,3.6253083148430663,0.00995035295924798,0.06027593765367966,-2.3858610332679295,miscanthus_sinensis_ssp_transmorrisonensis_6wks vs control_15wks,TRUE
73,-2.227852549913333,25.01244080983163,-3.6217035282550274,0.00999518314366219,0.06027593765367966,-2.39026852213715,miscanthus_sinensis_ssp_transmorrisonensis_6wks vs control_15wks,TRUE
189,-2.1988169259238823,24.921479713931458,-3.621413920986441,0.009998794396376746,0.06027593765367966,-2.3906227116279957,miscanthus_sinensis_ssp_transmorrisonensis_6wks vs control_15wks,TRUE
3544,2.416846932323665,18.159644699493484,3.6209639193590597,0.010004408526128123,0.06027593765367966,-2.3911730908646494,miscanthus_sinensis_ssp_transmorrisonensis_6wks vs control_15wks,TRUE
9615,-2.2965993898445554,18.808430398098473,-3.6188295639290913,0.01003108348873478,0.060286312708415994,-2.393783993353398,miscanthus_sinensis_ssp_transmorrisonensis_6wks vs control_15wks,TRUE
1091,-2.800038147523626,23.05021256872415,-3.602389469739539,0.010239186157050923,0.061384302122667565,-2.4139199785535665,miscanthus_sinensis_ssp_transmorrisonensis_6wks vs control_15wks,TRUE
4477,-2.8926954248528673,19.680850889100917,-3.596550090121615,0.010314238959254261,0.06156317307774605,-2.4210828380078935,miscanthus_sinensis_ssp_transmorrisonensis_6wks vs control_15wks,TRUE
66,-2.332514504441125,25.25236502542077,-3.5960914188016773,0.010320159720623008,0.06156317307774605,-2.421645703796932,miscanthus_sinensis_ssp_transmorrisonensis_6wks vs control_15wks,TRUE
2736,-2.6990307659391384,19.572560761151145,-3.594134155876155,0.010345466998992093,0.06156317307774605,-2.4240479791073994,miscanthus_sinensis_ssp_transmorrisonensis_6wks vs control_15wks,TRUE
244,-5.084436871102234,22.855660888328764,-3.5871345645277954,0.010436529857725954,0.06195247207927741,-2.432644184197032,miscanthus_sinensis_ssp_transmorrisonensis_6wks vs control_15wks,TRUE
1794,4.757644886643071,20.155821641086064,3.5834131458875476,0.010485302245706605,0.062089436827517545,-2.4372177386129605,miscanthus_sinensis_ssp_transmorrisonensis_6wks vs control_15wks,TRUE
5072,2.7141059763264472,18.539486973681097,3.576604167984847,0.010575188129474535,0.06244794328439039,-2.4455917255249116,miscanthus_sinensis_ssp_transmorrisonensis_6wks vs control_15wks,TRUE
182,-4.746381648671111,21.65673692644159,-3.5749208311951786,0.010597540044122541,0.06244794328439039,-2.4476631397144097,miscanthus_sinensis_ssp_transmorrisonensis_6wks vs control_15wks,TRUE
1105,-5.385545468981565,19.69931766417281,-3.5711191307822983,0.010648211146813986,0.0625938640649698,-2.452342992511218,miscanthus_sinensis_ssp_transmorrisonensis_6wks vs control_15wks,TRUE
2834,2.8796971025881,18.394104323395073,3.5622924744228937,0.010766884870316969,0.06313784914244125,-2.4632176218469324,miscanthus_sinensis_ssp_transmorrisonensis_6wks vs control_15wks,TRUE
1417,3.6252758849490405,19.77267748239118,3.554103928344159,0.010878276534572667,0.06351754483646845,-2.473317450654161,miscanthus_sinensis_ssp_transmorrisonensis_6wks vs control_15wks,TRUE
7744,-3.566375109630883,18.410722043186272,-3.5522034450701288,0.010904309663971816,0.06351754483646845,-2.4756630856941655,miscanthus_sinensis_ssp_transmorrisonensis_6wks vs control_15wks,TRUE
293,-3.0908507463356116,25.530295952670095,-3.551751871514003,0.010910505425138411,0.06351754483646845,-2.4762205181005887,miscanthus_sinensis_ssp_transmorrisonensis_6wks vs control_15wks,TRUE
571,-4.146025796897153,20.888388307155356,-3.549766787021384,0.010937787328616397,0.06352330333157984,-2.478671343723044,miscanthus_sinensis_ssp_transmorrisonensis_6wks vs control_15wks,TRUE
3036,2.079935758128613,18.532588653155848,3.5468999622721062,0.010977319397810525,0.06360000878923316,-2.482211914293404,miscanthus_sinensis_ssp_transmorrisonensis_6wks vs control_15wks,TRUE
5692,-2.6188361489513383,19.69457386629425,-3.52914618443793,0.011225648453731524,0.06488317383783579,-2.5041677814136243,miscanthus_sinensis_ssp_transmorrisonensis_6wks vs control_15wks,TRUE
4627,-3.14123843537374,19.641901283556265,-3.520581908466981,0.011347634687907698,0.0654019861836123,-2.5147773395581074,miscanthus_sinensis_ssp_transmorrisonensis_6wks vs control_15wks,TRUE
1692,-4.517545049085623,19.36980461140525,-3.519053946433454,0.011369550578276974,0.0654019861836123,-2.5166714464108924,miscanthus_sinensis_ssp_transmorrisonensis_6wks vs control_15wks,TRUE
773,2.5412140464442246,18.566343550084483,3.513825940923488,0.01144488821189258,0.06567897843214364,-2.52315508079725,miscanthus_sinensis_ssp_transmorrisonensis_6wks vs control_15wks,TRUE
327,-3.120991083519499,23.392202407422825,-3.511000544849755,0.011485830620466722,0.06575774118257725,-2.5266608930444616,miscanthus_sinensis_ssp_transmorrisonensis_6wks vs control_15wks,TRUE
4140,2.764507938457964,18.668578449409097,3.5035082432909954,0.011595178729060003,0.0662268364288628,-2.5359637114953513,miscanthus_sinensis_ssp_transmorrisonensis_6wks vs control_15wks,TRUE
389,-2.7396926614170987,22.11454331019785,-3.47761932185776,0.011981877526954768,0.06827409458755358,-2.5681778539511817,miscanthus_sinensis_ssp_transmorrisonensis_6wks vs control_15wks,TRUE
7852,-2.778371956198857,19.26816010444857,-3.4638363187969934,0.01219348777526115,0.06931639168242573,-2.5853718756352406,miscanthus_sinensis_ssp_transmorrisonensis_6wks vs control_15wks,TRUE
4639,2.4305985356714928,17.78018623786625,3.4549840984383207,0.012331548316026748,0.06993666838385122,-2.5964307110478315,miscanthus_sinensis_ssp_transmorrisonensis_6wks vs control_15wks,TRUE
534,5.191294741311619,21.778072938396548,3.4514530056524753,0.012387095590356162,0.06998210564161429,-2.6008454603464215,miscanthus_sinensis_ssp_transmorrisonensis_6wks vs control_15wks,TRUE
2881,-1.944711348107539,18.819329636788428,-3.4507940228556073,0.012397492224590611,0.06998210564161429,-2.6016695713532982,miscanthus_sinensis_ssp_transmorrisonensis_6wks vs control_15wks,TRUE
8583,-2.6609745018199966,18.280648813756653,-3.4470787154865765,0.012456286539378112,0.07015008922875879,-2.6063171420751297,miscanthus_sinensis_ssp_transmorrisonensis_6wks vs control_15wks,TRUE
8359,-1.8674772530139094,19.27387536177962,-3.42196011810403,0.01286186563356946,0.07226573807140421,-2.637795461918891,miscanthus_sinensis_ssp_transmorrisonensis_6wks vs control_15wks,TRUE
1453,2.5744567079373937,17.84705402281959,3.415866983920407,0.01296240739478128,0.07254538564702129,-2.6454461645024048,miscanthus_sinensis_ssp_transmorrisonensis_6wks vs control_15wks,TRUE
4211,2.0650131888123298,21.666389295044162,3.415306944128062,0.012971691473308442,0.07254538564702129,-2.6461496554874877,miscanthus_sinensis_ssp_transmorrisonensis_6wks vs control_15wks,TRUE
692,4.6120100120785175,21.732496156334058,3.4123962818610405,0.013020060094011379,0.0726477256053845,-2.649806653624891,miscanthus_sinensis_ssp_transmorrisonensis_6wks vs control_15wks,TRUE
10720,-2.5307437052544834,18.4470129298981,-3.404052389346888,0.013159810866059314,0.0732583019640537,-2.660297329895143,miscanthus_sinensis_ssp_transmorrisonensis_6wks vs control_15wks,TRUE
3896,2.517342204081121,18.752657593370483,3.401329133464008,0.013205775920027384,0.07334518304088772,-2.663723582097933,miscanthus_sinensis_ssp_transmorrisonensis_6wks vs control_15wks,TRUE
532,-4.530696613357218,23.299102470042545,-3.397551260992594,0.013269831813868002,0.07347899942276223,-2.668478594687313,miscanthus_sinensis_ssp_transmorrisonensis_6wks vs control_15wks,TRUE
3552,2.4252198780666845,18.05910041842997,3.3963250022708724,0.013290696501550951,0.07347899942276223,-2.6700224971224755,miscanthus_sinensis_ssp_transmorrisonensis_6wks vs control_15wks,TRUE
2045,-3.423339367727724,21.29095900677275,-3.3931685680417436,0.013344567743990772,0.07357609317674037,-2.673997625236889,miscanthus_sinensis_ssp_transmorrisonensis_6wks vs control_15wks,TRUE
7685,-1.9882070432172725,19.609408333862564,-3.3917319246136546,0.013369165937329893,0.07357609317674037,-2.6758074040082076,miscanthus_sinensis_ssp_transmorrisonensis_6wks vs control_15wks,TRUE
990,-5.007066070172641,21.032148631095968,-3.3882986777584883,0.013428150479160381,0.0736927900665899,-2.6801336461715546,miscanthus_sinensis_ssp_transmorrisonensis_6wks vs control_15wks,TRUE
11179,2.53266218989641,18.772886054525344,3.3869514222369785,0.013451374345764133,0.0736927900665899,-2.6818318215704875,miscanthus_sinensis_ssp_transmorrisonensis_6wks vs control_15wks,TRUE
672,2.4295019671281857,24.142601037255197,3.3746986440406403,0.013664608311575144,0.07464718261057626,-2.6972888773934613,miscanthus_sinensis_ssp_transmorrisonensis_6wks vs control_15wks,TRUE
7196,2.9471849356042696,18.669001767739893,3.372688259425051,0.013699945432182717,0.07464718261057626,-2.699827203346053,miscanthus_sinensis_ssp_transmorrisonensis_6wks vs control_15wks,TRUE
17,-2.1580655934418687,29.030487118832205,-3.3716477643604152,0.013718273625453584,0.07464718261057626,-2.701141182521104,miscanthus_sinensis_ssp_transmorrisonensis_6wks vs control_15wks,TRUE
1721,2.931359765992827,18.815698325604178,3.3660203457915503,0.013817864156022132,0.07502013438415611,-2.70825057903136,miscanthus_sinensis_ssp_transmorrisonensis_6wks vs control_15wks,TRUE
2570,3.948017859040288,18.484896395167965,3.358568163103917,0.013950962611702684,0.07557292751092753,-2.7176727180689424,miscanthus_sinensis_ssp_transmorrisonensis_6wks vs control_15wks,TRUE
10145,1.9244401241627251,17.465051906679143,3.349046438775429,0.014123060053881087,0.07617046111111477,-2.729723750199737,miscanthus_sinensis_ssp_transmorrisonensis_6wks vs control_15wks,TRUE
2502,1.8079675051424644,22.489135777046528,3.3489769808108547,0.014124323914643796,0.07617046111111477,-2.729811709138084,miscanthus_sinensis_ssp_transmorrisonensis_6wks vs control_15wks,TRUE
5376,-2.837764278382533,19.863223335933213,-3.3404419277856063,0.014280569712400186,0.07684155105826025,-2.7406257266642196,miscanthus_sinensis_ssp_transmorrisonensis_6wks vs control_15wks,TRUE
4593,-3.0579814684803956,19.385855286116,-3.3338432186698164,0.014402658058063905,0.07716182263328938,-2.7489939012369824,miscanthus_sinensis_ssp_transmorrisonensis_6wks vs control_15wks,TRUE
3166,2.2942299394675487,18.03212195887618,3.3331882011427942,0.014414838951770911,0.07716182263328938,-2.7498249212020753,miscanthus_sinensis_ssp_transmorrisonensis_6wks vs control_15wks,TRUE
8434,2.9484776821879457,18.86502304041021,3.33205687141094,0.014435903903247848,0.07716182263328938,-2.751260389699295,miscanthus_sinensis_ssp_transmorrisonensis_6wks vs control_15wks,TRUE
282,-3.481072598262614,19.34094808823044,-3.3223505537718356,0.014618015075184353,0.07775026080335865,-2.763583973159444,miscanthus_sinensis_ssp_transmorrisonensis_6wks vs control_15wks,TRUE
2011,2.914967276322926,21.701532379879303,3.321661540430972,0.01463103714060982,0.07775026080335865,-2.7644593119902856,miscanthus_sinensis_ssp_transmorrisonensis_6wks vs control_15wks,TRUE
2876,3.379793821758742,18.177189676636527,3.32105363937975,0.014642536699308022,0.07775026080335865,-2.7652316627568077,miscanthus_sinensis_ssp_transmorrisonensis_6wks vs control_15wks,TRUE
5242,2.5205649034507154,17.708704720250665,3.3182818858526892,0.014695094274018898,0.07785821878515276,-2.768753931971498,miscanthus_sinensis_ssp_transmorrisonensis_6wks vs control_15wks,TRUE
192,4.0591924809526745,23.91497088764648,3.3124327444300183,0.014806679655581138,0.07827776378092785,-2.7761906218317423,miscanthus_sinensis_ssp_transmorrisonensis_6wks vs control_15wks,TRUE
4885,2.086961270449155,18.131958178488617,3.3015164428792847,0.015017405576958015,0.07921845387321085,-2.790083380811127,miscanthus_sinensis_ssp_transmorrisonensis_6wks vs control_15wks,TRUE
7861,2.22008524608394,18.69164497041887,3.2978146005273783,0.015089603867567062,0.07942588876697608,-2.794798582391533,miscanthus_sinensis_ssp_transmorrisonensis_6wks vs control_15wks,TRUE
3682,3.1497919428822456,18.30131170719386,3.295847901184437,0.01512811451863087,0.07945548842828735,-2.7973044785601666,miscanthus_sinensis_ssp_transmorrisonensis_6wks vs control_15wks,TRUE
550,5.127338656135038,19.74386728778143,3.2933898322431774,0.015176397162097864,0.07953617254583176,-2.80043726223862,miscanthus_sinensis_ssp_transmorrisonensis_6wks vs control_15wks,TRUE
3669,1.6326053984726556,21.003930700505006,3.2913756117648574,0.015216086394911196,0.07957156867988192,-2.803005029446932,miscanthus_sinensis_ssp_transmorrisonensis_6wks vs control_15wks,TRUE
1475,2.9941867409188525,18.15889557937007,3.2822430680641452,0.0153974595920334,0.08034613903747882,-2.8146548573878163,miscanthus_sinensis_ssp_transmorrisonensis_6wks vs control_15wks,TRUE
5749,2.573336088898955,17.625177910838488,3.2763760631081396,0.015515217610969523,0.08078613307780683,-2.822145488617684,miscanthus_sinensis_ssp_transmorrisonensis_6wks vs control_15wks,TRUE
3318,-4.157844946673528,19.599370426538044,-3.2684802825959993,0.015675242762334125,0.08134092379118074,-2.8322342706778376,miscanthus_sinensis_ssp_transmorrisonensis_6wks vs control_15wks,TRUE
437,-2.0412518764704437,24.19359405010178,-3.2671539975896264,0.015702298253158945,0.08134092379118074,-2.833929813441008,miscanthus_sinensis_ssp_transmorrisonensis_6wks vs control_15wks,TRUE
3771,-3.843851582656832,19.203167500124806,-3.266152120689139,0.015722769623543627,0.08134092379118074,-2.8352107975484953,miscanthus_sinensis_ssp_transmorrisonensis_6wks vs control_15wks,TRUE
1998,-3.4632289730114927,21.125482186069615,-3.262319861832697,0.015801342146175446,0.08157274065205103,-2.840112008902966,miscanthus_sinensis_ssp_transmorrisonensis_6wks vs control_15wks,TRUE
326,5.0097118961220275,22.56448438920483,3.2595246665519326,0.01585892074048971,0.0816954211279811,-2.843688226316038,miscanthus_sinensis_ssp_transmorrisonensis_6wks vs control_15wks,TRUE
5823,-1.8554155003735993,19.994745259141183,-3.256227014604489,0.015927142604530795,0.08187229049477958,-2.8479087491552497,miscanthus_sinensis_ssp_transmorrisonensis_6wks vs control_15wks,TRUE
3272,2.7049239384928043,20.169304122103938,3.2486365940789286,0.016085387152556377,0.0824047886863639,-2.857629369071294,miscanthus_sinensis_ssp_transmorrisonensis_6wks vs control_15wks,TRUE
3238,1.8276363924740764,19.07426406354207,3.2479898661080564,0.016098948783097585,0.0824047886863639,-2.8584579806321013,miscanthus_sinensis_ssp_transmorrisonensis_6wks vs control_15wks,TRUE
280,-3.269053088602899,20.359492315972098,-3.2350899592963245,0.01637206337398952,0.08341336355631328,-2.874998354893589,miscanthus_sinensis_ssp_transmorrisonensis_6wks vs control_15wks,TRUE
846,1.767358067878078,21.88223384257674,3.234518154120014,0.016384285335152723,0.08341336355631328,-2.8757320798906827,miscanthus_sinensis_ssp_transmorrisonensis_6wks vs control_15wks,TRUE
1123,-5.180490408720001,22.78214499469871,-3.2338039707614077,0.01639956444091424,0.08341336355631328,-2.8766485662947425,miscanthus_sinensis_ssp_transmorrisonensis_6wks vs control_15wks,TRUE
10307,-2.0713178017287,18.815584849059057,-3.2308879523780316,0.016462109788422045,0.08355558245552029,-2.8803913452201004,miscanthus_sinensis_ssp_transmorrisonensis_6wks vs control_15wks,TRUE
6698,2.2360880355232027,18.797639341636355,3.2253175445526243,0.016582309287025757,0.08398922272002984,-2.8875444617979436,miscanthus_sinensis_ssp_transmorrisonensis_6wks vs control_15wks,TRUE
929,5.733033217456839,20.248581017470393,3.22081285795928,0.016680208582115098,0.08430833459077422,-2.893332279032509,miscanthus_sinensis_ssp_transmorrisonensis_6wks vs control_15wks,TRUE
2397,-3.0038887692466396,20.43334832804573,-3.2163212428446593,0.016778448122754593,0.08462783019744279,-2.899106162886288,miscanthus_sinensis_ssp_transmorrisonensis_6wks vs control_15wks,TRUE
75,-5.214611480688411,22.400577286330563,-3.212843646911222,0.016854940132158984,0.08483653199853355,-2.9035785024432283,miscanthus_sinensis_ssp_transmorrisonensis_6wks vs control_15wks,TRUE
4811,-2.1652859697720963,18.68708039836114,-3.198021802970768,0.017185221212774826,0.08612260169040187,-2.9226591092921446,miscanthus_sinensis_ssp_transmorrisonensis_6wks vs control_15wks,TRUE
605,2.535108006724265,23.6326731698283,3.196496725453194,0.01721960101654092,0.08612260169040187,-2.9246241334126055,miscanthus_sinensis_ssp_transmorrisonensis_6wks vs control_15wks,TRUE
267,2.5076989121372257,18.185117921365638,3.1963798926630873,0.01722223784792489,0.08612260169040187,-2.924774682919194,miscanthus_sinensis_ssp_transmorrisonensis_6wks vs control_15wks,TRUE
9413,-2.7013773847443225,18.794243350184253,-3.193680212651496,0.017283289669027948,0.08612260169040187,-2.928253992409112,miscanthus_sinensis_ssp_transmorrisonensis_6wks vs control_15wks,TRUE
989,3.5347033033132895,17.840176037742108,3.1934421517180684,0.0172886845280815,0.08612260169040187,-2.9285608507119254,miscanthus_sinensis_ssp_transmorrisonensis_6wks vs control_15wks,TRUE
1956,-3.834120073988636,20.916659894986374,-3.190797146714667,0.017348747647571168,0.08624398007516859,-2.931970768013717,miscanthus_sinensis_ssp_transmorrisonensis_6wks vs control_15wks,TRUE
1642,-2.516510707891353,22.017299620240472,-3.183789914069535,0.017508964060367362,0.08686171903459455,-2.9410091285192337,miscanthus_sinensis_ssp_transmorrisonensis_6wks vs control_15wks,TRUE
7653,1.8081530329911182,21.395279694851254,3.181914845705438,0.01755210769182933,0.08689732004807307,-2.9434288611438815,miscanthus_sinensis_ssp_transmorrisonensis_6wks vs control_15wks,TRUE
591,-3.9056617718437465,22.433993953513234,-3.164115096161963,0.017967443926517127,0.08877166569829321,-2.966423151742347,miscanthus_sinensis_ssp_transmorrisonensis_6wks vs control_15wks,TRUE
665,-3.5459525784800228,22.732600961330622,-3.1569071791975185,0.018138647323874865,0.089434636600983,-2.975746913851866,miscanthus_sinensis_ssp_transmorrisonensis_6wks vs control_15wks,TRUE
3396,3.2817280746192665,19.19677912059143,3.154916844266299,0.018186232392481943,0.08948663433856695,-2.978322746835216,miscanthus_sinensis_ssp_transmorrisonensis_6wks vs control_15wks,TRUE
2734,-3.195073661132895,20.291856626463765,-3.153079325030103,0.01823028383291575,0.08952106857789523,-2.9807012877273196,miscanthus_sinensis_ssp_transmorrisonensis_6wks vs control_15wks,TRUE
1909,1.6084476634997174,22.377586942993393,3.1489732496025478,0.01832913776377576,0.08982392867602887,-2.986017970585562,miscanthus_sinensis_ssp_transmorrisonensis_6wks vs control_15wks,TRUE
8964,2.71525719548967,17.838973889160417,3.140579297975593,0.0185330310330826,0.09059924907992219,-2.9968938240879894,miscanthus_sinensis_ssp_transmorrisonensis_6wks vs control_15wks,TRUE
5472,2.7811769256757763,19.40312772068884,3.1393806576392844,0.018562346148411207,0.09059924907992219,-2.998447649319453,miscanthus_sinensis_ssp_transmorrisonensis_6wks vs control_15wks,TRUE
9327,1.9133444424672454,18.1701163979872,3.136286098673745,0.018638261721693798,0.0907863716121214,-3.002460089446752,miscanthus_sinensis_ssp_transmorrisonensis_6wks vs control_15wks,TRUE
3557,2.886387652129187,18.023661277027077,3.1338736867716888,0.01869767568932047,0.09089252407524799,-3.005588940181255,miscanthus_sinensis_ssp_transmorrisonensis_6wks vs control_15wks,TRUE
2790,2.3484040941260425,18.314612587800337,3.120342797583212,0.019034736761320878,0.09234522894648843,-3.023152625795215,miscanthus_sinensis_ssp_transmorrisonensis_6wks vs control_15wks,TRUE
6927,1.8308836545104334,20.129122147846502,3.112859232215825,0.01922397071359416,0.09280709565519553,-3.0328770497195072,miscanthus_sinensis_ssp_transmorrisonensis_6wks vs control_15wks,TRUE
616,2.150436809793998,21.61645012344257,3.1124040581336647,0.01923554588873471,0.09280709565519553,-3.0334687582458475,miscanthus_sinensis_ssp_transmorrisonensis_6wks vs control_15wks,TRUE
2230,1.5581708937580316,22.131578081744845,3.112025437886004,0.019245180017902715,0.09280709565519553,-3.033960970557178,miscanthus_sinensis_ssp_transmorrisonensis_6wks vs control_15wks,TRUE
966,2.325632538684797,22.428058265157365,3.1081375045837962,0.019344411920966132,0.09306959559385482,-3.0390164359001215,miscanthus_sinensis_ssp_transmorrisonensis_6wks vs control_15wks,TRUE
5263,-1.8805460464211556,21.093585365342218,-3.1068787149850423,0.019376658354184177,0.09306959559385482,-3.0406536606990247,miscanthus_sinensis_ssp_transmorrisonensis_6wks vs control_15wks,TRUE
6269,2.255027731246276,17.98349773677047,3.1025285504758684,0.01948854419575523,0.09331745866505556,-3.0463132313696235,miscanthus_sinensis_ssp_transmorrisonensis_6wks vs control_15wks,TRUE
7832,2.0742301006450568,18.095644298472486,3.101871196768598,0.019505511848449113,0.09331745866505556,-3.0471686647718577,miscanthus_sinensis_ssp_transmorrisonensis_6wks vs control_15wks,TRUE
539,-6.412442424782945,20.289038313463678,-3.0988242224834606,0.019584369067446164,0.09350955665405125,-3.0511345170288164,miscanthus_sinensis_ssp_transmorrisonensis_6wks vs control_15wks,TRUE
5911,-3.8722119663482744,19.610574313871528,-3.094169078757875,0.01970551173119285,0.09376862850993306,-3.0571958496930485,miscanthus_sinensis_ssp_transmorrisonensis_6wks vs control_15wks,TRUE
4864,-2.964869139917976,19.652240280434633,-3.093383372430721,0.01972603812996796,0.09376862850993306,-3.058219173657459,miscanthus_sinensis_ssp_transmorrisonensis_6wks vs control_15wks,TRUE
695,-4.981329389820459,21.36682243203963,-3.0920729509526135,0.01976032394296688,0.09376862850993306,-3.0599260781318116,miscanthus_sinensis_ssp_transmorrisonensis_6wks vs control_15wks,TRUE
223,-5.672795586558845,21.496228182451162,-3.090302550121014,0.01980674679893742,0.09376862850993306,-3.062232487279372,miscanthus_sinensis_ssp_transmorrisonensis_6wks vs control_15wks,TRUE
1510,-1.7232486355761871,22.597669753226164,-3.0866650408442307,0.019902498037796743,0.09376862850993306,-3.0669725644303383,miscanthus_sinensis_ssp_transmorrisonensis_6wks vs control_15wks,TRUE
8794,1.5440344957813927,19.20613045951325,3.0854616171358606,0.019934285964359377,0.09376862850993306,-3.0685411347265665,miscanthus_sinensis_ssp_transmorrisonensis_6wks vs control_15wks,TRUE
626,-3.639679927322554,22.190931926684463,-3.0849197958207872,0.01994861582229139,0.09376862850993306,-3.0692474181069374,miscanthus_sinensis_ssp_transmorrisonensis_6wks vs control_15wks,TRUE
4366,-2.5253972070097497,20.622727355920237,-3.084900722436826,0.019949120469414567,0.09376862850993306,-3.0692722816313855,miscanthus_sinensis_ssp_transmorrisonensis_6wks vs control_15wks,TRUE
5241,2.9533485491831186,18.5490022328445,3.0800739790029112,0.02007727112485783,0.09418774182069227,-3.0755657925708277,miscanthus_sinensis_ssp_transmorrisonensis_6wks vs control_15wks,TRUE
3961,2.264267779742056,20.796663353347,3.076513232045225,0.02017237845373665,0.09445051617098402,-3.080210508399837,miscanthus_sinensis_ssp_transmorrisonensis_6wks vs control_15wks,TRUE
759,1.6737841728901266,18.36375488530892,3.0744871695788305,0.02022671124649143,0.09452172992557697,-3.082854072759038,miscanthus_sinensis_ssp_transmorrisonensis_6wks vs control_15wks,TRUE
1947,2.640826700842407,18.825236017868203,3.072008097783266,0.020293407129145048,0.09465033132049118,-3.0860894274567348,miscanthus_sinensis_ssp_transmorrisonensis_6wks vs control_15wks,TRUE
106,4.622850575578511,21.425147408506188,3.0682766566847923,0.02039424368043667,0.09475137765878863,-3.090960684299953,miscanthus_sinensis_ssp_transmorrisonensis_6wks vs control_15wks,TRUE
4734,2.1643433230663263,18.156573253710494,3.0667444817631893,0.020435804712453567,0.09475137765878863,-3.092961394039081,miscanthus_sinensis_ssp_transmorrisonensis_6wks vs control_15wks,TRUE
872,-4.662353383398369,21.09231597761906,-3.0662661080064275,0.020448799542592794,0.09475137765878863,-3.0935861141970187,miscanthus_sinensis_ssp_transmorrisonensis_6wks vs control_15wks,TRUE
2728,1.871885388504392,18.018395444803556,3.0647263421996604,0.02049068717218605,0.09475137765878863,-3.0955971295855904,miscanthus_sinensis_ssp_transmorrisonensis_6wks vs control_15wks,TRUE
1256,-2.835950593294932,21.038597144415952,-3.0639748856521583,0.020511163292858632,0.09475137765878863,-3.0965786805631,miscanthus_sinensis_ssp_transmorrisonensis_6wks vs control_15wks,TRUE
13977,2.0239557816919636,17.632158014802982,3.0611952415270975,0.020587096519306725,0.09492065876077299,-3.100210066844768,miscanthus_sinensis_ssp_transmorrisonensis_6wks vs control_15wks,TRUE
1069,4.241145897606312,20.924064269633142,3.0592062553755057,0.0206416167952019,0.09499075462325293,-3.1028091197738945,miscanthus_sinensis_ssp_transmorrisonensis_6wks vs control_15wks,TRUE
3380,2.518277245352998,18.812998340709456,3.0524265372911703,0.020828628391112863,0.09566913724891384,-3.111672072236059,miscanthus_sinensis_ssp_transmorrisonensis_6wks vs control_15wks,TRUE
347,2.3087932276944407,17.701104830643132,3.050233220210279,0.02088951896544789,0.09575732280854733,-3.114540574672209,miscanthus_sinensis_ssp_transmorrisonensis_6wks vs control_15wks,TRUE
14388,-1.8362479123376367,17.592130173266074,-3.048883068246036,0.020927097037629547,0.09575732280854733,-3.1163066534163275,miscanthus_sinensis_ssp_transmorrisonensis_6wks vs control_15wks,TRUE
9303,-2.816322207720521,18.36584816551063,-3.0415581974930483,0.021132239432062876,0.09651321449501685,-3.1258919808590226,miscanthus_sinensis_ssp_transmorrisonensis_6wks vs control_15wks,TRUE
13243,-2.276350060883079,18.443507014077284,-3.0389281615545,0.021206424481137357,0.09666928593665633,-3.1293352736750295,miscanthus_sinensis_ssp_transmorrisonensis_6wks vs control_15wks,TRUE
3030,-3.4734417953130468,19.96362433952893,-3.03228789850861,0.021394976017846203,0.09724742620518038,-3.1380326384506074,miscanthus_sinensis_ssp_transmorrisonensis_6wks vs control_15wks,TRUE
1599,2.2828432920157766,17.638787973392056,3.031630026428435,0.0214137544458427,0.09724742620518038,-3.138894610189005,miscanthus_sinensis_ssp_transmorrisonensis_6wks vs control_15wks,TRUE
4870,-3.1864351311945853,19.72160461545853,-3.028036400318059,0.021516645232558376,0.09753136000349162,-3.1436040694660226,miscanthus_sinensis_ssp_transmorrisonensis_6wks vs control_15wks,TRUE
291,1.687654663274774,24.8168226075897,3.0257204492663816,0.02158323617699954,0.09764999738507657,-3.14663997050961,miscanthus_sinensis_ssp_transmorrisonensis_6wks vs control_15wks,TRUE
2311,-4.838172227553709,19.912396201692555,-3.0220162153390455,0.021690206138677972,0.09795053837578688,-3.1514970875377326,miscanthus_sinensis_ssp_transmorrisonensis_6wks vs control_15wks,TRUE
370,-4.126956147427421,22.88721941298168,-3.019701234501073,0.021757347146300295,0.09807043042063715,-3.154533418568045,miscanthus_sinensis_ssp_transmorrisonensis_6wks vs control_15wks,TRUE
5,-1.9886024384400756,29.456963643222842,-3.015152185765021,0.021889934737709886,0.09813586419236832,-3.1605018528862967,miscanthus_sinensis_ssp_transmorrisonensis_6wks vs control_15wks,TRUE
6618,-2.9882642620943543,18.42222256898807,-3.0137670093753153,0.02193047981917988,0.09813586419236832,-3.1623197276643062,miscanthus_sinensis_ssp_transmorrisonensis_6wks vs control_15wks,TRUE
1423,1.6946756869803856,21.458215539792917,3.0127271110955625,0.021960971450730005,0.09813586419236832,-3.16368461963256,miscanthus_sinensis_ssp_transmorrisonensis_6wks vs control_15wks,TRUE
5473,-3.436145039540648,19.444989846830293,-3.012726496255823,0.02196098949238598,0.09813586419236832,-3.1636854266634438,miscanthus_sinensis_ssp_transmorrisonensis_6wks vs control_15wks,TRUE
9131,2.0498947823489395,18.917392478582897,3.012250571504618,0.021974959655658637,0.09813586419236832,-3.1643101331862895,miscanthus_sinensis_ssp_transmorrisonensis_6wks vs control_15wks,TRUE
780,2.4798455634321357,17.6029543145751,3.0075853245314126,0.022112409168928482,0.09856749179360003,-3.1704352581897943,miscanthus_sinensis_ssp_transmorrisonensis_6wks vs control_15wks,TRUE
2137,-4.348286849875446,20.087348469057012,-2.992978112861584,0.022548784631833768,0.10026650156496757,-3.1896303166639495,miscanthus_sinensis_ssp_transmorrisonensis_6wks vs control_15wks,TRUE
2754,3.5492205990676275,18.514072013521158,2.990891298727762,0.022611877938791793,0.10026650156496757,-3.1923746319219846,miscanthus_sinensis_ssp_transmorrisonensis_6wks vs control_15wks,TRUE
499,1.6725349883232212,18.242534811361054,2.990687021391073,0.02261806430170005,0.10026650156496757,-3.1926432994462033,miscanthus_sinensis_ssp_transmorrisonensis_6wks vs control_15wks,TRUE
7198,2.274782849357848,17.558028604367095,2.988327142641881,0.022689663199616007,0.10039968185031552,-3.1957473921340336,miscanthus_sinensis_ssp_transmorrisonensis_6wks vs control_15wks,TRUE
6552,2.052566900450369,18.231834754896862,2.985793543319721,0.02276680394829489,0.10048993881790658,-3.199080721080452,miscanthus_sinensis_ssp_transmorrisonensis_6wks vs control_15wks,TRUE
7701,-2.1615031903312456,18.852676036342704,-2.982408654965915,0.022870303935073815,0.10048993881790658,-3.203535225890394,miscanthus_sinensis_ssp_transmorrisonensis_6wks vs control_15wks,TRUE
343,-1.597896188729262,24.952519342973748,-2.9818030816289776,0.022888873839012624,0.10048993881790658,-3.2043323006726983,miscanthus_sinensis_ssp_transmorrisonensis_6wks vs control_15wks,TRUE
5009,-2.0432650326711013,20.11335754507743,-2.9818012585214206,0.02288892976904491,0.10048993881790658,-3.204334700369401,miscanthus_sinensis_ssp_transmorrisonensis_6wks vs control_15wks,TRUE
932,4.6173425939752235,20.01999127455972,2.980801364729546,0.02291962704571488,0.10048993881790658,-3.205650886422646,miscanthus_sinensis_ssp_transmorrisonensis_6wks vs control_15wks,TRUE
152,2.593137662198721,18.250330262059475,2.9794943431747223,0.022959820004642098,0.10048993881790658,-3.207371529072197,miscanthus_sinensis_ssp_transmorrisonensis_6wks vs control_15wks,TRUE
1460,-3.5924296199991765,19.661732551289692,-2.978081284734105,0.02300335894138273,0.10048993881790658,-3.2092319896755055,miscanthus_sinensis_ssp_transmorrisonensis_6wks vs control_15wks,TRUE
2321,-2.7274680852004067,21.49831556351114,-2.97680341504514,0.023042808818344473,0.10048993881790658,-3.2109146587117,miscanthus_sinensis_ssp_transmorrisonensis_6wks vs control_15wks,TRUE
4254,-2.8935677877451376,19.702596467328906,-2.9712401464142837,0.02321540438431845,0.1010602107973214,-3.2182424551203286,miscanthus_sinensis_ssp_transmorrisonensis_6wks vs control_15wks,TRUE
331,-3.647817713546658,20.720418707107065,-2.9676250957093693,0.023328301850430437,0.10136902386805743,-3.2230060311733575,miscanthus_sinensis_ssp_transmorrisonensis_6wks vs control_15wks,TRUE
1303,-3.7795200984907673,19.204097063914794,-2.966119956021976,0.023375480776236475,0.10139167245132373,-3.2249898085415567,miscanthus_sinensis_ssp_transmorrisonensis_6wks vs control_15wks,TRUE
2161,-2.5480398982310923,21.736452094366083,-2.963643810997555,0.023453319046118505,0.10154698712441274,-3.2282539406232336,miscanthus_sinensis_ssp_transmorrisonensis_6wks vs control_15wks,TRUE
988,3.3006484827446414,22.888134251916522,2.9612439493224447,0.02352902484214165,0.10169252955029379,-3.2314181857513797,miscanthus_sinensis_ssp_transmorrisonensis_6wks vs control_15wks,TRUE
9438,1.6516022396998729,19.345573171960236,2.956528505317451,0.023678542707741706,0.10198615938052935,-3.2376374731932454,miscanthus_sinensis_ssp_transmorrisonensis_6wks vs control_15wks,TRUE
429,-2.281149939375119,23.61370315064354,-2.9555446664400247,0.023709866742921526,0.10198615938052935,-3.2389353967117946,miscanthus_sinensis_ssp_transmorrisonensis_6wks vs control_15wks,TRUE
4317,1.7949510979986236,18.16461220278974,2.9546478323964016,0.023738459403671766,0.10198615938052935,-3.240118635645604,miscanthus_sinensis_ssp_transmorrisonensis_6wks vs control_15wks,TRUE
4544,3.461237660707944,19.42453725346869,2.9537909010342105,0.02376581445829388,0.10198615938052935,-3.2412493144031496,miscanthus_sinensis_ssp_transmorrisonensis_6wks vs control_15wks,TRUE
1482,-3.732975299200266,19.991070753144868,-2.9410452950148707,0.024176697169148508,0.10356542617138795,-3.2580763204263694,miscanthus_sinensis_ssp_transmorrisonensis_6wks vs control_15wks,TRUE
897,-5.0051581840645305,19.87270724937143,-2.9335122676331187,0.02442311702134514,0.1044358419886192,-3.2680301458939844,miscanthus_sinensis_ssp_transmorrisonensis_6wks vs control_15wks,TRUE
3663,2.1664058692360406,20.475015609963634,2.931697787528795,0.024482873607196247,0.10450640041516984,-3.2704286670648615,miscanthus_sinensis_ssp_transmorrisonensis_6wks vs control_15wks,TRUE
2713,-3.1220642047431184,19.336784748064648,-2.927282735162811,0.02462893074225449,0.10494443857722548,-3.2762663489525043,miscanthus_sinensis_ssp_transmorrisonensis_6wks vs control_15wks,TRUE
483,-1.6781475374334853,23.785059773317617,-2.923874226352597,0.024742328340204355,0.10524201632030585,-3.2807746259485007,miscanthus_sinensis_ssp_transmorrisonensis_6wks vs control_15wks,TRUE
3921,1.7164798853588294,17.86383959961046,2.9166120669593107,0.024985802588463134,0.10602413484860994,-3.290384193401021,miscanthus_sinensis_ssp_transmorrisonensis_6wks vs control_15wks,TRUE
1088,4.27549152071656,19.179008595118518,2.915776741090999,0.02501397221179953,0.10602413484860994,-3.291489897383248,miscanthus_sinensis_ssp_transmorrisonensis_6wks vs control_15wks,TRUE
334,1.760271998803912,23.212193947939284,2.9131846766267437,0.025101600906409997,0.10620922555146507,-3.294921443028913,miscanthus_sinensis_ssp_transmorrisonensis_6wks vs control_15wks,TRUE
7180,2.1789081443198093,18.45422368695577,2.91113969482029,0.02517096659723752,0.10631653024287736,-3.297629238214448,miscanthus_sinensis_ssp_transmorrisonensis_6wks vs control_15wks,TRUE
442,-2.3538314057476732,23.547983553270665,-2.908147949274506,0.025272816474843047,0.10656042688171169,-3.3015914729050184,miscanthus_sinensis_ssp_transmorrisonensis_6wks vs control_15wks,TRUE
6986,-2.323070644264785,19.71682876174414,-2.905339676863507,0.02536882177220166,0.10662336064195171,-3.3053115942850324,miscanthus_sinensis_ssp_transmorrisonensis_6wks vs control_15wks,TRUE
5154,2.1869111645216712,19.87276317503977,2.9051299644661723,0.025376006775298936,0.10662336064195171,-3.3055894344868073,miscanthus_sinensis_ssp_transmorrisonensis_6wks vs control_15wks,TRUE
10274,2.571429942970447,18.929134982640466,2.9012243496794126,0.02551021667927341,0.10692724657240699,-3.310764699289933,miscanthus_sinensis_ssp_transmorrisonensis_6wks vs control_15wks,TRUE
2307,-1.7963697116525807,22.19512586342915,-2.9003890629744533,0.025539018396484293,0.10692724657240699,-3.3118717352053797,miscanthus_sinensis_ssp_transmorrisonensis_6wks vs control_15wks,TRUE
745,-4.41125065275142,19.878714574028926,-2.899170322482155,0.025581104519392068,0.10692724657240699,-3.3134871097466863,miscanthus_sinensis_ssp_transmorrisonensis_6wks vs control_15wks,TRUE
2463,-3.9435320352261236,19.605771516134173,-2.8937345614626473,0.025769720479685006,0.10752961084441964,-3.320693837253284,miscanthus_sinensis_ssp_transmorrisonensis_6wks vs control_15wks,TRUE
198,5.574838398697047,22.75382339550988,2.884249439764464,0.026102417755306563,0.10873007120141494,-3.333276665288549,miscanthus_sinensis_ssp_transmorrisonensis_6wks vs control_15wks,TRUE
4053,2.616794196312707,18.15863664765156,2.8790809441365486,0.026285637199110184,0.10930481837013804,-3.3401370758327835,miscanthus_sinensis_ssp_transmorrisonensis_6wks vs control_15wks,TRUE
384,-5.55573970066958,21.131425232145098,-2.872281435353755,0.026528771758543578,0.11008403008710027,-3.3491666252362142,miscanthus_sinensis_ssp_transmorrisonensis_6wks vs control_15wks,TRUE
7495,1.576046294084584,17.429822776642023,2.8690730625133694,0.026644329321233486,0.11008403008710027,-3.3534289008210103,miscanthus_sinensis_ssp_transmorrisonensis_6wks vs control_15wks,TRUE
1673,2.308483224824876,22.695675538162252,2.868861082882419,0.02665198321727166,0.11008403008710027,-3.353710549688294,miscanthus_sinensis_ssp_transmorrisonensis_6wks vs control_15wks,TRUE
3794,-1.962060933637126,22.02422860949874,-2.868769783536132,0.026655280463970882,0.11008403008710027,-3.3538318568961856,miscanthus_sinensis_ssp_transmorrisonensis_6wks vs control_15wks,TRUE
614,-1.9945201395784835,23.145660780210797,-2.8565647928331726,0.027100007408814384,0.11151986060749239,-3.370055947033475,miscanthus_sinensis_ssp_transmorrisonensis_6wks vs control_15wks,TRUE
5452,2.910828561191444,19.2186068937351,2.8554258738946965,0.02714190991610398,0.11151986060749239,-3.37157067806405,miscanthus_sinensis_ssp_transmorrisonensis_6wks vs control_15wks,TRUE
209,3.307858284229358,18.042441432584596,2.85495322508535,0.027159319671954143,0.11151986060749239,-3.3721993262091026,miscanthus_sinensis_ssp_transmorrisonensis_6wks vs control_15wks,TRUE
7868,2.1013010184842216,19.440179929923904,2.8541866360577903,0.02718758191134645,0.11151986060749239,-3.373218978070014,miscanthus_sinensis_ssp_transmorrisonensis_6wks vs control_15wks,TRUE
17394,-1.5522461445615328,17.55172274355072,-2.8508143552471696,0.02731228299428243,0.11184148426133281,-3.377705197498134,miscanthus_sinensis_ssp_transmorrisonensis_6wks vs control_15wks,TRUE
1912,2.844866547558592,17.470847659375096,2.8494740154883447,0.027362015891907548,0.11185555058350023,-3.3794885955029583,miscanthus_sinensis_ssp_transmorrisonensis_6wks vs control_15wks,TRUE
2,-3.547369526427101,28.848347011133132,-2.8458512997769105,0.02749692002654783,0.11221716010834384,-3.384309715593088,miscanthus_sinensis_ssp_transmorrisonensis_6wks vs control_15wks,TRUE
2879,-3.521828817531791,19.923380118007326,-2.842243998467202,0.027631955772166848,0.1124981275333901,-3.3891116098681455,miscanthus_sinensis_ssp_transmorrisonensis_6wks vs control_15wks,TRUE
3433,3.642425212696555,17.92867973138215,2.841526632075344,0.027658893938258988,0.1124981275333901,-3.390066691692634,miscanthus_sinensis_ssp_transmorrisonensis_6wks vs control_15wks,TRUE
896,-1.890361386090273,21.94393016795504,-2.8401989509878054,0.027708824278549718,0.11251179740668255,-3.3918344628078043,miscanthus_sinensis_ssp_transmorrisonensis_6wks vs control_15wks,TRUE
5030,1.626301593265481,21.630914337602498,2.8246392564878433,0.028301200760956588,0.11471120070303041,-3.4125645400283027,miscanthus_sinensis_ssp_transmorrisonensis_6wks vs control_15wks,TRUE
4283,2.400008557599861,18.72754123501933,2.8234911720144718,0.02834544156444915,0.11471120070303041,-3.414095048726629,miscanthus_sinensis_ssp_transmorrisonensis_6wks vs control_15wks,TRUE
9192,2.228243087577951,17.953819271370847,2.817785807885856,0.028566390868892455,0.1154120407010772,-3.4217027161932143,miscanthus_sinensis_ssp_transmorrisonensis_6wks vs control_15wks,TRUE
6965,2.3769768013323933,18.215850352821054,2.810709647275757,0.028842979732199275,0.11633495664940476,-3.4311425060996954,miscanthus_sinensis_ssp_transmorrisonensis_6wks vs control_15wks,TRUE
5675,-3.117478350589238,19.01754896671399,-2.8084116603365943,0.028933414814825028,0.11643932358281209,-3.4342090915326344,miscanthus_sinensis_ssp_transmorrisonensis_6wks vs control_15wks,TRUE
1491,-4.554086767476321,20.6602824447173,-2.8052039338432877,0.029060157295691114,0.11643932358281209,-3.438490514597758,miscanthus_sinensis_ssp_transmorrisonensis_6wks vs control_15wks,TRUE
12619,1.4206572497596177,18.03469542495296,2.804033409025174,0.029106553795484224,0.11643932358281209,-3.4400530771871303,miscanthus_sinensis_ssp_transmorrisonensis_6wks vs control_15wks,TRUE
7775,1.6961098330072772,17.998491861803018,2.803049062736539,0.0291456317445647,0.11643932358281209,-3.441367203396637,miscanthus_sinensis_ssp_transmorrisonensis_6wks vs control_15wks,TRUE
3071,2.0271979219067724,17.482653271711115,2.800701553012767,0.029239052157869865,0.11643932358281209,-3.444501546180881,miscanthus_sinensis_ssp_transmorrisonensis_6wks vs control_15wks,TRUE
10751,1.9490075052783098,18.085999287052125,2.8003445838203604,0.029253285848857735,0.11643932358281209,-3.444978207883677,miscanthus_sinensis_ssp_transmorrisonensis_6wks vs control_15wks,TRUE
369,-2.7258593544034753,25.570731785317875,-2.7998000910530845,0.029275011015953933,0.11643932358281209,-3.445705292723888,miscanthus_sinensis_ssp_transmorrisonensis_6wks vs control_15wks,TRUE
713,-3.936382863641029,22.67167189073965,-2.7993195316235675,0.029294199527544616,0.11643932358281209,-3.4463470271832803,miscanthus_sinensis_ssp_transmorrisonensis_6wks vs control_15wks,TRUE
5367,1.5606512051141266,20.380597216419062,2.79910897351631,0.029302611232760657,0.11643932358281209,-3.4466282111292226,miscanthus_sinensis_ssp_transmorrisonensis_6wks vs control_15wks,TRUE
2793,-1.7905283846409148,18.480503626466017,-2.7972007826291994,0.029378960005509273,0.1165006698030487,-3.4491766363057383,miscanthus_sinensis_ssp_transmorrisonensis_6wks vs control_15wks,TRUE
799,-4.195207887442148,20.013861603493474,-2.7963145705649457,0.02941449030623332,0.1165006698030487,-3.4503603024289586,miscanthus_sinensis_ssp_transmorrisonensis_6wks vs control_15wks,TRUE
4759,3.6923040016647626,19.357833255185813,2.778575293018604,0.030135404073325836,0.11913954797221805,-3.4740686139464123,miscanthus_sinensis_ssp_transmorrisonensis_6wks vs control_15wks,TRUE
18068,-1.398870469989582,17.888666092920058,-2.777507631082856,0.030179388807532057,0.11913954797221805,-3.475496425365666,miscanthus_sinensis_ssp_transmorrisonensis_6wks vs control_15wks,TRUE
2702,3.4098786608326392,20.109009510083556,2.773269505756563,0.0303546625462217,0.11952309601010971,-3.481165166555036,miscanthus_sinensis_ssp_transmorrisonensis_6wks vs control_15wks,TRUE
536,3.6734848387059387,17.83928480652379,2.77276765671694,0.030375488803893777,0.11952309601010971,-3.4818365232779853,miscanthus_sinensis_ssp_transmorrisonensis_6wks vs control_15wks,TRUE
3801,-2.8344668234786674,19.834674056050968,-2.76660750821423,0.030632370584421493,0.12033789810075174,-3.490079147650483,miscanthus_sinensis_ssp_transmorrisonensis_6wks vs control_15wks,TRUE
1128,2.2639474968176856,17.846720308114403,2.7625740230830407,0.030801819684975647,0.12080713694626813,-3.49547795376756,miscanthus_sinensis_ssp_transmorrisonensis_6wks vs control_15wks,TRUE
7944,-2.236635994641837,18.392769458290786,-2.760557505108663,0.03088690807698756,0.12094452174068386,-3.4981775792712217,miscanthus_sinensis_ssp_transmorrisonensis_6wks vs control_15wks,TRUE
175,6.779100463659034,22.22225097995319,2.75756810586481,0.03101350780125484,0.12124374570846552,-3.502180293233569,miscanthus_sinensis_ssp_transmorrisonensis_6wks vs control_15wks,TRUE
6656,2.3749786834754474,17.655431955122538,2.755705307633519,0.031092675216049744,0.12124775828977721,-3.504674906493794,miscanthus_sinensis_ssp_transmorrisonensis_6wks vs control_15wks,TRUE
2213,-4.517354918943187,19.62577013025432,-2.7551831532771685,0.031114904859131567,0.12124775828977721,-3.505374215330348,miscanthus_sinensis_ssp_transmorrisonensis_6wks vs control_15wks,TRUE
2080,2.5544338477167763,18.473262756714778,2.751139709976814,0.03128761874839617,0.12160832768312424,-3.5107902794161268,miscanthus_sinensis_ssp_transmorrisonensis_6wks vs control_15wks,TRUE
1674,-3.3453687310915896,19.293285824330955,-2.750661693312662,0.03130810422967851,0.12160832768312424,-3.5114306582681944,miscanthus_sinensis_ssp_transmorrisonensis_6wks vs control_15wks,TRUE
7591,2.219261925136518,17.715333588417973,2.7476812964153665,0.031436151344429175,0.12190969766956804,-3.5154238011533314,miscanthus_sinensis_ssp_transmorrisonensis_6wks vs control_15wks,TRUE
136,-1.8824433540034597,26.2225089727651,-2.7464967465832233,0.03148719763297978,0.12191197032256275,-3.5170110691690817,miscanthus_sinensis_ssp_transmorrisonensis_6wks vs control_15wks,TRUE
8882,1.653598511420718,17.973649998188773,2.743988196267219,0.03159559040476299,0.12213591426865181,-3.520372849488624,miscanthus_sinensis_ssp_transmorrisonensis_6wks vs control_15wks,TRUE
3863,-3.0328220865015574,18.08994800904786,-2.741442450504423,0.031705995487346365,0.12236690910132399,-3.5237850072632404,miscanthus_sinensis_ssp_transmorrisonensis_6wks vs control_15wks,TRUE
100,2.5902451912990685,17.90702805495978,2.7347160347518544,0.03199968498640697,0.12330341136708012,-3.5328032243574565,miscanthus_sinensis_ssp_transmorrisonensis_6wks vs control_15wks,TRUE
5904,2.7821497572183915,18.91079521078104,2.7290248504163355,0.03225042885635151,0.12407171356201473,-3.540436350641396,miscanthus_sinensis_ssp_transmorrisonensis_6wks vs control_15wks,TRUE
1727,3.5774028958399455,18.534286495089503,2.7216514308443953,0.03257839282353972,0.12513417656863587,-3.5503295681332316,miscanthus_sinensis_ssp_transmorrisonensis_6wks vs control_15wks,TRUE
2883,-2.3012653663528866,20.891774071545377,-2.717517957231673,0.032763792049092653,0.12560275350262476,-3.5558774926674737,miscanthus_sinensis_ssp_transmorrisonensis_6wks vs control_15wks,TRUE
9031,2.7559481875462737,18.631490814990105,2.7166167682907716,0.032804361531521616,0.12560275350262476,-3.557087240454132,miscanthus_sinensis_ssp_transmorrisonensis_6wks vs control_15wks,TRUE
2314,-3.0946769545284454,19.241147670877602,-2.693963374152367,0.03384185208391724,0.1292525855150269,-3.5875173470102073,miscanthus_sinensis_ssp_transmorrisonensis_6wks vs control_15wks,TRUE
6456,2.0165424508186156,17.975769209605104,2.693474840185968,0.03386460539363081,0.1292525855150269,-3.588174014466648,miscanthus_sinensis_ssp_transmorrisonensis_6wks vs control_15wks,TRUE
6143,1.9992205436404014,17.9799132817558,2.690240643359165,0.034015646174766295,0.12962429204768985,-3.5925217320935574,miscanthus_sinensis_ssp_transmorrisonensis_6wks vs control_15wks,TRUE
6987,-2.59919676671689,18.781448671127528,-2.6872214233315135,0.034157290985418275,0.12995907877286703,-3.596581146524585,miscanthus_sinensis_ssp_transmorrisonensis_6wks vs control_15wks,TRUE
2004,1.3800906293869772,22.62864603356368,2.685413931540537,0.03424238695133858,0.13007799823024213,-3.5990116793350833,miscanthus_sinensis_ssp_transmorrisonensis_6wks vs control_15wks,TRUE
3697,3.498954569710442,19.308787856062608,2.675434085849996,0.03471629008931477,0.13167120385523465,-3.612435781910351,miscanthus_sinensis_ssp_transmorrisonensis_6wks vs control_15wks,TRUE
2332,-2.918756476938384,21.129082070405662,-2.6731470519150933,0.034825866303771255,0.13187976957666356,-3.615513112129616,miscanthus_sinensis_ssp_transmorrisonensis_6wks vs control_15wks,TRUE
472,1.7542537774787696,17.30988733513596,2.6685120238394924,0.035049062744023175,0.13221764715240478,-3.6217509157823375,miscanthus_sinensis_ssp_transmorrisonensis_6wks vs control_15wks,TRUE
6154,2.609047078602728,19.108066131149926,2.667904140070743,0.035078446946906816,0.13221764715240478,-3.622569113807871,miscanthus_sinensis_ssp_transmorrisonensis_6wks vs control_15wks,TRUE
4750,2.6056512301023176,18.85937201541656,2.665763656439382,0.03518212224467702,0.13221764715240478,-3.625450359369794,miscanthus_sinensis_ssp_transmorrisonensis_6wks vs control_15wks,TRUE
5411,2.3665238433165108,19.132340025741144,2.665668169640831,0.035186754731904274,0.13221764715240478,-3.6255788988173667,miscanthus_sinensis_ssp_transmorrisonensis_6wks vs control_15wks,TRUE
3231,2.423776237198247,20.386550031156965,2.6647712014371994,0.03523030211873196,0.13221764715240478,-3.626786381999907,miscanthus_sinensis_ssp_transmorrisonensis_6wks vs control_15wks,TRUE
1843,2.001686878301644,17.795396651708103,2.6635907903386102,0.03528769735928163,0.13221764715240478,-3.628375514802308,miscanthus_sinensis_ssp_transmorrisonensis_6wks vs control_15wks,TRUE
3638,2.8916606209880875,17.975980984649986,2.6633755937853634,0.03529817152868422,0.13221764715240478,-3.6286652341823618,miscanthus_sinensis_ssp_transmorrisonensis_6wks vs control_15wks,TRUE
12362,1.515049629388404,17.26875344412176,2.6457607570446626,0.03616677010039392,0.13507858775009352,-3.652390613680197,miscanthus_sinensis_ssp_transmorrisonensis_6wks vs control_15wks,TRUE
9025,1.8623139948335314,18.177834637331216,2.64562047474504,0.03617377743141991,0.13507858775009352,-3.652579641424702,miscanthus_sinensis_ssp_transmorrisonensis_6wks vs control_15wks,TRUE
16819,1.4423727457108662,17.760659092397297,2.6397640308625414,0.03646759913760818,0.1357883012432937,-3.6604722163678023,miscanthus_sinensis_ssp_transmorrisonensis_6wks vs control_15wks,TRUE
7453,-1.4612675397333028,19.812746701829976,-2.6395924604604932,0.03647624482901391,0.1357883012432937,-3.6607034702731718,miscanthus_sinensis_ssp_transmorrisonensis_6wks vs control_15wks,TRUE
6215,-2.2357435005592805,19.861624879449163,-2.6318076399971777,0.03687081832233534,0.13690858451698373,-3.6711983132748855,miscanthus_sinensis_ssp_transmorrisonensis_6wks vs control_15wks,TRUE
2081,4.28195623044466,20.132914553032904,2.631421302094085,0.03689051677175348,0.13690858451698373,-3.6717192401259897,miscanthus_sinensis_ssp_transmorrisonensis_6wks vs control_15wks,TRUE
5886,2.287168213043568,17.572863887058215,2.626035249186047,0.03716629797043883,0.137720515178804,-3.6789825937204417,miscanthus_sinensis_ssp_transmorrisonensis_6wks vs control_15wks,TRUE
4085,2.440400346146429,18.366173648365418,2.62334849783079,0.03730467932295492,0.1380216006803355,-3.682606468890703,miscanthus_sinensis_ssp_transmorrisonensis_6wks vs control_15wks,TRUE
7805,-1.3398711121863798,17.59927022564565,-2.621450490769479,0.03740276373188499,0.13817290088109194,-3.6851667523534313,miscanthus_sinensis_ssp_transmorrisonensis_6wks vs control_15wks,TRUE
2975,1.7825305637406643,21.250634012390755,2.6195358826604624,0.03750198156044406,0.13832791977104253,-3.687749647858453,miscanthus_sinensis_ssp_transmorrisonensis_6wks vs control_15wks,TRUE
5388,2.103613485871122,20.001568298009285,2.612161913507236,0.037886711031896364,0.13953398453210614,-3.6976994988434173,miscanthus_sinensis_ssp_transmorrisonensis_6wks vs control_15wks,TRUE
6066,-2.6189276810736217,19.280760883945966,-2.608902331060199,0.03805810006597223,0.13995185655919165,-3.7020987309083604,miscanthus_sinensis_ssp_transmorrisonensis_6wks vs control_15wks,TRUE
5415,1.7278686873606972,21.399383934932487,2.60485620812745,0.03827198238356274,0.1404914334685983,-3.7075603480817128,miscanthus_sinensis_ssp_transmorrisonensis_6wks vs control_15wks,TRUE
6415,2.3258519702149627,19.243451735345698,2.60314774991021,0.03836267310007089,0.1404914334685983,-3.7098667711088815,miscanthus_sinensis_ssp_transmorrisonensis_6wks vs control_15wks,TRUE
2395,-4.057189882548553,20.20519936999966,-2.6028353214130173,0.038379282321719735,0.1404914334685983,-3.710288568138355,miscanthus_sinensis_ssp_transmorrisonensis_6wks vs control_15wks,TRUE
86,-2.229039290087968,22.46383705477393,-2.601140219083334,0.03846952889594402,0.14060874706898754,-3.7125771521946827,miscanthus_sinensis_ssp_transmorrisonensis_6wks vs control_15wks,TRUE
9200,1.9948713478479938,18.084947914654023,2.59617975406386,0.03873490805148451,0.14136486080420932,-3.7192752692260114,miscanthus_sinensis_ssp_transmorrisonensis_6wks vs control_15wks,TRUE
4279,2.9513690061895126,19.461618536964373,2.5942497838215117,0.03883867940627435,0.14152978800235116,-3.7218816735064943,miscanthus_sinensis_ssp_transmorrisonensis_6wks vs control_15wks,TRUE
3507,-2.698519188074332,20.064150654172842,-2.576655547986536,0.039798291949104864,0.14480824299553818,-3.7456516400865905,miscanthus_sinensis_ssp_transmorrisonensis_6wks vs control_15wks,TRUE
531,-4.126203525400744,20.473738382973153,-2.573466909638692,0.03997485726509356,0.1450886713848956,-3.7499612288015594,miscanthus_sinensis_ssp_transmorrisonensis_6wks vs control_15wks,TRUE
7170,2.2272406974562777,18.862128838099466,2.5730956272398964,0.03999546984368397,0.1450886713848956,-3.750463066860911,miscanthus_sinensis_ssp_transmorrisonensis_6wks vs control_15wks,TRUE
64,6.507308473286045,23.07851438718574,2.567535978229223,0.04030546593087086,0.14589328165328186,-3.757978495564241,miscanthus_sinensis_ssp_transmorrisonensis_6wks vs control_15wks,TRUE
162,-4.634544327177135,20.74057753234183,-2.5669543313849967,0.04033804310612263,0.14589328165328186,-3.758764842360221,miscanthus_sinensis_ssp_transmorrisonensis_6wks vs control_15wks,TRUE
2842,-2.801614779845192,18.928557083334994,-2.564754681978588,0.0404614925657259,0.14612102546904898,-3.7617387662246347,miscanthus_sinensis_ssp_transmorrisonensis_6wks vs control_15wks,TRUE
962,4.535196016902372,20.700227600313898,2.561162998698771,0.040663920109162525,0.1466328820652786,-3.7665952174826014,miscanthus_sinensis_ssp_transmorrisonensis_6wks vs control_15wks,TRUE
861,-2.2149278063000963,21.4949975749992,-2.5545499208432894,0.04103942087155115,0.1477663797699964,-3.7755385997098614,miscanthus_sinensis_ssp_transmorrisonensis_6wks vs control_15wks,TRUE
2647,-3.7112175504355562,19.22016658747001,-2.551810062886642,0.04119605931038632,0.14810964180638891,-3.7792445151475578,miscanthus_sinensis_ssp_transmorrisonensis_6wks vs control_15wks,TRUE
2630,3.3226569166439077,20.258889167599328,2.548279268698058,0.04139884181316954,0.14861753613761902,-3.784020746730332,miscanthus_sinensis_ssp_transmorrisonensis_6wks vs control_15wks,TRUE
3598,2.155666841363203,18.791637634838267,2.5455866756132703,0.04155418822646042,0.14895388539336554,-3.787663487066494,miscanthus_sinensis_ssp_transmorrisonensis_6wks vs control_15wks,TRUE
1035,3.6576413084937585,18.677636274827503,2.5429563914855633,0.041706530477672865,0.1492784853837891,-3.791222238627022,miscanthus_sinensis_ssp_transmorrisonensis_6wks vs control_15wks,TRUE
4482,-2.375183862843272,19.545174006555506,-2.5408765870239836,0.041827404534286135,0.1494187544922981,-3.794036408420971,miscanthus_sinensis_ssp_transmorrisonensis_6wks vs control_15wks,TRUE
12314,-2.347317552866464,17.869024347625093,-2.540155285221193,0.04186941092354545,0.1494187544922981,-3.7950124405773087,miscanthus_sinensis_ssp_transmorrisonensis_6wks vs control_15wks,TRUE
2771,1.922128824738646,18.042024711799574,2.5360878896553296,0.04210711316947749,0.1499744123267314,-3.800516665236011,miscanthus_sinensis_ssp_transmorrisonensis_6wks vs control_15wks,TRUE
2500,-4.838364801055654,19.70006560668941,-2.5353691188411194,0.04214926571599777,0.1499744123267314,-3.801489418003104,miscanthus_sinensis_ssp_transmorrisonensis_6wks vs control_15wks,TRUE
798,1.6938186487588567,22.242887994533547,2.5332474553071096,0.04227394962713101,0.15019685632227722,-3.8043609091868467,miscanthus_sinensis_ssp_transmorrisonensis_6wks vs control_15wks,TRUE
3168,-1.388804899735554,22.922135082730772,-2.531176719636655,0.04239601359517739,0.15026726525570988,-3.8071636525946126,miscanthus_sinensis_ssp_transmorrisonensis_6wks vs control_15wks,TRUE
585,4.324434790624483,21.3823253571236,2.53061861662909,0.042428975350390676,0.15026726525570988,-3.807919075687908,miscanthus_sinensis_ssp_transmorrisonensis_6wks vs control_15wks,TRUE
2079,3.349444612061557,20.81785143145181,2.5297495392084843,0.042480356858298776,0.15026726525570988,-3.8090954448984853,miscanthus_sinensis_ssp_transmorrisonensis_6wks vs control_15wks,TRUE
1627,2.309313228641642,19.038559194584657,2.5265004132594,0.04267302979366564,0.1507281286279184,-3.8134936785657287,miscanthus_sinensis_ssp_transmorrisonensis_6wks vs control_15wks,TRUE
10,1.6316443198169956,23.439599455676053,2.5234910750463673,0.04285230034516371,0.15114037610790587,-3.8175676932591642,miscanthus_sinensis_ssp_transmorrisonensis_6wks vs control_15wks,TRUE
3183,4.0827639019712265,19.578613485556296,2.5216786839732634,0.042960647638947594,0.15130163949810113,-3.820021462554699,miscanthus_sinensis_ssp_transmorrisonensis_6wks vs control_15wks,TRUE
1566,3.4519623191155198,18.848021542754328,2.520299080281038,0.04304331465601926,0.15137212257487995,-3.82188937247378,miscanthus_sinensis_ssp_transmorrisonensis_6wks vs control_15wks,TRUE
15001,-1.4024970232965508,18.386895160080645,-2.518330115486418,0.043161585418161334,0.15156742786377586,-3.824555371937329,miscanthus_sinensis_ssp_transmorrisonensis_6wks vs control_15wks,TRUE
20784,1.2903669472705381,17.13454822174832,2.5164290751624443,0.043276099131954855,0.1516815944799138,-3.8271295400773933,miscanthus_sinensis_ssp_transmorrisonensis_6wks vs control_15wks,TRUE
137,-2.2194949235087442,25.64572820939993,-2.5154353524955257,0.04333608498821323,0.1516815944799138,-3.8284751778376735,miscanthus_sinensis_ssp_transmorrisonensis_6wks vs control_15wks,TRUE
124,-3.407935458043344,24.578734177918587,-2.514668377706967,0.04338244279206144,0.1516815944799138,-3.829513792751333,miscanthus_sinensis_ssp_transmorrisonensis_6wks vs control_15wks,TRUE
11081,1.90168792539275,18.883193415860433,2.512993260467421,0.04348387156318195,0.15181652268301676,-3.8317822632237357,miscanthus_sinensis_ssp_transmorrisonensis_6wks vs control_15wks,TRUE
3294,2.3111071020364804,18.014561415830013,2.509156836014859,0.043717104634667193,0.15194947940331122,-3.8369779956187586,miscanthus_sinensis_ssp_transmorrisonensis_6wks vs control_15wks,TRUE
6834,-2.0433610579414854,19.09509910456309,-2.5088917766225487,0.043733267048080865,0.15194947940331122,-3.837336989456723,miscanthus_sinensis_ssp_transmorrisonensis_6wks vs control_15wks,TRUE
153,-1.9060299542940413,24.380535946278727,-2.5086984560080263,0.04374505902110105,0.15194947940331122,-3.8375988225789275,miscanthus_sinensis_ssp_transmorrisonensis_6wks vs control_15wks,TRUE
1502,1.3116997686462852,22.82257714379782,2.5082319935956603,0.04377352552347045,0.15194947940331122,-3.838230603980542,miscanthus_sinensis_ssp_transmorrisonensis_6wks vs control_15wks,TRUE
3410,3.671348959455628,19.858300788987446,2.505978458269251,0.04391132393100564,0.15217296336290428,-3.8412829233982966,miscanthus_sinensis_ssp_transmorrisonensis_6wks vs control_15wks,TRUE
169,-4.458069731049754,20.21296196221921,-2.5042915462775386,0.04401477171848939,0.15217296336290428,-3.8435678916354683,miscanthus_sinensis_ssp_transmorrisonensis_6wks vs control_15wks,TRUE
5126,2.30891745969582,18.612926139763534,2.5026673748554584,0.04411461300669501,0.15217296336290428,-3.8457679691189566,miscanthus_sinensis_ssp_transmorrisonensis_6wks vs control_15wks,TRUE
3378,-3.2899082895426517,20.582222563718673,-2.502380192729235,0.04413229134630641,0.15217296336290428,-3.8461569910067754,miscanthus_sinensis_ssp_transmorrisonensis_6wks vs control_15wks,TRUE
372,4.168955492279775,22.76618396254875,2.5020466288745755,0.04415283415455128,0.15217296336290428,-3.8466088459244676,miscanthus_sinensis_ssp_transmorrisonensis_6wks vs control_15wks,TRUE
10516,1.7240325508174195,18.14582360205561,2.5006684334210196,0.04423781759217022,0.15224867137134365,-3.848475828103215,miscanthus_sinensis_ssp_transmorrisonensis_6wks vs control_15wks,TRUE
4650,1.3535212137783148,17.588501594026514,2.498124283328674,0.044395146911823544,0.15257279507676486,-3.851922446962403,miscanthus_sinensis_ssp_transmorrisonensis_6wks vs control_15wks,TRUE
200,-2.3926116067814824,26.103985275393025,-2.4946478394695153,0.04461107578581098,0.15309710099221494,-3.856632412107401,miscanthus_sinensis_ssp_transmorrisonensis_6wks vs control_15wks,TRUE
2264,2.8681437200012354,19.037880113231548,2.4935334533255733,0.04468052477446782,0.15311794022002023,-3.8581422910317817,miscanthus_sinensis_ssp_transmorrisonensis_6wks vs control_15wks,TRUE
7845,2.5248683470956053,19.366309627391054,2.491616996917739,0.04480022361069313,0.15331068023149377,-3.8607389859446406,miscanthus_sinensis_ssp_transmorrisonensis_6wks vs control_15wks,TRUE
2542,-2.3569478488531033,18.757566906280992,-2.489636454196573,0.044924277505530144,0.15351775735977485,-3.8634226364792754,miscanthus_sinensis_ssp_transmorrisonensis_6wks vs control_15wks,TRUE
16601,1.3178104871120482,17.485726907111456,2.4864129547666423,0.045126954051456995,0.153800381386516,-3.8677907636265476,miscanthus_sinensis_ssp_transmorrisonensis_6wks vs control_15wks,TRUE
2241,-4.487300948307567,20.321270984708896,-2.486296393847002,0.04513430066350987,0.153800381386516,-3.867948719963943,miscanthus_sinensis_ssp_transmorrisonensis_6wks vs control_15wks,TRUE
3489,2.422065799812966,17.911062360051353,2.4823122928084627,0.04538616391107441,0.1543674113346836,-3.8733479795543233,miscanthus_sinensis_ssp_transmorrisonensis_6wks vs control_15wks,TRUE
7963,1.9400895192010665,18.05192043872296,2.481400171501833,0.045444031889917386,0.1543674113346836,-3.874584154010184,miscanthus_sinensis_ssp_transmorrisonensis_6wks vs control_15wks,TRUE
5372,1.3419124301463867,17.57282211654804,2.480638989161675,0.045492382810552456,0.1543674113346836,-3.8756157834114133,miscanthus_sinensis_ssp_transmorrisonensis_6wks vs control_15wks,TRUE
1445,3.5253706116707875,18.20867205993957,2.4782939975409275,0.045641676687764116,0.154515237543775,-3.8787940527770655,miscanthus_sinensis_ssp_transmorrisonensis_6wks vs control_15wks,TRUE
877,2.392943695698097,21.268477467225562,2.477946283192548,0.04566385745292026,0.154515237543775,-3.8792653386080636,miscanthus_sinensis_ssp_transmorrisonensis_6wks vs control_15wks,TRUE
1533,2.470563152029996,19.02351734035419,2.476072205738919,0.04578359924054849,0.15470374232890233,-3.8818054887023328,miscanthus_sinensis_ssp_transmorrisonensis_6wks vs control_15wks,TRUE
955,-4.42325414258956,20.40847663296916,-2.4749255545405537,0.04585702472269729,0.15473543537714615,-3.883359723889936,miscanthus_sinensis_ssp_transmorrisonensis_6wks vs control_15wks,TRUE
3847,1.4280972199042026,18.411583454054366,2.4738934572036646,0.045923219942731755,0.15474267696184088,-3.8847587175159166,miscanthus_sinensis_ssp_transmorrisonensis_6wks vs control_15wks,TRUE
6434,2.3791006945783124,17.922070237342098,2.467450672769285,0.046338699892050014,0.15592520743620172,-3.8934924730201623,miscanthus_sinensis_ssp_transmorrisonensis_6wks vs control_15wks,TRUE
1497,-4.156613742550434,20.11682191611783,-2.465666775773976,0.0464544314754303,0.15609722732216913,-3.8959108935821782,miscanthus_sinensis_ssp_transmorrisonensis_6wks vs control_15wks,TRUE
269,-1.94645081545017,25.271407334926657,-2.4634593474393767,0.04659805767061469,0.15623125188547796,-3.898903605588931,miscanthus_sinensis_ssp_transmorrisonensis_6wks vs control_15wks,TRUE
3,-1.6310168948631016,30.248832378031192,-2.4630667943902265,0.04662364760324073,0.15623125188547796,-3.8994358205916195,miscanthus_sinensis_ssp_transmorrisonensis_6wks vs control_15wks,TRUE
131,4.10891115927884,19.70848839370116,2.4562921645665465,0.0470675927453944,0.15750042115356352,-3.9086213088481565,miscanthus_sinensis_ssp_transmorrisonensis_6wks vs control_15wks,TRUE
357,1.6570071585057882,23.355766700704315,2.453887783742839,0.04722621132696826,0.15781262318942646,-3.9118815861607925,miscanthus_sinensis_ssp_transmorrisonensis_6wks vs control_15wks,TRUE
7114,1.2456473410363493,20.6799874647193,2.4526194147010103,0.047310110956505225,0.1578746244073434,-3.913601514157928,miscanthus_sinensis_ssp_transmorrisonensis_6wks vs control_15wks,TRUE
6759,-3.0480323409006402,18.516154495786434,-2.4496664535753925,0.04750604503090514,0.15830979971678183,-3.9176059130755854,miscanthus_sinensis_ssp_transmorrisonensis_6wks vs control_15wks,TRUE
9097,1.3434817805023869,18.869936944309188,2.446470318020213,0.04771906769512433,0.15862752341505418,-3.921940283318804,miscanthus_sinensis_ssp_transmorrisonensis_6wks vs control_15wks,TRUE
116,1.4695038366472062,26.841333459796314,2.446266249926241,0.047732702617029964,0.15862752341505418,-3.9222170331515964,miscanthus_sinensis_ssp_transmorrisonensis_6wks vs control_15wks,TRUE
9606,-2.069732864917647,19.320260209062788,-2.441504804582346,0.048051996380469156,0.15945847680350442,-3.9286745751249037,miscanthus_sinensis_ssp_transmorrisonensis_6wks vs control_15wks,TRUE
11586,1.4173555033456111,18.935327039642086,2.440572911983256,0.048114747346752786,0.15945847680350442,-3.92993847420389,miscanthus_sinensis_ssp_transmorrisonensis_6wks vs control_15wks,TRUE
2431,-4.1442951097488105,19.634959491048424,-2.437410698378594,0.048328318775089724,0.15994687419262574,-3.9342274171740566,miscanthus_sinensis_ssp_transmorrisonensis_6wks vs control_15wks,TRUE
3537,1.6820298899039159,17.69266076488043,2.4346786940305596,0.048513629480590625,0.16032320894551236,-3.9379330122697724,miscanthus_sinensis_ssp_transmorrisonensis_6wks vs control_15wks,TRUE
2893,3.2741566953910315,18.349079671200933,2.4329857018644634,0.0486288356323726,0.16032320894551236,-3.9402293947246574,miscanthus_sinensis_ssp_transmorrisonensis_6wks vs control_15wks,TRUE
7704,2.59509949336217,18.341765039340892,2.4328056305601247,0.048641106025273405,0.16032320894551236,-3.940473647237213,miscanthus_sinensis_ssp_transmorrisonensis_6wks vs control_15wks,TRUE
2639,3.9234768563845144,19.97740627702928,2.4259976576163504,0.049107386390732366,0.16163957155314632,-3.9497085250023964,miscanthus_sinensis_ssp_transmorrisonensis_6wks vs control_15wks,TRUE
2394,2.5156582230453246,18.52486076044132,2.4213221632756015,0.04943030511792806,0.1624811117889989,-3.956051163408413,miscanthus_sinensis_ssp_transmorrisonensis_6wks vs control_15wks,TRUE
854,2.223531177709905,22.561994311906187,2.4143144984843,0.0499184404785448,0.16386270678826664,-3.965558139415314,miscanthus_sinensis_ssp_transmorrisonensis_6wks vs control_15wks,TRUE
2905,2.994937046046317,20.429608909422235,2.4070292156840662,0.05043123073752245,0.1653213751178484,-3.9754424049529784,miscanthus_sinensis_ssp_transmorrisonensis_6wks vs control_15wks,FALSE
533,2.9274071835894553,22.90154893640676,2.4046959460516253,0.05059661801857106,0.1656170223084723,-3.9786081808944243,miscanthus_sinensis_ssp_transmorrisonensis_6wks vs control_15wks,FALSE
4975,-3.32576101321121,19.872956840058,-2.4038247038716363,0.050658517999156064,0.1656170223084723,-3.9797902950643227,miscanthus_sinensis_ssp_transmorrisonensis_6wks vs control_15wks,FALSE
1647,3.8678190147336586,19.608629105140047,2.401744699128065,0.050806616438247465,0.16578381071379494,-3.9826125062330973,miscanthus_sinensis_ssp_transmorrisonensis_6wks vs control_15wks,FALSE
1808,-2.8213486510538175,20.66346370114008,-2.4008081272801878,0.05087344808774173,0.16578381071379494,-3.9838832876951806,miscanthus_sinensis_ssp_transmorrisonensis_6wks vs control_15wks,FALSE
3738,-2.188620774033506,21.21492692036666,-2.400220979369063,0.05091539219769696,0.16578381071379494,-3.984679959659255,miscanthus_sinensis_ssp_transmorrisonensis_6wks vs control_15wks,FALSE
4912,-1.9405995926005062,20.301096256943545,-2.398938566110116,0.051007128957289795,0.16585898191226398,-3.9864200135214105,miscanthus_sinensis_ssp_transmorrisonensis_6wks vs control_15wks,FALSE
5267,2.2183645134887335,19.339301636362592,2.3961077790309235,0.05121023600691776,0.1660881904959572,-3.990261041933285,miscanthus_sinensis_ssp_transmorrisonensis_6wks vs control_15wks,FALSE
7983,-1.2660651582647944,18.42055821606911,-2.3960400136060644,0.05121510841038415,0.1660881904959572,-3.990352992047601,miscanthus_sinensis_ssp_transmorrisonensis_6wks vs control_15wks,FALSE
5425,-2.6122427129970056,19.100250389780605,-2.385164939408802,0.052003307036171245,0.1682905820048956,-4.005109668040113,miscanthus_sinensis_ssp_transmorrisonensis_6wks vs control_15wks,FALSE
471,1.2607812201016912,24.619699128566335,2.384751035372142,0.05203355329373221,0.1682905820048956,-4.0056713193291,miscanthus_sinensis_ssp_transmorrisonensis_6wks vs control_15wks,FALSE
875,2.7409498354783075,18.026573469321065,2.382259511213045,0.052216008734835936,0.16865491591358772,-4.009052235558258,miscanthus_sinensis_ssp_transmorrisonensis_6wks vs control_15wks,FALSE
3104,1.6506544407781938,21.815314338478828,2.3751973027774937,0.052736792235937316,0.17010959952206217,-4.018635550247294,miscanthus_sinensis_ssp_transmorrisonensis_6wks vs control_15wks,FALSE
2338,1.7354727761995754,18.23936385800324,2.372243180640791,0.05295623077577262,0.17045505269773548,-4.022644291942342,miscanthus_sinensis_ssp_transmorrisonensis_6wks vs control_15wks,FALSE
6819,-1.8550194212907734,19.415686961627493,-2.371856910827269,0.05298499361589377,0.17045505269773548,-4.023168460985255,miscanthus_sinensis_ssp_transmorrisonensis_6wks vs control_15wks,FALSE
1969,3.7919431434531745,20.222176716617575,2.3674075012834876,0.05331748009929535,0.1709874026460096,-4.029206332200599,miscanthus_sinensis_ssp_transmorrisonensis_6wks vs control_15wks,FALSE
8012,-1.827248276829934,18.360424415256915,-2.367180117335372,0.053334529541892405,0.1709874026460096,-4.029514893718098,miscanthus_sinensis_ssp_transmorrisonensis_6wks vs control_15wks,FALSE
2407,-3.535041427988496,18.696601707714713,-2.3659106023786824,0.053429822715428996,0.1709874026460096,-4.031237634007137,miscanthus_sinensis_ssp_transmorrisonensis_6wks vs control_15wks,FALSE
6,-1.789828860992575,28.534596739572095,-2.3658608170530075,0.05343356332687799,0.1709874026460096,-4.03130519302664,miscanthus_sinensis_ssp_transmorrisonensis_6wks vs control_15wks,FALSE
3370,2.8730502911613307,20.35539719939488,2.3637007589225694,0.05359612040736923,0.17128072341825934,-4.03423640555085,miscanthus_sinensis_ssp_transmorrisonensis_6wks vs control_15wks,FALSE
18814,1.388507846893127,17.231538304427854,2.361669111813826,0.05374948128713591,0.17154391914097802,-4.036993360464487,miscanthus_sinensis_ssp_transmorrisonensis_6wks vs control_15wks,FALSE
11214,1.4428701735974627,18.879929409233686,2.3580135259359207,0.054026572318787144,0.1720155172108841,-4.041953993267711,miscanthus_sinensis_ssp_transmorrisonensis_6wks vs control_15wks,FALSE
4547,-3.101672260792615,19.29752967236452,-2.3576343250309004,0.054055400047131184,0.1720155172108841,-4.042468567667733,miscanthus_sinensis_ssp_transmorrisonensis_6wks vs control_15wks,FALSE
1210,-3.893386739593751,20.101956653619084,-2.356905634363827,0.05411084150673506,0.1720155172108841,-4.0434573975680355,miscanthus_sinensis_ssp_transmorrisonensis_6wks vs control_15wks,FALSE
1239,-3.1274860960323316,20.485446765631956,-2.355948877139541,0.054183724505945295,0.17202086518576062,-4.0447557106431,miscanthus_sinensis_ssp_transmorrisonensis_6wks vs control_15wks,FALSE
572,4.360317606700207,18.879769485497228,2.3433364465856075,0.055154055698642214,0.17487165166393645,-4.061870358361783,miscanthus_sinensis_ssp_transmorrisonensis_6wks vs control_15wks,FALSE
7913,1.706980746601591,17.83650260727321,2.339017230192679,0.055490469409017404,0.1757076986791429,-4.067731187415622,miscanthus_sinensis_ssp_transmorrisonensis_6wks vs control_15wks,FALSE
1044,-3.4334185186860324,19.827137636344844,-2.337183979361839,0.05563389767125766,0.17593127849968393,-4.070218720044508,miscanthus_sinensis_ssp_transmorrisonensis_6wks vs control_15wks,FALSE
11166,-1.2869816189687526,18.75038857599477,-2.334879261009296,0.055814756042472186,0.1762724844426311,-4.073345946944311,miscanthus_sinensis_ssp_transmorrisonensis_6wks vs control_15wks,FALSE
3678,2.860640650848886,17.539025930507368,2.3325883213787453,0.05599513537906946,0.17661128861074651,-4.076454431970312,miscanthus_sinensis_ssp_transmorrisonensis_6wks vs control_15wks,FALSE
4830,1.7206544869445288,20.40912213197078,2.329784289792575,0.056216733563066085,0.17707904600830202,-4.080259043993029,miscanthus_sinensis_ssp_transmorrisonensis_6wks vs control_15wks,FALSE
1302,-3.4948093811572285,19.338229708788184,-2.325374901042302,0.05656703457095496,0.17795046292112915,-4.0862416993569965,miscanthus_sinensis_ssp_transmorrisonensis_6wks vs control_15wks,FALSE
2961,1.2607311880868686,21.39255594315628,2.3229960826281775,0.05675695357535347,0.17818620202513868,-4.089469188011241,miscanthus_sinensis_ssp_transmorrisonensis_6wks vs control_15wks,FALSE
750,-1.3001035288886769,23.695924671802935,-2.322589541402796,0.05678947663880662,0.17818620202513868,-4.090020760669162,miscanthus_sinensis_ssp_transmorrisonensis_6wks vs control_15wks,FALSE
3709,2.513732820135914,20.200878720107667,2.3212053419661935,0.05690035614429696,0.1783025427297295,-4.091898750724438,miscanthus_sinensis_ssp_transmorrisonensis_6wks vs control_15wks,FALSE
2653,-4.415925038902493,19.761302504207997,-2.320076306850872,0.05699096151347518,0.17835513344113477,-4.093430532933011,miscanthus_sinensis_ssp_transmorrisonensis_6wks vs control_15wks,FALSE
1380,-1.165499017012852,22.75693345001739,-2.3188022931266654,0.057093380308220636,0.17844451076928985,-4.095158990458065,miscanthus_sinensis_ssp_transmorrisonensis_6wks vs control_15wks,FALSE
504,-2.0412174867830153,21.946998448823134,-2.3159389894559275,0.05732425694981573,0.1789346315126031,-4.099043562072941,miscanthus_sinensis_ssp_transmorrisonensis_6wks vs control_15wks,FALSE
4402,3.0883101058044993,18.359178390144454,2.3148928530054445,0.057408850134566126,0.1789674605485313,-4.10046280047221,miscanthus_sinensis_ssp_transmorrisonensis_6wks vs control_15wks,FALSE
3913,1.320846418208511,17.709869114990067,2.3118128556545012,0.057658654922549145,0.1793917132130831,-4.104641178537403,miscanthus_sinensis_ssp_transmorrisonensis_6wks vs control_15wks,FALSE
8724,-2.1837702018043146,18.44262384593671,-2.3113850096190247,0.05769344419145925,0.1793917132130831,-4.10522159065478,miscanthus_sinensis_ssp_transmorrisonensis_6wks vs control_15wks,FALSE
4217,-3.181686336236062,19.323236903119167,-2.3013636898232166,0.05851452459661516,0.18113355919309354,-4.118815569287317,miscanthus_sinensis_ssp_transmorrisonensis_6wks vs control_15wks,FALSE
646,1.346259063695193,23.753226969583196,2.300975352743707,0.05854658374617347,0.18113355919309354,-4.11934231569091,miscanthus_sinensis_ssp_transmorrisonensis_6wks vs control_15wks,FALSE
13089,1.6398149388565741,18.345902304777383,2.3009488262638427,0.05854877429885901,0.18113355919309354,-4.119378296516151,miscanthus_sinensis_ssp_transmorrisonensis_6wks vs control_15wks,FALSE
6731,1.7108802036782045,17.855055690415647,2.2994532107460137,0.05867241873360485,0.18113355919309354,-4.121406945633543,miscanthus_sinensis_ssp_transmorrisonensis_6wks vs control_15wks,FALSE
10585,-1.671210002915533,18.00666942838589,-2.2991249459487264,0.05869959279243488,0.18113355919309354,-4.121852197564846,miscanthus_sinensis_ssp_transmorrisonensis_6wks vs control_15wks,FALSE
21,1.2326943295994575,29.267410565742374,2.299078155086539,0.05870346723849017,0.18113355919309354,-4.121915663606299,miscanthus_sinensis_ssp_transmorrisonensis_6wks vs control_15wks,FALSE
582,-5.234972629869006,21.15211859613777,-2.2964013032721167,0.058925559168736,0.1815869272342681,-4.125546413301597,miscanthus_sinensis_ssp_transmorrisonensis_6wks vs control_15wks,FALSE
537,1.3165308578160158,24.491658649036914,2.290359116667021,0.05943005220332639,0.1828082776195976,-4.133741207974873,miscanthus_sinensis_ssp_transmorrisonensis_6wks vs control_15wks,FALSE
4215,-2.7675100831897943,20.105653302521873,-2.289844529182554,0.05947322276862736,0.1828082776195976,-4.134439088575738,miscanthus_sinensis_ssp_transmorrisonensis_6wks vs control_15wks,FALSE
3153,3.398624562662693,18.723759666504133,2.2876650137766004,0.05965642830673035,0.18313841269258008,-4.137394870744841,miscanthus_sinensis_ssp_transmorrisonensis_6wks vs control_15wks,FALSE
155,-1.8047114276173808,24.95045459666595,-2.284369985692966,0.05993450528404009,0.18373924533477962,-4.141863269588278,miscanthus_sinensis_ssp_transmorrisonensis_6wks vs control_15wks,FALSE
126,-5.7304706384840145,21.231132314870923,-2.2835460417435245,0.060004248579942514,0.18373924533477962,-4.1429805836570335,miscanthus_sinensis_ssp_transmorrisonensis_6wks vs control_15wks,FALSE
15294,1.2932566800079002,17.605525221177317,2.2793230008642347,0.060363023889986656,0.18460388065595917,-4.148707008633799,miscanthus_sinensis_ssp_transmorrisonensis_6wks vs control_15wks,FALSE
1996,2.230992687591378,18.25366744260774,2.2777997934519925,0.06049297138035728,0.18476740689626192,-4.150772363814193,miscanthus_sinensis_ssp_transmorrisonensis_6wks vs control_15wks,FALSE
7368,-2.2933078632866994,17.987750170357618,-2.2733606934040766,0.060873322311020814,0.18569437715079076,-4.156791112791407,miscanthus_sinensis_ssp_transmorrisonensis_6wks vs control_15wks,FALSE
1506,-4.388455560364367,19.645021208452885,-2.2720693321338503,0.06098442980451256,0.18579871678146578,-4.158541906308744,miscanthus_sinensis_ssp_transmorrisonensis_6wks vs control_15wks,FALSE
9653,1.3455937368419733,18.32505139548838,2.270925007611395,0.06108306062373245,0.18586482930344783,-4.160093313692855,miscanthus_sinensis_ssp_transmorrisonensis_6wks vs control_15wks,FALSE
15250,1.1968783368534055,18.354686825923274,2.268966093025577,0.06125228279754411,0.18598698052598983,-4.162749010686222,miscanthus_sinensis_ssp_transmorrisonensis_6wks vs control_15wks,FALSE
446,-4.064862617719452,22.64415369476685,-2.2686784979912,0.06127716742495361,0.18598698052598983,-4.16313889379194,miscanthus_sinensis_ssp_transmorrisonensis_6wks vs control_15wks,FALSE
920,-3.7297189644718074,22.333221476237263,-2.266725225695254,0.06144645262850722,0.1860573548125734,-4.165786818966757,miscanthus_sinensis_ssp_transmorrisonensis_6wks vs control_15wks,FALSE
2525,-2.9454269563147264,20.05878534225515,-2.2666339541863807,0.0614543746442192,0.1860573548125734,-4.165910547208705,miscanthus_sinensis_ssp_transmorrisonensis_6wks vs control_15wks,FALSE
7880,2.0781436428400397,18.48182049999815,2.2535215476794805,0.0626034539142864,0.18929905463944421,-4.183683216597135,miscanthus_sinensis_ssp_transmorrisonensis_6wks vs control_15wks,FALSE
118,-1.941873724561738,25.606978051837658,-2.251012191658681,0.06282585905580972,0.18973409434854535,-4.187083801062152,miscanthus_sinensis_ssp_transmorrisonensis_6wks vs control_15wks,FALSE
12687,1.3973590472615953,18.509374911293158,2.2482968971307096,0.06306743012903543,0.18996863576097667,-4.1907632284976994,miscanthus_sinensis_ssp_transmorrisonensis_6wks vs control_15wks,FALSE
3307,-2.094607902093067,21.179768364330684,-2.247939208982051,0.06309932346477745,0.18996863576097667,-4.191247904039593,miscanthus_sinensis_ssp_transmorrisonensis_6wks vs control_15wks,FALSE
2729,4.056247221744826,19.95883717551868,2.247489896155247,0.06313940998181468,0.18996863576097667,-4.191856726865092,miscanthus_sinensis_ssp_transmorrisonensis_6wks vs control_15wks,FALSE
1100,3.1086249338419947,18.651695438572,2.2452897790470496,0.06333607616837351,0.19032333336167961,-4.194837803803335,miscanthus_sinensis_ssp_transmorrisonensis_6wks vs control_15wks,FALSE
538,-2.8297891544615794,19.686213295504928,-2.2433231030323766,0.06351240712344146,0.1906161187704777,-4.1975024327031445,miscanthus_sinensis_ssp_transmorrisonensis_6wks vs control_15wks,FALSE
3250,2.7901351269935297,20.19263772565065,2.2401876045839084,0.06379457575084592,0.19122542805712622,-4.201750399752344,miscanthus_sinensis_ssp_transmorrisonensis_6wks vs control_15wks,FALSE
1373,1.2543658404201707,21.382940134310463,2.238799644305124,0.063919890647487,0.19125338685304702,-4.203630690737317,miscanthus_sinensis_ssp_transmorrisonensis_6wks vs control_15wks,FALSE
382,-1.6788384827532141,24.46754971554801,-2.236645888477537,0.06411484678386749,0.19125338685304702,-4.2065482744788,miscanthus_sinensis_ssp_transmorrisonensis_6wks vs control_15wks,FALSE
1074,2.41970191273575,18.057454388363155,2.2364936417833907,0.06412865106693105,0.19125338685304702,-4.206754508739728,miscanthus_sinensis_ssp_transmorrisonensis_6wks vs control_15wks,FALSE
1734,2.6738177509351253,17.991939235174307,2.2357729962839215,0.06419403369504181,0.19125338685304702,-4.207730687397236,miscanthus_sinensis_ssp_transmorrisonensis_6wks vs control_15wks,FALSE
2153,-2.0212217800578607,18.849200030114776,-2.235390658936204,0.06422875007989062,0.19125338685304702,-4.208248589429057,miscanthus_sinensis_ssp_transmorrisonensis_6wks vs control_15wks,FALSE
12387,-1.4948759752299061,17.53847733791857,-2.2342256459155547,0.06433465240664232,0.19125338685304702,-4.20982664451632,miscanthus_sinensis_ssp_transmorrisonensis_6wks vs control_15wks,FALSE
5050,1.9986326948628026,21.062903817066765,2.233968724083951,0.0643580312547712,0.19125338685304702,-4.210174648011858,miscanthus_sinensis_ssp_transmorrisonensis_6wks vs control_15wks,FALSE
4447,-2.246250255120085,18.71315851011226,-2.2273297306379307,0.06496518064833967,0.1928204870348755,-4.219166337543971,miscanthus_sinensis_ssp_transmorrisonensis_6wks vs control_15wks,FALSE
4445,2.0689704060496616,17.425727553922822,2.2241020238409237,0.06526247711772913,0.1934652082410228,-4.223537220339523,miscanthus_sinensis_ssp_transmorrisonensis_6wks vs control_15wks,FALSE
3967,1.5498520387592123,19.8221190097683,2.217399599651603,0.06588427824796138,0.1950691375576896,-4.2326120777532665,miscanthus_sinensis_ssp_transmorrisonensis_6wks vs control_15wks,FALSE
2436,-1.0833790507331962,23.43415680191531,-2.213593041312842,0.06624011819739553,0.19588265063024185,-4.237765156985875,miscanthus_sinensis_ssp_transmorrisonensis_6wks vs control_15wks,FALSE
375,-1.5297506453058034,23.98940787251555,-2.2089723963520176,0.06667470206966926,0.19692674841115027,-4.244019414280295,miscanthus_sinensis_ssp_transmorrisonensis_6wks vs control_15wks,FALSE
1864,3.1651037903235313,18.268004354259894,2.2052143869564396,0.06703030164408091,0.19773529764603112,-4.249105321206816,miscanthus_sinensis_ssp_transmorrisonensis_6wks vs control_15wks,FALSE
6647,-1.5319615994043794,18.412222941538893,-2.2037375272790594,0.06717057870702246,0.19790746116605643,-4.251103847078751,miscanthus_sinensis_ssp_transmorrisonensis_6wks vs control_15wks,FALSE
947,-1.3096473834992644,24.766162858925938,-2.2014641115564024,0.06738710186748535,0.1983035786989581,-4.25418008733685,miscanthus_sinensis_ssp_transmorrisonensis_6wks vs control_15wks,FALSE
3034,2.312404315803427,18.525824469603542,2.1968095810848163,0.06783263261341847,0.19937182529686012,-4.260477503653247,miscanthus_sinensis_ssp_transmorrisonensis_6wks vs control_15wks,FALSE
5762,1.8676395198753468,17.928685282441776,2.191368811559188,0.0683572370807794,0.20062336081899199,-4.267837281719444,miscanthus_sinensis_ssp_transmorrisonensis_6wks vs control_15wks,FALSE
2533,2.6138638892180523,18.422684756187586,2.190639759761337,0.06842784698099878,0.20062336081899199,-4.2688233600126555,miscanthus_sinensis_ssp_transmorrisonensis_6wks vs control_15wks,FALSE
13769,1.2608855835303103,18.78524426327503,2.189030359829105,0.06858398374296984,0.20062336081899199,-4.271000053104757,miscanthus_sinensis_ssp_transmorrisonensis_6wks vs control_15wks,FALSE
16927,1.472197951607562,17.38319100061021,2.1887263776754864,0.0686135155243445,0.20062336081899199,-4.2714111697141695,miscanthus_sinensis_ssp_transmorrisonensis_6wks vs control_15wks,FALSE
3147,2.2198175554790254,18.43425808893024,2.1881078834135264,0.06867364213464668,0.20062336081899199,-4.272247628828435,miscanthus_sinensis_ssp_transmorrisonensis_6wks vs control_15wks,FALSE
4168,3.0571266762386493,18.715961363223112,2.186227845882769,0.06885673932863674,0.20091531668838936,-4.274790088428562,miscanthus_sinensis_ssp_transmorrisonensis_6wks vs control_15wks,FALSE
1723,3.486248407001689,18.540358776592985,2.1845238522028314,0.06902312182739459,0.20115785565136954,-4.2770943109173025,miscanthus_sinensis_ssp_transmorrisonensis_6wks vs control_15wks,FALSE
1219,1.3730658702754113,22.493110444528526,2.1824608577248297,0.06922510703028237,0.20150344407850868,-4.279883779149384,miscanthus_sinensis_ssp_transmorrisonensis_6wks vs control_15wks,FALSE
9971,-1.4769114603658835,18.187347868954394,-2.179294733155742,0.06953627144837654,0.20216562192452192,-4.28416438055558,miscanthus_sinensis_ssp_transmorrisonensis_6wks vs control_15wks,FALSE
245,1.2948895305297405,25.442299381761195,2.1781287083008523,0.06965122650789163,0.20225644620560837,-4.285740704703221,miscanthus_sinensis_ssp_transmorrisonensis_6wks vs control_15wks,FALSE
1560,-3.165660414220408,20.120562344564753,-2.1771622687649157,0.069746651838674,0.2022904091743534,-4.287047155246633,miscanthus_sinensis_ssp_transmorrisonensis_6wks vs control_15wks,FALSE
179,2.624371871390796,18.31535465175071,2.172709076909057,0.07018808036524811,0.20332662129788903,-4.29306636749263,miscanthus_sinensis_ssp_transmorrisonensis_6wks vs control_15wks,FALSE
1080,-2.56525645499989,21.751224387614982,-2.1710281176928596,0.07035544686704313,0.20356737680332482,-4.295338156590043,miscanthus_sinensis_ssp_transmorrisonensis_6wks vs control_15wks,FALSE
2154,-4.029348430656892,20.09354039218819,-2.1693933638736502,0.0705186028434135,0.2037953881216352,-4.297547339598667,miscanthus_sinensis_ssp_transmorrisonensis_6wks vs control_15wks,FALSE
138,-1.4043123701163616,27.229774675913667,-2.167185823880516,0.07073953730145452,0.20418963216286035,-4.300530324300503,miscanthus_sinensis_ssp_transmorrisonensis_6wks vs control_15wks,FALSE
4205,-3.1867727430951156,18.674037089008372,-2.1651071612091384,0.07094821785244634,0.2045476066008477,-4.303338891713545,miscanthus_sinensis_ssp_transmorrisonensis_6wks vs control_15wks,FALSE
715,-3.578805529221871,19.95018434243659,-2.1597447243714516,0.07148946079629098,0.20570438342426411,-4.310583075845866,miscanthus_sinensis_ssp_transmorrisonensis_6wks vs control_15wks,FALSE
1466,-1.2509063373041371,22.607068048710314,-2.159101938467053,0.07155462008259708,0.20570438342426411,-4.311451303058616,miscanthus_sinensis_ssp_transmorrisonensis_6wks vs control_15wks,FALSE
19583,1.0714067766780708,17.25172650217154,2.1586065539753867,0.07160487850157538,0.20570438342426411,-4.312120413647635,miscanthus_sinensis_ssp_transmorrisonensis_6wks vs control_15wks,FALSE
6362,2.5911346900585635,17.67882179940297,2.1576408943076837,0.07170295118895736,0.2057414846466995,-4.313424675231126,miscanthus_sinensis_ssp_transmorrisonensis_6wks vs control_15wks,FALSE
1826,3.531283460109176,21.40223974068958,2.1547288503506086,0.07199952746653564,0.2063457849668986,-4.317357446737872,miscanthus_sinensis_ssp_transmorrisonensis_6wks vs control_15wks,FALSE
948,-1.6243273338098234,23.288207257335166,-2.153898018184985,0.07208437190068809,0.2063457849668986,-4.318479401454211,miscanthus_sinensis_ssp_transmorrisonensis_6wks vs control_15wks,FALSE
2575,-2.5216552032642205,18.401666200829123,-2.151679978530141,0.07231137613652387,0.20664153780259617,-4.321474419363953,miscanthus_sinensis_ssp_transmorrisonensis_6wks vs control_15wks,FALSE
2828,-3.689942889414013,20.152764596315116,-2.151217981543129,0.07235875040604153,0.20664153780259617,-4.322098213140206,miscanthus_sinensis_ssp_transmorrisonensis_6wks vs control_15wks,FALSE
13460,1.1121485245883846,18.21460847527884,2.149879933104973,0.07249613520198771,0.20678742072111178,-4.323904782498614,miscanthus_sinensis_ssp_transmorrisonensis_6wks vs control_15wks,FALSE
431,1.1761613867811853,25.044491902331,2.1488753925909574,0.07259945116307792,0.20678742072111178,-4.325260987357186,miscanthus_sinensis_ssp_transmorrisonensis_6wks vs control_15wks,FALSE
18497,-1.2450058059796945,17.80756163359366,-2.148223225083842,0.07266660603982777,0.20678742072111178,-4.3261414263094435,miscanthus_sinensis_ssp_transmorrisonensis_6wks vs control_15wks,FALSE
3902,2.1424486736899055,17.720100375388974,2.145761838372721,0.07292062886003527,0.20726616391275907,-4.329464089728343,miscanthus_sinensis_ssp_transmorrisonensis_6wks vs control_15wks,FALSE
3040,2.560813835708732,20.51117301473397,2.143675110956606,0.07313669241563686,0.20763601513064472,-4.3322806737401915,miscanthus_sinensis_ssp_transmorrisonensis_6wks vs control_15wks,FALSE
2687,2.7148516579044646,21.025381780947693,2.1410027842806136,0.07341434016362684,0.20817963126211556,-4.335887241422953,miscanthus_sinensis_ssp_transmorrisonensis_6wks vs control_15wks,FALSE
540,2.7500302294816734,19.625352703689757,2.1386683767464194,0.07365775504504891,0.2086250131170436,-4.339037348918424,miscanthus_sinensis_ssp_transmorrisonensis_6wks vs control_15wks,FALSE
3937,1.188327049921579,21.81448106105587,2.1353656895082453,0.0740035357742757,0.20924979421442108,-4.343493422926022,miscanthus_sinensis_ssp_transmorrisonensis_6wks vs control_15wks,FALSE
3714,-3.0200831712632343,18.61549731282532,-2.1349082107815978,0.0740515621081664,0.20924979421442108,-4.344110604418291,miscanthus_sinensis_ssp_transmorrisonensis_6wks vs control_15wks,FALSE
2270,1.0751285391229857,23.421157439420632,2.1307657050307656,0.07448788716593764,0.2099763580170236,-4.349698546241772,miscanthus_sinensis_ssp_transmorrisonensis_6wks vs control_15wks,FALSE
4950,-1.0876921138440494,20.99575413930823,-2.1300060664599627,0.07456818161523832,0.2099763580170236,-4.35072310892509,miscanthus_sinensis_ssp_transmorrisonensis_6wks vs control_15wks,FALSE
461,1.0715130419828114,24.718036475239906,2.129535096715962,0.07461800762026786,0.2099763580170236,-4.351358308271033,miscanthus_sinensis_ssp_transmorrisonensis_6wks vs control_15wks,FALSE
542,5.034086459989378,21.835863819662976,2.127792547078438,0.07480265365213734,0.2099763580170236,-4.3537083523094555,miscanthus_sinensis_ssp_transmorrisonensis_6wks vs control_15wks,FALSE
2608,-2.6693861663080938,18.217463641973506,-2.1275564570366905,0.07482770612506734,0.2099763580170236,-4.3540267317439865,miscanthus_sinensis_ssp_transmorrisonensis_6wks vs control_15wks,FALSE
2577,-3.6697053622171154,19.79899031359558,-2.127450005627907,0.07483900490018679,0.2099763580170236,-4.354170285535908,miscanthus_sinensis_ssp_transmorrisonensis_6wks vs control_15wks,FALSE
7229,2.4366296309140196,17.81387882513212,2.126301170539044,0.07496105267562571,0.2099763580170236,-4.355719480049183,miscanthus_sinensis_ssp_transmorrisonensis_6wks vs control_15wks,FALSE
1221,-2.8689404054202576,20.73677539680935,-2.125897619608575,0.07500397225525306,0.2099763580170236,-4.3562636418048575,miscanthus_sinensis_ssp_transmorrisonensis_6wks vs control_15wks,FALSE
1743,-3.116611266792191,18.909872839239842,-2.119087520175763,0.07573202923471346,0.21166845450730246,-4.3654447595398915,miscanthus_sinensis_ssp_transmorrisonensis_6wks vs control_15wks,FALSE
10756,2.4611890861932437,17.93997803152979,2.118607520666493,0.07578361471391416,0.21166845450730246,-4.366091743227892,miscanthus_sinensis_ssp_transmorrisonensis_6wks vs control_15wks,FALSE
16172,-1.3323172752011168,17.96710483430284,-2.117555630659101,0.07589678575074785,0.2117397625563589,-4.367509506762687,miscanthus_sinensis_ssp_transmorrisonensis_6wks vs control_15wks,FALSE
1058,-1.424144981535516,24.13024693749503,-2.114693508132777,0.07620558430751741,0.21235604577504275,-4.371366711142962,miscanthus_sinensis_ssp_transmorrisonensis_6wks vs control_15wks,FALSE
2813,-2.58494214082128,17.920858292106598,-2.102374910898679,0.07754924739752116,0.21585136141982847,-4.387960696795531,miscanthus_sinensis_ssp_transmorrisonensis_6wks vs control_15wks,FALSE
761,1.4727011089073478,18.481478215673995,2.099935724282236,0.07781813526263076,0.2163505348613532,-4.3912449744394735,miscanthus_sinensis_ssp_transmorrisonensis_6wks vs control_15wks,FALSE
4104,1.5416837621277075,19.51510130025417,2.098799444484126,0.07794371681779318,0.21645059750780266,-4.392774764589351,miscanthus_sinensis_ssp_transmorrisonensis_6wks vs control_15wks,FALSE
3839,-1.1174270677156635,21.69300715846826,-2.0968470127891243,0.07815997831079496,0.2168019605038813,-4.395403097651375,miscanthus_sinensis_ssp_transmorrisonensis_6wks vs control_15wks,FALSE
2529,1.1459254812239976,21.11523330464073,2.0951660291329204,0.07834665887265278,0.2168073476529974,-4.397665752241279,miscanthus_sinensis_ssp_transmorrisonensis_6wks vs control_15wks,FALSE
6862,-2.424757794632118,18.630970368546294,-2.0947424211550807,0.07839377346374296,0.2168073476529974,-4.398235903251895,miscanthus_sinensis_ssp_transmorrisonensis_6wks vs control_15wks,FALSE
7432,-1.085312538097778,19.683838225862477,-2.0936544509028794,0.07851491116108837,0.2168073476529974,-4.399700175607835,miscanthus_sinensis_ssp_transmorrisonensis_6wks vs control_15wks,FALSE
8694,1.3873029522269675,18.323851837623472,2.093427511448365,0.07854020308818722,0.2168073476529974,-4.400005594994781,miscanthus_sinensis_ssp_transmorrisonensis_6wks vs control_15wks,FALSE
1311,1.113397623886879,22.90036109427975,2.0927961426974115,0.07861061115232852,0.2168073476529974,-4.400855279567498,miscanthus_sinensis_ssp_transmorrisonensis_6wks vs control_15wks,FALSE
11061,1.3716247463918414,18.90482579501132,2.087187508502386,0.07923887374081433,0.21805525069296333,-4.408401754431486,miscanthus_sinensis_ssp_transmorrisonensis_6wks vs control_15wks,FALSE
7613,-2.512505510808637,18.28331215748416,-2.08714558784632,0.07924358862103552,0.21805525069296333,-4.4084581487065035,miscanthus_sinensis_ssp_transmorrisonensis_6wks vs control_15wks,FALSE
318,3.4068738583255005,20.013389946509566,2.0845309843567734,0.07953821780802012,0.2186169900161281,-4.411975167632648,miscanthus_sinensis_ssp_transmorrisonensis_6wks vs control_15wks,FALSE
1053,1.084899534614351,22.99666892636283,2.0822478249207195,0.07979640265814572,0.21881159324691749,-4.4150458466441425,miscanthus_sinensis_ssp_transmorrisonensis_6wks vs control_15wks,FALSE
2990,-3.070364415613888,19.990414805847802,-2.082117798373027,0.0798111318001796,0.21881159324691749,-4.415220708522936,miscanthus_sinensis_ssp_transmorrisonensis_6wks vs control_15wks,FALSE
670,1.1087878424703703,24.463210208920913,2.0815037912652334,0.07988072236911475,0.21881159324691749,-4.416046414918855,miscanthus_sinensis_ssp_transmorrisonensis_6wks vs control_15wks,FALSE
3565,-1.9839409510908794,19.795190809663257,-2.077340282223333,0.08035422648459653,0.2193990636676021,-4.421644526742329,miscanthus_sinensis_ssp_transmorrisonensis_6wks vs control_15wks,FALSE
568,-4.483352803969858,20.693729387844648,-2.0772730430835487,0.08036189660257606,0.2193990636676021,-4.421734921164154,miscanthus_sinensis_ssp_transmorrisonensis_6wks vs control_15wks,FALSE
6211,-2.765195740747931,19.155514849357424,-2.077222868674956,0.08036762059016053,0.2193990636676021,-4.421802373966621,miscanthus_sinensis_ssp_transmorrisonensis_6wks vs control_15wks,FALSE
3605,2.3441965497133417,19.698488473454578,2.0728222610255824,0.08087125357405074,0.22034554233853684,-4.427717496825224,miscanthus_sinensis_ssp_transmorrisonensis_6wks vs control_15wks,FALSE
412,-4.293392381766697,20.56999380475749,-2.0720528063000945,0.08095964125335872,0.22034554233853684,-4.428751581877385,miscanthus_sinensis_ssp_transmorrisonensis_6wks vs control_15wks,FALSE
2655,-1.359063991678191,21.383933869113623,-2.0714328323200184,0.08103092887680632,0.22034554233853684,-4.429584736380392,miscanthus_sinensis_ssp_transmorrisonensis_6wks vs control_15wks,FALSE
171,4.160933694032817,19.936320191437122,2.0710139160131567,0.08107913374956924,0.22034554233853684,-4.4301476782224345,miscanthus_sinensis_ssp_transmorrisonensis_6wks vs control_15wks,FALSE
824,-1.8949848239786427,22.08057628955635,-2.0673394083634618,0.08150320209047707,0.2212491418545984,-4.4350847870125465,miscanthus_sinensis_ssp_transmorrisonensis_6wks vs control_15wks,FALSE
11221,1.3834737859757915,17.78063263336316,2.0639462573790572,0.08189678516646755,0.22179417888781444,-4.439642713848574,miscanthus_sinensis_ssp_transmorrisonensis_6wks vs control_15wks,FALSE
149,-1.5651695058144917,24.33364878793415,-2.0632361470457763,0.08197939535675171,0.22179417888781444,-4.440596444726975,miscanthus_sinensis_ssp_transmorrisonensis_6wks vs control_15wks,FALSE
1060,3.6442543561210314,18.488319436820554,2.0629317296747893,0.08201483524925823,0.22179417888781444,-4.441005284830058,miscanthus_sinensis_ssp_transmorrisonensis_6wks vs control_15wks,FALSE
3041,2.3828533720284817,17.647571876523756,2.0612002470583892,0.08221670612131994,0.22179417888781444,-4.443330537038051,miscanthus_sinensis_ssp_transmorrisonensis_6wks vs control_15wks,FALSE
6948,1.7274090406765303,18.031704890360494,2.0608743818309017,0.08225475417989125,0.22179417888781444,-4.443768116956146,miscanthus_sinensis_ssp_transmorrisonensis_6wks vs control_15wks,FALSE
8957,1.5759696666381906,18.265140709370307,2.060297174652946,0.0823221924942748,0.22179417888781444,-4.4445431794860735,miscanthus_sinensis_ssp_transmorrisonensis_6wks vs control_15wks,FALSE
8771,1.5310571625548022,17.378660286648056,2.0600884125112255,0.08234659704568277,0.22179417888781444,-4.444823493144829,miscanthus_sinensis_ssp_transmorrisonensis_6wks vs control_15wks,FALSE
476,1.08571570704882,24.44642888273513,2.0542778738225267,0.08302878783716561,0.22318300020557882,-4.452623811935416,miscanthus_sinensis_ssp_transmorrisonensis_6wks vs control_15wks,FALSE
12097,-2.312961505730584,18.04702690544286,-2.054123534105998,0.08304698558974145,0.22318300020557882,-4.452830958243731,miscanthus_sinensis_ssp_transmorrisonensis_6wks vs control_15wks,FALSE
3050,-2.5041474648256177,18.39657562429996,-2.0517748609578477,0.08332440683327474,0.2236797410102131,-4.455982921734174,miscanthus_sinensis_ssp_transmorrisonensis_6wks vs control_15wks,FALSE
8306,1.5351003877778169,18.0937347493297,2.0503255148131125,0.08349606630764887,0.22389178268510507,-4.457927692134556,miscanthus_sinensis_ssp_transmorrisonensis_6wks vs control_15wks,FALSE
4805,1.2005570941188246,17.98648202659623,2.044584105200476,0.0841795783276079,0.22547434727217375,-4.465629545071723,miscanthus_sinensis_ssp_transmorrisonensis_6wks vs control_15wks,FALSE
12392,-1.739950937357495,18.34684888204852,-2.0420401304861926,0.08448423382197355,0.22603976623907873,-4.469041081920232,miscanthus_sinensis_ssp_transmorrisonensis_6wks vs control_15wks,FALSE
219,1.0179406489106881,25.492650025225505,2.0345829549057166,0.0853836743292113,0.2281137154803233,-4.479037399945105,miscanthus_sinensis_ssp_transmorrisonensis_6wks vs control_15wks,FALSE
172,1.068759789199813,26.4523255714452,2.034050807783645,0.08544822537652838,0.2281137154803233,-4.479750513286646,miscanthus_sinensis_ssp_transmorrisonensis_6wks vs control_15wks,FALSE
2718,-2.831048814048607,19.461468617310036,-2.03055609658818,0.08587336399372426,0.22885828272694433,-4.484432898878165,miscanthus_sinensis_ssp_transmorrisonensis_6wks vs control_15wks,FALSE
1965,-2.9961669085992533,21.88760523251534,-2.0298212544630445,0.08596302893997045,0.22885828272694433,-4.485417306492996,miscanthus_sinensis_ssp_transmorrisonensis_6wks vs control_15wks,FALSE
6984,-2.1261100191453757,19.21204686511305,-2.029164755650099,0.08604321398685834,0.22885828272694433,-4.486296713782374,miscanthus_sinensis_ssp_transmorrisonensis_6wks vs control_15wks,FALSE
2399,2.7602574782045473,21.20045132301579,2.0286508555899516,0.0861060343538048,0.22885828272694433,-4.48698507100199,miscanthus_sinensis_ssp_transmorrisonensis_6wks vs control_15wks,FALSE
12530,1.5599135441650631,18.110299542856293,2.0273389156243216,0.08626661790588659,0.22903313061606814,-4.488742251783128,miscanthus_sinensis_ssp_transmorrisonensis_6wks vs control_15wks,FALSE
1359,3.513800574530581,21.362293167498997,2.025333104080109,0.08651271375037294,0.22943437587365645,-4.491428417981862,miscanthus_sinensis_ssp_transmorrisonensis_6wks vs control_15wks,FALSE
10396,-1.4588102349083947,18.12217942289957,-2.023045969888694,0.0867941852397618,0.2295066355469681,-4.49449078048848,miscanthus_sinensis_ssp_transmorrisonensis_6wks vs control_15wks,FALSE
21501,-1.1470126788206194,17.56036261344634,-2.022951860386353,0.08680578670582004,0.2295066355469681,-4.4946167759928475,miscanthus_sinensis_ssp_transmorrisonensis_6wks vs control_15wks,FALSE
11467,-1.170848047939682,18.616620662692284,-2.02279648603625,0.0868249440769573,0.2295066355469681,-4.494824791800409,miscanthus_sinensis_ssp_transmorrisonensis_6wks vs control_15wks,FALSE
4695,-2.4900685313700706,18.697130825744114,-2.018273417596043,0.08738449260825322,0.23073326135687408,-4.500879095645305,miscanthus_sinensis_ssp_transmorrisonensis_6wks vs control_15wks,FALSE
638,-1.1844812339303594,23.015883128471188,-2.0147223278720707,0.08782633047414411,0.23164674063922724,-4.505630728840527,miscanthus_sinensis_ssp_transmorrisonensis_6wks vs control_15wks,FALSE
3991,2.252377356183189,18.22314889483752,2.0134343898458558,0.08798713261837393,0.2318177888833058,-4.507353729617852,miscanthus_sinensis_ssp_transmorrisonensis_6wks vs control_15wks,FALSE
8746,1.3507464279133146,18.835284674277403,2.0105266640788217,0.08835125492403854,0.23252356415738248,-4.511242967976537,miscanthus_sinensis_ssp_transmorrisonensis_6wks vs control_15wks,FALSE
140,2.0627610290420932,24.992491223376188,2.0076069858527608,0.08871839296702115,0.23298293085425087,-4.515147193834801,miscanthus_sinensis_ssp_transmorrisonensis_6wks vs control_15wks,FALSE
8931,1.9670424759023248,17.92288464635798,2.007604821255868,0.0887186657226452,0.23298293085425087,-4.515150087983615,miscanthus_sinensis_ssp_transmorrisonensis_6wks vs control_15wks,FALSE
1407,3.6058954293509373,18.444787685960975,2.0060724022238148,0.08891197303483775,0.233237054128304,-4.517198851086364,miscanthus_sinensis_ssp_transmorrisonensis_6wks vs control_15wks,FALSE
5371,-2.3412431131381197,19.024636264708093,-2.004265549075986,0.08914044077348879,0.23348604887478422,-4.519614158217344,miscanthus_sinensis_ssp_transmorrisonensis_6wks vs control_15wks,FALSE
7277,-2.3962868298812374,18.82692389664082,-2.003793900300998,0.08920017512890142,0.23348604887478422,-4.520244569358167,miscanthus_sinensis_ssp_transmorrisonensis_6wks vs control_15wks,FALSE
4432,1.9653399460693848,17.798017551645074,2.0001901028697353,0.089657921011016245,0.23385834171576098,-4.525060560840746,miscanthus_sinensis_ssp_transmorrisonensis_6wks vs control_15wks,FALSE
1541,-2.1141859068818967,18.87990614994016,-2.000113873338032,0.08966762885392268,0.23385834171576098,-4.525162414389681,miscanthus_sinensis_ssp_transmorrisonensis_6wks vs control_15wks,FALSE
2643,3.7518995286440244,21.41167104740355,2.000033172390804,0.08967790727847016,0.23385834171576098,-4.525270241618778,miscanthus_sinensis_ssp_transmorrisonensis_6wks vs control_15wks,FALSE
4119,1.1872390237241177,22.23754952710197,1.9996275479032997,0.08972958723944968,0.23385834171576098,-4.525812198033362,miscanthus_sinensis_ssp_transmorrisonensis_6wks vs control_15wks,FALSE
1775,1.4794496448437044,17.756245889913025,1.9976642860468707,0.08998014472072943,0.2340942565053961,-4.528435035937655,miscanthus_sinensis_ssp_transmorrisonensis_6wks vs control_15wks,FALSE
4096,-2.2139970115332623,19.437532290046125,-1.9974002707851695,0.09001389250559312,0.2340942565053961,-4.528787713604446,miscanthus_sinensis_ssp_transmorrisonensis_6wks vs control_15wks,FALSE
2121,2.4008620823420266,17.828120102741885,1.9946293634675218,0.09036884870895505,0.23476466503315632,-4.532488638174891,miscanthus_sinensis_ssp_transmorrisonensis_6wks vs control_15wks,FALSE
4944,2.1256665760735984,19.185744092357915,1.9903450992331417,0.09092042459181376,0.23592415979935227,-4.538208983476499,miscanthus_sinensis_ssp_transmorrisonensis_6wks vs control_15wks,FALSE
1181,1.4444188802904847,22.12012549393826,1.989648087400083,0.09101047886299517,0.23592415979935227,-4.539139415947182,miscanthus_sinensis_ssp_transmorrisonensis_6wks vs control_15wks,FALSE
16558,1.1478282388893462,18.03185524143266,1.9883435845765824,0.09117926088131553,0.23610835400777958,-4.540880616322081,miscanthus_sinensis_ssp_transmorrisonensis_6wks vs control_15wks,FALSE
3747,2.3067785663571456,18.88185598726446,1.9864591297853478,0.09142363192982371,0.23648768173710288,-4.5433955346408395,miscanthus_sinensis_ssp_transmorrisonensis_6wks vs control_15wks,FALSE
4284,2.7760638645376012,18.24819080969514,1.9849748522126613,0.09161656964407597,0.23673329653485298,-4.5453760748762075,miscanthus_sinensis_ssp_transmorrisonensis_6wks vs control_15wks,FALSE
2386,3.229061120890762,19.594805999779673,1.983024815298296,0.09187066861393574,0.237136255738535,-4.547977671708068,miscanthus_sinensis_ssp_transmorrisonensis_6wks vs control_15wks,FALSE
20,-1.5354727010163955,29.1155011062458,-1.9810413694019595,0.09212984293124389,0.23727252221646042,-4.550623339338698,miscanthus_sinensis_ssp_transmorrisonensis_6wks vs control_15wks,FALSE
3502,2.0667131632900357,20.01912347824669,1.9806094618191177,0.09218637646156673,0.23727252221646042,-4.551199382490935,miscanthus_sinensis_ssp_transmorrisonensis_6wks vs control_15wks,FALSE
3338,-3.352784030563434,19.618098595211777,-1.980051734969818,0.09225943005050345,0.23727252221646042,-4.551943197414491,miscanthus_sinensis_ssp_transmorrisonensis_6wks vs control_15wks,FALSE
2034,2.046484926245885,17.76080451387397,1.979529528257397,0.09232788344033585,0.23727252221646042,-4.552639604196003,miscanthus_sinensis_ssp_transmorrisonensis_6wks vs control_15wks,FALSE
5734,2.25549147649976,18.185767844319827,1.9788692788241522,0.09241450472089788,0.23727252221646042,-4.553520051918856,miscanthus_sinensis_ssp_transmorrisonensis_6wks vs control_15wks,FALSE
5951,1.1293246536666395,18.057583065618772,1.9769527920896461,0.09266639749476643,0.23766668402054744,-4.556075380115317,miscanthus_sinensis_ssp_transmorrisonensis_6wks vs control_15wks,FALSE
965,-3.099564767015057,21.89806657840521,-1.9750140151733944,0.09292191714603419,0.2380062606426736,-4.558659939536346,miscanthus_sinensis_ssp_transmorrisonensis_6wks vs control_15wks,FALSE
3225,-1.3488253135699324,21.711924230182895,-1.9744542347398484,0.0929958236948195,0.2380062606426736,-4.559406083927495,miscanthus_sinensis_ssp_transmorrisonensis_6wks vs control_15wks,FALSE
4677,1.4826915573311439,19.126573091251192,1.971313198618599,0.09341161658401113,0.23859369813735173,-4.5635920755522505,miscanthus_sinensis_ssp_transmorrisonensis_6wks vs control_15wks,FALSE
211,-1.8063020913280106,23.894635900273144,-1.9709796265825994,0.09345588176158193,0.23859369813735173,-4.56403654290966,miscanthus_sinensis_ssp_transmorrisonensis_6wks vs control_15wks,FALSE
578,-4.758602887116314,20.609418530634578,-1.9704845347687334,0.09352161926161924,0.23859369813735173,-4.564696199604124,miscanthus_sinensis_ssp_transmorrisonensis_6wks vs control_15wks,FALSE
3132,-1.16388530464096,19.996730176794202,-1.9693898958309355,0.09366712739007439,0.23871284786331196,-4.566154572240822,miscanthus_sinensis_ssp_transmorrisonensis_6wks vs control_15wks,FALSE
2385,-1.9658596911764619,22.025159378318584,-1.9676295174410965,0.09390160443982234,0.23905824691950556,-4.5684995636735195,miscanthus_sinensis_ssp_transmorrisonensis_6wks vs control_15wks,FALSE
15107,1.0224233531037363,18.0719797872703,1.9643093125824376,0.09434543918428619,0.239727877847943,-4.572921254596703,miscanthus_sinensis_ssp_transmorrisonensis_6wks vs control_15wks,FALSE
8272,1.833767385238069,17.74879821788398,1.963214925155837,0.09449219113817299,0.239727877847943,-4.5743783798408115,miscanthus_sinensis_ssp_transmorrisonensis_6wks vs control_15wks,FALSE
5017,1.7957803879989775,18.857171554522502,1.9628257391500519,0.0945444338642809,0.239727877847943,-4.574896523277792,miscanthus_sinensis_ssp_transmorrisonensis_6wks vs control_15wks,FALSE
12335,-1.0741382970609727,18.07693678233764,-1.9626983925267658,0.09456153459813314,0.239727877847943,-4.575066061923801,miscanthus_sinensis_ssp_transmorrisonensis_6wks vs control_15wks,FALSE
3446,2.093346732453547,18.97694824877334,1.960236472732947,0.09489273959574707,0.24031536568482698,-4.578343219368889,miscanthus_sinensis_ssp_transmorrisonensis_6wks vs control_15wks,FALSE
5972,1.3297193197369026,18.633041754530876,1.9572254093497325,0.09529939256382892,0.24109249469550856,-4.582350227950912,miscanthus_sinensis_ssp_transmorrisonensis_6wks vs control_15wks,FALSE
3339,2.2269449410477122,18.092064226764606,1.9549529699319388,0.09560744060660359,0.24150701764567697,-4.585373470329735,miscanthus_sinensis_ssp_transmorrisonensis_6wks vs control_15wks,FALSE
4468,-2.3424332209401015,19.86514271769928,-1.9545426470756553,0.09566316882736459,0.24150701764567697,-4.585919285014666,miscanthus_sinensis_ssp_transmorrisonensis_6wks vs control_15wks,FALSE
202,-4.724880860101848,21.381217961987943,-1.950420843311493,0.09622477022465965,0.242671236808745,-4.591400827791513,miscanthus_sinensis_ssp_transmorrisonensis_6wks vs control_15wks,FALSE
694,-3.467445644541371,22.943114744047634,-1.9487719076152041,0.09645035744511744,0.24298186489459617,-4.593593056893514,miscanthus_sinensis_ssp_transmorrisonensis_6wks vs control_15wks,FALSE
91,-1.734406791112228,25.072750990957555,-1.948051459532341,0.09654908538858126,0.24298186489459617,-4.594550757644495,miscanthus_sinensis_ssp_transmorrisonensis_6wks vs control_15wks,FALSE
11905,1.2130340855381512,20.513770606986256,1.945863481649236,0.09684953548029118,0.24348436807532103,-4.597458809482074,miscanthus_sinensis_ssp_transmorrisonensis_6wks vs control_15wks,FALSE
5766,2.229638550277148,18.580226247241704,1.9428531733685022,0.097264426626091,0.24403179754914747,-4.601458699655084,miscanthus_sinensis_ssp_transmorrisonensis_6wks vs control_15wks,FALSE
996,-1.6568201300383087,23.317741077833908,-1.9428179129815317,0.09726929678800869,0.24403179754914747,-4.601505543468302,miscanthus_sinensis_ssp_transmorrisonensis_6wks vs control_15wks,FALSE
3695,2.868600870678762,18.205803650144595,1.9418191763089896,0.09740734291306903,0.24412462705184104,-4.602832301256394,miscanthus_sinensis_ssp_transmorrisonensis_6wks vs control_15wks,FALSE
808,-3.283798950778266,23.047222205492016,-1.9372618885563666,0.09803972938991833,0.24545490798553643,-4.6088845201263,miscanthus_sinensis_ssp_transmorrisonensis_6wks vs control_15wks,FALSE
127,-1.5838955242831467,18.10963125285129,-1.9350732794470276,0.0983448768561615,0.24596399843114514,-4.611789975991761,miscanthus_sinensis_ssp_transmorrisonensis_6wks vs control_15wks,FALSE
1519,3.663345900949153,20.457227545728422,1.9316287385837743,0.09882704398955458,0.24691431052612606,-4.616361286306021,miscanthus_sinensis_ssp_transmorrisonensis_6wks vs control_15wks,FALSE
5805,-2.2880437126493405,18.410871918594513,-1.927671187559832,0.09938391922334003,0.2480491207061875,-4.621611228676173,miscanthus_sinensis_ssp_transmorrisonensis_6wks vs control_15wks,FALSE
3842,-1.1063082919111409,21.373895895878977,-1.9268485179265098,0.099500069026,0.24808273144150259,-4.622702255477165,miscanthus_sinensis_ssp_transmorrisonensis_6wks vs control_15wks,FALSE
78,-1.1126988903275503,26.560324672598792,-1.9256893317352755,0.09966395895835362,0.24823518025090963,-4.62423939724104,miscanthus_sinensis_ssp_transmorrisonensis_6wks vs control_15wks,FALSE
4166,1.2642785322553465,17.847663548677925,1.923498085982346,0.09997449687987481,0.2487521982098636,-4.62714454516251,miscanthus_sinensis_ssp_transmorrisonensis_6wks vs control_15wks,FALSE
432,1.184561292368258,24.759892223414592,1.9226104820874943,0.10010055875063174,0.24880961928140563,-4.628321119192708,miscanthus_sinensis_ssp_transmorrisonensis_6wks vs control_15wks,FALSE
16810,1.3676678454345321,17.540899698101132,1.9194100530855276,0.1005564091580007,0.24968580115696784,-4.632562480418069,miscanthus_sinensis_ssp_transmorrisonensis_6wks vs control_15wks,FALSE
178,-5.151509209040714,21.768320049768974,-1.918282703985903,0.10071747166647765,0.24982896462649898,-4.634056120295959,miscanthus_sinensis_ssp_transmorrisonensis_6wks vs control_15wks,FALSE
1971,-3.533337989172395,19.568341479462305,-1.9174224090347143,0.10084055252128411,0.24987771783735632,-4.6351958038250025,miscanthus_sinensis_ssp_transmorrisonensis_6wks vs control_15wks,FALSE
3515,-2.1794577594088196,18.323505779438552,-1.913579436512066,0.10139218153599992,0.2507858579421741,-4.640285405883285,miscanthus_sinensis_ssp_transmorrisonensis_6wks vs control_15wks,FALSE
1604,2.410012194611994,20.887821752422354,1.913423379357363,0.10141464536817221,0.2507858579421741,-4.6404920378087,miscanthus_sinensis_ssp_transmorrisonensis_6wks vs control_15wks,FALSE
3222,-2.591905073971841,18.033160001650167,-1.910106970542832,0.10189319651570371,0.2516940936286448,-4.644882314690633,miscanthus_sinensis_ssp_transmorrisonensis_6wks vs control_15wks,FALSE
2615,3.0039266775070352,20.864252648171664,1.9087976606321384,0.10208274216047557,0.2516940936286448,-4.646615105020122,miscanthus_sinensis_ssp_transmorrisonensis_6wks vs control_15wks,FALSE
2679,-1.0499793309915368,21.537290971263094,-1.9087168074913858,0.10209445850830791,0.2516940936286448,-4.646722100182981,miscanthus_sinensis_ssp_transmorrisonensis_6wks vs control_15wks,FALSE
17906,1.0717902910581039,17.682384030915458,1.9075994619522096,0.10225650826049634,0.25183661973227234,-4.648200607161431,miscanthus_sinensis_ssp_transmorrisonensis_6wks vs control_15wks,FALSE
5297,0.9822946790240437,22.059390612033408,1.903270240009,0.10288678630810182,0.2531308306724786,-4.653927280285323,miscanthus_sinensis_ssp_transmorrisonensis_6wks vs control_15wks,FALSE
4517,-2.6042824613930087,19.311732619212574,-1.8965705936244168,0.10386974719570315,0.2552892260679744,-4.6627835505995865,miscanthus_sinensis_ssp_transmorrisonensis_6wks vs control_15wks,FALSE
8731,1.7477076685518007,18.88470588734006,1.8956461403046072,0.10400610811157898,0.25529140930723604,-4.664005009207204,miscanthus_sinensis_ssp_transmorrisonensis_6wks vs control_15wks,FALSE
3941,1.009631638510676,21.386996596525567,1.8945043920416416,0.10417476510331189,0.25529140930723604,-4.665513379825173,miscanthus_sinensis_ssp_transmorrisonensis_6wks vs control_15wks,FALSE
1962,2.567015350182132,21.546984205062135,1.8939775254791746,0.1042526839530377,0.25529140930723604,-4.666209353731819,miscanthus_sinensis_ssp_transmorrisonensis_6wks vs control_15wks,FALSE
5461,-1.5754976889036705,17.4914918418271,-1.893013934435197,0.10439533938864423,0.25529140930723604,-4.667482107639281,miscanthus_sinensis_ssp_transmorrisonensis_6wks vs control_15wks,FALSE
13639,-1.3254784889436309,18.22401482266595,-1.8924995848178927,0.10447156549970911,0.25529140930723604,-4.668161420341963,miscanthus_sinensis_ssp_transmorrisonensis_6wks vs control_15wks,FALSE
5772,2.231554777859614,18.332974886916762,1.8921750609225043,0.10451968790174403,0.25529140930723604,-4.668590003443626,miscanthus_sinensis_ssp_transmorrisonensis_6wks vs control_15wks,FALSE
2999,-2.6905795825890984,19.618021100594035,-1.8915153962515046,0.10461757452187737,0.25529140930723604,-4.669461136762176,miscanthus_sinensis_ssp_transmorrisonensis_6wks vs control_15wks,FALSE
3335,-2.3109707013044627,18.455155474880783,-1.8896850354588208,0.10488965319517045,0.25529140930723604,-4.671877875525414,miscanthus_sinensis_ssp_transmorrisonensis_6wks vs control_15wks,FALSE
143,3.185526749126236,18.579897814761228,1.8888791753842686,0.10500966370341376,0.25529140930723604,-4.672941724580074,miscanthus_sinensis_ssp_transmorrisonensis_6wks vs control_15wks,FALSE
6244,2.2197807506290594,18.133319562934826,1.8882019774158663,0.10511061835747047,0.25529140930723604,-4.673835637131838,miscanthus_sinensis_ssp_transmorrisonensis_6wks vs control_15wks,FALSE
77,-3.905429808071286,23.708778939054778,-1.8881295066727124,0.10512142775254034,0.25529140930723604,-4.673931295145284,miscanthus_sinensis_ssp_transmorrisonensis_6wks vs control_15wks,FALSE
361,-2.329637406326519,20.220764248206827,-1.8878083197674684,0.10516934768797695,0.25529140930723604,-4.674355236290823,miscanthus_sinensis_ssp_transmorrisonensis_6wks vs control_15wks,FALSE
4878,1.6464917946844473,17.99900482008673,1.8873061946675276,0.10524430615480426,0.25529140930723604,-4.675017966617644,miscanthus_sinensis_ssp_transmorrisonensis_6wks vs control_15wks,FALSE
7785,-2.0213903412021814,18.375004543447183,-1.8861770267468387,0.10541306375916863,0.2554442949269322,-4.6765081445922885,miscanthus_sinensis_ssp_transmorrisonensis_6wks vs control_15wks,FALSE
557,-4.516457308688764,20.74936587245193,-1.883661750635474,0.10578993984904961,0.25610069606743874,-4.679826811609036,miscanthus_sinensis_ssp_transmorrisonensis_6wks vs control_15wks,FALSE
2457,-2.8859878844540248,19.413229988682318,-1.8814602602495694,0.1061208904300668,0.25662853628759197,-4.682730584300869,miscanthus_sinensis_ssp_transmorrisonensis_6wks vs control_15wks,FALSE
2919,1.2760795660978523,21.58020314783716,1.8805407444888924,0.10625942355675201,0.25662853628759197,-4.683943182966905,miscanthus_sinensis_ssp_transmorrisonensis_6wks vs control_15wks,FALSE
274,1.0620351837751478,24.881514258512485,1.8797243726770518,0.10638256656470844,0.25662853628759197,-4.685019640344043,miscanthus_sinensis_ssp_transmorrisonensis_6wks vs control_15wks,FALSE
574,-2.917370709360153,19.342420250764256,-1.8793912123509422,0.1064328614901354,0.25662853628759197,-4.685458908337178,miscanthus_sinensis_ssp_transmorrisonensis_6wks vs control_15wks,FALSE
15702,1.1451590061207177,16.763406172618637,1.8740520415870034,0.10724208412172696,0.2582010679017841,-4.6924959239656205,miscanthus_sinensis_ssp_transmorrisonensis_6wks vs control_15wks,FALSE
1444,2.4915463664713045,18.383707192072144,1.873679403749829,0.1072987881512381,0.2582010679017841,-4.692986874856709,miscanthus_sinensis_ssp_transmorrisonensis_6wks vs control_15wks,FALSE
778,-3.7390024981081353,19.035354248252528,-1.8720960325479357,0.10754005813932357,0.25852415966627434,-4.69507269787795,miscanthus_sinensis_ssp_transmorrisonensis_6wks vs control_15wks,FALSE
3559,2.3030152964905035,18.96537831429951,1.8707624751370375,0.10774367661276943,0.2587561855829532,-4.696829092486609,miscanthus_sinensis_ssp_transmorrisonensis_6wks vs control_15wks,FALSE
2239,2.4015843575987113,21.612400698208084,1.8668141719304365,0.10834876422468612,0.25995095766319926,-4.702027463025152,miscanthus_sinensis_ssp_transmorrisonensis_6wks vs control_15wks,FALSE
4145,0.986586502607544,22.469171679468026,1.8626700911566167,0.10898745256288914,0.2610303861830439,-4.707480614668333,miscanthus_sinensis_ssp_transmorrisonensis_6wks vs control_15wks,FALSE
1449,3.368430012940575,18.70782849062219,1.8624934433114495,0.10901475979250468,0.2610303861830439,-4.707712995357814,miscanthus_sinensis_ssp_transmorrisonensis_6wks vs control_15wks,FALSE
3428,-2.3851961576332563,21.151584544347724,-1.8598053065408888,0.10943113857107403,0.26165423582841435,-4.711248552718017,miscanthus_sinensis_ssp_transmorrisonensis_6wks vs control_15wks,FALSE
9623,-1.1241823600686764,18.686308553993577,-1.8589734122914274,0.1095603113614724,0.26165423582841435,-4.712342432659065,miscanthus_sinensis_ssp_transmorrisonensis_6wks vs control_15wks,FALSE
3088,-1.8061376399491884,19.00771644222418,-1.858716708477361,0.10960020143143846,0.26165423582841435,-4.712679954034423,miscanthus_sinensis_ssp_transmorrisonensis_6wks vs control_15wks,FALSE
9594,-1.7294694086445297,18.69442710827817,-1.8572500187690841,0.10982838926824239,0.26183216744602106,-4.714608169312634,miscanthus_sinensis_ssp_transmorrisonensis_6wks vs control_15wks,FALSE
3468,1.2699135916252438,21.216703359981068,1.8568450226352344,0.1098914808734542,0.26183216744602106,-4.715140537277402,miscanthus_sinensis_ssp_transmorrisonensis_6wks vs control_15wks,FALSE
8418,1.519811567616486,18.091937055579734,1.8522094121176897,0.11061617301360191,0.26312975125168553,-4.7212319169643076,miscanthus_sinensis_ssp_transmorrisonensis_6wks vs control_15wks,FALSE
2550,-2.9404759813075074,19.45910981430006,-1.8519688902933078,0.11065390201643728,0.26312975125168553,-4.721547864661192,miscanthus_sinensis_ssp_transmorrisonensis_6wks vs control_15wks,FALSE
8452,2.013722842401453,17.728210772261395,1.8493832817675615,0.11106028767437573,0.26371461801731344,-4.724943625796403,miscanthus_sinensis_ssp_transmorrisonensis_6wks vs control_15wks,FALSE
3920,-2.7141764799273247,19.645605555932324,-1.848593084127198,0.11118477686775664,0.26371461801731344,-4.725981170046977,miscanthus_sinensis_ssp_transmorrisonensis_6wks vs control_15wks,FALSE
913,3.2850472031305706,18.800761619388286,1.8478495205449696,0.11130204434944409,0.26371461801731344,-4.7269573768673485,miscanthus_sinensis_ssp_transmorrisonensis_6wks vs control_15wks,FALSE
1663,-2.6080851877495235,19.33448543950961,-1.8476313851785335,0.11133646952717703,0.26371461801731344,-4.727243742032438,miscanthus_sinensis_ssp_transmorrisonensis_6wks vs control_15wks,FALSE
2700,-3.0484817786781697,18.908399217036735,-1.8461736391167733,0.11156679313902296,0.2639010014879693,-4.729157223461577,miscanthus_sinensis_ssp_transmorrisonensis_6wks vs control_15wks,FALSE
7683,-2.3924120736334125,18.125752538756156,-1.8457512428918832,0.11163361900691418,0.2639010014879693,-4.729711599261083,miscanthus_sinensis_ssp_transmorrisonensis_6wks vs control_15wks,FALSE
711,-0.9738774587551262,24.17344063353307,-1.8428515359455255,0.11209343327968646,0.264728968527588,-4.733516428743581,miscanthus_sinensis_ssp_transmorrisonensis_6wks vs control_15wks,FALSE
2724,-3.299922171994524,19.980438719309895,-1.8414825486862765,0.11231116243198797,0.2649841488629716,-4.73531218513293,miscanthus_sinensis_ssp_transmorrisonensis_6wks vs control_15wks,FALSE
2716,1.125268649361125,22.704509064557485,1.8398161899468815,0.1125767465057733,0.26535162883702273,-4.737497537202743,miscanthus_sinensis_ssp_transmorrisonensis_6wks vs control_15wks,FALSE
3636,-2.3487081102221907,18.514310872206877,-1.8389835269855561,0.11270968689566002,0.26540604633519943,-4.738589338480019,miscanthus_sinensis_ssp_transmorrisonensis_6wks vs control_15wks,FALSE
847,-2.420389054117642,22.353186231305973,-1.8379316569145494,0.11287784526528623,0.26554320755689537,-4.739968379007664,miscanthus_sinensis_ssp_transmorrisonensis_6wks vs control_15wks,FALSE
3792,2.27421257976674,19.663104077765432,1.8365006530766876,0.1131070092216638,0.26582347692562236,-4.74184413880525,miscanthus_sinensis_ssp_transmorrisonensis_6wks vs control_15wks,FALSE
599,-2.3953495922680084,23.05053895269187,-1.835702884552883,0.1132349634567822,0.2658655701764682,-4.74288968362223,miscanthus_sinensis_ssp_transmorrisonensis_6wks vs control_15wks,FALSE
3093,-2.600166140128792,18.81452501712751,-1.8344970871269506,0.11342863080421221,0.266061720410657,-4.7444697538749505,miscanthus_sinensis_ssp_transmorrisonensis_6wks vs control_15wks,FALSE
1894,-2.171484239306235,18.150314814568837,-1.8319213593264254,0.11384341516718105,0.2667756460173709,-4.74784403525877,miscanthus_sinensis_ssp_transmorrisonensis_6wks vs control_15wks,FALSE
2691,0.9518492128961569,23.351413258109815,1.82923869118409,0.1142770001956307,0.26752551016229553,-4.751357046219011,miscanthus_sinensis_ssp_transmorrisonensis_6wks vs control_15wks,FALSE
2375,0.9757666098165103,22.647081621010408,1.8279860676851072,0.11448000829126306,0.26752551016229553,-4.752996903689595,miscanthus_sinensis_ssp_transmorrisonensis_6wks vs control_15wks,FALSE
7821,-1.9811112265938036,18.468373149916815,-1.8278899317295827,0.11449560327310164,0.26752551016229553,-4.753122746300206,miscanthus_sinensis_ssp_transmorrisonensis_6wks vs control_15wks,FALSE
1658,-2.976493402854498,21.673888259538877,-1.825287229054229,0.11491859959464183,0.2682544315175407,-4.756529013796339,miscanthus_sinensis_ssp_transmorrisonensis_6wks vs control_15wks,FALSE
4597,-1.9075169761144082,19.63867091450596,-1.8237341204986026,0.11517174201914508,0.26858583853113366,-4.758560998823759,miscanthus_sinensis_ssp_transmorrisonensis_6wks vs control_15wks,FALSE
13293,0.9908139732859489,17.70297918051248,1.821025706197686,0.11561449445500045,0.26921315339233876,-4.762103369873183,miscanthus_sinensis_ssp_transmorrisonensis_6wks vs control_15wks,FALSE
6048,-2.167181549308019,19.16288141483041,-1.8201154471784378,0.115763670604729,0.26921315339233876,-4.763293583085621,miscanthus_sinensis_ssp_transmorrisonensis_6wks vs control_15wks,FALSE
10352,-0.9782689202267996,17.956506306418355,-1.8196592232062139,0.11583850883805617,0.26921315339233876,-4.76389005874125,miscanthus_sinensis_ssp_transmorrisonensis_6wks vs control_15wks,FALSE
7886,-1.2447509395524214,19.189155504212057,-1.8193670776652648,0.11588645675829151,0.26921315339233876,-4.7642719934441295,miscanthus_sinensis_ssp_transmorrisonensis_6wks vs control_15wks,FALSE
268,-0.9818780330823778,22.834772197511082,-1.816675888822414,0.11632905743037264,0.26998175096232496,-4.767789500981554,miscanthus_sinensis_ssp_transmorrisonensis_6wks vs control_15wks,FALSE
1338,1.482928110216129,17.797308622065906,1.8142713221208209,0.11672591673441454,0.2706428165358402,-4.770931151274058,miscanthus_sinensis_ssp_transmorrisonensis_6wks vs control_15wks,FALSE
2051,1.1969145719097796,22.818759043481673,1.8125526132102103,0.11701038971329088,0.271042283362714,-4.77317598991771,miscanthus_sinensis_ssp_transmorrisonensis_6wks vs control_15wks,FALSE
3600,2.2785234252636855,18.660739310901825,1.809694260472371,0.1174849916956618,0.2718809769508802,-4.776908013023221,miscanthus_sinensis_ssp_transmorrisonensis_6wks vs control_15wks,FALSE
2784,-2.5393635832020145,21.134268224737696,-1.8082439756934139,0.1177265158496333,0.27204453516996957,-4.778800948524321,miscanthus_sinensis_ssp_transmorrisonensis_6wks vs control_15wks,FALSE
230,-2.7219702976335434,23.44284904166887,-1.8069200675193446,0.11794741694444112,0.27204453516996957,-4.780528559565435,miscanthus_sinensis_ssp_transmorrisonensis_6wks vs control_15wks,FALSE
922,0.9545930255390616,24.405087573733898,1.8063503276633532,0.1180426055281449,0.27204453516996957,-4.781271921095129,miscanthus_sinensis_ssp_transmorrisonensis_6wks vs control_15wks,FALSE
11425,1.0052422247867376,18.613505175266827,1.8061002766625491,0.1180844061603444,0.27204453516996957,-4.781598151211213,miscanthus_sinensis_ssp_transmorrisonensis_6wks vs control_15wks,FALSE
3291,-1.0903004071655324,21.863542766079995,-1.8058953486874505,0.11811867441775582,0.27204453516996957,-4.781865501793734,miscanthus_sinensis_ssp_transmorrisonensis_6wks vs control_15wks,FALSE
2732,-2.0099466002229285,21.92799931061289,-1.8031427876291752,0.11857990196422724,0.2728467077576886,-4.785455674926446,miscanthus_sinensis_ssp_transmorrisonensis_6wks vs control_15wks,FALSE
1688,2.2598066213657084,20.42685963035183,1.800998659505453,0.11894039548263867,0.27320841468836815,-4.788251181270975,miscanthus_sinensis_ssp_transmorrisonensis_6wks vs control_15wks,FALSE
8223,1.4709705131650352,18.552641617384456,1.80086284117176,0.1189632666606636,0.27320841468836815,-4.788428228561361,miscanthus_sinensis_ssp_transmorrisonensis_6wks vs control_15wks,FALSE
4034,1.9235343994222127,18.649869014654836,1.7996568817569454,0.11916653282029917,0.2732194162439024,-4.79000010005608,miscanthus_sinensis_ssp_transmorrisonensis_6wks vs control_15wks,FALSE
1800,1.351481746244744,20.001947723479635,1.7994926998651086,0.1191942320865369,0.2732194162439024,-4.7902140745549255,miscanthus_sinensis_ssp_transmorrisonensis_6wks vs control_15wks,FALSE
276,-1.7185619113234125,24.69862364990202,-1.7958670470241194,0.11980752119531413,0.2743649016188426,-4.794937867344031,miscanthus_sinensis_ssp_transmorrisonensis_6wks vs control_15wks,FALSE
4609,3.3554811283865327,20.053251992438117,1.792983716433124,0.12029743857786716,0.2751739330298099,-4.798692529582085,miscanthus_sinensis_ssp_transmorrisonensis_6wks vs control_15wks,FALSE
2995,-2.654252355106884,18.86934410781864,-1.792448488213517,0.12038859570054185,0.2751739330298099,-4.799389308354916,miscanthus_sinensis_ssp_transmorrisonensis_6wks vs control_15wks,FALSE
105,-2.2432763767072323,21.479014122320166,-1.7879323627065231,0.12116044030758286,0.2765770156531685,-4.805266132532642,miscanthus_sinensis_ssp_transmorrisonensis_6wks vs control_15wks,FALSE
6158,0.8863970728191681,20.043753851398204,1.787109272112307,0.12130163161866794,0.2765770156531685,-4.806336749192359,miscanthus_sinensis_ssp_transmorrisonensis_6wks vs control_15wks,FALSE
1994,2.7509308855517602,18.543119006823037,1.7868515359650423,0.12134587607299613,0.2765770156531685,-4.806671963841859,miscanthus_sinensis_ssp_transmorrisonensis_6wks vs control_15wks,FALSE
4393,1.6353088274974823,18.27724608661191,1.784964789909989,0.121670244241372,0.27705495766932586,-4.809125452997158,miscanthus_sinensis_ssp_transmorrisonensis_6wks vs control_15wks,FALSE
134,2.8680059877348647,18.30511522887973,1.7837997752177512,0.12187095392113899,0.2772506823667343,-4.810640033196361,miscanthus_sinensis_ssp_transmorrisonensis_6wks vs control_15wks,FALSE
5565,-2.2308406058699184,18.824889779485797,-1.7796943053265168,0.12258081773112885,0.2786032508357547,-4.815975015857944,miscanthus_sinensis_ssp_transmorrisonensis_6wks vs control_15wks,FALSE
3785,1.782878975963257,21.032679209137385,1.777507584357713,0.12296055587760635,0.27905455158808773,-4.818815121161769,miscanthus_sinensis_ssp_transmorrisonensis_6wks vs control_15wks,FALSE
2107,-3.088414010592448,19.841273683163365,-1.7769119448667068,0.1230641904730137,0.27905455158808773,-4.819588554190738,miscanthus_sinensis_ssp_transmorrisonensis_6wks vs control_15wks,FALSE
760,2.830636062955051,18.728051840144104,1.7765575543123595,0.1231258907255387,0.27905455158808773,-4.820048690504926,miscanthus_sinensis_ssp_transmorrisonensis_6wks vs control_15wks,FALSE
3766,-1.8550790301832194,18.553123595660775,-1.7756397942551145,0.12328581471390007,0.27915513434750006,-4.821240170560381,miscanthus_sinensis_ssp_transmorrisonensis_6wks vs control_15wks,FALSE
1208,2.8080146311732506,18.84483643775939,1.7733484386234828,0.12368597551992766,0.2797989858203607,-4.8242141082976,miscanthus_sinensis_ssp_transmorrisonensis_6wks vs control_15wks,FALSE
4927,-1.7494640099100067,20.547589919319012,-1.772091091042248,0.12390609360704513,0.2800347260567082,-4.8258455197033205,miscanthus_sinensis_ssp_transmorrisonensis_6wks vs control_15wks,FALSE
8587,1.3593384413538132,18.986695813683845,1.7704202181775675,0.12419919435227585,0.28030426439728323,-4.8280129384475945,miscanthus_sinensis_ssp_transmorrisonensis_6wks vs control_15wks,FALSE
4451,-2.3861573867323678,19.79846775244421,-1.769462951904247,0.12436741900402407,0.28030426439728323,-4.829254402920647,miscanthus_sinensis_ssp_transmorrisonensis_6wks vs control_15wks,FALSE
3627,1.4064755846832036,17.715945924531376,1.7673922806732125,0.12473206418333488,0.28030426439728323,-4.831939126057233,miscanthus_sinensis_ssp_transmorrisonensis_6wks vs control_15wks,FALSE
806,2.7039445663274257,19.79436234733378,1.7666836553557779,0.1248570912090712,0.28030426439728323,-4.832857671878783,miscanthus_sinensis_ssp_transmorrisonensis_6wks vs control_15wks,FALSE
2753,-2.96882836348599,20.37940206403209,-1.7660969490782878,0.12496069933069343,0.28030426439728323,-4.833618096567341,miscanthus_sinensis_ssp_transmorrisonensis_6wks vs control_15wks,FALSE
4766,-2.5248411610469184,18.86563053995834,-1.7660627941583844,0.12496673341317356,0.28030426439728323,-4.833662362068359,miscanthus_sinensis_ssp_transmorrisonensis_6wks vs control_15wks,FALSE
1157,0.9798512134343191,23.704998536907283,1.7648480136211073,0.12518153020265504,0.28030426439728323,-4.8352365728392765,miscanthus_sinensis_ssp_transmorrisonensis_6wks vs control_15wks,FALSE
718,3.5714972998921333,18.807461040914742,1.7645145695708297,0.12524055220087385,0.28030426439728323,-4.835668618470552,miscanthus_sinensis_ssp_transmorrisonensis_6wks vs control_15wks,FALSE
2764,0.956261459082004,20.64144426039615,1.764454889255046,0.12525111889400242,0.28030426439728323,-4.835745944001072,miscanthus_sinensis_ssp_transmorrisonensis_6wks vs control_15wks,FALSE
6366,1.560648233428406,17.862959974470478,1.7638336514989261,0.12536116345030712,0.28030426439728323,-4.836550810586845,miscanthus_sinensis_ssp_transmorrisonensis_6wks vs control_15wks,FALSE
1601,-1.0664668792965486,23.646962154266006,-1.7634016705449933,0.12543773877721695,0.28030426439728323,-4.837110427466667,miscanthus_sinensis_ssp_transmorrisonensis_6wks vs control_15wks,FALSE
1863,1.230210015140539,18.65946656239103,1.7622898909252944,0.12563502761818326,0.28030426439728323,-4.83855050677069,miscanthus_sinensis_ssp_transmorrisonensis_6wks vs control_15wks,FALSE
4988,2.53816766885053,18.20125651849331,1.762237533609911,0.12564432600529193,0.28030426439728323,-4.838618317887303,miscanthus_sinensis_ssp_transmorrisonensis_6wks vs control_15wks,FALSE
7512,1.8233574852968175,17.821725375927087,1.7610542059121013,0.12585465689095385,0.28030426439728323,-4.840150751193235,miscanthus_sinensis_ssp_transmorrisonensis_6wks vs control_15wks,FALSE
5037,1.3468778160759918,18.26669585944174,1.7610417879317235,0.12585686593689704,0.28030426439728323,-4.84016683104427,miscanthus_sinensis_ssp_transmorrisonensis_6wks vs control_15wks,FALSE
277,0.9528138898351735,26.067210343084927,1.7609023400525496,0.12588167502940906,0.28030426439728323,-4.840347397544572,miscanthus_sinensis_ssp_transmorrisonensis_6wks vs control_15wks,FALSE
5846,1.5322481263632568,18.235592489448596,1.7571787736996236,0.12654588840877426,0.2815238180438293,-4.845167283767245,miscanthus_sinensis_ssp_transmorrisonensis_6wks vs control_15wks,FALSE
10684,1.171194922242325,18.38566972444826,1.754544140231693,0.1270179068721285,0.28222853900819456,-4.848575708880394,miscanthus_sinensis_ssp_transmorrisonensis_6wks vs control_15wks,FALSE
16912,1.2119538994440369,17.0534214436038,1.754107520948288,0.12709629571229952,0.28222853900819456,-4.849140409049503,miscanthus_sinensis_ssp_transmorrisonensis_6wks vs control_15wks,FALSE
594,-1.4158302108022802,23.479222390173916,-1.7517908950859749,0.12751299750760198,0.2828938493832565,-4.852135873707626,miscanthus_sinensis_ssp_transmorrisonensis_6wks vs control_15wks,FALSE
1586,3.178617406681635,18.333632146100523,1.745200388615935,0.12870570555463814,0.2852779675412897,-4.860650771066484,miscanthus_sinensis_ssp_transmorrisonensis_6wks vs control_15wks,FALSE
1412,-1.9979422460315206,20.489382063589574,-1.743371038712272,0.12903867847410283,0.28575384710672086,-4.863012478026318,miscanthus_sinensis_ssp_transmorrisonensis_6wks vs control_15wks,FALSE
2467,-2.748696074431109,19.245659184682637,-1.741915494545808,0.12930420715756044,0.28607963781379675,-4.864891034953949,miscanthus_sinensis_ssp_transmorrisonensis_6wks vs control_15wks,FALSE
6077,1.2217747153301843,17.92623306483933,1.7401408483656355,0.1296286627642061,0.28653508621987367,-4.867180753882859,miscanthus_sinensis_ssp_transmorrisonensis_6wks vs control_15wks,FALSE
3237,1.7227886552095164,17.30572237071037,1.7370298266376687,0.13019934484646684,0.2874750695356243,-4.8711929119641635,miscanthus_sinensis_ssp_transmorrisonensis_6wks vs control_15wks,FALSE
816,2.0108499529715367,18.350981718730868,1.7364830437134964,0.1302998964753228,0.2874750695356243,-4.8718978371544734,miscanthus_sinensis_ssp_transmorrisonensis_6wks vs control_15wks,FALSE
2511,-3.40285111376636,18.751029030009963,-1.7358653064100238,0.13041358660958355,0.2874750695356243,-4.872694152337917,miscanthus_sinensis_ssp_transmorrisonensis_6wks vs control_15wks,FALSE
12791,1.3683372941178682,18.095037772839344,1.7352340491931124,0.13052986394063734,0.2874750695356243,-4.87350780141255,miscanthus_sinensis_ssp_transmorrisonensis_6wks vs control_15wks,FALSE
4151,0.888540033563082,20.93110976820094,1.7342946133494073,0.13070309300190405,0.28759441957431714,-4.874718495529887,miscanthus_sinensis_ssp_transmorrisonensis_6wks vs control_15wks,FALSE
703,-1.1299059533038047,23.767537014078464,-1.7301457480649536,0.13147078851821029,0.2890204049681493,-4.880062787064537,miscanthus_sinensis_ssp_transmorrisonensis_6wks vs control_15wks,FALSE
1263,-1.904875216864582,21.751660147865877,-1.725448763082901,0.1323451569895098,0.2904639792915901,-4.886108093674392,miscanthus_sinensis_ssp_transmorrisonensis_6wks vs control_15wks,FALSE
4378,-2.5618223838021166,18.64812048641921,-1.7244757241310065,0.13252699311390845,0.2904639792915901,-4.887359781007516,miscanthus_sinensis_ssp_transmorrisonensis_6wks vs control_15wks,FALSE
2763,-2.8064073246316283,18.56630454286742,-1.7244170069727147,0.1325379735520655,0.2904639792915901,-4.887435305529649,miscanthus_sinensis_ssp_transmorrisonensis_6wks vs control_15wks,FALSE
3177,2.079271916567766,18.367795581042877,1.724040794744243,0.13260834816168207,0.2904639792915901,-4.887919185736076,miscanthus_sinensis_ssp_transmorrisonensis_6wks vs control_15wks,FALSE
1335,2.8005180750360843,18.551997465878205,1.718647208438492,0.13362124438380676,0.2920761335104546,-4.894852528540064,miscanthus_sinensis_ssp_transmorrisonensis_6wks vs control_15wks,FALSE
2935,1.5951022485484572,17.796941431488044,1.7180744291308887,0.13372924697511324,0.2920761335104546,-4.895588401882872,miscanthus_sinensis_ssp_transmorrisonensis_6wks vs control_15wks,FALSE
3691,1.8586989572103327,18.264387277177015,1.7179823957717157,0.13374660851334583,0.2920761335104546,-4.895706633362346,miscanthus_sinensis_ssp_transmorrisonensis_6wks vs control_15wks,FALSE
7328,1.2508258871500075,19.839967671541682,1.7175514623601855,0.13382793037916937,0.2920761335104546,-4.896260207832151,miscanthus_sinensis_ssp_transmorrisonensis_6wks vs control_15wks,FALSE
12944,-1.0749900888955466,18.368306017397913,-1.7162147451345815,0.13408048656658572,0.292180730348862,-4.897977052823468,miscanthus_sinensis_ssp_transmorrisonensis_6wks vs control_15wks,FALSE
2194,0.8900451039562327,22.239054934921896,1.7157559790172094,0.13416727045838403,0.292180730348862,-4.898566177528475,miscanthus_sinensis_ssp_transmorrisonensis_6wks vs control_15wks,FALSE
5705,-1.794102598527072,18.67861050990819,-1.715378788434224,0.1342386633639225,0.292180730348862,-4.899050507637093,miscanthus_sinensis_ssp_transmorrisonensis_6wks vs control_15wks,FALSE
2024,0.9468738845491451,21.1446715376603,1.7140353093095986,0.13449324809305951,0.29231995704010866,-4.900775307976711,miscanthus_sinensis_ssp_transmorrisonensis_6wks vs control_15wks,FALSE
1977,2.824526161768091,21.380187260156287,1.7137645304960427,0.1345446159886593,0.29231995704010866,-4.901122887563132,miscanthus_sinensis_ssp_transmorrisonensis_6wks vs control_15wks,FALSE
1347,1.0472083929124594,22.36933953719585,1.7105567181610617,0.13515458978305792,0.29332706355445376,-4.905239128477328,miscanthus_sinensis_ssp_transmorrisonensis_6wks vs control_15wks,FALSE
119,-2.260104873391626,20.282867488864248,-1.709841044561844,0.13529103942587953,0.29332706355445376,-4.906157122078604,miscanthus_sinensis_ssp_transmorrisonensis_6wks vs control_15wks,FALSE
84,-1.122135129524036,25.62384864577718,-1.709414733700732,0.1353723823937152,0.29332706355445376,-4.906703889012521,miscanthus_sinensis_ssp_transmorrisonensis_6wks vs control_15wks,FALSE
18506,0.9346404401731334,17.762744118346397,1.707675721197491,0.1357046850349689,0.29378361921548823,-4.908933791147267,miscanthus_sinensis_ssp_transmorrisonensis_6wks vs control_15wks,FALSE
17175,-1.058680506232065,17.806161571153993,-1.7060997126127457,0.136006516967237,0.29408802944788154,-4.91095401406583,miscanthus_sinensis_ssp_transmorrisonensis_6wks vs control_15wks,FALSE
3871,-0.8874367511790808,21.600464390430762,-1.7056709239969567,0.13608874872629617,0.29408802944788154,-4.911503551922498,miscanthus_sinensis_ssp_transmorrisonensis_6wks vs control_15wks,FALSE
3072,2.5518708856198913,18.46094564382527,1.7025526842812004,0.13668819364753143,0.2951194601004789,-4.9154984944504125,miscanthus_sinensis_ssp_transmorrisonensis_6wks vs control_15wks,FALSE
3548,0.8856217509756092,21.49623619234841,1.7014841426909508,0.13689419107449383,0.2951754952719981,-4.916866887488485,miscanthus_sinensis_ssp_transmorrisonensis_6wks vs control_15wks,FALSE
11875,1.7203338678445803,18.305037353984442,1.7011508907132777,0.13695849759930045,0.2951754952719981,-4.917293595852312,miscanthus_sinensis_ssp_transmorrisonensis_6wks vs control_15wks,FALSE
3356,2.4148297792550935,18.21311945099425,1.700027472301918,0.1371754936864644,0.295376146188337,-4.918731852694559,miscanthus_sinensis_ssp_transmorrisonensis_6wks vs control_15wks,FALSE
4033,-2.106546172135374,18.964979835971786,-1.6994037404395446,0.13729611430856892,0.295376146188337,-4.919530245384266,miscanthus_sinensis_ssp_transmorrisonensis_6wks vs control_15wks,FALSE
997,-0.8637437645003843,24.028369916591657,-1.6968941032186078,0.1377824711663852,0.29576791512274925,-4.922741630064973,miscanthus_sinensis_ssp_transmorrisonensis_6wks vs control_15wks,FALSE
3520,2.1534909562050366,18.443854731958982,1.6961213745336945,0.1379325552687259,0.29576791512274925,-4.92373010176242,miscanthus_sinensis_ssp_transmorrisonensis_6wks vs control_15wks,FALSE
227,-3.9645858830239753,20.23737853114904,-1.6957599580461125,0.13800280562232614,0.29576791512274925,-4.924192371237757,miscanthus_sinensis_ssp_transmorrisonensis_6wks vs control_15wks,FALSE
5264,0.9368003991500302,21.531323108808497,1.695633328448698,0.13802742737821688,0.29576791512274925,-4.92435432870213,miscanthus_sinensis_ssp_transmorrisonensis_6wks vs control_15wks,FALSE
2519,-2.04186825819097,19.302845216421616,-1.6953099806250052,0.13809031798777363,0.29576791512274925,-4.924767867097296,miscanthus_sinensis_ssp_transmorrisonensis_6wks vs control_15wks,FALSE
6933,-1.73174613101898,19.91557961024961,-1.6938161881845264,0.13838121510978804,0.29604133572976826,-4.926677966172393,miscanthus_sinensis_ssp_transmorrisonensis_6wks vs control_15wks,FALSE
959,1.2646176443830868,22.68099993735811,1.693396540015766,0.13846304195970122,0.29604133572976826,-4.927214461960973,miscanthus_sinensis_ssp_transmorrisonensis_6wks vs control_15wks,FALSE
3949,-1.549515825337263,18.586243228501232,-1.690226319834334,0.13908270146400797,0.29710327739791625,-4.931265916955412,miscanthus_sinensis_ssp_transmorrisonensis_6wks vs control_15wks,FALSE
5980,1.6692915914216826,17.75609249652568,1.687464595566788,0.1396246809659266,0.2979975523089034,-4.934793175579166,miscanthus_sinensis_ssp_transmorrisonensis_6wks vs control_15wks,FALSE
12918,1.2581467947360814,17.541303407821836,1.686537629328143,0.1398070482848837,0.29809968743877796,-4.935976640927781,miscanthus_sinensis_ssp_transmorrisonensis_6wks vs control_15wks,FALSE
6912,1.7876408300229123,19.02988480896539,1.6858590268268712,0.13994069823807884,0.29809968743877796,-4.936842874250873,miscanthus_sinensis_ssp_transmorrisonensis_6wks vs control_15wks,FALSE
5310,1.165541674305846,17.375130908324724,1.685341572039785,0.14004269256747226,0.29809968743877796,-4.937503321253306,miscanthus_sinensis_ssp_transmorrisonensis_6wks vs control_15wks,FALSE
5265,-2.1290543743018766,19.04391799710606,-1.6829460970477332,0.1405157874690009,0.29884343532139623,-4.940559830290267,miscanthus_sinensis_ssp_transmorrisonensis_6wks vs control_15wks,FALSE
478,3.3537131341045665,23.043075132657457,1.6820350973689848,0.14069610686998454,0.29896375918899093,-4.941721820738899,miscanthus_sinensis_ssp_transmorrisonensis_6wks vs control_15wks,FALSE
287,-1.5414043706726517,24.52827395896395,-1.6805156443496747,0.140997353822006,0.29934060354478603,-4.94365940764128,miscanthus_sinensis_ssp_transmorrisonensis_6wks vs control_15wks,FALSE
6830,0.8314217903984655,17.802944171850303,1.6767430275134412,0.14174798413666506,0.30006847649107987,-4.948467525685929,miscanthus_sinensis_ssp_transmorrisonensis_6wks vs control_15wks,FALSE
4567,-2.0060623856450235,18.38549328985128,-1.6759410957446956,0.14190803482274014,0.30006847649107987,-4.94948907695014,miscanthus_sinensis_ssp_transmorrisonensis_6wks vs control_15wks,FALSE
11765,1.1988381762319236,17.259379993217546,1.6758344712863618,0.14192932809559822,0.30006847649107987,-4.949624888843513,miscanthus_sinensis_ssp_transmorrisonensis_6wks vs control_15wks,FALSE
10316,-1.6183933024425166,18.801464163661592,-1.675719424512926,0.14195230676049955,0.30006847649107987,-4.949771425138902,miscanthus_sinensis_ssp_transmorrisonensis_6wks vs control_15wks,FALSE
1636,3.0261799060289185,18.451867753297545,1.6756748841691882,0.14196120390285774,0.30006847649107987,-4.949828155687544,miscanthus_sinensis_ssp_transmorrisonensis_6wks vs control_15wks,FALSE
2621,2.099766687447733,18.379948727529868,1.6734393638620069,0.1424084451018875,0.30075070224314704,-4.952674824330028,miscanthus_sinensis_ssp_transmorrisonensis_6wks vs control_15wks,FALSE
2576,0.9543217863195288,22.50755640883434,1.6711487857330678,0.14286809798156944,0.3014579255226828,-4.955590196797004,miscanthus_sinensis_ssp_transmorrisonensis_6wks vs control_15wks,FALSE
2503,-2.730830417173067,18.0224477367669,-1.6682829710258187,0.14344518054681066,0.30241148010566715,-4.959235698290255,miscanthus_sinensis_ssp_transmorrisonensis_6wks vs control_15wks,FALSE
9135,-1.358388691451399,18.466290311893392,-1.6642866192704948,0.14425363409859285,0.3038507236113342,-4.964315558155622,miscanthus_sinensis_ssp_transmorrisonensis_6wks vs control_15wks,FALSE
1786,1.7373683776285809,21.205547505985862,1.661504753159991,0.14481896484799214,0.30477580058601833,-4.967849056164111,miscanthus_sinensis_ssp_transmorrisonensis_6wks vs control_15wks,FALSE
3290,-1.1534571831586966,19.70853763446838,-1.6608559174470758,0.14495112486039816,0.3047884400894012,-4.96867289235336,miscanthus_sinensis_ssp_transmorrisonensis_6wks vs control_15wks,FALSE
1828,1.5050340791497767,18.19067180005208,1.6571135683393066,0.14571564380661892,0.305931261427821,-4.973422321181408,miscanthus_sinensis_ssp_transmorrisonensis_6wks vs control_15wks,FALSE
1103,1.3299587791941896,19.35949539038232,1.6569561748204247,0.1457478815825422,0.305931261427821,-4.973621984219669,miscanthus_sinensis_ssp_transmorrisonensis_6wks vs control_15wks,FALSE
3221,1.8174233247243379,17.900179629627925,1.654620040445522,0.14622717494679333,0.30653738125095353,-4.976584693577732,miscanthus_sinensis_ssp_transmorrisonensis_6wks vs control_15wks,FALSE
5054,-1.6401627970428656,20.119863104342123,-1.6543124303868526,0.14629039759203205,0.30653738125095353,-4.976974693659116,miscanthus_sinensis_ssp_transmorrisonensis_6wks vs control_15wks,FALSE
2198,-1.2249489759656385,22.659792583881575,-1.6529450677891109,0.14657174489111885,0.30664280539856564,-4.9787079673194805,miscanthus_sinensis_ssp_transmorrisonensis_6wks vs control_15wks,FALSE
1322,-2.127871013332296,18.062012581320566,-1.6528343283855205,0.14659455307754277,0.30664280539856564,-4.978848317925917,miscanthus_sinensis_ssp_transmorrisonensis_6wks vs control_15wks,FALSE
1984,1.0155784313391791,22.0970279310384,1.6503484350057467,0.14710744479783722,0.3074494694044764,-4.981998016319048,miscanthus_sinensis_ssp_transmorrisonensis_6wks vs control_15wks,FALSE
1042,-2.9355523377484296,19.92478023720732,-1.6471072082256115,0.14777874364489746,0.30844388348229906,-4.986102113511449,miscanthus_sinensis_ssp_transmorrisonensis_6wks vs control_15wks,FALSE
786,-0.9761098838965516,23.668027950749043,-1.6468189657770254,0.14783858322537347,0.30844388348229906,-4.986466946371229,miscanthus_sinensis_ssp_transmorrisonensis_6wks vs control_15wks,FALSE
1846,-1.945198005382668,19.11182362864783,-1.6454102031765487,0.14813137633201218,0.3087880976860582,-4.988249697601231,miscanthus_sinensis_ssp_transmorrisonensis_6wks vs control_15wks,FALSE
8004,1.7260398289908814,19.676896834517564,1.638929053506963,0.14948551778280608,0.31134225083039613,-4.996444086303058,miscanthus_sinensis_ssp_transmorrisonensis_6wks vs control_15wks,FALSE
445,-3.5377427340304095,19.149562374334643,-1.6379277633896503,0.14969576899889614,0.31151160887281054,-4.997708979144868,miscanthus_sinensis_ssp_transmorrisonensis_6wks vs control_15wks,FALSE
3570,-2.6863271760216456,19.77659281003264,-1.6354308277046794,0.15022130059911393,0.31233619814755526,-5.000861998777882,miscanthus_sinensis_ssp_transmorrisonensis_6wks vs control_15wks,FALSE
887,1.4198028054812006,23.003324674227237,1.6312810151443018,0.1510985908427202,0.31389010788995014,-5.006098178235304,miscanthus_sinensis_ssp_transmorrisonensis_6wks vs control_15wks,FALSE
8409,-1.7561084677879002,18.031585384426474,-1.6276836451296046,0.15186302349429548,0.31520710031118376,-5.010633205907486,miscanthus_sinensis_ssp_transmorrisonensis_6wks vs control_15wks,FALSE
3647,-2.872694367642037,18.653715814731637,-1.6260586777249149,0.15220952637357268,0.3156551207884563,-5.012680470938474,miscanthus_sinensis_ssp_transmorrisonensis_6wks vs control_15wks,FALSE
5047,-1.3905970804559544,17.86077699187687,-1.624632727531798,0.15251420869397625,0.31601571887190966,-5.0144763538300126,miscanthus_sinensis_ssp_transmorrisonensis_6wks vs control_15wks,FALSE
3904,-2.665048313682508,18.2382259245032,-1.6233529585614541,0.1527881485657299,0.31631205392870904,-5.016087617778745,miscanthus_sinensis_ssp_transmorrisonensis_6wks vs control_15wks,FALSE
833,-1.0073336468301477,22.89004964021491,-1.6219375715455178,0.15309166090866716,0.3166690520165581,-5.01786906078501,miscanthus_sinensis_ssp_transmorrisonensis_6wks vs control_15wks,FALSE
2709,-1.8267740785122975,17.959768064472897,-1.61893139904903,0.1537381930639878,0.3177343665035026,-5.021650722802783,miscanthus_sinensis_ssp_transmorrisonensis_6wks vs control_15wks,FALSE
1934,-2.293125901670841,20.40022547285775,-1.6162879353140154,0.15430885313364892,0.31864118732555197,-5.024973869758075,miscanthus_sinensis_ssp_transmorrisonensis_6wks vs control_15wks,FALSE
13665,-1.5070168882342863,17.991234129704594,-1.6156573020674938,0.15444528747986735,0.3186505675075658,-5.0257663395951635,miscanthus_sinensis_ssp_transmorrisonensis_6wks vs control_15wks,FALSE
1871,-2.062795628338076,21.103465122216722,-1.6148791734513896,0.15461378900022685,0.31869715668929155,-5.026743990454768,miscanthus_sinensis_ssp_transmorrisonensis_6wks vs control_15wks,FALSE
1704,-2.4932188690986266,21.60374774921902,-1.6138017405953275,0.1548473911127561,0.31869715668929155,-5.0280973888853,miscanthus_sinensis_ssp_transmorrisonensis_6wks vs control_15wks,FALSE
4925,2.1288104260612997,18.39656380304674,1.6137270297948603,0.15486360180183292,0.31869715668929155,-5.028191222526124,miscanthus_sinensis_ssp_transmorrisonensis_6wks vs control_15wks,FALSE
3223,0.945077714087585,22.240676950995766,1.610568026161485,0.15555051016343344,0.3194524963493441,-5.032157249371634,miscanthus_sinensis_ssp_transmorrisonensis_6wks vs control_15wks,FALSE
1215,0.9330433042324806,23.578688628580856,1.6103500017475931,0.15559802450347138,0.3194524963493441,-5.032430860050869,miscanthus_sinensis_ssp_transmorrisonensis_6wks vs control_15wks,FALSE
4381,-2.0130448020000706,20.856259545307644,-1.610215639839381,0.1556273129980041,0.3194524963493441,-5.032599470895444,miscanthus_sinensis_ssp_transmorrisonensis_6wks vs control_15wks,FALSE
2220,2.059421496743923,18.829622905956015,1.6084922673560778,0.15600343968296998,0.31995272519019985,-5.034761643855576,miscanthus_sinensis_ssp_transmorrisonensis_6wks vs control_15wks,FALSE
1297,-2.539856495518137,18.942097484517642,-1.6073769370861095,0.1562473185729459,0.32018110404769917,-5.0361604728135445,miscanthus_sinensis_ssp_transmorrisonensis_6wks vs control_15wks,FALSE
889,2.9058985338060204,19.729879502110347,1.6062652813742047,0.1564907523243176,0.3202786353711339,-5.037554314090004,miscanthus_sinensis_ssp_transmorrisonensis_6wks vs control_15wks,FALSE
4093,2.3874099727580003,18.28701996976748,1.6054215777757765,0.15667574816161725,0.3202786353711339,-5.038611932500007,miscanthus_sinensis_ssp_transmorrisonensis_6wks vs control_15wks,FALSE
1667,2.413336561605714,18.179111319089998,1.6042703502722448,0.15692850680922207,0.3202786353711339,-5.040054692247036,miscanthus_sinensis_ssp_transmorrisonensis_6wks vs control_15wks,FALSE
2111,-2.134918896476762,18.626681798005315,-1.60417310828317,0.15694987447380374,0.3202786353711339,-5.0401765407257795,miscanthus_sinensis_ssp_transmorrisonensis_6wks vs control_15wks,FALSE
1066,2.6560744120967605,19.857092211976003,1.6041373078883794,0.15695774183750932,0.3202786353711339,-5.040221399457665,miscanthus_sinensis_ssp_transmorrisonensis_6wks vs control_15wks,FALSE
5375,1.8898118013539325,18.359990358458155,1.6013212939617651,0.15757774631814647,0.3211809837459426,-5.04374869185934,miscanthus_sinensis_ssp_transmorrisonensis_6wks vs control_15wks,FALSE
6320,-1.1328854726559818,19.37812943026776,-1.6004443301043227,0.15777129976055226,0.3211809837459426,-5.044846661545377,miscanthus_sinensis_ssp_transmorrisonensis_6wks vs control_15wks,FALSE
2573,2.665084326371879,18.604613156079957,1.6003199496635745,0.15779876974604054,0.3211809837459426,-5.045002368109001,miscanthus_sinensis_ssp_transmorrisonensis_6wks vs control_15wks,FALSE
5503,1.013440121430218,17.292855941049698,1.5985175706435981,0.15819734007703035,0.3217211899209641,-5.047258150448512,miscanthus_sinensis_ssp_transmorrisonensis_6wks vs control_15wks,FALSE
2934,1.8967157208452825,17.609737220936513,1.5970398384882778,0.15852482752517882,0.32180375578302145,-5.049106864498629,miscanthus_sinensis_ssp_transmorrisonensis_6wks vs control_15wks,FALSE
1754,1.6570516495266823,18.816713754183098,1.5964934763042187,0.15864607129855568,0.32180375578302145,-5.04979021751402,miscanthus_sinensis_ssp_transmorrisonensis_6wks vs control_15wks,FALSE
6729,-1.8626808863819306,17.821005277126655,-1.5959775148348752,0.15876064907379825,0.32180375578302145,-5.050435461801941,miscanthus_sinensis_ssp_transmorrisonensis_6wks vs control_15wks,FALSE
4505,1.7723776765040782,17.778576602943257,1.595932148309311,0.15877072719096091,0.32180375578302145,-5.050492191695277,miscanthus_sinensis_ssp_transmorrisonensis_6wks vs control_15wks,FALSE
3269,1.1077708875514567,16.962197108592218,1.5942753599706,0.1591391940545503,0.32192605330306456,-5.05256352985721,miscanthus_sinensis_ssp_transmorrisonensis_6wks vs control_15wks,FALSE
1589,2.9210230547054508,18.677900247071598,1.594165049834566,0.15916375543074837,0.32192605330306456,-5.052701410493016,miscanthus_sinensis_ssp_transmorrisonensis_6wks vs control_15wks,FALSE
874,-1.7790848252061124,22.68856285225224,-1.593708395702822,0.15926547089250054,0.32192605330306456,-5.053272158448563,miscanthus_sinensis_ssp_transmorrisonensis_6wks vs control_15wks,FALSE
837,-2.8246250563359787,19.241649658232674,-1.5932660566990826,0.15936405618810648,0.32192605330306456,-5.053824952300773,miscanthus_sinensis_ssp_transmorrisonensis_6wks vs control_15wks,FALSE
2306,2.002651550341149,18.385749817736393,1.591295576584817,0.15980392132094656,0.32244557574849775,-5.056286726725865,miscanthus_sinensis_ssp_transmorrisonensis_6wks vs control_15wks,FALSE
3568,-2.6803665930898823,18.789347443387463,-1.590856326245366,0.15990212977352908,0.32244557574849775,-5.056835327537015,miscanthus_sinensis_ssp_transmorrisonensis_6wks vs control_15wks,FALSE
5902,1.5718592606333672,18.022626869392028,1.5898064314858993,0.160137097629253,0.32244557574849775,-5.058146344884003,miscanthus_sinensis_ssp_transmorrisonensis_6wks vs control_15wks,FALSE
3118,2.2911735606208303,19.238682909593216,1.589668918006341,0.16016789739909904,0.32244557574849775,-5.05831803399342,miscanthus_sinensis_ssp_transmorrisonensis_6wks vs control_15wks,FALSE
1853,1.8845126501019998,20.42381231722594,1.5869002259324543,0.16078920669340294,0.32244557574849775,-5.061773544066736,miscanthus_sinensis_ssp_transmorrisonensis_6wks vs control_15wks,FALSE
2892,-2.3629854825509184,21.123717313035915,-1.5865443460053812,0.1608692323709,0.32244557574849775,-5.062217529393462,miscanthus_sinensis_ssp_transmorrisonensis_6wks vs control_15wks,FALSE
170,-0.8046622334326798,26.680231234853736,-1.5863492432384005,0.16091312046279221,0.32244557574849775,-5.062460916792777,miscanthus_sinensis_ssp_transmorrisonensis_6wks vs control_15wks,FALSE
2695,2.4836626556460963,18.479601840553926,1.586305979017383,0.16092285421423994,0.32244557574849775,-5.06251488653775,miscanthus_sinensis_ssp_transmorrisonensis_6wks vs control_15wks,FALSE
1630,1.6504934339827386,18.64943049632643,1.5862295042594596,0.16094006115563278,0.32244557574849775,-5.06261028315261,miscanthus_sinensis_ssp_transmorrisonensis_6wks vs control_15wks,FALSE
6894,1.7744904846413156,19.654518243058625,1.5857309497627285,0.1610522791410475,0.32244557574849775,-5.063232147511423,miscanthus_sinensis_ssp_transmorrisonensis_6wks vs control_15wks,FALSE
4441,0.9523927302733846,21.26942717988437,1.5855664353349659,0.16108932530150527,0.32244557574849775,-5.06343733473015,miscanthus_sinensis_ssp_transmorrisonensis_6wks vs control_15wks,FALSE
972,-3.5723579219208546,20.343525438678938,-1.584922785524906,0.16123434255454677,0.3224592929769066,-5.064240030864578,miscanthus_sinensis_ssp_transmorrisonensis_6wks vs control_15wks,FALSE
2597,2.197392630750258,18.250152985768768,1.5840342064331447,0.16143474529399102,0.3224592929769066,-5.065347961589046,miscanthus_sinensis_ssp_transmorrisonensis_6wks vs control_15wks,FALSE
10182,-1.449662124976772,18.14985822640285,-1.5837602295984434,0.161496582989262,0.3224592929769066,-5.06568952062689,miscanthus_sinensis_ssp_transmorrisonensis_6wks vs control_15wks,FALSE
1182,-1.215397432732093,21.869838810189414,-1.5830943668318431,0.1616469638174986,0.3224715108068361,-5.066519532681047,miscanthus_sinensis_ssp_transmorrisonensis_6wks vs control_15wks,FALSE
3721,2.078831144887417,17.90045344446944,1.5825515689923941,0.1617696486332307,0.3224715108068361,-5.067196036874669,miscanthus_sinensis_ssp_transmorrisonensis_6wks vs control_15wks,FALSE
2580,-2.279476232789783,18.616009938994633,-1.5804515346536725,0.16224512977818176,0.32298588093662983,-5.069812480225558,miscanthus_sinensis_ssp_transmorrisonensis_6wks vs control_15wks,FALSE
634,3.1106273457237776,22.87500106037643,1.5802313560711234,0.1622950577222966,0.32298588093662983,-5.07008671991797,miscanthus_sinensis_ssp_transmorrisonensis_6wks vs control_15wks,FALSE
918,3.470039674368774,21.709612877128027,1.5795398014082815,0.16245196935472359,0.3230320641654421,-5.070947972806412,miscanthus_sinensis_ssp_transmorrisonensis_6wks vs control_15wks,FALSE
841,-0.8462639252615638,23.824134202055287,-1.5788854377420565,0.1626005737195327,0.3230616662059137,-5.071762766940922,miscanthus_sinensis_ssp_transmorrisonensis_6wks vs control_15wks,FALSE
690,-1.234484171005601,18.808642370888982,-1.5775196980756183,0.16291114136361612,0.3233459965199104,-5.0734629010474865,miscanthus_sinensis_ssp_transmorrisonensis_6wks vs control_15wks,FALSE
1346,1.1425603691047783,23.376158343682988,1.577079542583273,0.16301135089455748,0.3233459965199104,-5.07401069821813,miscanthus_sinensis_ssp_transmorrisonensis_6wks vs control_15wks,FALSE
6963,-1.9558741521248422,18.348719653766317,-1.5724493175033676,0.16406902005310287,0.3251769913439676,-5.07976946286778,miscanthus_sinensis_ssp_transmorrisonensis_6wks vs control_15wks,FALSE
3760,1.9380493787417805,17.903424921469643,1.5706437316214543,0.1644832077851148,0.3254771543305885,-5.082013242016515,miscanthus_sinensis_ssp_transmorrisonensis_6wks vs control_15wks,FALSE
2420,-2.352191787217354,22.07035048567651,-1.5706145803190392,0.164489902912934,0.3254771543305885,-5.082049459256292,miscanthus_sinensis_ssp_transmorrisonensis_6wks vs control_15wks,FALSE
8049,1.900708515781993,17.96859010775138,1.5672932421907273,0.16525438444915125,0.32672225272434485,-5.086174031247477,miscanthus_sinensis_ssp_transmorrisonensis_6wks vs control_15wks,FALSE
1269,1.4515465478304606,20.630537968473863,1.5656107218555573,0.16564292474835154,0.3272226542861957,-5.088262072199116,miscanthus_sinensis_ssp_transmorrisonensis_6wks vs control_15wks,FALSE
1702,3.242470713699884,21.12682004272951,1.5643079624718272,0.165944355692103,0.3275502968563079,-5.089878182173646,miscanthus_sinensis_ssp_transmorrisonensis_6wks vs control_15wks,FALSE
3928,-1.759828488138023,20.64110155167511,-1.563405978486436,0.16615335671243747,0.32769511005489704,-5.090996790850518,miscanthus_sinensis_ssp_transmorrisonensis_6wks vs control_15wks,FALSE
1493,0.8495090813250066,23.683706125763205,1.562352932996263,0.16639767255706261,0.32777752965421003,-5.0923024004368775,miscanthus_sinensis_ssp_transmorrisonensis_6wks vs control_15wks,FALSE
214,-1.480132107793711,18.03751738121707,-1.5620565982861256,0.16646648546594192,0.32777752965421003,-5.092669742365441,miscanthus_sinensis_ssp_transmorrisonensis_6wks vs control_15wks,FALSE
2040,-2.3595635320115065,21.343253234828907,-1.5563371704913138,0.16779984407346665,0.3301338951803709,-5.099753933660232,miscanthus_sinensis_ssp_transmorrisonensis_6wks vs control_15wks,FALSE
2464,1.5557731258050538,18.166798475295643,1.5541457102252445,0.1683133775799275,0.33082728598592437,-5.102465424329298,miscanthus_sinensis_ssp_transmorrisonensis_6wks vs control_15wks,FALSE
6160,0.944942653863329,17.16863182840154,1.5532414543466708,0.16852570343082166,0.33082728598592437,-5.103583789333459,miscanthus_sinensis_ssp_transmorrisonensis_6wks vs control_15wks,FALSE
4459,-2.082931442327144,18.99104148884662,-1.5530824063710493,0.1685630749373646,0.33082728598592437,-5.103780468170417,miscanthus_sinensis_ssp_transmorrisonensis_6wks vs control_15wks,FALSE
2392,-2.9595899359264592,18.966456963244724,-1.5521132484375595,0.16879096547978692,0.3310056595772445,-5.104978745612737,miscanthus_sinensis_ssp_transmorrisonensis_6wks vs control_15wks,FALSE
7433,1.1828716369236822,17.63945373858408,1.5466171902961052,0.17008877904517167,0.3332802028979195,-5.111768132485464,miscanthus_sinensis_ssp_transmorrisonensis_6wks vs control_15wks,FALSE
157,2.8981603905576314,18.693658921941235,1.5447785259134523,0.17052502879975903,0.3338295474432123,-5.1140371826533615,miscanthus_sinensis_ssp_transmorrisonensis_6wks vs control_15wks,FALSE
1932,-1.332602554682527,21.816201922326297,-1.5442716131258751,0.17064548472366192,0.3338295474432123,-5.114662548613891,miscanthus_sinensis_ssp_transmorrisonensis_6wks vs control_15wks,FALSE
6271,1.6734461478125375,19.182115367522357,1.5422633241730477,0.17112348824979864,0.33449380874717927,-5.117139263203332,miscanthus_sinensis_ssp_transmorrisonensis_6wks vs control_15wks,FALSE
1525,1.2403289918211087,17.46892148892781,1.5400681637787084,0.17164739860183562,0.3352466572530597,-5.119844856480298,miscanthus_sinensis_ssp_transmorrisonensis_6wks vs control_15wks,FALSE
82,-1.33165363157379,26.08165475056133,-1.537524956734685,0.17225624577800275,0.3358889325111238,-5.122977355600717,miscanthus_sinensis_ssp_transmorrisonensis_6wks vs control_15wks,FALSE
700,0.8154250331641784,25.188956405293453,1.5369644794404722,0.17239069519501019,0.3358889325111238,-5.1236674025112,miscanthus_sinensis_ssp_transmorrisonensis_6wks vs control_15wks,FALSE
16473,-1.00179745252386,17.39002191067751,-1.5368187821267607,0.1724256616292501,0.3358889325111238,-5.1238467639695475,miscanthus_sinensis_ssp_transmorrisonensis_6wks vs control_15wks,FALSE
1341,0.9447360217969383,23.591181647760333,1.5363743924461835,0.17253235316486118,0.3358889325111238,-5.124393786962355,miscanthus_sinensis_ssp_transmorrisonensis_6wks vs control_15wks,FALSE
9183,0.9294629721226038,18.33060178253464,1.5356106057412515,0.17271587102378663,0.3359754785776719,-5.125333813269266,miscanthus_sinensis_ssp_transmorrisonensis_6wks vs control_15wks,FALSE
8648,-1.988585799902502,18.687979644193902,-1.5349693682109093,0.17287008394146638,0.3360049258266957,-5.126122856925315,miscanthus_sinensis_ssp_transmorrisonensis_6wks vs control_15wks,FALSE
3534,-2.3780930253294947,18.938169634305467,-1.5299798422732658,0.17407441583571195,0.3380737850957235,-5.132257596102947,miscanthus_sinensis_ssp_transmorrisonensis_6wks vs control_15wks,FALSE
1492,1.6524225710800806,18.350286097057293,1.5287872193364507,0.1743634356654668,0.3383631008576448,-5.1337226687249,miscanthus_sinensis_ssp_transmorrisonensis_6wks vs control_15wks,FALSE
4775,-1.7236320573969799,19.370007934906777,-1.5262462155870218,0.17498071087898065,0.3387854911182897,-5.136842492415818,miscanthus_sinensis_ssp_transmorrisonensis_6wks vs control_15wks,FALSE
4537,0.9678409259923448,17.916528441593154,1.5260545835624548,0.17502734553817995,0.3387854911182897,-5.13707768473979,miscanthus_sinensis_ssp_transmorrisonensis_6wks vs control_15wks,FALSE
1442,-1.2945045645463935,22.637533869831486,-1.5257851729503684,0.175092927567372,0.3387854911182897,-5.137408313837074,miscanthus_sinensis_ssp_transmorrisonensis_6wks vs control_15wks,FALSE
11267,0.8184418681637737,18.028406301338528,1.525583634135017,0.17514200265179794,0.3387854911182897,-5.137655631858029,miscanthus_sinensis_ssp_transmorrisonensis_6wks vs control_15wks,FALSE
1146,1.3381495287956504,17.925399846738998,1.524618895057481,0.17537709559718567,0.33894385782080927,-5.138839311772079,miscanthus_sinensis_ssp_transmorrisonensis_6wks vs control_15wks,FALSE
473,-3.345669330639666,21.082450229956706,-1.5239296404763347,0.17554523655719562,0.33894385782080927,-5.1396847870420075,miscanthus_sinensis_ssp_transmorrisonensis_6wks vs control_15wks,FALSE
6242,-1.8117986108873758,19.005409417326447,-1.5235220075103282,0.1756447475131015,0.33894385782080927,-5.140184731828235,miscanthus_sinensis_ssp_transmorrisonensis_6wks vs control_15wks,FALSE
729,1.3076510573611273,24.18627072944841,1.5223728329029569,0.17592556512343005,0.3392148167104605,-5.141593830492102,miscanthus_sinensis_ssp_transmorrisonensis_6wks vs control_15wks,FALSE
38,-0.9816624609972315,28.144867513471965,-1.5217845473076428,0.17606948267234887,0.3392215870306179,-5.142314995729435,miscanthus_sinensis_ssp_transmorrisonensis_6wks vs control_15wks,FALSE
2227,-1.1684686374536568,21.401295460120412,-1.5207057230570729,0.17633368926582338,0.33945991495317074,-5.143637182108808,miscanthus_sinensis_ssp_transmorrisonensis_6wks vs control_15wks,FALSE
2582,-2.2881086777029225,21.755410185133343,-1.5192821725743146,0.17668288360008638,0.3397386433052134,-5.1453812265560614,miscanthus_sinensis_ssp_transmorrisonensis_6wks vs control_15wks,FALSE
3344,-1.82470588344896,21.174301661453185,-1.5189693014821903,0.17675971632229026,0.3397386433052134,-5.145764440021489,miscanthus_sinensis_ssp_transmorrisonensis_6wks vs control_15wks,FALSE
17189,-0.9928937377594806,17.917663242930026,-1.515219025613756,0.1776831000614768,0.3412419473358728,-5.150355170469453,miscanthus_sinensis_ssp_transmorrisonensis_6wks vs control_15wks,FALSE
10117,0.8294480225012641,18.710020664886823,1.5089766869861108,0.1792300003998675,0.34393938122802215,-5.157985272234701,miscanthus_sinensis_ssp_transmorrisonensis_6wks vs control_15wks,FALSE
8023,-1.8207753977275338,17.6234224777723,-1.5050527604160826,0.18020875743401635,0.34554314123855834,-5.162774345413008,miscanthus_sinensis_ssp_transmorrisonensis_6wks vs control_15wks,FALSE
6080,1.990657969407554,17.796236374287613,1.5044540864746312,0.18035852087049345,0.34555605584703586,-5.163504523411572,miscanthus_sinensis_ssp_transmorrisonensis_6wks vs control_15wks,FALSE
2299,1.5505262685658003,18.69274120483758,1.5024339951215462,0.18086471456472697,0.34625130775624435,-5.165967382225428,miscanthus_sinensis_ssp_transmorrisonensis_6wks vs control_15wks,FALSE
1939,-2.959048008269452,19.01399420533351,-1.5010093504746636,0.18122249144034575,0.34640458890366965,-5.167703387395201,miscanthus_sinensis_ssp_transmorrisonensis_6wks vs control_15wks,FALSE
662,2.3708443152949528,18.228970639484807,1.5009733538662624,0.18123153988999935,0.34640458890366965,-5.167747241559396,miscanthus_sinensis_ssp_transmorrisonensis_6wks vs control_15wks,FALSE
3698,-2.386518307458253,19.29258393063394,-1.4992743715883197,0.18165908774178244,0.3464082999602016,-5.169816547939511,miscanthus_sinensis_ssp_transmorrisonensis_6wks vs control_15wks,FALSE
5483,-2.0054666355165374,18.30038780198457,-1.4978611684137226,0.18201542967551734,0.3464082999602016,-5.171536977483859,miscanthus_sinensis_ssp_transmorrisonensis_6wks vs control_15wks,FALSE
5919,-2.1150217068670187,18.42815731338118,-1.4975295298984757,0.18209914651875875,0.3464082999602016,-5.171940606908352,miscanthus_sinensis_ssp_transmorrisonensis_6wks vs control_15wks,FALSE
6291,-1.605812176167472,19.212455284856652,-1.4966622754141805,0.18231823927948393,0.3464082999602016,-5.172995930528755,miscanthus_sinensis_ssp_transmorrisonensis_6wks vs control_15wks,FALSE
940,-2.8165519752655577,19.408550719950274,-1.496649243797397,0.18232153328745415,0.3464082999602016,-5.173011786013911,miscanthus_sinensis_ssp_transmorrisonensis_6wks vs control_15wks,FALSE
1134,1.173929035814055,17.56372368272284,1.496128004491823,0.18245333228949892,0.3464082999602016,-5.1736459232278715,miscanthus_sinensis_ssp_transmorrisonensis_6wks vs control_15wks,FALSE
328,4.312374333221943,22.74333821363203,1.4956500866386258,0.18257425450888104,0.3464082999602016,-5.174227267710503,miscanthus_sinensis_ssp_transmorrisonensis_6wks vs control_15wks,FALSE
9219,-0.8900113890786194,19.334491215183043,-1.4952974336692215,0.18266352981898043,0.3464082999602016,-5.174656184569057,miscanthus_sinensis_ssp_transmorrisonensis_6wks vs control_15wks,FALSE
8954,1.1995738609111903,18.137042010734966,1.4951493304361534,0.18270103468318719,0.3464082999602016,-5.17483630255986,miscanthus_sinensis_ssp_transmorrisonensis_6wks vs control_15wks,FALSE
2069,-1.8610270841340437,20.00404518364239,-1.494903797056859,0.18276322790354577,0.3464082999602016,-5.175134893846204,miscanthus_sinensis_ssp_transmorrisonensis_6wks vs control_15wks,FALSE
1759,1.446172582609389,18.145417213460675,1.4941651774984457,0.18295043698722788,0.3464082999602016,-5.176032989154889,miscanthus_sinensis_ssp_transmorrisonensis_6wks vs control_15wks,FALSE
6217,-2.085897084826531,18.977990692049836,-1.4940651362086204,0.1829758068724443,0.3464082999602016,-5.176154614898158,miscanthus_sinensis_ssp_transmorrisonensis_6wks vs control_15wks,FALSE
10090,1.4568297333222908,18.389842094552716,1.4934360503388675,0.18313541382461504,0.3464082999602016,-5.1769193445825135,miscanthus_sinensis_ssp_transmorrisonensis_6wks vs control_15wks,FALSE
39,0.9300634519605886,28.416253826412955,1.492886522301797,0.18327494114314835,0.3464082999602016,-5.177587242185293,miscanthus_sinensis_ssp_transmorrisonensis_6wks vs control_15wks,FALSE
2305,0.8154531453962619,22.66106779052834,1.49245649493007,0.18338419521899746,0.3464082999602016,-5.178109820335401,miscanthus_sinensis_ssp_transmorrisonensis_6wks vs control_15wks,FALSE
9166,1.324531017339737,19.332233174190655,1.4914787688277868,0.18363282309906873,0.34660695359949223,-5.179297717922128,miscanthus_sinensis_ssp_transmorrisonensis_6wks vs control_15wks,FALSE
4359,1.6557285458852853,18.44152833940701,1.4903600569714435,0.18391768414072174,0.3468736337892145,-5.180656471754855,miscanthus_sinensis_ssp_transmorrisonensis_6wks vs control_15wks,FALSE
10939,1.4345880163351055,19.094019149703264,1.4892445956377325,0.18420212341602718,0.3469619361170496,-5.182010813813767,miscanthus_sinensis_ssp_transmorrisonensis_6wks vs control_15wks,FALSE
474,-1.3007784136934113,24.74829668902506,-1.4888387255554212,0.1843057197209047,0.3469619361170496,-5.182503487608884,miscanthus_sinensis_ssp_transmorrisonensis_6wks vs control_15wks,FALSE
3526,1.6105636917007793,21.047077466638406,1.4884878056069086,0.18439533359863067,0.3469619361170496,-5.182929409507792,miscanthus_sinensis_ssp_transmorrisonensis_6wks vs control_15wks,FALSE
1145,2.426938586500736,18.405279431689205,1.4836182195879777,0.18564302625344584,0.3490377832127044,-5.188835013732367,miscanthus_sinensis_ssp_transmorrisonensis_6wks vs control_15wks,FALSE
3271,1.4874353182097515,17.89161076607502,1.4820108193558932,0.18605658169568864,0.34919180781004794,-5.190782438212252,miscanthus_sinensis_ssp_transmorrisonensis_6wks vs control_15wks,FALSE
2388,0.7602678878712048,22.963571259964986,1.4818300823179476,0.1861031351518031,0.34919180781004794,-5.1910013468910385,miscanthus_sinensis_ssp_transmorrisonensis_6wks vs control_15wks,FALSE
7372,1.2360197474311718,19.524228406193046,1.481615009884741,0.18615854654774078,0.34919180781004794,-5.191261826541722,miscanthus_sinensis_ssp_transmorrisonensis_6wks vs control_15wks,FALSE
52,-1.0736794211906648,19.6499716480211,-1.4795486359199557,0.18669170316530745,0.34992021322527755,-5.19376357395465,miscanthus_sinensis_ssp_transmorrisonensis_6wks vs control_15wks,FALSE
5064,1.2248069184799313,17.904280951320338,1.4765810539207995,0.18745984451458975,0.35108758476530916,-5.1973535802700175,miscanthus_sinensis_ssp_transmorrisonensis_6wks vs control_15wks,FALSE
1764,-1.465340608696156,18.743897787692664,-1.4748695204007287,0.18790418608019713,0.35164718324535726,-5.1994225712646855,miscanthus_sinensis_ssp_transmorrisonensis_6wks vs control_15wks,FALSE
3142,2.5429117200565408,18.092278917636733,1.4742887343917728,0.18805518742696656,0.35165737834640187,-5.200124402033052,miscanthus_sinensis_ssp_transmorrisonensis_6wks vs control_15wks,FALSE
12211,1.1187136540116995,17.968721345342285,1.4718015347008362,0.1887031091443102,0.3525960647274969,-5.203128515084142,miscanthus_sinensis_ssp_transmorrisonensis_6wks vs control_15wks,FALSE
1997,1.3107320894837535,17.56242272254748,1.4699270582835915,0.1891927699372712,0.35310057995836486,-5.205390997424386,miscanthus_sinensis_ssp_transmorrisonensis_6wks vs control_15wks,FALSE
10745,-1.4573239880316748,18.54420244300517,-1.469649331293058,0.18926541847933878,0.35310057995836486,-5.205726097594271,miscanthus_sinensis_ssp_transmorrisonensis_6wks vs control_15wks,FALSE
72,-1.1493283157344223,19.280293126551694,-1.4683078224223913,0.1896166947513393,0.35319168744812085,-5.207344319332655,miscanthus_sinensis_ssp_transmorrisonensis_6wks vs control_15wks,FALSE
4823,-2.0073599561493047,19.171460536725668,-1.4676399519693197,0.1897918008505904,0.35319168744812085,-5.208149693003793,miscanthus_sinensis_ssp_transmorrisonensis_6wks vs control_15wks,FALSE
807,1.6831223637652535,19.462114715322155,1.4666819930364663,0.19004322321319006,0.35319168744812085,-5.209304579190703,miscanthus_sinensis_ssp_transmorrisonensis_6wks vs control_15wks,FALSE
2249,-1.1766769742073322,21.434032733597363,-1.466214644826712,0.19016599262873585,0.35319168744812085,-5.209867871435257,miscanthus_sinensis_ssp_transmorrisonensis_6wks vs control_15wks,FALSE
1278,0.7976219545194994,24.000289988006102,1.4661396308033219,0.19018570511626895,0.35319168744812085,-5.20995827756981,miscanthus_sinensis_ssp_transmorrisonensis_6wks vs control_15wks,FALSE
1448,1.4672425933378683,18.2439604362961,1.4656836846009362,0.19030556084518882,0.35319168744812085,-5.210507732491982,miscanthus_sinensis_ssp_transmorrisonensis_6wks vs control_15wks,FALSE
2738,-1.3046038134009095,19.04710764094242,-1.465561949864485,0.19033757328536977,0.35319168744812085,-5.210654419867733,miscanthus_sinensis_ssp_transmorrisonensis_6wks vs control_15wks,FALSE
150,-1.1227373341523155,22.817713266705333,-1.4635939568243066,0.19085578019042126,0.3536939004630028,-5.213025007251824,miscanthus_sinensis_ssp_transmorrisonensis_6wks vs control_15wks,FALSE
1966,-2.04245600408883,19.186180803401697,-1.4634224108914735,0.1909010125015545,0.3536939004630028,-5.213231575387388,miscanthus_sinensis_ssp_transmorrisonensis_6wks vs control_15wks,FALSE
5093,-1.6118314364326842,18.241083678634553,-1.4602845656192047,0.19173011915989752,0.35495782980100565,-5.217008014195256,miscanthus_sinensis_ssp_transmorrisonensis_6wks vs control_15wks,FALSE
3607,-1.9446153863090316,18.531759200096943,-1.4586967358184162,0.19215092492249886,0.35546449817209586,-5.218917527036388,miscanthus_sinensis_ssp_transmorrisonensis_6wks vs control_15wks,FALSE
5145,1.4196431292789633,18.187600386728306,1.4580415628963312,0.19232480499879678,0.3555139471133076,-5.219705146309935,miscanthus_sinensis_ssp_transmorrisonensis_6wks vs control_15wks,FALSE
1399,-2.8442856253279807,19.41345717962224,-1.45720711756603,0.19254647191158725,0.3556515872617697,-5.220708035611335,miscanthus_sinensis_ssp_transmorrisonensis_6wks vs control_15wks,FALSE
11506,1.195416400455219,18.32682827430293,1.456135621181403,0.19283145361858198,0.35569634767687086,-5.2219954278817475,miscanthus_sinensis_ssp_transmorrisonensis_6wks vs control_15wks,FALSE
2272,0.7721669391093187,22.55938219876257,1.45600900249439,0.19286515540426358,0.35569634767687086,-5.222147529231957,miscanthus_sinensis_ssp_transmorrisonensis_6wks vs control_15wks,FALSE
954,-1.0446036941735564,18.822743861007815,-1.4552739931134882,0.19306089760035755,0.3557645325842399,-5.223030338741301,miscanthus_sinensis_ssp_transmorrisonensis_6wks vs control_15wks,FALSE
2309,-2.600030110572039,19.69962287546191,-1.4547647067699179,0.19319663358879252,0.3557645325842399,-5.223641910999862,miscanthus_sinensis_ssp_transmorrisonensis_6wks vs control_15wks,FALSE
3087,0.7154371409620524,21.192104833708566,1.4525779730344062,0.19378043946666898,0.35656781549997885,-5.226266672079513,miscanthus_sinensis_ssp_transmorrisonensis_6wks vs control_15wks,FALSE
32,-3.372590814784566,27.307698175439718,-1.4510996294496967,0.19417603612790918,0.35702248149139926,-5.2280400762597665,miscanthus_sinensis_ssp_transmorrisonensis_6wks vs control_15wks,FALSE
7109,1.8131545492105978,17.82904412124487,1.4505508263055404,0.19432308077863825,0.35702248149139926,-5.228698194478939,miscanthus_sinensis_ssp_transmorrisonensis_6wks vs control_15wks,FALSE
732,1.0342908174558367,24.63337497696444,1.4495903215701147,0.19458068061876505,0.35722410666788473,-5.229849733509578,miscanthus_sinensis_ssp_transmorrisonensis_6wks vs control_15wks,FALSE
6384,1.7968461709276582,18.010267451905378,1.4482183469460392,0.19494917500198333,0.35762885862170973,-5.231493945343634,miscanthus_sinensis_ssp_transmorrisonensis_6wks vs control_15wks,FALSE
1529,-0.9742044867750543,21.901713870828576,-1.4456233562298395,0.1956479001403189,0.35863833591730687,-5.2346018081331795,miscanthus_sinensis_ssp_transmorrisonensis_6wks vs control_15wks,FALSE
3004,-2.7294251223555257,18.77835930063634,-1.443804925456925,0.19613889192745093,0.3592657793000163,-5.236778033388591,miscanthus_sinensis_ssp_transmorrisonensis_6wks vs control_15wks,FALSE
5189,1.857146088158661,19.931961234428012,1.440480829300023,0.1970393352384227,0.36021848765921427,-5.240752760081084,miscanthus_sinensis_ssp_transmorrisonensis_6wks vs control_15wks,FALSE
2721,-2.857806086575323,19.10880025164454,-1.4403369692929515,0.19707838959987106,0.36021848765921427,-5.240924677993602,miscanthus_sinensis_ssp_transmorrisonensis_6wks vs control_15wks,FALSE
5661,1.7472539043078008,17.983734793929482,1.440234144623989,0.19710630823074554,0.36021848765921427,-5.241047552097417,miscanthus_sinensis_ssp_transmorrisonensis_6wks vs control_15wks,FALSE
2089,-2.6461318499061264,19.106907196228622,-1.4369955215745507,0.1979874974550961,0.36138814578968975,-5.244915485752308,miscanthus_sinensis_ssp_transmorrisonensis_6wks vs control_15wks,FALSE
1253,2.843141218898044,20.990301728408006,1.436782841840799,0.19804549049070747,0.36138814578968975,-5.245169344226863,miscanthus_sinensis_ssp_transmorrisonensis_6wks vs control_15wks,FALSE
1372,-2.7766336458659175,19.316437392457004,-1.435508606739403,0.19839327051721983,0.361591169438933,-5.246689912057725,miscanthus_sinensis_ssp_transmorrisonensis_6wks vs control_15wks,FALSE
7980,-0.9342807038285912,17.722781251791385,-1.4349582145053423,0.19854366245504093,0.361591169438933,-5.247346501967235,miscanthus_sinensis_ssp_transmorrisonensis_6wks vs control_15wks,FALSE
1255,-2.8683428538448723,19.338420761101464,-1.4347311177044009,0.1986057457969636,0.361591169438933,-5.247617381140063,miscanthus_sinensis_ssp_transmorrisonensis_6wks vs control_15wks,FALSE
1201,0.8772369232036219,23.744125778743378,1.4329184533846409,0.19910192332537227,0.3622215713509785,-5.2497787625179,miscanthus_sinensis_ssp_transmorrisonensis_6wks vs control_15wks,FALSE
15705,-1.0168973324565371,17.761797192398408,-1.4316247803621658,0.19945672844470852,0.3624075434935772,-5.25132049402225,miscanthus_sinensis_ssp_transmorrisonensis_6wks vs control_15wks,FALSE
530,-3.421392594914302,19.36774654380028,-1.4314520232871901,0.1995041526682358,0.3624075434935772,-5.251526325299708,miscanthus_sinensis_ssp_transmorrisonensis_6wks vs control_15wks,FALSE
13252,1.0272105672776668,17.3660304023508,1.4305814885652481,0.1997432828258083,0.36243836559435527,-5.252563338265191,miscanthus_sinensis_ssp_transmorrisonensis_6wks vs control_15wks,FALSE
2799,-1.2870317407559,21.790956806609667,-1.430298217071205,0.19982115189225216,0.36243836559435527,-5.25290071509074,miscanthus_sinensis_ssp_transmorrisonensis_6wks vs control_15wks,FALSE
3106,-0.7990595664343161,17.410193416809463,-1.4292831714528715,0.2001004067672978,0.3624935365126708,-5.254109367334731,miscanthus_sinensis_ssp_transmorrisonensis_6wks vs control_15wks,FALSE
1711,-1.3517122038561915,22.049386231302357,-1.4286090217240743,0.20028607210123356,0.3624935365126708,-5.254911869780747,miscanthus_sinensis_ssp_transmorrisonensis_6wks vs control_15wks,FALSE
4195,1.6077581142757964,18.445022397479296,1.4285523568779368,0.20030168511772167,0.3624935365126708,-5.254979314698562,miscanthus_sinensis_ssp_transmorrisonensis_6wks vs control_15wks,FALSE
6906,1.3697366907460982,17.58184721921694,1.426417215308018,0.2008907939126688,0.3625104489360505,-5.2575196937001065,miscanthus_sinensis_ssp_transmorrisonensis_6wks vs control_15wks,FALSE
9855,1.0108426429263524,17.61123884000171,1.425980133511842,0.20101158368850755,0.3625104489360505,-5.258039500725036,miscanthus_sinensis_ssp_transmorrisonensis_6wks vs control_15wks,FALSE
1798,-0.9826577897045148,23.48868990962259,-1.4254302280986249,0.20116364665912673,0.3625104489360505,-5.258693373799078,miscanthus_sinensis_ssp_transmorrisonensis_6wks vs control_15wks,FALSE
1624,2.2894614874321206,18.751680769402014,1.424967042987626,0.2012918103837267,0.3625104489360505,-5.259244034470529,miscanthus_sinensis_ssp_transmorrisonensis_6wks vs control_15wks,FALSE
667,1.8405773854117555,18.21688949671044,1.4247205938176162,0.20136003333818767,0.3625104489360505,-5.259536991255227,miscanthus_sinensis_ssp_transmorrisonensis_6wks vs control_15wks,FALSE
2982,2.0905054715637768,18.851700837506314,1.4246923401023943,0.2013678559771974,0.3625104489360505,-5.259570575155703,miscanthus_sinensis_ssp_transmorrisonensis_6wks vs control_15wks,FALSE
7998,-1.1872603952356293,17.652235000229727,-1.424066162896972,0.20154129731246154,0.3625104489360505,-5.260314799123403,miscanthus_sinensis_ssp_transmorrisonensis_6wks vs control_15wks,FALSE
2175,-2.7007551945619426,20.328618275717858,-1.4237647506725106,0.20162483220790234,0.3625104489360505,-5.260672975980504,miscanthus_sinensis_ssp_transmorrisonensis_6wks vs control_15wks,FALSE
870,-3.1035146397405597,19.651758104653602,-1.4233589217971534,0.20173735536661855,0.3625104489360505,-5.261155175073229,miscanthus_sinensis_ssp_transmorrisonensis_6wks vs control_15wks,FALSE
1841,-2.2410564878734363,19.105753612185403,-1.4226217578979954,0.20194189294798498,0.3625104489360505,-5.262030887326221,miscanthus_sinensis_ssp_transmorrisonensis_6wks vs control_15wks,FALSE
255,3.3849099512398553,22.374761539370688,1.4225510090470406,0.20196153322347846,0.3625104489360505,-5.26211492148753,miscanthus_sinensis_ssp_transmorrisonensis_6wks vs control_15wks,FALSE
10383,0.9281518582386212,18.496238350254448,1.4205748878438291,0.20251081714649777,0.36322652874976885,-5.2644612863487374,miscanthus_sinensis_ssp_transmorrisonensis_6wks vs control_15wks,FALSE
1518,-2.6995018896898415,19.251000306420682,-1.4186035483010524,0.20306012345433397,0.36394158625049766,-5.266800364225089,miscanthus_sinensis_ssp_transmorrisonensis_6wks vs control_15wks,FALSE
1731,0.7240220847113328,22.327405061968886,1.4173177416083538,0.2034191371058899,0.3643147777967606,-5.268325159946206,miscanthus_sinensis_ssp_transmorrisonensis_6wks vs control_15wks,FALSE
1147,-3.2567650299873208,19.5434289120433,-1.4155815941083356,0.20390480559773122,0.36491408172156936,-5.270382909459341,miscanthus_sinensis_ssp_transmorrisonensis_6wks vs control_15wks,FALSE
1231,2.7844118967450626,21.607992397960366,1.414338448386579,0.20425320815162815,0.36526702508832987,-5.271855562682773,miscanthus_sinensis_ssp_transmorrisonensis_6wks vs control_15wks,FALSE
4653,0.8000293253324884,21.013641932986378,1.4130561737854686,0.20461314242743434,0.3656400533318649,-5.27337389282239,miscanthus_sinensis_ssp_transmorrisonensis_6wks vs control_15wks,FALSE
834,1.334681673767836,18.066329177058016,1.4099783758840885,0.20547942710380526,0.3668536777237947,-5.277015477986738,miscanthus_sinensis_ssp_transmorrisonensis_6wks vs control_15wks,FALSE
3680,-2.0320563885454312,20.399866442457338,-1.4091105187154502,0.20572429622517968,0.3668536777237947,-5.27804158973262,miscanthus_sinensis_ssp_transmorrisonensis_6wks vs control_15wks,FALSE
2424,1.5321651739210864,17.723152626469098,1.4090271954972986,0.20574782008101894,0.3668536777237947,-5.278140090357796,miscanthus_sinensis_ssp_transmorrisonensis_6wks vs control_15wks,FALSE
644,1.1018112465279621,17.816192595484463,1.4078979288554696,0.20606687556011688,0.36706375625290494,-5.279474765895596,miscanthus_sinensis_ssp_transmorrisonensis_6wks vs control_15wks,FALSE
1733,-2.627881563202461,19.520473663326545,-1.4075350282146657,0.20616950216688412,0.36706375625290494,-5.279903562616143,miscanthus_sinensis_ssp_transmorrisonensis_6wks vs control_15wks,FALSE
5477,1.1307969778812854,18.340052757077633,1.4054904883625137,0.20674855357832914,0.3678236417122556,-5.282318314995403,miscanthus_sinensis_ssp_transmorrisonensis_6wks vs control_15wks,FALSE
527,2.010587099981592,18.160438875013096,1.4046410529198041,0.2069895618265514,0.36798144324720244,-5.283321041544383,miscanthus_sinensis_ssp_transmorrisonensis_6wks vs control_15wks,FALSE
240,0.7939621345665984,25.880956057698796,1.4037071440681266,0.20725483082664287,0.3680382723595865,-5.284423133249162,miscanthus_sinensis_ssp_transmorrisonensis_6wks vs control_15wks,FALSE
3675,2.235640564323983,17.962451594536663,1.4034560808985792,0.2073261956462737,0.3680382723595865,-5.2847193460646515,miscanthus_sinensis_ssp_transmorrisonensis_6wks vs control_15wks,FALSE
6377,-1.9119334589806982,19.105825451796186,-1.401002225055744,0.20802487615840845,0.369007416151773,-5.287613079410565,miscanthus_sinensis_ssp_transmorrisonensis_6wks vs control_15wks,FALSE
253,-3.2900468278537502,20.357333550477346,-1.3995700603927888,0.20843363591245934,0.3694612357773307,-5.289300789960694,miscanthus_sinensis_ssp_transmorrisonensis_6wks vs control_15wks,FALSE
2986,-2.554841124307579,18.832791499556084,-1.3989745317732099,0.20860382162462682,0.36949181308291673,-5.290002323377357,miscanthus_sinensis_ssp_transmorrisonensis_6wks vs control_15wks,FALSE
725,0.738402618494348,24.551051594960366,1.395628805954203,0.2095622735954619,0.3709175479902095,-5.293940774904911,miscanthus_sinensis_ssp_transmorrisonensis_6wks vs control_15wks,FALSE
3908,-1.7155869506048589,18.90157052432136,-1.3946566134860638,0.20984152266388084,0.3711399112415345,-5.295084301071306,miscanthus_sinensis_ssp_transmorrisonensis_6wks vs control_15wks,FALSE
3187,1.7717690925070748,18.437548814986066,1.3922850544170162,0.21052412991634573,0.3720748338536147,-5.297872106586198,miscanthus_sinensis_ssp_transmorrisonensis_6wks vs control_15wks,FALSE
3061,0.8471917523560073,21.309982911237835,1.3915677224149543,0.2107309942101771,0.3720820087508971,-5.298714864833357,miscanthus_sinensis_ssp_transmorrisonensis_6wks vs control_15wks,FALSE
420,-0.7083646417508476,24.8024476974378,-1.3909937943546709,0.2108966356391998,0.3720820087508971,-5.299388985006824,miscanthus_sinensis_ssp_transmorrisonensis_6wks vs control_15wks,FALSE
7898,1.212925109374524,19.431555085164142,1.3906697432106911,0.21099021191586467,0.3720820087508971,-5.2997695438058265,miscanthus_sinensis_ssp_transmorrisonensis_6wks vs control_15wks,FALSE
9575,1.2484093640222085,19.215579440916194,1.3894891393281283,0.21133145169444975,0.3724119528036401,-5.301155636274619,miscanthus_sinensis_ssp_transmorrisonensis_6wks vs control_15wks,FALSE
3045,2.0723429003177962,18.034169806064305,1.3880326017409574,0.2117531322499053,0.37241943714484166,-5.302864858876365,miscanthus_sinensis_ssp_transmorrisonensis_6wks vs control_15wks,FALSE
7463,0.9547746898565066,17.884377921236815,1.38776985433133,0.21182928062510872,0.37241943714484166,-5.303173090735044,miscanthus_sinensis_ssp_transmorrisonensis_6wks vs control_15wks,FALSE
2235,-2.446565021078836,19.14084957397381,-1.3872502581818078,0.21197994048412827,0.37241943714484166,-5.303782546512918,miscanthus_sinensis_ssp_transmorrisonensis_6wks vs control_15wks,FALSE
2708,-2.730544879503789,19.790350023696938,-1.386870075979718,0.21209023762144336,0.37241943714484166,-5.304228403698639,miscanthus_sinensis_ssp_transmorrisonensis_6wks vs control_15wks,FALSE
555,0.7107723875386931,25.10573913688914,1.3868142624462785,0.21210643440037338,0.37241943714484166,-5.30429385351905,miscanthus_sinensis_ssp_transmorrisonensis_6wks vs control_15wks,FALSE
17092,0.8349238506496768,18.08662539398718,1.3853679166815676,0.21252654460916456,0.37288607972094523,-5.305989440961871,miscanthus_sinensis_ssp_transmorrisonensis_6wks vs control_15wks,FALSE
742,-2.819417770820934,18.85028319768373,-1.3840614218545373,0.21290667716416484,0.37328195357664895,-5.3075202952577625,miscanthus_sinensis_ssp_transmorrisonensis_6wks vs control_15wks,FALSE
11776,0.9335010725870454,18.022673538784886,1.383111878926815,0.2131833363292346,0.3733731387616104,-5.308632432821971,miscanthus_sinensis_ssp_transmorrisonensis_6wks vs control_15wks,FALSE
701,0.7656555244960401,23.504580658807498,1.3828223097543715,0.2132677696568801,0.3733731387616104,-5.308971507982607,miscanthus_sinensis_ssp_transmorrisonensis_6wks vs control_15wks,FALSE
4826,0.7367145753719555,21.0954982676067,1.377261059406818,0.2148951800433754,0.37594985878696235,-5.315476411887763,miscanthus_sinensis_ssp_transmorrisonensis_6wks vs control_15wks,FALSE
3679,-1.9026727968487798,18.265202916463263,-1.3766926625343685,0.21506213940459995,0.37596970246129774,-5.316140491581702,miscanthus_sinensis_ssp_transmorrisonensis_6wks vs control_15wks,FALSE
23334,-0.8880917061869802,16.86104200672604,-1.3749024422788105,0.21558875562382837,0.3766178117043885,-5.318231143628401,miscanthus_sinensis_ssp_transmorrisonensis_6wks vs control_15wks,FALSE
9319,1.3723575575731246,18.8961286375759,1.3723336021456336,0.21634643577023815,0.3776683445237683,-5.321228609202905,miscanthus_sinensis_ssp_transmorrisonensis_6wks vs control_15wks,FALSE
2197,0.7424259741259256,22.493945736854258,1.3706974779924346,0.21683025600446462,0.3782396379110372,-5.3231362062090986,miscanthus_sinensis_ssp_transmorrisonensis_6wks vs control_15wks,FALSE
3145,-2.145392013368845,19.160608106540675,-1.3691168366528597,0.2172985908932238,0.3787831137070914,-5.324977985348209,miscanthus_sinensis_ssp_transmorrisonensis_6wks vs control_15wks,FALSE
5334,-1.035471516807263,17.677126930886338,-1.3668143004546522,0.2179824420497079,0.37970121124159645,-5.327658933006305,miscanthus_sinensis_ssp_transmorrisonensis_6wks vs control_15wks,FALSE
7324,-1.5339823371596673,18.511232026526727,-1.3662238653451033,0.21815811117751377,0.37973342694875595,-5.328346022395591,miscanthus_sinensis_ssp_transmorrisonensis_6wks vs control_15wks,FALSE
4480,1.1391483725942848,20.037486452523698,1.3636053798344412,0.21893870513963765,0.38048075237705586,-5.331391274868669,miscanthus_sinensis_ssp_transmorrisonensis_6wks vs control_15wks,FALSE
1259,-2.677886969333791,20.50758553524399,-1.3634750309576915,0.21897762858419736,0.38048075237705586,-5.33154278804925,miscanthus_sinensis_ssp_transmorrisonensis_6wks vs control_15wks,FALSE
1989,2.585516092819681,22.311755834715093,1.3627341024848676,0.2191989947669,0.38048075237705586,-5.332403873715085,miscanthus_sinensis_ssp_transmorrisonensis_6wks vs control_15wks,FALSE
813,-3.1639539390773805,18.64954368770426,-1.3623978402947778,0.21929952543505132,0.38048075237705586,-5.332794586601451,miscanthus_sinensis_ssp_transmorrisonensis_6wks vs control_15wks,FALSE
2290,-1.2853257050731735,21.521604110187102,-1.3621459098741375,0.21937487088627436,0.38048075237705586,-5.333087278648256,miscanthus_sinensis_ssp_transmorrisonensis_6wks vs control_15wks,FALSE
1645,-1.1707414095906294,21.41657101546261,-1.361083097949003,0.21969298377007399,0.38075914547238077,-5.334321736399219,miscanthus_sinensis_ssp_transmorrisonensis_6wks vs control_15wks,FALSE
4663,2.0912763288219374,18.059815719981923,1.3603214343445715,0.21992121304458515,0.3808814700471095,-5.3352060972000634,miscanthus_sinensis_ssp_transmorrisonensis_6wks vs control_15wks,FALSE
2071,-2.781924202874851,19.473969655353372,-1.3589233231951297,0.2203407032054255,0.3808937443663313,-5.336828751080581,miscanthus_sinensis_ssp_transmorrisonensis_6wks vs control_15wks,FALSE
2473,2.004303058875056,20.803402911458644,1.3587863964558093,0.2203818252441761,0.3808937443663313,-5.336987621433525,miscanthus_sinensis_ssp_transmorrisonensis_6wks vs control_15wks,FALSE
11109,-0.8906391286024196,17.423439084109262,-1.3585290711445643,0.22045912412713367,0.3808937443663313,-5.337286162294822,miscanthus_sinensis_ssp_transmorrisonensis_6wks vs control_15wks,FALSE
16761,1.0432711133720929,17.847818931689837,1.3579171553270089,0.2206430371197591,0.3808937443663313,-5.337995967940206,miscanthus_sinensis_ssp_transmorrisonensis_6wks vs control_15wks,FALSE
5828,-2.100104044963544,18.944925890439457,-1.3575599057443297,0.22075047288120098,0.3808937443663313,-5.33841028945335,miscanthus_sinensis_ssp_transmorrisonensis_6wks vs control_15wks,FALSE
3765,1.8741256161327193,20.71811565835008,1.3567173743549528,0.22100403279092104,0.3808937443663313,-5.339387189671393,miscanthus_sinensis_ssp_transmorrisonensis_6wks vs control_15wks,FALSE
751,0.7190612403804977,23.070299092286177,1.356024673339785,0.2212126961947268,0.3808937443663313,-5.340190123468499,miscanthus_sinensis_ssp_transmorrisonensis_6wks vs control_15wks,FALSE
1867,1.194336473995957,17.934911244165452,1.355106486916513,0.22148955425718114,0.3808937443663313,-5.341254090001426,miscanthus_sinensis_ssp_transmorrisonensis_6wks vs control_15wks,FALSE
6557,1.4244379380563572,17.674293127695712,1.3549850823800096,0.22152618417556078,0.3808937443663313,-5.341394741262292,miscanthus_sinensis_ssp_transmorrisonensis_6wks vs control_15wks,FALSE
2355,1.4315795471915216,18.17932444651159,1.354769466542925,0.22159125266848526,0.3808937443663313,-5.341644523008545,miscanthus_sinensis_ssp_transmorrisonensis_6wks vs control_15wks,FALSE
1438,-1.8488095713305768,18.856047527587233,-1.3545334346279938,0.22166250189530703,0.3808937443663313,-5.3419179317092915,miscanthus_sinensis_ssp_transmorrisonensis_6wks vs control_15wks,FALSE
3496,-2.500241528562068,19.59649502107201,-1.3535482025882692,0.22196012770990517,0.38090913531015436,-5.343058906638504,miscanthus_sinensis_ssp_transmorrisonensis_6wks vs control_15wks,FALSE
5563,-1.9532046468410158,18.6730990350607,-1.3529397126734914,0.2221441228473467,0.38090913531015436,-5.3437633645595355,miscanthus_sinensis_ssp_transmorrisonensis_6wks vs control_15wks,FALSE
6831,-1.7885963244447574,18.21030039273754,-1.3529386578965297,0.2221444419089435,0.38090913531015436,-5.343764585544399,miscanthus_sinensis_ssp_transmorrisonensis_6wks vs control_15wks,FALSE
13952,0.7102230975794441,18.72545168129686,1.3517885162384935,0.22249259412489147,0.3809965426885973,-5.345095660839773,miscanthus_sinensis_ssp_transmorrisonensis_6wks vs control_15wks,FALSE
13420,0.8084511971521344,18.88435138704342,1.351728376725119,0.22251081197583228,0.3809965426885973,-5.345165244571177,miscanthus_sinensis_ssp_transmorrisonensis_6wks vs control_15wks,FALSE
2041,1.1100415638466643,17.97038231073967,1.3504323562212626,0.22290373454264695,0.38139902454322594,-5.3466643892810275,miscanthus_sinensis_ssp_transmorrisonensis_6wks vs control_15wks,FALSE
5543,-1.0188853391509625,20.13433638367391,-1.3482062467375941,0.22358008308730742,0.38203809422931284,-5.349237603761136,miscanthus_sinensis_ssp_transmorrisonensis_6wks vs control_15wks,FALSE
6396,1.7285078354382968,18.25698240031802,1.3481621894270435,0.22359348726831474,0.38203809422931284,-5.349288507798496,miscanthus_sinensis_ssp_transmorrisonensis_6wks vs control_15wks,FALSE
1224,-1.2183145799110449,18.906671709494432,-1.3462217426077712,0.22418456818677493,0.38277732631748995,-5.351529626901794,miscanthus_sinensis_ssp_transmorrisonensis_6wks vs control_15wks,FALSE
416,-3.7743159839116487,19.597527138441798,-1.3454818611511332,0.22441031055999414,0.382892168300103,-5.352383697777734,miscanthus_sinensis_ssp_transmorrisonensis_6wks vs control_15wks,FALSE
346,-3.790531613003015,21.895325683809276,-1.3423910174558449,0.22535553774024808,0.3842335774032741,-5.3559488410038405,miscanthus_sinensis_ssp_transmorrisonensis_6wks vs control_15wks,FALSE
4275,1.7951605644637816,20.31228944132594,1.3345509703709992,0.22776905707074321,0.3878978670842268,-5.36497213942342,miscanthus_sinensis_ssp_transmorrisonensis_6wks vs control_15wks,FALSE
1312,-3.0645723941825125,19.357397597083597,-1.3343676171612104,0.22782577541081037,0.3878978670842268,-5.365182822954597,miscanthus_sinensis_ssp_transmorrisonensis_6wks vs control_15wks,FALSE
4631,1.220807784746441,17.670576403171374,1.3330343253839718,0.22823859236986518,0.38832706983492554,-5.366714380778259,miscanthus_sinensis_ssp_transmorrisonensis_6wks vs control_15wks,FALSE
3746,0.7033789891498827,21.67464357935178,1.3287425112954305,0.2295719479139157,0.38980764382087296,-5.3716387534837775,miscanthus_sinensis_ssp_transmorrisonensis_6wks vs control_15wks,FALSE
7417,1.3475350418686212,17.518487639659746,1.3286216719241117,0.229609589426306,0.38980764382087296,-5.3717772778787385,miscanthus_sinensis_ssp_transmorrisonensis_6wks vs control_15wks,FALSE
7915,0.6990552895223772,18.731032970846083,1.3283195232658316,0.22970373281521064,0.38980764382087296,-5.372123616385903,miscanthus_sinensis_ssp_transmorrisonensis_6wks vs control_15wks,FALSE
5893,1.2759543352350953,17.738017728960276,1.3281576793587695,0.22975417417256752,0.38980764382087296,-5.372309112622062,miscanthus_sinensis_ssp_transmorrisonensis_6wks vs control_15wks,FALSE
4890,-2.435798563145692,19.09528218446695,-1.3242854124803358,0.23096396326208207,0.39158521771311594,-5.376743601239832,miscanthus_sinensis_ssp_transmorrisonensis_6wks vs control_15wks,FALSE
7117,0.9640269323165214,17.690912758752994,1.3214340219509577,0.23185841143928038,0.3928260322842226,-5.380004457343079,miscanthus_sinensis_ssp_transmorrisonensis_6wks vs control_15wks,FALSE
2795,-1.351162914592205,20.984555781452844,-1.317970156107496,0.23294911055826856,0.39418083881654226,-5.383960545635929,miscanthus_sinensis_ssp_transmorrisonensis_6wks vs control_15wks,FALSE
1470,-1.9426869917801994,18.762386918149193,-1.3173779570868818,0.23313603537355082,0.39418083881654226,-5.384636325080727,miscanthus_sinensis_ssp_transmorrisonensis_6wks vs control_15wks,FALSE
7162,0.9790173455165672,18.254007159281688,1.3173415726169977,0.23314752428345978,0.39418083881654226,-5.384677839239533,miscanthus_sinensis_ssp_transmorrisonensis_6wks vs control_15wks,FALSE
470,-0.7231599635610451,25.870781314372408,-1.3160302079596948,0.23356194052445253,0.39437226525544233,-5.386173665323064,miscanthus_sinensis_ssp_transmorrisonensis_6wks vs control_15wks,FALSE
5932,-1.3357818415796814,18.331256431129553,-1.3159502966617609,0.23358721505816968,0.39437226525544233,-5.386264790665669,miscanthus_sinensis_ssp_transmorrisonensis_6wks vs control_15wks,FALSE
5312,1.1778149816816317,17.80200412807215,1.3131998869605093,0.23445859582813044,0.39556701642511394,-5.389399304367947,miscanthus_sinensis_ssp_transmorrisonensis_6wks vs control_15wks,FALSE
2871,1.3846811090837576,17.7559434049366,1.312227680332968,0.2347672951805523,0.3958114341634434,-5.390506414803417,miscanthus_sinensis_ssp_transmorrisonensis_6wks vs control_15wks,FALSE
2369,-1.1136657066921245,18.14482773896094,-1.3110545611557112,0.23514026699433035,0.3959304510273735,-5.391841711511626,miscanthus_sinensis_ssp_transmorrisonensis_6wks vs control_15wks,FALSE
1023,-3.107128853021493,19.677967266066737,-1.3106929934695142,0.2352553262530055,0.3959304510273735,-5.392253130484905,miscanthus_sinensis_ssp_transmorrisonensis_6wks vs control_15wks,FALSE
18310,0.6696548262699586,17.351203796512237,1.3104599167227895,0.23532952304441573,0.3959304510273735,-5.392518309400174,miscanthus_sinensis_ssp_transmorrisonensis_6wks vs control_15wks,FALSE
2410,1.8763610347449244,18.668298645988347,1.3081060308747943,0.23608000860660877,0.39665808145219345,-5.39519493261819,miscanthus_sinensis_ssp_transmorrisonensis_6wks vs control_15wks,FALSE
4506,-1.576189686845563,18.894772553561083,-1.3077699859603618,0.23618732131365264,0.39665808145219345,-5.395576833828141,miscanthus_sinensis_ssp_transmorrisonensis_6wks vs control_15wks,FALSE
1321,1.752695660828767,21.28791598866099,1.3075595485642908,0.23625454437487844,0.39665808145219345,-5.3958159594618404,miscanthus_sinensis_ssp_transmorrisonensis_6wks vs control_15wks,FALSE
4023,-2.4023962841796624,18.802395519870046,-1.3056510907942038,0.23686496139297386,0.39740676855932283,-5.397983612296182,miscanthus_sinensis_ssp_transmorrisonensis_6wks vs control_15wks,FALSE
4892,-1.7390837597801863,18.857925396554066,-1.3047712557838926,0.23714684308132944,0.3975401466007713,-5.398982346597081,miscanthus_sinensis_ssp_transmorrisonensis_6wks vs control_15wks,FALSE
583,-0.9963888534088525,22.356243128430467,-1.304376073712356,0.2372735477642021,0.3975401466007713,-5.399430810572853,miscanthus_sinensis_ssp_transmorrisonensis_6wks vs control_15wks,FALSE
8348,-0.9985726925357561,18.020784103289856,-1.3033233014434291,0.23761138251836975,0.39783028424420047,-5.400625156504413,miscanthus_sinensis_ssp_transmorrisonensis_6wks vs control_15wks,FALSE
3719,1.2752755959274822,17.79064056884578,1.3026951245856575,0.23781316634371458,0.39789238911801555,-5.401337551961707,miscanthus_sinensis_ssp_transmorrisonensis_6wks vs control_15wks,FALSE
771,-2.1447519723421387,18.562744373536958,-1.3010364525046514,0.23834669272937728,0.39850907241119415,-5.403217675761699,miscanthus_sinensis_ssp_transmorrisonensis_6wks vs control_15wks,FALSE
823,-1.6384012008385973,19.411974158163112,-1.2999765752845767,0.2386881630558672,0.39880401240869656,-5.404418356112784,miscanthus_sinensis_ssp_transmorrisonensis_6wks vs control_15wks,FALSE
10331,1.3640904080755334,17.4119861095291,1.2980057020849427,0.2393242820075024,0.39959050817562247,-5.406649597373352,miscanthus_sinensis_ssp_transmorrisonensis_6wks vs control_15wks,FALSE
2701,1.217953531230517,17.93755443460926,1.2957578368560971,0.2400516226469592,0.40045371742755065,-5.409192101019705,miscanthus_sinensis_ssp_transmorrisonensis_6wks vs control_15wks,FALSE
13836,1.0760366423062884,18.64400064428765,1.2953839787394312,0.24017278003001694,0.40045371742755065,-5.4096147219785955,miscanthus_sinensis_ssp_transmorrisonensis_6wks vs control_15wks,FALSE
15663,0.9094701417878959,18.226586622108062,1.293012673022155,0.2409425086772768,0.4014600696305522,-5.412293719573237,miscanthus_sinensis_ssp_transmorrisonensis_6wks vs control_15wks,FALSE
1205,2.1385918662121206,18.01640136587525,1.2878238697149413,0.24263436035885863,0.4040004235885613,-5.418146122677668,miscanthus_sinensis_ssp_transmorrisonensis_6wks vs control_15wks,FALSE
758,-1.0088356711511182,23.89694763875885,-1.2830577609964808,0.24419756025387146,0.40632321320478887,-5.423510002127218,miscanthus_sinensis_ssp_transmorrisonensis_6wks vs control_15wks,FALSE
2809,-2.2521129889422333,18.57629632869844,-1.2803386583303276,0.24509332439244705,0.40753301564497735,-5.426565061112076,miscanthus_sinensis_ssp_transmorrisonensis_6wks vs control_15wks,FALSE
3730,-1.2144401648024221,18.20181783732775,-1.279663085600369,0.2453163263669777,0.40762327682435906,-5.427323529613284,miscanthus_sinensis_ssp_transmorrisonensis_6wks vs control_15wks,FALSE
788,-1.9849123984900068,18.8403774208958,-1.278746343934459,0.2456192204471091,0.40784607326475303,-5.4283523935090505,miscanthus_sinensis_ssp_transmorrisonensis_6wks vs control_15wks,FALSE
5027,0.9954788637897494,17.406624136397674,1.2769255865792186,0.24622177399910045,0.4085658008116942,-5.430394587204185,miscanthus_sinensis_ssp_transmorrisonensis_6wks vs control_15wks,FALSE
869,1.2738817192189025,23.746090095302495,1.2754594921930285,0.2467078957450964,0.4086456878344692,-5.432037772359596,miscanthus_sinensis_ssp_transmorrisonensis_6wks vs control_15wks,FALSE
3265,1.7110765016998606,18.326275825545157,1.275007047948769,0.2468580846710787,0.4086456878344692,-5.432544649006113,miscanthus_sinensis_ssp_transmorrisonensis_6wks vs control_15wks,FALSE
3000,1.9130745037604164,18.19683071658934,1.2749258898545208,0.24688503355959715,0.4086456878344692,-5.43263556010069,miscanthus_sinensis_ssp_transmorrisonensis_6wks vs control_15wks,FALSE
2155,2.277324625181379,18.29085917062601,1.274740858715741,0.24694648354235305,0.4086456878344692,-5.432842814536071,miscanthus_sinensis_ssp_transmorrisonensis_6wks vs control_15wks,FALSE
2666,-1.3120092489240918,19.09969920087187,-1.2720091937548357,0.24785524205050458,0.40986876440384606,-5.43590055564787,miscanthus_sinensis_ssp_transmorrisonensis_6wks vs control_15wks,FALSE
4994,1.2394851424443871,18.018498079568328,1.271204697109799,0.24812343449103516,0.41001970403711663,-5.436800364585325,miscanthus_sinensis_ssp_transmorrisonensis_6wks vs control_15wks,FALSE
3633,-1.9403521892259583,19.810638595189907,-1.2704302606020217,0.24838184509385708,0.41001970403711663,-5.437666242126979,miscanthus_sinensis_ssp_transmorrisonensis_6wks vs control_15wks,FALSE
5903,-0.68665828309733,20.628157979085238,-1.2702092066782518,0.2484556484728223,0.41001970403711663,-5.437913341020545,miscanthus_sinensis_ssp_transmorrisonensis_6wks vs control_15wks,FALSE
3579,-0.7248645861285858,21.508735296997102,-1.2695944229303207,0.24866100722269602,0.41002861354897935,-5.438600429273084,miscanthus_sinensis_ssp_transmorrisonensis_6wks vs control_15wks,FALSE
1323,-2.009465231038128,21.057257710417716,-1.2691771500501097,0.24880047494321345,0.41002861354897935,-5.439066668114835,miscanthus_sinensis_ssp_transmorrisonensis_6wks vs control_15wks,FALSE
17542,0.9103057426850931,17.615723567182453,1.2674582641676664,0.24937570847141174,0.4106964633039746,-5.4409863275985995,miscanthus_sinensis_ssp_transmorrisonensis_6wks vs control_15wks,FALSE
2825,-1.606116826929405,21.303081665704134,-1.2653640480112596,0.25007811456144846,0.4115727008041277,-5.443323123842991,miscanthus_sinensis_ssp_transmorrisonensis_6wks vs control_15wks,FALSE
12474,0.7997629838002105,18.866183681310837,1.2637648040268554,0.2506156657199583,0.41216945704384317,-5.445106105842566,miscanthus_sinensis_ssp_transmorrisonensis_6wks vs control_15wks,FALSE
6595,1.4094285365987282,18.75957613383665,1.2632708140644744,0.25078191301922576,0.41216945704384317,-5.445656586164279,miscanthus_sinensis_ssp_transmorrisonensis_6wks vs control_15wks,FALSE
10422,1.0276847479940656,17.89301764598626,1.26207843763897,0.2511835908076214,0.4125489839505189,-5.4469848022336596,miscanthus_sinensis_ssp_transmorrisonensis_6wks vs control_15wks,FALSE
1451,-0.9598961207475476,17.259336445754993,-1.2608187893149854,0.25160853870973005,0.4129661885344482,-5.448387162164311,miscanthus_sinensis_ssp_transmorrisonensis_6wks vs control_15wks,FALSE
563,2.9105299765978145,21.84197566908626,1.2588128310143505,0.25228654862687505,0.4137235948503198,-5.450618702504068,miscanthus_sinensis_ssp_transmorrisonensis_6wks vs control_15wks,FALSE
7644,-0.7742311485415776,17.961143628074083,-1.2584407339764496,0.2524124912290444,0.4137235948503198,-5.4510324164521196,miscanthus_sinensis_ssp_transmorrisonensis_6wks vs control_15wks,FALSE
4213,2.176405180907338,20.431978866317333,1.2573268504806536,0.25278983089373025,0.41406117385712016,-5.452270454975399,miscanthus_sinensis_ssp_transmorrisonensis_6wks vs control_15wks,FALSE
2242,1.8907958885881868,21.716312528323265,1.255117357515322,0.25353977052194365,0.41475612977226023,-5.4547243264905765,miscanthus_sinensis_ssp_transmorrisonensis_6wks vs control_15wks,FALSE
1084,2.4452700804721985,18.46421343195795,1.255065332831577,0.2535574518516674,0.41475612977226023,-5.454782074907199,miscanthus_sinensis_ssp_transmorrisonensis_6wks vs control_15wks,FALSE
8743,-1.4755566801600786,18.257887454054508,-1.2535851147410495,0.2540609738988863,0.4152985879159062,-5.456424558997786,miscanthus_sinensis_ssp_transmorrisonensis_6wks vs control_15wks,FALSE
2827,1.341097645561021,21.876973926412834,1.251921100351979,0.25462805364252084,0.41592544604532794,-5.458269631905934,miscanthus_sinensis_ssp_transmorrisonensis_6wks vs control_15wks,FALSE
5230,1.2514672636792419,18.074544861967578,1.251450095983773,0.2547887666171711,0.41592544604532794,-5.458791624467725,miscanthus_sinensis_ssp_transmorrisonensis_6wks vs control_15wks,FALSE
4111,-1.2193473786236027,20.466788898943978,-1.2494775373446907,0.2554627861992885,0.41674415358371447,-5.460976467794728,miscanthus_sinensis_ssp_transmorrisonensis_6wks vs control_15wks,FALSE
3435,0.7434137985752791,20.672284122434682,1.248857348428868,0.2556750228182477,0.4168089440815699,-5.461662982241532,miscanthus_sinensis_ssp_transmorrisonensis_6wks vs control_15wks,FALSE
4149,-2.0358173651729103,19.073087194488938,-1.2466408445820367,0.25643478852917306,0.41750284238014784,-5.4641148881902515,miscanthus_sinensis_ssp_transmorrisonensis_6wks vs control_15wks,FALSE
5302,-1.143382145041734,18.28639762776436,-1.246607356857085,0.2564462823229054,0.41750284238014784,-5.46415191277891,miscanthus_sinensis_ssp_transmorrisonensis_6wks vs control_15wks,FALSE
4541,0.6942321160155487,21.74663375801213,1.241968628938553,0.25804272227146857,0.4194463736469932,-5.469274892557349,miscanthus_sinensis_ssp_transmorrisonensis_6wks vs control_15wks,FALSE
1538,1.7266439626060794,18.2812204592961,1.2413518408552298,0.2582556391844737,0.4194463736469932,-5.469955218464759,miscanthus_sinensis_ssp_transmorrisonensis_6wks vs control_15wks,FALSE
2017,-2.323018822747269,20.667546865870563,-1.2413158673217415,0.25826806203358504,0.4194463736469932,-5.469994891600904,miscanthus_sinensis_ssp_transmorrisonensis_6wks vs control_15wks,FALSE
2512,0.6776428858196084,22.61542974252062,1.240739238324167,0.2584672616126695,0.4194463736469932,-5.470630729527263,miscanthus_sinensis_ssp_transmorrisonensis_6wks vs control_15wks,FALSE
1116,-2.6655300777712085,19.406161610438122,-1.240620972971801,0.25850813342730666,0.4194463736469932,-5.4707611168705395,miscanthus_sinensis_ssp_transmorrisonensis_6wks vs control_15wks,FALSE
238,1.555355900886795,17.89022299910205,1.2389257876768072,0.25909459389260037,0.42011579788222986,-5.472629245729392,miscanthus_sinensis_ssp_transmorrisonensis_6wks vs control_15wks,FALSE
3803,1.4761981387511582,19.744591018719795,1.236624477789294,0.259892586763416,0.4210165449855818,-5.475162908989003,miscanthus_sinensis_ssp_transmorrisonensis_6wks vs control_15wks,FALSE
3423,-1.6943308003717021,18.263808627066062,-1.2363191280753436,0.25999862794639406,0.4210165449855818,-5.4754988781186125,miscanthus_sinensis_ssp_transmorrisonensis_6wks vs control_15wks,FALSE
1073,-0.658270844789925,23.972822622249847,-1.234032513101884,0.26079390649735645,0.4220214856648447,-5.478013216869909,miscanthus_sinensis_ssp_transmorrisonensis_6wks vs control_15wks,FALSE
8846,1.132702100110837,17.92756727478436,1.2332859915079801,0.26105399885995745,0.42215961261422835,-5.478833483825755,miscanthus_sinensis_ssp_transmorrisonensis_6wks vs control_15wks,FALSE
1555,-2.0947415153181517,19.21016659495339,-1.2303168323885247,0.2620906864564356,0.42355257423327647,-5.4820930184666175,miscanthus_sinensis_ssp_transmorrisonensis_6wks vs control_15wks,FALSE
7319,1.402283499701383,18.1026256842063,1.2277736850334158,0.26298145047869825,0.4247080109335127,-5.484881141232978,miscanthus_sinensis_ssp_transmorrisonensis_6wks vs control_15wks,FALSE
314,0.6921259205847257,21.04162926002168,1.2261360445498697,0.2635564302644879,0.42518624363731206,-5.486674701175051,miscanthus_sinensis_ssp_transmorrisonensis_6wks vs control_15wks,FALSE
6658,-1.7212717670739295,18.239408737172496,-1.2257833849969422,0.26368039145393296,0.42518624363731206,-5.48706074936781,miscanthus_sinensis_ssp_transmorrisonensis_6wks vs control_15wks,FALSE
9596,1.2899086861826028,17.494694204100618,1.2250161500797172,0.2639502508134746,0.42518624363731206,-5.487900393137366,miscanthus_sinensis_ssp_transmorrisonensis_6wks vs control_15wks,FALSE
1461,0.6554388244435927,24.13330437014737,1.2249272771053168,0.2639815254370729,0.42518624363731206,-5.487997633208059,miscanthus_sinensis_ssp_transmorrisonensis_6wks vs control_15wks,FALSE
5095,0.6241708924065925,21.10216713041104,1.2240903504418625,0.2642761984448932,0.42523564198560243,-5.488913145722453,miscanthus_sinensis_ssp_transmorrisonensis_6wks vs control_15wks,FALSE
5239,1.5981823782551174,18.033725000804893,1.223751042983817,0.26439574558973256,0.42523564198560243,-5.489284206311768,miscanthus_sinensis_ssp_transmorrisonensis_6wks vs control_15wks,FALSE
995,1.6465656486679308,21.809630471181237,1.2228657925714608,0.2647078621031092,0.42523564198560243,-5.490252008955162,miscanthus_sinensis_ssp_transmorrisonensis_6wks vs control_15wks,FALSE
69,0.799630374756493,27.234147220262933,1.2226682925283365,0.26477753874580345,0.42523564198560243,-5.490467868941853,miscanthus_sinensis_ssp_transmorrisonensis_6wks vs control_15wks,FALSE
2068,1.0663420707132687,17.808120629155134,1.222081306836523,0.264984716298879,0.42523564198560243,-5.491109297883206,miscanthus_sinensis_ssp_transmorrisonensis_6wks vs control_15wks,FALSE
4308,1.2963169147727953,21.119236227771452,1.2218447643983679,0.26506824372115784,0.42523564198560243,-5.491367727307702,miscanthus_sinensis_ssp_transmorrisonensis_6wks vs control_15wks,FALSE
6012,1.7536167383135535,18.187082299287468,1.22083768370182,0.2654241154838636,0.42533868512810835,-5.492467654457485,miscanthus_sinensis_ssp_transmorrisonensis_6wks vs control_15wks,FALSE
5225,0.7333359185496136,20.748006861991175,1.2206667001274658,0.26548457664453123,0.42533868512810835,-5.492654347320222,miscanthus_sinensis_ssp_transmorrisonensis_6wks vs control_15wks,FALSE
6311,-0.8964584841597372,18.114690292451193,-1.219624532965456,0.26585335121066933,0.4256472475314626,-5.493791923433938,miscanthus_sinensis_ssp_transmorrisonensis_6wks vs control_15wks,FALSE
1406,2.1429345929036714,18.169815916192327,1.218537287332009,0.2662385458136155,0.4259707464682702,-5.49497807949333,miscanthus_sinensis_ssp_transmorrisonensis_6wks vs control_15wks,FALSE
2595,1.7830259726025979,21.62251460428854,1.2179414165565914,0.26644985699488777,0.4259707464682702,-5.495627887443207,miscanthus_sinensis_ssp_transmorrisonensis_6wks vs control_15wks,FALSE
85,1.6575513180150452,20.552841394879934,1.216579236365369,0.266933462112319,0.4259707464682702,-5.497112647629818,miscanthus_sinensis_ssp_transmorrisonensis_6wks vs control_15wks,FALSE
5323,-0.9324569887295553,18.55268821701867,-1.2164072646948831,0.2669945695063473,0.4259707464682702,-5.49730002320849,miscanthus_sinensis_ssp_transmorrisonensis_6wks vs control_15wks,FALSE
1745,0.9542081893273284,17.71286964339019,1.2161596062395479,0.26708259208310303,0.4259707464682702,-5.497569836833631,miscanthus_sinensis_ssp_transmorrisonensis_6wks vs control_15wks,FALSE
2664,-2.276058933558229,19.423815508303996,-1.2160732839994228,0.2671132785179757,0.4259707464682702,-5.497663873517751,miscanthus_sinensis_ssp_transmorrisonensis_6wks vs control_15wks,FALSE
31,0.9857832075186934,19.811416117455472,1.2117893199632317,0.26863997539549483,0.4280121791015172,-5.5023255992798425,miscanthus_sinensis_ssp_transmorrisonensis_6wks vs control_15wks,FALSE
3827,-1.9486594236631447,18.744048550887634,-1.2114877921957383,0.26874771345074566,0.4280121791015172,-5.502653339472602,miscanthus_sinensis_ssp_transmorrisonensis_6wks vs control_15wks,FALSE
6149,-1.5927150054999295,19.29416215773816,-1.2109573071531592,0.2689373494442054,0.4280320396951253,-5.503229820258655,miscanthus_sinensis_ssp_transmorrisonensis_6wks vs control_15wks,FALSE
6825,0.8229114355944525,17.910782068710084,1.2095026301501965,0.2694579505588629,0.4285782808098833,-5.504809836633275,miscanthus_sinensis_ssp_transmorrisonensis_6wks vs control_15wks,FALSE
509,-2.595172144535443,19.05413006127054,-1.2081256735912804,0.26995153162968905,0.4286712791377486,-5.506304369881949,miscanthus_sinensis_ssp_transmorrisonensis_6wks vs control_15wks,FALSE
963,-2.150125575656446,22.106228779687594,-1.2078806941357996,0.270039427500239,0.4286712791377486,-5.50657015907112,miscanthus_sinensis_ssp_transmorrisonensis_6wks vs control_15wks,FALSE
8356,0.8957922741883628,17.801046406661456,1.2078548223266956,0.2700487114435651,0.4286712791377486,-5.506598226636641,miscanthus_sinensis_ssp_transmorrisonensis_6wks vs control_15wks,FALSE
612,0.8795640178839648,22.39903259484968,1.2069264106323696,0.2703820471844901,0.4289185988166304,-5.507605190397038,miscanthus_sinensis_ssp_transmorrisonensis_6wks vs control_15wks,FALSE
8963,-1.5037719380919974,18.91544999787536,-1.2058670562478837,0.27076282627205384,0.42919368392828267,-5.508753598227152,miscanthus_sinensis_ssp_transmorrisonensis_6wks vs control_15wks,FALSE
94,3.3063953873832617,22.791169504579997,1.2054558701445561,0.270910748340493,0.42919368392828267,-5.509199184227055,miscanthus_sinensis_ssp_transmorrisonensis_6wks vs control_15wks,FALSE
3473,-0.6416088263356272,21.427470571564584,-1.2049342831732903,0.2710984859531416,0.4292096605916056,-5.509764273574168,miscanthus_sinensis_ssp_transmorrisonensis_6wks vs control_15wks,FALSE
1617,-1.6611414296667206,18.721733559436345,-1.2040212455262305,0.2714273882476909,0.4294489652956262,-5.510753101943022,miscanthus_sinensis_ssp_transmorrisonensis_6wks vs control_15wks,FALSE
2867,-1.270545647105216,21.295799463576778,-1.20344288742562,0.27163590576437563,0.42949761016147353,-5.511379231854534,miscanthus_sinensis_ssp_transmorrisonensis_6wks vs control_15wks,FALSE
9614,1.5160614640938803,17.608873974178124,1.2015489445024095,0.27231969389358895,0.4300171501557381,-5.513428322385128,miscanthus_sinensis_ssp_transmorrisonensis_6wks vs control_15wks,FALSE
4773,1.2183566007554418,17.722431459356063,1.2011555353126682,0.2724619143714759,0.4300171501557381,-5.513853710548199,miscanthus_sinensis_ssp_transmorrisonensis_6wks vs control_15wks,FALSE
55,0.8933971347458325,26.739965625594024,1.2007706076813862,0.27260113007358755,0.4300171501557381,-5.514269844978587,miscanthus_sinensis_ssp_transmorrisonensis_6wks vs control_15wks,FALSE
2056,1.8310422856320656,18.484269394685892,1.2005624534440007,0.2726764379298803,0.4300171501557381,-5.5144948405625005,miscanthus_sinensis_ssp_transmorrisonensis_6wks vs control_15wks,FALSE
90,-1.0536793291220938,24.6415612571162,-1.1995169021754049,0.2730549752527651,0.43033321605393376,-5.515624622954138,miscanthus_sinensis_ssp_transmorrisonensis_6wks vs control_15wks,FALSE
975,-0.7430591635182608,23.595539572441716,-1.1987913439199827,0.27331792397205135,0.4304668215883155,-5.516408277722324,miscanthus_sinensis_ssp_transmorrisonensis_6wks vs control_15wks,FALSE
12439,0.586145758153183,19.411470057075924,1.1982447986242493,0.2735161394371536,0.4304983666971747,-5.516998393179135,miscanthus_sinensis_ssp_transmorrisonensis_6wks vs control_15wks,FALSE
1126,1.2431624087210196,18.16342203026063,1.1972267672815506,0.27388567553460413,0.43079934380963775,-5.5180971397305125,miscanthus_sinensis_ssp_transmorrisonensis_6wks vs control_15wks,FALSE
10655,-1.275288526651881,18.51399714080802,-1.1963109187220482,0.2742184838868925,0.430828892828636,-5.519085110517043,miscanthus_sinensis_ssp_transmorrisonensis_6wks vs control_15wks,FALSE
2480,-2.0089659776908633,19.148362897259613,-1.1961936904721209,0.2742611081003486,0.430828892828636,-5.51921153675826,miscanthus_sinensis_ssp_transmorrisonensis_6wks vs control_15wks,FALSE
19049,-0.8783144888051915,17.280244029936938,-1.1951234623757565,0.27465050439973715,0.43116024602323905,-5.520365384207725,miscanthus_sinensis_ssp_transmorrisonensis_6wks vs control_15wks,FALSE
1993,-2.8406763973213813,20.319740291856547,-1.194511413794263,0.27487340640452407,0.4312299674502144,-5.5210249672191996,miscanthus_sinensis_ssp_transmorrisonensis_6wks vs control_15wks,FALSE
423,-0.8120075389695529,24.815749768096488,-1.1938544831906732,0.2751128254516392,0.43132549402411435,-5.52173268596579,miscanthus_sinensis_ssp_transmorrisonensis_6wks vs control_15wks,FALSE
8333,0.7440554312234191,18.11232859535088,1.192962812575344,0.2754380798679046,0.4315553832430982,-5.5226929081166505,miscanthus_sinensis_ssp_transmorrisonensis_6wks vs control_15wks,FALSE
59,0.8806212663620485,26.252254868349933,1.192272858905421,0.27568997869403367,0.4316701156997961,-5.523435601093765,miscanthus_sinensis_ssp_transmorrisonensis_6wks vs control_15wks,FALSE
5792,0.6505228560872531,17.212213100856992,1.1914559847078499,0.27598846910985847,0.4318576045138718,-5.524314572756758,miscanthus_sinensis_ssp_transmorrisonensis_6wks vs control_15wks,FALSE
4531,0.7172573324987113,17.512092050959676,1.190305140473022,0.27640946068403066,0.4322364123059017,-5.525552269692724,miscanthus_sinensis_ssp_transmorrisonensis_6wks vs control_15wks,FALSE
11215,1.4031199411684838,17.867929130254705,1.1886600187618783,0.2770122129324987,0.4327697358379607,-5.527320259767512,miscanthus_sinensis_ssp_transmorrisonensis_6wks vs control_15wks,FALSE
10050,0.9473937996549893,17.778980371647286,1.188396771548604,0.27710876711147564,0.4327697358379607,-5.527603027279402,miscanthus_sinensis_ssp_transmorrisonensis_6wks vs control_15wks,FALSE
1089,1.8883229596912088,21.037711831615404,1.1866971718866521,0.2777328374635936,0.43346417009821847,-5.529427719875995,miscanthus_sinensis_ssp_transmorrisonensis_6wks vs control_15wks,FALSE
2872,-0.6066334642009465,21.47519641749755,-1.1860842584606581,0.2779581839125592,0.4335358117060963,-5.530085346640799,miscanthus_sinensis_ssp_transmorrisonensis_6wks vs control_15wks,FALSE
1741,-1.3772040429049461,22.104032351194096,-1.1822313353422043,0.2793783254507669,0.43546969954132436,-5.5342145060221295,miscanthus_sinensis_ssp_transmorrisonensis_6wks vs control_15wks,FALSE
1131,1.0470143953781275,16.951022194283723,1.1806652649771485,0.2799573176642436,0.43597059779915565,-5.535890462096856,miscanthus_sinensis_ssp_transmorrisonensis_6wks vs control_15wks,FALSE
1262,1.7006460375811763,18.19704065121212,1.1803862402215781,0.2800605826921728,0.43597059779915565,-5.536188919492603,miscanthus_sinensis_ssp_transmorrisonensis_6wks vs control_15wks,FALSE
8445,1.2033736829299038,18.69681805664359,1.179803333848662,0.2802764162943094,0.4360256418332592,-5.536812280115063,miscanthus_sinensis_ssp_transmorrisonensis_6wks vs control_15wks,FALSE
6619,-1.2448301993962474,17.934684410105618,-1.1757783784908464,0.28177059258905907,0.43805347361593533,-5.541111312686204,miscanthus_sinensis_ssp_transmorrisonensis_6wks vs control_15wks,FALSE
2325,1.4724897437624485,21.84058668401647,1.1751773767111413,0.28199427903412966,0.43805347361593533,-5.5417524495062995,miscanthus_sinensis_ssp_transmorrisonensis_6wks vs control_15wks,FALSE
5328,0.8551990338989519,18.255657255416967,1.1748294478689456,0.2821238431069517,0.43805347361593533,-5.542123519139739,miscanthus_sinensis_ssp_transmorrisonensis_6wks vs control_15wks,FALSE
4802,-1.6575957307573503,18.626179624570813,-1.1730827416409044,0.2827750546681235,0.43869988133683313,-5.543985356500789,miscanthus_sinensis_ssp_transmorrisonensis_6wks vs control_15wks,FALSE
1434,-2.516692963268916,19.103709015955125,-1.172739110924163,0.2829033175177094,0.43869988133683313,-5.544351432177767,miscanthus_sinensis_ssp_transmorrisonensis_6wks vs control_15wks,FALSE
4592,1.2137286240464107,18.44334000341066,1.1711875442598294,0.28348306453786104,0.4393169236199309,-5.546003502830953,miscanthus_sinensis_ssp_transmorrisonensis_6wks vs control_15wks,FALSE
2992,1.2358347538039283,18.20240899745824,1.170123701975654,0.28388115205946934,0.43965183549722947,-5.547135460786556,miscanthus_sinensis_ssp_transmorrisonensis_6wks vs control_15wks,FALSE
3985,2.125475426440296,21.455556821703585,1.1654064867627714,0.28565201659273776,0.44211100069702397,-5.552146890272347,miscanthus_sinensis_ssp_transmorrisonensis_6wks vs control_15wks,FALSE
7166,-1.2954816010343748,19.3253886504771,-1.164248961815756,0.28608797818816917,0.4425022761220338,-5.553374655389123,miscanthus_sinensis_ssp_transmorrisonensis_6wks vs control_15wks,FALSE
5604,-1.6126513554277437,19.8249368609145,-1.1626289507781358,0.286699068913207,0.4431637559144646,-5.55509167352454,miscanthus_sinensis_ssp_transmorrisonensis_6wks vs control_15wks,FALSE
3475,-1.8003713701483157,19.02544360669868,-1.1616790216485466,0.2870579067334498,0.4434347203759684,-5.556097780029347,miscanthus_sinensis_ssp_transmorrisonensis_6wks vs control_15wks,FALSE
5578,-1.913484881687605,18.48335190982658,-1.1587013442356577,0.28818518297568174,0.4446093052809493,-5.559248168888886,miscanthus_sinensis_ssp_transmorrisonensis_6wks vs control_15wks,FALSE
3577,0.5676901342793421,22.280501503105658,1.1586983207118065,0.28818632949915834,0.4446093052809493,-5.55925136517186,miscanthus_sinensis_ssp_transmorrisonensis_6wks vs control_15wks,FALSE
2233,0.6351181027362962,24.02192220359905,1.1574386990038936,0.28866431335414533,0.4450625278006478,-5.5605824979530905,miscanthus_sinensis_ssp_transmorrisonensis_6wks vs control_15wks,FALSE
1098,1.7854369072245362,18.859363788074923,1.1559064442612201,0.2892466509311912,0.4456759621490803,-5.562200498727887,miscanthus_sinensis_ssp_transmorrisonensis_6wks vs control_15wks,FALSE
946,-0.877603920151742,22.450279641702938,-1.1546561409765657,0.28972256350789655,0.446124737689661,-5.5635197574696145,miscanthus_sinensis_ssp_transmorrisonensis_6wks vs control_15wks,FALSE
7790,1.0934593553061944,19.471588740227183,1.1518014302834108,0.2908116402086452,0.4471956074368426,-5.566528490958383,miscanthus_sinensis_ssp_transmorrisonensis_6wks vs control_15wks,FALSE
2176,1.3952547218516074,18.075211076959796,1.1514511458781567,0.29094551072038927,0.4471956074368426,-5.5668973466426,miscanthus_sinensis_ssp_transmorrisonensis_6wks vs control_15wks,FALSE
6087,-1.4965726885884152,18.389271686979335,-1.1508838170313669,0.291162440262297,0.4471956074368426,-5.567494601686681,miscanthus_sinensis_ssp_transmorrisonensis_6wks vs control_15wks,FALSE
4941,-1.322015219668213,20.489944242868837,-1.1504928535970225,0.29131201193838213,0.4471956074368426,-5.567906078518526,miscanthus_sinensis_ssp_transmorrisonensis_6wks vs control_15wks,FALSE
5613,0.6619250287891418,19.991864791226476,1.1504105795304866,0.2913434959046317,0.4471956074368426,-5.567992658010455,miscanthus_sinensis_ssp_transmorrisonensis_6wks vs control_15wks,FALSE
103,1.2703639231660198,17.946102425434983,1.1463499434879845,0.292900936734798,0.44930073850874414,-5.572260854536129,miscanthus_sinensis_ssp_transmorrisonensis_6wks vs control_15wks,FALSE
674,-0.6560938832414145,17.58679298314213,-1.145369709063796,0.2932779453713333,0.4494765508320455,-5.573289741960623,miscanthus_sinensis_ssp_transmorrisonensis_6wks vs control_15wks,FALSE
187,-0.8531705820147835,24.488923049659892,-1.1449042612088907,0.2934571038464136,0.4494765508320455,-5.5737780937442984,miscanthus_sinensis_ssp_transmorrisonensis_6wks vs control_15wks,FALSE
71,-0.7217124613556827,26.793535535252552,-1.144601542630612,0.2935736743431158,0.4494765508320455,-5.574095640094059,miscanthus_sinensis_ssp_transmorrisonensis_6wks vs control_15wks,FALSE
6319,-0.6720277086281357,19.97853762990426,-1.1440538684027906,0.2937846705733215,0.44951473344214365,-5.574670003225915,miscanthus_sinensis_ssp_transmorrisonensis_6wks vs control_15wks,FALSE
814,-2.129506572559265,22.816242122352808,-1.14220990753669,0.29449600570476164,0.4501433095861769,-5.57660252145144,miscanthus_sinensis_ssp_transmorrisonensis_6wks vs control_15wks,FALSE
1685,-1.4901931469963294,18.394973978029054,-1.141516191762797,0.29476398955169514,0.4501433095861769,-5.577329033282538,miscanthus_sinensis_ssp_transmorrisonensis_6wks vs control_15wks,FALSE
4392,-1.6759613250186085,18.89747767691309,-1.141448333436671,0.29479021431149904,0.4501433095861769,-5.577400084391947,miscanthus_sinensis_ssp_transmorrisonensis_6wks vs control_15wks,FALSE
7211,1.0319925682413889,17.900557643017976,1.1410589022929694,0.2949407529283601,0.4501433095861769,-5.577807785868777,miscanthus_sinensis_ssp_transmorrisonensis_6wks vs control_15wks,FALSE
2001,-1.3185221428439107,18.65342630160512,-1.1372596976661673,0.2964127486836811,0.4521042934468268,-5.5817805165685686,miscanthus_sinensis_ssp_transmorrisonensis_6wks vs control_15wks,FALSE
1439,0.6181334949601833,24.131089958819885,1.134835639376619,0.2973551483716073,0.45325554477337743,-5.584310811098434,miscanthus_sinensis_ssp_transmorrisonensis_6wks vs control_15wks,FALSE
2382,0.5940927053633942,22.01088309984736,1.1328120805863011,0.2981437592057882,0.45414510560391985,-5.586420372400045,miscanthus_sinensis_ssp_transmorrisonensis_6wks vs control_15wks,FALSE
2996,1.89389772524952,21.13910105355975,1.132374073309192,0.29831468650389936,0.45414510560391985,-5.5868766734366355,miscanthus_sinensis_ssp_transmorrisonensis_6wks vs control_15wks,FALSE
1348,-2.7446252498801726,19.334604190671815,-1.1297715638428387,0.29933197071524437,0.45496355291701013,-5.58958551266253,miscanthus_sinensis_ssp_transmorrisonensis_6wks vs control_15wks,FALSE
2100,-2.1849725836375704,19.21811504793143,-1.1297273697587933,0.29934927047690546,0.45496355291701013,-5.5896314773490055,miscanthus_sinensis_ssp_transmorrisonensis_6wks vs control_15wks,FALSE
620,-0.9676996681240766,24.649081457277294,-1.1295537578168842,0.29941723888164157,0.45496355291701013,-5.589812033588891,miscanthus_sinensis_ssp_transmorrisonensis_6wks vs control_15wks,FALSE
279,-0.5727636990966332,24.449375904139377,-1.1275856009837995,0.30018866343171974,0.4558490325902168,-5.591857650313384,miscanthus_sinensis_ssp_transmorrisonensis_6wks vs control_15wks,FALSE
3434,0.8480068261974587,17.95319467359146,1.1268176710172566,0.30049010391625075,0.45602015770204885,-5.592655172480599,miscanthus_sinensis_ssp_transmorrisonensis_6wks vs control_15wks,FALSE
2699,2.0023850522372904,19.168877604921548,1.1261252899550764,0.3007621045048059,0.45614641838268116,-5.593373930490408,miscanthus_sinensis_ssp_transmorrisonensis_6wks vs control_15wks,FALSE
1556,-2.3754330060819306,19.635871280444007,-1.124221365466784,0.3015111132557684,0.4566536620450401,-5.595348898932457,miscanthus_sinensis_ssp_transmorrisonensis_6wks vs control_15wks,FALSE
6512,1.4164078824403497,19.98662488131801,1.1234299938369754,0.3018228966288934,0.4566536620450401,-5.596169157333739,miscanthus_sinensis_ssp_transmorrisonensis_6wks vs control_15wks,FALSE
2808,0.6157510517350495,23.165227408116426,1.1233989645100722,0.30183512697020026,0.4566536620450401,-5.596201311599387,miscanthus_sinensis_ssp_transmorrisonensis_6wks vs control_15wks,FALSE
1732,0.7109525285084359,22.648017917264436,1.1233546183657472,0.30185260690642757,0.4566536620450401,-5.596247264462269,miscanthus_sinensis_ssp_transmorrisonensis_6wks vs control_15wks,FALSE
1758,-2.6230551850292514,19.010481771908342,-1.1184521474103652,0.30379020480324137,0.4592973309165401,-5.601320026249393,miscanthus_sinensis_ssp_transmorrisonensis_6wks vs control_15wks,FALSE
17284,0.7282523908325871,17.971091309178654,1.1168330813512712,0.3044323680515488,0.45973297800620216,-5.602992131781098,miscanthus_sinensis_ssp_transmorrisonensis_6wks vs control_15wks,FALSE
1351,1.5819144658193203,17.23899494071471,1.116766183027721,0.30445892583192197,0.45973297800620216,-5.603061187383253,miscanthus_sinensis_ssp_transmorrisonensis_6wks vs control_15wks,FALSE
8101,0.7248968183954467,18.037049119210167,1.1146795097468856,0.30528827263664426,0.4606377116147943,-5.6052137828390185,miscanthus_sinensis_ssp_transmorrisonensis_6wks vs control_15wks,FALSE
6344,0.5839556566946591,21.146476026630477,1.1141625447686367,0.3054940289048045,0.4606377116147943,-5.605746669917641,miscanthus_sinensis_ssp_transmorrisonensis_6wks vs control_15wks,FALSE
10004,1.104486892417139,19.27021048938439,1.1137434961394106,0.3056608979000055,0.4606377116147943,-5.606178505336159,miscanthus_sinensis_ssp_transmorrisonensis_6wks vs control_15wks,FALSE
405,-0.9146848648720933,21.921429691372218,-1.1133422903975576,0.3058207323800207,0.4606377116147943,-5.60659185304473,miscanthus_sinensis_ssp_transmorrisonensis_6wks vs control_15wks,FALSE
6328,-0.8572712854811471,17.77543603177043,-1.1115219984572486,0.30654677890413234,0.4614436248176846,-5.608465999271668,miscanthus_sinensis_ssp_transmorrisonensis_6wks vs control_15wks,FALSE
2678,-1.3026439708028086,17.875368791144655,-1.1107106657074697,0.3068708482745443,0.46164381658237796,-5.609300683205688,miscanthus_sinensis_ssp_transmorrisonensis_6wks vs control_15wks,FALSE
15582,0.7999491910381735,17.879488651758294,1.106007859526196,0.3087548640833718,0.46357255971186995,-5.6141308959513605,miscanthus_sinensis_ssp_transmorrisonensis_6wks vs control_15wks,FALSE
3880,-1.7036639388601564,18.708497327178744,-1.1055723212533959,0.30892982946583825,0.46357255971186995,-5.614577546420888,miscanthus_sinensis_ssp_transmorrisonensis_6wks vs control_15wks,FALSE
2189,0.6603957323210885,22.65510367948875,1.105473291865599,0.30896962318041715,0.46357255971186995,-5.614679086128652,miscanthus_sinensis_ssp_transmorrisonensis_6wks vs control_15wks,FALSE
2610,0.8172701758009779,22.986251838084225,1.1052303316767806,0.30906727159442304,0.46357255971186995,-5.614928179603432,miscanthus_sinensis_ssp_transmorrisonensis_6wks vs control_15wks,FALSE
398,2.7267776111594344,21.36352656209447,1.1051182381243185,0.3091123318277411,0.46357255971186995,-5.615043090594889,miscanthus_sinensis_ssp_transmorrisonensis_6wks vs control_15wks,FALSE
818,1.4080234631558,22.229452407440775,1.1019295718056845,0.3103964074444919,0.4650107475580918,-5.618308659396198,miscanthus_sinensis_ssp_transmorrisonensis_6wks vs control_15wks,FALSE
4077,-0.5886500800779366,21.608994321087337,-1.10178119706712,0.3104562648225174,0.4650107475580918,-5.6184604597694126,miscanthus_sinensis_ssp_transmorrisonensis_6wks vs control_15wks,FALSE
14135,0.5687346713388912,18.907241937311706,1.0994795712339758,0.31138600569011804,0.46611436787318783,-5.62081348133386,miscanthus_sinensis_ssp_transmorrisonensis_6wks vs control_15wks,FALSE
1398,0.9523913090260514,23.231464021232416,1.0979253663894344,0.312015121689236,0.46676689411838646,-5.62240053625228,miscanthus_sinensis_ssp_transmorrisonensis_6wks vs control_15wks,FALSE
3385,1.8394108674797245,18.39283353727272,1.095761296702834,0.3128928418602594,0.46734212168512673,-5.624607849336061,miscanthus_sinensis_ssp_transmorrisonensis_6wks vs control_15wks,FALSE
1458,1.9462478880401974,21.052273229034995,1.0955698104698464,0.31297060398897014,0.46734212168512673,-5.624803021769051,miscanthus_sinensis_ssp_transmorrisonensis_6wks vs control_15wks,FALSE
2558,-1.1773227170127427,18.673002851734225,-1.0955468053458552,0.31297994738681084,0.46734212168512673,-5.624826468217862,miscanthus_sinensis_ssp_transmorrisonensis_6wks vs control_15wks,FALSE
265,0.5867471722296784,25.498769728351387,1.0917482374725926,0.31452585961513574,0.4692563316830319,-5.62869338572704,miscanthus_sinensis_ssp_transmorrisonensis_6wks vs control_15wks,FALSE
2844,1.9996817110333538,21.111554742028108,1.0913654446804908,0.31468199279187525,0.4692563316830319,-5.629082567058154,miscanthus_sinensis_ssp_transmorrisonensis_6wks vs control_15wks,FALSE
1805,2.13144327300164,18.781807650520165,1.090962808998438,0.3148462880898846,0.4692563316830319,-5.629491823640864,miscanthus_sinensis_ssp_transmorrisonensis_6wks vs control_15wks,FALSE
1481,-1.485625448672291,22.839220576196233,-1.0904912130200135,0.31503881208190304,0.4692563316830319,-5.629971045630393,miscanthus_sinensis_ssp_transmorrisonensis_6wks vs control_15wks,FALSE
5396,1.132458030714293,18.20610258253031,1.0862527749074242,0.31677344472051616,0.47154937920195134,-5.634271770899571,miscanthus_sinensis_ssp_transmorrisonensis_6wks vs control_15wks,FALSE
2613,-1.8121818947749269,19.16074281152097,-1.085046007176134,0.3172687575671891,0.47163397822358516,-5.635494211087919,miscanthus_sinensis_ssp_transmorrisonensis_6wks vs control_15wks,FALSE
1043,2.15842755798635,22.598726356104763,1.0850060752826614,0.31728515827852666,0.47163397822358516,-5.635534645930674,miscanthus_sinensis_ssp_transmorrisonensis_6wks vs control_15wks,FALSE
6372,0.6063666520726869,17.97935641948232,1.084687775743426,0.3174159141521314,0.47163397822358516,-5.635856918640164,miscanthus_sinensis_ssp_transmorrisonensis_6wks vs control_15wks,FALSE
560,0.6200229607167635,24.874178967988005,1.0832894053004696,0.31799088027366756,0.4721978898224836,-5.637271988617695,miscanthus_sinensis_ssp_transmorrisonensis_6wks vs control_15wks,FALSE
2803,1.9032546919151088,18.554891412046928,1.0827977286530264,0.3181932446304954,0.4722081566506615,-5.6377692441991,miscanthus_sinensis_ssp_transmorrisonensis_6wks vs control_15wks,FALSE
2768,0.7227167957365133,21.510840482280617,1.0804209851938906,0.3191729502677749,0.47337130009020517,-5.640170805167863,miscanthus_sinensis_ssp_transmorrisonensis_6wks vs control_15wks,FALSE
3893,1.9515727972774215,18.587778968169385,1.0787888435591615,0.3198471535585555,0.4740801981579571,-5.641817921816402,miscanthus_sinensis_ssp_transmorrisonensis_6wks vs control_15wks,FALSE
5573,-1.032373039824062,18.04338300758146,-1.0780595242790934,0.3201487956443491,0.47423635210101006,-5.6425533875404446,miscanthus_sinensis_ssp_transmorrisonensis_6wks vs control_15wks,FALSE
401,-0.5268217512272848,25.781171504279644,-1.0734085677967329,0.32207786694245993,0.4765847601404288,-5.647235601000114,miscanthus_sinensis_ssp_transmorrisonensis_6wks vs control_15wks,FALSE
3869,1.991433853925841,17.711851143609284,1.0729513180399914,0.32226803022539074,0.4765847601404288,-5.647695181114524,miscanthus_sinensis_ssp_transmorrisonensis_6wks vs control_15wks,FALSE
1154,-2.4662720633388027,21.446812072323794,-1.0721282840697532,0.3226105480850138,0.4765847601404288,-5.6485220739407,miscanthus_sinensis_ssp_transmorrisonensis_6wks vs control_15wks,FALSE
2477,1.1061612943635275,21.37655645852469,1.0715362893515878,0.3228570987531378,0.4765847601404288,-5.649116577212726,miscanthus_sinensis_ssp_transmorrisonensis_6wks vs control_15wks,FALSE
5352,-1.6083165893534854,18.505998525685193,-1.071372831855577,0.32292520163910926,0.4765847601404288,-5.649280687964582,miscanthus_sinensis_ssp_transmorrisonensis_6wks vs control_15wks,FALSE
7373,-1.1846272158219442,18.466369177471346,-1.071249721001078,0.32297650223122776,0.4765847601404288,-5.6494042795732105,miscanthus_sinensis_ssp_transmorrisonensis_6wks vs control_15wks,FALSE
2200,1.7303766735500012,21.541320890445427,1.070917437220011,0.32311499880381717,0.4765847601404288,-5.649737812646361,miscanthus_sinensis_ssp_transmorrisonensis_6wks vs control_15wks,FALSE
4801,1.3375670892317224,18.41821702375084,1.0684816807832875,0.3241317031653446,0.47779267531877523,-5.652180572912355,miscanthus_sinensis_ssp_transmorrisonensis_6wks vs control_15wks,FALSE
1873,-1.8963580460538942,21.740808088492884,-1.0675148952366855,0.3245359677349584,0.47809688905345094,-5.6531490861230065,miscanthus_sinensis_ssp_transmorrisonensis_6wks vs control_15wks,FALSE
16,0.546628728245846,20.894267095318718,1.0662336460333088,0.32507235757187924,0.47859525648608187,-5.654431702097956,miscanthus_sinensis_ssp_transmorrisonensis_6wks vs control_15wks,FALSE
3267,1.5434479012248943,19.790087485092098,1.0653727291478943,0.3254331813203556,0.4788346930998655,-5.655292945839251,miscanthus_sinensis_ssp_transmorrisonensis_6wks vs control_15wks,FALSE
1310,2.0956153662838766,20.051942677168395,1.0625986485546797,0.3265980542412912,0.480256177143615,-5.658064839814384,miscanthus_sinensis_ssp_transmorrisonensis_6wks vs control_15wks,FALSE
1153,-2.4804673353463436,20.078598555121335,-1.0606828866761349,0.3274044804217168,0.4809397180737939,-5.6599761994122,miscanthus_sinensis_ssp_transmorrisonensis_6wks vs control_15wks,FALSE
109,0.6746539908482703,26.14537672774877,1.0605487019882647,0.32746102493021145,0.4809397180737939,-5.660109987058537,miscanthus_sinensis_ssp_transmorrisonensis_6wks vs control_15wks,FALSE
8769,-1.113116574127062,18.123276030261994,-1.0561403195687231,0.32932309001584514,0.4832927764383758,-5.664498854022529,miscanthus_sinensis_ssp_transmorrisonensis_6wks vs control_15wks,FALSE
5024,0.7097712550203781,17.785038607870774,1.055809321164534,0.32946324618957157,0.4832927764383758,-5.664827879330628,miscanthus_sinensis_ssp_transmorrisonensis_6wks vs control_15wks,FALSE
1897,1.0136830427346695,17.954470658016422,1.0537973298039573,0.33031623091510426,0.4842500084289393,-5.666826347631019,miscanthus_sinensis_ssp_transmorrisonensis_6wks vs control_15wks,FALSE
1129,2.1338184646636726,22.102988137344724,1.0529578446167076,0.3306726583634555,0.4844785582814484,-5.667659412933374,miscanthus_sinensis_ssp_transmorrisonensis_6wks vs control_15wks,FALSE
1944,0.5836081731982539,23.925251409735843,1.052398668414825,0.3309102449645251,0.4845328192935107,-5.6682140585611425,miscanthus_sinensis_ssp_transmorrisonensis_6wks vs control_15wks,FALSE
1689,0.9287122455146672,21.981985482389263,1.048433489376279,0.332598953291782,0.48671052159475797,-5.672141266349068,miscanthus_sinensis_ssp_transmorrisonensis_6wks vs control_15wks,FALSE
1722,-1.3588010369141763,21.975279857588013,-1.0473273713023536,0.3330712696548812,0.4869891408293335,-5.673234961083986,miscanthus_sinensis_ssp_transmorrisonensis_6wks vs control_15wks,FALSE
2077,1.9041873386214831,21.758508921446456,1.0465814783539507,0.3333900736456574,0.4869891408293335,-5.673972024762984,miscanthus_sinensis_ssp_transmorrisonensis_6wks vs control_15wks,FALSE
1507,-1.1962717513325352,18.700828768132773,-1.0465721649861515,0.3333940558492208,0.4869891408293335,-5.673981225584988,miscanthus_sinensis_ssp_transmorrisonensis_6wks vs control_15wks,FALSE
7290,-0.8664675437294527,17.929060899143,-1.0457480667191161,0.33374657495856974,0.4872095015709393,-5.674795140291764,miscanthus_sinensis_ssp_transmorrisonensis_6wks vs control_15wks,FALSE
10510,-1.0130927036015862,17.927111756327495,-1.0444868245025096,0.3342866694343159,0.48770325685586186,-5.676039935262455,miscanthus_sinensis_ssp_transmorrisonensis_6wks vs control_15wks,FALSE
2022,0.684181262575219,22.746173096527848,1.0431007126327856,0.33488104729547097,0.48827556443322745,-5.677406767722951,miscanthus_sinensis_ssp_transmorrisonensis_6wks vs control_15wks,FALSE
1750,-2.1277935899155906,19.065221936581086,-1.0419542274438354,0.33537331311684343,0.4885283060989281,-5.678536352713781,miscanthus_sinensis_ssp_transmorrisonensis_6wks vs control_15wks,FALSE
2561,-1.3286395312237076,18.263170234544265,-1.0417552676940585,0.3354587995935934,0.4885283060989281,-5.678732291611892,miscanthus_sinensis_ssp_transmorrisonensis_6wks vs control_15wks,FALSE
1720,0.5721755441328611,23.012704655910103,1.0393839215934295,0.33647903818786895,0.48971888931439245,-5.681065626574246,miscanthus_sinensis_ssp_transmorrisonensis_6wks vs control_15wks,FALSE
738,0.9233959728366727,18.25038865177841,1.0380874852529771,0.337037864713671,0.490236894128976,-5.682339714522528,miscanthus_sinensis_ssp_transmorrisonensis_6wks vs control_15wks,FALSE
3167,-0.8333166381087871,18.36926582523201,-1.036674377456098,0.337647830547526,0.49056945205080116,-5.683727198469789,miscanthus_sinensis_ssp_transmorrisonensis_6wks vs control_15wks,FALSE
97,0.7342633457538597,18.5075550610495,1.0366170400782382,0.33767259882470296,0.49056945205080116,-5.683783468286085,miscanthus_sinensis_ssp_transmorrisonensis_6wks vs control_15wks,FALSE
3740,-1.2150635912619947,17.75653635849176,-1.0342144350622824,0.3387117730017731,0.4917834396468051,-5.6861393834876734,miscanthus_sinensis_ssp_transmorrisonensis_6wks vs control_15wks,FALSE
2937,-1.0653502761275284,17.709973301455157,-1.0317540740875553,0.3397785820112171,0.49303606855201226,-5.688547966366046,miscanthus_sinensis_ssp_transmorrisonensis_6wks vs control_15wks,FALSE
2515,1.5600533759669943,20.275588611608132,1.031181244827091,0.3400273456421045,0.49310088059503276,-5.689108163504806,miscanthus_sinensis_ssp_transmorrisonensis_6wks vs control_15wks,FALSE
20622,0.5198150580264063,17.610060371742076,1.030195281993358,0.34045586286650725,0.49326962743926833,-5.690071872677167,miscanthus_sinensis_ssp_transmorrisonensis_6wks vs control_15wks,FALSE
6608,-1.552571295856513,18.757853589696026,-1.0295982851708487,0.3407155383628909,0.49326962743926833,-5.690655080526303,miscanthus_sinensis_ssp_transmorrisonensis_6wks vs control_15wks,FALSE
5651,-1.0587586174334227,17.67899981880389,-1.029504808993848,0.3407562120017131,0.49326962743926833,-5.690746376173279,miscanthus_sinensis_ssp_transmorrisonensis_6wks vs control_15wks,FALSE
4488,0.5129573713650437,21.087222989811416,1.028149708169927,0.3413462838017284,0.4938279171646562,-5.692069212390917,miscanthus_sinensis_ssp_transmorrisonensis_6wks vs control_15wks,FALSE
4664,-1.749227441774451,18.617570642343637,-1.0258654516494035,0.34234279982744403,0.49497319232980536,-5.694296308161317,miscanthus_sinensis_ssp_transmorrisonensis_6wks vs control_15wks,FALSE
9408,1.019784742369314,18.39485748680785,1.0249346530479797,0.3427495300250806,0.4952648711367193,-5.6952028148554685,miscanthus_sinensis_ssp_transmorrisonensis_6wks vs control_15wks,FALSE
1366,-2.0588719598737626,19.62521112527531,-1.0237835528238517,0.34325305847756066,0.49569598881158794,-5.69632307194727,miscanthus_sinensis_ssp_transmorrisonensis_6wks vs control_15wks,FALSE
12341,-1.186116696147817,18.06299940549615,-1.0215913809021595,0.3442136169292739,0.49678619982146094,-5.698454050140664,miscanthus_sinensis_ssp_transmorrisonensis_6wks vs control_15wks,FALSE
5232,1.169408757413489,18.14244885543395,1.0191699891771981,0.3452771025692197,0.49783399981066456,-5.700804099421414,miscanthus_sinensis_ssp_transmorrisonensis_6wks vs control_15wks,FALSE
13676,-0.5576466035659777,18.133577844919085,-1.0180364147386716,0.34577587151897654,0.49783399981066456,-5.701902919538286,miscanthus_sinensis_ssp_transmorrisonensis_6wks vs control_15wks,FALSE
1082,0.5522883188425318,23.732485444544746,1.0180033663634236,0.3457904212897398,0.49783399981066456,-5.7019349416989025,miscanthus_sinensis_ssp_transmorrisonensis_6wks vs control_15wks,FALSE
663,-2.1420428915523857,19.348997761087595,-1.0178665473102608,0.34585066198614106,0.49783399981066456,-5.702067504432024,miscanthus_sinensis_ssp_transmorrisonensis_6wks vs control_15wks,FALSE
5471,-1.4040596675916817,19.036794023969723,-1.0175779087652785,0.3459777753779312,0.49783399981066456,-5.702347122310751,miscanthus_sinensis_ssp_transmorrisonensis_6wks vs control_15wks,FALSE
349,-2.7198760447978287,19.200503068395538,-1.0171280555077498,0.3461759601332436,0.49783399981066456,-5.702782804581057,miscanthus_sinensis_ssp_transmorrisonensis_6wks vs control_15wks,FALSE
2617,-0.6958456361814349,18.131321444498045,-1.0156518616744137,0.34682693783009383,0.49847345734533416,-5.704211537376534,miscanthus_sinensis_ssp_transmorrisonensis_6wks vs control_15wks,FALSE
5946,-1.8249293287289525,17.971838699606838,-1.0146721340559588,0.3472595188380424,0.49879845274239626,-5.705158953526338,miscanthus_sinensis_ssp_transmorrisonensis_6wks vs control_15wks,FALSE
1716,-0.5824099924156307,23.79475467917183,-1.011817987380195,0.34852215870447667,0.500314637807496,-5.707915269758748,miscanthus_sinensis_ssp_transmorrisonensis_6wks vs control_15wks,FALSE
4795,0.5185675010270323,20.907601866344088,1.0109364415571434,0.34891287946830757,0.5005780978595196,-5.708765483769214,miscanthus_sinensis_ssp_transmorrisonensis_6wks vs control_15wks,FALSE
3015,1.4808197986782083,19.3083622912877,1.0095439365590337,0.34953077640336483,0.5010369342607749,-5.710107422139043,miscanthus_sinensis_ssp_transmorrisonensis_6wks vs control_15wks,FALSE
5961,-1.1769188625119469,19.21840614643535,-1.0092811878653847,0.3496474632299944,0.5010369342607749,-5.710360481848895,miscanthus_sinensis_ssp_transmorrisonensis_6wks vs control_15wks,FALSE
4407,-1.6286137892934427,18.102006706077052,-1.0085703159158879,0.34996331656648777,0.5011017457739952,-5.711044904859828,miscanthus_sinensis_ssp_transmorrisonensis_6wks vs control_15wks,FALSE
2481,1.0350662773119907,18.675829450094845,1.0081975932034304,0.3501290143597715,0.5011017457739952,-5.7114036226203755,miscanthus_sinensis_ssp_transmorrisonensis_6wks vs control_15wks,FALSE
3731,1.4810614542796046,20.102617202546778,1.0077795792272737,0.3503149207832276,0.5011017457739952,-5.711805817410171,miscanthus_sinensis_ssp_transmorrisonensis_6wks vs control_15wks,FALSE
797,1.5506157524144015,18.279311935773574,1.0054632719411072,0.3513464860074474,0.5022799468603508,-5.714032310670814,miscanthus_sinensis_ssp_transmorrisonensis_6wks vs control_15wks,FALSE
1071,-2.3837726021404393,19.102505450105696,-1.0047672511845884,0.35165692737877696,0.5023008251606077,-5.714700628797148,miscanthus_sinensis_ssp_transmorrisonensis_6wks vs control_15wks,FALSE
1577,-0.5827367150898048,22.866150497240294,-1.0044983930800442,0.35177690238896864,0.5023008251606077,-5.714958697442344,miscanthus_sinensis_ssp_transmorrisonensis_6wks vs control_15wks,FALSE
9136,-0.7186301656333853,18.07476479273759,-1.00374638921411,0.3521126478279601,0.5024832588023341,-5.715680260777925,miscanthus_sinensis_ssp_transmorrisonensis_6wks vs control_15wks,FALSE
1526,0.7367449262709904,23.74316730366142,0.9995356248273554,0.3539972990286847,0.5048745421802256,-5.719713430008454,miscanthus_sinensis_ssp_transmorrisonensis_6wks vs control_15wks,FALSE
5379,0.7806307585567787,21.37867657259383,0.9989405604467142,0.3542642784696199,0.5049572252404729,-5.720282416882915,miscanthus_sinensis_ssp_transmorrisonensis_6wks vs control_15wks,FALSE
1169,1.907324838487078,19.162698927578827,0.99814563995528,0.35462117238618707,0.5051678965123986,-5.721042122325973,miscanthus_sinensis_ssp_transmorrisonensis_6wks vs control_15wks,FALSE
5960,0.8366013286456493,17.535563295979305,0.9970508243814322,0.3551131736246315,0.5055706702870417,-5.722087726782805,miscanthus_sinensis_ssp_transmorrisonensis_6wks vs control_15wks,FALSE
8215,0.7796791763724471,18.452997299886032,0.9956562681236975,0.35574065471025196,0.5061657372084621,-5.723418405031236,miscanthus_sinensis_ssp_transmorrisonensis_6wks vs control_15wks,FALSE
2144,0.5160274767960651,21.89586351190576,0.994085218246118,0.3564485947673077,0.5068745173383258,-5.724915888321296,miscanthus_sinensis_ssp_transmorrisonensis_6wks vs control_15wks,FALSE
1829,-1.5484856065460662,20.876506937723835,-0.9923931967064517,0.3572122861534186,0.5073573283871128,-5.726526774682439,miscanthus_sinensis_ssp_transmorrisonensis_6wks vs control_15wks,FALSE
520,-1.2421212633046608,21.189118643393517,-0.991943299816909,0.35741556285919407,0.5073573283871128,-5.726954765587079,miscanthus_sinensis_ssp_transmorrisonensis_6wks vs control_15wks,FALSE
7842,0.5080967474304607,18.39861951910293,0.9919376461569003,0.35741811792833855,0.5073573283871128,-5.726960143074214,miscanthus_sinensis_ssp_transmorrisonensis_6wks vs control_15wks,FALSE
406,-0.5424767998780773,24.046455277849827,-0.9914414482923459,0.35764242149785075,0.5073776220427525,-5.727432016352539,miscanthus_sinensis_ssp_transmorrisonensis_6wks vs control_15wks,FALSE
5660,1.1637348141070767,17.62348891775145,0.9893141368386495,0.35860531519313166,0.5084450947808721,-5.729453112453461,miscanthus_sinensis_ssp_transmorrisonensis_6wks vs control_15wks,FALSE
12497,0.5152427072702395,17.309148973085712,0.983781970195943,0.36111888998997227,0.5117086441148229,-5.734694366693507,miscanthus_sinensis_ssp_transmorrisonensis_6wks vs control_15wks,FALSE
1352,2.061190457620473,19.71671727798149,0.978886926293815,0.3633544723342868,0.514574680632847,-5.73931422993888,miscanthus_sinensis_ssp_transmorrisonensis_6wks vs control_15wks,FALSE
6278,-2.042426104046605,18.331591652082533,-0.9768530579593013,0.36428652157663227,0.5150900696773676,-5.741228835778983,miscanthus_sinensis_ssp_transmorrisonensis_6wks vs control_15wks,FALSE
3388,0.6474643756244731,18.166663977335734,0.976746839351188,0.3643352490141785,0.5150900696773676,-5.741328746274739,miscanthus_sinensis_ssp_transmorrisonensis_6wks vs control_15wks,FALSE
1660,-1.7934011640257737,18.485075545298983,-0.9749248381557315,0.3651718782631914,0.5150900696773676,-5.743041310072301,miscanthus_sinensis_ssp_transmorrisonensis_6wks vs control_15wks,FALSE
4413,-1.3990791589604683,20.345378342854794,-0.9743937562431964,0.3654160230930038,0.5150900696773676,-5.743540054170274,miscanthus_sinensis_ssp_transmorrisonensis_6wks vs control_15wks,FALSE
6018,-0.8156925819822973,18.268835398703295,-0.9741998600659142,0.3655051912382132,0.5150900696773676,-5.743722094535812,miscanthus_sinensis_ssp_transmorrisonensis_6wks vs control_15wks,FALSE
754,-1.517602192707887,19.005365281826634,-0.9740348554301715,0.36558108622406493,0.5150900696773676,-5.743876989125724,miscanthus_sinensis_ssp_transmorrisonensis_6wks vs control_15wks,FALSE
4120,0.8399429252953006,19.892207583360406,0.9737922621237738,0.3656926909449907,0.5150900696773676,-5.744104683672557,miscanthus_sinensis_ssp_transmorrisonensis_6wks vs control_15wks,FALSE
115,1.3566513655743648,21.036574982811768,0.9732021873728938,0.36596426488385253,0.5150900696773676,-5.7446583464882535,miscanthus_sinensis_ssp_transmorrisonensis_6wks vs control_15wks,FALSE
2875,-1.572051067113378,18.76896406483389,-0.972972413388835,0.3660700577625332,0.5150900696773676,-5.744873875476045,miscanthus_sinensis_ssp_transmorrisonensis_6wks vs control_15wks,FALSE
1015,1.0151414062069684,22.89876304155399,0.9722239260989762,0.3664148426199547,0.5150900696773676,-5.745575702114964,miscanthus_sinensis_ssp_transmorrisonensis_6wks vs control_15wks,FALSE
7862,0.6974577104773445,18.58131276763563,0.9722236729746215,0.366414959262493,0.5150900696773676,-5.745575939392849,miscanthus_sinensis_ssp_transmorrisonensis_6wks vs control_15wks,FALSE
1443,-0.5966744637656625,22.8444650551407,-0.9721675791985404,0.3664408086162968,0.5150900696773676,-5.745628520389354,miscanthus_sinensis_ssp_transmorrisonensis_6wks vs control_15wks,FALSE
11410,-0.5785673965597056,19.0198104479317,-0.9718612936754599,0.3665819773615813,0.5150900696773676,-5.745915586205985,miscanthus_sinensis_ssp_transmorrisonensis_6wks vs control_15wks,FALSE
12100,-0.7137249055747965,18.40171773287157,-0.9714575792533764,0.3667681163373358,0.5150900696773676,-5.746293866206237,miscanthus_sinensis_ssp_transmorrisonensis_6wks vs control_15wks,FALSE
9689,0.542851124650543,19.48396737029393,0.9708640740330634,0.3670418949849995,0.5150900696773676,-5.7468497714408,miscanthus_sinensis_ssp_transmorrisonensis_6wks vs control_15wks,FALSE
717,0.5042634234811949,23.470345538959496,0.9706740296702728,0.3671295943644151,0.5150900696773676,-5.747027723545271,miscanthus_sinensis_ssp_transmorrisonensis_6wks vs control_15wks,FALSE
588,-2.5614464470067198,22.122498168134722,-0.9699440536080455,0.367466606533743,0.515263680432689,-5.7477110153997195,miscanthus_sinensis_ssp_transmorrisonensis_6wks vs control_15wks,FALSE
4705,1.5424289635867865,18.67239814693916,0.9689944490361484,0.3679053759705534,0.5155796916153463,-5.748599327039794,miscanthus_sinensis_ssp_transmorrisonensis_6wks vs control_15wks,FALSE
776,2.247865242070578,23.199058642408453,0.9676169468566292,0.3685425815621358,0.5161732620603595,-5.74988678507347,miscanthus_sinensis_ssp_transmorrisonensis_6wks vs control_15wks,FALSE
515,0.8059389830967376,23.726862067001317,0.9666257748590753,0.36900160871729265,0.5165167361882845,-5.750812336326691,miscanthus_sinensis_ssp_transmorrisonensis_6wks vs control_15wks,FALSE
6504,0.8677162847305127,20.203447209351964,0.9650029366016281,0.36975412888550757,0.5169152401060622,-5.752326232463636,miscanthus_sinensis_ssp_transmorrisonensis_6wks vs control_15wks,FALSE
943,0.6955153375895264,18.870408490707856,0.9649600231388925,0.3697740442797357,0.5169152401060622,-5.752366239792208,miscanthus_sinensis_ssp_transmorrisonensis_6wks vs control_15wks,FALSE
9320,0.6369144197793162,17.597231606219847,0.9646279830942133,0.3699281664500751,0.5169152401060622,-5.752675749679309,miscanthus_sinensis_ssp_transmorrisonensis_6wks vs control_15wks,FALSE
15438,-0.5700312602484665,18.036882004078986,-0.9603627381937124,0.37191238769728335,0.5193874732234893,-5.756644619869462,miscanthus_sinensis_ssp_transmorrisonensis_6wks vs control_15wks,FALSE
3668,-1.2254132222009346,20.548725112427327,-0.9589963973358512,0.3725497593168171,0.5197059505958135,-5.757913282178287,miscanthus_sinensis_ssp_transmorrisonensis_6wks vs control_15wks,FALSE
6558,-0.5512882489521509,19.458699291075696,-0.9585735081665451,0.3727472001591956,0.5197059505958135,-5.758305669711958,miscanthus_sinensis_ssp_transmorrisonensis_6wks vs control_15wks,FALSE
9145,1.0857455153845308,18.535544115079166,0.9584909245256851,0.3727857667146295,0.5197059505958135,-5.758382281975464,miscanthus_sinensis_ssp_transmorrisonensis_6wks vs control_15wks,FALSE
2712,0.5282337644028559,22.54521130393403,0.9517452816290548,0.3759464100492046,0.5238099923176922,-5.764623706331545,miscanthus_sinensis_ssp_transmorrisonensis_6wks vs control_15wks,FALSE
3451,-1.8915582139736102,19.537646914236916,-0.9505957313271164,0.3764870829795216,0.5240915528090709,-5.765684079322911,miscanthus_sinensis_ssp_transmorrisonensis_6wks vs control_15wks,FALSE
4486,-0.8195172692474664,17.679620670281743,-0.9501069974564129,0.37671713273810237,0.5240915528090709,-5.766134611667578,miscanthus_sinensis_ssp_transmorrisonensis_6wks vs control_15wks,FALSE
3003,1.0568089347738763,18.890097304022646,0.9499325629814244,0.3767992662373163,0.5240915528090709,-5.766295370025819,miscanthus_sinensis_ssp_transmorrisonensis_6wks vs control_15wks,FALSE
2735,-0.9472306305747438,20.852218112483683,-0.9477277940337366,0.3778385837936123,0.5252347632021676,-5.768325392505689,miscanthus_sinensis_ssp_transmorrisonensis_6wks vs control_15wks,FALSE
1418,0.48214767070165365,22.934526712047735,0.9454811338956751,0.3788999163310226,0.5264072443103799,-5.77039038353206,miscanthus_sinensis_ssp_transmorrisonensis_6wks vs control_15wks,FALSE
340,-0.5226229686924135,24.978949567312966,-0.944454843700743,0.3793855023947217,0.5267789504515216,-5.771332474020182,miscanthus_sinensis_ssp_transmorrisonensis_6wks vs control_15wks,FALSE
1440,0.6766876691658368,17.265610890389528,0.9419753482418779,0.38056064030873693,0.5281071263560646,-5.77360540284378,miscanthus_sinensis_ssp_transmorrisonensis_6wks vs control_15wks,FALSE
5101,-0.7314429523007426,17.728857923282586,-0.9397724961536247,0.38160700613533316,0.5292551818731142,-5.775621000788152,miscanthus_sinensis_ssp_transmorrisonensis_6wks vs control_15wks,FALSE
1796,-1.983593749324033,19.619032052937087,-0.9383754978778333,0.3822717290487456,0.5298634574156152,-5.776897422532659,miscanthus_sinensis_ssp_transmorrisonensis_6wks vs control_15wks,FALSE
10042,-1.0290023390047374,18.36067206179856,-0.9379293190785029,0.38248421760464946,0.5298634574156152,-5.77730479244131,miscanthus_sinensis_ssp_transmorrisonensis_6wks vs control_15wks,FALSE
19167,-0.7105585363805993,16.89785782000974,-0.935558909139853,0.3836146199095556,0.5309529811720395,-5.779466594812312,miscanthus_sinensis_ssp_transmorrisonensis_6wks vs control_15wks,FALSE
4751,1.1602006138630188,18.23984310964098,0.9353586728175027,0.3837102256317802,0.5309529811720395,-5.779649022009605,miscanthus_sinensis_ssp_transmorrisonensis_6wks vs control_15wks,FALSE
8955,1.0589397924450772,18.076454011404806,0.9344568246126829,0.38414105187815334,0.5310858481415733,-5.780470297203484,miscanthus_sinensis_ssp_transmorrisonensis_6wks vs control_15wks,FALSE
3629,-0.708006168196988,16.84015080215184,-0.9342374906817539,0.38424588681766153,0.5310858481415733,-5.780669945741723,miscanthus_sinensis_ssp_transmorrisonensis_6wks vs control_15wks,FALSE
2340,0.5098540300012147,22.049958980803066,0.9315730432161689,0.38552115760858435,0.5325296640520296,-5.783092452936518,miscanthus_sinensis_ssp_transmorrisonensis_6wks vs control_15wks,FALSE
2018,0.5205267265888338,24.00922652902456,0.9311345558611165,0.3857313377860314,0.5325296640520296,-5.783490627229013,miscanthus_sinensis_ssp_transmorrisonensis_6wks vs control_15wks,FALSE
2620,1.716782642506324,21.091243348314872,0.9260724646511664,0.3881640809388014,0.5354892362366621,-5.7880771302260525,miscanthus_sinensis_ssp_transmorrisonensis_6wks vs control_15wks,FALSE
596,-1.1621080414876417,22.92329081064755,-0.9257522674739127,0.38831835342989734,0.5354892362366621,-5.788366612380451,miscanthus_sinensis_ssp_transmorrisonensis_6wks vs control_15wks,FALSE
1315,0.48408081152330595,22.59675557074021,0.925247416581652,0.38856168768641985,0.5355191314605763,-5.788822882214662,miscanthus_sinensis_ssp_transmorrisonensis_6wks vs control_15wks,FALSE
4633,0.9137590153501876,18.929262129327853,0.9204466808821061,0.3908814004603531,0.5382526787153785,-5.793152274487562,miscanthus_sinensis_ssp_transmorrisonensis_6wks vs control_15wks,FALSE
5820,-1.3861728844702483,19.43853732898389,-0.9202210838386617,0.3909906668648549,0.5382526787153785,-5.793355303992162,miscanthus_sinensis_ssp_transmorrisonensis_6wks vs control_15wks,FALSE
139,-0.6676508936840229,26.689354695972327,-0.9192268052159007,0.3914725150740885,0.5386091095780169,-5.794249672222859,miscanthus_sinensis_ssp_transmorrisonensis_6wks vs control_15wks,FALSE
4470,0.9202464007011173,18.263617654564715,0.9182786275227955,0.39193244106026115,0.5389349900976613,-5.79510189125923,miscanthus_sinensis_ssp_transmorrisonensis_6wks vs control_15wks,FALSE
3774,0.4807198998123354,21.60347015782944,0.917171843904597,0.39246981870502173,0.5393669408369355,-5.79609582340468,miscanthus_sinensis_ssp_transmorrisonensis_6wks vs control_15wks,FALSE
1792,0.5141430597134047,24.189964141108327,0.9164184676110626,0.39283592524228483,0.5395631582634225,-5.796771863994303,miscanthus_sinensis_ssp_transmorrisonensis_6wks vs control_15wks,FALSE
3150,-0.5666374117617572,22.00314371680388,-0.9138365456498518,0.39409258255995405,0.5409816360595733,-5.799085553548671,miscanthus_sinensis_ssp_transmorrisonensis_6wks vs control_15wks,FALSE
4309,-0.7089884689400421,17.710687340557474,-0.9101376390070791,0.39589818328701687,0.5429000350678218,-5.802391554959032,miscanthus_sinensis_ssp_transmorrisonensis_6wks vs control_15wks,FALSE
300,2.054819066052623,24.623307026419425,0.9100531226315184,0.39593951233009195,0.5429000350678218,-5.802466974822383,miscanthus_sinensis_ssp_transmorrisonensis_6wks vs control_15wks,FALSE
2490,-0.974144504100547,18.12836801381486,-0.9068498136203781,0.3975083504596555,0.5447420162850413,-5.80532158311878,miscanthus_sinensis_ssp_transmorrisonensis_6wks vs control_15wks,FALSE
7390,0.712993736553095,17.56002617819164,0.9055743949870981,0.3981342954351434,0.5452905089406499,-5.806456030955401,miscanthus_sinensis_ssp_transmorrisonensis_6wks vs control_15wks,FALSE
6495,0.6964067652614254,19.757532547869012,0.902650602533873,0.39957202125200586,0.5464540700476136,-5.809052064287758,miscanthus_sinensis_ssp_transmorrisonensis_6wks vs control_15wks,FALSE
7786,0.8338815567969959,18.487476845404526,0.9025640215967518,0.39961465538600544,0.5464540700476136,-5.809128841770794,miscanthus_sinensis_ssp_transmorrisonensis_6wks vs control_15wks,FALSE
5170,-1.121041660890814,18.45661152477284,-0.9024670845630088,0.39966239311843266,0.5464540700476136,-5.809214796069723,miscanthus_sinensis_ssp_transmorrisonensis_6wks vs control_15wks,FALSE
5016,0.8217695842840627,21.443734643554144,0.8997678119399803,0.40099340101289743,0.5477133703917928,-5.811605414177047,miscanthus_sinensis_ssp_transmorrisonensis_6wks vs control_15wks,FALSE
4806,1.1308982863516732,18.71265292110797,0.8996798760413678,0.40103681797312973,0.5477133703917928,-5.8116832027594825,miscanthus_sinensis_ssp_transmorrisonensis_6wks vs control_15wks,FALSE
20687,-0.46214328696754237,16.80844879126961,-0.8940312669792535,0.403833118533514,0.5506182800113294,-5.8166677895302765,miscanthus_sinensis_ssp_transmorrisonensis_6wks vs control_15wks,FALSE
23634,-0.5627661887303574,17.583165416817074,-0.8940166788713118,0.4038403591055371,0.5506182800113294,-5.816680631566018,miscanthus_sinensis_ssp_transmorrisonensis_6wks vs control_15wks,FALSE
7304,-1.5687409172067817,18.72279779876357,-0.8940022649472081,0.40384751331956775,0.5506182800113294,-5.816693320108279,miscanthus_sinensis_ssp_transmorrisonensis_6wks vs control_15wks,FALSE
3529,0.7914302830049635,17.48435048565843,0.8927990349815046,0.4044450592309039,0.5511219758047737,-5.817751966693215,miscanthus_sinensis_ssp_transmorrisonensis_6wks vs control_15wks,FALSE
5899,0.9112348632274667,18.136933280639425,0.8894613626823529,0.4061060652059256,0.5524770807419743,-5.820682838599661,miscanthus_sinensis_ssp_transmorrisonensis_6wks vs control_15wks,FALSE
624,-0.5888130673864573,23.809026065527767,-0.8893118734739611,0.4061805780251503,0.5524770807419743,-5.8208139102664695,miscanthus_sinensis_ssp_transmorrisonensis_6wks vs control_15wks,FALSE
3170,0.451752580307236,22.50978608836386,0.889023342471611,0.406324424986879,0.5524770807419743,-5.821066845387309,miscanthus_sinensis_ssp_transmorrisonensis_6wks vs control_15wks,FALSE
6863,0.839037722107058,18.029892192979567,0.888963607710387,0.4063542104629505,0.5524770807419743,-5.821119202815478,miscanthus_sinensis_ssp_transmorrisonensis_6wks vs control_15wks,FALSE
5532,0.5843714038442158,21.53047892850411,0.8882774236233958,0.4066964784219864,0.5526314352460737,-5.821720447843722,miscanthus_sinensis_ssp_transmorrisonensis_6wks vs control_15wks,FALSE
3873,1.3851244647397216,17.986045132740124,0.88646497500016,0.4076015592155981,0.5535499533810483,-5.823306822845283,miscanthus_sinensis_ssp_transmorrisonensis_6wks vs control_15wks,FALSE
936,1.0960308629703164,21.636370477571084,0.8854135629402282,0.40812728886960714,0.5539525448926802,-5.824225943283301,miscanthus_sinensis_ssp_transmorrisonensis_6wks vs control_15wks,FALSE
1625,1.699941305363911,21.712387998029257,0.8820666055228554,0.40980420164346354,0.5557346708510168,-5.827146169350576,miscanthus_sinensis_ssp_transmorrisonensis_6wks vs control_15wks,FALSE
1279,1.4793293671225634,23.123325931077915,0.8818750626117218,0.4099003242783576,0.5557346708510168,-5.827313032344013,miscanthus_sinensis_ssp_transmorrisonensis_6wks vs control_15wks,FALSE
4558,-0.9987905114594966,18.646366083716423,-0.8810478800289532,0.4103156244294501,0.5559857255308757,-5.828033312299362,miscanthus_sinensis_ssp_transmorrisonensis_6wks vs control_15wks,FALSE
7125,-0.8836442114470273,17.74841324309131,-0.879770788363465,0.4109574217977024,0.5565432349009243,-5.82914432943838,miscanthus_sinensis_ssp_transmorrisonensis_6wks vs control_15wks,FALSE
4080,0.5180619048902031,21.584883779298206,0.8767707995106615,0.4124679823322562,0.5582759917729585,-5.8317492855583755,miscanthus_sinensis_ssp_transmorrisonensis_6wks vs control_15wks,FALSE
3364,-1.3644282336481233,18.154249913190412,-0.8753946029943934,0.4131623019513712,0.5585634944226635,-5.8329419586311,miscanthus_sinensis_ssp_transmorrisonensis_6wks vs control_15wks,FALSE
16088,0.6448452245295933,17.71256396581411,0.8751414349486053,0.41329012460357945,0.5585634944226635,-5.8331612069848,miscanthus_sinensis_ssp_transmorrisonensis_6wks vs control_15wks,FALSE
12,-0.5405036515878763,24.471171840962835,-0.8749753870458108,0.4133739768326665,0.5585634944226635,-5.833304980902509,miscanthus_sinensis_ssp_transmorrisonensis_6wks vs control_15wks,FALSE
1869,-1.935511158015089,20.08194189025142,-0.8743007612645531,0.4137147843056547,0.5587115253675025,-5.833888893224908,miscanthus_sinensis_ssp_transmorrisonensis_6wks vs control_15wks,FALSE
3703,1.4864732348953709,18.977584460624907,0.8719461249134635,0.41490592731801224,0.5600071063688925,-5.835924171299678,miscanthus_sinensis_ssp_transmorrisonensis_6wks vs control_15wks,FALSE
4764,0.7074213579261226,20.6532645283926,0.8706050867013543,0.4155854510951767,0.5606110831077313,-5.837081417244372,miscanthus_sinensis_ssp_transmorrisonensis_6wks vs control_15wks,FALSE
14177,0.5383137729504703,17.74968425074194,0.8696597142788244,0.4160649784684799,0.5609447477566113,-5.837896391105073,miscanthus_sinensis_ssp_transmorrisonensis_6wks vs control_15wks,FALSE
1715,0.44699553467762954,23.835687753138703,0.8663680235028223,0.4177378268570953,0.5628859953634926,-5.840728662898669,miscanthus_sinensis_ssp_transmorrisonensis_6wks vs control_15wks,FALSE
8767,0.5181791761356358,18.31377234345879,0.8648608063592464,0.41850545026613317,0.5636060021421281,-5.842022721928975,miscanthus_sinensis_ssp_transmorrisonensis_6wks vs control_15wks,FALSE
4973,1.0936025558878875,18.684146533393445,0.8632540693333735,0.41932490071018824,0.5643949638528216,-5.843400288096117,miscanthus_sinensis_ssp_transmorrisonensis_6wks vs control_15wks,FALSE
10486,0.9220172579001904,17.899657925697866,0.8625137001687122,0.41970289221729085,0.5645891913123467,-5.844034383632319,miscanthus_sinensis_ssp_transmorrisonensis_6wks vs control_15wks,FALSE
2955,0.5830916921409468,21.611881252898,0.8612118223009672,0.42036816565509977,0.5651694425279472,-5.8451483560377735,miscanthus_sinensis_ssp_transmorrisonensis_6wks vs control_15wks,FALSE
2286,-1.3891071036782883,21.28169308595804,-0.8606914207889377,0.42063431274474816,0.565212736146447,-5.8455932774453885,miscanthus_sinensis_ssp_transmorrisonensis_6wks vs control_15wks,FALSE
6338,-0.7063144137757611,19.631384990216503,-0.8596666060288193,0.42115879142218476,0.5653487587269416,-5.84646883533015,miscanthus_sinensis_ssp_transmorrisonensis_6wks vs control_15wks,FALSE
11082,-0.8643843615264295,18.364460412946954,-0.85922938747398,0.4213826965478868,0.5653487587269416,-5.846842127509289,miscanthus_sinensis_ssp_transmorrisonensis_6wks vs control_15wks,FALSE
5876,-0.7236050941252685,19.31023079809474,-0.85912230646476,0.42143754737881695,0.5653487587269416,-5.846933529363448,miscanthus_sinensis_ssp_transmorrisonensis_6wks vs control_15wks,FALSE
6083,-1.2314243386267663,18.710174358947977,-0.8558765498745188,0.4231026261256673,0.5672062488955094,-5.849699792177894,miscanthus_sinensis_ssp_transmorrisonensis_6wks vs control_15wks,FALSE
13471,0.6361380721121428,17.698273444317053,0.8553942156055021,0.4233504746801411,0.5672062488955094,-5.8501101702368805,miscanthus_sinensis_ssp_transmorrisonensis_6wks vs control_15wks,FALSE
1265,0.8723889431176417,17.972420162658885,0.8550517413634303,0.42352652028456084,0.5672062488955094,-5.850401442765475,miscanthus_sinensis_ssp_transmorrisonensis_6wks vs control_15wks,FALSE
232,0.9085769932403416,17.592538567741286,0.8525170608944261,0.42483111209858715,0.5685902615594024,-5.85255432530466,miscanthus_sinensis_ssp_transmorrisonensis_6wks vs control_15wks,FALSE
163,-0.9018511111145138,24.171887731226885,-0.8521299122874013,0.42503063426170556,0.5685902615594024,-5.852882715436292,miscanthus_sinensis_ssp_transmorrisonensis_6wks vs control_15wks,FALSE
1316,1.046825055898168,17.72139933612751,0.8511433376351002,0.42553938770856703,0.5686694709582626,-5.853719024628675,miscanthus_sinensis_ssp_transmorrisonensis_6wks vs control_15wks,FALSE
4155,-0.8474280715633107,21.737027425311528,-0.8511022263503517,0.4255605974720773,0.5686694709582626,-5.853753857693247,miscanthus_sinensis_ssp_transmorrisonensis_6wks vs control_15wks,FALSE
7226,1.13537360042314,18.49066324007391,0.8499423268168136,0.4261593201128579,0.5691547359826781,-5.854736079719276,miscanthus_sinensis_ssp_transmorrisonensis_6wks vs control_15wks,FALSE
13155,-0.5910995156481924,18.37327311793087,-0.8490141019207791,0.42663889785990367,0.5694804294085787,-5.855521355743609,miscanthus_sinensis_ssp_transmorrisonensis_6wks vs control_15wks,FALSE
3467,-1.1994633534821943,18.858762210115287,-0.8473830680784243,0.42748254164812516,0.5702914525797186,-5.856899567806128,miscanthus_sinensis_ssp_transmorrisonensis_6wks vs control_15wks,FALSE
9033,-1.2442655844582902,18.040167146986263,-0.8455733141406725,0.42842004745605583,0.5705815061341296,-5.858426349705286,miscanthus_sinensis_ssp_transmorrisonensis_6wks vs control_15wks,FALSE
2042,1.2733274310074592,21.938830016728712,0.8454839607625492,0.4284663738290438,0.5705815061341296,-5.858501665084939,miscanthus_sinensis_ssp_transmorrisonensis_6wks vs control_15wks,FALSE
3596,-1.5178242749847257,18.698307810858374,-0.8452499121070082,0.4285877365312096,0.5705815061341296,-5.8586989133751795,miscanthus_sinensis_ssp_transmorrisonensis_6wks vs control_15wks,FALSE
7194,-1.0315222617845485,19.134755443355388,-0.8451402032853051,0.42864463312642603,0.5705815061341296,-5.858791357412189,miscanthus_sinensis_ssp_transmorrisonensis_6wks vs control_15wks,FALSE
4288,0.4602732463368291,21.25309865067679,0.8439798462998657,0.42924674719533207,0.5708754180682796,-5.859768529578432,miscanthus_sinensis_ssp_transmorrisonensis_6wks vs control_15wks,FALSE
3525,1.5586315933959654,18.612544679178047,0.8438040714887176,0.4293380110223775,0.5708754180682796,-5.859916462398012,miscanthus_sinensis_ssp_transmorrisonensis_6wks vs control_15wks,FALSE
1452,-0.8204161172681808,22.5250356377453,-0.8389757815544318,0.43185040934981234,0.5739002139654272,-5.863970436091609,miscanthus_sinensis_ssp_transmorrisonensis_6wks vs control_15wks,FALSE
1285,-1.2946797417988485,19.868301506907855,-0.8383839852612177,0.432159081362806,0.5739946897045296,-5.8644660577710965,miscanthus_sinensis_ssp_transmorrisonensis_6wks vs control_15wks,FALSE
8,0.4359473510877159,21.080501248571284,0.8357655179288553,0.43352674994125473,0.5754044889113031,-5.866655660255175,miscanthus_sinensis_ssp_transmorrisonensis_6wks vs control_15wks,FALSE
6236,-1.2183789094117259,18.28796081514169,-0.8350159759959954,0.43391882323555586,0.5754044889113031,-5.8672814376408295,miscanthus_sinensis_ssp_transmorrisonensis_6wks vs control_15wks,FALSE
830,0.4838999252153364,25.079842740548745,0.834985045880372,0.4339350077799645,0.5754044889113031,-5.867307250986856,miscanthus_sinensis_ssp_transmorrisonensis_6wks vs control_15wks,FALSE
3098,-0.9736947646292258,22.101503202068823,-0.833667637374681,0.43462476184717347,0.576002975657033,-5.868406015152137,miscanthus_sinensis_ssp_transmorrisonensis_6wks vs control_15wks,FALSE
1317,-0.8169322063293123,17.68523415147666,-0.8320126886618612,0.4354923620019403,0.5768363742306402,-5.869784344401394,miscanthus_sinensis_ssp_transmorrisonensis_6wks vs control_15wks,FALSE
8549,0.934023943869839,18.005805278627264,0.8298203690738203,0.4366435976658902,0.5780443462798854,-5.871606867752686,miscanthus_sinensis_ssp_transmorrisonensis_6wks vs control_15wks,FALSE
1155,-1.6220178434875905,18.80887374247783,-0.8267171332286585,0.43827691760714527,0.5798888460782382,-5.874180103075239,miscanthus_sinensis_ssp_transmorrisonensis_6wks vs control_15wks,FALSE
10411,0.8377200655591039,18.215104902637247,0.8255969690722892,0.4388675683747141,0.5800640242296534,-5.875107065153205,miscanthus_sinensis_ssp_transmorrisonensis_6wks vs control_15wks,FALSE
5778,-1.1943247184215728,18.84369985168615,-0.8255553934123384,0.43888950177640995,0.5800640242296534,-5.875141450671383,miscanthus_sinensis_ssp_transmorrisonensis_6wks vs control_15wks,FALSE
3960,-0.8770771660256003,18.510318031647515,-0.8247589815798938,0.43930980384316065,0.5803020700301127,-5.875799863125548,miscanthus_sinensis_ssp_transmorrisonensis_6wks vs control_15wks,FALSE
14517,-0.5229100343879018,17.72067469866461,-0.8231218364009533,0.440174705104983,0.5811268237888738,-5.877151734635393,miscanthus_sinensis_ssp_transmorrisonensis_6wks vs control_15wks,FALSE
4762,-1.4165322712298476,19.224465069716363,-0.8166916795274177,0.4435835481153595,0.5849642212567515,-5.8824406154880275,miscanthus_sinensis_ssp_transmorrisonensis_6wks vs control_15wks,FALSE
985,-1.6042093240526363,19.50619278494764,-0.8162983808354742,0.44379265931477463,0.5849642212567515,-5.8827630290124615,miscanthus_sinensis_ssp_transmorrisonensis_6wks vs control_15wks,FALSE
8026,-0.6154581975805797,17.692057474498853,-0.8162700860646864,0.44380770594520924,0.5849642212567515,-5.882786219342387,miscanthus_sinensis_ssp_transmorrisonensis_6wks vs control_15wks,FALSE
14541,-0.5161239119565053,18.280962600259674,-0.8136768518157476,0.44518828478894856,0.5864639564068155,-5.884908886927571,miscanthus_sinensis_ssp_transmorrisonensis_6wks vs control_15wks,FALSE
655,-2.1162937337189938,20.66461365697237,-0.8122440265541232,0.4459523993510307,0.5871504069929646,-5.886079383991662,miscanthus_sinensis_ssp_transmorrisonensis_6wks vs control_15wks,FALSE
1615,-0.6672473861480448,21.82721636291463,-0.8114980345085646,0.44635060041629804,0.5873546027264576,-5.886688139466788,miscanthus_sinensis_ssp_transmorrisonensis_6wks vs control_15wks,FALSE
2681,-1.6449063213397572,19.007692678742973,-0.8098840633035659,0.4472129829992133,0.5881676474400831,-5.888003655154408,miscanthus_sinensis_ssp_transmorrisonensis_6wks vs control_15wks,FALSE
2553,-0.8149707924953553,18.318711240131535,-0.8094308574273713,0.4474553543025135,0.5881676474400831,-5.888372674902396,miscanthus_sinensis_ssp_transmorrisonensis_6wks vs control_15wks,FALSE
8546,-0.5322928545161218,17.278228802764765,-0.8083596123459342,0.44802861948435935,0.5886009487081089,-5.889244267071512,miscanthus_sinensis_ssp_transmorrisonensis_6wks vs control_15wks,FALSE
3456,-0.5470075613671348,17.733968536659273,-0.8076233781771073,0.44842290938906615,0.5887987766760782,-5.889842746329593,miscanthus_sinensis_ssp_transmorrisonensis_6wks vs control_15wks,FALSE
315,-0.4477193510059898,25.002001966975214,-0.806608179212937,0.44896700246898746,0.5889209607630721,-5.890667272556038,miscanthus_sinensis_ssp_transmorrisonensis_6wks vs control_15wks,FALSE
387,-0.47896872685731395,24.430305542329965,-0.8065401470542095,0.44900348084667996,0.5889209607630721,-5.890722497129041,miscanthus_sinensis_ssp_transmorrisonensis_6wks vs control_15wks,FALSE
2837,-0.42953360642935934,22.931924373063058,-0.8057051649808175,0.4494513636732417,0.5891885483638372,-5.891399981072459,miscanthus_sinensis_ssp_transmorrisonensis_6wks vs control_15wks,FALSE
8323,-0.875771126279016,17.924059768013066,-0.8044471318055091,0.4501267679526051,0.5897539432611139,-5.892419648296737,miscanthus_sinensis_ssp_transmorrisonensis_6wks vs control_15wks,FALSE
2706,-1.7023404094797634,20.577127970235832,-0.802989223143284,0.450910378552832,0.5904604198285323,-5.8935997090601955,miscanthus_sinensis_ssp_transmorrisonensis_6wks vs control_15wks,FALSE
492,0.4398181712594358,23.333626991708186,0.7980848315849998,0.4535535152046998,0.5935998335506796,-5.897556706185554,miscanthus_sinensis_ssp_transmorrisonensis_6wks vs control_15wks,FALSE
4634,1.1116367774129046,20.64679201901803,0.797309131141987,0.4539725644650332,0.5937905094023647,-5.898180763539684,miscanthus_sinensis_ssp_transmorrisonensis_6wks vs control_15wks,FALSE
243,-2.557563453174456,21.04950796656893,-0.7969054413167561,0.4541907538806167,0.5937905094023647,-5.8985053406114005,miscanthus_sinensis_ssp_transmorrisonensis_6wks vs control_15wks,FALSE
6580,-0.5221770380398425,20.413964674953927,-0.7950810045897585,0.4551777607810985,0.594494604039186,-5.899970571351615,miscanthus_sinensis_ssp_transmorrisonensis_6wks vs control_15wks,FALSE
6989,-0.753967047085716,20.54370114525126,-0.7950003158449604,0.4552214476293436,0.594494604039186,-5.900035310667132,miscanthus_sinensis_ssp_transmorrisonensis_6wks vs control_15wks,FALSE
1855,0.9491921550777178,18.687914012305296,0.789624615145635,0.4581386252076808,0.5979810472726941,-5.904336384027342,miscanthus_sinensis_ssp_transmorrisonensis_6wks vs control_15wks,FALSE
45,0.7572810965080343,19.66982871833333,0.7878993278074896,0.45907764266182105,0.5988831450707125,-5.905711743123021,miscanthus_sinensis_ssp_transmorrisonensis_6wks vs control_15wks,FALSE
33,0.3970998610224008,28.18491019071604,0.7865885576414384,0.45979195223518565,0.5994912879655739,-5.906755019592908,miscanthus_sinensis_ssp_transmorrisonensis_6wks vs control_15wks,FALSE
7393,-0.9216127964920027,18.862865774015752,-0.7852616310606034,0.46051585783892357,0.6001112796865368,-5.907809712160651,miscanthus_sinensis_ssp_transmorrisonensis_6wks vs control_15wks,FALSE
1531,-1.983542838992694,21.143642707503183,-0.7830087910600293,0.46174671922641863,0.6009104510783673,-5.909597026995176,miscanthus_sinensis_ssp_transmorrisonensis_6wks vs control_15wks,FALSE
4949,-0.8961182888181263,18.097712906971246,-0.7827768586527868,0.46187356803386237,0.6009104510783673,-5.909780794906345,miscanthus_sinensis_ssp_transmorrisonensis_6wks vs control_15wks,FALSE
12225,-0.7091051375978701,17.68829493555826,-0.7827475255219005,0.4618896126839156,0.6009104510783673,-5.909804033371566,miscanthus_sinensis_ssp_transmorrisonensis_6wks vs control_15wks,FALSE
2023,-1.0666769727643874,18.387834466384998,-0.7823190694407145,0.4621240141157311,0.6009104510783673,-5.910143386242352,miscanthus_sinensis_ssp_transmorrisonensis_6wks vs control_15wks,FALSE
5521,0.71102040380487,18.157529689319162,0.7808607499295402,0.4629224588818607,0.6014196970837841,-5.911297290032484,miscanthus_sinensis_ssp_transmorrisonensis_6wks vs control_15wks,FALSE
56,0.7487972949814221,19.660153481469006,0.7804636269095597,0.4631400542094879,0.6014196970837841,-5.9116112108602366,miscanthus_sinensis_ssp_transmorrisonensis_6wks vs control_15wks,FALSE
766,0.6492548995047898,17.507107917086067,0.7800048594505286,0.46339151500544484,0.6014196970837841,-5.911973698189603,miscanthus_sinensis_ssp_transmorrisonensis_6wks vs control_15wks,FALSE
553,-0.5072798749730616,24.587118842876478,-0.7797862513005238,0.46351137250414154,0.6014196970837841,-5.912146366351699,miscanthus_sinensis_ssp_transmorrisonensis_6wks vs control_15wks,FALSE
1797,-0.9916939205712048,20.636064606753703,-0.7789215098511327,0.46398570060220456,0.6017119982044693,-5.912828996074274,miscanthus_sinensis_ssp_transmorrisonensis_6wks vs control_15wks,FALSE
16786,0.5323651822116595,17.592757336501457,0.7784288841588551,0.46425606667542896,0.6017396229011998,-5.913217599102225,miscanthus_sinensis_ssp_transmorrisonensis_6wks vs control_15wks,FALSE
1076,0.43499007685119295,24.546450613238143,0.7769113710367695,0.4650896067196859,0.6024967773912929,-5.914413408768918,miscanthus_sinensis_ssp_transmorrisonensis_6wks vs control_15wks,FALSE
4427,0.5020063890813304,21.648537858284953,0.7758490950915038,0.465673712350947,0.6029301656162316,-5.91524935057313,miscanthus_sinensis_ssp_transmorrisonensis_6wks vs control_15wks,FALSE
4955,1.1249283412660809,19.112265037275563,0.7735343189677222,0.4669482840353246,0.6042565903745818,-5.917067677629587,miscanthus_sinensis_ssp_transmorrisonensis_6wks vs control_15wks,FALSE
3522,-0.614556845861987,18.4470059480464,-0.7719078521051781,0.46784530133626734,0.6050932805291338,-5.918342647889503,miscanthus_sinensis_ssp_transmorrisonensis_6wks vs control_15wks,FALSE
4125,1.1535058572311812,19.003963882681994,0.7710715959213789,0.4683069714908227,0.6051386242301978,-5.918997321830625,miscanthus_sinensis_ssp_transmorrisonensis_6wks vs control_15wks,FALSE
180,-1.570613888499011,19.198375591582053,-0.7709370078244483,0.4683813026947309,0.6051386242301978,-5.919102631356385,miscanthus_sinensis_ssp_transmorrisonensis_6wks vs control_15wks,FALSE
726,-1.5982938278726593,19.441008315353294,-0.7704542486369297,0.4686479912766498,0.6051595654325953,-5.919480245760158,miscanthus_sinensis_ssp_transmorrisonensis_6wks vs control_15wks,FALSE
1455,-1.8221978642559726,19.020903606677912,-0.7695729351265763,0.4691351223250293,0.6054649869323028,-5.920169107678584,miscanthus_sinensis_ssp_transmorrisonensis_6wks vs control_15wks,FALSE
7123,-0.8349702754032222,17.894645383260606,-0.7690553707455903,0.46942136030267745,0.6054941731356354,-5.92057334965989,miscanthus_sinensis_ssp_transmorrisonensis_6wks vs control_15wks,FALSE
3165,0.43484506400596956,21.989256548771063,0.7683433572577796,0.46981533513255513,0.6054941731356354,-5.9211290996802894,miscanthus_sinensis_ssp_transmorrisonensis_6wks vs control_15wks,FALSE
2055,1.4031443292659276,19.290721885917307,0.7681730718125663,0.46990959214789585,0.6054941731356354,-5.9212619502903765,miscanthus_sinensis_ssp_transmorrisonensis_6wks vs control_15wks,FALSE
18617,0.41041649880097,17.674974853205093,0.7657439302360487,0.47125560072892536,0.6069048674632642,-5.923154438161606,miscanthus_sinensis_ssp_transmorrisonensis_6wks vs control_15wks,FALSE
2510,1.1557297405786535,18.243261422131386,0.7633298046457794,0.4725959195238397,0.6080201452597107,-5.925030330220669,miscanthus_sinensis_ssp_transmorrisonensis_6wks vs control_15wks,FALSE
1257,-0.9336584068801024,19.02778500560583,-0.7632776029233044,0.4726249307937652,0.6080201452597107,-5.925070839488072,miscanthus_sinensis_ssp_transmorrisonensis_6wks vs control_15wks,FALSE
2612,0.8845019414179873,18.02452555166689,0.7622440475377475,0.47319958471114876,0.6084311650044191,-5.92587242194251,miscanthus_sinensis_ssp_transmorrisonensis_6wks vs control_15wks,FALSE
6105,-0.6279602932929471,17.874193840798295,-0.7617614839403404,0.47346805318772534,0.6084311650044191,-5.926246370956676,miscanthus_sinensis_ssp_transmorrisonensis_6wks vs control_15wks,FALSE
24,-0.574210469003976,27.547694165267274,-0.7613448511179177,0.4736999260651127,0.6084311650044191,-5.926569071408215,miscanthus_sinensis_ssp_transmorrisonensis_6wks vs control_15wks,FALSE
7958,-0.9714143058844762,18.815343173840123,-0.7597914533115153,0.47456514186889653,0.6092185880739925,-5.927770960063921,miscanthus_sinensis_ssp_transmorrisonensis_6wks vs control_15wks,FALSE
5783,0.7167478494977964,17.761827790088446,0.7576555039882794,0.4757565987644584,0.6104237613462197,-5.929420262529797,miscanthus_sinensis_ssp_transmorrisonensis_6wks vs control_15wks,FALSE
7015,0.47753838399111004,20.57644038014203,0.756679251624083,0.4763018455697873,0.6107989696903429,-5.930172809326797,miscanthus_sinensis_ssp_transmorrisonensis_6wks vs control_15wks,FALSE
13567,-0.6272732795681542,17.085420448955396,-0.7552497803167502,0.47710099142441487,0.6114992017407885,-5.931273271013777,miscanthus_sinensis_ssp_transmorrisonensis_6wks vs control_15wks,FALSE
2414,1.1255830927868011,18.59917562385699,0.7521383585634124,0.4788436002770765,0.6134072843422147,-5.933662596518961,miscanthus_sinensis_ssp_transmorrisonensis_6wks vs control_15wks,FALSE
6722,-0.7303310797910747,17.983706267772845,-0.7506412941646614,0.4796836050218146,0.6139673678901063,-5.934809305883549,miscanthus_sinensis_ssp_transmorrisonensis_6wks vs control_15wks,FALSE
96,0.48858168374526656,26.7708605935147,0.7504534617154317,0.4797890689472354,0.6139673678901063,-5.9349530462862745,miscanthus_sinensis_ssp_transmorrisonensis_6wks vs control_15wks,FALSE
1999,1.3388071879163768,19.78406031375498,0.7499018121824587,0.48009889979272913,0.6140386140281807,-5.935375028050139,miscanthus_sinensis_ssp_transmorrisonensis_6wks vs control_15wks,FALSE
9365,-0.7952692598267816,18.750550046820806,-0.7494220626728646,0.48036845920503024,0.6140583055234672,-5.935741800557567,miscanthus_sinensis_ssp_transmorrisonensis_6wks vs control_15wks,FALSE
1486,-0.4037987868776973,23.077392281470456,-0.7482024668017808,0.481054184042507,0.6144588386935854,-5.936673313131327,miscanthus_sinensis_ssp_transmorrisonensis_6wks vs control_15wks,FALSE
7266,0.4245680219588408,17.331742184839317,0.7478805802861198,0.48123527766368357,0.6144588386935854,-5.936918955695736,miscanthus_sinensis_ssp_transmorrisonensis_6wks vs control_15wks,FALSE
5567,0.9201589842008424,18.611560723177398,0.7475083062604366,0.4814447771717538,0.6144588386935854,-5.937202941023233,miscanthus_sinensis_ssp_transmorrisonensis_6wks vs control_15wks,FALSE
2049,1.7242357480120987,18.98097702549382,0.7460860423371325,0.48224573603635834,0.6151561236873505,-5.9382868164593114,miscanthus_sinensis_ssp_transmorrisonensis_6wks vs control_15wks,FALSE
3606,0.4093898389688526,22.27747915027419,0.7449286258766982,0.48289821183555437,0.6156633666462794,-5.9391675889991005,miscanthus_sinensis_ssp_transmorrisonensis_6wks vs control_15wks,FALSE
916,0.4527451641176299,24.835565154483096,0.7407783821292443,0.4852427714499101,0.618326231974147,-5.942316473422864,miscanthus_sinensis_ssp_transmorrisonensis_6wks vs control_15wks,FALSE
2459,-1.4003239579587365,18.533318913970604,-0.7396504585379045,0.4858812887169002,0.618813491586732,-5.943169717279568,miscanthus_sinensis_ssp_transmorrisonensis_6wks vs control_15wks,FALSE
1878,0.8582315209413451,21.459589881125336,0.7369081751871834,0.4874360627669433,0.62046655829554,-5.945239648627979,miscanthus_sinensis_ssp_transmorrisonensis_6wks vs control_15wks,FALSE
3553,-0.7464672295861696,20.249378712873543,-0.7345361536017881,0.4887836168226901,0.6218542486801576,-5.9470249106516695,miscanthus_sinensis_ssp_transmorrisonensis_6wks vs control_15wks,FALSE
3346,-0.8837579264903219,18.039983408114026,-0.7324048182794328,0.48999657432905885,0.623069328199477,-5.948624912287679,miscanthus_sinensis_ssp_transmorrisonensis_6wks vs control_15wks,FALSE
928,0.38799770113262966,24.418246483126122,0.7314500732117091,0.49054058221301855,0.6232401528241175,-5.949340379186097,miscanthus_sinensis_ssp_transmorrisonensis_6wks vs control_15wks,FALSE
5568,0.3769858261651322,20.439179853052625,0.7312636678774724,0.49064684216534415,0.6232401528241175,-5.949479976305426,miscanthus_sinensis_ssp_transmorrisonensis_6wks vs control_15wks,FALSE
14,-0.43468973227455265,23.754556248050044,-0.7303101801510751,0.49119061755495685,0.6236030120928931,-5.950193567056832,miscanthus_sinensis_ssp_transmorrisonensis_6wks vs control_15wks,FALSE
5353,0.5637450209684935,17.66275869995268,0.7287813643847463,0.49206334733327495,0.6243829029186934,-5.951336102646589,miscanthus_sinensis_ssp_transmorrisonensis_6wks vs control_15wks,FALSE
51,0.3764969059253822,20.829459088713197,0.7267686395909275,0.4932139026422695,0.625514324820852,-5.952837213034331,miscanthus_sinensis_ssp_transmorrisonensis_6wks vs control_15wks,FALSE
2383,0.7922241279676108,18.353632256695445,0.7226183866141475,0.4955920355519241,0.6282006074991862,-5.955921489189635,miscanthus_sinensis_ssp_transmorrisonensis_6wks vs control_15wks,FALSE
197,-0.991351628119169,25.071872937956417,-0.7205864256042711,0.4967591541929669,0.629100006610361,-5.95742612399472,miscanthus_sinensis_ssp_transmorrisonensis_6wks vs control_15wks,FALSE
4267,-1.2105961248036046,18.79612509425974,-0.7204764813461854,0.49682235621381154,0.629100006610361,-5.957507434127537,miscanthus_sinensis_ssp_transmorrisonensis_6wks vs control_15wks,FALSE
4446,-0.9019962568095821,18.200399576439153,-0.7183543596214134,0.4980433179407281,0.6298923972229046,-5.959074815289527,miscanthus_sinensis_ssp_transmorrisonensis_6wks vs control_15wks,FALSE
4194,-1.262133714593535,18.50256301014851,-0.7183445464373657,0.49804896858403,0.6298923972229046,-5.959082054162969,miscanthus_sinensis_ssp_transmorrisonensis_6wks vs control_15wks,FALSE
2191,0.3781762167066205,21.282022730321078,0.7180297009376578,0.498230286048415,0.6298923972229046,-5.959314261366723,miscanthus_sinensis_ssp_transmorrisonensis_6wks vs control_15wks,FALSE
2174,1.1774544173648316,19.59233760932902,0.7166958690326449,0.49899891777808614,0.6303458529274699,-5.960297045671732,miscanthus_sinensis_ssp_transmorrisonensis_6wks vs control_15wks,FALSE
3934,1.1234558132047212,18.967673001130247,0.7163853803219931,0.4991779524339879,0.6303458529274699,-5.960525596264395,miscanthus_sinensis_ssp_transmorrisonensis_6wks vs control_15wks,FALSE
641,-0.39147145798227356,21.586777426926968,-0.7160495056375659,0.49937167322151377,0.6303458529274699,-5.960772739256172,miscanthus_sinensis_ssp_transmorrisonensis_6wks vs control_15wks,FALSE
925,1.4130184955839873,19.10226587873238,0.7130359539823242,0.5011120159467264,0.6319086225857382,-5.962985784368483,miscanthus_sinensis_ssp_transmorrisonensis_6wks vs control_15wks,FALSE
22398,-0.6186609243852779,17.754183224838034,-0.7128316579101753,0.5012301433115587,0.6319086225857382,-5.963135526399703,miscanthus_sinensis_ssp_transmorrisonensis_6wks vs control_15wks,FALSE
984,0.47578308278048453,24.51378941024912,0.7123043586606979,0.5015351216433128,0.6319086225857382,-5.963521850890104,miscanthus_sinensis_ssp_transmorrisonensis_6wks vs control_15wks,FALSE
246,0.4034546809816604,24.39397237781743,0.7119752782873534,0.5017255167467832,0.6319086225857382,-5.96376282818424,miscanthus_sinensis_ssp_transmorrisonensis_6wks vs control_15wks,FALSE
1776,-1.026882763289553,17.906222484631257,-0.7116435603766704,0.5019174862342846,0.6319086225857382,-5.964005641474985,miscanthus_sinensis_ssp_transmorrisonensis_6wks vs control_15wks,FALSE
15140,0.46610419999305464,18.118588148075652,0.708981982198134,0.5034595342536494,0.6333413602326281,-5.96595041262648,miscanthus_sinensis_ssp_transmorrisonensis_6wks vs control_15wks,FALSE
16327,-0.5886723943661458,17.993196420234405,-0.7087746609704701,0.503579781873708,0.6333413602326281,-5.966101639552625,miscanthus_sinensis_ssp_transmorrisonensis_6wks vs control_15wks,FALSE
305,-0.3924433371565037,24.32878300317342,-0.7082349226995742,0.5038929223629744,0.6334054632824903,-5.966495166510692,miscanthus_sinensis_ssp_transmorrisonensis_6wks vs control_15wks,FALSE
4452,-1.1408947199528576,18.88482291616336,-0.705981613609407,0.505201613707515,0.6347202801442311,-5.9681353225736355,miscanthus_sinensis_ssp_transmorrisonensis_6wks vs control_15wks,FALSE
3112,0.8192084075862063,20.97044413746671,0.7051259829139584,0.5056991382281064,0.635015134074379,-5.968756963464436,miscanthus_sinensis_ssp_transmorrisonensis_6wks vs control_15wks,FALSE
11229,0.6328357883066502,18.094921828229115,0.7007208950484454,0.5082656671690735,0.637610026059922,-5.971947247457689,miscanthus_sinensis_ssp_transmorrisonensis_6wks vs control_15wks,FALSE
4100,0.6101822583120438,18.59382966607304,0.7006733357763455,0.5082934230924709,0.637610026059922,-5.971981598381166,miscanthus_sinensis_ssp_transmorrisonensis_6wks vs control_15wks,FALSE
159,-0.348037747422012,25.975410439229137,-0.6985928033829831,0.5095086084899239,0.6388026975151303,-5.973482374195333,miscanthus_sinensis_ssp_transmorrisonensis_6wks vs control_15wks,FALSE
1714,-1.404068332712182,20.53235305346553,-0.6963324285847006,0.5108309881459165,0.640128458174551,-5.9751085678971085,miscanthus_sinensis_ssp_transmorrisonensis_6wks vs control_15wks,FALSE
615,1.031129909648378,21.247993498705554,0.6948029290393337,0.511727056932658,0.6404085795747285,-5.976206394481804,miscanthus_sinensis_ssp_transmorrisonensis_6wks vs control_15wks,FALSE
2331,0.3656519317964282,22.157411200452565,0.6944179392922825,0.5119527675277513,0.6404085795747285,-5.976482403502308,miscanthus_sinensis_ssp_transmorrisonensis_6wks vs control_15wks,FALSE
2384,-0.6561724602403061,18.45096655179759,-0.6942404258459032,0.512056861427092,0.6404085795747285,-5.976609623462898,miscanthus_sinensis_ssp_transmorrisonensis_6wks vs control_15wks,FALSE
323,0.42469795345513717,23.98005268107623,0.6941416188449477,0.5121148078387315,0.6404085795747285,-5.97668042422766,miscanthus_sinensis_ssp_transmorrisonensis_6wks vs control_15wks,FALSE
494,-0.9341773000221316,23.1113594245061,-0.6929814265737247,0.5127955346404576,0.6409280970984715,-5.977511123472413,miscanthus_sinensis_ssp_transmorrisonensis_6wks vs control_15wks,FALSE
3095,-1.258652455796522,20.11515592327419,-0.6908995161086342,0.5140185436725022,0.6421245095722675,-5.978998797599223,miscanthus_sinensis_ssp_transmorrisonensis_6wks vs control_15wks,FALSE
1580,0.8665011091198735,23.115816822902378,0.6894714628802566,0.5148585430128408,0.6428414676584101,-5.980017031159859,miscanthus_sinensis_ssp_transmorrisonensis_6wks vs control_15wks,FALSE
1501,0.382109473215948,23.24889159259289,0.6833389639227365,0.5184758780153362,0.6470236163662461,-5.984369126748234,miscanthus_sinensis_ssp_transmorrisonensis_6wks vs control_15wks,FALSE
18027,0.3909927158654014,17.624177465268787,0.6791700645105015,0.5209443126408511,0.6497684353847683,-5.987308651782519,miscanthus_sinensis_ssp_transmorrisonensis_6wks vs control_15wks,FALSE
1120,-0.9564734687723053,18.047248335210174,-0.6755360393551374,0.5231022058670383,0.6521232865710859,-5.9898584167156095,miscanthus_sinensis_ssp_transmorrisonensis_6wks vs control_15wks,FALSE
2705,0.7102841203536414,17.722187815509763,0.6748935441884767,0.5234843172186368,0.6522168440321958,-5.990307990102676,miscanthus_sinensis_ssp_transmorrisonensis_6wks vs control_15wks,FALSE
487,0.3724049623141923,24.45828394143676,0.6741965592323369,0.5238990376631867,0.6522168440321958,-5.990795275064086,miscanthus_sinensis_ssp_transmorrisonensis_6wks vs control_15wks,FALSE
1522,0.5266475426444508,23.17658762147589,0.6740485637840216,0.523987125110303,0.6522168440321958,-5.990898687699818,miscanthus_sinensis_ssp_transmorrisonensis_6wks vs control_15wks,FALSE
28,1.4339028492240438,23.079522848160835,0.6729162675794265,0.5246613860905572,0.6524344593250845,-5.9916892385633,miscanthus_sinensis_ssp_transmorrisonensis_6wks vs control_15wks,FALSE
61,-0.47067784891534714,18.900215643096246,-0.6728480087317936,0.5247020506906619,0.6524344593250845,-5.9917368591796425,miscanthus_sinensis_ssp_transmorrisonensis_6wks vs control_15wks,FALSE
1868,0.7910747528270932,18.385716248402787,0.6691241216311197,0.5269235786051105,0.6548597561265159,-5.994328505213685,miscanthus_sinensis_ssp_transmorrisonensis_6wks vs control_15wks,FALSE
17618,0.38257853562794963,17.62548604219506,0.6679832878284421,0.527605355854986,0.6553699433139569,-5.9951199862610665,miscanthus_sinensis_ssp_transmorrisonensis_6wks vs control_15wks,FALSE
2135,0.4899478897869969,18.208481754261673,0.6666633159847326,0.5283948896462974,0.6560133881734094,-5.996034292697817,miscanthus_sinensis_ssp_transmorrisonensis_6wks vs control_15wks,FALSE
11618,0.6434343544378294,18.100200276900228,0.6656538453563183,0.5289992062263156,0.6564263391077444,-5.996732469077419,miscanthus_sinensis_ssp_transmorrisonensis_6wks vs control_15wks,FALSE
1301,0.5207203610454094,17.683675497380456,0.6645971689285491,0.5296322531616937,0.656874498787809,-5.997462314169981,miscanthus_sinensis_ssp_transmorrisonensis_6wks vs control_15wks,FALSE
4051,-0.5931384687924819,17.765200794758,-0.6616981832953767,0.5313714838948903,0.6584280551683823,-5.99945948675206,miscanthus_sinensis_ssp_transmorrisonensis_6wks vs control_15wks,FALSE
409,0.6809928238740177,24.773579806061413,0.6612974379430143,0.5316121934956644,0.6584280551683823,-5.999734973922022,miscanthus_sinensis_ssp_transmorrisonensis_6wks vs control_15wks,FALSE
1760,-0.8272049629559781,18.87070944267282,-0.660765040518203,0.5319320873796508,0.6584280551683823,-6.00010073995077,miscanthus_sinensis_ssp_transmorrisonensis_6wks vs control_15wks,FALSE
8440,0.5074340058122466,17.96643561273481,0.6606936617433606,0.5319749849704811,0.6584280551683823,-6.000149758970653,miscanthus_sinensis_ssp_transmorrisonensis_6wks vs control_15wks,FALSE
1802,0.4159836761142621,23.597845844584803,0.6552586079471093,0.5352477990908848,0.6620558655674147,-6.003868762614175,miscanthus_sinensis_ssp_transmorrisonensis_6wks vs control_15wks,FALSE
360,0.36979292553542464,22.38048036353721,0.6549166761895011,0.5354541230623875,0.6620558655674147,-6.004101842037291,miscanthus_sinensis_ssp_transmorrisonensis_6wks vs control_15wks,FALSE
688,-0.4251117202529233,16.24326771640769,-0.6540252770139605,0.5359922349346198,0.6623822197452897,-6.00470897159682,miscanthus_sinensis_ssp_transmorrisonensis_6wks vs control_15wks,FALSE
5925,-0.7106659674535614,18.663796096069632,-0.6492943558160843,0.5388538453275892,0.6653277264693512,-6.007919150427638,miscanthus_sinensis_ssp_transmorrisonensis_6wks vs control_15wks,FALSE
43,0.4442908296784047,28.4196431430267,0.6491744891067366,0.5389264737998842,0.6653277264693512,-6.008000222808742,miscanthus_sinensis_ssp_transmorrisonensis_6wks vs control_15wks,FALSE
184,0.4089898952479878,26.273782486250855,0.6475600530860343,0.5399052746229366,0.6661956810464836,-6.009090883265578,miscanthus_sinensis_ssp_transmorrisonensis_6wks vs control_15wks,FALSE
1013,0.5029896191891581,18.43143797118988,0.6455170721631144,0.5411454868299577,0.6673851435330157,-6.0104676614695745,miscanthus_sinensis_ssp_transmorrisonensis_6wks vs control_15wks,FALSE
2839,1.4597653013071508,18.92501411046554,0.6436711103256421,0.5422676253002758,0.6684278483293196,-6.01170840337708,miscanthus_sinensis_ssp_transmorrisonensis_6wks vs control_15wks,FALSE
15,-0.41714166905837047,25.20820695513855,-0.642949017598971,0.5427069714452928,0.6686282728260211,-6.012192905758094,miscanthus_sinensis_ssp_transmorrisonensis_6wks vs control_15wks,FALSE
2465,0.5477339756330011,17.19767604090402,0.641699702976365,0.5434676210799119,0.6692241450199119,-6.013030036365768,miscanthus_sinensis_ssp_transmorrisonensis_6wks vs control_15wks,FALSE
4516,0.6142681236748366,17.70389435038786,0.6399194344046784,0.5445526893181947,0.6702186945454705,-6.014220485945291,miscanthus_sinensis_ssp_transmorrisonensis_6wks vs control_15wks,FALSE
15495,-0.50016387344332,17.76738683119468,-0.6384566802905101,0.5454452398779319,0.670975407100348,-6.015196452255859,miscanthus_sinensis_ssp_transmorrisonensis_6wks vs control_15wks,FALSE
650,-1.086438317558283,22.331236362647324,-0.6350404266556043,0.547533317299924,0.672706029169315,-6.017468201090039,miscanthus_sinensis_ssp_transmorrisonensis_6wks vs control_15wks,FALSE
7690,-0.8533395803584796,17.87498193677841,-0.6347036740259384,0.5477394141400225,0.672706029169315,-6.017691557688121,miscanthus_sinensis_ssp_transmorrisonensis_6wks vs control_15wks,FALSE
3452,0.6103167353649717,19.551418009671128,0.6345105078868722,0.5478576558820818,0.672706029169315,-6.017819631384456,miscanthus_sinensis_ssp_transmorrisonensis_6wks vs control_15wks,FALSE
2003,1.1519472128059363,20.86346077680926,0.6343337977253747,0.5479658383299718,0.672706029169315,-6.0179367644596535,miscanthus_sinensis_ssp_transmorrisonensis_6wks vs control_15wks,FALSE
656,-0.38633351170118857,24.85359652127532,-0.6295686844689492,0.5508880248295127,0.6759499583484524,-6.02108454864493,miscanthus_sinensis_ssp_transmorrisonensis_6wks vs control_15wks,FALSE
5402,0.32147692045830567,22.56078980502769,0.6277632377907426,0.5519977079617401,0.6762367966230585,-6.0222717642126264,miscanthus_sinensis_ssp_transmorrisonensis_6wks vs control_15wks,FALSE
2599,-0.7532321607608274,18.0713113325543,-0.6275678486688241,0.5521178823965764,0.6762367966230585,-6.022400067457274,miscanthus_sinensis_ssp_transmorrisonensis_6wks vs control_15wks,FALSE
3100,0.7018995633021206,17.541089119632737,0.627511171909805,0.5521527445449701,0.6762367966230585,-6.022437277967126,miscanthus_sinensis_ssp_transmorrisonensis_6wks vs control_15wks,FALSE
258,-1.30113318957347,22.143897647791874,-0.627367066408965,0.552241390619741,0.6762367966230585,-6.022531875564458,miscanthus_sinensis_ssp_transmorrisonensis_6wks vs control_15wks,FALSE
3846,0.3313722416247131,20.984366892279613,0.6268402748775141,0.552565519191262,0.6762909292634696,-6.022877523678786,miscanthus_sinensis_ssp_transmorrisonensis_6wks vs control_15wks,FALSE
791,0.5770218989293667,23.43659961562046,0.6263201334785449,0.5528856704807632,0.6763401417121641,-6.02321855793137,miscanthus_sinensis_ssp_transmorrisonensis_6wks vs control_15wks,FALSE
697,0.7610861065787091,22.696894512973753,0.6239844351851673,0.5543247128693982,0.6775537454031666,-6.024746904444123,miscanthus_sinensis_ssp_transmorrisonensis_6wks vs control_15wks,FALSE
7542,-0.5511146511176683,18.336473145376686,-0.6237996793052527,0.5544386401746939,0.6775537454031666,-6.024867583604892,miscanthus_sinensis_ssp_transmorrisonensis_6wks vs control_15wks,FALSE
708,-0.6831561873520791,21.277068982487926,-0.6223356746591721,0.555341905650365,0.6783144813201627,-6.025822732152933,miscanthus_sinensis_ssp_transmorrisonensis_6wks vs control_15wks,FALSE
3375,-0.8015023651724569,18.325836200934507,-0.6209007481793185,0.5562281018985072,0.6790536099983797,-6.026756991075388,miscanthus_sinensis_ssp_transmorrisonensis_6wks vs control_15wks,FALSE
11015,0.3121216812210328,18.311178122492308,0.618309453824405,0.5578306422078552,0.6806660765526152,-6.028439326774116,miscanthus_sinensis_ssp_transmorrisonensis_6wks vs control_15wks,FALSE
4373,0.8937357213723836,18.96494295571431,0.6172156093482555,0.5585079533162355,0.681148518532067,-6.029147616101409,miscanthus_sinensis_ssp_transmorrisonensis_6wks vs control_15wks,FALSE
404,-1.5599608177542592,20.32723526344024,-0.6126810309843254,0.5613210968827713,0.6842339909529644,-6.032072044477674,miscanthus_sinensis_ssp_transmorrisonensis_6wks vs control_15wks,FALSE
4620,0.3272462067395523,18.81082189728943,0.6119750915614799,0.5617598148975971,0.6844234557703451,-6.032525602356728,miscanthus_sinensis_ssp_transmorrisonensis_6wks vs control_15wks,FALSE
2156,0.37054741688114845,23.140662641518592,0.6098395631465148,0.5630882360079923,0.6856961583645713,-6.033894837901707,miscanthus_sinensis_ssp_transmorrisonensis_6wks vs control_15wks,FALSE
1937,1.0713590026663589,21.625003831864486,0.6075716001754607,0.564501111272341,0.6870626844160677,-6.035344346027263,miscanthus_sinensis_ssp_transmorrisonensis_6wks vs control_15wks,FALSE
440,0.43731427464967254,17.477065947039826,0.6071256488502058,0.564779176842016,0.6870626844160677,-6.0356288010522015,miscanthus_sinensis_ssp_transmorrisonensis_6wks vs control_15wks,FALSE
1471,1.1133228327861602,19.173933543644015,0.6061821073844218,0.5653677779339417,0.6874325875633633,-6.0362300393043995,miscanthus_sinensis_ssp_transmorrisonensis_6wks vs control_15wks,FALSE
1477,0.31602330884714647,23.78691536368429,0.6038210345381918,0.5668422787366543,0.6888787451849883,-6.037730914919384,miscanthus_sinensis_ssp_transmorrisonensis_6wks vs control_15wks,FALSE
1045,0.3100497124281141,22.920203308004385,0.6020222451798829,0.5679671763665715,0.6898987924090682,-6.038870872155773,miscanthus_sinensis_ssp_transmorrisonensis_6wks vs control_15wks,FALSE
7776,0.4950312982464844,17.584038762281693,0.5998580111155427,0.5693223782345065,0.6911974200073205,-6.040238421043961,miscanthus_sinensis_ssp_transmorrisonensis_6wks vs control_15wks,FALSE
2133,-0.8976625489838597,19.01234098732373,-0.5973815656330326,0.5708754461779091,0.6927348457889646,-6.041797880496125,miscanthus_sinensis_ssp_transmorrisonensis_6wks vs control_15wks,FALSE
57,-0.33606464734430475,21.50926348772476,-0.5950035614254161,0.5723691492874696,0.6941987272482564,-6.0432899470020365,miscanthus_sinensis_ssp_transmorrisonensis_6wks vs control_15wks,FALSE
1237,-0.5210605186049939,22.663758196629345,-0.5937332307925535,0.5731680363290379,0.694818853874037,-6.0440848377637515,miscanthus_sinensis_ssp_transmorrisonensis_6wks vs control_15wks,FALSE
6435,0.3129272193319963,20.503000612433596,0.5920263113317213,0.5742425263621647,0.6957396959745126,-6.045150533862406,miscanthus_sinensis_ssp_transmorrisonensis_6wks vs control_15wks,FALSE
702,1.3262230663734762,19.011896019015264,0.5916118618939386,0.5745035982902121,0.6957396959745126,-6.0454088780753645,miscanthus_sinensis_ssp_transmorrisonensis_6wks vs control_15wks,FALSE
1813,0.3982480880825001,23.614652158705624,0.5911331723247457,0.5748052240469828,0.6957562230949451,-6.045707065163855,miscanthus_sinensis_ssp_transmorrisonensis_6wks vs control_15wks,FALSE
15878,-0.34573094096024093,17.936009904105195,-0.5903024194928017,0.5753289096406737,0.6960413849233189,-6.046224049804578,miscanthus_sinensis_ssp_transmorrisonensis_6wks vs control_15wks,FALSE
3405,-0.3571015576303189,22.415983796233625,-0.5894631425865225,0.5758582547530373,0.6963331048465157,-6.046745680368857,miscanthus_sinensis_ssp_transmorrisonensis_6wks vs control_15wks,FALSE
7032,-0.7522889017356178,18.071908154979347,-0.5885458264400973,0.5764371491684377,0.6966844184046751,-6.047315056559706,miscanthus_sinensis_ssp_transmorrisonensis_6wks vs control_15wks,FALSE
1612,0.35199733325097426,23.254768128523807,0.5868754420506995,0.5774921663458493,0.697610536945786,-6.04834982697799,miscanthus_sinensis_ssp_transmorrisonensis_6wks vs control_15wks,FALSE
147,0.4944568585314464,21.910234448116142,0.585483406958811,0.5783722455098852,0.6983245103207809,-6.049210158278756,miscanthus_sinensis_ssp_transmorrisonensis_6wks vs control_15wks,FALSE
266,1.0873893642175396,19.30215199876331,0.5836127144415896,0.579556184454938,0.6994044663552098,-6.050363441832374,miscanthus_sinensis_ssp_transmorrisonensis_6wks vs control_15wks,FALSE
451,1.4393327354423455,23.51054807569072,0.5830976758965284,0.5798823956819013,0.699448760842473,-6.050680384047799,miscanthus_sinensis_ssp_transmorrisonensis_6wks vs control_15wks,FALSE
675,1.5308092803623303,19.349041110664253,0.5822676793228364,0.5804083190994973,0.6997337819083761,-6.051190616969544,miscanthus_sinensis_ssp_transmorrisonensis_6wks vs control_15wks,FALSE
6355,0.30703851114527225,17.774703518867252,0.581221986198998,0.5810713151932927,0.7001836895296735,-6.051832521404215,miscanthus_sinensis_ssp_transmorrisonensis_6wks vs control_15wks,FALSE
10132,-0.44800691501544065,18.215004572059975,-0.5768812054846786,0.5838282112957582,0.7031550142026679,-6.054486081763513,miscanthus_sinensis_ssp_transmorrisonensis_6wks vs control_15wks,FALSE
1467,0.8543331529812015,20.480715619712047,0.5762367638549168,0.5842381547986868,0.7032981474806315,-6.054878514800684,miscanthus_sinensis_ssp_transmorrisonensis_6wks vs control_15wks,FALSE
3705,0.7741591308353435,17.761367870449988,0.5736076146508525,0.5859123484749225,0.7049611425928582,-6.056475457978661,miscanthus_sinensis_ssp_transmorrisonensis_6wks vs control_15wks,FALSE
1020,-1.6663084190281872,19.830411986312093,-0.573151304365161,0.5862032017669918,0.7049611425928582,-6.0567519528544125,miscanthus_sinensis_ssp_transmorrisonensis_6wks vs control_15wks,FALSE
2928,-0.3039645052165092,21.479131559980118,-0.5720207757143579,0.5869241640284923,0.7054770051208146,-6.057436129617322,miscanthus_sinensis_ssp_transmorrisonensis_6wks vs control_15wks,FALSE
3285,-0.7832001540994327,19.431633336343836,-0.569205600604407,0.5887216905589324,0.7072857306764697,-6.05913455011192,miscanthus_sinensis_ssp_transmorrisonensis_6wks vs control_15wks,FALSE
5069,0.6126755083501152,17.90999487303153,0.5637834928791273,0.5921927148184596,0.7106138198656871,-6.062384506784291,miscanthus_sinensis_ssp_transmorrisonensis_6wks vs control_15wks,FALSE
3789,-0.7825426388807379,18.566632641913525,-0.5637742492346496,0.5921986422621497,0.7106138198656871,-6.062390023408899,miscanthus_sinensis_ssp_transmorrisonensis_6wks vs control_15wks,FALSE
2019,0.29854418839124364,22.107573464114058,0.5635003899114719,0.5923742687125387,0.7106138198656871,-6.062553426192615,miscanthus_sinensis_ssp_transmorrisonensis_6wks vs control_15wks,FALSE
8633,-0.5713125528553675,18.11260298942383,-0.5593968110121855,0.5950094737370737,0.7133194551083426,-6.064993320638181,miscanthus_sinensis_ssp_transmorrisonensis_6wks vs control_15wks,FALSE
1340,-1.3653840595343816,21.075917333716358,-0.5590691023538645,0.5952202075738489,0.7133194551083426,-6.065187474916173,miscanthus_sinensis_ssp_transmorrisonensis_6wks vs control_15wks,FALSE
3001,0.4824616533467463,22.462568336124,0.5568276767867951,0.5966627026917575,0.7146936488365325,-6.066512675322089,miscanthus_sinensis_ssp_transmorrisonensis_6wks vs control_15wks,FALSE
661,0.469199517914884,17.801530738009916,0.5548158500867336,0.5979591297310618,0.7155692618182461,-6.067698033160158,miscanthus_sinensis_ssp_transmorrisonensis_6wks vs control_15wks,FALSE
117,-0.3850345893149516,26.606982240680395,-0.554774073368664,0.5979860677198009,0.7155692618182461,-6.067722606680165,miscanthus_sinensis_ssp_transmorrisonensis_6wks vs control_15wks,FALSE
1611,0.48315772607456253,21.18629666454975,0.5536468899156745,0.5987131453714516,0.7158520708694972,-6.068384996581614,miscanthus_sinensis_ssp_transmorrisonensis_6wks vs control_15wks,FALSE
4227,0.2838113180262134,20.90920101728475,0.5534890504763714,0.5988149980245256,0.7158520708694972,-6.068477653746915,miscanthus_sinensis_ssp_transmorrisonensis_6wks vs control_15wks,FALSE
2452,0.5294859577038551,22.449151236421137,0.5518588169849378,0.5998675503600106,0.7167556882639889,-6.069433258241578,miscanthus_sinensis_ssp_transmorrisonensis_6wks vs control_15wks,FALSE
325,-0.3262900609953725,25.508460671658657,-0.5505837671572689,0.6006915092808018,0.7173854109848824,-6.070178884249944,miscanthus_sinensis_ssp_transmorrisonensis_6wks vs control_15wks,FALSE
7490,0.6976591002587362,18.038888248470062,0.5498522463743342,0.6011645190494341,0.7175955919088107,-6.070605959276945,miscanthus_sinensis_ssp_transmorrisonensis_6wks vs control_15wks,FALSE
3909,0.9231494210227105,19.610145771880035,0.5493355668260542,0.6014987366785544,0.7176399742298208,-6.0709072962007875,miscanthus_sinensis_ssp_transmorrisonensis_6wks vs control_15wks,FALSE
2315,-0.37197835414374936,18.03340775128983,-0.5479294608315898,0.6024088163381924,0.7183710267882888,-6.071726062984675,miscanthus_sinensis_ssp_transmorrisonensis_6wks vs control_15wks,FALSE
886,0.4646817105965617,17.94338792465947,0.5471379987005597,0.6029214185686249,0.7186276010171672,-6.072186089854182,miscanthus_sinensis_ssp_transmorrisonensis_6wks vs control_15wks,FALSE
5888,0.5980182478940179,18.502883039109165,0.5438938809741064,0.6050250815337126,0.7207793870736932,-6.074065386909072,miscanthus_sinensis_ssp_transmorrisonensis_6wks vs control_15wks,FALSE
6151,-0.3445141930455442,17.341645121985984,-0.5433694363912746,0.605365546137348,0.7208295512409231,-6.0743682420224365,miscanthus_sinensis_ssp_transmorrisonensis_6wks vs control_15wks,FALSE
6684,0.5077354341971336,17.876969936841306,0.5417480559819815,0.6064188097984085,0.721728002203426,-6.0753028751744464,miscanthus_sinensis_ssp_transmorrisonensis_6wks vs control_15wks,FALSE
3320,-0.5014340077495518,18.526738397797338,-0.5391426903370726,0.608113422904641,0.7233884932238368,-6.076799403803686,miscanthus_sinensis_ssp_transmorrisonensis_6wks vs control_15wks,FALSE
3603,0.29579298468220117,21.93042963872647,0.5385043458753024,0.6085290248885887,0.7235266358911567,-6.077165070114626,miscanthus_sinensis_ssp_transmorrisonensis_6wks vs control_15wks,FALSE
2031,-0.3297828745048541,22.640568632656873,-0.5379998346173832,0.6088576050078375,0.7235612266103961,-6.077453793282025,miscanthus_sinensis_ssp_transmorrisonensis_6wks vs control_15wks,FALSE
444,0.3174830344777888,25.1893502302429,0.5314300747812444,0.6131453774081979,0.7281464597497076,-6.081191055769873,miscanthus_sinensis_ssp_transmorrisonensis_6wks vs control_15wks,FALSE
190,-0.5777337973207324,18.361358027209636,-0.531165002047301,0.6133187274795757,0.7281464597497076,-6.081340966442549,miscanthus_sinensis_ssp_transmorrisonensis_6wks vs control_15wks,FALSE
9393,-0.503503266355743,18.335378435568472,-0.5305559532635171,0.6137171306035282,0.728261585234835,-6.0816851528172915,miscanthus_sinensis_ssp_transmorrisonensis_6wks vs control_15wks,FALSE
2073,1.2285064624256918,18.973756381053132,0.5281716849916386,0.6152781472856497,0.7295818223637066,-6.083029087686404,miscanthus_sinensis_ssp_transmorrisonensis_6wks vs control_15wks,FALSE
564,-0.7472239258793891,24.140275974666665,-0.5279343203030314,0.6154336730038221,0.7295818223637066,-6.08316258013276,miscanthus_sinensis_ssp_transmorrisonensis_6wks vs control_15wks,FALSE
12742,-0.4151937611332208,17.82376681416897,-0.5261183330591813,0.6166242558568202,0.730269954596162,-6.084182067122734,miscanthus_sinensis_ssp_transmorrisonensis_6wks vs control_15wks,FALSE
1062,1.2735497913509768,19.905459731239468,0.5260526835425761,0.6166673201132905,0.730269954596162,-6.084218862377378,miscanthus_sinensis_ssp_transmorrisonensis_6wks vs control_15wks,FALSE
8453,0.46332793293128205,18.14393929823271,0.5256661110969076,0.6169209343256484,0.730269954596162,-6.084435443515941,miscanthus_sinensis_ssp_transmorrisonensis_6wks vs control_15wks,FALSE
2936,-0.39585552394902024,17.271777243405108,-0.5247886826617905,0.6174967909337284,0.7304604640365836,-6.084926491911889,miscanthus_sinensis_ssp_transmorrisonensis_6wks vs control_15wks,FALSE
7674,0.4080387886023473,19.32457725915617,0.5244996317051046,0.617686559613717,0.7304604640365836,-6.0850880936728675,miscanthus_sinensis_ssp_transmorrisonensis_6wks vs control_15wks,FALSE
1314,0.7710713710280643,21.704043941047697,0.5223158117717804,0.6191213188140976,0.7317989756628472,-6.086306386744837,miscanthus_sinensis_ssp_transmorrisonensis_6wks vs control_15wks,FALSE
5003,-0.6020341573639421,19.544403249947333,-0.520363924603501,0.620405237175961,0.7329579721355118,-6.087391355756946,miscanthus_sinensis_ssp_transmorrisonensis_6wks vs control_15wks,FALSE
4860,0.29248715263739555,21.993459331669296,0.5198888988706031,0.6207179202974009,0.732968961602405,-6.087654839432995,miscanthus_sinensis_ssp_transmorrisonensis_6wks vs control_15wks,FALSE
392,-0.29469950179500515,24.9185614148513,-0.5185805831275232,0.6215795550942897,0.7336278481230112,-6.08837938712448,miscanthus_sinensis_ssp_transmorrisonensis_6wks vs control_15wks,FALSE
284,0.4307463350793803,17.697140413899035,0.5172617691453577,0.6224487609298022,0.734295022659376,-6.089108056531611,miscanthus_sinensis_ssp_transmorrisonensis_6wks vs control_15wks,FALSE
58,-0.863654224866977,19.36473740424823,-0.5157680898132142,0.6234340126688849,0.7350983770658984,-6.0899312890631565,miscanthus_sinensis_ssp_transmorrisonensis_6wks vs control_15wks,FALSE
842,1.1871566738260348,20.76326010502581,0.5132595314188704,0.6250905896432635,0.7366921290624997,-6.091308954770813,miscanthus_sinensis_ssp_transmorrisonensis_6wks vs control_15wks,FALSE
1795,-0.3917540437889002,22.031707558069783,-0.5116939868599057,0.6261256307897729,0.7373734393439605,-6.092165607217075,miscanthus_sinensis_ssp_transmorrisonensis_6wks vs control_15wks,FALSE
5313,-0.6614352326026243,19.137675017013336,-0.5111785955449839,0.6264665774137826,0.7373734393439605,-6.092447099344545,miscanthus_sinensis_ssp_transmorrisonensis_6wks vs control_15wks,FALSE
113,0.28662359877893806,25.536713205266135,0.5110006741141115,0.626584300899483,0.7373734393439605,-6.092544214517888,miscanthus_sinensis_ssp_transmorrisonensis_6wks vs control_15wks,FALSE
1087,-1.0040943431297045,20.481160835444264,-0.5100131363778214,0.6272379312725651,0.7377832726166103,-6.093082679661594,miscanthus_sinensis_ssp_transmorrisonensis_6wks vs control_15wks,FALSE
4886,-0.4686681667931083,18.495797932528006,-0.5067839228427264,0.6293778327529427,0.7399400700394694,-6.094836759990418,miscanthus_sinensis_ssp_transmorrisonensis_6wks vs control_15wks,FALSE
18968,-0.2575512792757806,17.9187209887244,-0.5060665478406237,0.6298537450994788,0.7401394203114497,-6.0952250413941735,miscanthus_sinensis_ssp_transmorrisonensis_6wks vs control_15wks,FALSE
5251,0.5358532870586359,17.82819003377373,0.5045168925596871,0.6308824547468648,0.7406389199588433,-6.0960620702108335,miscanthus_sinensis_ssp_transmorrisonensis_6wks vs control_15wks,FALSE
4360,0.4937022672575715,17.94515790772763,0.5045026287354492,0.6308919276801737,0.7406389199588433,-6.096069763685561,miscanthus_sinensis_ssp_transmorrisonensis_6wks vs control_15wks,FALSE
1108,-0.4212451074657828,23.635728258864216,-0.5030304701255023,0.6318700296399169,0.7414269021904027,-6.096862724908796,miscanthus_sinensis_ssp_transmorrisonensis_6wks vs control_15wks,FALSE
2037,0.6344208766164705,17.990303718262663,0.5013719344511031,0.6329729264010291,0.7423604806722749,-6.097753520222227,miscanthus_sinensis_ssp_transmorrisonensis_6wks vs control_15wks,FALSE
934,0.2753447474914168,22.06912939859048,0.49892903229857416,0.634599272359545,0.7438732397822284,-6.099060660613455,miscanthus_sinensis_ssp_transmorrisonensis_6wks vs control_15wks,FALSE
1413,-0.8205101416732781,20.32748380623776,-0.49850984153822286,0.6348785680591702,0.7438732397822284,-6.09928436837626,miscanthus_sinensis_ssp_transmorrisonensis_6wks vs control_15wks,FALSE
5527,0.3367081655951445,17.689872211561465,0.49517499876021237,0.6371027980572554,0.7461174794504746,-6.1010578814694,miscanthus_sinensis_ssp_transmorrisonensis_6wks vs control_15wks,FALSE
468,1.6406400313395366,19.836704844802973,0.4938691916192225,0.6379748452196912,0.7466644197403512,-6.101749333787577,miscanthus_sinensis_ssp_transmorrisonensis_6wks vs control_15wks,FALSE
9292,0.5357510218596993,17.720170424633267,0.49320624297189214,0.6384178171353536,0.7466644197403512,-6.102099733825815,miscanthus_sinensis_ssp_transmorrisonensis_6wks vs control_15wks,FALSE
3397,0.2624354582570767,20.881372026676857,0.49308780157397064,0.6384969748276348,0.7466644197403512,-6.102162289998601,miscanthus_sinensis_ssp_transmorrisonensis_6wks vs control_15wks,FALSE
2800,-0.5624119796173197,18.65828196313482,-0.49021679359583376,0.6404173238516429,0.7485477766935505,-6.103674398902561,miscanthus_sinensis_ssp_transmorrisonensis_6wks vs control_15wks,FALSE
3745,0.3299296909146747,21.325139775661597,0.48928724354751335,0.6410397246535129,0.7489129471774116,-6.104162227314217,miscanthus_sinensis_ssp_transmorrisonensis_6wks vs control_15wks,FALSE
2162,0.3830680902309993,22.08865156687767,0.48449816293890674,0.6442513547700028,0.7523012436560303,-6.106661961927294,miscanthus_sinensis_ssp_transmorrisonensis_6wks vs control_15wks,FALSE
7906,-0.2794592468009398,16.985153420332804,-0.4806128355300584,0.6468630346620741,0.7546514827223215,-6.1086732343487125,miscanthus_sinensis_ssp_transmorrisonensis_6wks vs control_15wks,FALSE
1261,1.2521611866005706,18.9334321220282,0.4805746194029428,0.6468887502971556,0.7546514827223215,-6.108692942696945,miscanthus_sinensis_ssp_transmorrisonensis_6wks vs control_15wks,FALSE
1018,-0.25384733905100276,22.93162082787298,-0.4800683109170305,0.6472294950820812,0.7546845849991833,-6.1089539126733525,miscanthus_sinensis_ssp_transmorrisonensis_6wks vs control_15wks,FALSE
16609,-0.2632540718061591,17.63290312228881,-0.47911088461764456,0.6478740941964771,0.755071785614418,-6.109446707898691,miscanthus_sinensis_ssp_transmorrisonensis_6wks vs control_15wks,FALSE
9969,-0.3375944479287867,18.154671162042717,-0.47710190085829307,0.6492277405702601,0.7559231052599755,-6.110477781049188,miscanthus_sinensis_ssp_transmorrisonensis_6wks vs control_15wks,FALSE
5482,0.5159896702042097,17.840267365164856,0.4768745117992745,0.6493810459765916,0.7559231052599755,-6.110594230874472,miscanthus_sinensis_ssp_transmorrisonensis_6wks vs control_15wks,FALSE
2287,0.34403336253407346,17.0696418140543,0.47663403094301776,0.6495431980627936,0.7559231052599755,-6.110717329160063,miscanthus_sinensis_ssp_transmorrisonensis_6wks vs control_15wks,FALSE
7168,-0.6094023700184366,18.237956130558086,-0.4744937378118644,0.6509872747618297,0.7572389291403854,-6.111810370350017,miscanthus_sinensis_ssp_transmorrisonensis_6wks vs control_15wks,FALSE
2021,0.6324620275223509,18.13414358604539,0.47185043711827734,0.6527729982750122,0.7589429860599868,-6.113153986998022,miscanthus_sinensis_ssp_transmorrisonensis_6wks vs control_15wks,FALSE
2606,0.29341986408268284,21.92256166010261,0.4713956450630271,0.6530804917295996,0.7589429860599868,-6.1133844588480715,miscanthus_sinensis_ssp_transmorrisonensis_6wks vs control_15wks,FALSE
1687,-0.9730873538631499,20.40778298599752,-0.47062077316193773,0.6536045669439231,0.7591868431425569,-6.113776659285618,miscanthus_sinensis_ssp_transmorrisonensis_6wks vs control_15wks,FALSE
3185,0.34217444290435495,17.82026949376053,0.4697878745478089,0.6541681261661108,0.7594763060150521,-6.11419756057737,miscanthus_sinensis_ssp_transmorrisonensis_6wks vs control_15wks,FALSE
6767,-0.3159492979236589,20.137802913799923,-0.46798232673721746,0.65539064970847,0.7602986205179336,-6.115107603214549,miscanthus_sinensis_ssp_transmorrisonensis_6wks vs control_15wks,FALSE
9062,0.5080490930999346,18.01800603637669,0.46781234061800514,0.6555058056866124,0.7602986205179336,-6.115193112600267,miscanthus_sinensis_ssp_transmorrisonensis_6wks vs control_15wks,FALSE
2994,-0.784494309379113,19.138870696569924,-0.4661400004412675,0.6566392672768439,0.7609371030208557,-6.116032820148987,miscanthus_sinensis_ssp_transmorrisonensis_6wks vs control_15wks,FALSE
1400,-0.23934712940974734,22.633871944242337,-0.46607078572770805,0.656686200247717,0.7609371030208557,-6.116067513559053,miscanthus_sinensis_ssp_transmorrisonensis_6wks vs control_15wks,FALSE
5753,0.3184308088092216,17.200417164768552,0.4637901698122253,0.6582335820840136,0.7623644939189725,-6.117207972054032,miscanthus_sinensis_ssp_transmorrisonensis_6wks vs control_15wks,FALSE
2916,0.27806141877935175,22.10022036389053,0.462807750145397,0.6589007121344195,0.7627715000080295,-6.117697639877034,miscanthus_sinensis_ssp_transmorrisonensis_6wks vs control_15wks,FALSE
2449,-0.5738247911315355,18.825721198365674,-0.45945642668607395,0.6611790420322778,0.7650424164511415,-6.119360754018111,miscanthus_sinensis_ssp_transmorrisonensis_6wks vs control_15wks,FALSE
3039,-0.9371584756647415,20.541272604360387,-0.45690763513735067,0.6629144203560956,0.7666832166492709,-6.120618053753134,miscanthus_sinensis_ssp_transmorrisonensis_6wks vs control_15wks,FALSE
4440,0.2441663682913351,17.030669576614688,0.4514222036255578,0.6666569220742411,0.7706426429336682,-6.123301802999188,miscanthus_sinensis_ssp_transmorrisonensis_6wks vs control_15wks,FALSE
8497,0.5867266425469992,18.815847651924482,0.45037852061376743,0.6673701682811453,0.7710981953932315,-6.123808992285144,miscanthus_sinensis_ssp_transmorrisonensis_6wks vs control_15wks,FALSE
2770,-0.8023208645493654,20.545512284938233,-0.4487258226073557,0.6685003803532122,0.7720348560866925,-6.124609891405002,miscanthus_sinensis_ssp_transmorrisonensis_6wks vs control_15wks,FALSE
938,-0.7574528060285743,20.323037889027724,-0.4455964436174954,0.6706430080625183,0.7741392773430694,-6.126118837009377,miscanthus_sinensis_ssp_transmorrisonensis_6wks vs control_15wks,FALSE
3289,-0.33878827279566437,21.841928446311396,-0.4436165693596029,0.6720003251159752,0.7749259989010697,-6.127068394862252,miscanthus_sinensis_ssp_transmorrisonensis_6wks vs control_15wks,FALSE
6032,-0.29495884528129324,17.365402240703677,-0.4434641151315452,0.6721048967739762,0.7749259989010697,-6.127141348298277,miscanthus_sinensis_ssp_transmorrisonensis_6wks vs control_15wks,FALSE
2421,0.6505232554271885,20.760216002449297,0.4431989564679348,0.6722867937486101,0.7749259989010697,-6.127268177811504,miscanthus_sinensis_ssp_transmorrisonensis_6wks vs control_15wks,FALSE
309,-0.5413553314566748,24.433369053726597,-0.442484217091841,0.6727772194056485,0.7749788481426497,-6.12760969441524,miscanthus_sinensis_ssp_transmorrisonensis_6wks vs control_15wks,FALSE
1308,0.26487289997031027,17.156203292830718,0.4421972382191039,0.6729741818722181,0.7749788481426497,-6.127746673119355,miscanthus_sinensis_ssp_transmorrisonensis_6wks vs control_15wks,FALSE
413,-0.6614204811035016,22.392147593396718,-0.44150859687404564,0.6734469321356757,0.7751537818198154,-6.128075030411565,miscanthus_sinensis_ssp_transmorrisonensis_6wks vs control_15wks,FALSE
5769,0.2970187556183923,20.70413884035763,0.44090262398385227,0.6738630642519567,0.7752634110632035,-6.128363572630659,miscanthus_sinensis_ssp_transmorrisonensis_6wks vs control_15wks,FALSE
49,-1.165810971033494,21.695841158553176,-0.4393171599191469,0.6749524203265789,0.7761470954350379,-6.129116753087,miscanthus_sinensis_ssp_transmorrisonensis_6wks vs control_15wks,FALSE
956,-0.2642320258195525,22.956054442996013,-0.4379254557017956,0.6759093486142902,0.7765401645950731,-6.1297757875781524,miscanthus_sinensis_ssp_transmorrisonensis_6wks vs control_15wks,FALSE
3215,0.32268656785099736,21.020141563763435,0.4378851504199882,0.6759370720792379,0.7765401645950731,-6.1297948446793695,miscanthus_sinensis_ssp_transmorrisonensis_6wks vs control_15wks,FALSE
1918,0.24200340368862427,23.084538205260973,0.4371183742120256,0.6764645937829278,0.7767768339256433,-6.130157077167746,miscanthus_sinensis_ssp_transmorrisonensis_6wks vs control_15wks,FALSE
4040,-0.5058286800627734,18.629561523511722,-0.43566440275080803,0.6774654328943678,0.7774148979556942,-6.130842309339403,miscanthus_sinensis_ssp_transmorrisonensis_6wks vs control_15wks,FALSE
7517,-0.4488664827145854,19.521185073983382,-0.43537632678191207,0.6776638141948228,0.7774148979556942,-6.130977820003675,miscanthus_sinensis_ssp_transmorrisonensis_6wks vs control_15wks,FALSE
7632,-0.43426438274186907,18.30891805137125,-0.4315495230398779,0.6803017604959096,0.779787413295645,-6.1327699475397575,miscanthus_sinensis_ssp_transmorrisonensis_6wks vs control_15wks,FALSE
5321,0.5048432336416937,20.403999558347095,0.43143985838027155,0.6803774284880877,0.779787413295645,-6.132821085139611,miscanthus_sinensis_ssp_transmorrisonensis_6wks vs control_15wks,FALSE
210,0.23122433327417724,17.24491680529305,0.4293173456004506,0.6818427421542428,0.7809565765651091,-6.133808421936653,miscanthus_sinensis_ssp_transmorrisonensis_6wks vs control_15wks,FALSE
5082,-0.6476889666507901,19.37181762857008,-0.42887061460504183,0.6821513422280854,0.7809565765651091,-6.134015645406232,miscanthus_sinensis_ssp_transmorrisonensis_6wks vs control_15wks,FALSE
1025,0.23598608571755975,23.767822985669785,0.4285580884471663,0.6823672736460866,0.7809565765651091,-6.134160494991077,miscanthus_sinensis_ssp_transmorrisonensis_6wks vs control_15wks,FALSE
4666,0.6947812537536358,18.93308574720195,0.425961910366863,0.6841622878045761,0.7826401928673561,-6.135359925800904,miscanthus_sinensis_ssp_transmorrisonensis_6wks vs control_15wks,FALSE
2402,-0.22726169302042365,22.521826474734823,-0.42353336759070537,0.685843420851953,0.7841920041544338,-6.136475690684428,miscanthus_sinensis_ssp_transmorrisonensis_6wks vs control_15wks,FALSE
4499,-0.6773602475620635,18.750283669531594,-0.42287733729409754,0.686297885253971,0.7842935836743594,-6.136776063904278,miscanthus_sinensis_ssp_transmorrisonensis_6wks vs control_15wks,FALSE
4515,0.39588359964631437,19.510176576245325,0.42246802116604143,0.6865815105427442,0.7842935836743594,-6.1369632528729134,miscanthus_sinensis_ssp_transmorrisonensis_6wks vs control_15wks,FALSE
1238,-0.761132634061024,20.035027569153428,-0.4217166695878215,0.6871022843217927,0.7845175420233701,-6.137306416838138,miscanthus_sinensis_ssp_transmorrisonensis_6wks vs control_15wks,FALSE
740,-0.9377076905947845,21.008470328221126,-0.4209819078781487,0.6876117390657642,0.7847283710830828,-6.137641446282056,miscanthus_sinensis_ssp_transmorrisonensis_6wks vs control_15wks,FALSE
619,-1.1889372629478068,21.606135566510176,-0.419579513668083,0.6885845961204329,0.785467603506594,-6.138279365570596,miscanthus_sinensis_ssp_transmorrisonensis_6wks vs control_15wks,FALSE
4353,0.6969737532443432,19.031614015391014,0.41806129839631767,0.6896385263521785,0.7862919425930932,-6.1389677037019785,miscanthus_sinensis_ssp_transmorrisonensis_6wks vs control_15wks,FALSE
673,0.24686468631433556,24.740880417293,0.4176010697249035,0.6899581615469196,0.7862919425930932,-6.1391758996453145,miscanthus_sinensis_ssp_transmorrisonensis_6wks vs control_15wks,FALSE
3043,0.7557980042790753,18.470730224860628,0.41563616385250163,0.6913235935453997,0.7873981330237665,-6.140062336662623,miscanthus_sinensis_ssp_transmorrisonensis_6wks vs control_15wks,FALSE
2920,-0.2818357607217372,20.826890540854805,-0.41526645991687067,0.6915806449819671,0.7873981330237665,-6.140228681268755,miscanthus_sinensis_ssp_transmorrisonensis_6wks vs control_15wks,FALSE
2746,0.24865191074484017,22.27169254743433,0.41226284193054064,0.6936706757900224,0.7892162241367005,-6.141574941233715,miscanthus_sinensis_ssp_transmorrisonensis_6wks vs control_15wks,FALSE
630,0.22075079605141923,24.665638973006427,0.4115601186565523,0.6941600790807612,0.7892162241367005,-6.141888576437362,miscanthus_sinensis_ssp_transmorrisonensis_6wks vs control_15wks,FALSE
4993,0.36349552015605724,21.771514894360337,0.4110610018106901,0.6945077800095442,0.7892162241367005,-6.142111031759712,miscanthus_sinensis_ssp_transmorrisonensis_6wks vs control_15wks,FALSE
2401,-0.2511313201320071,16.899665119756918,-0.41088597617358924,0.6946297275741968,0.7892162241367005,-6.142188979821289,miscanthus_sinensis_ssp_transmorrisonensis_6wks vs control_15wks,FALSE
2072,0.47188479061631483,19.05413128632531,0.4106261080900891,0.6948108065971697,0.7892162241367005,-6.142304654707388,miscanthus_sinensis_ssp_transmorrisonensis_6wks vs control_15wks,FALSE
4796,0.48344999115210996,19.170918348085998,0.4050625175602607,0.6986927875336728,0.7932527136660497,-6.144764545157619,miscanthus_sinensis_ssp_transmorrisonensis_6wks vs control_15wks,FALSE
5383,-0.37165800196259724,19.22120526365326,-0.4036182868761816,0.6997021153121367,0.7940255099079955,-6.145397899724491,miscanthus_sinensis_ssp_transmorrisonensis_6wks vs control_15wks,FALSE
5288,-0.3818627209448593,17.303365512081495,-0.4014530211472251,0.7012165954323839,0.7953705608284691,-6.146343438414488,miscanthus_sinensis_ssp_transmorrisonensis_6wks vs control_15wks,FALSE
621,0.9788459225476309,20.265106059747712,0.40018311401201356,0.7021055150796867,0.7960051264347832,-6.146895742669979,miscanthus_sinensis_ssp_transmorrisonensis_6wks vs control_15wks,FALSE
528,0.23611571917176732,23.8659677709731,0.3986137279512746,0.703204770837286,0.7965428221639951,-6.1475760008331255,miscanthus_sinensis_ssp_transmorrisonensis_6wks vs control_15wks,FALSE
19464,-0.2593481644716036,17.514507298330756,-0.3985646319096293,0.7032391720512423,0.7965428221639951,-6.147597240821972,miscanthus_sinensis_ssp_transmorrisonensis_6wks vs control_15wks,FALSE
719,0.21306052114628926,26.132448899121812,0.39727819632103195,0.7041408380623471,0.7968185624850636,-6.148152894757095,miscanthus_sinensis_ssp_transmorrisonensis_6wks vs control_15wks,FALSE
1173,-0.3280789946862228,17.34591799149141,-0.39727620906934924,0.7041422313351038,0.7968185624850636,-6.148153751796902,miscanthus_sinensis_ssp_transmorrisonensis_6wks vs control_15wks,FALSE
8118,0.2526710824781837,18.251416582336553,0.39608627616793657,0.7049767224863023,0.7973894014639075,-6.148666201564996,miscanthus_sinensis_ssp_transmorrisonensis_6wks vs control_15wks,FALSE
60,0.37645036703667145,18.320782326928374,0.39493358209922164,0.7057855219514138,0.7979306602876068,-6.149161221589566,miscanthus_sinensis_ssp_transmorrisonensis_6wks vs control_15wks,FALSE
7808,0.21252188820320939,20.003911442443577,0.39143081676444574,0.7082458212076046,0.8003376538997066,-6.150657054141051,miscanthus_sinensis_ssp_transmorrisonensis_6wks vs control_15wks,FALSE
3152,0.7901721351360216,19.706427852800395,0.390656660825398,0.7087900944121426,0.800578245955931,-6.150985942174465,miscanthus_sinensis_ssp_transmorrisonensis_6wks vs control_15wks,FALSE
1631,-0.31315745371895076,17.32067178229905,-0.39017688378762966,0.7091274968276677,0.8005850618390865,-6.151189457028357,miscanthus_sinensis_ssp_transmorrisonensis_6wks vs control_15wks,FALSE
2833,-0.6968486071630551,20.731829545974186,-0.3879349798306342,0.7107050570960118,0.8019913208519218,-6.152137287230509,miscanthus_sinensis_ssp_transmorrisonensis_6wks vs control_15wks,FALSE
225,-0.21912827179892247,21.15340599660524,-0.3850323486699009,0.7127498551124043,0.8036147598894507,-6.1533567330052215,miscanthus_sinensis_ssp_transmorrisonensis_6wks vs control_15wks,FALSE
994,-0.24369057524546278,23.32190298225004,-0.3849485126960942,0.712808952997969,0.8036147598894507,-6.153391824327185,miscanthus_sinensis_ssp_transmorrisonensis_6wks vs control_15wks,FALSE
2142,-0.2654097223349723,22.768117476112998,-0.3839238378694764,0.7135314437538385,0.8039593266058613,-6.153820135301198,miscanthus_sinensis_ssp_transmorrisonensis_6wks vs control_15wks,FALSE
5029,-0.5453726986755321,19.329109851498345,-0.38355581998643773,0.7137910089870212,0.8039593266058613,-6.153973700121989,miscanthus_sinensis_ssp_transmorrisonensis_6wks vs control_15wks,FALSE
2587,-0.3315595482999356,17.1319181179528,-0.3830995468997078,0.7141128786821931,0.8039593266058613,-6.154163896771502,miscanthus_sinensis_ssp_transmorrisonensis_6wks vs control_15wks,FALSE
22235,0.19861324439066408,17.139496591454566,0.3817825224186699,0.7150423068124191,0.8045802641314029,-6.154711685567922,miscanthus_sinensis_ssp_transmorrisonensis_6wks vs control_15wks,FALSE
16292,0.20810546695360443,17.086092941851472,0.381374344470412,0.7153304666201381,0.8045802641314029,-6.154881093537714,miscanthus_sinensis_ssp_transmorrisonensis_6wks vs control_15wks,FALSE
21717,-0.25058007944342364,17.520314865354173,-0.3806431208029571,0.7158468126243415,0.8047863654259697,-6.15518414454378,miscanthus_sinensis_ssp_transmorrisonensis_6wks vs control_15wks,FALSE
1180,-0.2268609065827718,24.74760539164995,-0.3796704290322531,0.7165339208137395,0.8051841640399975,-6.155586410652831,miscanthus_sinensis_ssp_transmorrisonensis_6wks vs control_15wks,FALSE
4301,-0.6111676904277523,19.98201959987823,-0.37919040107062957,0.7168731177997829,0.8051908194348095,-6.155784569001543,miscanthus_sinensis_ssp_transmorrisonensis_6wks vs control_15wks,FALSE
843,-1.041053793010839,20.90195212801762,-0.37871185531108326,0.7172113369784292,0.8051963708828462,-6.15598187739199,miscanthus_sinensis_ssp_transmorrisonensis_6wks vs control_15wks,FALSE
344,-0.7202172832922678,23.323043936479696,-0.3772789628079805,0.71822446914385,0.8059592742459553,-6.156571248849613,miscanthus_sinensis_ssp_transmorrisonensis_6wks vs control_15wks,FALSE
10010,0.3022833163812919,17.101857788996533,0.3761306041931316,0.7190368682079896,0.8064963201441517,-6.157042047416331,miscanthus_sinensis_ssp_transmorrisonensis_6wks vs control_15wks,FALSE
3569,-0.5913546211512966,21.205875637771427,-0.37450497851200687,0.7201875858948765,0.8074121612631191,-6.157706170270438,miscanthus_sinensis_ssp_transmorrisonensis_6wks vs control_15wks,FALSE
4720,-0.404165476186666,17.621925499248707,-0.37355437021825394,0.7208608526254456,0.8074644758344439,-6.158093252566401,miscanthus_sinensis_ssp_transmorrisonensis_6wks vs control_15wks,FALSE
3347,0.5183081686065627,18.713070466800428,0.373377244934029,0.7209863312520519,0.8074644758344439,-6.158165273092026,miscanthus_sinensis_ssp_transmorrisonensis_6wks vs control_15wks,FALSE
720,-0.18785941658856942,24.62959974213179,-0.37302358920234957,0.721236895219673,0.8074644758344439,-6.158308974636489,miscanthus_sinensis_ssp_transmorrisonensis_6wks vs control_15wks,FALSE
7350,-0.40223822374018425,19.195877116581812,-0.37250897397322724,0.7216015653372336,0.8074985557456028,-6.158517846680725,miscanthus_sinensis_ssp_transmorrisonensis_6wks vs control_15wks,FALSE
9035,-0.20757369900005074,17.98075264768658,-0.3708589238671612,0.7227713684403073,0.8084331602554549,-6.159185710348289,miscanthus_sinensis_ssp_transmorrisonensis_6wks vs control_15wks,FALSE
3202,0.19641188191148018,21.955791049470413,0.36939229769392135,0.7238118140474517,0.8092222779910426,-6.159776952799538,miscanthus_sinensis_ssp_transmorrisonensis_6wks vs control_15wks,FALSE
2650,0.5484742009083696,19.18734751899961,0.3685150073168974,0.7244344818319399,0.8095438057844435,-6.160129544682075,miscanthus_sinensis_ssp_transmorrisonensis_6wks vs control_15wks,FALSE
17182,-0.26488659190705377,16.980686131918855,-0.36759074155783117,0.72509073771972965,0.8098122876720096,-6.160500148807651,miscanthus_sinensis_ssp_transmorrisonensis_6wks vs control_15wks,FALSE
173,-0.19222694325387835,21.89365220177855,-0.36690901083463234,0.725574948539488,0.8098122876720096,-6.160772932658956,miscanthus_sinensis_ssp_transmorrisonensis_6wks vs control_15wks,FALSE
47,-0.21486221119339532,19.97303381652412,-0.3667607110314052,0.7256802991762834,0.8098122876720096,-6.160832208325694,miscanthus_sinensis_ssp_transmorrisonensis_6wks vs control_15wks,FALSE
1349,-0.4358719918427738,18.44317094175198,-0.365739365464857,0.7264060286713625,0.8102479064035142,-6.161239818843742,miscanthus_sinensis_ssp_transmorrisonensis_6wks vs control_15wks,FALSE
1817,-0.6372976622618971,19.708646131094067,-0.3641487813716293,0.7275368491601248,0.8111347612232863,-6.16187244066618,miscanthus_sinensis_ssp_transmorrisonensis_6wks vs control_15wks,FALSE
3283,0.40418408793404836,20.869667323847928,0.3630593324869551,0.7283118179226201,0.8116242398990084,-6.1623042226922555,miscanthus_sinensis_ssp_transmorrisonensis_6wks vs control_15wks,FALSE
283,0.20008544264933192,21.694098321106885,0.36185580665577405,0.7291683382168342,0.812204105639406,-6.162779776138138,miscanthus_sinensis_ssp_transmorrisonensis_6wks vs control_15wks,FALSE
3615,0.37438628000257523,17.753349492124634,0.3599346027577211,0.7305364887970383,0.8130512732428398,-6.16353577251501,miscanthus_sinensis_ssp_transmorrisonensis_6wks vs control_15wks,FALSE
2535,0.7029520674424248,19.837363268994995,0.3598427159622312,0.7306019512459458,0.8130512732428398,-6.163571833437647,miscanthus_sinensis_ssp_transmorrisonensis_6wks vs control_15wks,FALSE
3024,0.7275151996325242,19.001146758260635,0.3589239203434864,0.731256659099478,0.8134051972303586,-6.163931928872234,miscanthus_sinensis_ssp_transmorrisonensis_6wks vs control_15wks,FALSE
1840,-0.1851876392935523,22.831348558298764,-0.3567005122382722,0.732842009459212,0.8147935089063305,-6.164799676222211,miscanthus_sinensis_ssp_transmorrisonensis_6wks vs control_15wks,FALSE
7311,-0.23111865566534462,17.10427563596474,-0.3561220504956808,0.7332547026018295,0.8148773511895216,-6.165024589238085,miscanthus_sinensis_ssp_transmorrisonensis_6wks vs control_15wks,FALSE
13375,-0.28400272361500356,18.122665727782476,-0.35504599891650107,0.7340226487870142,0.8150514624016948,-6.165442039489403,miscanthus_sinensis_ssp_transmorrisonensis_6wks vs control_15wks,FALSE
3016,0.3013392177569436,18.60720842730696,0.35495713204263224,0.7340860853419238,0.8150514624016948,-6.1654764608737596,miscanthus_sinensis_ssp_transmorrisonensis_6wks vs control_15wks,FALSE
1701,0.19782874344493706,23.208678659323187,0.3541064019015032,0.7346934837135588,0.8151529053559053,-6.165805561173055,miscanthus_sinensis_ssp_transmorrisonensis_6wks vs control_15wks,FALSE
13985,0.23281293678564552,17.144190888826607,0.35388408442922653,0.7348522466329312,0.8151529053559053,-6.165891438543999,miscanthus_sinensis_ssp_transmorrisonensis_6wks vs control_15wks,FALSE
1195,0.196483050503776,22.776256036698022,0.35314350957186114,0.7353812133778881,0.8153003728439979,-6.166177136217007,miscanthus_sinensis_ssp_transmorrisonensis_6wks vs control_15wks,FALSE
1272,0.18653780151996102,23.309092792578774,0.3524471964098796,0.7358787087661391,0.8153003728439979,-6.166445234531876,miscanthus_sinensis_ssp_transmorrisonensis_6wks vs control_15wks,FALSE
2150,0.1837703186445836,23.293241248960715,0.35228087172910894,0.7359975633993209,0.8153003728439979,-6.166509198593582,miscanthus_sinensis_ssp_transmorrisonensis_6wks vs control_15wks,FALSE
345,0.19000863541037205,23.927368088473383,0.35041983877329225,0.737327984836567,0.8163998218905344,-6.167222924935425,miscanthus_sinensis_ssp_transmorrisonensis_6wks vs control_15wks,FALSE
876,-0.22379778627437474,24.241010275136784,-0.34797468977556123,0.7390774780727911,0.817569363710127,-6.168155144466064,miscanthus_sinensis_ssp_transmorrisonensis_6wks vs control_15wks,FALSE
95,-0.20331195794484103,27.59705621107922,-0.3479551423641893,0.7390914709851655,0.817569363710127,-6.168162571690719,miscanthus_sinensis_ssp_transmorrisonensis_6wks vs control_15wks,FALSE
174,0.20316177368122013,24.994153348761706,0.34752495565847585,0.7393994452428094,0.817569363710127,-6.168325923675808,miscanthus_sinensis_ssp_transmorrisonensis_6wks vs control_15wks,FALSE
902,0.18831430997416376,24.656437881251286,0.346412195220813,0.740196322157623,0.8176961803905425,-6.168747563648386,miscanthus_sinensis_ssp_transmorrisonensis_6wks vs control_15wks,FALSE
12657,0.25202111902750346,18.664868727882684,0.3461551917517314,0.7403804187116187,0.8176961803905425,-6.168844760905435,miscanthus_sinensis_ssp_transmorrisonensis_6wks vs control_15wks,FALSE
2295,-0.23256263564456958,21.506592453410814,-0.3459471064416813,0.740529487870243,0.8176961803905425,-6.168923406770344,miscanthus_sinensis_ssp_transmorrisonensis_6wks vs control_15wks,FALSE
12924,0.19791127331986758,19.281380452765383,0.3439086560588034,0.7419904463592479,0.8189350929209425,-6.169691433813954,miscanthus_sinensis_ssp_transmorrisonensis_6wks vs control_15wks,FALSE
8820,0.32971106439378417,17.726867332691125,0.3433278536667454,0.7424069210526892,0.819020603316574,-6.169909463412986,miscanthus_sinensis_ssp_transmorrisonensis_6wks vs control_15wks,FALSE
2530,-0.2000434223297738,17.609753238398536,-0.34144273131652364,0.7437593310337375,0.8201380847911957,-6.170614682795587,miscanthus_sinensis_ssp_transmorrisonensis_6wks vs control_15wks,FALSE
8343,-0.47792684536266705,18.22948587433099,-0.33625832646020426,0.7474837756980575,0.8238689790540634,-6.1725348708989225,miscanthus_sinensis_ssp_transmorrisonensis_6wks vs control_15wks,FALSE
579,0.22064437730033504,22.269467909948986,0.3350675676743359,0.7483402563951569,0.8244368716145458,-6.172971903600043,miscanthus_sinensis_ssp_transmorrisonensis_6wks vs control_15wks,FALSE
4046,0.32650038403926374,17.835237888015538,0.32676449490013043,0.7543231715200205,0.8306493994495759,-6.1759777203320105,miscanthus_sinensis_ssp_transmorrisonensis_6wks vs control_15wks,FALSE
2882,0.3734207006337975,18.52852276916825,0.32390319021776187,0.7563892378886418,0.8325450563731018,-6.176996676163602,miscanthus_sinensis_ssp_transmorrisonensis_6wks vs control_15wks,FALSE
2641,-0.4385828834467844,20.042662084553257,-0.32323044394408335,0.7568753260078626,0.8327007229667559,-6.177234994416054,miscanthus_sinensis_ssp_transmorrisonensis_6wks vs control_15wks,FALSE
9699,0.16862559287823586,17.697692195832055,0.32006959376056654,0.7591607837234173,0.8348349810995795,-6.178348302949722,miscanthus_sinensis_ssp_transmorrisonensis_6wks vs control_15wks,FALSE
2177,-0.5299297793883433,19.535700884619487,-0.3192760685103524,0.7597349579890795,0.8350862868524186,-6.178626135456509,miscanthus_sinensis_ssp_transmorrisonensis_6wks vs control_15wks,FALSE
2563,-0.1651242418918244,23.31695875827091,-0.3176631803133825,0.7609025122761279,0.8359892995266599,-6.179188790669134,miscanthus_sinensis_ssp_transmorrisonensis_6wks vs control_15wks,FALSE
1995,0.4616340835435757,20.692114142740472,0.31594992296813523,0.7621434692580609,0.8369721007852159,-6.179783439368535,miscanthus_sinensis_ssp_transmorrisonensis_6wks vs control_15wks,FALSE
2841,0.15519374731218605,22.10300246200405,0.31510210500117386,0.7627578492744256,0.8372662261912821,-6.1800765543387115,miscanthus_sinensis_ssp_transmorrisonensis_6wks vs control_15wks,FALSE
177,0.16941919057099852,22.76008266086574,0.31094768147399887,0.7657710904901447,0.8399229900960292,-6.181501831113644,miscanthus_sinensis_ssp_transmorrisonensis_6wks vs control_15wks,FALSE
1216,-0.4103968868425518,19.618007404856417,-0.3108066114768769,0.7658734880718345,0.8399229900960292,-6.18154990694239,miscanthus_sinensis_ssp_transmorrisonensis_6wks vs control_15wks,FALSE
12325,-0.3630251129869073,17.91261568837158,-0.30964245380999245,0.7667187029728991,0.8404684148741035,-6.181945837955422,miscanthus_sinensis_ssp_transmorrisonensis_6wks vs control_15wks,FALSE
5588,-0.4290494997961609,19.661741962984436,-0.3071832484454464,0.7685053036159687,0.8420448133950931,-6.18277748099875,miscanthus_sinensis_ssp_transmorrisonensis_6wks vs control_15wks,FALSE
13,0.15516102789762698,21.04697249262445,0.3064404692294483,0.7690452322779333,0.8422079907691247,-6.183027406404634,miscanthus_sinensis_ssp_transmorrisonensis_6wks vs control_15wks,FALSE
3125,0.46843198565151667,19.866686687457356,0.30601933002568643,0.7693514220312327,0.8422079907691247,-6.183168847851102,miscanthus_sinensis_ssp_transmorrisonensis_6wks vs control_15wks,FALSE
2352,0.20068036416823176,18.55818752267108,0.3043518348856124,0.7705642176494536,0.8429262670266955,-6.183727030759303,miscanthus_sinensis_ssp_transmorrisonensis_6wks vs control_15wks,FALSE
18601,-0.21287465687491647,17.307707199654338,-0.3041578531683355,0.770705349280617,0.8429262670266955,-6.183791772725472,miscanthus_sinensis_ssp_transmorrisonensis_6wks vs control_15wks,FALSE
3422,0.3711439160191894,17.45545116958336,0.2987255697939063,0.7746614513012813,0.8468697132777807,-6.1855885398536925,miscanthus_sinensis_ssp_transmorrisonensis_6wks vs control_15wks,FALSE
11793,-0.24844336205271134,17.610575859682896,-0.29719646494363244,0.7757763610844387,0.8477049698688394,-6.186088630694047,miscanthus_sinensis_ssp_transmorrisonensis_6wks vs control_15wks,FALSE
2644,0.47101300024131376,21.021956467031245,0.29354865800018193,0.7784384020024765,0.84986535845196165,-6.18727156674867,miscanthus_sinensis_ssp_transmorrisonensis_6wks vs control_15wks,FALSE
20769,0.1717301703678089,17.028902905221415,0.29352323062161084,0.7784569694760726,0.84986535845196165,-6.1872797626730875,miscanthus_sinensis_ssp_transmorrisonensis_6wks vs control_15wks,FALSE
7321,-0.1621922788668364,20.245651092353953,-0.29121289093862035,0.7801446747416214,0.8513231861679121,-6.188021565614478,miscanthus_sinensis_ssp_transmorrisonensis_6wks vs control_15wks,FALSE
1749,0.1614051806555814,22.534196193178133,0.2903240631423977,0.7807943102472071,0.8516474282425519,-6.188305431365398,miscanthus_sinensis_ssp_transmorrisonensis_6wks vs control_15wks,FALSE
6076,-0.21650427856135934,18.242177551596363,-0.2888873912483282,0.7818447642447858,0.8523894491188019,-6.188762477384785,miscanthus_sinensis_ssp_transmorrisonensis_6wks vs control_15wks,FALSE
3341,0.16310107440393296,21.476026151579756,0.2884287444606954,0.7821802188312846,0.8523894491188019,-6.188907921307731,miscanthus_sinensis_ssp_transmorrisonensis_6wks vs control_15wks,FALSE
862,-0.1572506574505823,25.570863830314224,-0.2869630490461501,0.783252568967012,0.8528531482222299,-6.189371207814142,miscanthus_sinensis_ssp_transmorrisonensis_6wks vs control_15wks,FALSE
443,-0.16908712656189095,21.16338746597507,-0.2856827638229581,0.7841896887661387,0.8528531482222299,-6.1897740084860295,miscanthus_sinensis_ssp_transmorrisonensis_6wks vs control_15wks,FALSE
2635,-0.32904376736913576,19.248112051592365,-0.2856366697701209,0.7842234351627035,0.8528531482222299,-6.189788477795489,miscanthus_sinensis_ssp_transmorrisonensis_6wks vs control_15wks,FALSE
2058,-0.37181684162029427,18.741650292026833,-0.28489426822244673,0.7847670323589062,0.8528531482222299,-6.190021210656962,miscanthus_sinensis_ssp_transmorrisonensis_6wks vs control_15wks,FALSE
237,0.9143476981350602,20.72206441551776,0.28471523154846357,0.7848981452846272,0.8528531482222299,-6.190077247961733,miscanthus_sinensis_ssp_transmorrisonensis_6wks vs control_15wks,FALSE
4702,-0.19742129308003342,19.743003187233565,-0.28432242991957907,0.7851858302529536,0.8528531482222299,-6.190200072088399,miscanthus_sinensis_ssp_transmorrisonensis_6wks vs control_15wks,FALSE
4167,-0.5181206229433108,17.939335351914394,-0.2842930197697372,0.7852073715040454,0.8528531482222299,-6.190209261626568,miscanthus_sinensis_ssp_transmorrisonensis_6wks vs control_15wks,FALSE
1063,0.39040710135730805,19.031065374169813,0.28398943604802596,0.7854297412228732,0.8528531482222299,-6.190304065730779,miscanthus_sinensis_ssp_transmorrisonensis_6wks vs control_15wks,FALSE
1978,-0.2126668227662023,23.49134042833357,-0.28274963856761143,0.7863380981862326,0.8534559053090467,-6.19069020939674,miscanthus_sinensis_ssp_transmorrisonensis_6wks vs control_15wks,FALSE
9572,-0.2825875607267889,18.637714910692644,-0.28051748180545794,0.7879744391997565,0.8548478873401939,-6.1913812803465795,miscanthus_sinensis_ssp_transmorrisonensis_6wks vs control_15wks,FALSE
7733,-0.18267408785282413,18.030569626095083,-0.2800293501402452,0.7883324332986044,0.8548524052286481,-6.191531693552186,miscanthus_sinensis_ssp_transmorrisonensis_6wks vs control_15wks,FALSE
2468,-0.2724895957324449,18.46751329176503,-0.2794370750329533,0.7887668809447693,0.8549397866139805,-6.191713854698778,miscanthus_sinensis_ssp_transmorrisonensis_6wks vs control_15wks,FALSE
2526,-0.37302345962500283,19.205701649020956,-0.27745394739939067,0.7902221489435012,0.8561330546401341,-6.192321051318941,miscanthus_sinensis_ssp_transmorrisonensis_6wks vs control_15wks,FALSE
1057,0.16447269552026356,25.31376636062069,0.27654909016204465,0.7908864600961096,0.8563446054855577,-6.192596700585602,miscanthus_sinensis_ssp_transmorrisonensis_6wks vs control_15wks,FALSE
14587,-0.2405096919142906,17.9713265996289,-0.2762224577139081,0.79112630771679,0.8563446054855577,-6.192695987837912,miscanthus_sinensis_ssp_transmorrisonensis_6wks vs control_15wks,FALSE
7363,0.2582105398404302,17.969067378715522,0.27520147850771,0.7918761765978364,0.8567724328976143,-6.193005599285997,miscanthus_sinensis_ssp_transmorrisonensis_6wks vs control_15wks,FALSE
65,0.2667290806802498,18.408157536124005,0.27348763581692204,0.7931354676521934,0.8572970687458462,-6.193522806296104,miscanthus_sinensis_ssp_transmorrisonensis_6wks vs control_15wks,FALSE
7556,0.3109685029208187,17.619301878787816,0.27345164832733365,0.7931619176590606,0.8572970687458462,-6.193533632878013,miscanthus_sinensis_ssp_transmorrisonensis_6wks vs control_15wks,FALSE
2063,0.5874016581307018,19.89486101665381,0.2730929103412534,0.793425598392265,0.8572970687458462,-6.193641480652213,miscanthus_sinensis_ssp_transmorrisonensis_6wks vs control_15wks,FALSE
108,-0.1660575767862582,26.34316843083444,-0.271076667522299,0.7949081322760909,0.8584042067399519,-6.194245054755473,miscanthus_sinensis_ssp_transmorrisonensis_6wks vs control_15wks,FALSE
1950,0.1475871353808813,22.520759663936133,0.27073309733247025,0.7951608504486807,0.8584042067399519,-6.194347469084319,miscanthus_sinensis_ssp_transmorrisonensis_6wks vs control_15wks,FALSE
2944,-0.19101640285397536,17.61165774699323,-0.2691159481983101,0.7963507292519747,0.8593047618904738,-6.194827819206269,miscanthus_sinensis_ssp_transmorrisonensis_6wks vs control_15wks,FALSE
4635,-0.5053406359183903,19.384823880091684,-0.26757374971237147,0.7974860123380711,0.8601456275932052,-6.195283287931226,miscanthus_sinensis_ssp_transmorrisonensis_6wks vs control_15wks,FALSE
2190,-0.1684656448349564,17.71570631766828,-0.2659619037825824,0.7986731390838537,0.8605980558264558,-6.195756592928231,miscanthus_sinensis_ssp_transmorrisonensis_6wks vs control_15wks,FALSE
2759,-0.14701144215392858,17.211971082897872,-0.26588681183023066,0.7987284586357457,0.8605980558264558,-6.195778574924817,miscanthus_sinensis_ssp_transmorrisonensis_6wks vs control_15wks,FALSE
6023,0.22996310034343992,18.443757089089722,0.265553386011652,0.7989741056368957,0.8605980558264558,-6.195876106863209,miscanthus_sinensis_ssp_transmorrisonensis_6wks vs control_15wks,FALSE
2869,0.5323846264491436,20.09669614081544,0.26306011038189003,0.8008117801124643,0.8620493707186168,-6.196601634778912,miscanthus_sinensis_ssp_transmorrisonensis_6wks vs control_15wks,FALSE
2993,0.33463377676256556,19.084147530315732,0.2627572276567985,0.8010351147612974,0.8620493707186168,-6.196689316028027,miscanthus_sinensis_ssp_transmorrisonensis_6wks vs control_15wks,FALSE
6227,0.32094748865499056,19.942135690985673,0.2611379784908945,0.802229434523265,0.862950273289496,-6.19715639543432,miscanthus_sinensis_ssp_transmorrisonensis_6wks vs control_15wks,FALSE
1822,-0.1410710710089873,22.522888266961193,-0.2601106719735948,0.802987451460522,0.8631525318078439,-6.197451262366547,miscanthus_sinensis_ssp_transmorrisonensis_6wks vs control_15wks,FALSE
2333,-0.15203512428028887,23.039981180978963,-0.25991481899809465,0.8031319915165699,0.8631525318078439,-6.197507348850776,miscanthus_sinensis_ssp_transmorrisonensis_6wks vs control_15wks,FALSE
4,-0.12834564597741505,23.795218778025895,-0.25773078529101223,0.8047443840965413,0.8645008590383475,-6.1981299909103695,miscanthus_sinensis_ssp_transmorrisonensis_6wks vs control_15wks,FALSE
8688,0.25301425112380116,17.515314969868296,0.25444568009023605,0.807171613128639,0.8667229410305741,-6.199056850731407,miscanthus_sinensis_ssp_transmorrisonensis_6wks vs control_15wks,FALSE
441,0.6327096579932139,19.93678097533853,0.25176983631613375,0.8091504034125558,0.8684617390691848,-6.199803209777702,miscanthus_sinensis_ssp_transmorrisonensis_6wks vs control_15wks,FALSE
98,-0.22191015741272935,25.960783825724683,-0.2501731292575754,0.8103318993625631,0.8693436362610802,-6.200244888812691,miscanthus_sinensis_ssp_transmorrisonensis_6wks vs control_15wks,FALSE
6545,0.14435780245261753,19.93663428025144,0.24764034003478158,0.8122071649052022,0.8709687130097508,-6.200939857381478,miscanthus_sinensis_ssp_transmorrisonensis_6wks vs control_15wks,FALSE
4377,-0.12739555124980484,17.161638567071716,-0.24540475907484768,0.8138634996020143,0.8723323525886035,-6.201547515604809,miscanthus_sinensis_ssp_transmorrisonensis_6wks vs control_15wks,FALSE
3191,0.5113575984407284,19.04772950160467,0.24448501933418157,0.8145452347918622,0.8723323525886035,-6.201795943361045,miscanthus_sinensis_ssp_transmorrisonensis_6wks vs control_15wks,FALSE
4187,0.15343486765227254,21.985057549419516,0.2444624066624974,0.814561998112537,0.8723323525886035,-6.201802039670699,miscanthus_sinensis_ssp_transmorrisonensis_6wks vs control_15wks,FALSE
2802,-0.16365207909586132,17.358061682760653,-0.24258493641857487,0.8159541819198664,0.8734361114392543,-6.2023062708291805,miscanthus_sinensis_ssp_transmorrisonensis_6wks vs control_15wks,FALSE
13894,-0.21365559718556426,18.063505102289977,-0.23815013383232492,0.8192455596498829,0.8765709796785284,-6.2034821762815096,miscanthus_sinensis_ssp_transmorrisonensis_6wks vs control_15wks,FALSE
6702,0.1262293426352059,20.73698322413563,0.23578497804212392,0.8210025428344923,0.877796875360063,-6.204100598489769,miscanthus_sinensis_ssp_transmorrisonensis_6wks vs control_15wks,FALSE
1037,-0.17508200347162628,23.026120227702414,-0.23495395483831794,0.8216201454192077,0.877796875360063,-6.204316448848094,miscanthus_sinensis_ssp_transmorrisonensis_6wks vs control_15wks,FALSE
12874,0.2188610158735571,18.097810925609192,0.23465711185044008,0.8218407877346431,0.877796875360063,-6.204393369551012,miscanthus_sinensis_ssp_transmorrisonensis_6wks vs control_15wks,FALSE
4560,-0.39857844396548714,18.22768008496965,-0.23465199518747776,0.8218445910862842,0.877796875360063,-6.20439469459073,miscanthus_sinensis_ssp_transmorrisonensis_6wks vs control_15wks,FALSE
4799,-0.28224073537631256,18.364726066928327,-0.23271474413401003,0.8232849768111116,0.8789467538557869,-6.2048943362887545,miscanthus_sinensis_ssp_transmorrisonensis_6wks vs control_15wks,FALSE
4996,-0.416451523197118,18.33588617533343,-0.22910965062334962,0.8259674168567072,0.8811290977323522,-6.205813300505476,miscanthus_sinensis_ssp_transmorrisonensis_6wks vs control_15wks,FALSE
2255,0.5967414457745299,19.94295807438398,0.22887088227053642,0.826145167325648,0.8811290977323522,-6.205873666348378,miscanthus_sinensis_ssp_transmorrisonensis_6wks vs control_15wks,FALSE
5958,0.18749103963792635,20.463696880528804,0.22823799407284423,0.8266163731786644,0.8811290977323522,-6.206033374887359,miscanthus_sinensis_ssp_transmorrisonensis_6wks vs control_15wks,FALSE
3179,-0.2279547535580413,18.224886433336938,-0.22800758366920904,0.8267879406288254,0.8811290977323522,-6.206091410702306,miscanthus_sinensis_ssp_transmorrisonensis_6wks vs control_15wks,FALSE
601,0.21641390103679825,20.25022222899872,0.2270834721940973,0.8274761533801529,0.8814737154173057,-6.206323596930617,miscanthus_sinensis_ssp_transmorrisonensis_6wks vs control_15wks,FALSE
2178,-0.176494324720462,21.496415009532654,-0.225745097463159,0.8284731738047361,0.8821468435047344,-6.206658224248312,miscanthus_sinensis_ssp_transmorrisonensis_6wks vs control_15wks,FALSE
18,-0.13221176512620403,22.473351056732778,-0.22429459015642614,0.8295541176918153,0.8829086997107604,-6.207018690648649,miscanthus_sinensis_ssp_transmorrisonensis_6wks vs control_15wks,FALSE
7907,-0.14943372978628133,17.3552803499327,-0.22269470788756077,0.830746846678965,0.8831859833021763,-6.207413627127615,miscanthus_sinensis_ssp_transmorrisonensis_6wks vs control_15wks,FALSE
6084,0.2503447640524783,18.695637239442494,0.22253128473778064,0.8308687078730449,0.8831859833021763,-6.207453812117352,miscanthus_sinensis_ssp_transmorrisonensis_6wks vs control_15wks,FALSE
9243,0.1477374113294232,18.10019918864299,0.22247414597396734,0.8309113162441419,0.8831859833021763,-6.2074678554238485,miscanthus_sinensis_ssp_transmorrisonensis_6wks vs control_15wks,FALSE
1115,-0.16616976894415814,18.839207378381012,-0.22097823255192683,0.832027039568205,0.8839630449042986,-6.2078342515446945,miscanthus_sinensis_ssp_transmorrisonensis_6wks vs control_15wks,FALSE
2035,-0.2636481519119336,21.877852056144512,-0.22051296857850367,0.8323741420352977,0.8839630449042986,-6.207947713278848,miscanthus_sinensis_ssp_transmorrisonensis_6wks vs control_15wks,FALSE
4008,-0.20727663743003788,17.586517366496835,-0.21983869413741225,0.8328772458507733,0.8841087108855308,-6.208111727658301,miscanthus_sinensis_ssp_transmorrisonensis_6wks vs control_15wks,FALSE
1973,-0.3066016901041486,19.03765975223769,-0.21790467210931547,0.8343207733080684,0.885252080945232,-6.208579426994572,miscanthus_sinensis_ssp_transmorrisonensis_6wks vs control_15wks,FALSE
2358,0.15194809583264046,22.604584473705952,0.21722316491647528,0.8348296077260626,0.8854031309333483,-6.208743264467975,miscanthus_sinensis_ssp_transmorrisonensis_6wks vs control_15wks,FALSE
3683,0.15053140375012575,22.71331782945734,0.21431802176049827,0.8369996452408017,0.8873151131644479,-6.209436004358825,miscanthus_sinensis_ssp_transmorrisonensis_6wks vs control_15wks,FALSE
1277,-0.11056246229696143,22.447754680633683,-0.21357010870826584,0.8375585615145738,0.8875181950084254,-6.209612859246003,miscanthus_sinensis_ssp_transmorrisonensis_6wks vs control_15wks,FALSE
129,-0.11483951670847148,22.99472642845659,-0.21151024518331424,0.8390984291332052,0.8884906154303251,-6.210096794453892,miscanthus_sinensis_ssp_transmorrisonensis_6wks vs control_15wks,FALSE
23,0.11647976409103933,22.825781995482945,0.21135869997280649,0.8392117485149014,0.8884906154303251,-6.210132215287433,miscanthus_sinensis_ssp_transmorrisonensis_6wks vs control_15wks,FALSE
2097,-0.23030893737729485,18.02102574481188,-0.210583340073172,0.8397915964973299,0.888715066639312,-6.210313049524065,miscanthus_sinensis_ssp_transmorrisonensis_6wks vs control_15wks,FALSE
6928,-0.1580990816973724,20.80719914418402,-0.20978061553712643,0.8403920235717036,0.8889610897325902,-6.210499575746046,miscanthus_sinensis_ssp_transmorrisonensis_6wks vs control_15wks,FALSE
168,0.12323300353876476,25.87681500686852,0.2032579928654848,0.8452751283665864,0.8937351029031391,-6.211989167924348,miscanthus_sinensis_ssp_transmorrisonensis_6wks vs control_15wks,FALSE
21778,-0.14366509353315493,17.372376330522233,-0.20271930191442006,0.8456787506989027,0.8937707181489716,-6.212110115824321,miscanthus_sinensis_ssp_transmorrisonensis_6wks vs control_15wks,FALSE
48,0.11460107329730107,20.260916129159696,0.19783882676859194,0.8493378142439327,0.8972453691356981,-6.213191452713417,miscanthus_sinensis_ssp_transmorrisonensis_6wks vs control_15wks,FALSE
212,-0.2014343378269956,17.926374239350487,-0.1932152700315535,0.852808008383366,0.9005175473139041,-6.214191864460317,miscanthus_sinensis_ssp_transmorrisonensis_6wks vs control_15wks,FALSE
13218,0.16538843327130692,17.90082851340871,0.18895231762687234,0.856010715422002,0.9035045384270672,-6.215093541571641,miscanthus_sinensis_ssp_transmorrisonensis_6wks vs control_15wks,FALSE
1267,0.4321466220743453,19.29471157255756,0.18777888915807775,0.8568928226325123,0.9040406373275764,-6.215338249381366,miscanthus_sinensis_ssp_transmorrisonensis_6wks vs control_15wks,FALSE
1669,-0.09280234565662937,23.629381330799063,-0.1868872379657644,0.8575632576468943,0.9043530469117838,-6.21552318746799,miscanthus_sinensis_ssp_transmorrisonensis_6wks vs control_15wks,FALSE
5861,-0.2882836201181185,18.398162943910698,-0.18579989615389855,0.8583810069240033,0.9044179072355445,-6.215747536112543,miscanthus_sinensis_ssp_transmorrisonensis_6wks vs control_15wks,FALSE
3998,0.17583587694599956,17.54273059659321,0.1857187391861181,0.8584420496955103,0.9044179072355445,-6.215764229124505,miscanthus_sinensis_ssp_transmorrisonensis_6wks vs control_15wks,FALSE
4529,0.1661540545856326,19.39819392802978,0.1853122653884172,0.8587477976814317,0.9044179072355445,-6.2158477273830695,miscanthus_sinensis_ssp_transmorrisonensis_6wks vs control_15wks,FALSE
11880,0.09364942467416526,17.802386470315493,0.1839685589273708,0.8597587167143882,0.9050880433908332,-6.216122465301154,miscanthus_sinensis_ssp_transmorrisonensis_6wks vs control_15wks,FALSE
11569,0.1236113453556662,17.59790924124751,0.1820910692678997,0.861171701503361,0.9060096940185492,-6.21650302999907,miscanthus_sinensis_ssp_transmorrisonensis_6wks vs control_15wks,FALSE
4430,-0.1043827335129528,17.34076984842292,-0.18180875609133831,0.8613842165399866,0.9060096940185492,-6.216559920521956,miscanthus_sinensis_ssp_transmorrisonensis_6wks vs control_15wks,FALSE
4889,-0.15550622114310997,19.754671542235226,-0.17936745781763486,0.8632224584004673,0.9075480676655915,-6.2170482372295535,miscanthus_sinensis_ssp_transmorrisonensis_6wks vs control_15wks,FALSE
8568,0.26381531761611043,18.718352799115397,0.1782700357818988,0.8640490948467856,0.9080220152891839,-6.217265619035619,miscanthus_sinensis_ssp_transmorrisonensis_6wks vs control_15wks,FALSE
1900,0.29440201335286886,21.773343565487238,0.1771884303401724,0.8648639996085222,0.9084832274148651,-6.217478575861231,miscanthus_sinensis_ssp_transmorrisonensis_6wks vs control_15wks,FALSE
752,-0.12915924439668913,17.21578584318248,-0.1737422749509919,0.8674616012846423,0.9106844736967794,-6.218148531745663,miscanthus_sinensis_ssp_transmorrisonensis_6wks vs control_15wks,FALSE
4095,0.21981390313927562,18.70955491950535,0.1734083025262855,0.8677134347889015,0.9106844736967794,-6.2182127657754185,miscanthus_sinensis_ssp_transmorrisonensis_6wks vs control_15wks,FALSE
1884,-0.12982210258218174,21.952221141202493,-0.17182517675335537,0.8689074263480251,0.9115416161775199,-6.218515588408388,miscanthus_sinensis_ssp_transmorrisonensis_6wks vs control_15wks,FALSE
8267,0.14651298462312212,17.90066126122778,0.1697804526811044,0.8704501079770094,0.9127636548925585,-6.218902635316495,miscanthus_sinensis_ssp_transmorrisonensis_6wks vs control_15wks,FALSE
352,-0.12888777394120865,24.631174322797378,-0.16834693127540076,0.8715320242686775,0.9135016792334598,-6.219171250211937,miscanthus_sinensis_ssp_transmorrisonensis_6wks vs control_15wks,FALSE
2726,-0.3569102870980636,19.966339973564324,-0.16639206006937604,0.8730079012850341,0.9146518167843203,-6.219533918981488,miscanthus_sinensis_ssp_transmorrisonensis_6wks vs control_15wks,FALSE
13898,0.13764447383251266,18.356376067945266,0.1651072703670839,0.8739781857940138,0.9152714767569732,-6.2197699877203,miscanthus_sinensis_ssp_transmorrisonensis_6wks vs control_15wks,FALSE
10821,-0.13660455206870026,18.161279760641094,-0.16351648840484967,0.8751798867801388,0.9161328450870084,-6.2200597666674184,miscanthus_sinensis_ssp_transmorrisonensis_6wks vs control_15wks,FALSE
7126,-0.21669224101218987,18.290225716828726,-0.16224127852435097,0.8761434600797352,0.9167443047001473,-6.220290052239959,miscanthus_sinensis_ssp_transmorrisonensis_6wks vs control_15wks,FALSE
8811,-0.17755365275486312,17.948410307230223,-0.16133663791981812,0.876827163456084,0.9170625224718177,-6.220452334181317,miscanthus_sinensis_ssp_transmorrisonensis_6wks vs control_15wks,FALSE
5113,0.2330481830143576,19.89262058480323,0.15857556700960398,0.8789146161343633,0.918847993327833,-6.220942073610621,miscanthus_sinensis_ssp_transmorrisonensis_6wks vs control_15wks,FALSE
1922,-0.31953592971024136,20.552866323182585,-0.15467809337774377,0.881863012674523,0.9215315910993286,-6.221619107220777,miscanthus_sinensis_ssp_transmorrisonensis_6wks vs control_15wks,FALSE
319,0.1034758975728316,25.280157245842318,0.150386348484492,0.8851120403429297,0.9245268869297528,-6.222345289418465,miscanthus_sinensis_ssp_transmorrisonensis_6wks vs control_15wks,FALSE
7551,-0.10008472469205998,18.262725763330053,-0.1493649488184592,0.8858856407675672,0.9246717212948098,-6.22251512702631,miscanthus_sinensis_ssp_transmorrisonensis_6wks vs control_15wks,FALSE
2943,0.23965575127354555,20.593428336105408,0.14919264372840962,0.8860161567870384,0.9246717212948098,-6.2225436645261185,miscanthus_sinensis_ssp_transmorrisonensis_6wks vs control_15wks,FALSE
2794,0.3086318558151433,19.685568741263538,0.14659049604663224,0.8879876747445348,0.9263291114778912,-6.2229706607291995,miscanthus_sinensis_ssp_transmorrisonensis_6wks vs control_15wks,FALSE
4562,0.10760407415414264,17.539856417190002,0.14526628743805506,0.8889912957523829,0.9266429455058252,-6.223185090775528,miscanthus_sinensis_ssp_transmorrisonensis_6wks vs control_15wks,FALSE
453,0.3200427943052624,22.79337265922924,0.14518144259174462,0.8890556074844795,0.9266429455058252,-6.223198763888362,miscanthus_sinensis_ssp_transmorrisonensis_6wks vs control_15wks,FALSE
7919,-0.220149058183722,18.932740959822535,-0.1431636183372921,0.8905853706128676,0.9278371088403139,-6.223521606754605,miscanthus_sinensis_ssp_transmorrisonensis_6wks vs control_15wks,FALSE
459,-0.07982292244734523,24.831422295164316,-0.14208134377420717,0.891406080556548,0.9282918494071639,-6.223692916548404,miscanthus_sinensis_ssp_transmorrisonensis_6wks vs control_15wks,FALSE
6171,0.11648570064675567,17.641417838689556,0.14076606864985097,0.892403675232754,0.928494148728567,-6.223899368785375,miscanthus_sinensis_ssp_transmorrisonensis_6wks vs control_15wks,FALSE
6768,0.1756092134197189,18.551874489018402,0.1404809452613911,0.8926199604929264,0.928494148728567,-6.22394387160172,miscanthus_sinensis_ssp_transmorrisonensis_6wks vs control_15wks,FALSE
1029,-0.12343843490362261,19.03208034034968,-0.14030520935765067,0.8927532729703895,0.928494148728567,-6.223971256270424,miscanthus_sinensis_ssp_transmorrisonensis_6wks vs control_15wks,FALSE
1563,-0.16429407926889894,20.13760287113674,-0.13894276160034236,0.8937869480953359,0.9291692197066831,-6.224182408831591,miscanthus_sinensis_ssp_transmorrisonensis_6wks vs control_15wks,FALSE
14080,0.12640898038642234,17.546754093885436,0.13784422374894298,0.8946205619791179,0.9296358183834618,-6.224351169530374,miscanthus_sinensis_ssp_transmorrisonensis_6wks vs control_15wks,FALSE
5997,0.08357609887410433,17.371655241005204,0.13278557695570498,0.8984611247680789,0.9332253127427681,-6.225111110124018,miscanthus_sinensis_ssp_transmorrisonensis_6wks vs control_15wks,FALSE
5771,0.10452395853400986,20.03266204789288,0.1315855474272116,0.8993726373569887,0.9337706454037321,-6.225287240853937,miscanthus_sinensis_ssp_transmorrisonensis_6wks vs control_15wks,FALSE
2821,-0.2046787158211245,18.633895081395703,-0.12979001919354724,0.9007367856948029,0.9347852552571494,-6.225547804710913,miscanthus_sinensis_ssp_transmorrisonensis_6wks vs control_15wks,FALSE
25,-0.08773892392338922,26.37116262751167,-0.12471941326661469,0.9045911314869248,0.9381827736169944,-6.22626441463188,miscanthus_sinensis_ssp_transmorrisonensis_6wks vs control_15wks,FALSE
1212,0.06918169701818044,22.49289690715674,0.12446158131619185,0.9047871947548001,0.9381827736169944,-6.226300094114844,miscanthus_sinensis_ssp_transmorrisonensis_6wks vs control_15wks,FALSE
1915,0.07320072807253197,22.870848857902807,0.12329940808705865,0.9056710366050617,0.9386963639801926,-6.226460006879766,miscanthus_sinensis_ssp_transmorrisonensis_6wks vs control_15wks,FALSE
6690,0.13434569005552532,18.04881153449441,0.12168034208965463,0.9069025924152376,0.9395697526909152,-6.2266802986385015,miscanthus_sinensis_ssp_transmorrisonensis_6wks vs control_15wks,FALSE
4869,-0.2906136393693899,19.424824817294464,-0.12028961842878622,0.9079606815372718,0.9402627546481135,-6.226867208276455,miscanthus_sinensis_ssp_transmorrisonensis_6wks vs control_15wks,FALSE
15013,0.10332995997286076,17.718698355972148,0.11934081661279733,0.9086826654929987,0.940607249284955,-6.22699349764583,miscanthus_sinensis_ssp_transmorrisonensis_6wks vs control_15wks,FALSE
7597,-0.10086152712260699,17.469423363042655,-0.11873344627643222,0.909144889202034,0.9406826776497277,-6.227073818528495,miscanthus_sinensis_ssp_transmorrisonensis_6wks vs control_15wks,FALSE
15609,0.09453999595370988,17.92871434829217,0.11435121508356044,0.9124810032403113,0.94364036539938,-6.227641248939826,miscanthus_sinensis_ssp_transmorrisonensis_6wks vs control_15wks,FALSE
3686,-0.161136758605668,21.416119140247016,-0.11372684753551349,0.9129564819050318,0.94364036539938,-6.227720365713702,miscanthus_sinensis_ssp_transmorrisonensis_6wks vs control_15wks,FALSE
1650,0.1800061146246641,18.545304989740938,0.11343971759792708,0.913175154927049,0.94364036539938,-6.227756604609318,miscanthus_sinensis_ssp_transmorrisonensis_6wks vs control_15wks,FALSE
2364,0.16883811256725423,20.118272581597004,0.10886124396784914,0.9166631359698416,0.9468397334344324,-6.228322130355112,miscanthus_sinensis_ssp_transmorrisonensis_6wks vs control_15wks,FALSE
14585,-0.10384041501664854,16.88860497175284,-0.10691315380211767,0.9181478474229374,0.9474858175944454,-6.228555718121264,miscanthus_sinensis_ssp_transmorrisonensis_6wks vs control_15wks,FALSE
2832,0.11756532324316282,18.98742514132961,0.10659558139057981,0.918389915115425,0.9474858175944454,-6.2285933986325235,miscanthus_sinensis_ssp_transmorrisonensis_6wks vs control_15wks,FALSE
35,-0.4044264998490803,25.915648964023177,-0.10632054035933042,0.9185995711641282,0.9474858175944454,-6.228625942478148,miscanthus_sinensis_ssp_transmorrisonensis_6wks vs control_15wks,FALSE
5368,0.12414409757204581,20.116773747733287,0.10598242854481457,0.9188573139999112,0.9474858175944454,-6.2286658342985755,miscanthus_sinensis_ssp_transmorrisonensis_6wks vs control_15wks,FALSE
311,0.2771149289038597,21.468937477216713,0.10423707294487781,0.9201879685343279,0.9484531279773619,-6.228869744928608,miscanthus_sinensis_ssp_transmorrisonensis_6wks vs control_15wks,FALSE
1217,0.053378538619060834,22.949450137160316,0.10210131694496828,0.921816643334085,0.9497266568422812,-6.229114675585737,miscanthus_sinensis_ssp_transmorrisonensis_6wks vs control_15wks,FALSE
4343,0.09779886470808563,17.859923908096384,0.10117318567130176,0.9225245417264537,0.950050849450602,-6.229219539490829,miscanthus_sinensis_ssp_transmorrisonensis_6wks vs control_15wks,FALSE
1961,-0.10785590991866556,19.04993028887762,-0.09665712897787937,0.9259700829559666,0.9530921878591271,-6.229716159459004,miscanthus_sinensis_ssp_transmorrisonensis_6wks vs control_15wks,FALSE
12544,-0.09443519701692438,17.51724086942556,-0.09626840260470558,0.9262667454856087,0.9530921878591271,-6.229757850225986,miscanthus_sinensis_ssp_transmorrisonensis_6wks vs control_15wks,FALSE
598,-0.20125041359361973,21.883236477678977,-0.09530368841935166,0.9270030373098772,0.9534437369692053,-6.229860591810431,miscanthus_sinensis_ssp_transmorrisonensis_6wks vs control_15wks,FALSE
17396,-0.06683835156223594,18.00293465769581,-0.09147042502545012,0.9299294364220709,0.9560466035726483,-6.230258637143343,miscanthus_sinensis_ssp_transmorrisonensis_6wks vs control_15wks,FALSE
3866,-0.048679555019614185,21.768078935748708,-0.09063085395984433,0.9305705437972599,0.9562987808652403,-6.230343642904104,miscanthus_sinensis_ssp_transmorrisonensis_6wks vs control_15wks,FALSE
4866,-0.09191446475639964,20.94880981770854,-0.08653960091225665,0.9336954749529035,0.9591021545434587,-6.230746690715773,miscanthus_sinensis_ssp_transmorrisonensis_6wks vs control_15wks,FALSE
3302,0.1547287654699474,19.568043082554276,0.08592067226631005,0.9341683303524666,0.9591800621043602,-6.230806047173433,miscanthus_sinensis_ssp_transmorrisonensis_6wks vs control_15wks,FALSE
3359,0.041289940218263155,22.369675257860706,0.08326209907092132,0.936199782077693,0.9608575503397224,-6.2310561754276925,miscanthus_sinensis_ssp_transmorrisonensis_6wks vs control_15wks,FALSE
4186,0.05772340566353762,20.93528204533407,0.08120740465464546,0.9377701588260985,0.9620605960610845,-6.23124411510056,miscanthus_sinensis_ssp_transmorrisonensis_6wks vs control_15wks,FALSE
3182,0.05914115148511456,21.783840585584677,0.08030141885729579,0.93846268889502,0.962362417814248,-6.231325495648167,miscanthus_sinensis_ssp_transmorrisonensis_6wks vs control_15wks,FALSE
6393,-0.06335428285398237,18.142678438345477,-0.07972529109714982,0.9389031078079977,0.9624055615036582,-6.231376772656152,miscanthus_sinensis_ssp_transmorrisonensis_6wks vs control_15wks,FALSE
1513,-0.0881542782814293,18.45475812003621,-0.07812510749479419,0.9401264848879365,0.9632508852795821,-6.231517260609928,miscanthus_sinensis_ssp_transmorrisonensis_6wks vs control_15wks,FALSE
5761,0.12085183665753974,19.007193696115788,0.07523473748867791,0.9423366847346124,0.9651061595247239,-6.231763815315379,miscanthus_sinensis_ssp_transmorrisonensis_6wks vs control_15wks,FALSE
19,-0.04898737361664374,27.88210718475256,-0.07355419224514223,0.9436220160836282,0.9660130469737482,-6.231902904556274,miscanthus_sinensis_ssp_transmorrisonensis_6wks vs control_15wks,FALSE
7592,-0.09412403722409124,17.804792787857174,-0.07296707364908378,0.9440711054859303,0.9660543265621102,-6.231950757767892,miscanthus_sinensis_ssp_transmorrisonensis_6wks vs control_15wks,FALSE
2238,0.16415326933329766,20.23493141143412,0.07208106368693493,0.944748860163276,0.9660543265621102,-6.232022247379837,miscanthus_sinensis_ssp_transmorrisonensis_6wks vs control_15wks,FALSE
5282,0.07746568342015081,18.38417254320322,0.07193328363020227,0.9448619096300772,0.9660543265621102,-6.232034086490095,miscanthus_sinensis_ssp_transmorrisonensis_6wks vs control_15wks,FALSE
23223,0.061304356091600454,17.225267915675033,0.07102621986762063,0.9455558297645141,0.9662431518778677,-6.232106222756782,miscanthus_sinensis_ssp_transmorrisonensis_6wks vs control_15wks,FALSE
1401,0.054008694626951126,17.74617301636495,0.07057378758347883,0.9459019679816895,0.9662431518778677,-6.232141861840405,miscanthus_sinensis_ssp_transmorrisonensis_6wks vs control_15wks,FALSE
12802,0.060518610500796655,17.94596148138633,0.07012360476137013,0.9462463979068853,0.9662431518778677,-6.232177098046249,miscanthus_sinensis_ssp_transmorrisonensis_6wks vs control_15wks,FALSE
3503,-0.03712856004581866,21.933715072273795,-0.06942214404159143,0.9467831028130735,0.9663101746382254,-6.232231553306665,miscanthus_sinensis_ssp_transmorrisonensis_6wks vs control_15wks,FALSE
3589,-0.06434158625522812,18.798401922087002,-0.0689923559351689,0.9471119592480621,0.9663101746382254,-6.232264648233018,miscanthus_sinensis_ssp_transmorrisonensis_6wks vs control_15wks,FALSE
393,-0.03744214580766325,21.88012298245937,-0.06457830329971014,0.9504900534141651,0.9689079050417126,-6.23259266569973,miscanthus_sinensis_ssp_transmorrisonensis_6wks vs control_15wks,FALSE
7096,0.038203237835666926,18.5515116301433,0.06453100606062204,0.9505262563675225,0.9689079050417126,-6.2325960632258885,miscanthus_sinensis_ssp_transmorrisonensis_6wks vs control_15wks,FALSE
3065,0.13797695241677133,19.805632275060265,0.06409343670227556,0.9508611932342305,0.9689079050417126,-6.232627377480321,miscanthus_sinensis_ssp_transmorrisonensis_6wks vs control_15wks,FALSE
783,-0.0821001658317293,22.07509353599044,-0.06280385803696949,0.9518483623585303,0.9694669145996578,-6.2327184274172716,miscanthus_sinensis_ssp_transmorrisonensis_6wks vs control_15wks,FALSE
3190,-0.09977772160198128,18.85310135953582,-0.062328423601100254,0.9522123296129916,0.9694669145996578,-6.232751528891511,miscanthus_sinensis_ssp_transmorrisonensis_6wks vs control_15wks,FALSE
23680,-0.0538487400991734,16.98056400081189,-0.05952738255121278,0.9543569073557108,0.9712410649416162,-6.232941447367218,miscanthus_sinensis_ssp_transmorrisonensis_6wks vs control_15wks,FALSE
21644,0.04872111149554925,17.584764746981534,0.05619708745951445,0.9569072375880181,0.9734264783211165,-6.233155901854696,miscanthus_sinensis_ssp_transmorrisonensis_6wks vs control_15wks,FALSE
4976,0.05682772991793428,17.833132574652417,0.055522423509457734,0.9574239615673046,0.9735422100785387,-6.233197844908737,miscanthus_sinensis_ssp_transmorrisonensis_6wks vs control_15wks,FALSE
763,-0.02958073671148398,25.713004405577646,-0.05284503510264915,0.9594747868752395,0.9752171161508534,-6.233359305566108,miscanthus_sinensis_ssp_transmorrisonensis_6wks vs control_15wks,FALSE
50,0.12381183503454452,19.350121284419245,0.052021837663530524,0.9601054076902065,0.9754477144573334,-6.233407346572271,miscanthus_sinensis_ssp_transmorrisonensis_6wks vs control_15wks,FALSE
2393,-0.11397844610936048,20.146576231420646,-0.050702251826073824,0.9611163580784664,0.9758564369517175,-6.233482784120022,miscanthus_sinensis_ssp_transmorrisonensis_6wks vs control_15wks,FALSE
709,-0.12667595935531395,21.297401969109913,-0.050442286647860296,0.9613155297785959,0.9758564369517175,-6.233497417375594,miscanthus_sinensis_ssp_transmorrisonensis_6wks vs control_15wks,FALSE
27,-0.030833105802013705,25.103412830866834,-0.04856850924141924,0.9627512082682462,0.9769033679865949,-6.233600667690467,miscanthus_sinensis_ssp_transmorrisonensis_6wks vs control_15wks,FALSE
9158,-0.057885174517974036,18.323669597410976,-0.04783282584262181,0.9633149266950964,0.9770650138099719,-6.2336401383071856,miscanthus_sinensis_ssp_transmorrisonensis_6wks vs control_15wks,FALSE
34,0.032062332267443594,22.83680047271713,0.04719093851153101,0.9638067925104348,0.9771536763345405,-6.233674084854545,miscanthus_sinensis_ssp_transmorrisonensis_6wks vs control_15wks,FALSE
3776,-0.1033210751667113,19.465321460408635,-0.045379768562756564,0.965194749075315,0.978150383291091,-6.23376739856286,miscanthus_sinensis_ssp_transmorrisonensis_6wks vs control_15wks,FALSE
13214,-0.02520461573857702,19.778296048670544,-0.04429611806939758,0.9660252480038191,0.9785815510177053,-6.233821484822202,miscanthus_sinensis_ssp_transmorrisonensis_6wks vs control_15wks,FALSE
5516,-0.03729977215969171,17.840786864719092,-0.04359422656721556,0.9665631953272873,0.9785985945628984,-6.233855819960931,miscanthus_sinensis_ssp_transmorrisonensis_6wks vs control_15wks,FALSE
7620,0.02285781875704629,19.54507696593965,0.04321719325218626,0.9668521710354465,0.9785985945628984,-6.2338740374107156,miscanthus_sinensis_ssp_transmorrisonensis_6wks vs control_15wks,FALSE
358,-0.09555502802248839,23.04952078902105,-0.04264437839158374,0.967291213150455,0.9786329861689695,-6.233901411961647,miscanthus_sinensis_ssp_transmorrisonensis_6wks vs control_15wks,FALSE
2281,-0.08345161878028051,19.474455887608247,-0.03858532464010362,0.9704026785188714,0.9813699754297168,-6.234084933468852,miscanthus_sinensis_ssp_transmorrisonensis_6wks vs control_15wks,FALSE
6958,-0.0412457837374447,18.818647549127686,-0.03765241831557,0.9711178791616493,0.9816823414454162,-6.234124522014686,miscanthus_sinensis_ssp_transmorrisonensis_6wks vs control_15wks,FALSE
2275,-0.036991496973755034,17.701880315212506,-0.03599596199024009,0.9723878512684377,0.9825550182620434,-6.234192428539364,miscanthus_sinensis_ssp_transmorrisonensis_6wks vs control_15wks,FALSE
4295,-0.023572327636042445,21.200177980863245,-0.03514229294622946,0.9730423767996222,0.9828053437909228,-6.234226232494838,miscanthus_sinensis_ssp_transmorrisonensis_6wks vs control_15wks,FALSE
3058,-0.06186119003977808,19.078173548294497,-0.033441445187167476,0.9743465187670002,0.9837113202428218,-6.234291165821223,miscanthus_sinensis_ssp_transmorrisonensis_6wks vs control_15wks,FALSE
4524,-0.03639080687477403,20.947380844385002,-0.031089364626896994,0.9761501404518046,0.9851206095787635,-6.234375656706937,miscanthus_sinensis_ssp_transmorrisonensis_6wks vs control_15wks,FALSE
9710,0.016234506870539178,19.451254729165438,0.030333419173156722,0.9767298472647797,0.9852940755706504,-6.234401504146233,miscanthus_sinensis_ssp_transmorrisonensis_6wks vs control_15wks,FALSE
10696,-0.02880749192654264,17.709486623011195,-0.029059053978955553,0.9777071457592557,0.9858226663380188,-6.2344436376136825,miscanthus_sinensis_ssp_transmorrisonensis_6wks vs control_15wks,FALSE
2889,0.05099678619491499,18.359289439884602,0.028586019860882033,0.9780699218593673,0.9858226663380188,-6.234458817209189,miscanthus_sinensis_ssp_transmorrisonensis_6wks vs control_15wks,FALSE
1021,0.043945083481133906,18.694879282961022,0.027156446840856597,0.9791663143600721,0.9865161866113153,-6.234503178261988,miscanthus_sinensis_ssp_transmorrisonensis_6wks vs control_15wks,FALSE
6423,-0.02434984441370247,20.07793820462186,-0.02648398995911454,0.97968206363906285,0.9866243708845253,-6.234523258560401,miscanthus_sinensis_ssp_transmorrisonensis_6wks vs control_15wks,FALSE
6304,-0.021317629682890527,20.69966965561137,-0.025784111923956764,0.980218855198918,0.9867536475669108,-6.2345436231226135,miscanthus_sinensis_ssp_transmorrisonensis_6wks vs control_15wks,FALSE
414,-0.07795960912001831,21.548062104039634,-0.02219340293008895,0.9829730222538124,0.9887057922642359,-6.234639528141292,miscanthus_sinensis_ssp_transmorrisonensis_6wks vs control_15wks,FALSE
1403,0.011643602546612897,23.68378084390414,0.021507776509709243,0.9834989456580668,0.9887057922642359,-6.234656208724681,miscanthus_sinensis_ssp_transmorrisonensis_6wks vs control_15wks,FALSE
7767,-0.03334542171797139,19.000256789810297,-0.021232767690487975,0.9837098991887592,0.9887057922642359,-6.234662752353826,miscanthus_sinensis_ssp_transmorrisonensis_6wks vs control_15wks,FALSE
11590,-0.014113028758590218,18.18652185720343,-0.021121824364352892,0.9837950019053077,0.9887057922642359,-6.234665368332966,miscanthus_sinensis_ssp_transmorrisonensis_6wks vs control_15wks,FALSE
7402,-0.02246348519780028,17.910759212985436,-0.01994573807729388,0.9846971714089348,0.9892009838353374,-6.234692257204682,miscanthus_sinensis_ssp_transmorrisonensis_6wks vs control_15wks,FALSE
7684,0.017812512223279953,18.034339728780616,0.01932320382167886,0.9851747241108835,0.9892402737604288,-6.234705866934214,miscanthus_sinensis_ssp_transmorrisonensis_6wks vs control_15wks,FALSE
5912,0.02758841787700206,17.944510837801214,0.018827237502493998,0.9855551899591689,0.9892402737604288,-6.234716400861761,miscanthus_sinensis_ssp_transmorrisonensis_6wks vs control_15wks,FALSE
1017,0.031459678378016775,20.71190717613604,0.011387004114869856,0.9912631769961486,0.9945564101423151,-6.234841555070179,miscanthus_sinensis_ssp_transmorrisonensis_6wks vs control_15wks,FALSE
2805,0.009650216866383232,18.08190288694635,0.010439646022814952,0.991990017541244,0.9946512136971818,-6.234853067238864,miscanthus_sinensis_ssp_transmorrisonensis_6wks vs control_15wks,FALSE
9331,-0.011640647769208812,18.151850696285518,-0.010190653269958634,0.992181053398265,0.9946512136971818,-6.23485592712694,miscanthus_sinensis_ssp_transmorrisonensis_6wks vs control_15wks,FALSE
3195,-0.005016572043228251,20.78212388934545,-0.008634839384738722,0.9933747398121493,0.9954348284471808,-6.234872233674208,miscanthus_sinensis_ssp_transmorrisonensis_6wks vs control_15wks,FALSE
7566,-0.008212127181931095,19.12480366280677,-0.007391863964272121,0.9943284167791303,0.9958032621486793,-6.234883324566833,miscanthus_sinensis_ssp_transmorrisonensis_6wks vs control_15wks,FALSE
2416,0.006179322229936446,18.098958314286833,0.007081232452006278,0.9945667514754813,0.9958032621486793,-6.234885827605693,miscanthus_sinensis_ssp_transmorrisonensis_6wks vs control_15wks,FALSE
1333,-0.0018802553634529318,22.8652089773386,-0.0033593091258161414,0.9974224687228432,0.9982488336513626,-6.234907462391986,miscanthus_sinensis_ssp_transmorrisonensis_6wks vs control_15wks,FALSE
3590,-8.900885746676579e-4,18.010678101262755,-4.825216481051006e-4,0.9996297699187255,0.9997622871873745,-6.234913615718168,miscanthus_sinensis_ssp_transmorrisonensis_6wks vs control_15wks,FALSE
9223,1.6149588972425022e-4,19.085996812194423,3.098116033738013e-4,0.9997622871873745,0.9997622871873745,-6.234913691906735,miscanthus_sinensis_ssp_transmorrisonensis_6wks vs control_15wks,FALSE
