ID,logFC,AveExpr,t,P.Value,adj.P.Val,B,comparison,pass
1935,6.308450150200237,17.404510807060035,12.751210918778344,6.46246728080785e-11,2.5798169384984937e-7,13.725062901860886,miscanthus_sinensis_ssp_transmorrisonensis_6wks vs miscanthus_sinensis_15wks,TRUE
1252,7.045729832817088,17.60214653607479,11.642140688372107,3.132566513978702e-10,6.252602761901489e-7,12.515700731452375,miscanthus_sinensis_ssp_transmorrisonensis_6wks vs miscanthus_sinensis_15wks,TRUE
1383,6.3278086769515305,17.127184619323113,11.026622015892187,7.910547528471948e-10,1.0526301911220005e-6,11.783150709874883,miscanthus_sinensis_ssp_transmorrisonensis_6wks vs miscanthus_sinensis_15wks,TRUE
511,-7.157797959791385,24.127671302668844,-10.509460704957558,1.7752451493433712e-9,1.7716946590446845e-6,11.131034287760828,miscanthus_sinensis_ssp_transmorrisonensis_6wks vs miscanthus_sinensis_15wks,TRUE
618,8.009614570695245,18.025775049485503,10.163465721814955,3.0981708384365946e-9,2.4158929748014356e-6,10.675127651780402,miscanthus_sinensis_ssp_transmorrisonensis_6wks vs miscanthus_sinensis_15wks,TRUE
125,-8.190659263616258,23.675652390281112,-10.066333741105394,3.63110166553322e-9,2.4158929748014356e-6,10.544222624225844,miscanthus_sinensis_ssp_transmorrisonensis_6wks vs miscanthus_sinensis_15wks,TRUE
1972,5.731191393589725,17.80475548215971,9.53738177672282,8.783573592628672e-9,5.0091465402533805e-6,9.808219974796133,miscanthus_sinensis_ssp_transmorrisonensis_6wks vs miscanthus_sinensis_15wks,TRUE
87,9.646869371182689,18.486226181869533,9.220460613879874,1.5149323916070393e-8,7.559512634119126e-6,9.347992493791622,miscanthus_sinensis_ssp_transmorrisonensis_6wks vs miscanthus_sinensis_15wks,TRUE
1699,5.636294841238893,17.442627148698698,8.945150349052192,2.4566874006065345e-8,1.0853692907300121e-5,8.936115797947728,miscanthus_sinensis_ssp_transmorrisonensis_6wks vs miscanthus_sinensis_15wks,TRUE
3864,5.139521915504176,17.656121556109923,8.888075901430682,2.7188609487224754e-8,1.0853692907300121e-5,8.84930139402315,miscanthus_sinensis_ssp_transmorrisonensis_6wks vs miscanthus_sinensis_15wks,TRUE
1312,-5.584882915572528,21.823385880218968,-8.527904586782453,5.204822996151475e-8,1.8888775818760627e-5,8.289954415039242,miscanthus_sinensis_ssp_transmorrisonensis_6wks vs miscanthus_sinensis_15wks,TRUE
2926,4.854418153779882,17.318171562886675,8.145166202162555,1.0569063486857489e-7,3.515975119961258e-5,7.673439245995878,miscanthus_sinensis_ssp_transmorrisonensis_6wks vs miscanthus_sinensis_15wks,TRUE
5801,4.643867002794838,17.198096177448484,8.026551816124554,1.3214924559330435e-7,4.057998372372854e-5,7.4776767586059005,miscanthus_sinensis_ssp_transmorrisonensis_6wks vs miscanthus_sinensis_15wks,TRUE
5016,4.789870460378189,17.733918401629577,7.947328266443296,1.535750805938758e-7,4.379083726648231e-5,7.345676396591035,miscanthus_sinensis_ssp_transmorrisonensis_6wks vs miscanthus_sinensis_15wks,TRUE
1393,-4.774233252710097,23.729417227649357,-7.752312692447864,2.2309973942301668e-7,5.9314661725602056e-5,7.016464879327598,miscanthus_sinensis_ssp_transmorrisonensis_6wks vs miscanthus_sinensis_15wks,TRUE
5986,4.295771912270872,17.427130493616477,7.719395109834762,2.3773411513267357e-7,5.9314661725602056e-5,6.960293289483699,miscanthus_sinensis_ssp_transmorrisonensis_6wks vs miscanthus_sinensis_15wks,TRUE
3319,4.5732854055811885,17.12294438340062,7.396142401682438,4.471048169462101e-7,1.0499073113231003e-4,6.399405710604215,miscanthus_sinensis_ssp_transmorrisonensis_6wks vs miscanthus_sinensis_15wks,TRUE
5039,4.624686274665912,17.354928807636494,7.293792528732759,5.476964507664691e-7,1.2146690174776358e-4,6.218298815639129,miscanthus_sinensis_ssp_transmorrisonensis_6wks vs miscanthus_sinensis_15wks,TRUE
162,-7.413276134877336,23.45143311834696,-7.211912258612415,6.448920548416125e-7,1.288153682389413e-4,6.07219513619194,miscanthus_sinensis_ssp_transmorrisonensis_6wks vs miscanthus_sinensis_15wks,TRUE
3792,4.602331424905326,17.088284531027405,7.211543837347245,6.453675763474013e-7,1.288153682389413e-4,6.07153529674247,miscanthus_sinensis_ssp_transmorrisonensis_6wks vs miscanthus_sinensis_15wks,TRUE
1646,6.717548942249895,17.93394558776063,7.162946123367051,7.113818594366767e-7,1.3523030394624826e-4,5.984305376175815,miscanthus_sinensis_ssp_transmorrisonensis_6wks vs miscanthus_sinensis_15wks,TRUE
5423,3.855074322110312,17.34289039467185,7.0552833197912985,8.836844478830253e-7,1.6034855981586534e-4,5.789702607298215,miscanthus_sinensis_ssp_transmorrisonensis_6wks vs miscanthus_sinensis_15wks,TRUE
4213,4.974256508249095,17.46135431292303,6.997706760387989,9.930010872646771e-7,1.693070582037447e-4,5.684867107091378,miscanthus_sinensis_ssp_transmorrisonensis_6wks vs miscanthus_sinensis_15wks,TRUE
133,-7.755179671172407,23.98735113387882,-6.971520345701413,1.0472519644781469e-6,1.693070582037447e-4,5.637010896916587,miscanthus_sinensis_ssp_transmorrisonensis_6wks vs miscanthus_sinensis_15wks,TRUE
5599,4.400762197563051,17.410171222404784,6.965435942292249,1.0602896931597238e-6,1.693070582037447e-4,5.625875792644884,miscanthus_sinensis_ssp_transmorrisonensis_6wks vs miscanthus_sinensis_15wks,TRUE
684,7.139429140851917,18.176194199974567,6.808495306341251,1.4614070406103089e-6,2.2438218869678283e-4,5.33661336948655,miscanthus_sinensis_ssp_transmorrisonensis_6wks vs miscanthus_sinensis_15wks,TRUE
2560,4.168006111550277,17.22988175473506,6.777783784684405,1.5567095954430277e-6,2.3016239648179876e-4,5.279548930148508,miscanthus_sinensis_ssp_transmorrisonensis_6wks vs miscanthus_sinensis_15wks,TRUE
6628,4.233663221658773,17.366393023996153,6.745682066499221,1.6632000976615989e-6,2.371248139237537e-4,5.219741449992474,miscanthus_sinensis_ssp_transmorrisonensis_6wks vs miscanthus_sinensis_15wks,TRUE
4140,3.93221939351152,17.01627761414861,6.5785211267166375,2.3525962158061095e-6,3.2384703770682724e-4,4.905682036592118,miscanthus_sinensis_ssp_transmorrisonensis_6wks vs miscanthus_sinensis_15wks,TRUE
1700,5.6343143353001,17.99921833463272,6.521004579597863,2.653007403546895e-6,3.530268518319735e-4,4.796607978881264,miscanthus_sinensis_ssp_transmorrisonensis_6wks vs miscanthus_sinensis_15wks,TRUE
7430,3.3788945395859535,17.43373643664654,6.349589055764453,3.8054004329848e-6,0.00049003737188630075,4.46849894285446,miscanthus_sinensis_ssp_transmorrisonensis_6wks vs miscanthus_sinensis_15wks,TRUE
243,-5.776624652633227,24.535013958550955,-6.2172277027364276,5.0408249599464014e-6,6.288429137533136e-4,4.212075055761881,miscanthus_sinensis_ssp_transmorrisonensis_6wks vs miscanthus_sinensis_15wks,TRUE
5147,4.201920939523998,17.200654065985493,6.2020845043796875,5.2063471965076575e-6,6.298102426805627e-4,4.182570030421374,miscanthus_sinensis_ssp_transmorrisonensis_6wks vs miscanthus_sinensis_15wks,TRUE
932,5.982836162611733,17.780143081554996,6.106501635265216,6.388375524029605e-6,7.500704438801818e-4,3.9955498130431106,miscanthus_sinensis_ssp_transmorrisonensis_6wks vs miscanthus_sinensis_15wks,TRUE
8131,3.940243401230884,17.57101021945212,6.031987303410526,7.499070153294881e-6,8.553225157700905e-4,3.848821058253069,miscanthus_sinensis_ssp_transmorrisonensis_6wks vs miscanthus_sinensis_15wks,TRUE
782,-5.24469921962104,24.1902767668432,-5.963105325009649,8.702182927280148e-6,9.649753957139541e-4,3.712467785115466,miscanthus_sinensis_ssp_transmorrisonensis_6wks vs miscanthus_sinensis_15wks,TRUE
3624,4.546865464339007,17.50527517448317,5.856584335799545,1.0966173792541088e-5,0.0011831612372925412,3.500277684412435,miscanthus_sinensis_ssp_transmorrisonensis_6wks vs miscanthus_sinensis_15wks,TRUE
7798,3.007118387449289,16.920077730786865,5.779919126763403,1.2962848653894862e-5,0.0013617813638512708,3.346580465287733,miscanthus_sinensis_ssp_transmorrisonensis_6wks vs miscanthus_sinensis_15wks,TRUE
13515,2.724665455138343,17.055126802459377,5.710869510373259,1.5079496510767018e-5,0.0015435217966918446,3.2074640456839987,miscanthus_sinensis_ssp_transmorrisonensis_6wks vs miscanthus_sinensis_15wks,TRUE
2222,-5.814021348385783,21.315971396124656,-5.676179197447685,1.6273394340625087e-5,0.0016227980366933117,3.1373309146002892,miscanthus_sinensis_ssp_transmorrisonensis_6wks vs miscanthus_sinensis_15wks,TRUE
4226,4.309879156296706,17.442133324965504,5.658595126682397,1.6915101715283206e-5,0.0016227980366933117,3.1017204158276854,miscanthus_sinensis_ssp_transmorrisonensis_6wks vs miscanthus_sinensis_15wks,TRUE
4382,5.102162566906635,17.726412245507404,5.654359063745092,1.7073526438156086e-5,0.0016227980366933117,3.0931356349098422,miscanthus_sinensis_ssp_transmorrisonensis_6wks vs miscanthus_sinensis_15wks,TRUE
3219,2.6357113132057712,17.183235079119864,5.642493289196116,1.7525429451883257e-5,0.001627011962137627,3.069075982092965,miscanthus_sinensis_ssp_transmorrisonensis_6wks vs miscanthus_sinensis_15wks,TRUE
13454,3.0813948831984987,17.30149301609743,5.613592522657791,1.8678030178931504e-5,0.0016946067380521493,3.010398347471879,miscanthus_sinensis_ssp_transmorrisonensis_6wks vs miscanthus_sinensis_15wks,TRUE
9933,2.857673306637615,17.061861752566,5.5065139576346684,2.3668699858415762e-5,0.0020996766629954606,2.792060224542025,miscanthus_sinensis_ssp_transmorrisonensis_6wks vs miscanthus_sinensis_15wks,TRUE
10528,3.387475936488684,17.032540715579476,5.442049361937871,2.7311875382471805e-5,0.002370195794061466,2.6599212436321977,miscanthus_sinensis_ssp_transmorrisonensis_6wks vs miscanthus_sinensis_15wks,TRUE
10169,2.838192589699574,17.511265580318494,5.40635524930974,2.957071278798402e-5,0.002496685927417398,2.586537958577532,miscanthus_sinensis_ssp_transmorrisonensis_6wks vs miscanthus_sinensis_15wks,TRUE
3267,3.7641051144129065,17.473181539763885,5.393523276755175,3.0428628764309963e-5,0.002496685927417398,2.560119471949184,miscanthus_sinensis_ssp_transmorrisonensis_6wks vs miscanthus_sinensis_15wks,TRUE
534,7.704497760161416,18.390493645794148,5.3903351457333075,3.064569399886084e-5,0.002496685927417398,2.5535527049330504,miscanthus_sinensis_ssp_transmorrisonensis_6wks vs miscanthus_sinensis_15wks,TRUE
2511,-4.969310799246863,20.845016076172904,-5.36530462750379,3.240578297144253e-5,0.0025872777124399714,2.5019542407220676,miscanthus_sinensis_ssp_transmorrisonensis_6wks vs miscanthus_sinensis_15wks,TRUE
1614,5.949163704457476,18.170799692836773,5.295334833075425,3.789367700599802e-5,0.0029661089923126295,2.3573302070274273,miscanthus_sinensis_ssp_transmorrisonensis_6wks vs miscanthus_sinensis_15wks,TRUE
3970,3.902383433112604,17.289295043402674,5.237216167275878,4.3168273133439494e-5,0.0032038453255668104,2.236779730236222,miscanthus_sinensis_ssp_transmorrisonensis_6wks vs miscanthus_sinensis_15wks,TRUE
5972,2.7623035492539287,17.06414036835199,5.231847395444634,4.3691828520588764e-5,0.0032038453255668104,2.2256248820816804,miscanthus_sinensis_ssp_transmorrisonensis_6wks vs miscanthus_sinensis_15wks,TRUE
812,5.869162814368146,17.832194634145146,5.218764516163143,4.499492348472046e-5,0.0032038453255668104,2.1984290399292554,miscanthus_sinensis_ssp_transmorrisonensis_6wks vs miscanthus_sinensis_15wks,TRUE
1040,-3.58983537899703,24.640092275228536,-5.216886796702547,4.518517382311872e-5,0.0032038453255668104,2.1945242310059854,miscanthus_sinensis_ssp_transmorrisonensis_6wks vs miscanthus_sinensis_15wks,TRUE
9308,3.4272779844824797,17.02912957488167,5.215965272481053,4.527884223417467e-5,0.0032038453255668104,2.192607736761115,miscanthus_sinensis_ssp_transmorrisonensis_6wks vs miscanthus_sinensis_15wks,TRUE
350,-5.614428345647898,22.716808663852447,-5.203948943670987,4.651851245146741e-5,0.0032038453255668104,2.167608971467189,miscanthus_sinensis_ssp_transmorrisonensis_6wks vs miscanthus_sinensis_15wks,TRUE
9127,2.827595676814834,17.29864988197016,5.2036589361367644,4.6548854930579905e-5,0.0032038453255668104,2.1670054475376332,miscanthus_sinensis_ssp_transmorrisonensis_6wks vs miscanthus_sinensis_15wks,TRUE
140,5.468622173460144,21.506667755217457,5.192791264253151,4.770055827857778e-5,0.0032274682821708898,2.144382632126261,miscanthus_sinensis_ssp_transmorrisonensis_6wks vs miscanthus_sinensis_15wks,TRUE
546,-4.735421714057267,23.27567009186261,-5.132453553507944,5.464408178979806e-5,0.003635652908414564,2.0185527454478773,miscanthus_sinensis_ssp_transmorrisonensis_6wks vs miscanthus_sinensis_15wks,TRUE
11179,3.443285115604599,17.400629633918864,5.112477181198131,5.716304733807005e-5,0.003726331298565908,1.9768102622158992,miscanthus_sinensis_ssp_transmorrisonensis_6wks vs miscanthus_sinensis_15wks,TRUE
12612,3.1668718746678017,16.969899109771927,5.106640047932516,5.7921179331834975e-5,0.003726331298565908,1.964605361923729,miscanthus_sinensis_ssp_transmorrisonensis_6wks vs miscanthus_sinensis_15wks,TRUE
11167,2.987668207919839,17.35359050096666,5.099915001705267,5.8807332617648344e-5,0.003726331298565908,1.9505396505296169,miscanthus_sinensis_ssp_transmorrisonensis_6wks vs miscanthus_sinensis_15wks,TRUE
745,-5.921376700917765,21.44639736409347,-5.0716601682113085,6.268380337417472e-5,0.003909902235464148,1.8913940399837532,miscanthus_sinensis_ssp_transmorrisonensis_6wks vs miscanthus_sinensis_15wks,TRUE
1676,-6.559753495043752,21.553620578402448,-5.05245282665363,6.54665246681755e-5,0.004020651791928563,1.8511424315195857,miscanthus_sinensis_ssp_transmorrisonensis_6wks vs miscanthus_sinensis_15wks,TRUE
4764,4.026916584552772,17.545397358518656,4.982455012809593,7.671546057977324e-5,0.004640123009612951,1.704152842188507,miscanthus_sinensis_ssp_transmorrisonensis_6wks vs miscanthus_sinensis_15wks,TRUE
704,-4.898081795121101,23.626707067294568,-4.952309447935876,8.214765161227927e-5,0.004894528734868938,1.6407093068711367,miscanthus_sinensis_ssp_transmorrisonensis_6wks vs miscanthus_sinensis_15wks,TRUE
11722,3.0491968810116887,17.395772404989582,4.93974031467279,8.452655383270699e-5,0.004962205925002445,1.6142324651300317,miscanthus_sinensis_ssp_transmorrisonensis_6wks vs miscanthus_sinensis_15wks,TRUE
10577,2.4374515977901083,16.982021243400037,4.895901168361046,9.338528709749294e-5,0.005402812552075244,1.521776862156936,miscanthus_sinensis_ssp_transmorrisonensis_6wks vs miscanthus_sinensis_15wks,TRUE
8128,2.3590286254012724,17.152308115606782,4.870577054190597,9.89264513001307e-5,0.005635035649316332,1.4682940077662963,miscanthus_sinensis_ssp_transmorrisonensis_6wks vs miscanthus_sinensis_15wks,TRUE
5552,4.182738967562386,17.310298743300223,4.863696330732891,1.0048888116601498e-4,0.005635035649316332,1.4537531220674467,miscanthus_sinensis_ssp_transmorrisonensis_6wks vs miscanthus_sinensis_15wks,TRUE
1672,5.847823747449169,18.36208674252124,4.858722361830926,1.016339095067074e-4,0.005635035649316332,1.4432393084575157,miscanthus_sinensis_ssp_transmorrisonensis_6wks vs miscanthus_sinensis_15wks,TRUE
3159,4.094489623643451,17.16102479231963,4.83032166696601,1.0843017299819004e-4,0.005929496583681844,1.3831682963439222,miscanthus_sinensis_ssp_transmorrisonensis_6wks vs miscanthus_sinensis_15wks,TRUE
10126,2.5863539826112927,17.299412782983413,4.813181915252228,1.127529472632622e-4,0.006013933565668143,1.346884403941793,miscanthus_sinensis_ssp_transmorrisonensis_6wks vs miscanthus_sinensis_15wks,TRUE
4463,3.714196404733876,17.25823303135359,4.812272121486437,1.129872288139055e-4,0.006013933565668143,1.3449577766520449,miscanthus_sinensis_ssp_transmorrisonensis_6wks vs miscanthus_sinensis_15wks,TRUE
1332,-5.616441822676972,22.058439890976267,-4.801384462640705,1.1582951220008025e-4,0.0060840975355621095,1.3218965052205967,miscanthus_sinensis_ssp_transmorrisonensis_6wks vs miscanthus_sinensis_15wks,TRUE
13745,2.507492445316231,17.16883951803797,4.752988550076245,1.2936730504741956e-4,0.006706938724016868,1.2192796703979196,miscanthus_sinensis_ssp_transmorrisonensis_6wks vs miscanthus_sinensis_15wks,TRUE
1815,4.25202655685932,17.10821533226677,4.724941186727647,1.3793595438367853e-4,0.007059491408969804,1.1597305484938554,miscanthus_sinensis_ssp_transmorrisonensis_6wks vs miscanthus_sinensis_15wks,TRUE
4782,3.3507857055595522,17.001949669828505,4.718148767772182,1.400961646415307e-4,0.007079289737328994,1.1453007663470292,miscanthus_sinensis_ssp_transmorrisonensis_6wks vs miscanthus_sinensis_15wks,TRUE
11949,2.690148553986777,17.31941546113718,4.711277557937388,1.4231629530448713e-4,0.007101583135693907,1.1307003416033377,miscanthus_sinensis_ssp_transmorrisonensis_6wks vs miscanthus_sinensis_15wks,TRUE
1708,5.716000435103556,17.719754276784247,4.683144701300575,1.5178398566501194e-4,0.007337905309449021,1.070888150377634,miscanthus_sinensis_ssp_transmorrisonensis_6wks vs miscanthus_sinensis_15wks,TRUE
8524,2.848827273479557,17.288169786838246,4.682282184852714,1.5208411766537818e-4,0.007337905309449021,1.0690535496274807,miscanthus_sinensis_ssp_transmorrisonensis_6wks vs miscanthus_sinensis_15wks,TRUE
13979,2.747902787556459,16.986026947586797,4.680899039562926,1.5256666850808334e-4,0.007337905309449021,1.0661114517660675,miscanthus_sinensis_ssp_transmorrisonensis_6wks vs miscanthus_sinensis_15wks,TRUE
11439,2.9082274819136273,17.08567063383489,4.67025157902417,1.5633359805054947e-4,0.007429568135926113,1.0434589646362094,miscanthus_sinensis_ssp_transmorrisonensis_6wks vs miscanthus_sinensis_15wks,TRUE
11876,2.608563087398558,17.30250379100388,4.664877189106252,1.5827058740732896e-4,0.007433131587412437,1.0320221432064542,miscanthus_sinensis_ssp_transmorrisonensis_6wks vs miscanthus_sinensis_15wks,TRUE
4358,2.8788393545445317,17.12895411339101,4.653563318661218,1.6242797076674505e-4,0.007539679759312165,1.0079399208074902,miscanthus_sinensis_ssp_transmorrisonensis_6wks vs miscanthus_sinensis_15wks,TRUE
2982,3.644202278587297,17.408350879583878,4.647769216144258,1.6459966691003813e-4,0.007552665175918071,0.9956036992434054,miscanthus_sinensis_ssp_transmorrisonensis_6wks vs miscanthus_sinensis_15wks,TRUE
109,2.1649780269783,24.670721142111347,4.641955377189979,1.6680828460930033e-4,0.007567030365458261,0.9832233432523436,miscanthus_sinensis_ssp_transmorrisonensis_6wks vs miscanthus_sinensis_15wks,TRUE
8434,3.612445162075044,17.619612462246582,4.620342440926022,1.752849416036868e-4,0.007842754378194304,0.9371811536658461,miscanthus_sinensis_ssp_transmorrisonensis_6wks vs miscanthus_sinensis_15wks,TRUE
307,5.434943301840903,18.087168113905303,4.6165526121978955,1.7681560471880949e-4,0.007842754378194304,0.9291047432798738,miscanthus_sinensis_ssp_transmorrisonensis_6wks vs miscanthus_sinensis_15wks,TRUE
1069,5.861159294198906,18.541575495416094,4.57265931936922,1.9555966407878105e-4,0.008578837131895539,0.8355039904212491,miscanthus_sinensis_ssp_transmorrisonensis_6wks vs miscanthus_sinensis_15wks,TRUE
1197,-4.149885293246626,20.943424880416817,-4.551275310589033,2.0540656953263505e-4,0.008912858973633468,0.7898645019251234,miscanthus_sinensis_ssp_transmorrisonensis_6wks vs miscanthus_sinensis_15wks,TRUE
532,-4.583380449208054,23.748277752619565,-4.533737823347511,2.1385501835245052e-4,0.009179669174870779,0.7524165327387609,miscanthus_sinensis_ssp_transmorrisonensis_6wks vs miscanthus_sinensis_15wks,TRUE
616,5.165872775044999,18.45818775215412,4.52721556166762,2.170857991312879e-4,0.009219218192894695,0.7384854628583994,miscanthus_sinensis_ssp_transmorrisonensis_6wks vs miscanthus_sinensis_15wks,TRUE
3511,4.684728797761771,17.99628768364623,4.509469846396474,2.2612772039352024e-4,0.009336717014036097,0.7005712148830643,miscanthus_sinensis_ssp_transmorrisonensis_6wks vs miscanthus_sinensis_15wks,TRUE
2495,4.40959401139181,17.910621812176547,4.507557048922831,2.2712476468212382e-4,0.009336717014036097,0.6964835490314529,miscanthus_sinensis_ssp_transmorrisonensis_6wks vs miscanthus_sinensis_15wks,TRUE
3442,3.51144481720722,17.44973033320649,4.506462039997713,2.2769753297892926e-4,0.009336717014036097,0.6941434257626327,miscanthus_sinensis_ssp_transmorrisonensis_6wks vs miscanthus_sinensis_15wks,TRUE
6456,2.4206168602302895,17.16847141216837,4.502375420785166,2.2984802995034271e-4,0.009336717014036097,0.6854094818702592,miscanthus_sinensis_ssp_transmorrisonensis_6wks vs miscanthus_sinensis_15wks,TRUE
1665,3.7566329969658945,17.70144121900297,4.499174335362319,2.315468397769473e-4,0.009336717014036097,0.6785675518174257,miscanthus_sinensis_ssp_transmorrisonensis_6wks vs miscanthus_sinensis_15wks,TRUE
3339,2.828095259277422,17.097741531892584,4.490786246349018,2.360587266355585e-4,0.009423464367291495,0.6606367547875927,miscanthus_sinensis_ssp_transmorrisonensis_6wks vs miscanthus_sinensis_15wks,TRUE
2584,4.249995034516882,17.949813420660085,4.483251983231503,2.401869280280099e-4,0.009493328878097182,0.6445283687364656,miscanthus_sinensis_ssp_transmorrisonensis_6wks vs miscanthus_sinensis_15wks,TRUE
8710,2.648077858868575,17.232663588966872,4.46957122097197,2.478700492312922e-4,0.009513558132874002,0.6152721186246026,miscanthus_sinensis_ssp_transmorrisonensis_6wks vs miscanthus_sinensis_15wks,TRUE
4074,4.070479009815969,18.091925407164904,4.467033092595099,2.493224937504404e-4,0.009513558132874002,0.6098434326625837,miscanthus_sinensis_ssp_transmorrisonensis_6wks vs miscanthus_sinensis_15wks,TRUE
126,-9.552471858332758,23.812880540802748,-4.464825716826332,2.505926419887567e-4,0.009513558132874002,0.6051219504050227,miscanthus_sinensis_ssp_transmorrisonensis_6wks vs miscanthus_sinensis_15wks,TRUE
2250,3.618941866205244,17.426652044141996,4.461358902122357,2.5260067100450854e-4,0.009513558132874002,0.5977061573966616,miscanthus_sinensis_ssp_transmorrisonensis_6wks vs miscanthus_sinensis_15wks,TRUE
1639,5.660082270064542,18.483469095387033,4.461335089535782,2.5261451956028164e-4,0.009513558132874002,0.5976552185897477,miscanthus_sinensis_ssp_transmorrisonensis_6wks vs miscanthus_sinensis_15wks,TRUE
3601,3.4279756515310567,17.111269905042107,4.44760045723183,2.607310323911042e-4,0.009652447091946507,0.5682707163900051,miscanthus_sinensis_ssp_transmorrisonensis_6wks vs miscanthus_sinensis_15wks,TRUE
1586,4.220151987233589,17.025598507074843,4.446922610920797,2.6113834817891355e-4,0.009652447091946507,0.5668202968557887,miscanthus_sinensis_ssp_transmorrisonensis_6wks vs miscanthus_sinensis_15wks,TRUE
7832,2.574424275988381,17.190087231357296,4.441081442235727,2.6467497776931e-4,0.009693417534450327,0.5543208937042028,miscanthus_sinensis_ssp_transmorrisonensis_6wks vs miscanthus_sinensis_15wks,TRUE
5022,4.256498233780729,17.4167877116481,4.426165446412711,2.73926755550205e-4,0.009941050983240166,0.52239622460589,miscanthus_sinensis_ssp_transmorrisonensis_6wks vs miscanthus_sinensis_15wks,TRUE
8731,3.0220248165449988,17.363600051667927,4.4181996889168795,2.790004049120378e-4,0.010033960508187882,0.5053435726353657,miscanthus_sinensis_ssp_transmorrisonensis_6wks vs miscanthus_sinensis_15wks,TRUE
9192,2.519987193832133,17.372097326134266,4.410875099675505,2.837492107605214e-4,0.01011363258353573,0.4896613757877999,miscanthus_sinensis_ssp_transmorrisonensis_6wks vs miscanthus_sinensis_15wks,TRUE
1931,4.81872940774716,17.760079676019952,4.389919948225385,2.9778985073628043e-4,0.010520151187072845,0.44478486802717043,miscanthus_sinensis_ssp_transmorrisonensis_6wks vs miscanthus_sinensis_15wks,TRUE
12661,2.2038199570059405,16.74218361082812,4.380224941629151,3.045205903469322e-4,0.010563172169595174,0.4240173274597465,miscanthus_sinensis_ssp_transmorrisonensis_6wks vs miscanthus_sinensis_15wks,TRUE
4776,3.5312718933678156,17.000104079648427,4.379079223440941,3.053260591183845e-4,0.010563172169595174,0.4215628908420008,miscanthus_sinensis_ssp_transmorrisonensis_6wks vs miscanthus_sinensis_15wks,TRUE
9286,3.5693062361530643,17.412618744729812,4.376784330531506,3.069458846876353e-4,0.010563172169595174,0.41664648172875296,miscanthus_sinensis_ssp_transmorrisonensis_6wks vs miscanthus_sinensis_15wks,TRUE
11619,3.0567587538318506,17.454044583414365,4.372653232824255,3.098836155712109e-4,0.010573123020173282,0.40779588645630493,miscanthus_sinensis_ssp_transmorrisonensis_6wks vs miscanthus_sinensis_15wks,TRUE
1232,5.064770274715968,17.9877652069204,4.367181982249813,3.138179859051095e-4,0.010616622031637263,0.39607325352845546,miscanthus_sinensis_ssp_transmorrisonensis_6wks vs miscanthus_sinensis_15wks,TRUE
7790,3.250394830602147,17.311321794340515,4.355226702607814,3.2259091198566086e-4,0.010821705215518977,0.37045473511318505,miscanthus_sinensis_ssp_transmorrisonensis_6wks vs miscanthus_sinensis_15wks,TRUE
3576,3.3116019210957326,17.30933643595233,4.327587028550055,3.4383009884547016e-4,0.011438081288259306,0.3112104601389829,miscanthus_sinensis_ssp_transmorrisonensis_6wks vs miscanthus_sinensis_15wks,TRUE
4663,3.4023646355123383,17.17614874643985,4.305686438579016,3.616540516633684e-4,0.01193159482843113,0.2642528819840484,miscanthus_sinensis_ssp_transmorrisonensis_6wks vs miscanthus_sinensis_15wks,TRUE
9838,2.6111306381543393,16.950435800538997,4.2975870734161745,3.684786792208559e-4,0.01205710563483325,0.24688382866038072,miscanthus_sinensis_ssp_transmorrisonensis_6wks vs miscanthus_sinensis_15wks,TRUE
2570,3.7919127980781013,17.18377209806146,4.280134469559456,3.8362784015828874e-4,0.01238894098898053,0.20945171557741027,miscanthus_sinensis_ssp_transmorrisonensis_6wks vs miscanthus_sinensis_15wks,TRUE
7229,2.768830738072257,17.016526261398923,4.276911983458984,3.8649273968651077e-4,0.01238894098898053,0.2025394519453103,miscanthus_sinensis_ssp_transmorrisonensis_6wks vs miscanthus_sinensis_15wks,TRUE
4508,3.351392226423581,17.530633673470746,4.271185516770461,3.916369245302658e-4,0.01238894098898053,0.19025560240355954,miscanthus_sinensis_ssp_transmorrisonensis_6wks vs miscanthus_sinensis_15wks,TRUE
14349,2.4799727130158864,16.98723965055753,4.269248585654299,3.933924316121743e-4,0.01238894098898053,0.18610054132623688,miscanthus_sinensis_ssp_transmorrisonensis_6wks vs miscanthus_sinensis_15wks,TRUE
3227,3.9184174760238513,17.82270069438127,4.265533166839648,3.96782006013655e-4,0.01238894098898053,0.17813010395236528,miscanthus_sinensis_ssp_transmorrisonensis_6wks vs miscanthus_sinensis_15wks,TRUE
2836,3.51879301664086,17.579619415650523,4.265032946407587,3.9724059283304306e-4,0.01238894098898053,0.17705699454789325,miscanthus_sinensis_ssp_transmorrisonensis_6wks vs miscanthus_sinensis_15wks,TRUE
2855,3.1250586662153133,17.38638856892335,4.259082582737806,4.0273672461400964e-4,0.01240407593943123,0.16429147963013246,miscanthus_sinensis_ssp_transmorrisonensis_6wks vs miscanthus_sinensis_15wks,TRUE
3899,3.385230263100869,17.058343683803468,4.2563631870125604,4.052739051327346e-4,0.01240407593943123,0.15845725214159767,miscanthus_sinensis_ssp_transmorrisonensis_6wks vs miscanthus_sinensis_15wks,TRUE
4018,4.311871803233075,18.00775072440656,4.2530766616331634,4.0836165506704357e-4,0.01240407593943123,0.15140612102622608,miscanthus_sinensis_ssp_transmorrisonensis_6wks vs miscanthus_sinensis_15wks,TRUE
761,2.3306986160149066,17.391546851821197,4.251179504857921,4.1015481563249555e-4,0.01240407593943123,0.14733574804966132,miscanthus_sinensis_ssp_transmorrisonensis_6wks vs miscanthus_sinensis_15wks,TRUE
6860,4.044370050164709,17.165552871473142,4.247449762445747,4.137031991011087e-4,0.012417317073771625,0.13933336062812884,miscanthus_sinensis_ssp_transmorrisonensis_6wks vs miscanthus_sinensis_15wks,TRUE
8450,3.006505504473534,17.03983862619964,4.236332007086025,4.2446435838257215e-4,0.012645236706442,0.11547819317940178,miscanthus_sinensis_ssp_transmorrisonensis_6wks vs miscanthus_sinensis_15wks,TRUE
10148,2.4993245696643953,17.228475385571727,4.232339444977761,4.2839709299068656e-4,0.012667860705324599,0.1069109552542562,miscanthus_sinensis_ssp_transmorrisonensis_6wks vs miscanthus_sinensis_15wks,TRUE
2310,5.183048020584518,18.382673345431577,4.225194701698005,4.355263253774277e-4,0.012783978609608023,0.09157918845793311,miscanthus_sinensis_ssp_transmorrisonensis_6wks vs miscanthus_sinensis_15wks,TRUE
11066,3.5207957503981326,17.55181279644604,4.213248818707073,4.4771336814652496e-4,0.013045779311247648,0.06594320311639645,miscanthus_sinensis_ssp_transmorrisonensis_6wks vs miscanthus_sinensis_15wks,TRUE
1363,5.023456254256931,17.824733758865158,4.196366102312822,4.655229568433396e-4,0.013466432200859505,0.029709816125032873,miscanthus_sinensis_ssp_transmorrisonensis_6wks vs miscanthus_sinensis_15wks,TRUE
2183,3.813508238636391,17.677918362001886,4.186061667978763,4.767407457394181e-4,0.013691719834473072,0.007593194713929385,miscanthus_sinensis_ssp_transmorrisonensis_6wks vs miscanthus_sinensis_15wks,TRUE
5749,2.7554174208649336,16.891475373780075,4.172622333994953,4.917798250294894e-4,0.014022750439412299,-0.021253258079131143,miscanthus_sinensis_ssp_transmorrisonensis_6wks vs miscanthus_sinensis_15wks,TRUE
75,-7.535723743663095,23.012301842471626,-4.168438803265913,4.965577714485849e-4,0.014058571798742914,-0.030233131836405747,miscanthus_sinensis_ssp_transmorrisonensis_6wks vs miscanthus_sinensis_15wks,TRUE
8693,3.191653368619825,17.015838085177762,4.143807843388362,5.256473992889085e-4,0.014744246297360061,-0.08310486225986491,miscanthus_sinensis_ssp_transmorrisonensis_6wks vs miscanthus_sinensis_15wks,TRUE
5832,2.9584847894841957,17.109584834244437,4.14174230737054,5.28163131393409e-4,0.014744246297360061,-0.0875387522139679,miscanthus_sinensis_ssp_transmorrisonensis_6wks vs miscanthus_sinensis_15wks,TRUE
6464,2.7587957230495164,17.633194084660282,4.136600279168431,5.344784373877961e-4,0.01481693001425057,-0.09857669640199518,miscanthus_sinensis_ssp_transmorrisonensis_6wks vs miscanthus_sinensis_15wks,TRUE
8764,2.794368492394536,17.188488350644636,4.11590461569183,5.606708490526116e-4,0.015365600593841343,-0.14300251100729255,miscanthus_sinensis_ssp_transmorrisonensis_6wks vs miscanthus_sinensis_15wks,TRUE
21,1.778864814074339,28.507993617409262,4.114904744833969,5.61968358391993e-4,0.015365600593841343,-0.1451488539044723,miscanthus_sinensis_ssp_transmorrisonensis_6wks vs miscanthus_sinensis_15wks,TRUE
1790,-3.6433967769966067,19.69105379463231,-4.10527856056186,5.746149401484401e-4,0.015604509122942672,-0.16581251860130752,miscanthus_sinensis_ssp_transmorrisonensis_6wks vs miscanthus_sinensis_15wks,TRUE
5394,2.642708276581512,17.28120704106579,4.0951374684185495,5.882464456888264e-4,0.01586675548101213,-0.18758120164179104,miscanthus_sinensis_ssp_transmorrisonensis_6wks vs miscanthus_sinensis_15wks,TRUE
2650,2.716075997542095,17.138707210678877,4.069020716631438,6.248615246075946e-4,0.016741256417674613,-0.2436405335875067,miscanthus_sinensis_ssp_transmorrisonensis_6wks vs miscanthus_sinensis_15wks,TRUE
7,-3.6410023395049613,27.80454858267487,-4.059436043874358,6.388638924192247e-4,0.016984382411208466,-0.2642126794016777,miscanthus_sinensis_ssp_transmorrisonensis_6wks vs miscanthus_sinensis_15wks,TRUE
3901,3.7388209726939152,17.565238630658722,4.049594143667335,6.535688181975236e-4,0.016984382411208466,-0.28533601344259907,miscanthus_sinensis_ssp_transmorrisonensis_6wks vs miscanthus_sinensis_15wks,TRUE
11866,2.698264214090756,17.06923377910774,4.048778016622445,6.548033031085406e-4,0.016984382411208466,-0.28708759307736553,miscanthus_sinensis_ssp_transmorrisonensis_6wks vs miscanthus_sinensis_15wks,TRUE
13731,2.2404043317809332,16.90131010011539,4.048318410640419,6.554995357587696e-4,0.016984382411208466,-0.28807400055307664,miscanthus_sinensis_ssp_transmorrisonensis_6wks vs miscanthus_sinensis_15wks,TRUE
5340,3.877840563329034,18.11184265985186,4.047029247709587,6.57456374201695e-4,0.016984382411208466,-0.29084079249304207,miscanthus_sinensis_ssp_transmorrisonensis_6wks vs miscanthus_sinensis_15wks,TRUE
9438,3.3563491324681785,17.463219880677332,4.045710775464416,6.594637459261804e-4,0.016984382411208466,-0.2936704682733575,miscanthus_sinensis_ssp_transmorrisonensis_6wks vs miscanthus_sinensis_15wks,TRUE
7291,2.705989598218398,17.227820203174485,4.039227673863057,6.694237952294889e-4,0.01712158864065511,-0.30758405689489265,miscanthus_sinensis_ssp_transmorrisonensis_6wks vs miscanthus_sinensis_15wks,TRUE
1635,4.8985377629272335,18.302275105482835,4.036686275571287,6.733690923303738e-4,0.01712158864065511,-0.31303809001558136,miscanthus_sinensis_ssp_transmorrisonensis_6wks vs miscanthus_sinensis_15wks,TRUE
11742,2.8058270684547537,17.224778090381943,4.006701808201075,7.217103660264117e-4,0.01823460620998377,-0.37738003903955075,miscanthus_sinensis_ssp_transmorrisonensis_6wks vs miscanthus_sinensis_15wks,TRUE
3348,4.790005083701768,17.926707084569763,4.002374935201548,7.289669238194324e-4,0.018302112955265244,-0.3866636254320497,miscanthus_sinensis_ssp_transmorrisonensis_6wks vs miscanthus_sinensis_15wks,TRUE
18067,2.0179566530698523,17.209641388139676,3.9811559821459683,7.656222497707889e-4,0.01900788056937622,-0.4321851054709489,miscanthus_sinensis_ssp_transmorrisonensis_6wks vs miscanthus_sinensis_15wks,TRUE
2378,4.633717372792539,17.483392903173282,3.9781222028455496,7.710113702874998e-4,0.01900788056937622,-0.4386927835308203,miscanthus_sinensis_ssp_transmorrisonensis_6wks vs miscanthus_sinensis_15wks,TRUE
8848,2.0254293361598457,16.944369585209024,3.977925615424748,7.713618868334038e-4,0.01900788056937622,-0.43911447098515577,miscanthus_sinensis_ssp_transmorrisonensis_6wks vs miscanthus_sinensis_15wks,TRUE
8004,3.465421004032276,17.74721582803835,3.968680309769089,7.880273024970364e-4,0.019153307101973792,-0.45894502263796966,miscanthus_sinensis_ssp_transmorrisonensis_6wks vs miscanthus_sinensis_15wks,TRUE
4673,3.3755902307340087,17.54190752396021,3.9683278985854806,7.886696172099149e-4,0.019153307101973792,-0.4597008818648902,miscanthus_sinensis_ssp_transmorrisonensis_6wks vs miscanthus_sinensis_15wks,TRUE
8694,2.256980731796066,17.242515377511616,3.966692476780382,7.916572324212614e-4,0.019153307101973792,-0.46320853214565894,miscanthus_sinensis_ssp_transmorrisonensis_6wks vs miscanthus_sinensis_15wks,TRUE
270,-4.781707473195198,21.227408305125216,-3.9494067404276003,8.239343155149541e-4,0.019814131250215042,-0.5002789419587561,miscanthus_sinensis_ssp_transmorrisonensis_6wks vs miscanthus_sinensis_15wks,TRUE
9455,2.4205656678181278,16.769092268594335,3.939163860887966,8.436768516538601e-4,0.02016741312456413,-0.5222418017505781,miscanthus_sinensis_ssp_transmorrisonensis_6wks vs miscanthus_sinensis_15wks,TRUE
4979,2.814935289045014,17.27406667530153,3.9344981815990536,8.528254674686127e-4,0.020264757536516083,-0.5322450204575704,miscanthus_sinensis_ssp_transmorrisonensis_6wks vs miscanthus_sinensis_15wks,TRUE
10883,2.2947892824187477,16.983569924899136,3.928665063433784,8.644025788676595e-4,0.020418314170649095,-0.544750344237154,miscanthus_sinensis_ssp_transmorrisonensis_6wks vs miscanthus_sinensis_15wks,TRUE
1222,-5.451380606424074,21.88629774024853,-3.922164321377701,8.774895418158239e-4,0.020574204426839673,-0.5586857582746303,miscanthus_sinensis_ssp_transmorrisonensis_6wks vs miscanthus_sinensis_15wks,TRUE
8779,2.075200475796617,16.837444310825003,3.9202848672316026,8.813098589653268e-4,0.020574204426839673,-0.5627144379347149,miscanthus_sinensis_ssp_transmorrisonensis_6wks vs miscanthus_sinensis_15wks,TRUE
11639,2.543515024465897,17.045417616670065,3.9076147473449763,9.075004961056272e-4,0.021062453374730603,-0.5898703885281886,miscanthus_sinensis_ssp_transmorrisonensis_6wks vs miscanthus_sinensis_15wks,TRUE
1186,-6.0000568091086635,21.8344397388961,-3.902138134224285,9.190601824313872e-4,0.02120744652176935,-0.601606820393676,miscanthus_sinensis_ssp_transmorrisonensis_6wks vs miscanthus_sinensis_15wks,TRUE
7174,3.2824857504304283,17.267008864452368,3.891612865857557,9.416899642978468e-4,0.02151124515369202,-0.624159674900941,miscanthus_sinensis_ssp_transmorrisonensis_6wks vs miscanthus_sinensis_15wks,TRUE
3294,2.792888641347009,17.220129949920715,3.889157275872915,9.470489894127667e-4,0.02151124515369202,-0.6294207886766534,miscanthus_sinensis_ssp_transmorrisonensis_6wks vs miscanthus_sinensis_15wks,TRUE
4866,4.0590764173574385,17.279465581330992,3.888544253547294,9.483915699022534e-4,0.02151124515369202,-0.630734158117578,miscanthus_sinensis_ssp_transmorrisonensis_6wks vs miscanthus_sinensis_15wks,TRUE
16514,2.123070971727884,17.111792026007027,3.8551172003470846,0.0010245444154900396,0.023107239020543718,-0.7023282558143764,miscanthus_sinensis_ssp_transmorrisonensis_6wks vs miscanthus_sinensis_15wks,TRUE
5539,3.757447529333188,17.445007626413517,3.8522159488242464,0.0010314344337293427,0.02313194527779515,-0.7085400431658941,miscanthus_sinensis_ssp_transmorrisonensis_6wks vs miscanthus_sinensis_15wks,TRUE
9349,2.581589040094542,16.92439873701975,3.8485944512569215,0.001040099692819701,0.023195966333722045,-0.716293428240899,miscanthus_sinensis_ssp_transmorrisonensis_6wks vs miscanthus_sinensis_15wks,TRUE
466,6.424147861830669,19.442525052207074,3.832947085233995,0.001078380266506525,0.023916077910522488,-0.749786818151609,miscanthus_sinensis_ssp_transmorrisonensis_6wks vs miscanthus_sinensis_15wks,TRUE
5966,2.8079758273493205,17.112022607633655,3.828833980785826,0.0010886734449467195,0.024010963492968534,-0.7585891444631985,miscanthus_sinensis_ssp_transmorrisonensis_6wks vs miscanthus_sinensis_15wks,TRUE
2481,3.0886385576358535,17.157674004154153,3.824407751829613,0.001099859461140782,0.02412067947229187,-0.7680607031140907,miscanthus_sinensis_ssp_transmorrisonensis_6wks vs miscanthus_sinensis_15wks,TRUE
10495,2.6988961733834422,16.860602824642864,3.82210171014431,0.0011057325509592716,0.02412067947229187,-0.7729949702063221,miscanthus_sinensis_ssp_transmorrisonensis_6wks vs miscanthus_sinensis_15wks,TRUE
1178,5.164933997147216,19.12833772474547,3.804853810968288,0.0011506606159633179,0.02496433249416068,-0.809892373067985,miscanthus_sinensis_ssp_transmorrisonensis_6wks vs miscanthus_sinensis_15wks,TRUE
7048,3.155681531837889,17.386048004242333,3.790624508502941,0.0011890889054643628,0.02556211254833482,-0.8403210139304091,miscanthus_sinensis_ssp_transmorrisonensis_6wks vs miscanthus_sinensis_15wks,TRUE
4128,3.1258526850821617,17.169758244342344,3.7883401126308893,0.001195376005346696,0.02556211254833482,-0.8452050934671202,miscanthus_sinensis_ssp_transmorrisonensis_6wks vs miscanthus_sinensis_15wks,TRUE
11771,2.064792959369143,17.03415579392342,3.7875987006297027,0.0011974236088523576,0.02556211254833482,-0.8467901859797653,miscanthus_sinensis_ssp_transmorrisonensis_6wks vs miscanthus_sinensis_15wks,TRUE
17106,2.454170133763242,16.7576834455655,3.7821662248167254,0.0012125335508764656,0.025746989016483247,-0.8584035787783266,miscanthus_sinensis_ssp_transmorrisonensis_6wks vs miscanthus_sinensis_15wks,TRUE
3553,2.5457290777234824,17.488863601839665,3.779552054985623,0.0012198720153922269,0.02576576235685592,-0.8639915065063599,miscanthus_sinensis_ssp_transmorrisonensis_6wks vs miscanthus_sinensis_15wks,TRUE
17806,1.9011326938593385,16.905955340806948,3.770779458476219,0.0012448224104858584,0.026104102153454867,-0.8827406423054542,miscanthus_sinensis_ssp_transmorrisonensis_6wks vs miscanthus_sinensis_15wks,TRUE
1872,4.593379608922817,18.84382412660601,3.7674403653943647,0.0012544518843758965,0.026104102153454867,-0.8898759482732475,miscanthus_sinensis_ssp_transmorrisonensis_6wks vs miscanthus_sinensis_15wks,TRUE
8272,2.049029906806684,17.149949890881196,3.766324230604364,0.0012576871341450722,0.026104102153454867,-0.8922608746351424,miscanthus_sinensis_ssp_transmorrisonensis_6wks vs miscanthus_sinensis_15wks,TRUE
5242,2.372428220043023,17.185436850912293,3.7648246080046093,0.0012620470229500976,0.026104102153454867,-0.8954651150598902,miscanthus_sinensis_ssp_transmorrisonensis_6wks vs miscanthus_sinensis_15wks,TRUE
3743,2.7508869082206466,17.16487788756071,3.7530512775974088,0.0012968015919891023,0.026684700800105654,-0.9206166278883812,miscanthus_sinensis_ssp_transmorrisonensis_6wks vs miscanthus_sinensis_15wks,TRUE
8070,3.1268369195238286,17.650605682978654,3.7354932628309183,0.0013504054886937886,0.02764522415828515,-0.958110608757818,miscanthus_sinensis_ssp_transmorrisonensis_6wks vs miscanthus_sinensis_15wks,TRUE
1734,2.859253863714379,17.15727450551728,3.731605531940427,0.0013625688437948378,0.02775191236953568,-0.9664100212301738,miscanthus_sinensis_ssp_transmorrisonensis_6wks vs miscanthus_sinensis_15wks,TRUE
364,5.418462866511838,17.981909834148784,3.7276808173863305,0.0013749581971146082,0.027823319052879283,-0.9747874131198371,miscanthus_sinensis_ssp_transmorrisonensis_6wks vs miscanthus_sinensis_15wks,TRUE
921,5.667460076912896,19.23527846184122,3.7230593306105995,0.0013896904825285925,0.027823319052879283,-0.9846508139038548,miscanthus_sinensis_ssp_transmorrisonensis_6wks vs miscanthus_sinensis_15wks,TRUE
7856,2.3474743410912318,17.09149046900979,3.72283405053496,0.0013904126162018083,0.027823319052879283,-0.9851315822257716,miscanthus_sinensis_ssp_transmorrisonensis_6wks vs miscanthus_sinensis_15wks,TRUE
8144,2.291739862557705,17.255266788945203,3.7213406024220093,0.0013952092784087697,0.027823319052879283,-0.988318653805484,miscanthus_sinensis_ssp_transmorrisonensis_6wks vs miscanthus_sinensis_15wks,TRUE
4830,3.328081404157331,18.597930541793943,3.717898681574148,0.0014063266676065517,0.027823319052879283,-0.9956632803252221,miscanthus_sinensis_ssp_transmorrisonensis_6wks vs miscanthus_sinensis_15wks,TRUE
335,-4.822450846025465,24.03326956615462,-3.7174157963476753,0.0014078933989683405,0.027823319052879283,-0.9966936344315052,miscanthus_sinensis_ssp_transmorrisonensis_6wks vs miscanthus_sinensis_15wks,TRUE
8882,2.1121680797016857,17.198566268289976,3.7094538020431593,0.001433977326817825,0.02819919945151112,-1.0136802689234408,miscanthus_sinensis_ssp_transmorrisonensis_6wks vs miscanthus_sinensis_15wks,TRUE
8659,2.667632866319714,17.239501625325364,3.7013226272364856,0.0014611102151239899,0.028591921464583177,-1.0310234305154715,miscanthus_sinensis_ssp_transmorrisonensis_6wks vs miscanthus_sinensis_15wks,TRUE
9031,3.14277235160181,17.67521418304156,3.6963421908949927,0.0014779802069941842,0.02878096090888187,-1.041644068136665,miscanthus_sinensis_ssp_transmorrisonensis_6wks vs miscanthus_sinensis_15wks,TRUE
10972,2.0219372916894116,16.930480241396854,3.687623966684135,0.0015079772242828921,0.029095619193267162,-1.0602312459935197,miscanthus_sinensis_ssp_transmorrisonensis_6wks vs miscanthus_sinensis_15wks,TRUE
13545,2.311424485173305,17.147202292010334,3.6874115066878455,0.0015087157247009775,0.029095619193267162,-1.0606841415442902,miscanthus_sinensis_ssp_transmorrisonensis_6wks vs miscanthus_sinensis_15wks,TRUE
9165,3.4049693141625355,17.957319817001242,3.680925696499568,0.0015314334117844405,0.029289643671764374,-1.0745082158222683,miscanthus_sinensis_ssp_transmorrisonensis_6wks vs miscanthus_sinensis_15wks,TRUE
5627,2.982507260763878,16.79931145636973,3.6785381715746035,0.0015398812361454648,0.029289643671764374,-1.0795962993124695,miscanthus_sinensis_ssp_transmorrisonensis_6wks vs miscanthus_sinensis_15wks,TRUE
545,-6.122793224428587,21.819576764807653,-3.6782827107815734,0.001540787868504639,0.029289643671764374,-1.0801406902714827,miscanthus_sinensis_ssp_transmorrisonensis_6wks vs miscanthus_sinensis_15wks,TRUE
933,5.332948244603628,19.418364566064575,3.67345246155447,0.0015580303648994127,0.029371602345632786,-1.0904331245102794,miscanthus_sinensis_ssp_transmorrisonensis_6wks vs miscanthus_sinensis_15wks,TRUE
11674,2.4398195467928723,16.94501853112275,3.6729556731388286,0.0015598145534253885,0.029371602345632786,-1.091491597877451,miscanthus_sinensis_ssp_transmorrisonensis_6wks vs miscanthus_sinensis_15wks,TRUE
442,-2.255088955770802,23.983286132346255,-3.6674017962558447,0.0015798993512691473,0.029610132442565426,-1.1033236144249985,miscanthus_sinensis_ssp_transmorrisonensis_6wks vs miscanthus_sinensis_15wks,TRUE
608,6.149341278180167,19.33434901412998,3.6628716325247392,0.001596471601341988,0.02978090949793092,-1.1129729884475976,miscanthus_sinensis_ssp_transmorrisonensis_6wks vs miscanthus_sinensis_15wks,TRUE
10066,2.477323536870479,17.03041104965108,3.6566917311073786,0.0016193569174793297,0.03006731541663946,-1.1261338277331907,miscanthus_sinensis_ssp_transmorrisonensis_6wks vs miscanthus_sinensis_15wks,TRUE
11976,2.2336428974247475,16.98027776232194,3.647870285605538,0.0016525883115809175,0.030542280276995473,-1.1449150281863307,miscanthus_sinensis_ssp_transmorrisonensis_6wks vs miscanthus_sinensis_15wks,TRUE
7484,2.5962782556631474,17.94398552280041,3.6402273638735894,0.0016819254344439126,0.030941227347005065,-1.1611821444321748,miscanthus_sinensis_ssp_transmorrisonensis_6wks vs miscanthus_sinensis_15wks,TRUE
8790,2.1703532106896155,16.398137060065775,3.6341421350866923,0.0017056515608008544,0.03100550826252801,-1.1741305296651836,miscanthus_sinensis_ssp_transmorrisonensis_6wks vs miscanthus_sinensis_15wks,TRUE
9121,2.2800572123260388,17.208248163823406,3.63319353641889,0.0017093798455323401,0.03100550826252801,-1.1761487236665227,miscanthus_sinensis_ssp_transmorrisonensis_6wks vs miscanthus_sinensis_15wks,TRUE
1448,2.6034718550639546,17.06251625074424,3.6321073016600507,0.0017136589893789111,0.03100550826252801,-1.1784596554289726,miscanthus_sinensis_ssp_transmorrisonensis_6wks vs miscanthus_sinensis_15wks,TRUE
6491,3.759731370990824,17.536808848111065,3.631390823124429,0.0017164873061169064,0.03100550826252801,-1.1799838890574197,miscanthus_sinensis_ssp_transmorrisonensis_6wks vs miscanthus_sinensis_15wks,TRUE
3593,2.578826322350565,17.118324504122622,3.6285961882627333,0.0017275634167744536,0.03106501423316945,-1.1859287810215013,miscanthus_sinensis_ssp_transmorrisonensis_6wks vs miscanthus_sinensis_15wks,TRUE
4201,4.476307474370458,18.06228398760298,3.622088811859468,0.001753629244878256,0.03139232262580268,-1.1997691017623016,miscanthus_sinensis_ssp_transmorrisonensis_6wks vs miscanthus_sinensis_15wks,TRUE
13347,2.1818939691348973,16.86951717752084,3.614535626355026,0.0017843723989910151,0.03180006525344702,-1.2158292625356486,miscanthus_sinensis_ssp_transmorrisonensis_6wks vs miscanthus_sinensis_15wks,TRUE
7913,2.0489331021781503,17.153215903071477,3.6113904852291516,0.0017973305013042889,0.031888637160918755,-1.2225152716976178,miscanthus_sinensis_ssp_transmorrisonensis_6wks vs miscanthus_sinensis_15wks,TRUE
1181,3.927271084528435,19.59216378343997,3.6036097631276833,0.0018297886661905883,0.0323208688293488,-1.2390520346041995,miscanthus_sinensis_ssp_transmorrisonensis_6wks vs miscanthus_sinensis_15wks,TRUE
3347,2.461142548831699,16.940778827923786,3.599428563081384,0.001847469764856853,0.032489424234839456,-1.2479363703661752,miscanthus_sinensis_ssp_transmorrisonensis_6wks vs miscanthus_sinensis_15wks,TRUE
11136,2.7601707817652468,17.384572594182075,3.5899427113179607,0.00188821146937929,0.033060263972640905,-1.268086442362792,miscanthus_sinensis_ssp_transmorrisonensis_6wks vs miscanthus_sinensis_15wks,TRUE
9708,2.3487291072363767,17.065677758021366,3.5852487866821288,0.0019086990711059484,0.03323657382597423,-1.278054400812798,miscanthus_sinensis_ssp_transmorrisonensis_6wks vs miscanthus_sinensis_15wks,TRUE
2754,3.1872914977237663,17.034001196476442,3.5820967377250788,0.0019225799824816616,0.03323657382597423,-1.2847469275368448,miscanthus_sinensis_ssp_transmorrisonensis_6wks vs miscanthus_sinensis_15wks,TRUE
13056,2.2274216774124795,16.864220367502806,3.581564603267201,0.0019249332048409983,0.03323657382597423,-1.285876682031513,miscanthus_sinensis_ssp_transmorrisonensis_6wks vs miscanthus_sinensis_15wks,TRUE
6876,2.550502473605473,17.307895480468744,3.5792942087642583,0.0019350054371377616,0.03323657382597423,-1.29069657830222,miscanthus_sinensis_ssp_transmorrisonensis_6wks vs miscanthus_sinensis_15wks,TRUE
8325,2.357014798774294,17.26856723561945,3.572727250939145,0.0019644327412146703,0.03323657382597423,-1.3046351090179371,miscanthus_sinensis_ssp_transmorrisonensis_6wks vs miscanthus_sinensis_15wks,TRUE
1438,-5.157041463947557,21.015012781762714,-3.570815874390974,0.00197308061199023,0.03323657382597423,-1.3086912981194843,miscanthus_sinensis_ssp_transmorrisonensis_6wks vs miscanthus_sinensis_15wks,TRUE
863,-5.033316809031973,21.890388318933706,-3.567661159563262,0.00198743619978167,0.03323657382597423,-1.3153852616998423,miscanthus_sinensis_ssp_transmorrisonensis_6wks vs miscanthus_sinensis_15wks,TRUE
5761,2.33798475299281,16.95049471742973,3.5655995643335663,0.0019968732176977432,0.03323657382597423,-1.3197592360807144,miscanthus_sinensis_ssp_transmorrisonensis_6wks vs miscanthus_sinensis_15wks,TRUE
949,-2.0221612810759346,24.061957336955157,-3.5636527649260548,0.0020058253798164623,0.03323657382597423,-1.3238892841781853,miscanthus_sinensis_ssp_transmorrisonensis_6wks vs miscanthus_sinensis_15wks,TRUE
9653,2.2241774859074646,17.24506723257639,3.562403567262102,0.002011590555690249,0.03323657382597423,-1.3265392111819398,miscanthus_sinensis_ssp_transmorrisonensis_6wks vs miscanthus_sinensis_15wks,TRUE
3537,2.1769029388877534,17.14609664546963,3.56119892041554,0.002017165624032969,0.03323657382597423,-1.329094491201519,miscanthus_sinensis_ssp_transmorrisonensis_6wks vs miscanthus_sinensis_15wks,TRUE
8757,2.1361488466535192,16.761517898517116,3.5608630420648497,0.002018722777230244,0.03323657382597423,-1.3298069268923571,miscanthus_sinensis_ssp_transmorrisonensis_6wks vs miscanthus_sinensis_15wks,TRUE
7356,3.2503906119699053,18.084566976691494,3.559034314927331,0.002027221721014898,0.03323657382597423,-1.333685672578948,miscanthus_sinensis_ssp_transmorrisonensis_6wks vs miscanthus_sinensis_15wks,TRUE
135,-6.66737580392936,22.40215524470472,-3.5563129854139786,0.0020399344553948414,0.03323657382597423,-1.3394570394672307,miscanthus_sinensis_ssp_transmorrisonensis_6wks vs miscanthus_sinensis_15wks,TRUE
3955,2.8417201740511153,17.121045978632818,3.553585434357143,0.002052755237856966,0.03323657382597423,-1.3452408820164372,miscanthus_sinensis_ssp_transmorrisonensis_6wks vs miscanthus_sinensis_15wks,TRUE
14331,2.0798291953395456,16.981313863185513,3.5533003015880804,0.0020541000814857306,0.03323657382597423,-1.3458454717097146,miscanthus_sinensis_ssp_transmorrisonensis_6wks vs miscanthus_sinensis_15wks,TRUE
1996,2.623510095743214,17.018395744285854,3.5523505231970116,0.0020585860388888325,0.03323657382597423,-1.3478593052748424,miscanthus_sinensis_ssp_transmorrisonensis_6wks vs miscanthus_sinensis_15wks,TRUE
3034,2.8218562655292487,17.15307922715189,3.55139728721567,0.0020630980522617815,0.03323657382597423,-1.3498803815685383,miscanthus_sinensis_ssp_transmorrisonensis_6wks vs miscanthus_sinensis_15wks,TRUE
1928,4.84469152757967,19.0089934068847,3.551057384321452,0.0020647092968936044,0.03323657382597423,-1.3506010312611592,miscanthus_sinensis_ssp_transmorrisonensis_6wks vs miscanthus_sinensis_15wks,TRUE
2264,3.83856587825969,17.537917368112645,3.547865710660516,0.002079899543827672,0.03323657382597423,-1.3573673488682072,miscanthus_sinensis_ssp_transmorrisonensis_6wks vs miscanthus_sinensis_15wks,TRUE
2396,5.4288455045694555,18.212667956495007,3.547502327616122,0.0020816359858896534,0.03323657382597423,-1.35813765398425,miscanthus_sinensis_ssp_transmorrisonensis_6wks vs miscanthus_sinensis_15wks,TRUE
7327,2.7995425082056578,17.222299305787306,3.546794567258143,0.002085022159371618,0.03323657382597423,-1.3596379382193238,miscanthus_sinensis_ssp_transmorrisonensis_6wks vs miscanthus_sinensis_15wks,TRUE
14264,2.153634610156743,17.2577852855222,3.5454918114016247,0.0020912692210885214,0.03323657382597423,-1.3623993426660057,miscanthus_sinensis_ssp_transmorrisonensis_6wks vs miscanthus_sinensis_15wks,TRUE
11829,2.184610539861392,17.00157057359682,3.541360425210162,0.002111202769624446,0.03323657382597423,-1.371155380045825,miscanthus_sinensis_ssp_transmorrisonensis_6wks vs miscanthus_sinensis_15wks,TRUE
11268,2.2591099270440793,17.150543104568968,3.5386616700186098,0.0021243251486613743,0.03323657382597423,-1.3768741887165943,miscanthus_sinensis_ssp_transmorrisonensis_6wks vs miscanthus_sinensis_15wks,TRUE
1119,-6.487358267588677,21.733034987503615,-3.5381523287230645,0.0021268107748648414,0.03323657382597423,-1.3779534287427246,miscanthus_sinensis_ssp_transmorrisonensis_6wks vs miscanthus_sinensis_15wks,TRUE
16156,2.0294380237244525,16.854303373853494,3.5379836250203116,0.002127634695010392,0.03323657382597423,-1.3783108882034059,miscanthus_sinensis_ssp_transmorrisonensis_6wks vs miscanthus_sinensis_15wks,TRUE
2930,3.571311983221918,17.95002854519856,3.536042497662135,0.0021371375229856894,0.03323657382597423,-1.3824236586684115,miscanthus_sinensis_ssp_transmorrisonensis_6wks vs miscanthus_sinensis_15wks,TRUE
1517,-5.174309993875337,20.564713260486187,-3.535206932448734,0.002141240932688293,0.03323657382597423,-1.3841938985617226,miscanthus_sinensis_ssp_transmorrisonensis_6wks vs miscanthus_sinensis_15wks,TRUE
4155,2.8057411525847087,18.67808324197179,3.5338228635479876,0.0021480551220193767,0.03323657382597423,-1.3871260507013234,miscanthus_sinensis_ssp_transmorrisonensis_6wks vs miscanthus_sinensis_15wks,TRUE
175,8.233638946917363,19.422861114021558,3.527628310388387,0.0021788158878593006,0.03358236688932173,-1.400246836784576,miscanthus_sinensis_ssp_transmorrisonensis_6wks vs miscanthus_sinensis_15wks,TRUE
3747,3.363370353705413,17.430045828208854,3.517099390013409,0.0022321002151861275,0.034271323303934696,-1.4225392669628425,miscanthus_sinensis_ssp_transmorrisonensis_6wks vs miscanthus_sinensis_15wks,TRUE
7803,2.1947495111488102,16.766394807048467,3.5113497540231573,0.0022617381562055933,0.034541729183414464,-1.4347078414755359,miscanthus_sinensis_ssp_transmorrisonensis_6wks vs miscanthus_sinensis_15wks,TRUE
93,-7.270776004098174,23.731490585453606,-3.5103334236664683,0.002267017296105859,0.034541729183414464,-1.4368584482274915,miscanthus_sinensis_ssp_transmorrisonensis_6wks vs miscanthus_sinensis_15wks,TRUE
15005,2.519058404069334,16.879328530355693,3.508123415523337,0.0022785387432868363,0.03458527248365418,-1.4415345595972324,miscanthus_sinensis_ssp_transmorrisonensis_6wks vs miscanthus_sinensis_15wks,TRUE
7918,3.4559401182573914,17.929996511628538,3.502204200096227,0.002309682554522344,0.03480325692258208,-1.4540563392387913,miscanthus_sinensis_ssp_transmorrisonensis_6wks vs miscanthus_sinensis_15wks,TRUE
9475,2.56870834313078,17.049370397772467,3.5020807664919973,0.002310336444009081,0.03480325692258208,-1.4543174163253445,miscanthus_sinensis_ssp_transmorrisonensis_6wks vs miscanthus_sinensis_15wks,TRUE
4455,3.3462991068101573,17.658207210743054,3.4878601908101774,0.0023869041667899044,0.035709458774778984,-1.4843845777781413,miscanthus_sinensis_ssp_transmorrisonensis_6wks vs miscanthus_sinensis_15wks,TRUE
13358,1.9166601978520639,17.445297996436825,3.487449255190432,0.0023891535391871127,0.035709458774778984,-1.4852531064278995,miscanthus_sinensis_ssp_transmorrisonensis_6wks vs miscanthus_sinensis_15wks,TRUE
10119,2.8755198965491147,17.462214538935214,3.483983271790742,0.002408208859829224,0.035709458774778984,-1.4925778536457015,miscanthus_sinensis_ssp_transmorrisonensis_6wks vs miscanthus_sinensis_15wks,TRUE
5634,1.7025302142420884,16.847285691008498,3.4802333258407363,0.0024289939942228754,0.035709458774778984,-1.5005011975039144,miscanthus_sinensis_ssp_transmorrisonensis_6wks vs miscanthus_sinensis_15wks,TRUE
1208,3.3089862484583783,17.11828526680652,3.479645200362685,0.002432269837197672,0.035709458774778984,-1.501743717948405,miscanthus_sinensis_ssp_transmorrisonensis_6wks vs miscanthus_sinensis_15wks,TRUE
8254,3.184483392496812,17.227218505416115,3.479506251521038,0.0024330444137714846,0.035709458774778984,-1.5020372665969655,miscanthus_sinensis_ssp_transmorrisonensis_6wks vs miscanthus_sinensis_15wks,TRUE
1100,3.196586087272621,17.882702205779886,3.47843258411958,0.002439037818953235,0.035709458774778984,-1.5043054642936449,miscanthus_sinensis_ssp_transmorrisonensis_6wks vs miscanthus_sinensis_15wks,TRUE
6960,3.666741009150762,17.79116473425774,3.4778931237221005,0.002442054670720106,0.035709458774778984,-1.5054450632383958,miscanthus_sinensis_ssp_transmorrisonensis_6wks vs miscanthus_sinensis_15wks,TRUE
5126,2.9561572854382696,17.524509081393393,3.476262893128937,0.002451193845270707,0.035712284052265196,-1.5088886921853089,miscanthus_sinensis_ssp_transmorrisonensis_6wks vs miscanthus_sinensis_15wks,TRUE
831,4.3309071883490375,18.959778861930488,3.470651268867499,0.002482911247004488,0.0360284594695717,-1.5207401426717508,miscanthus_sinensis_ssp_transmorrisonensis_6wks vs miscanthus_sinensis_15wks,TRUE
10255,2.1674215453400407,16.929718217291732,3.469240992156583,0.0024909455945896263,0.0360284594695717,-1.5237180075026684,miscanthus_sinensis_ssp_transmorrisonensis_6wks vs miscanthus_sinensis_15wks,TRUE
3520,2.8913922217604053,16.837685292613475,3.4625132208409104,0.0025296274246266693,0.03607785282458459,-1.537920863784307,miscanthus_sinensis_ssp_transmorrisonensis_6wks vs miscanthus_sinensis_15wks,TRUE
2573,3.562587325385447,17.13518045297455,3.4603460424271253,0.002542213256015848,0.03607785282458459,-1.5424948340274156,miscanthus_sinensis_ssp_transmorrisonensis_6wks vs miscanthus_sinensis_15wks,TRUE
2695,3.239282567772239,17.224141651239854,3.4582540446127026,0.0025544209408945467,0.03607785282458459,-1.546909612208835,miscanthus_sinensis_ssp_transmorrisonensis_6wks vs miscanthus_sinensis_15wks,TRUE
8871,2.425817505122634,16.904678073245236,3.4581952514350434,0.0025547648560577674,0.03607785282458459,-1.5470336770625313,miscanthus_sinensis_ssp_transmorrisonensis_6wks vs miscanthus_sinensis_15wks,TRUE
12056,2.0166735575541495,17.124015971562244,3.4571957302974945,0.002560618609436225,0.03607785282458459,-1.5491427960624629,miscanthus_sinensis_ssp_transmorrisonensis_6wks vs miscanthus_sinensis_15wks,TRUE
1907,3.8258749024065217,17.68684598754831,3.4560491027476767,0.002567350160531062,0.03607785282458459,-1.5515621845906287,miscanthus_sinensis_ssp_transmorrisonensis_6wks vs miscanthus_sinensis_15wks,TRUE
10270,1.8320005301794886,17.250024793671052,3.455628462088136,0.002569823996395521,0.03607785282458459,-1.552449699346358,miscanthus_sinensis_ssp_transmorrisonensis_6wks vs miscanthus_sinensis_15wks,TRUE
18114,1.8260650764862447,17.11455837367446,3.455352299383023,0.0025714494164930713,0.03607785282458459,-1.5530323670451711,miscanthus_sinensis_ssp_transmorrisonensis_6wks vs miscanthus_sinensis_15wks,TRUE
2473,4.530898684041961,18.112139453782493,3.454631196053907,0.0025756984105727975,0.03607785282458459,-1.5545537598472423,miscanthus_sinensis_ssp_transmorrisonensis_6wks vs miscanthus_sinensis_15wks,TRUE
6906,2.0343599532913466,16.936796511500848,3.4475203880059393,0.002617969535434025,0.03654172862046374,-1.5695529442261318,miscanthus_sinensis_ssp_transmorrisonensis_6wks vs miscanthus_sinensis_15wks,TRUE
10684,2.2564014429550276,17.160776167760893,3.444953417030213,0.0026333963161244297,0.036628982905814365,-1.5749661095442447,miscanthus_sinensis_ssp_transmorrisonensis_6wks vs miscanthus_sinensis_15wks,TRUE
1727,3.3685883676757946,17.92492098771542,3.4375152135076408,0.0026786046575041694,0.036961535368836375,-1.5906471455314746,miscanthus_sinensis_ssp_transmorrisonensis_6wks vs miscanthus_sinensis_15wks,TRUE
1235,-4.011266531355361,19.998179119874397,-3.4374979289401444,0.002678710594635815,0.036961535368836375,-1.5906835766506653,miscanthus_sinensis_ssp_transmorrisonensis_6wks vs miscanthus_sinensis_15wks,TRUE
10529,1.7575265604418036,17.103272522699886,3.4364596979817135,0.002685081477195027,0.036961535368836375,-1.5928718157837993,miscanthus_sinensis_ssp_transmorrisonensis_6wks vs miscanthus_sinensis_15wks,TRUE
1723,3.3471196125718663,17.65045104024672,3.426785366516983,0.0027451668793259314,0.0376259947376086,-1.6132557040915536,miscanthus_sinensis_ssp_transmorrisonensis_6wks vs miscanthus_sinensis_15wks,TRUE
13836,2.539802930547026,17.103755800894486,3.424201802489044,0.0027614353335768953,0.0376259947376086,-1.6186973449618858,miscanthus_sinensis_ssp_transmorrisonensis_6wks vs miscanthus_sinensis_15wks,TRUE
2188,4.619802308187747,17.61062736118303,3.4241713950977277,0.0027616273692683668,0.0376259947376086,-1.6187613857140963,miscanthus_sinensis_ssp_transmorrisonensis_6wks vs miscanthus_sinensis_15wks,TRUE
5803,2.520248337889278,17.379291223024957,3.415464623111173,0.0028171579063590176,0.03825202164008571,-1.6370939025544695,miscanthus_sinensis_ssp_transmorrisonensis_6wks vs miscanthus_sinensis_15wks,TRUE
1084,3.6294897835130584,17.080044247864162,3.4014922631430515,0.0029085734027748814,0.03923052118197228,-1.6664933482532183,miscanthus_sinensis_ssp_transmorrisonensis_6wks vs miscanthus_sinensis_15wks,TRUE
1444,2.812722188926248,17.368697376885184,3.4003337168531944,0.0029162828513054637,0.03923052118197228,-1.668929940171945,miscanthus_sinensis_ssp_transmorrisonensis_6wks vs miscanthus_sinensis_15wks,TRUE
7416,2.7506918750865452,16.669400868069513,3.399970555926986,0.0029187036049713845,0.03923052118197228,-1.6696936849124926,miscanthus_sinensis_ssp_transmorrisonensis_6wks vs miscanthus_sinensis_15wks,TRUE
3943,3.1669929003967177,17.31719159656166,3.3952101278267297,0.002950618715926649,0.03952640910731269,-1.6797035116391683,miscanthus_sinensis_ssp_transmorrisonensis_6wks vs miscanthus_sinensis_15wks,TRUE
5474,2.644137251999087,17.130769542261334,3.389979183331765,0.00298608360308372,0.03986771151675656,-1.6906992942322274,miscanthus_sinensis_ssp_transmorrisonensis_6wks vs miscanthus_sinensis_15wks,TRUE
1303,-5.233617055894376,20.50100852330429,-3.3878049211603223,0.0030009475775209294,0.039932609098211835,-1.6952686770280856,miscanthus_sinensis_ssp_transmorrisonensis_6wks vs miscanthus_sinensis_15wks,TRUE
2288,2.247994236624418,17.497515282511827,3.3860501643185508,0.003012996632249945,0.03995974271077004,-1.698955981730042,miscanthus_sinensis_ssp_transmorrisonensis_6wks vs miscanthus_sinensis_15wks,TRUE
8746,2.4762520219833704,17.534669384456617,3.3769484759521737,0.0030762596304643878,0.04066367034706568,-1.7180749732471696,miscanthus_sinensis_ssp_transmorrisonensis_6wks vs miscanthus_sinensis_15wks,TRUE
5545,2.7088876781881837,16.880009966585177,3.367250417231581,0.0031451026346691158,0.04143646771484855,-1.7384344522464996,miscanthus_sinensis_ssp_transmorrisonensis_6wks vs miscanthus_sinensis_15wks,TRUE
12479,2.268381853557919,16.76129444775084,3.363389129525168,0.0031729313269154,0.041665598213968015,-1.7465370302190388,miscanthus_sinensis_ssp_transmorrisonensis_6wks vs miscanthus_sinensis_15wks,TRUE
7206,2.6494061698253475,16.84268664425349,3.361863887353846,0.0031839903381262985,0.04167373583541044,-1.7497370556234992,miscanthus_sinensis_ssp_transmorrisonensis_6wks vs miscanthus_sinensis_15wks,TRUE
1407,3.745369872673887,17.195571500347384,3.3519136497787927,0.003257069714102367,0.04249092254476029,-1.7706052006591326,miscanthus_sinensis_ssp_transmorrisonensis_6wks vs miscanthus_sinensis_15wks,TRUE
10566,2.128735004712137,17.418099336158885,3.3475746707084255,0.003289450015126028,0.04266374504681578,-1.7797008067252307,miscanthus_sinensis_ssp_transmorrisonensis_6wks vs miscanthus_sinensis_15wks,TRUE
446,-3.4495317630804436,23.40293709187136,-3.3472758286911763,0.0032916917521090333,0.04266374504681578,-1.780327158403642,miscanthus_sinensis_ssp_transmorrisonensis_6wks vs miscanthus_sinensis_15wks,TRUE
1413,-3.2489956530878352,22.14041226005525,-3.3417152565703327,0.0033336781725931738,0.04306810118120372,-1.7919794222166612,miscanthus_sinensis_ssp_transmorrisonensis_6wks vs miscanthus_sinensis_15wks,TRUE
1667,2.9150928584003246,17.172497069907045,3.3392731746497417,0.0033522831943961114,0.04316875649041702,-1.797095455923924,miscanthus_sinensis_ssp_transmorrisonensis_6wks vs miscanthus_sinensis_15wks,TRUE
4631,2.189154568388499,17.04820846923874,3.3267225117293124,0.00344951774360034,0.044278054123641664,-1.8233749457914055,miscanthus_sinensis_ssp_transmorrisonensis_6wks vs miscanthus_sinensis_15wks,TRUE
4918,1.9624925910793074,16.863578224072494,3.3167605351765945,0.003528659114556462,0.04514874097855576,-1.8442177667316004,miscanthus_sinensis_ssp_transmorrisonensis_6wks vs miscanthus_sinensis_15wks,TRUE
3772,2.8372790216611,17.159752425300706,3.3095734843840714,0.0035868570872463357,0.04574675237152515,-1.8592456944276678,miscanthus_sinensis_ssp_transmorrisonensis_6wks vs miscanthus_sinensis_15wks,TRUE
1995,3.6266885324428273,17.776147058487005,3.3068300544220453,0.003609319303296855,0.04582564446272411,-1.8649801022554593,miscanthus_sinensis_ssp_transmorrisonensis_6wks vs miscanthus_sinensis_15wks,TRUE
252,4.911466639313829,21.45270728883334,3.306017147198577,0.0036160015044484207,0.04582564446272411,-1.8666790512105038,miscanthus_sinensis_ssp_transmorrisonensis_6wks vs miscanthus_sinensis_15wks,TRUE
12516,1.9975350551305944,16.824715730528993,3.302465118949519,0.0036453419870745786,0.046051282317726955,-1.8741015061373654,miscanthus_sinensis_ssp_transmorrisonensis_6wks vs miscanthus_sinensis_15wks,TRUE
5589,2.350047501890593,16.984279077766992,3.299803415026935,0.00366748082956227,0.04618480590414063,-1.8796622573810602,miscanthus_sinensis_ssp_transmorrisonensis_6wks vs miscanthus_sinensis_15wks,TRUE
4515,2.625046789691986,17.440724051838867,3.292863560124357,0.00372582407534283,0.04677198021625339,-1.894155732018807,miscanthus_sinensis_ssp_transmorrisonensis_6wks vs miscanthus_sinensis_15wks,TRUE
15276,1.8424087999939083,16.923508436700626,3.28750167480775,0.0037715223722535256,0.04719723294682155,-1.9053486643586677,miscanthus_sinensis_ssp_transmorrisonensis_6wks vs miscanthus_sinensis_15wks,TRUE
11489,1.9981546538720671,17.16851205113688,3.2856314678591887,0.003787590412773295,0.04725019039934686,-1.9092516780924838,miscanthus_sinensis_ssp_transmorrisonensis_6wks vs miscanthus_sinensis_15wks,TRUE
2732,3.285376291790307,17.667700428872884,3.2826047879187508,0.0038137363787539803,0.04742814836132676,-1.9155670362851325,miscanthus_sinensis_ssp_transmorrisonensis_6wks vs miscanthus_sinensis_15wks,TRUE
4480,3.586954333234633,17.60851484915577,3.281158349107906,0.003826293701241161,0.04743653557563576,-1.9185846192754008,miscanthus_sinensis_ssp_transmorrisonensis_6wks vs miscanthus_sinensis_15wks,TRUE
6461,-3.6908680700449956,20.300186746411825,-3.279789540045962,0.0038382143166252134,0.0474370017088788,-1.921439949661445,miscanthus_sinensis_ssp_transmorrisonensis_6wks vs miscanthus_sinensis_15wks,TRUE
3000,2.915445638259037,17.083944900946197,3.2779841024639462,0.0038539929839481956,0.047484999975065424,-1.9252056379430105,miscanthus_sinensis_ssp_transmorrisonensis_6wks vs miscanthus_sinensis_15wks,TRUE
847,3.4881760604409564,17.638992585946692,3.2749951327781477,0.003880254709134422,0.047661467073429574,-1.93143875385777,miscanthus_sinensis_ssp_transmorrisonensis_6wks vs miscanthus_sinensis_15wks,TRUE
10445,2.2192272727576636,16.917373569573687,3.270287305986416,0.003921973931911989,0.04780378836392244,-1.9412534762760396,miscanthus_sinensis_ssp_transmorrisonensis_6wks vs miscanthus_sinensis_15wks,TRUE
7567,2.618392563871687,17.19981119886567,3.269896527746302,0.003925456527424186,0.04780378836392244,-1.9420680004962962,miscanthus_sinensis_ssp_transmorrisonensis_6wks vs miscanthus_sinensis_15wks,TRUE
8405,3.043933393126519,17.60094492755287,3.269637551246825,0.003927766178198036,0.04780378836392244,-1.9426077885432687,miscanthus_sinensis_ssp_transmorrisonensis_6wks vs miscanthus_sinensis_15wks,TRUE
1445,2.902988631115761,17.03283878660949,3.263959149699059,0.003978743538692377,0.048277034062188355,-1.954440675267044,miscanthus_sinensis_ssp_transmorrisonensis_6wks vs miscanthus_sinensis_15wks,TRUE
3029,-4.008628215583439,20.589852978182027,-3.2528938231673217,0.004079946111209711,0.04931216823258217,-1.9774842161335435,miscanthus_sinensis_ssp_transmorrisonensis_6wks vs miscanthus_sinensis_15wks,TRUE
7809,2.3379776052565653,17.488647684482974,3.2504800711952897,0.0041023539918194725,0.04931216823258217,-1.9825082238275753,miscanthus_sinensis_ssp_transmorrisonensis_6wks vs miscanthus_sinensis_15wks,TRUE
5494,3.496577754632643,17.831762610970276,3.249628504480891,0.004110288101152865,0.04931216823258217,-1.9842804570146289,miscanthus_sinensis_ssp_transmorrisonensis_6wks vs miscanthus_sinensis_15wks,TRUE
349,-5.6593881595898665,21.297507786562075,-3.249287985506708,0.004113464935232932,0.04931216823258217,-1.9849890930243985,miscanthus_sinensis_ssp_transmorrisonensis_6wks vs miscanthus_sinensis_15wks,TRUE
12319,1.9449639376780397,17.058576897202496,3.2376004863213637,0.004223967892297949,0.05048526894027969,-2.0092997947439626,miscanthus_sinensis_ssp_transmorrisonensis_6wks vs miscanthus_sinensis_15wks,TRUE
7984,2.433826327475142,17.138749930661884,3.2359750992431637,0.0042395634056073585,0.05052040929905843,-2.0126789107520064,miscanthus_sinensis_ssp_transmorrisonensis_6wks vs miscanthus_sinensis_15wks,TRUE
11088,2.8045417680163354,17.386612900866712,3.2330725993520453,0.004267552707328164,0.05070259049897033,-2.0187120005904786,miscanthus_sinensis_ssp_transmorrisonensis_6wks vs miscanthus_sinensis_15wks,TRUE
7704,2.3699002148554627,17.96525339948859,3.2282450134882272,0.004314505972368701,0.05093048850277647,-2.0287434242283275,miscanthus_sinensis_ssp_transmorrisonensis_6wks vs miscanthus_sinensis_15wks,TRUE
7606,2.131522513948667,17.133011471747704,3.2273079920725083,0.00432367773274082,0.05093048850277647,-2.0306900432273043,miscanthus_sinensis_ssp_transmorrisonensis_6wks vs miscanthus_sinensis_15wks,TRUE
1066,3.8755262894594154,18.18289622940992,3.227172154403168,0.0043250089184472,0.05093048850277647,-2.0309722274885926,miscanthus_sinensis_ssp_transmorrisonensis_6wks vs miscanthus_sinensis_15wks,TRUE
13089,2.2548810956759198,17.43477351230317,3.2255119390876485,0.004341311098745349,0.050972099724092446,-2.034420847481254,miscanthus_sinensis_ssp_transmorrisonensis_6wks vs miscanthus_sinensis_15wks,TRUE
12298,1.9975122551970692,17.095909312241925,3.213419357716598,0.0044618744432051985,0.052234025739809835,-2.0595256040808785,miscanthus_sinensis_ssp_transmorrisonensis_6wks vs miscanthus_sinensis_15wks,TRUE
611,4.78338056063544,18.24169746521977,3.2100206927252404,0.0044963431954780945,0.05248363168522969,-2.066576888457911,miscanthus_sinensis_ssp_transmorrisonensis_6wks vs miscanthus_sinensis_15wks,TRUE
1740,4.081026949161053,18.034238115430657,3.196548906336866,0.004635544871676734,0.05395071465811523,-2.094507407312636,miscanthus_sinensis_ssp_transmorrisonensis_6wks vs miscanthus_sinensis_15wks,TRUE
230,-3.6662952800835704,23.792819900371356,-3.1909689866277624,0.004694423821474427,0.05413772012477775,-2.1060667278957705,miscanthus_sinensis_ssp_transmorrisonensis_6wks vs miscanthus_sinensis_15wks,TRUE
9363,1.7316900895152152,16.868762202383056,3.1907391379342407,0.004696864736374868,0.05413772012477775,-2.1065427628450584,miscanthus_sinensis_ssp_transmorrisonensis_6wks vs miscanthus_sinensis_15wks,TRUE
8931,2.251902748632734,16.998986758121696,3.1906324799579604,0.004697997827907952,0.05413772012477775,-2.106763656830463,miscanthus_sinensis_ssp_transmorrisonensis_6wks vs miscanthus_sinensis_15wks,TRUE
12717,1.8441070214012356,16.792916842337878,3.1897711499202033,0.004707158020303267,0.05413772012477775,-2.108547440415591,miscanthus_sinensis_ssp_transmorrisonensis_6wks vs miscanthus_sinensis_15wks,TRUE
10041,1.9848815002080045,16.69563658703375,3.188620667031723,0.004719420491839343,0.05413772012477775,-2.110929843945076,miscanthus_sinensis_ssp_transmorrisonensis_6wks vs miscanthus_sinensis_15wks,TRUE
4085,2.4496569978802896,16.959943169837054,3.1861596393831597,0.004745756070575586,0.05414541178364315,-2.1160253151592565,miscanthus_sinensis_ssp_transmorrisonensis_6wks vs miscanthus_sinensis_15wks,TRUE
17804,2.0219268374255677,16.72683441197935,3.185124745717622,0.004756873239585913,0.05414541178364315,-2.1181677039887292,miscanthus_sinensis_ssp_transmorrisonensis_6wks vs miscanthus_sinensis_15wks,TRUE
6143,2.325494244590111,17.245620982324848,3.1847614917466642,0.004760781446908504,0.05414541178364315,-2.1189196502006356,miscanthus_sinensis_ssp_transmorrisonensis_6wks vs miscanthus_sinensis_15wks,TRUE
877,4.24574185864498,19.08978050111764,3.17728154670778,0.004841956269155677,0.05491218587065188,-2.134398099133791,miscanthus_sinensis_ssp_transmorrisonensis_6wks vs miscanthus_sinensis_15wks,TRUE
11623,2.1194876016140434,16.82130300372318,3.171981964062339,0.004900283450091771,0.05541623663673187,-2.145358565861441,miscanthus_sinensis_ssp_transmorrisonensis_6wks vs miscanthus_sinensis_15wks,TRUE
10942,1.8986539804055482,17.100560903356257,3.150231797928813,0.005146913508574923,0.058040900356585004,-2.190287910680283,miscanthus_sinensis_ssp_transmorrisonensis_6wks vs miscanthus_sinensis_15wks,TRUE
7115,1.9220139395923859,17.28404674375731,3.1484517333798543,0.005167624548468268,0.058110301964747396,-2.1939611119781004,miscanthus_sinensis_ssp_transmorrisonensis_6wks vs miscanthus_sinensis_15wks,TRUE
432,5.625352832876732,20.54928612243632,3.144508635193086,0.005213791603134039,0.05831558552764959,-2.2020956636498994,miscanthus_sinensis_ssp_transmorrisonensis_6wks vs miscanthus_sinensis_15wks,TRUE
9801,1.9117387587812438,16.94188256922847,3.1443977044766243,0.0052150962007442144,0.05831558552764959,-2.202324469761465,miscanthus_sinensis_ssp_transmorrisonensis_6wks vs miscanthus_sinensis_15wks,TRUE
1977,5.177873482330508,18.660650494819013,3.142293032687907,0.005239908380611383,0.05835115167454216,-2.2066651341914416,miscanthus_sinensis_ssp_transmorrisonensis_6wks vs miscanthus_sinensis_15wks,TRUE
4418,2.40568949088086,17.63643870386967,3.1404607499979553,0.005261602799374907,0.05835115167454216,-2.2104433436596644,miscanthus_sinensis_ssp_transmorrisonensis_6wks vs miscanthus_sinensis_15wks,TRUE
3244,4.180802930582875,18.234545187509404,3.1404164912579766,0.005262127906521839,0.05835115167454216,-2.2105345983546476,miscanthus_sinensis_ssp_transmorrisonensis_6wks vs miscanthus_sinensis_15wks,TRUE
5588,2.511038072397021,17.14367512098964,3.138476021703084,0.005285200747558772,0.05844465757411251,-2.2145351824151955,miscanthus_sinensis_ssp_transmorrisonensis_6wks vs miscanthus_sinensis_15wks,TRUE
8842,2.4087636560950827,16.92507359633428,3.135319860072769,0.005322938874722917,0.05869937013230355,-2.221040580191275,miscanthus_sinensis_ssp_transmorrisonensis_6wks vs miscanthus_sinensis_15wks,TRUE
3183,4.448121811343757,18.34657003234266,3.1302832030066625,0.0053837053097009315,0.05909770737105297,-2.231418070979387,miscanthus_sinensis_ssp_transmorrisonensis_6wks vs miscanthus_sinensis_15wks,TRUE
17319,1.470384523932431,17.025836794897007,3.129874253962704,0.005388668708182185,0.05909770737105297,-2.232260453398333,miscanthus_sinensis_ssp_transmorrisonensis_6wks vs miscanthus_sinensis_15wks,TRUE
9414,2.2875995743939086,16.94652705731899,3.1253390718794916,0.005444011083862407,0.05954107464870885,-2.2416001896786035,miscanthus_sinensis_ssp_transmorrisonensis_6wks vs miscanthus_sinensis_15wks,TRUE
14453,1.8312503460701066,16.87321502986904,3.120406029165342,0.005504835736529496,0.060041814918649586,-2.251754769860327,miscanthus_sinensis_ssp_transmorrisonensis_6wks vs miscanthus_sinensis_15wks,TRUE
11454,1.888536480862797,17.114348153551468,3.1175480798796253,0.005540375966477027,0.06026479797868199,-2.257635646602689,miscanthus_sinensis_ssp_transmorrisonensis_6wks vs miscanthus_sinensis_15wks,TRUE
3142,2.8727447713860244,17.63516833302914,3.1151330309480065,0.0055705821818232346,0.06042870671151726,-2.2626039145935426,miscanthus_sinensis_ssp_transmorrisonensis_6wks vs miscanthus_sinensis_15wks,TRUE
2334,4.511974133951224,18.115537954138237,3.112564513727172,0.005602883454796866,0.060614392280620835,-2.267886647691142,miscanthus_sinensis_ssp_transmorrisonensis_6wks vs miscanthus_sinensis_15wks,TRUE
3681,2.9851589769184947,17.020466374245196,3.109982890261817,0.005635532855439011,0.060802830159223054,-2.2731950323948373,miscanthus_sinensis_ssp_transmorrisonensis_6wks vs miscanthus_sinensis_15wks,TRUE
3502,3.6897892518479765,18.117119585464067,3.1077088289732213,0.005664445584298304,0.060946921437231225,-2.277869915076165,miscanthus_sinensis_ssp_transmorrisonensis_6wks vs miscanthus_sinensis_15wks,TRUE
62,-1.6539587634216772,25.16690693465869,-3.106535280914928,0.005679422538739984,0.060946921437231225,-2.280282027614782,miscanthus_sinensis_ssp_transmorrisonensis_6wks vs miscanthus_sinensis_15wks,TRUE
4919,2.8600166161062894,17.26352518490832,3.100644720325234,0.005755181362289583,0.06159432707308315,-2.292385373599536,miscanthus_sinensis_ssp_transmorrisonensis_6wks vs miscanthus_sinensis_15wks,TRUE
605,3.533364413438484,22.18197680681027,3.0991360140619117,0.0057747422011014005,0.06163842477753153,-2.295484205508597,miscanthus_sinensis_ssp_transmorrisonensis_6wks vs miscanthus_sinensis_15wks,TRUE
10840,2.5050418732959585,17.487003058874283,3.097567995715498,0.005795140434046711,0.06169120163390525,-2.298704381064856,miscanthus_sinensis_ssp_transmorrisonensis_6wks vs miscanthus_sinensis_15wks,TRUE
3803,2.8314825844242435,18.211849702843466,3.0954386770056663,0.00582295259614079,0.061822411605835195,-2.303076489104192,miscanthus_sinensis_ssp_transmorrisonensis_6wks vs miscanthus_sinensis_15wks,TRUE
8149,2.2527172916359497,17.045319767772266,3.0932985016889023,0.005851037096007189,0.061822540777515915,-2.307469972946769,miscanthus_sinensis_ssp_transmorrisonensis_6wks vs miscanthus_sinensis_15wks,TRUE
8075,1.6745772646389092,16.696296336948024,3.093078008682762,0.005853937979434122,0.061822540777515915,-2.307922562309596,miscanthus_sinensis_ssp_transmorrisonensis_6wks vs miscanthus_sinensis_15wks,TRUE
7057,2.3457643558799965,17.157784261980485,3.0896737039439173,0.005898903743504784,0.06213304417960712,-2.3149090796043414,miscanthus_sinensis_ssp_transmorrisonensis_6wks vs miscanthus_sinensis_15wks,TRUE
15423,1.4738527658490277,17.1456910320942,3.087983192993957,0.005921357228956338,0.062205415942088685,-2.3183775780558027,miscanthus_sinensis_ssp_transmorrisonensis_6wks vs miscanthus_sinensis_15wks,TRUE
66,-1.8484899738128462,25.3404575547381,-3.08255787540686,0.00599397820461347,0.0628030472252414,-2.3295050376015554,miscanthus_sinensis_ssp_transmorrisonensis_6wks vs miscanthus_sinensis_15wks,TRUE
18308,1.7173639856294471,16.948883395774107,3.0737536208413587,0.006113670541746614,0.06376854461771184,-2.3475500006751955,miscanthus_sinensis_ssp_transmorrisonensis_6wks vs miscanthus_sinensis_15wks,TRUE
6698,2.838018697817361,17.765681411703056,3.0734328899390166,0.006118074295737384,0.06376854461771184,-2.3482070617705793,miscanthus_sinensis_ssp_transmorrisonensis_6wks vs miscanthus_sinensis_15wks,TRUE
11206,2.0052630615422586,16.969528645661462,3.071820666662249,0.006140257350657913,0.06383309204121455,-2.3515096003317093,miscanthus_sinensis_ssp_transmorrisonensis_6wks vs miscanthus_sinensis_15wks,TRUE
2844,4.40343471842651,18.530511688560107,3.069004210892775,0.006179197052866749,0.06407105100011445,-2.3572776457342544,miscanthus_sinensis_ssp_transmorrisonensis_6wks vs miscanthus_sinensis_15wks,TRUE
1029,2.0238016934241223,17.150853211814717,3.0640234461938194,0.006248646843658073,0.06462331139866069,-2.367474126694956,miscanthus_sinensis_ssp_transmorrisonensis_6wks vs miscanthus_sinensis_15wks,TRUE
7996,1.8920717817633737,16.942100520804974,3.0623022360410905,0.00627282215830727,0.06470570040300419,-2.3709965390363212,miscanthus_sinensis_ssp_transmorrisonensis_6wks vs miscanthus_sinensis_15wks,TRUE
12296,2.2308979775264426,17.129504036239663,3.055108674074589,0.006374844293016681,0.06558860416938812,-2.3857112669038534,miscanthus_sinensis_ssp_transmorrisonensis_6wks vs miscanthus_sinensis_15wks,TRUE
4920,2.3879038025496975,17.39010175590209,3.0507491026883957,0.006437454050695954,0.06603751356767316,-2.3946236502196814,miscanthus_sinensis_ssp_transmorrisonensis_6wks vs miscanthus_sinensis_15wks,TRUE
12026,1.6448228761507302,17.079360859027467,3.049772516244821,0.006451560694236608,0.06603751356767316,-2.3966195597365627,miscanthus_sinensis_ssp_transmorrisonensis_6wks vs miscanthus_sinensis_15wks,TRUE
408,4.9971306270137426,20.018147380260892,3.04793346580638,0.006478206828912239,0.06614066920976383,-2.400377590518161,miscanthus_sinensis_ssp_transmorrisonensis_6wks vs miscanthus_sinensis_15wks,TRUE
12025,1.9731760515906984,17.329823110508695,3.0453422970472106,0.00651593142966072,0.06635611802858571,-2.4056713267374343,miscanthus_sinensis_ssp_transmorrisonensis_6wks vs miscanthus_sinensis_15wks,TRUE
14466,1.8519348596987086,16.76083944284054,3.0428439473135507,0.006552506093098876,0.06655878962760996,-2.4107740791010137,miscanthus_sinensis_ssp_transmorrisonensis_6wks vs miscanthus_sinensis_15wks,TRUE
2327,-2.911208205805096,20.816270734735568,-3.0407347983000204,0.006583537728983725,0.06670427059417013,-2.4150808699312476,miscanthus_sinensis_ssp_transmorrisonensis_6wks vs miscanthus_sinensis_15wks,TRUE
3433,2.8192125642983044,17.13780183142976,3.0391597187960313,0.006606804431097768,0.0667705399720058,-2.418296492110443,miscanthus_sinensis_ssp_transmorrisonensis_6wks vs miscanthus_sinensis_15wks,TRUE
1455,-5.173058185249463,21.133129062705596,-3.037872910100404,0.0066258719342943626,0.06679414333763409,-2.420923196174083,miscanthus_sinensis_ssp_transmorrisonensis_6wks vs miscanthus_sinensis_15wks,TRUE
4317,2.5245564082501595,17.117196127455355,3.0355734064046795,0.006660077957584081,0.066969851905984007,-2.425616181142855,miscanthus_sinensis_ssp_transmorrisonensis_6wks vs miscanthus_sinensis_15wks,TRUE
17077,1.730141424208984,16.988176968639298,3.03382739390267,0.006686164693342339,0.06706323983875029,-2.4291788016519735,miscanthus_sinensis_ssp_transmorrisonensis_6wks vs miscanthus_sinensis_15wks,TRUE
10962,1.7636099022125897,17.01051136932804,3.0268512703055075,0.0067913836273730864,0.06794787829692571,-2.4434065206135744,miscanthus_sinensis_ssp_transmorrisonensis_6wks vs miscanthus_sinensis_15wks,TRUE
901,4.984870249801872,19.87607566687579,3.0241252244414336,0.006832933706891081,0.06819267839477298,-2.448963380453753,miscanthus_sinensis_ssp_transmorrisonensis_6wks vs miscanthus_sinensis_15wks,TRUE
1632,-3.8413742968067197,21.03118441586161,-3.021065655691606,0.006879860232550067,0.0684157558346428,-2.4551981685566706,miscanthus_sinensis_ssp_transmorrisonensis_6wks vs miscanthus_sinensis_15wks,TRUE
13340,2.1937395307737297,16.862471357313954,3.020435589821522,0.00688956258655471,0.0684157558346428,-2.4564818617244226,miscanthus_sinensis_ssp_transmorrisonensis_6wks vs miscanthus_sinensis_15wks,TRUE
11932,2.3141886470607034,16.939903422523827,3.017892808028843,0.00692885342513299,0.06847434359466584,-2.4616616265196067,miscanthus_sinensis_ssp_transmorrisonensis_6wks vs miscanthus_sinensis_15wks,TRUE
3721,2.4523353406561554,17.06969196937783,3.0178337703570497,0.00692976823954033,0.06847434359466584,-2.461781872102178,miscanthus_sinensis_ssp_transmorrisonensis_6wks vs miscanthus_sinensis_15wks,TRUE
898,-3.5071817152987492,20.03889552989403,-3.016244954514082,0.006954431554043053,0.06854837225614782,-2.4650176204924943,miscanthus_sinensis_ssp_transmorrisonensis_6wks vs miscanthus_sinensis_15wks,TRUE
4415,4.211017792106148,18.276256789097282,3.0147023610138377,0.006978458567982046,0.06861577981129145,-2.46815870040735,miscanthus_sinensis_ssp_transmorrisonensis_6wks vs miscanthus_sinensis_15wks,TRUE
12984,1.7982730823245383,17.000921011156855,3.00508735594692,0.007130038630834416,0.06964921069858422,-2.4877251942441005,miscanthus_sinensis_ssp_transmorrisonensis_6wks vs miscanthus_sinensis_15wks,TRUE
1280,3.4448820042709123,17.89578752971801,3.0049000893698286,0.007133022250539026,0.06964921069858422,-2.4881060764420058,miscanthus_sinensis_ssp_transmorrisonensis_6wks vs miscanthus_sinensis_15wks,TRUE
14619,1.9150772297476095,17.12655955968656,3.004719313556091,0.007135903601132502,0.06964921069858422,-2.4884737496115847,miscanthus_sinensis_ssp_transmorrisonensis_6wks vs miscanthus_sinensis_15wks,TRUE
400,6.139720495500061,19.640383140112487,2.99917501704143,0.007224821424805457,0.07034509055566679,-2.4997465292856917,miscanthus_sinensis_ssp_transmorrisonensis_6wks vs miscanthus_sinensis_15wks,TRUE
11325,-2.386866405403161,17.524562739763788,-2.997496811750836,0.007251946447333549,0.07043739712349277,-2.503157328922546,miscanthus_sinensis_ssp_transmorrisonensis_6wks vs miscanthus_sinensis_15wks,TRUE
9809,2.2112208788055376,17.044891384485034,2.9926057336434564,0.007331563981105782,0.07103787236061719,-2.5130943716557304,miscanthus_sinensis_ssp_transmorrisonensis_6wks vs miscanthus_sinensis_15wks,TRUE
3731,3.258783705566767,18.19329487822938,2.9825411077626667,0.007498062094981155,0.07247521521347401,-2.5335252325134823,miscanthus_sinensis_ssp_transmorrisonensis_6wks vs miscanthus_sinensis_15wks,TRUE
11015,1.8268142537428815,16.895424351090437,2.9759496111775503,0.007609076907248268,0.07281037823535128,-2.5468931720799035,miscanthus_sinensis_ssp_transmorrisonensis_6wks vs miscanthus_sinensis_15wks,TRUE
4124,2.369077227099659,17.04279360950583,2.9757304579097745,0.007612795035017987,0.07281037823535128,-2.547337455524096,miscanthus_sinensis_ssp_transmorrisonensis_6wks vs miscanthus_sinensis_15wks,TRUE
15132,1.679618366479513,16.865338196342048,2.97556053478884,0.007615679137067813,0.07281037823535128,-2.5476819283875876,miscanthus_sinensis_ssp_transmorrisonensis_6wks vs miscanthus_sinensis_15wks,TRUE
3446,2.7026417434738867,17.239587290414516,2.9750267561957533,0.007624745813182854,0.07281037823535128,-2.548763975697632,miscanthus_sinensis_ssp_transmorrisonensis_6wks vs miscanthus_sinensis_15wks,TRUE
3597,3.6744438740250622,19.10855958079515,2.9743799148275585,0.007635746918454803,0.07281037823535128,-2.550075129396377,miscanthus_sinensis_ssp_transmorrisonensis_6wks vs miscanthus_sinensis_15wks,TRUE
5121,2.6043150578379723,17.282993335927916,2.973157930478783,0.007656571547505971,0.07281037823535128,-2.5525518388795296,miscanthus_sinensis_ssp_transmorrisonensis_6wks vs miscanthus_sinensis_15wks,TRUE
7490,1.8207846914375487,17.283837818268974,2.9729330097791893,0.007660410535783451,0.07281037823535128,-2.5530076688723704,miscanthus_sinensis_ssp_transmorrisonensis_6wks vs miscanthus_sinensis_15wks,TRUE
542,6.223773015898924,19.65967877885685,2.969728641602397,0.007715305452994272,0.07315795574430672,-2.559500446232114,miscanthus_sinensis_ssp_transmorrisonensis_6wks vs miscanthus_sinensis_15wks,TRUE
17206,1.577887946885184,17.06282100219372,2.968338898490673,0.007739231371064876,0.0732109280409739,-2.5623156382762318,miscanthus_sinensis_ssp_transmorrisonensis_6wks vs miscanthus_sinensis_15wks,TRUE
8306,1.8869535995867963,17.155491651008425,2.963614177914458,0.007821109086103593,0.07376313921526566,-2.571883095023534,miscanthus_sinensis_ssp_transmorrisonensis_6wks vs miscanthus_sinensis_15wks,TRUE
1152,3.756332756311025,18.894552743661986,2.9628424572345606,0.007834561880579318,0.07376313921526566,-2.573445316018918,miscanthus_sinensis_ssp_transmorrisonensis_6wks vs miscanthus_sinensis_15wks,TRUE
1190,5.408275324153955,19.028625100899205,2.960651351382562,0.007872879459386735,0.07393364133322632,-2.57788008542685,miscanthus_sinensis_ssp_transmorrisonensis_6wks vs miscanthus_sinensis_15wks,TRUE
4121,3.101333812047809,17.177586999901568,2.959692056978936,0.007889712226441485,0.07393364133322632,-2.5798213292640373,miscanthus_sinensis_ssp_transmorrisonensis_6wks vs miscanthus_sinensis_15wks,TRUE
19017,1.4180224462191227,16.67852618581299,2.957974305609779,0.007919940426418375,0.07404309644557881,-2.583296857232936,miscanthus_sinensis_ssp_transmorrisonensis_6wks vs miscanthus_sinensis_15wks,TRUE
11287,1.9084652809302547,16.848156121063862,2.9553927499634383,0.007965579618300021,0.07429577999124692,-2.5885188109817174,miscanthus_sinensis_ssp_transmorrisonensis_6wks vs miscanthus_sinensis_15wks,TRUE
7180,2.705072126277244,17.502320559811423,2.95308466679712,0.008006598753562431,0.07450429422895391,-2.5931862508086363,miscanthus_sinensis_ssp_transmorrisonensis_6wks vs miscanthus_sinensis_15wks,TRUE
9513,1.903229466265298,17.090636642225043,2.951558211539909,0.008033838645536584,0.07458391598367917,-2.596272376783295,miscanthus_sinensis_ssp_transmorrisonensis_6wks vs miscanthus_sinensis_15wks,TRUE
9678,2.1125760160741685,16.877704300679138,2.9496231987754604,0.008068497766521174,0.0747159929591945,-2.6001837116365127,miscanthus_sinensis_ssp_transmorrisonensis_6wks vs miscanthus_sinensis_15wks,TRUE
5325,2.9508573614611286,17.677824323591985,2.948121005919599,0.008095503745399133,0.0747159929591945,-2.6032195516964673,miscanthus_sinensis_ssp_transmorrisonensis_6wks vs miscanthus_sinensis_15wks,TRUE
7156,2.1378446861945086,16.989750604805344,2.9442039977489594,0.008166332991244448,0.0747159929591945,-2.6111330508686916,miscanthus_sinensis_ssp_transmorrisonensis_6wks vs miscanthus_sinensis_15wks,TRUE
1328,-5.338886024120001,21.493235105645432,-2.943559109323881,0.008178051291946044,0.0747159929591945,-2.6124355614549426,miscanthus_sinensis_ssp_transmorrisonensis_6wks vs miscanthus_sinensis_15wks,TRUE
1187,4.939894699634319,19.323894846010813,2.9433171736666854,0.008182451696025512,0.0747159929591945,-2.612924184215271,miscanthus_sinensis_ssp_transmorrisonensis_6wks vs miscanthus_sinensis_15wks,TRUE
242,3.282676572156113,23.45421370038979,2.9431508640477677,0.00818547791254176,0.0747159929591945,-2.6132600615118493,miscanthus_sinensis_ssp_transmorrisonensis_6wks vs miscanthus_sinensis_15wks,TRUE
2011,3.0838956018055725,20.903603362489633,2.9423656746990217,0.00819978001152925,0.0747159929591945,-2.614845732653719,miscanthus_sinensis_ssp_transmorrisonensis_6wks vs miscanthus_sinensis_15wks,TRUE
8696,2.2962948036349573,17.15249890093966,2.9423407469965834,0.008200234459832399,0.0747159929591945,-2.614896071129018,miscanthus_sinensis_ssp_transmorrisonensis_6wks vs miscanthus_sinensis_15wks,TRUE
10292,2.070451565703223,16.99830481969195,2.941448688506277,0.008216513253779154,0.0747159929591945,-2.6166973769114596,miscanthus_sinensis_ssp_transmorrisonensis_6wks vs miscanthus_sinensis_15wks,TRUE
4283,2.8972650955349835,17.75220018849926,2.934888244305432,0.008337192202678168,0.07540645846686111,-2.629938786408085,miscanthus_sinensis_ssp_transmorrisonensis_6wks vs miscanthus_sinensis_15wks,TRUE
7627,1.6688419280224913,16.94393152332379,2.9343381286872705,0.008347388779376772,0.07540645846686111,-2.631048651106557,miscanthus_sinensis_ssp_transmorrisonensis_6wks vs miscanthus_sinensis_15wks,TRUE
8235,2.280805621721953,18.516948748327774,2.9342452293737775,0.008349111884356867,0.07540645846686111,-2.631236069321745,miscanthus_sinensis_ssp_transmorrisonensis_6wks vs miscanthus_sinensis_15wks,TRUE
17013,1.6448717321039759,16.97226267937889,2.9301425181043035,0.008425551956583899,0.0759250641324671,-2.6395109286106213,miscanthus_sinensis_ssp_transmorrisonensis_6wks vs miscanthus_sinensis_15wks,TRUE
9641,2.158421776039958,17.06473166016947,2.9262638058602213,0.008498438075421607,0.07636370435914638,-2.647330230364707,miscanthus_sinensis_ssp_transmorrisonensis_6wks vs miscanthus_sinensis_15wks,TRUE
17748,1.551951225123684,16.645141972887995,2.9255198566724667,0.008512487084123282,0.07636370435914638,-2.648829577023975,miscanthus_sinensis_ssp_transmorrisonensis_6wks vs miscanthus_sinensis_15wks,TRUE
8538,2.1218843033806927,16.781996760356076,2.922859093008143,0.008562917154634525,0.07644116314618811,-2.6541909403344137,miscanthus_sinensis_ssp_transmorrisonensis_6wks vs miscanthus_sinensis_15wks,TRUE
13274,1.9137420146943072,16.957200889499426,2.921559267797366,0.008587657499069267,0.07644116314618811,-2.6568094198125776,miscanthus_sinensis_ssp_transmorrisonensis_6wks vs miscanthus_sinensis_15wks,TRUE
7762,1.9727394948198622,16.885116371159278,2.9215317317566645,0.008588182352461698,0.07644116314618811,-2.656864886286848,miscanthus_sinensis_ssp_transmorrisonensis_6wks vs miscanthus_sinensis_15wks,TRUE
5088,2.4988364424590372,17.386381654751162,2.92013383800292,0.008614867654848712,0.07644116314618811,-2.659680450519884,miscanthus_sinensis_ssp_transmorrisonensis_6wks vs miscanthus_sinensis_15wks,TRUE
14631,1.6423357211171101,17.096021488690152,2.9200293977917506,0.008616864583112388,0.07644116314618811,-2.659890789208134,miscanthus_sinensis_ssp_transmorrisonensis_6wks vs miscanthus_sinensis_15wks,TRUE
8223,2.497922443249937,17.312913121050084,2.9145590665345673,0.00872208404952907,0.07720301446944577,-2.6709040707867295,miscanthus_sinensis_ssp_transmorrisonensis_6wks vs miscanthus_sinensis_15wks,TRUE
2637,3.298284581130403,17.830466906694173,2.91037320212592,0.00880343125924426,0.07775065837810419,-2.6793263639983014,miscanthus_sinensis_ssp_transmorrisonensis_6wks vs miscanthus_sinensis_15wks,TRUE
4284,3.1380446382284504,17.071614389707758,2.9093708200848654,0.008823019401126175,0.07775164116842316,-2.681342590399029,miscanthus_sinensis_ssp_transmorrisonensis_6wks vs miscanthus_sinensis_15wks,TRUE
2883,-2.2663054333811132,20.500849068892684,-2.9062228528601133,0.008884808678457827,0.07812369216828997,-2.6876728936354235,miscanthus_sinensis_ssp_transmorrisonensis_6wks vs miscanthus_sinensis_15wks,TRUE
1035,3.222024624730224,17.29360802578093,2.904641949879206,0.00891599593049449,0.07822561704293188,-2.6908510257847897,miscanthus_sinensis_ssp_transmorrisonensis_6wks vs miscanthus_sinensis_15wks,TRUE
3153,2.9717566794160604,17.153617340341576,2.9029041416045125,0.008950400013920848,0.07835525626221936,-2.6943438668699637,miscanthus_sinensis_ssp_transmorrisonensis_6wks vs miscanthus_sinensis_15wks,TRUE
6607,2.6595641705660036,17.547411950487387,2.9013957874680356,0.008980364971925309,0.0784455513521353,-2.6973749113411896,miscanthus_sinensis_ssp_transmorrisonensis_6wks vs miscanthus_sinensis_15wks,TRUE
4053,2.347901342638121,17.024131871898593,2.8853998554631035,0.009304133279006851,0.08109628831833046,-2.7294834489083994,miscanthus_sinensis_ssp_transmorrisonensis_6wks vs miscanthus_sinensis_15wks,TRUE
10185,1.9182594736322436,17.061794175062513,2.8819951583040777,0.009374480199188977,0.08153142691756514,-2.73630927229814,miscanthus_sinensis_ssp_transmorrisonensis_6wks vs miscanthus_sinensis_15wks,TRUE
6243,2.6856536341715582,17.206420296481785,2.8792041336109437,0.00943252843835431,0.08185794244763132,-2.741902571726255,miscanthus_sinensis_ssp_transmorrisonensis_6wks vs miscanthus_sinensis_15wks,TRUE
438,4.908997201782192,19.155550378213096,2.877291177032466,0.009472513707928636,0.08191886918428315,-2.7457350381882564,miscanthus_sinensis_ssp_transmorrisonensis_6wks vs miscanthus_sinensis_15wks,TRUE
6111,1.7394768835892087,17.090734850417757,2.8769057091827026,0.009480590571928562,0.08191886918428315,-2.7465071802395657,miscanthus_sinensis_ssp_transmorrisonensis_6wks vs miscanthus_sinensis_15wks,TRUE
1335,3.0653187781106013,17.057094250782864,2.8751565408010844,0.009517324783448845,0.08197789219518883,-2.750010509337292,miscanthus_sinensis_ssp_transmorrisonensis_6wks vs miscanthus_sinensis_15wks,TRUE
17694,1.6342571665116985,17.349710082432427,2.872962467263123,0.00956359571504706,0.08197789219518883,-2.754403800395323,miscanthus_sinensis_ssp_transmorrisonensis_6wks vs miscanthus_sinensis_15wks,TRUE
5294,2.2976583741146364,17.459860413843366,2.872530390882513,0.00957273321962556,0.08197789219518883,-2.7552688192775707,miscanthus_sinensis_ssp_transmorrisonensis_6wks vs miscanthus_sinensis_15wks,TRUE
3686,3.424263777406477,18.264904610148587,2.8699436952579105,0.009627611937047713,0.08197789219518883,-2.7604463830664305,miscanthus_sinensis_ssp_transmorrisonensis_6wks vs miscanthus_sinensis_15wks,TRUE
10360,2.2270912207772575,16.968227533865356,2.8697527362941027,0.009631675227309781,0.08197789219518883,-2.7608285401621058,miscanthus_sinensis_ssp_transmorrisonensis_6wks vs miscanthus_sinensis_15wks,TRUE
1630,2.406928360670406,17.610267576163444,2.869146064862117,0.009644595116641766,0.08197789219518883,-2.762042579957188,miscanthus_sinensis_ssp_transmorrisonensis_6wks vs miscanthus_sinensis_15wks,TRUE
15596,1.8081519985491958,17.025611235532203,2.8688332601132784,0.009651263216487524,0.08197789219518883,-2.76266851139796,miscanthus_sinensis_ssp_transmorrisonensis_6wks vs miscanthus_sinensis_15wks,TRUE
967,2.7644257419880454,21.561432770223735,2.868812508192185,0.009651705744423535,0.08197789219518883,-2.7627100356979226,miscanthus_sinensis_ssp_transmorrisonensis_6wks vs miscanthus_sinensis_15wks,TRUE
1768,4.511724963882859,19.50318437923731,2.8672478757568944,0.009685127178069325,0.08197791674673607,-2.7658405201414697,miscanthus_sinensis_ssp_transmorrisonensis_6wks vs miscanthus_sinensis_15wks,TRUE
4878,1.8885746666554546,17.31401328897782,2.866890348745041,0.00969277973558603,0.08197791674673607,-2.7665557633297966,miscanthus_sinensis_ssp_transmorrisonensis_6wks vs miscanthus_sinensis_15wks,TRUE
8049,2.20266766738958,17.31253744133512,2.8577474284499873,0.009890459527425649,0.08347296920398137,-2.7848350829150292,miscanthus_sinensis_ssp_transmorrisonensis_6wks vs miscanthus_sinensis_15wks,TRUE
7775,1.9355694292350911,17.408725591154464,2.8548272093026488,0.009954408822261104,0.08375905111186598,-2.7906688118049443,miscanthus_sinensis_ssp_transmorrisonensis_6wks vs miscanthus_sinensis_15wks,TRUE
18950,1.5774652009170111,17.008992648256548,2.854285280865147,0.00996631995945299,0.08375905111186598,-2.7917511760506737,miscanthus_sinensis_ssp_transmorrisonensis_6wks vs miscanthus_sinensis_15wks,TRUE
1295,4.552098512524189,18.598824998262103,2.8493527843476274,0.010075362444486148,0.08449757747560653,-2.8015990109119837,miscanthus_sinensis_ssp_transmorrisonensis_6wks vs miscanthus_sinensis_15wks,TRUE
8515,2.248455762838976,16.78772881259628,2.847971036497062,0.01010611325930005,0.08457778643841886,-2.804356542958788,miscanthus_sinensis_ssp_transmorrisonensis_6wks vs miscanthus_sinensis_15wks,TRUE
550,4.237423619699683,19.39549428547174,2.8459885883095444,0.010150389903264168,0.08468040248531548,-2.8083119959614575,miscanthus_sinensis_ssp_transmorrisonensis_6wks vs miscanthus_sinensis_15wks,TRUE
3639,2.5839023823038154,17.28055849290469,2.8455236983851853,0.01016079979721095,0.08468040248531548,-2.8092394097797264,miscanthus_sinensis_ssp_transmorrisonensis_6wks vs miscanthus_sinensis_15wks,TRUE
5843,2.39209225623679,16.849611004954806,2.838809880238184,0.010312282761526594,0.0857638183000295,-2.8226264368681506,miscanthus_sinensis_ssp_transmorrisonensis_6wks vs miscanthus_sinensis_15wks,TRUE
1854,3.1226541386315354,17.99537887634287,2.8364562871444594,0.010365897187674335,0.08585557975664114,-2.8273165262553053,miscanthus_sinensis_ssp_transmorrisonensis_6wks vs miscanthus_sinensis_15wks,TRUE
854,5.581819358265221,19.082731223032592,2.8364373339351086,0.01036633002071669,0.08585557975664114,-2.827354288948403,miscanthus_sinensis_ssp_transmorrisonensis_6wks vs miscanthus_sinensis_15wks,TRUE
12657,1.8469085440554274,17.19118632362953,2.8332137643078052,0.01044019895473002,0.0861625227504455,-2.8337755749495845,miscanthus_sinensis_ssp_transmorrisonensis_6wks vs miscanthus_sinensis_15wks,TRUE
11441,1.7769125232429808,16.732299378903484,2.8329372681231426,0.010446558369542992,0.0861625227504455,-2.834326219248686,miscanthus_sinensis_ssp_transmorrisonensis_6wks vs miscanthus_sinensis_15wks,TRUE
7619,2.2063646851121312,17.120335305750814,2.8319513148048943,0.01046926553291643,0.0861717690874276,-2.836289584764932,miscanthus_sinensis_ssp_transmorrisonensis_6wks vs miscanthus_sinensis_15wks,TRUE
3231,3.646296691962533,18.76124824087799,2.830549039995629,0.010501642329408391,0.08622366673048527,-2.8390815338570605,miscanthus_sinensis_ssp_transmorrisonensis_6wks vs miscanthus_sinensis_15wks,TRUE
5232,2.164289614673187,17.39181628998634,2.828840053906619,0.010541230409343013,0.08622366673048527,-2.8424834293968564,miscanthus_sinensis_ssp_transmorrisonensis_6wks vs miscanthus_sinensis_15wks,TRUE
5641,2.1739456646183903,17.490102727553992,2.8264275347801697,0.01059735901089163,0.08622366673048527,-2.8472844236597177,miscanthus_sinensis_ssp_transmorrisonensis_6wks vs miscanthus_sinensis_15wks,TRUE
19455,1.679847951359207,16.759032383985975,2.826315690992232,0.010599968049870867,0.08622366673048527,-2.8475069581981955,miscanthus_sinensis_ssp_transmorrisonensis_6wks vs miscanthus_sinensis_15wks,TRUE
2439,-4.109860099219308,20.947343979702637,-2.825417540468899,0.010620941999054312,0.08622366673048527,-2.8492938764848446,miscanthus_sinensis_ssp_transmorrisonensis_6wks vs miscanthus_sinensis_15wks,TRUE
7568,1.877105819557535,16.819741049166044,2.8238858807505656,0.010656801611625693,0.08622366673048527,-2.8523406883056537,miscanthus_sinensis_ssp_transmorrisonensis_6wks vs miscanthus_sinensis_15wks,TRUE
10306,1.6725666735727245,17.089054414790983,2.823634570280811,0.010662696419243623,0.08622366673048527,-2.8528405396547436,miscanthus_sinensis_ssp_transmorrisonensis_6wks vs miscanthus_sinensis_15wks,TRUE
12639,2.04369963702036,16.828639061928477,2.8233926140848054,0.010668374760789094,0.08622366673048527,-2.853321769269147,miscanthus_sinensis_ssp_transmorrisonensis_6wks vs miscanthus_sinensis_15wks,TRUE
12861,1.6861032299749361,17.095348734651395,2.823324970641624,0.010669962766748428,0.08622366673048527,-2.8534563032774756,miscanthus_sinensis_ssp_transmorrisonensis_6wks vs miscanthus_sinensis_15wks,TRUE
1560,-4.677124363653446,19.90183522961115,-2.814820091220561,0.010871437776319787,0.08757255200481971,-2.8703614267435067,miscanthus_sinensis_ssp_transmorrisonensis_6wks vs miscanthus_sinensis_15wks,TRUE
4988,2.6656509648350983,16.71098296661992,2.814371203235252,0.010882172195386439,0.08757255200481971,-2.8712531284453844,miscanthus_sinensis_ssp_transmorrisonensis_6wks vs miscanthus_sinensis_15wks,TRUE
1347,2.7909374617489107,20.58664516647179,2.813514167600239,0.010902694976551953,0.08757255200481971,-2.8729554483491966,miscanthus_sinensis_ssp_transmorrisonensis_6wks vs miscanthus_sinensis_15wks,TRUE
181,-2.5181660324018154,22.10974658504609,-2.8092092638476176,0.011006342810915464,0.08818344101736833,-2.8815031627289405,miscanthus_sinensis_ssp_transmorrisonensis_6wks vs miscanthus_sinensis_15wks,TRUE
2730,3.0865582069593493,18.46711496753669,2.8085239305038665,0.011022930127171041,0.08818344101736833,-2.882863471517711,miscanthus_sinensis_ssp_transmorrisonensis_6wks vs miscanthus_sinensis_15wks,TRUE
6011,2.650046738166065,17.5371601397755,2.8073865585960847,0.011050511060327712,0.08822728030565645,-2.8851207382922692,miscanthus_sinensis_ssp_transmorrisonensis_6wks vs miscanthus_sinensis_15wks,TRUE
3991,2.538571366421138,16.865317043762467,2.8044342464630168,0.011122412230709335,0.08846580876170854,-2.890978321540894,miscanthus_sinensis_ssp_transmorrisonensis_6wks vs miscanthus_sinensis_15wks,TRUE
8257,2.6107798249206446,17.685638885566703,2.804340264631191,0.011124708416427275,0.08846580876170854,-2.8911647479528586,miscanthus_sinensis_ssp_transmorrisonensis_6wks vs miscanthus_sinensis_15wks,TRUE
3072,3.5426581557178736,17.750970108030216,2.802814024996182,0.011162061391860167,0.08858637987337134,-2.8941919185340272,miscanthus_sinensis_ssp_transmorrisonensis_6wks vs miscanthus_sinensis_15wks,TRUE
14534,1.840803541792532,16.863796741120694,2.794303372530297,0.011372559229348527,0.09007788976896691,-2.911060168147177,miscanthus_sinensis_ssp_transmorrisonensis_6wks vs miscanthus_sinensis_15wks,TRUE
15019,1.8779833160340367,17.089605798555514,2.793076738358116,0.01140320931850608,0.09014180514747777,-2.9134897024711965,miscanthus_sinensis_ssp_transmorrisonensis_6wks vs miscanthus_sinensis_15wks,TRUE
13819,1.746093486081751,16.837511893245203,2.790842544823847,0.01145923846211253,0.09040569158251624,-2.91791377212004,miscanthus_sinensis_ssp_transmorrisonensis_6wks vs miscanthus_sinensis_15wks,TRUE
2852,2.244518038370966,17.23732108416717,2.7894270993465717,0.011494871094989924,0.09050793966706071,-2.9207158580817127,miscanthus_sinensis_ssp_transmorrisonensis_6wks vs miscanthus_sinensis_15wks,TRUE
9943,1.5515275599224054,17.0359159001432,2.7867285590377473,0.011563098166935364,0.09074471587365614,-2.9260564537341827,miscanthus_sinensis_ssp_transmorrisonensis_6wks vs miscanthus_sinensis_15wks,TRUE
13049,1.7393293258766533,16.884312954470797,2.7861389391414995,0.011578056933012991,0.09074471587365614,-2.927223077468066,miscanthus_sinensis_ssp_transmorrisonensis_6wks vs miscanthus_sinensis_15wks,TRUE
2735,2.76677650572433,17.761374131456673,2.7855452528088254,0.011593137548989135,0.09074471587365614,-2.928397647533497,miscanthus_sinensis_ssp_transmorrisonensis_6wks vs miscanthus_sinensis_15wks,TRUE
817,3.264241619927841,18.16800737836846,2.78359461694937,0.011642819192413275,0.09095525286910723,-2.9322561506953,miscanthus_sinensis_ssp_transmorrisonensis_6wks vs miscanthus_sinensis_15wks,TRUE
4253,2.670488715976095,17.81659784730174,2.7770130472548082,0.011811953593306604,0.09196218764802608,-2.945266997473813,miscanthus_sinensis_ssp_transmorrisonensis_6wks vs miscanthus_sinensis_15wks,TRUE
18360,1.5648156094204282,16.748110317438183,2.776787693210175,0.011817786138135616,0.09196218764802608,-2.945712272174622,miscanthus_sinensis_ssp_transmorrisonensis_6wks vs miscanthus_sinensis_15wks,TRUE
4705,2.5449636713567685,17.43849419256878,2.7694993131577443,0.012007911637870695,0.09325988960774283,-2.960105455890435,miscanthus_sinensis_ssp_transmorrisonensis_6wks vs miscanthus_sinensis_15wks,TRUE
952,-4.636955921239306,21.957598559430878,-2.7677147828817223,0.012054906228377984,0.09344307895861148,-2.9636272403796506,miscanthus_sinensis_ssp_transmorrisonensis_6wks vs miscanthus_sinensis_15wks,TRUE
17395,1.6220671294196443,16.917565841137623,2.7655739578242,0.012111515303775406,0.09354709110103543,-2.967850962555555,miscanthus_sinensis_ssp_transmorrisonensis_6wks vs miscanthus_sinensis_15wks,TRUE
5718,2.353118957978868,17.05152447843112,2.76543524759345,0.012115191908626081,0.09354709110103543,-2.9681245840017207,miscanthus_sinensis_ssp_transmorrisonensis_6wks vs miscanthus_sinensis_15wks,TRUE
13133,1.6807886421468403,16.91014955776162,2.7628032190221377,0.012185157743129702,0.09390569442195708,-2.973315499113996,miscanthus_sinensis_ssp_transmorrisonensis_6wks vs miscanthus_sinensis_15wks,TRUE
2641,2.6341462200979855,17.13653689474401,2.759798379074338,0.012265505217623401,0.09434276845617075,-2.979239220290415,miscanthus_sinensis_ssp_transmorrisonensis_6wks vs miscanthus_sinensis_15wks,TRUE
929,5.291338957716739,19.36719075558229,2.7584623790086717,0.012301391118751122,0.09439378543209713,-2.9818721587620978,miscanthus_sinensis_ssp_transmorrisonensis_6wks vs miscanthus_sinensis_15wks,TRUE
5375,2.479278984163514,16.84709660088822,2.7577620693168927,0.012320241924737442,0.09439378543209713,-2.983252095009557,miscanthus_sinensis_ssp_transmorrisonensis_6wks vs miscanthus_sinensis_15wks,TRUE
19324,1.304532466927867,16.94223368352664,2.75677628452546,0.0123468238033047,0.09439378543209713,-2.9851943078977565,miscanthus_sinensis_ssp_transmorrisonensis_6wks vs miscanthus_sinensis_15wks,TRUE
6218,2.4419995557827683,17.112122958936947,2.7548499380531632,0.012398926115373009,0.09439378543209713,-2.9889888155862185,miscanthus_sinensis_ssp_transmorrisonensis_6wks vs miscanthus_sinensis_15wks,TRUE
6947,2.8032361303765256,18.13757289204347,2.75456199946433,0.012406732047972017,0.09439378543209713,-2.9895559024475404,miscanthus_sinensis_ssp_transmorrisonensis_6wks vs miscanthus_sinensis_15wks,TRUE
10568,2.4171265185638227,17.404453207280184,2.7542936051213203,0.012414012362688125,0.09439378543209713,-2.9900844756426985,miscanthus_sinensis_ssp_transmorrisonensis_6wks vs miscanthus_sinensis_15wks,TRUE
4597,1.5810656568523775,17.160530705478426,2.750604501472497,0.012514494765005229,0.0949769260492412,-2.9973476228824496,miscanthus_sinensis_ssp_transmorrisonensis_6wks vs miscanthus_sinensis_15wks,TRUE
14348,1.452816441498964,16.946619875523368,2.748109271439975,0.01258289812374689,0.095314856375707,-3.0022579948421715,miscanthus_sinensis_ssp_transmorrisonensis_6wks vs miscanthus_sinensis_15wks,TRUE
8987,1.8556106159081303,17.096307737906184,2.746081855268784,0.01263873936595366,0.09555652944864963,-3.0062464053917908,miscanthus_sinensis_ssp_transmorrisonensis_6wks vs miscanthus_sinensis_15wks,TRUE
536,2.697038279905424,17.0947878098964,2.7445894294866,0.012679996227990938,0.0955994775045917,-3.00918158812028,miscanthus_sinensis_ssp_transmorrisonensis_6wks vs miscanthus_sinensis_15wks,TRUE
2081,4.206644693312018,19.248312312607545,2.7441446931976863,0.012692315400158718,0.0955994775045917,-3.0100561324541815,miscanthus_sinensis_ssp_transmorrisonensis_6wks vs miscanthus_sinensis_15wks,TRUE
461,2.0636071434216916,23.598061042409164,2.7406469247550165,0.012789601901806762,0.09612354850307686,-3.016932222635735,miscanthus_sinensis_ssp_transmorrisonensis_6wks vs miscanthus_sinensis_15wks,TRUE
5734,2.2473093973662372,16.809809670825384,2.739914901336041,0.01281005205501926,0.09612354850307686,-3.018370812827526,miscanthus_sinensis_ssp_transmorrisonensis_6wks vs miscanthus_sinensis_15wks,TRUE
6021,1.9833954301421244,17.106713136964235,2.736462524544904,0.012906920059616737,0.09660891124956658,-3.025153363046437,miscanthus_sinensis_ssp_transmorrisonensis_6wks vs miscanthus_sinensis_15wks,TRUE
2618,3.189373333440912,17.71370456923371,2.735887004706986,0.012923135923664468,0.09660891124956658,-3.0262836864686533,miscanthus_sinensis_ssp_transmorrisonensis_6wks vs miscanthus_sinensis_15wks,TRUE
4973,2.5110452490865462,17.180400155394718,2.7298235984980193,0.013095162301483712,0.0976345465021078,-3.0381862377414617,miscanthus_sinensis_ssp_transmorrisonensis_6wks vs miscanthus_sinensis_15wks,TRUE
4529,2.133752063374512,17.612294796976183,2.729330496190256,0.013109247726735917,0.0976345465021078,-3.0391537211144906,miscanthus_sinensis_ssp_transmorrisonensis_6wks vs miscanthus_sinensis_15wks,TRUE
3795,2.9605950813661828,18.17663035901002,2.726219800493127,0.013198437667519977,0.0981132515190639,-3.0452553298117655,miscanthus_sinensis_ssp_transmorrisonensis_6wks vs miscanthus_sinensis_15wks,TRUE
5339,2.125958856026678,16.875774621271056,2.7253778360533585,0.013222677684683461,0.0981132515190639,-3.0469063375672216,miscanthus_sinensis_ssp_transmorrisonensis_6wks vs miscanthus_sinensis_15wks,TRUE
6396,2.240412961454517,17.03046289962087,2.72399339057269,0.013262627825062318,0.09822710626650978,-3.0496206324581863,miscanthus_sinensis_ssp_transmorrisonensis_6wks vs miscanthus_sinensis_15wks,TRUE
10599,1.753798949222844,16.9525683560552,2.7186072728763,0.013419147821406019,0.09905256931036191,-3.060174964605679,miscanthus_sinensis_ssp_transmorrisonensis_6wks vs miscanthus_sinensis_15wks,TRUE
3387,-3.9337532351145654,20.06724256463444,-2.718451267661326,0.013423707414054556,0.09905256931036191,-3.0604805329290543,miscanthus_sinensis_ssp_transmorrisonensis_6wks vs miscanthus_sinensis_15wks,TRUE
5976,3.11551467143882,18.03090356859383,2.716105411024731,0.013492448237197072,0.09937611321566552,-3.0650744866129944,miscanthus_sinensis_ssp_transmorrisonensis_6wks vs miscanthus_sinensis_15wks,TRUE
409,3.205071290829153,22.378622763462623,2.713733690659297,0.013562287431405789,0.0995609924065763,-3.069717391755449,miscanthus_sinensis_ssp_transmorrisonensis_6wks vs miscanthus_sinensis_15wks,TRUE
4864,-3.3036556858979544,19.197283772994545,-2.713559515958768,0.013567429826948274,0.0995609924065763,-3.0700582906041918,miscanthus_sinensis_ssp_transmorrisonensis_6wks vs miscanthus_sinensis_15wks,TRUE
1034,4.541586012736712,18.877719363104752,2.7124252216302676,0.013600964546039361,0.09962394581245712,-3.0722781324453456,miscanthus_sinensis_ssp_transmorrisonensis_6wks vs miscanthus_sinensis_15wks,TRUE
9114,1.8120139754860674,16.912968043870734,2.708284899438292,0.01372404115329723,0.10034134117941858,-3.0803775151425805,miscanthus_sinensis_ssp_transmorrisonensis_6wks vs miscanthus_sinensis_15wks,TRUE
10289,1.8545466315106722,17.112351448959156,2.7049169533235933,0.013824938518112059,0.10081079638610636,-3.08696209410246,miscanthus_sinensis_ssp_transmorrisonensis_6wks vs miscanthus_sinensis_15wks,TRUE
11875,2.1850235823640105,17.5096834148906,2.7042850972442998,0.013843946169695719,0.10081079638610636,-3.0881970311980838,miscanthus_sinensis_ssp_transmorrisonensis_6wks vs miscanthus_sinensis_15wks,TRUE
2843,3.606871867640468,18.118006400602873,2.7030201976458725,0.013882071892912698,0.10081079638610636,-3.090668857836048,miscanthus_sinensis_ssp_transmorrisonensis_6wks vs miscanthus_sinensis_15wks,TRUE
326,4.328803288004373,22.056467175060067,2.702781987212123,0.01388926302914792,0.10081079638610636,-3.091134306092425,miscanthus_sinensis_ssp_transmorrisonensis_6wks vs miscanthus_sinensis_15wks,TRUE
6846,1.7695991940277835,17.04336552526869,2.7017184475588683,0.013921412574965911,0.10086076043423578,-3.0932121830333763,miscanthus_sinensis_ssp_transmorrisonensis_6wks vs miscanthus_sinensis_15wks,TRUE
2418,-4.375008928892072,20.605187408529673,-2.7004229702085376,0.013960668913780916,0.10096193895618373,-3.095742734977982,miscanthus_sinensis_ssp_transmorrisonensis_6wks vs miscanthus_sinensis_15wks,TRUE
17092,1.6248402642045754,17.198938837349566,2.698605671122786,0.014015915220161747,0.10117818003415134,-3.0992917283190446,miscanthus_sinensis_ssp_transmorrisonensis_6wks vs miscanthus_sinensis_15wks,TRUE
11401,1.6908330646323186,16.937484371908706,2.6952064985981954,0.014119809234395436,0.10174418495253895,-3.1059272155697544,miscanthus_sinensis_ssp_transmorrisonensis_6wks vs miscanthus_sinensis_15wks,TRUE
8887,2.066159198036683,16.865189320041505,2.690941528680602,0.01425120147044516,0.1023417871387972,-3.1142477538791264,miscanthus_sinensis_ssp_transmorrisonensis_6wks vs miscanthus_sinensis_15wks,TRUE
13625,1.7964203036513133,16.901670423752602,2.6908505645388368,0.014254016445183178,0.1023417871387972,-3.1144251544866504,miscanthus_sinensis_ssp_transmorrisonensis_6wks vs miscanthus_sinensis_15wks,TRUE
13104,1.8628519939301889,16.832952751093078,2.6891726326313443,0.014306036549164841,0.1023762884987288,-3.1176970387309435,miscanthus_sinensis_ssp_transmorrisonensis_6wks vs miscanthus_sinensis_15wks,TRUE
14152,1.7280885344372656,17.72838297714223,2.6890414069647517,0.014310112470513697,0.1023762884987288,-3.11795288534004,miscanthus_sinensis_ssp_transmorrisonensis_6wks vs miscanthus_sinensis_15wks,TRUE
12208,1.4726087541381787,17.119353615243863,2.6873461354558272,0.01436286756845044,0.10256988789490903,-3.121257621106664,miscanthus_sinensis_ssp_transmorrisonensis_6wks vs miscanthus_sinensis_15wks,TRUE
3999,2.6064385770237095,17.128515477651266,2.683550050042777,0.014481668648016657,0.10323360936229017,-3.128654396760983,miscanthus_sinensis_ssp_transmorrisonensis_6wks vs miscanthus_sinensis_15wks,TRUE
2080,2.939411969502377,17.563408015634963,2.682666561683244,0.014509451598862955,0.10324729194770217,-3.130375251211929,miscanthus_sinensis_ssp_transmorrisonensis_6wks vs miscanthus_sinensis_15wks,TRUE
5411,2.8672942504860153,18.161316587520137,2.6809375630268315,0.014563969742570074,0.1034508313386828,-3.133742278709529,miscanthus_sinensis_ssp_transmorrisonensis_6wks vs miscanthus_sinensis_15wks,TRUE
2118,3.2834293926995777,17.784143748610475,2.6799756673190274,0.01459438403780439,0.10348273726272669,-3.1356150546791506,miscanthus_sinensis_ssp_transmorrisonensis_6wks vs miscanthus_sinensis_15wks,TRUE
7034,2.211529648111732,16.916308012199064,2.6781271142541083,0.014653003057670162,0.10369535573739162,-3.1392133039954713,miscanthus_sinensis_ssp_transmorrisonensis_6wks vs miscanthus_sinensis_15wks,TRUE
1624,3.3839367857720113,17.504755099727426,2.677393713263932,0.014676321641188945,0.10369535573739162,-3.1406405873424417,miscanthus_sinensis_ssp_transmorrisonensis_6wks vs miscanthus_sinensis_15wks,TRUE
14400,1.7619174563648983,16.653763436845157,2.6764262750027457,0.01470713536385888,0.10372947768997288,-3.142523075237388,miscanthus_sinensis_ssp_transmorrisonensis_6wks vs miscanthus_sinensis_15wks,TRUE
9761,1.9483029911492444,17.14082748860556,2.674540791660082,0.014767366171551225,0.10397059216372573,-3.146191091391767,miscanthus_sinensis_ssp_transmorrisonensis_6wks vs miscanthus_sinensis_15wks,TRUE
6731,1.7880143041714476,17.208448672369254,2.672872213703667,0.014820863267550468,0.10416353197898146,-3.14943620395685,miscanthus_sinensis_ssp_transmorrisonensis_6wks vs miscanthus_sinensis_15wks,TRUE
11341,1.6784479948417932,16.451040002546407,2.671674143742407,0.0148593885743625,0.10425075428621283,-3.1517657120410627,miscanthus_sinensis_ssp_transmorrisonensis_6wks vs miscanthus_sinensis_15wks,TRUE
15463,1.7461237633568452,16.73603881948681,2.670484557572794,0.014897735095862012,0.1043364184257564,-3.154078274736461,miscanthus_sinensis_ssp_transmorrisonensis_6wks vs miscanthus_sinensis_15wks,TRUE
5560,2.233754861460241,17.167173647747813,2.666994460361599,0.015010781639219484,0.10483414641165582,-3.160860454503215,miscanthus_sinensis_ssp_transmorrisonensis_6wks vs miscanthus_sinensis_15wks,TRUE
7764,2.0409376742165506,17.006289635250326,2.6655348681032787,0.015058299748751554,0.10483414641165582,-3.1636956794083915,miscanthus_sinensis_ssp_transmorrisonensis_6wks vs miscanthus_sinensis_15wks,TRUE
361,-2.3856150038743245,20.6437053782402,-2.6645222067881864,0.01509135150210891,0.10483414641165582,-3.165662352525672,miscanthus_sinensis_ssp_transmorrisonensis_6wks vs miscanthus_sinensis_15wks,TRUE
11503,2.027426706909555,16.76301622690999,2.6644106266975,0.015094997515974762,0.10483414641165582,-3.1658790304243642,miscanthus_sinensis_ssp_transmorrisonensis_6wks vs miscanthus_sinensis_15wks,TRUE
3921,1.7978407446785454,16.777374759955098,2.6639641928102424,0.015109593642476006,0.10483414641165582,-3.1667459227636945,miscanthus_sinensis_ssp_transmorrisonensis_6wks vs miscanthus_sinensis_15wks,TRUE
7744,-2.2385219928980433,19.065896365525095,-2.663451585303253,0.015126369822924288,0.10483414641165582,-3.16774123368882,miscanthus_sinensis_ssp_transmorrisonensis_6wks vs miscanthus_sinensis_15wks,TRUE
15427,1.4566488512012334,17.329949056238974,2.6610904688536348,0.015203870793804858,0.10518865200843847,-3.1723246426179235,miscanthus_sinensis_ssp_transmorrisonensis_6wks vs miscanthus_sinensis_15wks,TRUE
7523,1.8637384458863444,17.4357498571438,2.6550127199194633,0.015405101959319146,0.10624116911461925,-3.1841145843249117,miscanthus_sinensis_ssp_transmorrisonensis_6wks vs miscanthus_sinensis_15wks,TRUE
2352,1.4042851615656495,16.879917161784707,2.6541387227264286,0.015434246403570535,0.10624116911461925,-3.1858090354106143,miscanthus_sinensis_ssp_transmorrisonensis_6wks vs miscanthus_sinensis_15wks,TRUE
11087,1.7312527542757898,17.009288611301432,2.6540909422673717,0.015435841204027847,0.10624116911461925,-3.1859016620905463,miscanthus_sinensis_ssp_transmorrisonensis_6wks vs miscanthus_sinensis_15wks,TRUE
8599,1.8741453163784172,16.862928390279947,2.6531583694405216,0.015466999610321365,0.10627239663408415,-3.1877093905021687,miscanthus_sinensis_ssp_transmorrisonensis_6wks vs miscanthus_sinensis_15wks,TRUE
11921,1.9252188896891163,16.93175098612055,2.6515994231893107,0.015519219098483883,0.10635894944459279,-3.190730675108989,miscanthus_sinensis_ssp_transmorrisonensis_6wks vs miscanthus_sinensis_15wks,TRUE
1999,3.1174335535087536,17.803542166909462,2.65119233607834,0.015532882646843084,0.10635894944459279,-3.1915194931012874,miscanthus_sinensis_ssp_transmorrisonensis_6wks vs miscanthus_sinensis_15wks,TRUE
8398,1.8463342134476584,16.985791356484526,2.6496788983380006,0.015583780010820567,0.10652474281369127,-3.1944516319631524,miscanthus_sinensis_ssp_transmorrisonensis_6wks vs miscanthus_sinensis_15wks,TRUE
3127,3.467209499217244,17.714680117484445,2.646652498701275,0.015686033154037243,0.10704041769387465,-3.200312766789569,miscanthus_sinensis_ssp_transmorrisonensis_6wks vs miscanthus_sinensis_15wks,TRUE
431,1.3829928662073918,24.599272501334102,2.6403485230378405,0.015901070723536064,0.10814720651959633,-3.212511942131357,miscanthus_sinensis_ssp_transmorrisonensis_6wks vs miscanthus_sinensis_15wks,TRUE
14498,1.5747184999398094,17.16053066008963,2.6393025084080555,0.015937020774152006,0.10814720651959633,-3.21453489251549,miscanthus_sinensis_ssp_transmorrisonensis_6wks vs miscanthus_sinensis_15wks,TRUE
8238,1.5282561815057605,17.116282231496356,2.6392948109113736,0.015937285611376396,0.10814720651959633,-3.214549777842963,miscanthus_sinensis_ssp_transmorrisonensis_6wks vs miscanthus_sinensis_15wks,TRUE
4207,2.125420388477579,17.25482736553338,2.6385230199012044,0.015963860737617918,0.10814720651959633,-3.216042159951357,miscanthus_sinensis_ssp_transmorrisonensis_6wks vs miscanthus_sinensis_15wks,TRUE
13816,1.9149135669647244,16.821158620711063,2.6379482140665127,0.01598368032228503,0.10814720651959633,-3.2171535131768962,miscanthus_sinensis_ssp_transmorrisonensis_6wks vs miscanthus_sinensis_15wks,TRUE
5902,1.925956760147038,17.010155396236826,2.6353392642122095,0.016073931442132736,0.10855398315928859,-3.2221964065436786,miscanthus_sinensis_ssp_transmorrisonensis_6wks vs miscanthus_sinensis_15wks,TRUE
192,4.2604626911506,22.83402126059217,2.634640489568247,0.016098185879333378,0.10855398315928859,-3.2235467043699986,miscanthus_sinensis_ssp_transmorrisonensis_6wks vs miscanthus_sinensis_15wks,TRUE
2184,3.3567315637850967,19.923163102009752,2.631175340459536,0.01621897385087702,0.10918405330978256,-3.2302403218329605,miscanthus_sinensis_ssp_transmorrisonensis_6wks vs miscanthus_sinensis_15wks,TRUE
11065,1.746719824667398,16.95034722842422,2.6280872007108864,0.01632734254301987,0.10972853776386418,-3.2362023459466136,miscanthus_sinensis_ssp_transmorrisonensis_6wks vs miscanthus_sinensis_15wks,TRUE
6819,-2.908681076364136,18.938397603817087,-2.6259308242964248,0.016403419819146007,0.10980720846083261,-3.240363625871393,miscanthus_sinensis_ssp_transmorrisonensis_6wks vs miscanthus_sinensis_15wks,TRUE
3370,4.164945193757749,18.568590554606654,2.625812997183705,0.016407586427197765,0.10980720846083261,-3.240590959204825,miscanthus_sinensis_ssp_transmorrisonensis_6wks vs miscanthus_sinensis_15wks,TRUE
3177,2.2100507735085664,16.783958470869464,2.6246872482127523,0.01644744573997244,0.10980720846083261,-3.2427627260391,miscanthus_sinensis_ssp_transmorrisonensis_6wks vs miscanthus_sinensis_15wks,TRUE
4925,2.712563324512061,17.16375953353076,2.6246412648248243,0.01644907581652753,0.10980720846083261,-3.2428514271394566,miscanthus_sinensis_ssp_transmorrisonensis_6wks vs miscanthus_sinensis_15wks,TRUE
10088,2.14244735230848,17.601442047525193,2.622036044051088,0.01654167898608542,0.110143964086644,-3.247875706769253,miscanthus_sinensis_ssp_transmorrisonensis_6wks vs miscanthus_sinensis_15wks,TRUE
1580,3.471998009099309,20.607263776449575,2.6213781516017454,0.016565141802247586,0.110143964086644,-3.24914412492629,miscanthus_sinensis_ssp_transmorrisonensis_6wks vs miscanthus_sinensis_15wks,TRUE
1417,4.355043549874921,18.31837825024617,2.6208977316396895,0.016582295194407074,0.110143964086644,-3.2500702850427556,miscanthus_sinensis_ssp_transmorrisonensis_6wks vs miscanthus_sinensis_15wks,TRUE
2187,4.030844833337365,18.51695639851878,2.619307337658542,0.01663920015649849,0.11033835053943851,-3.253135721589143,miscanthus_sinensis_ssp_transmorrisonensis_6wks vs miscanthus_sinensis_15wks,TRUE
1475,2.598599141906682,17.845154169398917,2.6156353601953763,0.01677129134939651,0.11088772549784454,-3.2602101354358206,miscanthus_sinensis_ssp_transmorrisonensis_6wks vs miscanthus_sinensis_15wks,TRUE
2702,3.698693524389828,19.094534373403246,2.6154606237688327,0.01677760175368189,0.11088772549784454,-3.26054666986075,miscanthus_sinensis_ssp_transmorrisonensis_6wks vs miscanthus_sinensis_15wks,TRUE
9713,2.1689005232885634,17.340877075194,2.6115621416761012,0.016918976097071395,0.11158999847297468,-3.26805231914235,miscanthus_sinensis_ssp_transmorrisonensis_6wks vs miscanthus_sinensis_15wks,TRUE
3187,2.718559336264253,17.581900219571022,2.60958442451307,0.016991125784612374,0.11158999847297468,-3.2718580249854305,miscanthus_sinensis_ssp_transmorrisonensis_6wks vs miscanthus_sinensis_15wks,TRUE
7178,2.01502147404533,17.09100053404881,2.608818493358916,0.01701914599463496,0.11158999847297468,-3.2733315483106953,miscanthus_sinensis_ssp_transmorrisonensis_6wks vs miscanthus_sinensis_15wks,TRUE
108,2.1263921356243536,24.342337036866393,2.6080206857523054,0.017048378783036423,0.11158999847297468,-3.2748661873578295,miscanthus_sinensis_ssp_transmorrisonensis_6wks vs miscanthus_sinensis_15wks,TRUE
298,5.496198317090915,21.08809407315847,2.607127749753518,0.01708115348799419,0.11158999847297468,-3.2765835591658163,miscanthus_sinensis_ssp_transmorrisonensis_6wks vs miscanthus_sinensis_15wks,TRUE
2441,-4.634239155364359,19.936329185229038,-2.6071179104401874,0.017081514965833103,0.11158999847297468,-3.276602481493302,miscanthus_sinensis_ssp_transmorrisonensis_6wks vs miscanthus_sinensis_15wks,TRUE
2966,1.7054151605530201,17.04285438748574,2.606057169306634,0.017120527025540507,0.11158999847297468,-3.2786422390439856,miscanthus_sinensis_ssp_transmorrisonensis_6wks vs miscanthus_sinensis_15wks,TRUE
7532,1.9711107592317276,17.326764411828474,2.6060313269459083,0.017121478508686977,0.11158999847297468,-3.2786919280231346,miscanthus_sinensis_ssp_transmorrisonensis_6wks vs miscanthus_sinensis_15wks,TRUE
3916,-3.667523653737124,19.15726685430685,-2.604692720416423,0.01717083270172143,0.11158999847297468,-3.2812654565591464,miscanthus_sinensis_ssp_transmorrisonensis_6wks vs miscanthus_sinensis_15wks,TRUE
9384,1.8723764640683456,16.994574540809545,2.6043126084403623,0.017184871852989975,0.11158999847297468,-3.28199612821093,miscanthus_sinensis_ssp_transmorrisonensis_6wks vs miscanthus_sinensis_15wks,TRUE
8255,1.8564380708442094,17.384723263737136,2.604137447121211,0.017191344955130118,0.11158999847297468,-3.2823328163268406,miscanthus_sinensis_ssp_transmorrisonensis_6wks vs miscanthus_sinensis_15wks,TRUE
9430,1.635642085912309,17.14765110757126,2.598532196654996,0.01739970799798333,0.11275914663628156,-3.2931015397734953,miscanthus_sinensis_ssp_transmorrisonensis_6wks vs miscanthus_sinensis_15wks,TRUE
3158,2.6936049821089583,17.092760065959894,2.5973145732368312,0.017445284805482186,0.11287127543514569,-3.2954394152703297,miscanthus_sinensis_ssp_transmorrisonensis_6wks vs miscanthus_sinensis_15wks,TRUE
19463,1.5027072240789856,16.848011124287083,2.5962933396677554,0.017483597469275015,0.11293611828049492,-3.297399828618159,miscanthus_sinensis_ssp_transmorrisonensis_6wks vs miscanthus_sinensis_15wks,TRUE
9480,2.018277065180161,17.89292102530938,2.5910050397781768,0.017683267956016335,0.1139989506382177,-3.3075458589426026,miscanthus_sinensis_ssp_transmorrisonensis_6wks vs miscanthus_sinensis_15wks,TRUE
8556,1.6050572043294835,16.945322020443925,2.590426348142681,0.01770524784461297,0.1139989506382177,-3.3086555477883666,miscanthus_sinensis_ssp_transmorrisonensis_6wks vs miscanthus_sinensis_15wks,TRUE
7644,-2.00815117594324,17.935632623505896,-2.5834149999605875,0.01797361028064776,0.11538319173774751,-3.322091294110332,miscanthus_sinensis_ssp_transmorrisonensis_6wks vs miscanthus_sinensis_15wks,TRUE
5221,2.3944757619151638,16.841176893320142,2.5833000358989553,0.017978042400019777,0.11538319173774751,-3.322311457822614,miscanthus_sinensis_ssp_transmorrisonensis_6wks vs miscanthus_sinensis_15wks,TRUE
12869,2.434522272821649,17.581496339376304,2.581844301279882,0.01803425346822665,0.11555816989592421,-3.325098892524369,miscanthus_sinensis_ssp_transmorrisonensis_6wks vs miscanthus_sinensis_15wks,TRUE
4772,1.509988412269898,16.774752439393126,2.5810924103330257,0.018063351539071442,0.11555913356405961,-3.326538325110174,miscanthus_sinensis_ssp_transmorrisonensis_6wks vs miscanthus_sinensis_15wks,TRUE
13355,2.0493466606466484,17.140866295096068,2.5785188390619638,0.01816328396937577,0.11584502938936823,-3.331463740750438,miscanthus_sinensis_ssp_transmorrisonensis_6wks vs miscanthus_sinensis_15wks,TRUE
8721,1.7013188552715768,16.76166855000152,2.5784470438699394,0.018166079257952033,0.11584502938936823,-3.3316011128922662,miscanthus_sinensis_ssp_transmorrisonensis_6wks vs miscanthus_sinensis_15wks,TRUE
7874,1.7177361370765247,17.10332679846199,2.5769012124034276,0.018226363483623918,0.11604408776176503,-3.3345584589474737,miscanthus_sinensis_ssp_transmorrisonensis_6wks vs miscanthus_sinensis_15wks,TRUE
2687,3.737579657719163,19.51298985713363,2.575856946592321,0.018267194413677714,0.11611885366146725,-3.3365557879206174,miscanthus_sinensis_ssp_transmorrisonensis_6wks vs miscanthus_sinensis_15wks,TRUE
2992,1.8988599205606533,17.33842334838472,2.5744694205577052,0.01832158032769853,0.11620526098668615,-3.339209075291647,miscanthus_sinensis_ssp_transmorrisonensis_6wks vs miscanthus_sinensis_15wks,TRUE
18254,1.6446516143411074,16.6117065121298,2.573042971702399,0.01837765101895235,0.11620526098668615,-3.341936098393682,miscanthus_sinensis_ssp_transmorrisonensis_6wks vs miscanthus_sinensis_15wks,TRUE
352,2.603059033344124,22.231418888308454,2.5726189409136966,0.01839434994502958,0.11620526098668615,-3.3427466062516853,miscanthus_sinensis_ssp_transmorrisonensis_6wks vs miscanthus_sinensis_15wks,TRUE
13856,1.4477698371072591,16.931557182805413,2.5723219363847774,0.018406054917680364,0.11620526098668615,-3.3433142744072426,miscanthus_sinensis_ssp_transmorrisonensis_6wks vs miscanthus_sinensis_15wks,TRUE
13208,1.6189679624779956,16.935063265955012,2.571807760831161,0.01842633522158626,0.11620526098668615,-3.3442969517566725,miscanthus_sinensis_ssp_transmorrisonensis_6wks vs miscanthus_sinensis_15wks,TRUE
13460,1.6648041611979458,17.47621490393959,2.5696764585609286,0.018510623693403783,0.11646779991802243,-3.348369256781712,miscanthus_sinensis_ssp_transmorrisonensis_6wks vs miscanthus_sinensis_15wks,TRUE
9131,2.585705992127682,17.98558367381314,2.5692806796208476,0.018526315868723508,0.11646779991802243,-3.3491253027799495,miscanthus_sinensis_ssp_transmorrisonensis_6wks vs miscanthus_sinensis_15wks,TRUE
10522,1.9426742501816854,16.921558338622795,2.5675350368158343,0.01859567831950608,0.11672004379161677,-3.352459308183431,miscanthus_sinensis_ssp_transmorrisonensis_6wks vs miscanthus_sinensis_15wks,TRUE
5884,3.0223906768590254,17.909786922710907,2.56572485615582,0.018667863614929416,0.1169891861080035,-3.355915454533138,miscanthus_sinensis_ssp_transmorrisonensis_6wks vs miscanthus_sinensis_15wks,TRUE
4796,2.4631605049517624,17.303742337785838,2.5600849986976284,0.018894463071266354,0.11807567606175098,-3.366676205240855,miscanthus_sinensis_ssp_transmorrisonensis_6wks vs miscanthus_sinensis_15wks,TRUE
6687,2.223047721608282,17.21874377098116,2.5599383388174504,0.018900390030926573,0.11807567606175098,-3.366955881367996,miscanthus_sinensis_ssp_transmorrisonensis_6wks vs miscanthus_sinensis_15wks,TRUE
842,3.8687321761607905,18.115824842100242,2.5591343217417313,0.01893291387076729,0.11809405026891097,-3.36848898464099,miscanthus_sinensis_ssp_transmorrisonensis_6wks vs miscanthus_sinensis_15wks,TRUE
8473,1.9800598152495823,17.55703288689123,2.558152405014389,0.018972705556469547,0.11815762961220973,-3.3703610003443507,miscanthus_sinensis_ssp_transmorrisonensis_6wks vs miscanthus_sinensis_15wks,TRUE
799,-3.934528910421818,20.661249097541535,-2.5540712790989226,0.01913893670523466,0.11900722013597628,-3.3781380031227357,miscanthus_sinensis_ssp_transmorrisonensis_6wks vs miscanthus_sinensis_15wks,TRUE
8635,2.155300291064151,16.866514540045788,2.553090095623778,0.019179105969643354,0.11907152570889,-3.3800068748473358,miscanthus_sinensis_ssp_transmorrisonensis_6wks vs miscanthus_sinensis_15wks,TRUE
9826,1.6080319847510403,16.999445145563563,2.5480053602508597,0.019388547634106617,0.12018491017912053,-3.3896863886549538,miscanthus_sinensis_ssp_transmorrisonensis_6wks vs miscanthus_sinensis_15wks,TRUE
18675,1.4819325030444581,16.98915016558675,2.544075473292351,0.01955189364186306,0.12090216298478855,-3.397161216711923,miscanthus_sinensis_ssp_transmorrisonensis_6wks vs miscanthus_sinensis_15wks,TRUE
16879,1.7910505926895581,16.791267911028918,2.5437655879116075,0.019564828980003356,0.12090216298478855,-3.3977504000440235,miscanthus_sinensis_ssp_transmorrisonensis_6wks vs miscanthus_sinensis_15wks,TRUE
15232,1.3558384232262952,17.09829297206463,2.539711058578196,0.01973481805801076,0.12176413243829823,-3.40545610682907,miscanthus_sinensis_ssp_transmorrisonensis_6wks vs miscanthus_sinensis_15wks,TRUE
1871,-1.7301968768951,21.588730115897526,-2.5370151188931804,0.01984861526301756,0.12210921864250966,-3.4105765461195894,miscanthus_sinensis_ssp_transmorrisonensis_6wks vs miscanthus_sinensis_15wks,TRUE
5072,2.8633681162090348,17.803674854601812,2.5356009756879656,0.019908553565155838,0.12210921864250966,-3.413261411620753,miscanthus_sinensis_ssp_transmorrisonensis_6wks vs miscanthus_sinensis_15wks,TRUE
372,4.617267234583913,21.441250082216236,2.5355638832363394,0.019910128013082697,0.12210921864250966,-3.413331825019835,miscanthus_sinensis_ssp_transmorrisonensis_6wks vs miscanthus_sinensis_15wks,TRUE
8278,1.965657809618321,17.037370199626448,2.535493837444147,0.019913101537142732,0.12210921864250966,-3.413464793111703,miscanthus_sinensis_ssp_transmorrisonensis_6wks vs miscanthus_sinensis_15wks,TRUE
7097,1.9753645647045381,17.235493324277183,2.534202912628134,0.019967977597172143,0.12225792418391287,-3.4159150442525896,miscanthus_sinensis_ssp_transmorrisonensis_6wks vs miscanthus_sinensis_15wks,TRUE
4107,2.532154933644236,17.545909581398757,2.5315421175276676,0.02008153450802553,0.12276490927417752,-3.4209635054591168,miscanthus_sinensis_ssp_transmorrisonensis_6wks vs miscanthus_sinensis_15wks,TRUE
4106,2.404676173324667,17.3365101577387,2.529979095474934,0.02014852365059627,0.12283937491538666,-3.423927921378049,miscanthus_sinensis_ssp_transmorrisonensis_6wks vs miscanthus_sinensis_15wks,TRUE
6922,1.9152012634960194,17.597894113454313,2.529270049557049,0.020178981668721303,0.12283937491538666,-3.4252724029997754,miscanthus_sinensis_ssp_transmorrisonensis_6wks vs miscanthus_sinensis_15wks,TRUE
5267,2.9503979242024485,18.195635379397352,2.5291061221946545,0.02018602954521384,0.12283937491538666,-3.4255832137248765,miscanthus_sinensis_ssp_transmorrisonensis_6wks vs miscanthus_sinensis_15wks,TRUE
3785,3.44059955693654,19.162954475835964,2.5270368734667072,0.020275193779460635,0.12319417590198913,-3.4295057335894925,miscanthus_sinensis_ssp_transmorrisonensis_6wks vs miscanthus_sinensis_15wks,TRUE
3910,-3.541321004959677,19.731721434465992,-2.524594790736254,0.020380899651351685,0.12351714234171161,-3.4341330210686336,miscanthus_sinensis_ssp_transmorrisonensis_6wks vs miscanthus_sinensis_15wks,TRUE
6384,2.4203119823946544,17.210783594526017,2.5243798150501413,0.02039022966011722,0.12351714234171161,-3.434540256460117,miscanthus_sinensis_ssp_transmorrisonensis_6wks vs miscanthus_sinensis_15wks,TRUE
528,1.5369558894274995,22.657195237596497,2.522919344735464,0.020453720827666045,0.12360519015702238,-3.4373064303949254,miscanthus_sinensis_ssp_transmorrisonensis_6wks vs miscanthus_sinensis_15wks,TRUE
3605,3.3054535210084346,18.323105265700416,2.522621518076004,0.020466691055559066,0.12360519015702238,-3.4378704282022006,miscanthus_sinensis_ssp_transmorrisonensis_6wks vs miscanthus_sinensis_15wks,TRUE
2876,2.7251341132198412,17.386133029226304,2.5199285926365707,0.020584318141910425,0.12366130364742607,-3.442968594297874,miscanthus_sinensis_ssp_transmorrisonensis_6wks vs miscanthus_sinensis_15wks,TRUE
3857,2.620937024797712,17.46700508390525,2.5193715816234294,0.020608727532491464,0.12366130364742607,-3.444022782859565,miscanthus_sinensis_ssp_transmorrisonensis_6wks vs miscanthus_sinensis_15wks,TRUE
4349,-2.4913752602931183,20.37468301310773,-2.518869762929,0.02063074155769045,0.12366130364742607,-3.4449724190801088,miscanthus_sinensis_ssp_transmorrisonensis_6wks vs miscanthus_sinensis_15wks,TRUE
18968,1.3405327897791146,16.835389488519944,2.5180693820702635,0.020665898763854485,0.12366130364742607,-3.4464868618925,miscanthus_sinensis_ssp_transmorrisonensis_6wks vs miscanthus_sinensis_15wks,TRUE
703,2.1654767913722637,21.089398119545024,2.5179074032281727,0.020673020623722855,0.12366130364742607,-3.446793322290447,miscanthus_sinensis_ssp_transmorrisonensis_6wks vs miscanthus_sinensis_15wks,TRUE
13410,1.8855087605560676,17.513080671735256,2.5178586789249864,0.02067516337703891,0.12366130364742607,-3.446885505732953,miscanthus_sinensis_ssp_transmorrisonensis_6wks vs miscanthus_sinensis_15wks,TRUE
19176,1.4011382081621981,16.808186744331657,2.5172205656409004,0.020703245006129238,0.12366130364742607,-3.4480926979427355,miscanthus_sinensis_ssp_transmorrisonensis_6wks vs miscanthus_sinensis_15wks,TRUE
18506,1.5171842821060935,17.037229494367516,2.5163742449295765,0.020740544537366054,0.12366130364742607,-3.449693551702775,miscanthus_sinensis_ssp_transmorrisonensis_6wks vs miscanthus_sinensis_15wks,TRUE
8418,2.0429482435283752,17.289190773076605,2.5160516684324983,0.020754777916777423,0.12366130364742607,-3.4503036511084764,miscanthus_sinensis_ssp_transmorrisonensis_6wks vs miscanthus_sinensis_15wks,TRUE
8808,2.070957417748744,17.378294209723347,2.5128016085536253,0.02089869633972374,0.12389890248210704,-3.4564484805755793,miscanthus_sinensis_ssp_transmorrisonensis_6wks vs miscanthus_sinensis_15wks,TRUE
4592,1.7532387940778484,17.063682190989184,2.5125100599606633,0.02091165232180867,0.12389890248210704,-3.456999518002792,miscanthus_sinensis_ssp_transmorrisonensis_6wks vs miscanthus_sinensis_15wks,TRUE
1611,3.106296707898931,18.74724918602263,2.5122498349126348,0.02092322270096062,0.12389890248210704,-3.457491326589651,miscanthus_sinensis_ssp_transmorrisonensis_6wks vs miscanthus_sinensis_15wks,TRUE
5388,3.5647872832170187,18.235277481286023,2.512197501008688,0.02092555034765194,0.12389890248210704,-3.457590231313135,miscanthus_sinensis_ssp_transmorrisonensis_6wks vs miscanthus_sinensis_15wks,TRUE
12302,1.6125130317835001,17.108438071829514,2.5116517195692354,0.020949839472801164,0.12389890248210704,-3.4586216323615195,miscanthus_sinensis_ssp_transmorrisonensis_6wks vs miscanthus_sinensis_15wks,TRUE
9243,1.277998048058894,17.0626925312547,2.5087451838695545,0.021079636540477283,0.12430857036022287,-3.464112480754236,miscanthus_sinensis_ssp_transmorrisonensis_6wks vs miscanthus_sinensis_15wks,TRUE
20520,1.6219329867360592,16.636825027338396,2.5087060716337537,0.021081388310087896,0.12430857036022287,-3.4641863481078476,miscanthus_sinensis_ssp_transmorrisonensis_6wks vs miscanthus_sinensis_15wks,TRUE
5379,1.381580264873005,20.67102573174456,2.505512215245179,0.021224897610771353,0.12464335787272784,-3.4702163719036214,miscanthus_sinensis_ssp_transmorrisonensis_6wks vs miscanthus_sinensis_15wks,TRUE
994,1.362667527080557,21.94818257468145,2.5053716758318747,0.021231233465778317,0.12464335787272784,-3.470481625369989,miscanthus_sinensis_ssp_transmorrisonensis_6wks vs miscanthus_sinensis_15wks,TRUE
505,3.407337200482239,17.963932599866773,2.5050671499634585,0.021244968314191984,0.12464335787272784,-3.4710563612597918,miscanthus_sinensis_ssp_transmorrisonensis_6wks vs miscanthus_sinensis_15wks,TRUE
4582,2.3147949333197424,17.26325141215188,2.5043274542383336,0.021278365096310474,0.12464335787272784,-3.4724522573766046,miscanthus_sinensis_ssp_transmorrisonensis_6wks vs miscanthus_sinensis_15wks,TRUE
5737,1.7335733624080483,17.287861873509925,2.5035562999903327,0.0213132346500066,0.12464335787272784,-3.4739073054565135,miscanthus_sinensis_ssp_transmorrisonensis_6wks vs miscanthus_sinensis_15wks,TRUE
198,4.6746834101437145,22.315108185624613,2.503259714361657,0.021326659735587374,0.12464335787272784,-3.4744668581661,miscanthus_sinensis_ssp_transmorrisonensis_6wks vs miscanthus_sinensis_15wks,TRUE
2816,2.5976849736829486,18.318844699462797,2.50204220460778,0.021381854050281694,0.12464335787272784,-3.476763531459331,miscanthus_sinensis_ssp_transmorrisonensis_6wks vs miscanthus_sinensis_15wks,TRUE
12405,1.6608641452218968,17.04990885826755,2.501907896636355,0.021387950937579805,0.12464335787272784,-3.4770168525039358,miscanthus_sinensis_ssp_transmorrisonensis_6wks vs miscanthus_sinensis_15wks,TRUE
2239,4.74473489862261,18.995914804498238,2.501162467695171,0.02142181921036978,0.12465874969066496,-3.478422700677826,miscanthus_sinensis_ssp_transmorrisonensis_6wks vs miscanthus_sinensis_15wks,TRUE
8319,2.0213513743279137,16.921326599772133,2.499575683568044,0.021494081717434426,0.12489719682095811,-3.4814146278963194,miscanthus_sinensis_ssp_transmorrisonensis_6wks vs miscanthus_sinensis_15wks,TRUE
12443,1.6839226631313373,17.219686403918523,2.494992368100657,0.021704092879300165,0.12593421333454397,-3.4900513790981567,miscanthus_sinensis_ssp_transmorrisonensis_6wks vs miscanthus_sinensis_15wks,TRUE
11040,1.9711707959310587,17.85736969217707,2.493944027289547,0.02175239830881428,0.12603131211725196,-3.4920257689716143,miscanthus_sinensis_ssp_transmorrisonensis_6wks vs miscanthus_sinensis_15wks,TRUE
12315,1.486223614856275,17.26879895648891,2.492453679252521,0.021821244057993003,0.12607452007194797,-3.494831910461537,miscanthus_sinensis_ssp_transmorrisonensis_6wks vs miscanthus_sinensis_15wks,TRUE
14110,1.9196788061408085,16.88507422108274,2.491782453789782,0.021852317590145613,0.12607452007194797,-3.496095475940074,miscanthus_sinensis_ssp_transmorrisonensis_6wks vs miscanthus_sinensis_15wks,TRUE
8976,1.6142273833394931,16.85768576574197,2.4917331609280136,0.021854601174796595,0.12607452007194797,-3.4961882619487015,miscanthus_sinensis_ssp_transmorrisonensis_6wks vs miscanthus_sinensis_15wks,TRUE
10073,1.7604482554288197,17.124535312062214,2.490957061899595,0.02189058492292498,0.1260998773626501,-3.4976490264999325,miscanthus_sinensis_ssp_transmorrisonensis_6wks vs miscanthus_sinensis_15wks,TRUE
2342,-3.433670098169653,19.923843753634554,-2.4901451521155993,0.021928288463939592,0.1261350541038139,-3.4991769540063533,miscanthus_sinensis_ssp_transmorrisonensis_6wks vs miscanthus_sinensis_15wks,TRUE
5463,3.5893556620183915,18.207258659535885,2.4885089184742744,0.022004457029064308,0.12639106828780533,-3.5022554258030163,miscanthus_sinensis_ssp_transmorrisonensis_6wks vs miscanthus_sinensis_15wks,TRUE
15379,1.4833571513507273,16.891650602861596,2.4822674868713315,0.022297285331168953,0.12779242314826492,-3.5139891221520054,miscanthus_sinensis_ssp_transmorrisonensis_6wks vs miscanthus_sinensis_15wks,TRUE
5820,1.6844674266163757,17.57878459288093,2.481946259542476,0.022312454642870905,0.12779242314826492,-3.5145926254651743,miscanthus_sinensis_ssp_transmorrisonensis_6wks vs miscanthus_sinensis_15wks,TRUE
6364,1.3335533098218164,17.472524051263232,2.479451730220036,0.022430583160775217,0.1281612412183261,-3.5192778865953107,miscanthus_sinensis_ssp_transmorrisonensis_6wks vs miscanthus_sinensis_15wks,TRUE
19494,1.4426640391905288,17.11450850201031,2.4792311049599243,0.02244105902094437,0.1281612412183261,-3.519692155812752,miscanthus_sinensis_ssp_transmorrisonensis_6wks vs miscanthus_sinensis_15wks,TRUE
10857,1.847639961480592,16.8073537215629,2.4781288254176648,0.022493466779879,0.1282770276932528,-3.521761638169391,miscanthus_sinensis_ssp_transmorrisonensis_6wks vs miscanthus_sinensis_15wks,TRUE
4682,2.293743357138265,17.292225245445458,2.477177073006309,0.022538809920675237,0.12835225278649864,-3.523548145066013,miscanthus_sinensis_ssp_transmorrisonensis_6wks vs miscanthus_sinensis_15wks,TRUE
14766,1.4258837438829808,17.145982969638403,2.4750219298887677,0.02264180119037046,0.128725245185784,-3.527592242456451,miscanthus_sinensis_ssp_transmorrisonensis_6wks vs miscanthus_sinensis_15wks,TRUE
13165,1.6473539453678363,17.137629625013023,2.474458496549334,0.0226687994402821,0.128725245185784,-3.5286492292358096,miscanthus_sinensis_ssp_transmorrisonensis_6wks vs miscanthus_sinensis_15wks,TRUE
15250,1.8053365527633005,17.547862114702617,2.4722405238999348,0.022775371968936222,0.12914671150567245,-3.532808927086561,miscanthus_sinensis_ssp_transmorrisonensis_6wks vs miscanthus_sinensis_15wks,TRUE
2803,2.6053444966723767,17.59159035169695,2.467387711649481,0.023010184832149227,0.13029313170204215,-3.5419036531903516,miscanthus_sinensis_ssp_transmorrisonensis_6wks vs miscanthus_sinensis_15wks,TRUE
10673,1.9875909133914327,17.01461393458088,2.4663847958323966,0.02305899449218916,0.13038456942325655,-3.5437821202680424,miscanthus_sinensis_ssp_transmorrisonensis_6wks vs miscanthus_sinensis_15wks,TRUE
9555,1.6809621416082585,17.16065316363838,2.4651331360904254,0.02312004584250234,0.1305448698773258,-3.54612595073063,miscanthus_sinensis_ssp_transmorrisonensis_6wks vs miscanthus_sinensis_15wks,TRUE
1520,3.0472783617416503,20.440710077562642,2.4641638423396905,0.023167428275632538,0.1306276464354874,-3.547940620048694,miscanthus_sinensis_ssp_transmorrisonensis_6wks vs miscanthus_sinensis_15wks,TRUE
12317,1.9213126984870748,17.312555845264775,2.46200090232596,0.023273487950578608,0.1310405696737797,-3.5519886935305243,miscanthus_sinensis_ssp_transmorrisonensis_6wks vs miscanthus_sinensis_15wks,TRUE
5487,2.775345637577818,17.812232804851536,2.460965986691067,0.02332439546113385,0.13114223476175538,-3.553924970974368,miscanthus_sinensis_ssp_transmorrisonensis_6wks vs miscanthus_sinensis_15wks,TRUE
1794,3.388843561231006,20.315279511087216,2.4591943271785386,0.023411785201190225,0.13139142226336165,-3.5572387130500087,miscanthus_sinensis_ssp_transmorrisonensis_6wks vs miscanthus_sinensis_15wks,TRUE
2317,2.8907841895760065,17.312928189764413,2.458733986542092,0.023434542247373118,0.13139142226336165,-3.558099545977464,miscanthus_sinensis_ssp_transmorrisonensis_6wks vs miscanthus_sinensis_15wks,TRUE
10657,1.6557065046164325,17.170893775518675,2.457811816606262,0.023480192161818344,0.1314053035010624,-3.559823752175749,miscanthus_sinensis_ssp_transmorrisonensis_6wks vs miscanthus_sinensis_15wks,TRUE
3600,2.797718606437982,17.451250340747556,2.4573546819124052,0.023502852379699037,0.1314053035010624,-3.5606783488801,miscanthus_sinensis_ssp_transmorrisonensis_6wks vs miscanthus_sinensis_15wks,TRUE
5297,1.3525816525625913,21.511958929104917,2.4541332181267443,0.023663121321600263,0.13210522062248725,-3.5666984915449342,miscanthus_sinensis_ssp_transmorrisonensis_6wks vs miscanthus_sinensis_15wks,TRUE
796,3.7129319949226236,17.67636933829331,2.4526996862240997,0.023734767964319923,0.13210522062248725,-3.5693761403409647,miscanthus_sinensis_ssp_transmorrisonensis_6wks vs miscanthus_sinensis_15wks,TRUE
4944,3.1592604246664244,17.794623654481267,2.452652009053342,0.023737154306691096,0.13210522062248725,-3.569465181471488,miscanthus_sinensis_ssp_transmorrisonensis_6wks vs miscanthus_sinensis_15wks,TRUE
3104,3.4183199582821864,19.877244002746792,2.4521876552608672,0.023760407917571603,0.13210522062248725,-3.5703323556459026,miscanthus_sinensis_ssp_transmorrisonensis_6wks vs miscanthus_sinensis_15wks,TRUE
4180,2.3462772812579153,17.248353355399505,2.4509477132532824,0.023822605297985164,0.13226681550703306,-3.5726475241585454,miscanthus_sinensis_ssp_transmorrisonensis_6wks vs miscanthus_sinensis_15wks,TRUE
1985,3.27610092358902,18.45970905156266,2.448883546749608,0.023926484593445208,0.1323309823264066,-3.576500339767283,miscanthus_sinensis_ssp_transmorrisonensis_6wks vs miscanthus_sinensis_15wks,TRUE
6813,1.5065583078083655,16.896020293347416,2.4488340623526454,0.023928980085345355,0.1323309823264066,-3.576592683443604,miscanthus_sinensis_ssp_transmorrisonensis_6wks vs miscanthus_sinensis_15wks,TRUE
12193,1.5711951618030362,17.009815409380376,2.448742275492927,0.02393360952897434,0.1323309823264066,-3.5767639659704242,miscanthus_sinensis_ssp_transmorrisonensis_6wks vs miscanthus_sinensis_15wks,TRUE
1673,2.272319641245687,22.21482467360489,2.4475617602539588,0.023993225682356737,0.13247711884366264,-3.57896662424558,miscanthus_sinensis_ssp_transmorrisonensis_6wks vs miscanthus_sinensis_15wks,TRUE
7881,1.9646784209195438,17.200534502469036,2.4468690433427724,0.024028272521694226,0.13248738108646874,-3.580258876516562,miscanthus_sinensis_ssp_transmorrisonensis_6wks vs miscanthus_sinensis_15wks,TRUE
7392,2.1800923241542485,17.01315618465414,2.439468315057525,0.024405695931336385,0.13438281125226875,-3.5940532466791515,miscanthus_sinensis_ssp_transmorrisonensis_6wks vs miscanthus_sinensis_15wks,TRUE
7287,1.9836412063215754,17.076964202048877,2.437537825357181,0.02450505366439373,0.13474404163672143,-3.597648037230174,miscanthus_sinensis_ssp_transmorrisonensis_6wks vs miscanthus_sinensis_15wks,TRUE
14847,1.8672730445207364,17.278926744279318,2.4366391499985594,0.024551435042988155,0.13481338196920042,-3.5993209787452445,miscanthus_sinensis_ssp_transmorrisonensis_6wks vs miscanthus_sinensis_15wks,TRUE
12280,1.4055998330562716,17.079661894381232,2.4335958619738753,0.02470911092563061,0.13517513699565165,-3.6049839197712905,miscanthus_sinensis_ssp_transmorrisonensis_6wks vs miscanthus_sinensis_15wks,TRUE
18412,1.6670835177940937,16.92396532905742,2.432923754724047,0.02474406065717048,0.13517513699565165,-3.6062340884790287,miscanthus_sinensis_ssp_transmorrisonensis_6wks vs miscanthus_sinensis_15wks,TRUE
1905,-3.1378165976483814,19.78748811816393,-2.4324645083439576,0.024767968097169055,0.13517513699565165,-3.6070882190612217,miscanthus_sinensis_ssp_transmorrisonensis_6wks vs miscanthus_sinensis_15wks,TRUE
11425,2.0797024103359085,17.435042293714957,2.4323346697496784,0.024774731139693,0.13517513699565165,-3.6073296847904444,miscanthus_sinensis_ssp_transmorrisonensis_6wks vs miscanthus_sinensis_15wks,TRUE
9798,1.6722285146922076,17.18322475232566,2.4321064409218094,0.024786623316837928,0.13517513699565165,-3.607754114601745,miscanthus_sinensis_ssp_transmorrisonensis_6wks vs miscanthus_sinensis_15wks,TRUE
10023,1.5794035445768557,17.002918462363777,2.4305145676590763,0.024869718313149665,0.1354432680847114,-3.6107139044937395,miscanthus_sinensis_ssp_transmorrisonensis_6wks vs miscanthus_sinensis_15wks,TRUE
4524,2.331163750547507,18.85097475042626,2.428652286395788,0.02496725831382633,0.13554475887333323,-3.6141752103490274,miscanthus_sinensis_ssp_transmorrisonensis_6wks vs miscanthus_sinensis_15wks,TRUE
10275,1.8176055837110603,16.71754094433805,2.428553719382133,0.02497243085186326,0.13554475887333323,-3.6143583728952806,miscanthus_sinensis_ssp_transmorrisonensis_6wks vs miscanthus_sinensis_15wks,TRUE
21777,1.2210892635392838,16.839179815536372,2.428214952615064,0.02499021606482296,0.13554475887333323,-3.614987858594009,miscanthus_sinensis_ssp_transmorrisonensis_6wks vs miscanthus_sinensis_15wks,TRUE
6711,1.7785163289926196,17.06987737125517,2.4273803242074075,0.025034084377351516,0.13559845974815096,-3.6165385469717113,miscanthus_sinensis_ssp_transmorrisonensis_6wks vs miscanthus_sinensis_15wks,TRUE
3867,2.4644345477762286,17.749543923591215,2.425787820617074,0.025117986164768846,0.13564320211302497,-3.619496563599704,miscanthus_sinensis_ssp_transmorrisonensis_6wks vs miscanthus_sinensis_15wks,TRUE
742,-4.072419633648924,20.711870830813073,-2.4256869360947064,0.025123310135624917,0.13564320211302497,-3.6196839193792276,miscanthus_sinensis_ssp_transmorrisonensis_6wks vs miscanthus_sinensis_15wks,TRUE
16425,1.4196697122055433,17.027423481638674,2.4252897515608045,0.025144280952815252,0.13564320211302497,-3.620421504301876,miscanthus_sinensis_ssp_transmorrisonensis_6wks vs miscanthus_sinensis_15wks,TRUE
11859,1.834302728424774,17.24664908199631,2.4238728773411617,0.025219223090582787,0.13570711740909763,-3.6230521824593445,miscanthus_sinensis_ssp_transmorrisonensis_6wks vs miscanthus_sinensis_15wks,TRUE
2712,1.5139320346271816,21.55164978275622,2.423780459900879,0.025224118516420452,0.13570711740909763,-3.623223744427072,miscanthus_sinensis_ssp_transmorrisonensis_6wks vs miscanthus_sinensis_15wks,TRUE
4186,2.616163322487118,18.648285806898993,2.4207019145842996,0.02538769877743984,0.13624173027493772,-3.6289367775480987,miscanthus_sinensis_ssp_transmorrisonensis_6wks vs miscanthus_sinensis_15wks,TRUE
832,4.010407460451624,18.52711338273892,2.420217650259362,0.025413520280358346,0.13624173027493772,-3.629835115042152,miscanthus_sinensis_ssp_transmorrisonensis_6wks vs miscanthus_sinensis_15wks,TRUE
9628,1.780402844728119,17.029811523080134,2.419628558390188,0.025444964306952388,0.13624173027493772,-3.630927788919563,miscanthus_sinensis_ssp_transmorrisonensis_6wks vs miscanthus_sinensis_15wks,TRUE
3385,2.574535013604873,17.934263865346217,2.4184249341849062,0.025509323075850566,0.13624173027493772,-3.6331598993498844,miscanthus_sinensis_ssp_transmorrisonensis_6wks vs miscanthus_sinensis_15wks,TRUE
2369,-2.4587284198444443,18.287273528374943,-2.418360748639698,0.025512759387053694,0.13624173027493772,-3.6332789148226157,miscanthus_sinensis_ssp_transmorrisonensis_6wks vs miscanthus_sinensis_15wks,TRUE
17104,1.5279704979707844,16.642811838288566,2.417988099255608,0.02553271849863447,0.13624173027493772,-3.6339698644814917,miscanthus_sinensis_ssp_transmorrisonensis_6wks vs miscanthus_sinensis_15wks,TRUE
4649,1.6899999706981923,16.923532340691043,2.417434637755856,0.025562388771525137,0.13624173027493772,-3.634995966616229,miscanthus_sinensis_ssp_transmorrisonensis_6wks vs miscanthus_sinensis_15wks,TRUE
274,2.279469491489447,23.563342610816406,2.4163311873036366,0.025621639078165594,0.13626007296363513,-3.637041371762572,miscanthus_sinensis_ssp_transmorrisonensis_6wks vs miscanthus_sinensis_15wks,TRUE
3435,2.1510296357034733,19.255866978637343,2.4160994812894505,0.025634096892707913,0.13626007296363513,-3.6374708112665632,miscanthus_sinensis_ssp_transmorrisonensis_6wks vs miscanthus_sinensis_15wks,TRUE
4575,-2.5093041383092753,20.000227024743264,-2.4149220597361545,0.025697488942158318,0.13641539342698936,-3.639652693808923,miscanthus_sinensis_ssp_transmorrisonensis_6wks vs miscanthus_sinensis_15wks,TRUE
21910,1.2024019229437144,16.76970928699999,2.4130449713386,0.02579885299892785,0.13659823308479963,-3.6431299957559773,miscanthus_sinensis_ssp_transmorrisonensis_6wks vs miscanthus_sinensis_15wks,TRUE
1589,3.3186397432064965,17.491583408733952,2.4130169743365095,0.025800367671828386,0.13659823308479963,-3.6431818495727804,miscanthus_sinensis_ssp_transmorrisonensis_6wks vs miscanthus_sinensis_15wks,TRUE
7830,1.3480899991268593,16.702790203344577,2.410521534564306,0.025935707359005584,0.13702598093189025,-3.6478024554661226,miscanthus_sinensis_ssp_transmorrisonensis_6wks vs miscanthus_sinensis_15wks,TRUE
7050,1.5283650268046038,19.350293481959344,2.410262203167495,0.02594981001615958,0.13702598093189025,-3.648282496849743,miscanthus_sinensis_ssp_transmorrisonensis_6wks vs miscanthus_sinensis_15wks,TRUE
9842,1.639255021446779,17.01828145098881,2.4082043474929127,0.026061971392476187,0.13743644623350718,-3.6520907906067905,miscanthus_sinensis_ssp_transmorrisonensis_6wks vs miscanthus_sinensis_15wks,TRUE
16591,1.6314306399340097,16.712805072823496,2.405326766484766,0.026219568276010356,0.1379589355491485,-3.65741325217329,miscanthus_sinensis_ssp_transmorrisonensis_6wks vs miscanthus_sinensis_15wks,TRUE
8815,1.6920563900802428,17.20644694159621,2.4051337968127067,0.026230168357165257,0.1379589355491485,-3.6577700566859597,miscanthus_sinensis_ssp_transmorrisonensis_6wks vs miscanthus_sinensis_15wks,TRUE
1669,1.24466887265541,22.461140769112063,2.404221257706497,0.02628034941423107,0.1380409932389611,-3.65945715721662,miscanthus_sinensis_ssp_transmorrisonensis_6wks vs miscanthus_sinensis_15wks,TRUE
1284,3.6437566847631757,18.18727316326854,2.403468684624854,0.026321801079812607,0.13807704324653342,-3.660848262762828,miscanthus_sinensis_ssp_transmorrisonensis_6wks vs miscanthus_sinensis_15wks,TRUE
2643,4.45088412508602,19.956595955311993,2.4010098190076943,0.0264576598775466,0.13843127964293178,-3.6653918137853623,miscanthus_sinensis_ssp_transmorrisonensis_6wks vs miscanthus_sinensis_15wks,TRUE
6012,2.1173493191147834,17.062655206273355,2.400682433441264,0.026475797948740696,0.13843127964293178,-3.665996582274694,miscanthus_sinensis_ssp_transmorrisonensis_6wks vs miscanthus_sinensis_15wks,TRUE
777,2.8091740973738766,22.00220917517688,2.4003656232222577,0.026493361134068104,0.13843127964293178,-3.6665817744247846,miscanthus_sinensis_ssp_transmorrisonensis_6wks vs miscanthus_sinensis_15wks,TRUE
2270,2.085682342568731,22.283969938774867,2.3983807317844734,0.026603645683528774,0.1388258216583619,-3.6702472274322853,miscanthus_sinensis_ssp_transmorrisonensis_6wks vs miscanthus_sinensis_15wks,TRUE
5270,2.4464988998068264,17.09050111787558,2.3950723046421376,0.026788418437182687,0.13960752793894685,-3.6763533100502275,miscanthus_sinensis_ssp_transmorrisonensis_6wks vs miscanthus_sinensis_15wks,TRUE
3668,2.288043881746141,17.396240270918792,2.3919756315101663,0.026962445951334967,0.14033127019260652,-3.682064588509688,miscanthus_sinensis_ssp_transmorrisonensis_6wks vs miscanthus_sinensis_15wks,TRUE
12230,1.5954563250091098,17.149499066408165,2.3873734871026198,0.02722302156688859,0.14142007864268427,-3.6905453041674714,miscanthus_sinensis_ssp_transmorrisonensis_6wks vs miscanthus_sinensis_15wks,TRUE
1031,4.194244361540726,19.29773786596021,2.386798122278357,0.027255763160107565,0.14142007864268427,-3.6916049699510944,miscanthus_sinensis_ssp_transmorrisonensis_6wks vs miscanthus_sinensis_15wks,TRUE
3342,2.5205814925781986,17.26202554052255,2.3864091095124516,0.027277920980678074,0.14142007864268427,-3.6923213499158964,miscanthus_sinensis_ssp_transmorrisonensis_6wks vs miscanthus_sinensis_15wks,TRUE
8411,1.6545431344391623,17.581075897873053,2.381107276539881,0.0275815826215241,0.1425847294492427,-3.7020787354539775,miscanthus_sinensis_ssp_transmorrisonensis_6wks vs miscanthus_sinensis_15wks,TRUE
5241,2.823937726893437,18.00773439728353,2.3807796786150757,0.027600448409195993,0.1425847294492427,-3.702681265559314,miscanthus_sinensis_ssp_transmorrisonensis_6wks vs miscanthus_sinensis_15wks,TRUE
14588,1.3696739570652738,17.09699824627816,2.3806187845882723,0.027609718402871894,0.1425847294492427,-3.702977171765287,miscanthus_sinensis_ssp_transmorrisonensis_6wks vs miscanthus_sinensis_15wks,TRUE
13879,1.6877374041961275,16.67744055350895,2.3794281100719568,0.027678409711742243,0.14275479530914087,-3.7051666582812146,miscanthus_sinensis_ssp_transmorrisonensis_6wks vs miscanthus_sinensis_15wks,TRUE
11081,2.259693681678254,18.14236876018603,2.377563654361594,0.027786291239203263,0.1427615172982414,-3.708593975818827,miscanthus_sinensis_ssp_transmorrisonensis_6wks vs miscanthus_sinensis_15wks,TRUE
15158,1.3250017938554848,16.852169869872334,2.377558360336315,0.027786598118597183,0.1427615172982414,-3.7086037054920675,miscanthus_sinensis_ssp_transmorrisonensis_6wks vs miscanthus_sinensis_15wks,TRUE
12242,1.4397688420508103,17.05258631219905,2.3775514493612673,0.027786998732648692,0.1427615172982414,-3.7086164068741687,miscanthus_sinensis_ssp_transmorrisonensis_6wks vs miscanthus_sinensis_15wks,TRUE
98,2.2437857731064703,23.818367478021557,2.3750367415625084,0.02793312750845731,0.14309279852163823,-3.713236785855064,miscanthus_sinensis_ssp_transmorrisonensis_6wks vs miscanthus_sinensis_15wks,TRUE
17228,1.5269634305545772,16.987354765692963,2.3746600727212925,0.027955076962683127,0.14309279852163823,-3.7139286330813577,miscanthus_sinensis_ssp_transmorrisonensis_6wks vs miscanthus_sinensis_15wks,TRUE
12062,1.4044138008824163,16.9612718424449,2.3745925437808686,0.027959013739197854,0.14309279852163823,-3.7140526608647244,miscanthus_sinensis_ssp_transmorrisonensis_6wks vs miscanthus_sinensis_15wks,TRUE
11884,1.6749776068303959,17.127439653500343,2.372606813402882,0.028075007518349158,0.14348986729340546,-3.7176989411186665,miscanthus_sinensis_ssp_transmorrisonensis_6wks vs miscanthus_sinensis_15wks,TRUE
14445,1.69558659757595,17.68042528363876,2.371415304612316,0.028144822251558906,0.14348986729340546,-3.719886064141538,miscanthus_sinensis_ssp_transmorrisonensis_6wks vs miscanthus_sinensis_15wks,TRUE
988,4.072988767691843,21.468132113575763,2.371033861383172,0.028167206405282415,0.14348986729340546,-3.7205861150710273,miscanthus_sinensis_ssp_transmorrisonensis_6wks vs miscanthus_sinensis_15wks,TRUE
11776,1.4597378972254518,16.896078529176858,2.370809594292057,0.028180374738985436,0.14348986729340546,-3.7209976776711637,miscanthus_sinensis_ssp_transmorrisonensis_6wks vs miscanthus_sinensis_15wks,TRUE
9058,1.633661767878639,17.077749706705294,2.3689698756722057,0.028288613794797576,0.1438575111704865,-3.724373049207303,miscanthus_sinensis_ssp_transmorrisonensis_6wks vs miscanthus_sinensis_15wks,TRUE
4211,2.6291268887431727,20.706063075369556,2.3669238933246737,0.028409441467478275,0.14398657242822752,-3.728125225276257,miscanthus_sinensis_ssp_transmorrisonensis_6wks vs miscanthus_sinensis_15wks,TRUE
11583,1.983376056989588,16.827471409965177,2.3667359842278928,0.0284205626232752,0.14398657242822752,-3.728469750010944,miscanthus_sinensis_ssp_transmorrisonensis_6wks vs miscanthus_sinensis_15wks,TRUE
10131,1.7252406579465713,17.424804399064115,2.3659147147256823,0.02846921582769748,0.14398657242822752,-3.729975348366959,miscanthus_sinensis_ssp_transmorrisonensis_6wks vs miscanthus_sinensis_15wks,TRUE
13666,1.4924747130654161,17.02882255976067,2.365343445288659,0.028503104234313466,0.14398657242822752,-3.731022468588237,miscanthus_sinensis_ssp_transmorrisonensis_6wks vs miscanthus_sinensis_15wks,TRUE
8794,2.1049442172884163,18.36442526355558,2.365307602749306,0.02850523170544871,0.14398657242822752,-3.731088162438934,miscanthus_sinensis_ssp_transmorrisonensis_6wks vs miscanthus_sinensis_15wks,TRUE
11471,1.626351228848339,16.916802171187587,2.364883675831092,0.028530405508699393,0.14398657242822752,-3.7318651150176834,miscanthus_sinensis_ssp_transmorrisonensis_6wks vs miscanthus_sinensis_15wks,TRUE
7845,2.0993229644780094,19.183490334807672,2.3636978133093445,0.028600934497308172,0.1441458409939173,-3.734038112812655,miscanthus_sinensis_ssp_transmorrisonensis_6wks vs miscanthus_sinensis_15wks,TRUE
4635,1.9693121671239382,17.29743041870259,2.363139747234404,0.028634181339723556,0.1441458409939173,-3.7350605234885985,miscanthus_sinensis_ssp_transmorrisonensis_6wks vs miscanthus_sinensis_15wks,TRUE
8829,2.0186999749326375,17.141507269864288,2.3619999728427814,0.028702194944689067,0.14430624964634606,-3.7371482597407244,miscanthus_sinensis_ssp_transmorrisonensis_6wks vs miscanthus_sinensis_15wks,TRUE
1264,3.454511465733674,19.359364718764212,2.360115299060074,0.028814987723360656,0.1446911081656047,-3.740599259018726,miscanthus_sinensis_ssp_transmorrisonensis_6wks vs miscanthus_sinensis_15wks,TRUE
2485,-3.3829391546705345,20.71117873630726,-2.358179860589411,0.028931246438056092,0.14509238163407023,-3.744141684512392,miscanthus_sinensis_ssp_transmorrisonensis_6wks vs miscanthus_sinensis_15wks,TRUE
15395,1.8607758676929222,16.592458277991444,2.3567386288649215,0.029018101361876623,0.14534537093677727,-3.7467785580064707,miscanthus_sinensis_ssp_transmorrisonensis_6wks vs miscanthus_sinensis_15wks,TRUE
6172,1.8316197827215994,17.07370478172627,2.354487446325419,0.029154251387793297,0.14569470805525184,-3.7508955921582654,miscanthus_sinensis_ssp_transmorrisonensis_6wks vs miscanthus_sinensis_15wks,TRUE
3586,2.6388337089409006,17.689461037295853,2.3543787602551016,0.029160839613263084,0.14569470805525184,-3.751094307477063,miscanthus_sinensis_ssp_transmorrisonensis_6wks vs miscanthus_sinensis_15wks,TRUE
5281,1.9390190662536106,16.891742810384994,2.3534013901524937,0.02922014692059913,0.14580853313378966,-3.752881053945069,miscanthus_sinensis_ssp_transmorrisonensis_6wks vs miscanthus_sinensis_15wks,TRUE
9253,1.4959877496137253,17.09001262019283,2.3526412660787663,0.029266348909612428,0.14585676010882997,-3.7542703749375272,miscanthus_sinensis_ssp_transmorrisonensis_6wks vs miscanthus_sinensis_15wks,TRUE
5570,1.484685683364095,17.218381179278534,2.3491525668697975,0.02947926950627171,0.14673471804119287,-3.7606437802360517,miscanthus_sinensis_ssp_transmorrisonensis_6wks vs miscanthus_sinensis_15wks,TRUE
19088,1.469081476853944,17.111599843883088,2.346248821987905,0.02965758318085938,0.14743844590036195,-3.7659446799403615,miscanthus_sinensis_ssp_transmorrisonensis_6wks vs miscanthus_sinensis_15wks,TRUE
6084,1.7660341196961085,17.034992499156697,2.3442142974720848,0.029783114428281555,0.14787834925087062,-3.769656685068311,miscanthus_sinensis_ssp_transmorrisonensis_6wks vs miscanthus_sinensis_15wks,TRUE
12545,1.663321439245614,17.133227381025968,2.3427843702284363,0.0298716360362468,0.14813362864185992,-3.7722645613802177,miscanthus_sinensis_ssp_transmorrisonensis_6wks vs miscanthus_sinensis_15wks,TRUE
18419,1.5724845736435178,16.774475851411054,2.3402401956270693,0.030029739413615336,0.14873290290217422,-3.7769024635994257,miscanthus_sinensis_ssp_transmorrisonensis_6wks vs miscanthus_sinensis_15wks,TRUE
6323,-2.9999499053311123,18.20167478485324,-2.3384572600285014,0.030140998311327976,0.14909896562431385,-3.7801510461891157,miscanthus_sinensis_ssp_transmorrisonensis_6wks vs miscanthus_sinensis_15wks,TRUE
2155,2.7983709358550755,17.853714248572782,2.3371328448516713,0.030223891494190983,0.1491470023804495,-3.782563320533755,miscanthus_sinensis_ssp_transmorrisonensis_6wks vs miscanthus_sinensis_15wks,TRUE
6140,1.490441385057565,17.26115156157621,2.3370525195413747,0.030228925718288554,0.1491470023804495,-3.7827096003797314,miscanthus_sinensis_ssp_transmorrisonensis_6wks vs miscanthus_sinensis_15wks,TRUE
12148,1.6654469115214923,16.968793557044336,2.3365124509636703,0.030262793569179384,0.1491470023804495,-3.7836930448709536,miscanthus_sinensis_ssp_transmorrisonensis_6wks vs miscanthus_sinensis_15wks,TRUE
4955,2.1399951010541045,17.95999939718264,2.334673067093025,0.03037840555479567,0.14953217629438262,-3.787041571708161,miscanthus_sinensis_ssp_transmorrisonensis_6wks vs miscanthus_sinensis_15wks,TRUE
1756,-4.0262575626231225,19.730656711990022,-2.3336021104850944,0.030445907246247912,0.1496798789741646,-3.7889905495830347,miscanthus_sinensis_ssp_transmorrisonensis_6wks vs miscanthus_sinensis_15wks,TRUE
383,4.601395316552921,18.976319624155522,2.3326274706140437,0.030507458778313616,0.14979800177494212,-3.7907638249932654,miscanthus_sinensis_ssp_transmorrisonensis_6wks vs miscanthus_sinensis_15wks,TRUE
1989,4.366474154883406,20.15412287003186,2.3310431317522005,0.030607760478411117,0.14990784720137768,-3.7936455402665263,miscanthus_sinensis_ssp_transmorrisonensis_6wks vs miscanthus_sinensis_15wks,TRUE
11784,1.4534191257796678,17.265679528374687,2.330936357679436,0.030614531119608872,0.14990784720137768,-3.793839710859,miscanthus_sinensis_ssp_transmorrisonensis_6wks vs miscanthus_sinensis_15wks,TRUE
13374,-1.3707368101144919,17.161086781944434,-2.330495739185107,0.030642485800682406,0.14990784720137768,-3.7946409325994197,miscanthus_sinensis_ssp_transmorrisonensis_6wks vs miscanthus_sinensis_15wks,TRUE
5188,2.0631062517863406,16.993178980320312,2.323622177980416,0.031081641957359452,0.15187015262396444,-3.8071291817508404,miscanthus_sinensis_ssp_transmorrisonensis_6wks vs miscanthus_sinensis_15wks,TRUE
7791,-1.8846412978588276,18.20594244059369,-2.3220605005236363,0.031182226567205595,0.1521753648609838,-3.8099637226237744,miscanthus_sinensis_ssp_transmorrisonensis_6wks vs miscanthus_sinensis_15wks,TRUE
6080,2.1108381521842468,17.05530969364487,2.32043470867142,0.03128726032368291,0.15240101569695624,-3.812913531837622,miscanthus_sinensis_ssp_transmorrisonensis_6wks vs miscanthus_sinensis_15wks,TRUE
939,-4.241685351180301,20.821813600808344,-2.3201634322761797,0.031304817853583196,0.15240101569695624,-3.8134056214793532,miscanthus_sinensis_ssp_transmorrisonensis_6wks vs miscanthus_sinensis_15wks,TRUE
10628,1.2044611382530839,16.94848177441399,2.3178593103533056,0.03145431265877847,0.15294228518129555,-3.8175839841187704,miscanthus_sinensis_ssp_transmorrisonensis_6wks vs miscanthus_sinensis_15wks,TRUE
10514,1.398338793972254,17.395111671390204,2.317176561961922,0.031498736933539856,0.15296426181313735,-3.8188216648260944,miscanthus_sinensis_ssp_transmorrisonensis_6wks vs miscanthus_sinensis_15wks,TRUE
4040,-3.6917566092622387,19.325060142544828,-2.3157079157107794,0.03159449366689264,0.15296426181313735,-3.8214833394479735,miscanthus_sinensis_ssp_transmorrisonensis_6wks vs miscanthus_sinensis_15wks,TRUE
8063,1.5585592487689262,16.818058923230208,2.3154846825582984,0.03160907214840068,0.15296426181313735,-3.821887831266515,miscanthus_sinensis_ssp_transmorrisonensis_6wks vs miscanthus_sinensis_15wks,TRUE
12811,1.4980829823168271,17.143927683117685,2.3154382814125967,0.03161210320537032,0.15296426181313735,-3.8219719060826387,miscanthus_sinensis_ssp_transmorrisonensis_6wks vs miscanthus_sinensis_15wks,TRUE
8954,1.945246881530803,17.2076495788706,2.3122495741529807,0.03182104327350905,0.15346464613053443,-3.8277473555928974,miscanthus_sinensis_ssp_transmorrisonensis_6wks vs miscanthus_sinensis_15wks,TRUE
412,-3.773014187721813,20.668794703205712,-2.3119558144826065,0.031840355916949295,0.15346464613053443,-3.8282791996388466,miscanthus_sinensis_ssp_transmorrisonensis_6wks vs miscanthus_sinensis_15wks,TRUE
2395,-3.9429914262761088,20.834520467340976,-2.311368897460513,0.03187897403473383,0.15346464613053443,-3.8293416863482075,miscanthus_sinensis_ssp_transmorrisonensis_6wks vs miscanthus_sinensis_15wks,TRUE
201,-4.425525547747242,20.614538628364876,-2.3112160300641644,0.031889039542378386,0.15346464613053443,-3.8296183955356162,miscanthus_sinensis_ssp_transmorrisonensis_6wks vs miscanthus_sinensis_15wks,TRUE
124,-2.0684675559754595,24.145415033423436,-2.310932298673326,0.03190772953114819,0.15346464613053443,-3.830131958397041,miscanthus_sinensis_ssp_transmorrisonensis_6wks vs miscanthus_sinensis_15wks,TRUE
2975,2.3483302767279817,20.351583031126317,2.304158228811622,0.03235696690433941,0.15521721186530144,-3.8423829586519718,miscanthus_sinensis_ssp_transmorrisonensis_6wks vs miscanthus_sinensis_15wks,TRUE
11178,1.9207760499799882,17.311602821146693,2.303764151756191,0.03238327986697449,0.15521721186530144,-3.84309504387122,miscanthus_sinensis_ssp_transmorrisonensis_6wks vs miscanthus_sinensis_15wks,TRUE
10090,1.7320876636507627,17.224005321592717,2.3036820871700923,0.0323887618947385,0.15521721186530144,-3.8432433236404293,miscanthus_sinensis_ssp_transmorrisonensis_6wks vs miscanthus_sinensis_15wks,TRUE
9038,1.8690432951499325,17.112286331516682,2.3011262869666114,0.032559922222036616,0.155667180301914,-3.8478598575148397,miscanthus_sinensis_ssp_transmorrisonensis_6wks vs miscanthus_sinensis_15wks,TRUE
6887,1.9245852166020327,17.372276316699246,2.3011155179595173,0.03256064517838131,0.155667180301914,-3.8478793035635506,miscanthus_sinensis_ssp_transmorrisonensis_6wks vs miscanthus_sinensis_15wks,TRUE
10286,1.51583715464632,16.863063852142638,2.299899590526185,0.03264236942683762,0.15580172818389296,-3.8500746320828925,miscanthus_sinensis_ssp_transmorrisonensis_6wks vs miscanthus_sinensis_15wks,TRUE
3378,-2.2956072522355555,20.655217699694656,-2.299097123480973,0.03269640803145368,0.15580172818389296,-3.8515231168966544,miscanthus_sinensis_ssp_transmorrisonensis_6wks vs miscanthus_sinensis_15wks,TRUE
223,-5.828042040624716,22.37861620348469,-2.297476662569027,0.032805782534933485,0.15580172818389296,-3.8544472622626076,miscanthus_sinensis_ssp_transmorrisonensis_6wks vs miscanthus_sinensis_15wks,TRUE
6723,1.774234726427533,17.062567904359067,2.2972722436357635,0.03281960392919653,0.15580172818389296,-3.854816058322691,miscanthus_sinensis_ssp_transmorrisonensis_6wks vs miscanthus_sinensis_15wks,TRUE
1969,4.252468489632722,18.970166821468382,2.29715903370241,0.03282726071287778,0.15580172818389296,-3.855020294701644,miscanthus_sinensis_ssp_transmorrisonensis_6wks vs miscanthus_sinensis_15wks,TRUE
15538,1.4589794596161703,16.872877898890614,2.2971332030019895,0.03282900796434749,0.15580172818389296,-3.85506689379722,miscanthus_sinensis_ssp_transmorrisonensis_6wks vs miscanthus_sinensis_15wks,TRUE
12129,1.5214992773864964,17.236985111088483,2.2966458800192178,0.03286198775822592,0.15580172818389296,-3.8559459798536104,miscanthus_sinensis_ssp_transmorrisonensis_6wks vs miscanthus_sinensis_15wks,TRUE
9069,1.7920688333472974,17.0363089905685,2.2943487086893106,0.03301786178168778,0.1562264213346196,-3.8600884776896907,miscanthus_sinensis_ssp_transmorrisonensis_6wks vs miscanthus_sinensis_15wks,TRUE
5310,1.5147819090764578,17.169569526779277,2.2941726753079252,0.03302983457074623,0.1562264213346196,-3.860405824749036,miscanthus_sinensis_ssp_transmorrisonensis_6wks vs miscanthus_sinensis_15wks,TRUE
4962,2.0308775410151227,17.108389135723638,2.2935610904662576,0.03307146221853742,0.1562381978418951,-3.8615082645728838,miscanthus_sinensis_ssp_transmorrisonensis_6wks vs miscanthus_sinensis_15wks,TRUE
2227,2.581444609584903,18.327698937742507,2.2921975633843252,0.033164445200642295,0.15649227569853907,-3.8639655657601213,miscanthus_sinensis_ssp_transmorrisonensis_6wks vs miscanthus_sinensis_15wks,TRUE
10935,1.9026958837609023,17.22600120884745,2.2874944378014144,0.03348701805127794,0.15782783478241033,-3.8724351564871804,miscanthus_sinensis_ssp_transmorrisonensis_6wks vs miscanthus_sinensis_15wks,TRUE
17089,1.4846219045374554,17.221547075773696,2.2816671425779753,0.03389070483579973,0.15944569724334517,-3.8829157851428193,miscanthus_sinensis_ssp_transmorrisonensis_6wks vs miscanthus_sinensis_15wks,TRUE
3125,2.6229087199247267,17.597815323254032,2.2812038119302547,0.03392299378271972,0.15944569724334517,-3.8837484653091496,miscanthus_sinensis_ssp_transmorrisonensis_6wks vs miscanthus_sinensis_15wks,TRUE
6228,1.9918659487337038,17.15352414754584,2.2808150084585668,0.033950110885982814,0.15944569724334517,-3.884447135326255,miscanthus_sinensis_ssp_transmorrisonensis_6wks vs miscanthus_sinensis_15wks,TRUE
637,4.327932277958443,21.476782217418553,2.279302643967306,0.03405578075873368,0.15975402677892464,-3.8871641843763833,miscanthus_sinensis_ssp_transmorrisonensis_6wks vs miscanthus_sinensis_15wks,TRUE
788,-3.678353896394036,19.822857952942375,-2.2772683233904183,0.03419839782144792,0.1602347466000236,-3.890817370475911,miscanthus_sinensis_ssp_transmorrisonensis_6wks vs miscanthus_sinensis_15wks,TRUE
1549,2.733197245579337,18.244362508196925,2.2759492757457562,0.0342911640045889,0.160481039515028,-3.8931851119036587,miscanthus_sinensis_ssp_transmorrisonensis_6wks vs miscanthus_sinensis_15wks,TRUE
19468,1.3385623522435388,16.726025033181035,2.2737800805600843,0.0344442234079451,0.16100859466571057,-3.89707723251104,miscanthus_sinensis_ssp_transmorrisonensis_6wks vs miscanthus_sinensis_15wks,TRUE
4902,2.051136093229168,17.274253151037342,2.272570895245052,0.034529816826324715,0.16121991669086347,-3.8992459349320368,miscanthus_sinensis_ssp_transmorrisonensis_6wks vs miscanthus_sinensis_15wks,TRUE
4402,2.4023138898846916,17.304312893818125,2.2714765137894526,0.03460745246557886,0.16139363346097058,-3.9012081767680753,miscanthus_sinensis_ssp_transmorrisonensis_6wks vs miscanthus_sinensis_15wks,TRUE
2475,3.671201695597073,18.76127391451547,2.2702074012455533,0.034697684713314796,0.16162562120834617,-3.9034830504763938,miscanthus_sinensis_ssp_transmorrisonensis_6wks vs miscanthus_sinensis_15wks,TRUE
876,1.514165286264756,22.74588705205186,2.2680700908179126,0.034850134134204847,0.16178626846321867,-3.9073125494045713,miscanthus_sinensis_ssp_transmorrisonensis_6wks vs miscanthus_sinensis_15wks,TRUE
11574,1.8794819261168456,16.77720824027503,2.2680431771746363,0.03485205774523874,0.16178626846321867,-3.9073607586746935,miscanthus_sinensis_ssp_transmorrisonensis_6wks vs miscanthus_sinensis_15wks,TRUE
692,3.2915452264330476,21.88135151866814,2.2680194284455917,0.034853755230052116,0.16178626846321867,-3.9074032985010927,miscanthus_sinensis_ssp_transmorrisonensis_6wks vs miscanthus_sinensis_15wks,TRUE
2345,3.4663169280103183,18.27625083616702,2.265769988221687,0.035014883405975444,0.1622419908188243,-3.9114314657053613,miscanthus_sinensis_ssp_transmorrisonensis_6wks vs miscanthus_sinensis_15wks,TRUE
3675,2.244619459295677,17.281187871920956,2.265514666118335,0.035033215452361356,0.1622419908188243,-3.9118885397429914,miscanthus_sinensis_ssp_transmorrisonensis_6wks vs miscanthus_sinensis_15wks,TRUE
8964,1.7749092724325273,17.07455972220324,2.2623344833140404,0.03526229250374972,0.1629360232772072,-3.917579229096207,miscanthus_sinensis_ssp_transmorrisonensis_6wks vs miscanthus_sinensis_15wks,TRUE
193,2.902261947147487,22.720005608637546,2.2623010174176352,0.0352647104487743,0.1629360232772072,-3.917639089777904,miscanthus_sinensis_ssp_transmorrisonensis_6wks vs miscanthus_sinensis_15wks,TRUE
15256,1.400342069141825,16.778222330291175,2.2606059766721844,0.03538737846410827,0.16318393802932782,-3.920670368171212,miscanthus_sinensis_ssp_transmorrisonensis_6wks vs miscanthus_sinensis_15wks,TRUE
12607,1.6646194792473423,17.076293875887004,2.2603244433571694,0.03540779063503364,0.16318393802932782,-3.921173716305086,miscanthus_sinensis_ssp_transmorrisonensis_6wks vs miscanthus_sinensis_15wks,TRUE
18136,1.4527008585766836,16.870786486109477,2.259866716579384,0.035441000568994796,0.16318393802932782,-3.921992001952857,miscanthus_sinensis_ssp_transmorrisonensis_6wks vs miscanthus_sinensis_15wks,TRUE
10719,1.8889625428205612,17.43631270260242,2.256454798989613,0.03568945267172075,0.16412014354552146,-3.92808859497346,miscanthus_sinensis_ssp_transmorrisonensis_6wks vs miscanthus_sinensis_15wks,TRUE
15953,1.2045723631210379,17.368059585316523,2.2555719283728,0.03575400252904846,0.16412014354552146,-3.9296653068338836,miscanthus_sinensis_ssp_transmorrisonensis_6wks vs miscanthus_sinensis_15wks,TRUE
6363,1.7794620864195423,16.68955363056377,2.2553852286640987,0.035767666554259434,0.16412014354552146,-3.9299986877242086,miscanthus_sinensis_ssp_transmorrisonensis_6wks vs miscanthus_sinensis_15wks,TRUE
5452,2.6250942359137177,18.825742169272758,2.250991364127644,0.036090629603500755,0.16522627297103779,-3.9378400949922026,miscanthus_sinensis_ssp_transmorrisonensis_6wks vs miscanthus_sinensis_15wks,TRUE
591,-2.477461024245091,22.1457865485564,-2.250979428747663,0.03609151052874372,0.16522627297103779,-3.9378613833912834,miscanthus_sinensis_ssp_transmorrisonensis_6wks vs miscanthus_sinensis_15wks,TRUE
3078,2.129454077112662,17.307824691956384,2.2492271163264763,0.03622105953556055,0.16562940397016918,-3.9409861800823043,miscanthus_sinensis_ssp_transmorrisonensis_6wks vs miscanthus_sinensis_15wks,TRUE
4126,2.3166459008794114,17.59073530599298,2.248006984724552,0.03631151631419903,0.16585305849689075,-3.9431611542557587,miscanthus_sinensis_ssp_transmorrisonensis_6wks vs miscanthus_sinensis_15wks,TRUE
14664,1.386502067119391,16.84949482505214,2.2446697480030497,0.036559989360391426,0.16658278546506444,-3.9491065988145992,miscanthus_sinensis_ssp_transmorrisonensis_6wks vs miscanthus_sinensis_15wks,TRUE
13435,2.0780791173654727,17.459296053518703,2.2442101537794077,0.03659433034467979,0.16658278546506444,-3.9499249941482244,miscanthus_sinensis_ssp_transmorrisonensis_6wks vs miscanthus_sinensis_15wks,TRUE
14879,1.2592642169210109,17.034478417117576,2.2441815493781823,0.03659646865051641,0.16658278546506444,-3.949975926598735,miscanthus_sinensis_ssp_transmorrisonensis_6wks vs miscanthus_sinensis_15wks,TRUE
2813,-2.6978767471832477,19.397995336512246,-2.242923545658588,0.0366906235270005,0.166821149339164,-3.952215538561859,miscanthus_sinensis_ssp_transmorrisonensis_6wks vs miscanthus_sinensis_15wks,TRUE
2542,-3.293349280339058,19.136986789030583,-2.241599942111973,0.036789928195360734,0.16708235876664398,-3.95457116528835,miscanthus_sinensis_ssp_transmorrisonensis_6wks vs miscanthus_sinensis_15wks,TRUE
14270,1.3630804587955083,16.844605627803325,2.2380941519195994,0.03705414660961069,0.16809108325632485,-3.9608066144956666,miscanthus_sinensis_ssp_transmorrisonensis_6wks vs miscanthus_sinensis_15wks,TRUE
14883,1.2188117160548906,16.910318340403162,2.236452138022258,0.037178496805802944,0.16831917894319404,-3.9637252086558936,miscanthus_sinensis_ssp_transmorrisonensis_6wks vs miscanthus_sinensis_15wks,TRUE
11723,1.8972769448142728,17.121524727890563,2.2363168867475465,0.03718875646991411,0.16831917894319404,-3.963965556206825,miscanthus_sinensis_ssp_transmorrisonensis_6wks vs miscanthus_sinensis_15wks,TRUE
3755,1.7130572652243892,17.385080266622566,2.235561668240933,0.03724609231922383,0.16838776957909574,-3.9653074605051746,miscanthus_sinensis_ssp_transmorrisonensis_6wks vs miscanthus_sinensis_15wks,TRUE
8701,1.6853991435511695,17.16529758562552,2.2346383219585966,0.03731630251335537,0.16839690103988225,-3.9669477493129657,miscanthus_sinensis_ssp_transmorrisonensis_6wks vs miscanthus_sinensis_15wks,TRUE
9483,1.6321422541192696,17.091411618523242,2.2344258039515483,0.03733247931370135,0.16839690103988225,-3.9673252244409283,miscanthus_sinensis_ssp_transmorrisonensis_6wks vs miscanthus_sinensis_15wks,TRUE
14747,1.3819777792019963,16.871893567476043,2.2332676219733654,0.03742075282930007,0.16860456579522107,-3.9693820298064115,miscanthus_sinensis_ssp_transmorrisonensis_6wks vs miscanthus_sinensis_15wks,TRUE
8861,1.7070527271309963,17.201673339717658,2.232562627736421,0.03747457926706,0.16865673104183035,-3.9706337241554888,miscanthus_sinensis_ssp_transmorrisonensis_6wks vs miscanthus_sinensis_15wks,TRUE
9419,1.5427379749773813,16.977059975790805,2.2307657407064814,0.03761209314468622,0.1690849953080939,-3.9738230150165914,miscanthus_sinensis_ssp_transmorrisonensis_6wks vs miscanthus_sinensis_15wks,TRUE
10013,1.6916688426967283,17.262739029418757,2.229042099255758,0.03774443618563534,0.16927730871876395,-3.976880919327694,miscanthus_sinensis_ssp_transmorrisonensis_6wks vs miscanthus_sinensis_15wks,TRUE
10799,-2.003855331995288,17.764076341525282,-2.2285363883145175,0.03778334612795029,0.16927730871876395,-3.9777778415392695,miscanthus_sinensis_ssp_transmorrisonensis_6wks vs miscanthus_sinensis_15wks,TRUE
12642,1.3299342050921652,17.21530888890734,2.22811208877595,0.03781602055015401,0.16927730871876395,-3.9785302834783596,miscanthus_sinensis_ssp_transmorrisonensis_6wks vs miscanthus_sinensis_15wks,TRUE
11043,1.8514456585703556,17.042022397648548,2.2280021773517453,0.037824488821928216,0.16927730871876395,-3.978725184175701,miscanthus_sinensis_ssp_transmorrisonensis_6wks vs miscanthus_sinensis_15wks,TRUE
13261,1.9688439208573278,18.11194614712438,2.22449415447283,0.038095683757221194,0.16973553516626996,-3.984942893015319,miscanthus_sinensis_ssp_transmorrisonensis_6wks vs miscanthus_sinensis_15wks,TRUE
8314,1.839960549679276,17.266583831822924,2.2241545932063853,0.038122028593073926,0.16973553516626996,-3.985544441094914,miscanthus_sinensis_ssp_transmorrisonensis_6wks vs miscanthus_sinensis_15wks,TRUE
8962,1.4324400055847661,17.117507469871196,2.224009679739902,0.038133276774721274,0.16973553516626996,-3.9858011457493547,miscanthus_sinensis_ssp_transmorrisonensis_6wks vs miscanthus_sinensis_15wks,TRUE
7581,1.4202823088750627,17.03660631690516,2.2237457150992626,0.03815377352136224,0.16973553516626996,-3.9862687169887447,miscanthus_sinensis_ssp_transmorrisonensis_6wks vs miscanthus_sinensis_15wks,TRUE
5187,2.3078245603053027,17.189323582388365,2.223526089595026,0.03817083504433871,0.16973553516626996,-3.9866577241904895,miscanthus_sinensis_ssp_transmorrisonensis_6wks vs miscanthus_sinensis_15wks,TRUE
1962,3.6476688324244506,20.015955476361817,2.2233825244120102,0.03818199162808377,0.16973553516626996,-3.9869119991495943,miscanthus_sinensis_ssp_transmorrisonensis_6wks vs miscanthus_sinensis_15wks,TRUE
7910,1.6959693934909161,17.134643376670994,2.2224287458749443,0.03825618652459971,0.16987619199800005,-3.9886010406873393,miscanthus_sinensis_ssp_transmorrisonensis_6wks vs miscanthus_sinensis_15wks,TRUE
12324,1.5216820591100522,17.040318732882994,2.221816493648462,0.03830388350008284,0.16989900325814522,-3.9896850551663237,miscanthus_sinensis_ssp_transmorrisonensis_6wks vs miscanthus_sinensis_15wks,TRUE
666,-3.6282678235675796,19.950058897809715,-2.2212529233492906,0.03834783609359968,0.16990517390194218,-3.9906827245203957,miscanthus_sinensis_ssp_transmorrisonensis_6wks vs miscanthus_sinensis_15wks,TRUE
10387,1.2923252137713028,17.16237100473726,2.2199998635553557,0.038445727248633994,0.17015004786756863,-3.9929004511452693,miscanthus_sinensis_ssp_transmorrisonensis_6wks vs miscanthus_sinensis_15wks,TRUE
1169,3.1847082191511866,17.611713676262923,2.219155615112056,0.03851181035149354,0.17025376181967025,-3.9943942366781378,miscanthus_sinensis_ssp_transmorrisonensis_6wks vs miscanthus_sinensis_15wks,TRUE
7594,1.6322532038571538,17.000063316907884,2.2176372429015516,0.03863092196087838,0.17057137438379474,-3.9970799699575035,miscanthus_sinensis_ssp_transmorrisonensis_6wks vs miscanthus_sinensis_15wks,TRUE
13647,1.1777522012279356,17.113770825823572,2.2167917257267344,0.03869739629657698,0.17057137438379474,-3.9985750811929304,miscanthus_sinensis_ssp_transmorrisonensis_6wks vs miscanthus_sinensis_15wks,TRUE
14462,1.6226449708562605,17.00935529519676,2.2162584813681696,0.03873937366070239,0.17057137438379474,-3.9995178373245626,miscanthus_sinensis_ssp_transmorrisonensis_6wks vs miscanthus_sinensis_15wks,TRUE
23104,-1.437460662421719,16.89473430103564,-2.2160655923961183,0.03875456827808162,0.17057137438379474,-3.999858825569407,miscanthus_sinensis_ssp_transmorrisonensis_6wks vs miscanthus_sinensis_15wks,TRUE
2178,1.8472897016328176,19.736716836045392,2.214852171805779,0.038850279338123385,0.17080431180373187,-4.002003511715543,miscanthus_sinensis_ssp_transmorrisonensis_6wks vs miscanthus_sinensis_15wks,TRUE
245,1.5058835793158387,24.96699588716694,2.2136407818552817,0.038946046010278554,0.1709994775129256,-4.0041439314358644,miscanthus_sinensis_ssp_transmorrisonensis_6wks vs miscanthus_sinensis_15wks,TRUE
17071,1.3879388880519627,16.908644406086815,2.2131358989028453,0.03898602338587588,0.1709994775129256,-4.005035815350036,miscanthus_sinensis_ssp_transmorrisonensis_6wks vs miscanthus_sinensis_15wks,TRUE
16605,1.2952403508477772,17.19106550554907,2.212667097956748,0.03902317735828538,0.1709994775129256,-4.005863854430437,miscanthus_sinensis_ssp_transmorrisonensis_6wks vs miscanthus_sinensis_15wks,TRUE
5070,1.3944870600504977,16.80980651509285,2.2107145332861844,0.03917827314131715,0.17142139789023703,-4.009311560313716,miscanthus_sinensis_ssp_transmorrisonensis_6wks vs miscanthus_sinensis_15wks,TRUE
1604,3.788332288393498,19.12709007025835,2.2098677057983096,0.0392457133901581,0.17142139789023703,-4.010806282566968,miscanthus_sinensis_ssp_transmorrisonensis_6wks vs miscanthus_sinensis_15wks,TRUE
13609,1.6620203521826618,16.606148823761316,2.2098354287859245,0.03924828598989896,0.17142139789023703,-4.010863247662874,miscanthus_sinensis_ssp_transmorrisonensis_6wks vs miscanthus_sinensis_15wks,TRUE
913,3.5362001472823366,17.46550464197798,2.2084452466826368,0.03935923528650043,0.17151830382633312,-4.01331629628644,miscanthus_sinensis_ssp_transmorrisonensis_6wks vs miscanthus_sinensis_15wks,TRUE
1088,3.2922338443917063,17.464884788417226,2.207994956924125,0.039395234016233426,0.17151830382633312,-4.014110664042622,miscanthus_sinensis_ssp_transmorrisonensis_6wks vs miscanthus_sinensis_15wks,TRUE
3548,1.3775275977531791,20.86218171721821,2.207943247471498,0.03939936989197081,0.17151830382633312,-4.014201880004549,miscanthus_sinensis_ssp_transmorrisonensis_6wks vs miscanthus_sinensis_15wks,TRUE
10193,1.5591155692333452,17.21314366882162,2.2066495060633686,0.0395029765418514,0.17163926210268537,-4.01648364854039,miscanthus_sinensis_ssp_transmorrisonensis_6wks vs miscanthus_sinensis_15wks,TRUE
2898,2.620539778888631,17.352298063535656,2.2063818831061215,0.03952443966375765,0.17163926210268537,-4.0169555575898785,miscanthus_sinensis_ssp_transmorrisonensis_6wks vs miscanthus_sinensis_15wks,TRUE
325,1.1767170419498143,24.244963260373016,2.205986823697141,0.03955614256875514,0.17163926210268537,-4.017652119113352,miscanthus_sinensis_ssp_transmorrisonensis_6wks vs miscanthus_sinensis_15wks,TRUE
7757,1.4339851066130898,17.07297381695978,2.2045596455098697,0.039670865264571524,0.17195015649964118,-4.020167889907445,miscanthus_sinensis_ssp_transmorrisonensis_6wks vs miscanthus_sinensis_15wks,TRUE
2077,3.734167882624213,19.7087068070837,2.203287685149978,0.039773367223549745,0.17220746416096594,-4.022409251597649,miscanthus_sinensis_ssp_transmorrisonensis_6wks vs miscanthus_sinensis_15wks,TRUE
4216,1.95420722169305,17.383399074835044,2.2005802552430764,0.03999235438557516,0.17267923282027536,-4.027177593695977,miscanthus_sinensis_ssp_transmorrisonensis_6wks vs miscanthus_sinensis_15wks,TRUE
478,5.263619363298254,20.600111121350942,2.20013059384231,0.04002883124489672,0.17267923282027536,-4.027969209549602,miscanthus_sinensis_ssp_transmorrisonensis_6wks vs miscanthus_sinensis_15wks,TRUE
13977,1.533305332077525,17.618523796306498,2.19990106647101,0.04004746239288633,0.17267923282027536,-4.028373249500971,miscanthus_sinensis_ssp_transmorrisonensis_6wks vs miscanthus_sinensis_15wks,TRUE
966,3.0791659840857264,21.241443527315468,2.199803885875057,0.04005535310410195,0.17267923282027536,-4.028544310340044,miscanthus_sinensis_ssp_transmorrisonensis_6wks vs miscanthus_sinensis_15wks,TRUE
17277,1.3244077216523777,16.99214362124058,2.197806855894829,0.04021781963863682,0.17308013156508711,-4.032058580224884,miscanthus_sinensis_ssp_transmorrisonensis_6wks vs miscanthus_sinensis_15wks,TRUE
2607,-3.210987578505769,19.011247926158546,-2.1975953632757323,0.04023506064438899,0.17308013156508711,-4.032430644989521,miscanthus_sinensis_ssp_transmorrisonensis_6wks vs miscanthus_sinensis_15wks,TRUE
2459,-3.1238866543492776,19.19279658808579,-2.196590280706076,0.040317087933647466,0.17324630250927953,-4.034198533737584,miscanthus_sinensis_ssp_transmorrisonensis_6wks vs miscanthus_sinensis_15wks,TRUE
4661,2.6128785341207497,17.11055839165215,2.1954962713082202,0.040406546417938005,0.17344401430151452,-4.036122303673637,miscanthus_sinensis_ssp_transmorrisonensis_6wks vs miscanthus_sinensis_15wks,TRUE
502,-3.4294671485750996,19.13570254746837,-2.194810672190276,0.04046270109362274,0.17345643715788128,-4.03732761589345,miscanthus_sinensis_ssp_transmorrisonensis_6wks vs miscanthus_sinensis_15wks,TRUE
11229,1.7383107487020872,16.97164724380947,2.194400355979364,0.040496342542872085,0.17345643715788128,-4.038048863942379,miscanthus_sinensis_ssp_transmorrisonensis_6wks vs miscanthus_sinensis_15wks,TRUE
4242,2.514691787032735,17.91283374355733,2.1919124971283264,0.0407008674989198,0.17392685461584487,-4.042420299068201,miscanthus_sinensis_ssp_transmorrisonensis_6wks vs miscanthus_sinensis_15wks,TRUE
8686,1.380347094270153,16.8478119337507,2.1915298054762586,0.04073241187332739,0.17392685461584487,-4.043092471998687,miscanthus_sinensis_ssp_transmorrisonensis_6wks vs miscanthus_sinensis_15wks,TRUE
4399,1.4707204775474487,17.12361568888642,2.19147566899599,0.04073687601849072,0.17392685461584487,-4.043187553651108,miscanthus_sinensis_ssp_transmorrisonensis_6wks vs miscanthus_sinensis_15wks,TRUE
8706,2.65522323748149,18.447600331798302,2.1907742270850914,0.04079475799324104,0.17398789947544682,-4.044419394480901,miscanthus_sinensis_ssp_transmorrisonensis_6wks vs miscanthus_sinensis_15wks,TRUE
8699,1.7100978681937384,16.863294229725476,2.188940774559584,0.04094640672921392,0.17444829846640553,-4.047638130907086,miscanthus_sinensis_ssp_transmorrisonensis_6wks vs miscanthus_sinensis_15wks,TRUE
17963,1.0490902469545418,17.11853543843998,2.1870225739744993,0.041105615937955024,0.17493989213679795,-4.051003957041329,miscanthus_sinensis_ssp_transmorrisonensis_6wks vs miscanthus_sinensis_15wks,TRUE
4135,2.6653996849780874,18.509970819162568,2.1863536083029316,0.04116127235521638,0.17499020153570158,-4.0521773699867385,miscanthus_sinensis_ssp_transmorrisonensis_6wks vs miscanthus_sinensis_15wks,TRUE
19069,1.3290282244410179,16.785719377007677,2.1848929272437965,0.041283036824629596,0.17518312902545058,-4.054738775271848,miscanthus_sinensis_ssp_transmorrisonensis_6wks vs miscanthus_sinensis_15wks,TRUE
14869,1.298224947773825,16.74799998160246,2.1843827791909525,0.041325640896736175,0.17518312902545058,-4.055633118352995,miscanthus_sinensis_ssp_transmorrisonensis_6wks vs miscanthus_sinensis_15wks,TRUE
12546,1.5199409860835047,17.28674601012042,2.1842312477465704,0.04133830349247857,0.17518312902545058,-4.055898745250634,miscanthus_sinensis_ssp_transmorrisonensis_6wks vs miscanthus_sinensis_15wks,TRUE
203,-6.320993671226351,22.197569980125188,-2.182517239519124,0.04148177985741387,0.17560473509098215,-4.058902560328892,miscanthus_sinensis_ssp_transmorrisonensis_6wks vs miscanthus_sinensis_15wks,TRUE
4992,1.8679958571413913,17.158857120963994,2.181166378126905,0.041595177898762596,0.17576362193070802,-4.061268980266689,miscanthus_sinensis_ssp_transmorrisonensis_6wks vs miscanthus_sinensis_15wks,TRUE
11363,1.6411528836453897,16.88285202459989,2.1810213340292015,0.04160737042197371,0.17576362193070802,-4.0615230152323845,miscanthus_sinensis_ssp_transmorrisonensis_6wks vs miscanthus_sinensis_15wks,TRUE
10472,1.6965962569989586,17.132104062753626,2.1802269978092683,0.04167420080181022,0.1758598410156727,-4.062914065296753,miscanthus_sinensis_ssp_transmorrisonensis_6wks vs miscanthus_sinensis_15wks,TRUE
5064,1.5218752569378715,16.973474060698557,2.1793976486201645,0.04174408142671213,0.1758656611075837,-4.064366112132309,miscanthus_sinensis_ssp_transmorrisonensis_6wks vs miscanthus_sinensis_15wks,TRUE
12791,1.4270802667980576,17.738746842875205,2.1791651710755398,0.04176368906061858,0.1758656611075837,-4.064773081684484,miscanthus_sinensis_ssp_transmorrisonensis_6wks vs miscanthus_sinensis_15wks,TRUE
8802,1.9273359909907057,18.570903216494365,2.178608115409921,0.041810706465533636,0.1758781245631299,-4.065748145774361,miscanthus_sinensis_ssp_transmorrisonensis_6wks vs miscanthus_sinensis_15wks,TRUE
7196,2.483496149053259,18.426239592317625,2.1775233052877803,0.04190240672794812,0.1760783238504936,-4.067646563883125,miscanthus_sinensis_ssp_transmorrisonensis_6wks vs miscanthus_sinensis_15wks,TRUE
533,3.717963378021185,21.548297389447562,2.175998949421333,0.042031572257943205,0.17643536956226,-4.070313245143769,miscanthus_sinensis_ssp_transmorrisonensis_6wks vs miscanthus_sinensis_15wks,TRUE
13894,1.2346145277326173,16.823632901737277,2.1737258459475064,0.04222485695293766,0.17676649426869503,-4.07428772532562,miscanthus_sinensis_ssp_transmorrisonensis_6wks vs miscanthus_sinensis_15wks,TRUE
4080,2.719053478330494,19.513321957375677,2.1735766051975864,0.042237575374274854,0.17676649426869503,-4.0745485842628,miscanthus_sinensis_ssp_transmorrisonensis_6wks vs miscanthus_sinensis_15wks,TRUE
6688,2.1142361914012326,17.237691093759434,2.173183490381434,0.0422710936636014,0.17676649426869503,-4.075235661724804,miscanthus_sinensis_ssp_transmorrisonensis_6wks vs miscanthus_sinensis_15wks,TRUE
9183,1.9408645846254693,17.22503079983818,2.1729902876990232,0.04228757565796687,0.17676649426869503,-4.075573310230302,miscanthus_sinensis_ssp_transmorrisonensis_6wks vs miscanthus_sinensis_15wks,TRUE
5782,2.7958078322704765,18.56550654045569,2.1711869835536906,0.04244169709227148,0.17722516191668175,-4.0787239787924365,miscanthus_sinensis_ssp_transmorrisonensis_6wks vs miscanthus_sinensis_15wks,TRUE
12186,1.7491814412066908,17.092081899277925,2.1692715882299227,0.04260595902705884,0.1777251707795391,-4.08206879450859,miscanthus_sinensis_ssp_transmorrisonensis_6wks vs miscanthus_sinensis_15wks,TRUE
15607,1.2147326097733533,17.048005408425094,2.1685529147668836,0.04266774088338666,0.17779709979799535,-4.0833233484584746,miscanthus_sinensis_ssp_transmorrisonensis_6wks vs miscanthus_sinensis_15wks,TRUE
14716,1.4572128171461038,16.744857358673297,2.1670856352515906,0.04279413131142695,0.17805846219761268,-4.085883943657144,miscanthus_sinensis_ssp_transmorrisonensis_6wks vs miscanthus_sinensis_15wks,TRUE
16221,1.2351549303077611,17.10356946839102,2.1658162625118447,0.042903749254122964,0.17805846219761268,-4.088098336797936,miscanthus_sinensis_ssp_transmorrisonensis_6wks vs miscanthus_sinensis_15wks,TRUE
824,-1.9500379593037138,22.55062014850722,-2.1654898698979084,0.04293197651938313,0.17805846219761268,-4.088667597263743,miscanthus_sinensis_ssp_transmorrisonensis_6wks vs miscanthus_sinensis_15wks,TRUE
3045,1.844452173790799,17.495277531346712,2.165135515127745,0.04296264117362585,0.17805846219761268,-4.089285568830927,miscanthus_sinensis_ssp_transmorrisonensis_6wks vs miscanthus_sinensis_15wks,TRUE
8992,2.088415999002219,18.085764086237493,2.1645163242281242,0.043016271732081085,0.17805846219761268,-4.090365253274367,miscanthus_sinensis_ssp_transmorrisonensis_6wks vs miscanthus_sinensis_15wks,TRUE
8215,1.9793104957045742,17.21339631017471,2.164342808477557,0.043031311546905614,0.17805846219761268,-4.090667780171877,miscanthus_sinensis_ssp_transmorrisonensis_6wks vs miscanthus_sinensis_15wks,TRUE
1809,3.533055006609647,18.95667273589926,2.164211578000131,0.04304268938394194,0.17805846219761268,-4.090896572602866,miscanthus_sinensis_ssp_transmorrisonensis_6wks vs miscanthus_sinensis_15wks,TRUE
19014,1.2306963552744925,16.781196722372908,2.162490120118259,0.04319219571260712,0.17849197234443853,-4.093897067943036,miscanthus_sinensis_ssp_transmorrisonensis_6wks vs miscanthus_sinensis_15wks,TRUE
2935,1.2603448530192374,17.116511231135238,2.1597779935366215,0.04342869982673804,0.1791620583152843,-4.098621416663141,miscanthus_sinensis_ssp_transmorrisonensis_6wks vs miscanthus_sinensis_15wks,TRUE
11307,1.428106440930332,16.933079889610976,2.159301946022412,0.04347033376038009,0.1791620583152843,-4.099450296791576,miscanthus_sinensis_ssp_transmorrisonensis_6wks vs miscanthus_sinensis_15wks,TRUE
3627,1.5032901925922282,17.416009494852666,2.159088801768994,0.04348898660007778,0.1791620583152843,-4.0998213821471765,miscanthus_sinensis_ssp_transmorrisonensis_6wks vs miscanthus_sinensis_15wks,TRUE
10976,1.7294179816831488,17.03511512955956,2.1562016801124635,0.0437423652094303,0.18002012568664508,-4.10484572839221,miscanthus_sinensis_ssp_transmorrisonensis_6wks vs miscanthus_sinensis_15wks,TRUE
13986,1.531647945043023,16.976468208646295,2.1548297844308015,0.043863235266929486,0.18033165312624358,-4.107231781169644,miscanthus_sinensis_ssp_transmorrisonensis_6wks vs miscanthus_sinensis_15wks,TRUE
10430,1.3001264921987854,17.097398457038047,2.1533570964144206,0.04399332369156582,0.18062914541051986,-4.109792127626195,miscanthus_sinensis_ssp_transmorrisonensis_6wks vs miscanthus_sinensis_15wks,TRUE
10378,1.790454569693452,16.906155791237364,2.152609083880546,0.044059532951423425,0.18062914541051986,-4.111092187114066,miscanthus_sinensis_ssp_transmorrisonensis_6wks vs miscanthus_sinensis_15wks,TRUE
405,-2.2193011090565413,23.28435187839664,-2.1524758034606553,0.04407133958663486,0.18062914541051986,-4.111323802619046,miscanthus_sinensis_ssp_transmorrisonensis_6wks vs miscanthus_sinensis_15wks,TRUE
280,-3.0580507491595696,20.3466307842775,-2.1501643938890975,0.044276553843858805,0.18128410558429164,-4.115339221120275,miscanthus_sinensis_ssp_transmorrisonensis_6wks vs miscanthus_sinensis_15wks,TRUE
8745,1.5502621106414871,17.279759886806794,2.1485115112715145,0.04442383447269312,0.18154948889845005,-4.118209054051334,miscanthus_sinensis_ssp_transmorrisonensis_6wks vs miscanthus_sinensis_15wks,TRUE
1359,4.183179641414732,19.986444980372955,2.1483793282525108,0.04443563189732033,0.18154948889845005,-4.118438501042505,miscanthus_sinensis_ssp_transmorrisonensis_6wks vs miscanthus_sinensis_15wks,TRUE
6574,1.7127120989916271,17.22960836795231,2.1479070576219095,0.04447780564696497,0.18154948889845005,-4.119258212633441,miscanthus_sinensis_ssp_transmorrisonensis_6wks vs miscanthus_sinensis_15wks,TRUE
11586,1.6392739608775457,18.42309829887023,2.147029187255848,0.04455629614315583,0.18168410030998783,-4.120781629707101,miscanthus_sinensis_ssp_transmorrisonensis_6wks vs miscanthus_sinensis_15wks,TRUE
145,-4.314180070732068,21.54905141911808,-2.142500054460449,0.044963250568883936,0.1829480780610454,-4.1286353541843965,miscanthus_sinensis_ssp_transmorrisonensis_6wks vs miscanthus_sinensis_15wks,TRUE
11743,1.2709337800587157,16.97482552403498,2.142291712643625,0.04498205163292051,0.1829480780610454,-4.128996389134298,miscanthus_sinensis_ssp_transmorrisonensis_6wks vs miscanthus_sinensis_15wks,TRUE
2289,-3.7135009311750515,20.089607747816327,-2.1419086972439656,0.04501663412945898,0.1829480780610454,-4.129660060457553,miscanthus_sinensis_ssp_transmorrisonensis_6wks vs miscanthus_sinensis_15wks,TRUE
12453,1.5143555764744256,16.865806897013385,2.1410722762833085,0.04509223864875038,0.1829480780610454,-4.131109124208072,miscanthus_sinensis_ssp_transmorrisonensis_6wks vs miscanthus_sinensis_15wks,TRUE
16592,1.3050410341389451,17.14109178493543,2.140387172030734,0.04515425149676986,0.1829480780610454,-4.132295784930575,miscanthus_sinensis_ssp_transmorrisonensis_6wks vs miscanthus_sinensis_15wks,TRUE
6565,2.120183308293118,17.74379730128257,2.1398772456406627,0.04520045823991161,0.1829480780610454,-4.133178874087674,miscanthus_sinensis_ssp_transmorrisonensis_6wks vs miscanthus_sinensis_15wks,TRUE
14704,1.4995107800434084,16.95040458359722,2.139718755111917,0.045214828532988784,0.1829480780610454,-4.133453321801933,miscanthus_sinensis_ssp_transmorrisonensis_6wks vs miscanthus_sinensis_15wks,TRUE
14254,1.2047539291411695,16.714135910834298,2.139096986242694,0.045271244231989805,0.1829480780610454,-4.134529880411546,miscanthus_sinensis_ssp_transmorrisonensis_6wks vs miscanthus_sinensis_15wks,TRUE
3401,1.3631032703420267,17.343206933778298,2.1390145067218636,0.04527873274657136,0.1829480780610454,-4.134672675035948,miscanthus_sinensis_ssp_transmorrisonensis_6wks vs miscanthus_sinensis_15wks,TRUE
2004,2.0486482533018453,21.727685783553355,2.1383016612414605,0.04534350060515848,0.18302452418179235,-4.135906667693309,miscanthus_sinensis_ssp_transmorrisonensis_6wks vs miscanthus_sinensis_15wks,TRUE
20592,1.1591097363924163,16.731165404567744,2.1376391626160984,0.04540376946806531,0.18308267446112803,-4.137053284099409,miscanthus_sinensis_ssp_transmorrisonensis_6wks vs miscanthus_sinensis_15wks,TRUE
2146,-4.049024969383929,20.76660577748674,-2.1337294626001886,0.04576092674432278,0.18399225630033522,-4.1438156222024105,miscanthus_sinensis_ssp_transmorrisonensis_6wks vs miscanthus_sinensis_15wks,TRUE
8194,1.6090654268896465,17.126983547292735,2.133277042909514,0.045802420232756005,0.18399225630033522,-4.144597659726986,miscanthus_sinensis_ssp_transmorrisonensis_6wks vs miscanthus_sinensis_15wks,TRUE
20475,1.0824991947623666,16.885438908223218,2.1332683446248373,0.04580321832693904,0.18399225630033522,-4.144612694310826,miscanthus_sinensis_ssp_transmorrisonensis_6wks vs miscanthus_sinensis_15wks,TRUE
13843,1.3735105927940907,16.986224939678056,2.133154085781736,0.045813703096826953,0.18399225630033522,-4.144810182018661,miscanthus_sinensis_ssp_transmorrisonensis_6wks vs miscanthus_sinensis_15wks,TRUE
11452,1.750053435733033,17.315943579798095,2.132517261535796,0.04587218011927735,0.18404195280015598,-4.145910767355552,miscanthus_sinensis_ssp_transmorrisonensis_6wks vs miscanthus_sinensis_15wks,TRUE
3961,2.549620850139494,20.03984556193993,2.1319199697417237,0.04592708859895099,0.1840772466737072,-4.146942850951007,miscanthus_sinensis_ssp_transmorrisonensis_6wks vs miscanthus_sinensis_15wks,TRUE
1833,-3.9966322365105746,20.77883585586634,-2.130670919144197,0.046042105512638036,0.18435314464037214,-4.149100569810107,miscanthus_sinensis_ssp_transmorrisonensis_6wks vs miscanthus_sinensis_15wks,TRUE
17942,1.5797112470651804,16.80026215651932,2.1263153101773096,0.04644523296666232,0.18570119328927923,-4.156618849826911,miscanthus_sinensis_ssp_transmorrisonensis_6wks vs miscanthus_sinensis_15wks,TRUE
2639,3.4965121410055424,19.48504672261403,2.125055310278684,0.046562446181160594,0.18570119328927923,-4.158792018392874,miscanthus_sinensis_ssp_transmorrisonensis_6wks vs miscanthus_sinensis_15wks,TRUE
20535,1.2491496924104304,16.770718122303357,2.12504377823809,0.04656352020292542,0.18570119328927923,-4.158811904529644,miscanthus_sinensis_ssp_transmorrisonensis_6wks vs miscanthus_sinensis_15wks,TRUE
571,-3.727200030800038,19.68924429870491,-2.125029464483503,0.04656485332729672,0.18570119328927923,-4.1588365874321145,miscanthus_sinensis_ssp_transmorrisonensis_6wks vs miscanthus_sinensis_15wks,TRUE
14118,1.5730758854583442,17.556666372467973,2.123149334775793,0.04674026207503511,0.18599597292715206,-4.16207784233792,miscanthus_sinensis_ssp_transmorrisonensis_6wks vs miscanthus_sinensis_15wks,TRUE
8736,2.255003919451191,17.748659734485212,2.1231055069365286,0.04674435817824853,0.18599597292715206,-4.162153378730123,miscanthus_sinensis_ssp_transmorrisonensis_6wks vs miscanthus_sinensis_15wks,TRUE
18624,1.3116033771706022,16.83257815647884,2.1227398337183443,0.046778546297309785,0.18599597292715206,-4.162783572265447,miscanthus_sinensis_ssp_transmorrisonensis_6wks vs miscanthus_sinensis_15wks,TRUE
531,-3.9420484599160837,20.531910903462357,-2.1217052454974166,0.04687539656473175,0.1861956050611036,-4.164566203316621,miscanthus_sinensis_ssp_transmorrisonensis_6wks vs miscanthus_sinensis_15wks,TRUE
802,-4.8696498795092005,21.206400255519636,-2.120904034813826,0.046950524675969274,0.18630864265056596,-4.165946354679386,miscanthus_sinensis_ssp_transmorrisonensis_6wks vs miscanthus_sinensis_15wks,TRUE
4885,2.45410343367886,17.341840417740173,2.119807438786838,0.047053527491880826,0.18653195804129916,-4.167834818829545,miscanthus_sinensis_ssp_transmorrisonensis_6wks vs miscanthus_sinensis_15wks,TRUE
11215,1.9566843127198403,17.256211203902136,2.118322914882863,0.04719329455542562,0.18658619442842853,-4.17039039442254,miscanthus_sinensis_ssp_transmorrisonensis_6wks vs miscanthus_sinensis_15wks,TRUE
17110,1.3686006998368576,17.141459361918155,2.1182435582960406,0.04720077651591283,0.18658619442842853,-4.1705269744384275,miscanthus_sinensis_ssp_transmorrisonensis_6wks vs miscanthus_sinensis_15wks,TRUE
6656,1.8471849294001785,17.59680891797268,2.1181730095517968,0.04720742895108036,0.18658619442842853,-4.170648392733289,miscanthus_sinensis_ssp_transmorrisonensis_6wks vs miscanthus_sinensis_15wks,TRUE
19595,1.2175807580029137,17.175592358696086,2.117114428177126,0.047307350584521894,0.18679618549298854,-4.172469974776275,miscanthus_sinensis_ssp_transmorrisonensis_6wks vs miscanthus_sinensis_15wks,TRUE
10046,1.284014465443608,16.826583475772257,2.1140744355223027,0.04759536798671625,0.18774773616894394,-4.177698043751253,miscanthus_sinensis_ssp_transmorrisonensis_6wks vs miscanthus_sinensis_15wks,TRUE
6965,1.9760448356680982,18.04401725533767,2.112766423315695,0.04771978079083251,0.18797383972237533,-4.179946108395656,miscanthus_sinensis_ssp_transmorrisonensis_6wks vs miscanthus_sinensis_15wks,TRUE
16794,1.4707376525236455,16.858816864002915,2.112093529764056,0.04778389837076814,0.18797383972237533,-4.1811022721451705,miscanthus_sinensis_ssp_transmorrisonensis_6wks vs miscanthus_sinensis_15wks,TRUE
1627,2.2945785613145944,18.53847595917722,2.1119881181206273,0.047793949729010764,0.18797383972237533,-4.181283369791798,miscanthus_sinensis_ssp_transmorrisonensis_6wks vs miscanthus_sinensis_15wks,TRUE
4279,2.63362088697194,19.088201530448988,2.1105947933813747,0.04792698802336019,0.18831155136737587,-4.183676589747385,miscanthus_sinensis_ssp_transmorrisonensis_6wks vs miscanthus_sinensis_15wks,TRUE
14496,1.4664881090227162,16.917731844460462,2.1090373790507195,0.04807609085943084,0.18859951060586516,-4.18635051501226,miscanthus_sinensis_ssp_transmorrisonensis_6wks vs miscanthus_sinensis_15wks,TRUE
12351,1.4051790367787405,16.989690707385165,2.108621998846699,0.04811592917290167,0.18859951060586516,-4.187063477950838,miscanthus_sinensis_ssp_transmorrisonensis_6wks vs miscanthus_sinensis_15wks,TRUE
9613,1.8759904338896867,17.171936481657475,2.1082576041941627,0.04815090216787251,0.18859951060586516,-4.187688858155555,miscanthus_sinensis_ssp_transmorrisonensis_6wks vs miscanthus_sinensis_15wks,TRUE
2990,-3.3104049882685374,19.558496407857,-2.10785828271741,0.048189253711919455,0.18859951060586516,-4.188374104568439,miscanthus_sinensis_ssp_transmorrisonensis_6wks vs miscanthus_sinensis_15wks,TRUE
15984,1.3501780786786206,16.980334307761087,2.1062903247266234,0.0483401107848641,0.18900462512554114,-4.191063995713933,miscanthus_sinensis_ssp_transmorrisonensis_6wks vs miscanthus_sinensis_15wks,TRUE
620,1.649553172220532,22.537678858776324,2.105221493377313,0.04844319053274658,0.18922232544689271,-4.192896914986104,miscanthus_sinensis_ssp_transmorrisonensis_6wks vs miscanthus_sinensis_15wks,TRUE
1805,2.7930584511633896,17.544551139051144,2.104102585506898,0.04855131282555712,0.18945927741898733,-4.194815099942279,miscanthus_sinensis_ssp_transmorrisonensis_6wks vs miscanthus_sinensis_15wks,TRUE
17268,1.169491032199005,16.9345466225073,2.1008133634254285,0.04887042253237257,0.1905182878410462,-4.200450319029687,miscanthus_sinensis_ssp_transmorrisonensis_6wks vs miscanthus_sinensis_15wks,TRUE
14872,1.3347589397934243,16.75158874727746,2.0992595302185433,0.04902182925538038,0.19082091089793138,-4.2031105255898495,miscanthus_sinensis_ssp_transmorrisonensis_6wks vs miscanthus_sinensis_15wks,TRUE
9614,1.6452328108198913,17.309233933990196,2.0990359399584575,0.04904365094721383,0.19082091089793138,-4.2034932191185455,miscanthus_sinensis_ssp_transmorrisonensis_6wks vs miscanthus_sinensis_15wks,TRUE
3998,1.6319284639843872,16.863003276940738,2.096946165366687,0.0492480313893212,0.1914295436282086,-4.207068834490754,miscanthus_sinensis_ssp_transmorrisonensis_6wks vs miscanthus_sinensis_15wks,TRUE
1663,-3.806775853434896,20.698549871137583,-2.0957827671802263,0.04936214541931801,0.19168646353493918,-4.209058467273521,miscanthus_sinensis_ssp_transmorrisonensis_6wks vs miscanthus_sinensis_15wks,TRUE
2194,2.305132510434742,20.783411661617386,2.0944831497674685,0.04948990339173347,0.19199581568493682,-4.211280258592004,miscanthus_sinensis_ssp_transmorrisonensis_6wks vs miscanthus_sinensis_15wks,TRUE
16558,1.3751428745141716,17.574724845568518,2.0922829382665307,0.04970687511961356,0.19219925858749637,-4.215039749459883,miscanthus_sinensis_ssp_transmorrisonensis_6wks vs miscanthus_sinensis_15wks,TRUE
2230,1.374793891401481,21.948319663004437,2.0922139448499593,0.04971369271899918,0.19219925858749637,-4.215157598866173,miscanthus_sinensis_ssp_transmorrisonensis_6wks vs miscanthus_sinensis_15wks,TRUE
12014,1.6878548909185014,17.009979340842197,2.092102987106649,0.04972465880475018,0.19219925858749637,-4.215347123587563,miscanthus_sinensis_ssp_transmorrisonensis_6wks vs miscanthus_sinensis_15wks,TRUE
9743,1.3041479765265827,16.673351731711385,2.091573597315695,0.049777009128366426,0.19219925858749637,-4.216251278607639,miscanthus_sinensis_ssp_transmorrisonensis_6wks vs miscanthus_sinensis_15wks,TRUE
16099,1.4293045077592268,16.674026459538325,2.0915122941648923,0.04978307449385552,0.19219925858749637,-4.216355970338616,miscanthus_sinensis_ssp_transmorrisonensis_6wks vs miscanthus_sinensis_15wks,TRUE
9214,1.4664273760749893,16.790405600483986,2.0891123964156217,0.05002104706339439,0.19293142017108253,-4.220452960128849,miscanthus_sinensis_ssp_transmorrisonensis_6wks vs miscanthus_sinensis_15wks,FALSE
7162,1.412885026068956,17.3512331138504,2.088182144189862,0.050113566420628475,0.19310169609184252,-4.222040262191974,miscanthus_sinensis_ssp_transmorrisonensis_6wks vs miscanthus_sinensis_15wks,FALSE
672,2.983692129546615,23.110098233521448,2.0872137132171815,0.05021004708902439,0.1931837115317985,-4.223692245928103,miscanthus_sinensis_ssp_transmorrisonensis_6wks vs miscanthus_sinensis_15wks,FALSE
634,4.381360375868194,21.054210067864997,2.086997239107719,0.050231636415332376,0.1931837115317985,-4.224061450452585,miscanthus_sinensis_ssp_transmorrisonensis_6wks vs miscanthus_sinensis_15wks,FALSE
6194,1.5910042684275858,17.25594145111108,2.0857772817224887,0.05035346165089852,0.19346585073184494,-4.226141690531765,miscanthus_sinensis_ssp_transmorrisonensis_6wks vs miscanthus_sinensis_15wks,FALSE
10902,1.8696739420682462,16.905823545489138,2.08279951337439,0.050651943493588675,0.19442553694846731,-4.231216149350945,miscanthus_sinensis_ssp_transmorrisonensis_6wks vs miscanthus_sinensis_15wks,FALSE
16709,1.2518353560449782,16.78104661549489,2.0806781669454075,0.0508655536630373,0.194900745127046,-4.234828432455648,miscanthus_sinensis_ssp_transmorrisonensis_6wks vs miscanthus_sinensis_15wks,FALSE
13854,1.4276669315574892,16.795303622991348,2.0803362046886265,0.05090006374193995,0.194900745127046,-4.235410521348723,miscanthus_sinensis_ssp_transmorrisonensis_6wks vs miscanthus_sinensis_15wks,FALSE
4096,-3.1098945758322074,19.503173704211786,-2.0798345123680924,0.05095073166966285,0.194900745127046,-4.236264395901224,miscanthus_sinensis_ssp_transmorrisonensis_6wks vs miscanthus_sinensis_15wks,FALSE
15709,1.2537615158937818,17.029754984637815,2.0796335884088077,0.050971036551261534,0.194900745127046,-4.2366063304022354,miscanthus_sinensis_ssp_transmorrisonensis_6wks vs miscanthus_sinensis_15wks,FALSE
962,3.81988577590991,20.328237588551122,2.077273754234332,0.051210062699817795,0.19562733999777288,-4.240620788998953,miscanthus_sinensis_ssp_transmorrisonensis_6wks vs miscanthus_sinensis_15wks,FALSE
4730,1.696930851003625,16.945779520287278,2.0734268006152137,0.05160188686188426,0.19679425430435163,-4.2471590158721115,miscanthus_sinensis_ssp_transmorrisonensis_6wks vs miscanthus_sinensis_15wks,FALSE
922,0.9630393313852394,24.18544796286195,2.0733070773705062,0.05161412431278962,0.19679425430435163,-4.247362375035856,miscanthus_sinensis_ssp_transmorrisonensis_6wks vs miscanthus_sinensis_15wks,FALSE
17986,1.4257838735469157,16.995975375451827,2.072255907347844,0.05172168153762487,0.197016176238739,-4.249147555119891,miscanthus_sinensis_ssp_transmorrisonensis_6wks vs miscanthus_sinensis_15wks,FALSE
3075,2.9086207557311816,17.70248740373518,2.0714049354064765,0.0518089021917744,0.1970292969439773,-4.250592330820841,miscanthus_sinensis_ssp_transmorrisonensis_6wks vs miscanthus_sinensis_15wks,FALSE
8000,2.0801669348648595,18.26228475428784,2.0711746189671363,0.05183253134421471,0.1970292969439773,-4.250983297420827,miscanthus_sinensis_ssp_transmorrisonensis_6wks vs miscanthus_sinensis_15wks,FALSE
3678,2.107941324379251,17.34902688163821,2.0695740911840996,0.051997004896737926,0.1970292969439773,-4.253699477262865,miscanthus_sinensis_ssp_transmorrisonensis_6wks vs miscanthus_sinensis_15wks,FALSE
8216,1.5980885221743542,17.20159574489468,2.0694135644823217,0.05201352688508635,0.1970292969439773,-4.253971827427358,miscanthus_sinensis_ssp_transmorrisonensis_6wks vs miscanthus_sinensis_15wks,FALSE
15068,1.4678616566363374,16.923584120812972,2.069179449362274,0.052037631342820474,0.1970292969439773,-4.254369004387991,miscanthus_sinensis_ssp_transmorrisonensis_6wks vs miscanthus_sinensis_15wks,FALSE
4947,1.1821623198035738,17.053128497043986,2.0690930874060056,0.052046525698823974,0.1970292969439773,-4.254515510628026,miscanthus_sinensis_ssp_transmorrisonensis_6wks vs miscanthus_sinensis_15wks,FALSE
555,1.2116771825901331,24.502541010723704,2.0688592210660617,0.05207061830558518,0.1970292969439773,-4.254912227297256,miscanthus_sinensis_ssp_transmorrisonensis_6wks vs miscanthus_sinensis_15wks,FALSE
16546,1.282970416704888,17.223824487269727,2.066998122077868,0.052262704874484395,0.1973420082208002,-4.2580682872429225,miscanthus_sinensis_ssp_transmorrisonensis_6wks vs miscanthus_sinensis_15wks,FALSE
2261,2.9182259035636413,18.60988412767334,2.0666313265625473,0.05230063758395995,0.1973420082208002,-4.258690091957273,miscanthus_sinensis_ssp_transmorrisonensis_6wks vs miscanthus_sinensis_15wks,FALSE
20071,1.0825933229688935,16.951750802140285,2.0665452654697987,0.05230954131381691,0.1973420082208002,-4.258835975800708,miscanthus_sinensis_ssp_transmorrisonensis_6wks vs miscanthus_sinensis_15wks,FALSE
8826,1.8947851614763813,17.410095691435703,2.0660226338157193,0.052363641207896064,0.1973420082208002,-4.2597218176257545,miscanthus_sinensis_ssp_transmorrisonensis_6wks vs miscanthus_sinensis_15wks,FALSE
3396,2.667407367870833,19.013569065563537,2.065426429983986,0.05242541843633738,0.1973420082208002,-4.260732191069114,miscanthus_sinensis_ssp_transmorrisonensis_6wks vs miscanthus_sinensis_15wks,FALSE
6041,1.4779901861968803,16.970894186014263,2.0646808077966523,0.05250277045082093,0.1973420082208002,-4.261995524551545,miscanthus_sinensis_ssp_transmorrisonensis_6wks vs miscanthus_sinensis_15wks,FALSE
7638,2.144672283874854,18.593092170171094,2.064639512588422,0.05250705748395271,0.1973420082208002,-4.262065484136801,miscanthus_sinensis_ssp_transmorrisonensis_6wks vs miscanthus_sinensis_15wks,FALSE
17856,1.0995544470558727,17.20612818537752,2.0641529869119277,0.052557589556364505,0.1973420082208002,-4.262889657729606,miscanthus_sinensis_ssp_transmorrisonensis_6wks vs miscanthus_sinensis_15wks,FALSE
3598,2.333119637190034,18.15486474046704,2.063762575999517,0.052598170527788424,0.1973420082208002,-4.26355092543839,miscanthus_sinensis_ssp_transmorrisonensis_6wks vs miscanthus_sinensis_15wks,FALSE
3350,-2.5078040051319945,18.407646882567725,-2.0617337649619936,0.052809508559169646,0.1979488809091129,-4.266986014687858,miscanthus_sinensis_ssp_transmorrisonensis_6wks vs miscanthus_sinensis_15wks,FALSE
19351,1.1096308245258655,17.406296348714687,2.0586834723793275,0.05312869208429968,0.1989584791749759,-4.272146655548615,miscanthus_sinensis_ssp_transmorrisonensis_6wks vs miscanthus_sinensis_15wks,FALSE
1108,1.4475409359218645,22.06819513306759,2.0561040427599617,0.053399958571427965,0.19978691154371175,-4.276506935376399,miscanthus_sinensis_ssp_transmorrisonensis_6wks vs miscanthus_sinensis_15wks,FALSE
3719,1.7549088659084582,16.968005688363533,2.0556169012518835,0.05345132868007257,0.19979185776296787,-4.277330017311194,miscanthus_sinensis_ssp_transmorrisonensis_6wks vs miscanthus_sinensis_15wks,FALSE
7053,1.5138369995778937,17.289260957393367,2.0543878947259553,0.05358112772539331,0.1998798691016907,-4.279406022862961,miscanthus_sinensis_ssp_transmorrisonensis_6wks vs miscanthus_sinensis_15wks,FALSE
15550,1.1872938941309137,17.26021950010567,2.054206768727795,0.0536002809443152,0.1998798691016907,-4.279711910341035,miscanthus_sinensis_ssp_transmorrisonensis_6wks vs miscanthus_sinensis_15wks,FALSE
8631,1.6207097697981894,18.731590656931864,2.053972289905983,0.053625085122222124,0.1998798691016907,-4.280107875509729,miscanthus_sinensis_ssp_transmorrisonensis_6wks vs miscanthus_sinensis_15wks,FALSE
8984,1.9189512192756375,16.61909498814184,2.051518902434026,0.05388523502415611,0.200662181172044,-4.284249218510039,miscanthus_sinensis_ssp_transmorrisonensis_6wks vs miscanthus_sinensis_15wks,FALSE
5246,2.356020352427393,17.896252841914986,2.0507969255179486,0.05396200721735995,0.20076079479189274,-4.285467331223158,miscanthus_sinensis_ssp_transmorrisonensis_6wks vs miscanthus_sinensis_15wks,FALSE
6213,2.4194480550018476,19.013101899039253,2.049652071426296,0.054083948219712255,0.20102711479803662,-4.287398366248703,miscanthus_sinensis_ssp_transmorrisonensis_6wks vs miscanthus_sinensis_15wks,FALSE
6304,2.3551244054923615,18.59201398649623,2.048543228050117,0.054202289830767025,0.2012795730273693,-4.289268015713985,miscanthus_sinensis_ssp_transmorrisonensis_6wks vs miscanthus_sinensis_15wks,FALSE
7861,1.7999437424071196,18.571751807890728,2.0480076057561036,0.054259537628312544,0.20130490168422277,-4.29017091447522,miscanthus_sinensis_ssp_transmorrisonensis_6wks vs miscanthus_sinensis_15wks,FALSE
1968,2.898694825045869,18.380813304991698,2.047313985964204,0.05433375312856974,0.2013501100259646,-4.291339929044972,miscanthus_sinensis_ssp_transmorrisonensis_6wks vs miscanthus_sinensis_15wks,FALSE
16652,1.159450570069069,17.321253572999726,2.046951263150646,0.054372599851700856,0.2013501100259646,-4.291951156488435,miscanthus_sinensis_ssp_transmorrisonensis_6wks vs miscanthus_sinensis_15wks,FALSE
4555,2.240819158883493,17.312988617275693,2.0463205939620375,0.05444020242971471,0.20141361269640512,-4.293013740506021,miscanthus_sinensis_ssp_transmorrisonensis_6wks vs miscanthus_sinensis_15wks,FALSE
13400,1.3276682816931569,16.92961133332876,2.042607211257096,0.05483978104064951,0.20244516424075276,-4.299266057556197,miscanthus_sinensis_ssp_transmorrisonensis_6wks vs miscanthus_sinensis_15wks,FALSE
7556,1.9484639321918813,17.101993787655175,2.042467192587067,0.05485489918446914,0.20244516424075276,-4.299501670545237,miscanthus_sinensis_ssp_transmorrisonensis_6wks vs miscanthus_sinensis_15wks,FALSE
2771,1.7770980915157821,17.743801180277973,2.0423166365983376,0.05487115924561485,0.20244516424075276,-4.299755003586856,miscanthus_sinensis_ssp_transmorrisonensis_6wks vs miscanthus_sinensis_15wks,FALSE
1053,1.9186604739534232,22.014459305924916,2.0402112476596077,0.05509899561554088,0.2030980521673492,-4.303296402124764,miscanthus_sinensis_ssp_transmorrisonensis_6wks vs miscanthus_sinensis_15wks,FALSE
1219,1.9683799007923568,21.658816668452268,2.0389868069091692,0.055231889982600965,0.20340009668869286,-4.305354929277232,miscanthus_sinensis_ssp_transmorrisonensis_6wks vs miscanthus_sinensis_15wks,FALSE
7161,1.8872231126868257,17.120677115902907,2.038339696073353,0.055302240217881264,0.2034714681564811,-4.306442535384501,miscanthus_sinensis_ssp_transmorrisonensis_6wks vs miscanthus_sinensis_15wks,FALSE
3343,2.34035016382456,17.27837856878265,2.037788632573106,0.05536221216688857,0.20350455890443755,-4.307368541754824,miscanthus_sinensis_ssp_transmorrisonensis_6wks vs miscanthus_sinensis_15wks,FALSE
19592,1.2596229941342472,16.644267369162595,2.0369897726572566,0.05544925537928547,0.20359671857806727,-4.308710663924105,miscanthus_sinensis_ssp_transmorrisonensis_6wks vs miscanthus_sinensis_15wks,FALSE
8289,1.6167190652813197,17.39884859235862,2.036622759804512,0.05548928602528487,0.20359671857806727,-4.309327151225139,miscanthus_sinensis_ssp_transmorrisonensis_6wks vs miscanthus_sinensis_15wks,FALSE
1918,1.5607223640677397,21.85856503965985,2.0342365408482057,0.0557501879625086,0.20423862751503774,-4.313333672335378,miscanthus_sinensis_ssp_transmorrisonensis_6wks vs miscanthus_sinensis_15wks,FALSE
5793,1.822955160606032,17.175146511542664,2.03394911831517,0.05578168807045601,0.20423862751503774,-4.313816061352606,miscanthus_sinensis_ssp_transmorrisonensis_6wks vs miscanthus_sinensis_15wks,FALSE
13094,1.3673060083924788,16.920659125523358,2.033620513801264,0.05581772109692039,0.20423862751503774,-4.314367514331418,miscanthus_sinensis_ssp_transmorrisonensis_6wks vs miscanthus_sinensis_15wks,FALSE
13916,1.7559484346610112,16.969241411700892,2.0329651455345243,0.05588964769622617,0.20431396614718,-4.3154671627099255,miscanthus_sinensis_ssp_transmorrisonensis_6wks vs miscanthus_sinensis_15wks,FALSE
14042,1.1063733767335258,16.93928948612081,2.032364348594291,0.055955658175543516,0.20431396614718,-4.316475048123246,miscanthus_sinensis_ssp_transmorrisonensis_6wks vs miscanthus_sinensis_15wks,FALSE
9064,1.4537622220454232,16.99992102152923,2.0320113763337635,0.055994472401395115,0.20431396614718,-4.317067099596466,miscanthus_sinensis_ssp_transmorrisonensis_6wks vs miscanthus_sinensis_15wks,FALSE
1877,-2.995694349490339,19.701351240887924,-2.031323122785689,0.05607022498320198,0.20431396614718,-4.318221341495116,miscanthus_sinensis_ssp_transmorrisonensis_6wks vs miscanthus_sinensis_15wks,FALSE
3278,1.8682385686516838,17.618970000632224,2.031105332961144,0.05609421515463659,0.20431396614718,-4.318586536287552,miscanthus_sinensis_ssp_transmorrisonensis_6wks vs miscanthus_sinensis_15wks,FALSE
9025,1.6601226328380854,17.210505457723396,2.028287048228649,0.05640548908336823,0.20526044887949496,-4.3233100581761414,miscanthus_sinensis_ssp_transmorrisonensis_6wks vs miscanthus_sinensis_15wks,FALSE
10458,1.4508152515141717,16.855104452622104,2.027716784516829,0.05646866175172398,0.20530318553085805,-4.3242653293458915,miscanthus_sinensis_ssp_transmorrisonensis_6wks vs miscanthus_sinensis_15wks,FALSE
499,1.517014632538256,18.009100685764743,2.02680864382795,0.05656939476824031,0.20548227835742977,-4.325786239404794,miscanthus_sinensis_ssp_transmorrisonensis_6wks vs miscanthus_sinensis_15wks,FALSE
16179,1.3669285403500844,16.96759770908304,2.0251370837091662,0.05675522942037908,0.20596988713286662,-4.328584555651972,miscanthus_sinensis_ssp_transmorrisonensis_6wks vs miscanthus_sinensis_15wks,FALSE
12948,1.5460910723345336,17.17902726252168,2.024265384775043,0.056852357028781976,0.20613497662025218,-4.3300432623749785,miscanthus_sinensis_ssp_transmorrisonensis_6wks vs miscanthus_sinensis_15wks,FALSE
596,2.8905310163597413,19.57919121289158,2.023295106071046,0.05696064397616507,0.20634019124578126,-4.331666463364999,miscanthus_sinensis_ssp_transmorrisonensis_6wks vs miscanthus_sinensis_15wks,FALSE
20437,1.1481013713686217,16.874823646727123,2.022721246048881,0.05702477601936828,0.20638522744271817,-4.33262625362199,miscanthus_sinensis_ssp_transmorrisonensis_6wks vs miscanthus_sinensis_15wks,FALSE
1502,1.3604318173688483,22.487770929678586,2.022068011982275,0.05709785732730567,0.20646254207482267,-4.333718587360858,miscanthus_sinensis_ssp_transmorrisonensis_6wks vs miscanthus_sinensis_15wks,FALSE
7468,1.8466383177039702,17.317249206541987,2.020885906202364,0.05723032022093306,0.20671502532193547,-4.335694725791363,miscanthus_sinensis_ssp_transmorrisonensis_6wks vs miscanthus_sinensis_15wks,FALSE
211,-1.6355317795487458,24.144240532320026,-2.0205211694178122,0.057271246995506175,0.20671502532193547,-4.336304311445352,miscanthus_sinensis_ssp_transmorrisonensis_6wks vs miscanthus_sinensis_15wks,FALSE
2079,3.537334902465581,19.906516815079,2.0196880925186806,0.05736482417084935,0.2068657435320963,-4.337696372353776,miscanthus_sinensis_ssp_transmorrisonensis_6wks vs miscanthus_sinensis_15wks,FALSE
17170,1.3208331050437572,16.754749306882623,2.018679669347286,0.057478280797738555,0.20708781312687033,-4.339380945081289,miscanthus_sinensis_ssp_transmorrisonensis_6wks vs miscanthus_sinensis_15wks,FALSE
10721,1.4053392125934039,17.05445714080167,2.0177912934613875,0.05757839757628045,0.20726146359288689,-4.340864534095763,miscanthus_sinensis_ssp_transmorrisonensis_6wks vs miscanthus_sinensis_15wks,FALSE
15307,1.1772858485182098,17.12346961226224,2.016994112006877,0.05766837004498151,0.20726908904075486,-4.342195473616869,miscanthus_sinensis_ssp_transmorrisonensis_6wks vs miscanthus_sinensis_15wks,FALSE
4544,3.2322138585089917,18.85895004193265,2.0167749755139464,0.05769312455621638,0.20726908904075486,-4.342561275576638,miscanthus_sinensis_ssp_transmorrisonensis_6wks vs miscanthus_sinensis_15wks,FALSE
1261,2.4523219407980186,17.760224019979557,2.0163931542862787,0.05773627931195376,0.20726908904075486,-4.343198584635292,miscanthus_sinensis_ssp_transmorrisonensis_6wks vs miscanthus_sinensis_15wks,FALSE
13651,1.4094717301132107,16.978446056963374,2.015676648208082,0.0578173393582866,0.2073736017235221,-4.344394318115951,miscanthus_sinensis_ssp_transmorrisonensis_6wks vs miscanthus_sinensis_15wks,FALSE
14501,1.6223519894441658,17.38336648083333,2.0145424820150954,0.05794585869158462,0.20749137293949535,-4.346286504364409,miscanthus_sinensis_ssp_transmorrisonensis_6wks vs miscanthus_sinensis_15wks,FALSE
14773,1.415673948406333,17.78301363694471,2.0144695795379906,0.057954128463811955,0.20749137293949535,-4.346408107946463,miscanthus_sinensis_ssp_transmorrisonensis_6wks vs miscanthus_sinensis_15wks,FALSE
3994,1.9218085060615664,17.432130942288723,2.0136405303488085,0.058048246948068566,0.20750669711198308,-4.347790789754184,miscanthus_sinensis_ssp_transmorrisonensis_6wks vs miscanthus_sinensis_15wks,FALSE
10774,1.5981219355003198,16.750294104781702,2.0135162311581367,0.058062369908337956,0.20750669711198308,-4.347998063622648,miscanthus_sinensis_ssp_transmorrisonensis_6wks vs miscanthus_sinensis_15wks,FALSE
6,1.5599365939876577,25.95476719314357,2.01204066501903,0.05823025997125608,0.20792057048770507,-4.350458004115357,miscanthus_sinensis_ssp_transmorrisonensis_6wks vs miscanthus_sinensis_15wks,FALSE
5017,2.3551963785330905,17.96085058782574,2.0097717459776248,0.05848926587728242,0.20854243905244296,-4.354238304974419,miscanthus_sinensis_ssp_transmorrisonensis_6wks vs miscanthus_sinensis_15wks,FALSE
7315,1.7747181984755542,16.86094905887112,2.009514185776612,0.05851873245185578,0.20854243905244296,-4.354667259673819,miscanthus_sinensis_ssp_transmorrisonensis_6wks vs miscanthus_sinensis_15wks,FALSE
7923,2.8854356748425865,18.68890915237219,2.008188562772273,0.05867060268596661,0.20854243905244296,-4.3568744669173025,miscanthus_sinensis_ssp_transmorrisonensis_6wks vs miscanthus_sinensis_15wks,FALSE
2358,1.487748183680651,21.38344037432269,2.007362214874957,0.05876545175471534,0.20854243905244296,-4.358249891928917,miscanthus_sinensis_ssp_transmorrisonensis_6wks vs miscanthus_sinensis_15wks,FALSE
606,-4.87398042426716,21.4910066041971,-2.007203726627972,0.05878365887383633,0.20854243905244296,-4.3585136481865625,miscanthus_sinensis_ssp_transmorrisonensis_6wks vs miscanthus_sinensis_15wks,FALSE
2919,1.87300654748379,20.766028149694566,2.006619420458997,0.05885082754289837,0.20854243905244296,-4.3594859355867275,miscanthus_sinensis_ssp_transmorrisonensis_6wks vs miscanthus_sinensis_15wks,FALSE
6244,1.8043208027916293,17.147097447956654,2.0066052707284654,0.058852454970476635,0.20854243905244296,-4.359509478534124,miscanthus_sinensis_ssp_transmorrisonensis_6wks vs miscanthus_sinensis_15wks,FALSE
14278,1.3797296156314118,16.9197509378764,2.0063364283760188,0.058883383455143545,0.20854243905244296,-4.359956770100663,miscanthus_sinensis_ssp_transmorrisonensis_6wks vs miscanthus_sinensis_15wks,FALSE
1211,-4.218226837847549,20.81186794785569,-2.0061330773318473,0.058906787269163555,0.20854243905244296,-4.360295073727096,miscanthus_sinensis_ssp_transmorrisonensis_6wks vs miscanthus_sinensis_15wks,FALSE
9654,1.2843451835382105,16.853986614852854,2.005474493764318,0.05898264124589079,0.20854243905244296,-4.3613905709632315,miscanthus_sinensis_ssp_transmorrisonensis_6wks vs miscanthus_sinensis_15wks,FALSE
10547,1.0261052669250255,17.09155526824558,2.005220995620195,0.05901186179903079,0.20854243905244296,-4.361812181856403,miscanthus_sinensis_ssp_transmorrisonensis_6wks vs miscanthus_sinensis_15wks,FALSE
3413,2.9437818018916246,18.699448688715524,2.0049092960544153,0.05904780894002372,0.20854243905244296,-4.362330544815591,miscanthus_sinensis_ssp_transmorrisonensis_6wks vs miscanthus_sinensis_15wks,FALSE
12381,1.3232196793657174,17.060807977317427,2.004524608682017,0.05909220049528246,0.20854243905244296,-4.362970216735648,miscanthus_sinensis_ssp_transmorrisonensis_6wks vs miscanthus_sinensis_15wks,FALSE
4093,2.74396463000841,17.45957130318984,2.0041471940108564,0.0591357818154723,0.20854243905244296,-4.363597718774402,miscanthus_sinensis_ssp_transmorrisonensis_6wks vs miscanthus_sinensis_15wks,FALSE
17421,1.2357108673221795,17.05591634417525,2.0035481094216547,0.05920501913295743,0.2086023269009409,-4.364593620717637,miscanthus_sinensis_ssp_transmorrisonensis_6wks vs miscanthus_sinensis_15wks,FALSE
5872,2.035648411074348,17.431292709891956,2.0024816343331255,0.05932845307288762,0.20871071410411224,-4.3663660266938695,miscanthus_sinensis_ssp_transmorrisonensis_6wks vs miscanthus_sinensis_15wks,FALSE
1037,2.4148345819623707,20.762879263643665,2.002378985277503,0.059340345818679203,0.20871071410411224,-4.366536590160843,miscanthus_sinensis_ssp_transmorrisonensis_6wks vs miscanthus_sinensis_15wks,FALSE
650,3.3050028600242882,18.66916383092021,1.9995035322202412,0.05967435837321469,0.20954321881266094,-4.371312208981086,miscanthus_sinensis_ssp_transmorrisonensis_6wks vs miscanthus_sinensis_15wks,FALSE
2121,2.0761075890841205,17.11928132149173,1.9994377093496893,0.05968202399548985,0.20954321881266094,-4.371421477446504,miscanthus_sinensis_ssp_transmorrisonensis_6wks vs miscanthus_sinensis_15wks,FALSE
4275,3.1303708183467442,18.726511312438028,1.9976098346431048,0.05989524717296818,0.20994973831523642,-4.374454894001381,miscanthus_sinensis_ssp_transmorrisonensis_6wks vs miscanthus_sinensis_15wks,FALSE
4311,2.7118021609030762,19.099023835331902,1.99754353406417,0.05990299397320999,0.20994973831523642,-4.374564888363157,miscanthus_sinensis_ssp_transmorrisonensis_6wks vs miscanthus_sinensis_15wks,FALSE
9694,1.4879763147213865,16.977559995642363,1.995113187774415,0.06018758318253277,0.21065138400004085,-4.378595271758553,miscanthus_sinensis_ssp_transmorrisonensis_6wks vs miscanthus_sinensis_15wks,FALSE
17284,1.3632815114359857,17.244787115123952,1.994933052304383,0.06020872473548262,0.21065138400004085,-4.378893874907391,miscanthus_sinensis_ssp_transmorrisonensis_6wks vs miscanthus_sinensis_15wks,FALSE
15190,1.549141254560947,17.017677640569527,1.9914046676360293,0.060624172530071,0.21191917402805904,-4.384739225220922,miscanthus_sinensis_ssp_transmorrisonensis_6wks vs miscanthus_sinensis_15wks,FALSE
2597,2.161537471694853,17.246965815687535,1.989290481634593,0.06087433109940296,0.21260746259738986,-4.388238520721765,miscanthus_sinensis_ssp_transmorrisonensis_6wks vs miscanthus_sinensis_15wks,FALSE
1171,3.197373994200472,18.801421357272847,1.9885467241279444,0.06096255423219098,0.2127294724605825,-4.389468979866041,miscanthus_sinensis_ssp_transmorrisonensis_6wks vs miscanthus_sinensis_15wks,FALSE
13184,1.3633927479552064,16.737524640337774,1.9870271377417998,0.06114315966416972,0.21317335666320134,-4.391982031236972,miscanthus_sinensis_ssp_transmorrisonensis_6wks vs miscanthus_sinensis_15wks,FALSE
1346,1.1724467900883013,23.095690331896577,1.9855162714699963,0.06132320201578396,0.21361450475306246,-4.394479428826911,miscanthus_sinensis_ssp_transmorrisonensis_6wks vs miscanthus_sinensis_15wks,FALSE
483,-1.204932028132962,23.737345440035696,-1.9843232930213885,0.061465697383804085,0.2139242057159075,-4.3964505021768225,miscanthus_sinensis_ssp_transmorrisonensis_6wks vs miscanthus_sinensis_15wks,FALSE
138,1.442529573613509,25.011317919290747,1.9829282743625134,0.06163270012927124,0.21403831498766,-4.398754418465591,miscanthus_sinensis_ssp_transmorrisonensis_6wks vs miscanthus_sinensis_15wks,FALSE
11939,1.2199942328266928,16.770085525090014,1.982905182402937,0.06163546795414196,0.21403831498766,-4.398792546711284,miscanthus_sinensis_ssp_transmorrisonensis_6wks vs miscanthus_sinensis_15wks,FALSE
33,0.8855619255489096,27.662477275354163,1.9827061044842804,0.06165933422740706,0.21403831498766,-4.399121241903339,miscanthus_sinensis_ssp_transmorrisonensis_6wks vs miscanthus_sinensis_15wks,FALSE
5514,2.0210757547709477,17.99287141662586,1.981997498088177,0.061744351764593565,0.2141472217586946,-4.4002910398641175,miscanthus_sinensis_ssp_transmorrisonensis_6wks vs miscanthus_sinensis_15wks,FALSE
2708,1.2605874333813958,17.06617180372165,1.9814888597766993,0.06180544188070572,0.2141730242949455,-4.401130554680184,miscanthus_sinensis_ssp_transmorrisonensis_6wks vs miscanthus_sinensis_15wks,FALSE
471,1.4508507931302752,24.170574792518327,1.9796072425576385,0.062031902793496,0.21477134080801044,-4.404234975341478,miscanthus_sinensis_ssp_transmorrisonensis_6wks vs miscanthus_sinensis_15wks,FALSE
9279,1.2558867447456414,17.21540676093766,1.9777986873288278,0.062250267480039166,0.21534061332783047,-4.407217048059043,miscanthus_sinensis_ssp_transmorrisonensis_6wks vs miscanthus_sinensis_15wks,FALSE
9285,2.0477902385128885,18.938834657114686,1.9748086398448896,0.06261278872430506,0.21621540625883687,-4.412143361449947,miscanthus_sinensis_ssp_transmorrisonensis_6wks vs miscanthus_sinensis_15wks,FALSE
3386,-2.6778921022812483,19.663974265772833,-1.9747155729494477,0.06262410253319448,0.21621540625883687,-4.4122966178953344,miscanthus_sinensis_ssp_transmorrisonensis_6wks vs miscanthus_sinensis_15wks,FALSE
3644,2.388880337338506,17.749216588693248,1.97429129550548,0.06267570350968922,0.21621540625883687,-4.412995230535338,miscanthus_sinensis_ssp_transmorrisonensis_6wks vs miscanthus_sinensis_15wks,FALSE
10108,1.6307436594081004,16.786458626734515,1.973928970983877,0.06271979971135598,0.21621540625883687,-4.413591754518547,miscanthus_sinensis_ssp_transmorrisonensis_6wks vs miscanthus_sinensis_15wks,FALSE
4652,1.8929764200083206,17.19103528258109,1.9725753889335014,0.06288478018442951,0.21653035821613104,-4.415819634771311,miscanthus_sinensis_ssp_transmorrisonensis_6wks vs miscanthus_sinensis_15wks,FALSE
2212,-3.4340835194395876,18.874145742349018,-1.9722897606357657,0.06291964316901603,0.21653035821613104,-4.416289627324734,miscanthus_sinensis_ssp_transmorrisonensis_6wks vs miscanthus_sinensis_15wks,FALSE
13330,1.2409544489095907,17.17703134326176,1.9715810872270665,0.06300621621951516,0.21660186211168198,-4.417455536049058,miscanthus_sinensis_ssp_transmorrisonensis_6wks vs miscanthus_sinensis_15wks,FALSE
5754,2.355186788377843,18.74321792941171,1.9707509889488823,0.06310775772365437,0.21660186211168198,-4.4188208655427275,miscanthus_sinensis_ssp_transmorrisonensis_6wks vs miscanthus_sinensis_15wks,FALSE
8045,1.7495488198639322,16.993569151050743,1.9701920192941027,0.06317621560755436,0.21660186211168198,-4.4197400367510475,miscanthus_sinensis_ssp_transmorrisonensis_6wks vs miscanthus_sinensis_15wks,FALSE
19213,1.0556760033029704,16.811500351157928,1.9693214691720797,0.06328296496369344,0.21660186211168198,-4.4211712330501385,miscanthus_sinensis_ssp_transmorrisonensis_6wks vs miscanthus_sinensis_15wks,FALSE
4365,1.8485600061800511,17.338722984513883,1.9688651783660953,0.06333898079312208,0.21660186211168198,-4.421921216545522,miscanthus_sinensis_ssp_transmorrisonensis_6wks vs miscanthus_sinensis_15wks,FALSE
20231,1.3239938690839068,17.168071976276114,1.968498708542338,0.06338400185822567,0.21660186211168198,-4.422523483447729,miscanthus_sinensis_ssp_transmorrisonensis_6wks vs miscanthus_sinensis_15wks,FALSE
171,4.153777215985482,19.01802957324968,1.9682675167371757,0.06341241858464988,0.21660186211168198,-4.422903392977851,miscanthus_sinensis_ssp_transmorrisonensis_6wks vs miscanthus_sinensis_15wks,FALSE
17322,1.2000883757098642,17.162209005012905,1.9681517610091221,0.06342665085425518,0.21660186211168198,-4.42309359943682,miscanthus_sinensis_ssp_transmorrisonensis_6wks vs miscanthus_sinensis_15wks,FALSE
17011,1.1691679942437112,16.905363552413196,1.9681346760538918,0.06342875170555015,0.21660186211168198,-4.423121672321925,miscanthus_sinensis_ssp_transmorrisonensis_6wks vs miscanthus_sinensis_15wks,FALSE
2842,-2.708752280037235,19.17889426597438,-1.9672998582338357,0.06353148057959215,0.21676723972113834,-4.424493196749495,miscanthus_sinensis_ssp_transmorrisonensis_6wks vs miscanthus_sinensis_15wks,FALSE
8886,1.4717370830040295,17.247240770489856,1.9667898850069945,0.06359430842257269,0.21679631018181908,-4.425330846174654,miscanthus_sinensis_ssp_transmorrisonensis_6wks vs miscanthus_sinensis_15wks,FALSE
6719,2.377472221098216,18.236842556668815,1.9651504886759446,0.06379665417711514,0.21730054904013962,-4.428022652638383,miscanthus_sinensis_ssp_transmorrisonensis_6wks vs miscanthus_sinensis_15wks,FALSE
14188,1.3806686192619928,16.665105275700242,1.9646071361878967,0.06386384487604538,0.2173439631246148,-4.428914486450756,miscanthus_sinensis_ssp_transmorrisonensis_6wks vs miscanthus_sinensis_15wks,FALSE
13681,1.4345802446946294,17.055695850367687,1.9635786593255986,0.0639911982739768,0.21746790858259876,-4.4306021396155755,miscanthus_sinensis_ssp_transmorrisonensis_6wks vs miscanthus_sinensis_15wks,FALSE
11414,1.4726144442345301,16.850334401805007,1.9627532574096926,0.06409356889579158,0.21746790858259876,-4.431956143945585,miscanthus_sinensis_ssp_transmorrisonensis_6wks vs miscanthus_sinensis_15wks,FALSE
55,0.9810525653416597,26.463516990676446,1.962720084367956,0.06409768623273825,0.21746790858259876,-4.432010553821565,miscanthus_sinensis_ssp_transmorrisonensis_6wks vs miscanthus_sinensis_15wks,FALSE
3380,2.390601249540669,18.366870949130853,1.9625550891197359,0.0641181684373043,0.21746790858259876,-4.4322811673668285,miscanthus_sinensis_ssp_transmorrisonensis_6wks vs miscanthus_sinensis_15wks,FALSE
8646,1.856238538087812,17.01125706317628,1.9613308828379972,0.06427032113087999,0.21779891507170876,-4.434288558862142,miscanthus_sinensis_ssp_transmorrisonensis_6wks vs miscanthus_sinensis_15wks,FALSE
11226,1.5809179704399092,16.944102127377185,1.9604656926765325,0.06437804650610505,0.21797893269921237,-4.4357067592538435,miscanthus_sinensis_ssp_transmorrisonensis_6wks vs miscanthus_sinensis_15wks,FALSE
16287,0.9932834048511658,17.097366512815707,1.9587994949449943,0.06458595844766636,0.21834391019568708,-4.438436798357219,miscanthus_sinensis_ssp_transmorrisonensis_6wks vs miscanthus_sinensis_15wks,FALSE
9328,1.2394189112697198,17.01497937198033,1.95872530471807,0.06459522994516695,0.21834391019568708,-4.438558322513951,miscanthus_sinensis_ssp_transmorrisonensis_6wks vs miscanthus_sinensis_15wks,FALSE
7946,1.2757719468135562,17.19208400642846,1.9559802091194005,0.0649391156964174,0.21932060055845878,-4.44305268754011,miscanthus_sinensis_ssp_transmorrisonensis_6wks vs miscanthus_sinensis_15wks,FALSE
178,-5.993680736528734,22.01140264242972,-1.9547326999155967,0.0650959318704293,0.21966437872084002,-4.445093785414136,miscanthus_sinensis_ssp_transmorrisonensis_6wks vs miscanthus_sinensis_15wks,FALSE
5362,-2.569906678803658,18.98206064935601,-1.950236948078939,0.06566385908508264,0.2208403789535968,-4.452442358418343,miscanthus_sinensis_ssp_transmorrisonensis_6wks vs miscanthus_sinensis_15wks,FALSE
9639,-2.399783181723734,18.247129143630055,-1.950186128053538,0.0656703040255567,0.2208403789535968,-4.452525363153313,miscanthus_sinensis_ssp_transmorrisonensis_6wks vs miscanthus_sinensis_15wks,FALSE
6735,1.486578588027129,16.94874938218308,1.9500011465253186,0.06569376792809398,0.2208403789535968,-4.452827482873521,miscanthus_sinensis_ssp_transmorrisonensis_6wks vs miscanthus_sinensis_15wks,FALSE
5672,2.6364458495839784,18.53082949323328,1.9494485058990025,0.0657639117594322,0.2208403789535968,-4.453729966757708,miscanthus_sinensis_ssp_transmorrisonensis_6wks vs miscanthus_sinensis_15wks,FALSE
1452,1.8199807434521063,20.3603308987202,1.949179949583379,0.06579802224561798,0.2208403789535968,-4.454168468989227,miscanthus_sinensis_ssp_transmorrisonensis_6wks vs miscanthus_sinensis_15wks,FALSE
4527,1.6459939515918975,17.13453404346556,1.94903717778265,0.06581616270023345,0.2208403789535968,-4.454401572442507,miscanthus_sinensis_ssp_transmorrisonensis_6wks vs miscanthus_sinensis_15wks,FALSE
4997,0.9823568389789301,16.766794675372942,1.9489151096306168,0.0658316760908768,0.2208403789535968,-4.45460086414309,miscanthus_sinensis_ssp_transmorrisonensis_6wks vs miscanthus_sinensis_15wks,FALSE
5346,1.6471901589069589,16.88524783225595,1.9460489114607926,0.06619686995528344,0.22176971018444017,-4.459277931807302,miscanthus_sinensis_ssp_transmorrisonensis_6wks vs miscanthus_sinensis_15wks,FALSE
4104,2.6266522974920434,18.208088432790824,1.9458693117173775,0.06621981326148614,0.22176971018444017,-4.459570851965664,miscanthus_sinensis_ssp_transmorrisonensis_6wks vs miscanthus_sinensis_15wks,FALSE
21208,0.9977135708537617,16.776251953975382,1.9445880883644124,0.06638369047893941,0.2218757208048738,-4.461659959881436,miscanthus_sinensis_ssp_transmorrisonensis_6wks vs miscanthus_sinensis_15wks,FALSE
10941,1.5081823677839878,17.270817740649605,1.944557190232274,0.06638764700326526,0.2218757208048738,-4.461710329843896,miscanthus_sinensis_ssp_transmorrisonensis_6wks vs miscanthus_sinensis_15wks,FALSE
11585,1.3047646716430883,16.77471231092834,1.9443185818038475,0.06641820800646898,0.2218757208048738,-4.462099290187561,miscanthus_sinensis_ssp_transmorrisonensis_6wks vs miscanthus_sinensis_15wks,FALSE
146,-5.514828173231713,22.156061601132222,-1.94258849229079,0.06664017193114577,0.2221893727530641,-4.464918601183735,miscanthus_sinensis_ssp_transmorrisonensis_6wks vs miscanthus_sinensis_15wks,FALSE
8189,1.4501769910578872,17.29577600522255,1.9422327092924832,0.06668589907221933,0.2221893727530641,-4.465498170925374,miscanthus_sinensis_ssp_transmorrisonensis_6wks vs miscanthus_sinensis_15wks,FALSE
476,0.8967298010080071,24.37314619764944,1.9421640976953618,0.06669472060521431,0.2221893727530641,-4.465609931006554,miscanthus_sinensis_ssp_transmorrisonensis_6wks vs miscanthus_sinensis_15wks,FALSE
13017,1.2679685091842714,17.247076515944975,1.94151144174867,0.06677868570446159,0.2221893727530641,-4.466672899056069,miscanthus_sinensis_ssp_transmorrisonensis_6wks vs miscanthus_sinensis_15wks,FALSE
10579,1.654686658114862,17.809409875881972,1.9414205024807303,0.06679039261114152,0.2221893727530641,-4.466820991340221,miscanthus_sinensis_ssp_transmorrisonensis_6wks vs miscanthus_sinensis_15wks,FALSE
11185,1.432732414340748,17.19662366034675,1.9401571376050135,0.06695321815689863,0.222545584414937,-4.468877874709852,miscanthus_sinensis_ssp_transmorrisonensis_6wks vs miscanthus_sinensis_15wks,FALSE
18646,1.18686796729774,16.906189272004944,1.939348888352708,0.06705757193143293,0.222707010940333,-4.470193320435243,miscanthus_sinensis_ssp_transmorrisonensis_6wks vs miscanthus_sinensis_15wks,FALSE
5980,1.5262492069820865,17.26562039923968,1.9388624814684978,0.06712044187689195,0.2227305103678742,-4.470984785019299,miscanthus_sinensis_ssp_transmorrisonensis_6wks vs miscanthus_sinensis_15wks,FALSE
13380,1.6299398921869361,16.770841500855074,1.9381512366581584,0.06721246711038446,0.22285063845901562,-4.47214186175135,miscanthus_sinensis_ssp_transmorrisonensis_6wks vs miscanthus_sinensis_15wks,FALSE
218,-3.0755034495419125,24.666341543917028,-1.9376884751421353,0.06727240212439733,0.22285549020205916,-4.47289454675925,miscanthus_sinensis_ssp_transmorrisonensis_6wks vs miscanthus_sinensis_15wks,FALSE
10751,1.49479968332815,18.056626794279314,1.9370652472461403,0.06735319500700633,0.22285549020205916,-4.473908043541611,miscanthus_sinensis_ssp_transmorrisonensis_6wks vs miscanthus_sinensis_15wks,FALSE
21383,1.1142204256035164,16.774045888849873,1.9368477791774712,0.06738140698243622,0.22285549020205916,-4.474261640573971,miscanthus_sinensis_ssp_transmorrisonensis_6wks vs miscanthus_sinensis_15wks,FALSE
10491,1.3349823752365921,17.436648765615566,1.9362281182013308,0.06746185263637786,0.22293685076524866,-4.475269047939308,miscanthus_sinensis_ssp_transmorrisonensis_6wks vs miscanthus_sinensis_15wks,FALSE
2515,2.4774293013415267,19.113464816615874,1.934648305399599,0.06766733263488448,0.22313435276339538,-4.4778364460398725,miscanthus_sinensis_ssp_transmorrisonensis_6wks vs miscanthus_sinensis_15wks,FALSE
22429,0.9100910630342547,16.649423238305396,1.9344940073912318,0.06768743128068067,0.22313435276339538,-4.478087125633831,miscanthus_sinensis_ssp_transmorrisonensis_6wks vs miscanthus_sinensis_15wks,FALSE
6927,2.011581428485119,19.561638869977795,1.934237633877305,0.06772083784388218,0.22313435276339538,-4.4785036124593285,miscanthus_sinensis_ssp_transmorrisonensis_6wks vs miscanthus_sinensis_15wks,FALSE
14092,1.0221572420463474,16.750962755776012,1.9340507464341206,0.06774519928588056,0.22313435276339538,-4.4788071939252685,miscanthus_sinensis_ssp_transmorrisonensis_6wks vs miscanthus_sinensis_15wks,FALSE
1731,1.841647406624709,21.173066534776698,1.9329328716311476,0.06789108051896324,0.2234268699349499,-4.4806226726828395,miscanthus_sinensis_ssp_transmorrisonensis_6wks vs miscanthus_sinensis_15wks,FALSE
4308,2.7133124699587796,19.57161419765662,1.9321148564781274,0.06799800681271798,0.2234268699349499,-4.481950724871411,miscanthus_sinensis_ssp_transmorrisonensis_6wks vs miscanthus_sinensis_15wks,FALSE
37,-1.5423489214878323,25.650159408071804,-1.9320849750006042,0.06800191557388881,0.2234268699349499,-4.481999230558134,miscanthus_sinensis_ssp_transmorrisonensis_6wks vs miscanthus_sinensis_15wks,FALSE
15556,1.1386975337265923,17.178508948809707,1.9302582614951052,0.0682412443281514,0.2240288218404444,-4.484963533106214,miscanthus_sinensis_ssp_transmorrisonensis_6wks vs miscanthus_sinensis_15wks,FALSE
6601,1.9797736450097503,17.45480033905077,1.929701695908799,0.06831431153826414,0.22408441385435537,-4.4858663309043125,miscanthus_sinensis_ssp_transmorrisonensis_6wks vs miscanthus_sinensis_15wks,FALSE
6247,1.6036301937623882,17.14161570857038,1.9289092963749983,0.0684184591657151,0.22414345994889834,-4.487151373534536,miscanthus_sinensis_ssp_transmorrisonensis_6wks vs miscanthus_sinensis_15wks,FALSE
4695,-2.9378430846586205,19.177207693939568,-1.928710507901562,0.06844460863670017,0.22414345994889834,-4.487473695873145,miscanthus_sinensis_ssp_transmorrisonensis_6wks vs miscanthus_sinensis_15wks,FALSE
16857,1.032933326285324,17.175400027292714,1.9276966452768027,0.06857811416260129,0.22439658339106916,-4.489117263537356,miscanthus_sinensis_ssp_transmorrisonensis_6wks vs miscanthus_sinensis_15wks,FALSE
902,1.0867176473607536,23.816009512468945,1.9265581670475367,0.06872830397100309,0.22470384066522878,-4.490962160176985,miscanthus_sinensis_ssp_transmorrisonensis_6wks vs miscanthus_sinensis_15wks,FALSE
6912,2.531039370012831,17.971832588969253,1.9254236007801269,0.06887826744146124,0.22470569000254975,-4.49279999634164,miscanthus_sinensis_ssp_transmorrisonensis_6wks vs miscanthus_sinensis_15wks,FALSE
16995,1.242133269665512,16.72880450578634,1.9252229543763013,0.06890481839625724,0.22470569000254975,-4.493124940054965,miscanthus_sinensis_ssp_transmorrisonensis_6wks vs miscanthus_sinensis_15wks,FALSE
11214,1.7894364830865044,18.25123265111065,1.924345422179165,0.06902104619823693,0.22470569000254975,-4.4945458248941605,miscanthus_sinensis_ssp_transmorrisonensis_6wks vs miscanthus_sinensis_15wks,FALSE
8725,2.036392276076853,18.483221932924415,1.9241908502938905,0.06904153697977122,0.22470569000254975,-4.494796060330515,miscanthus_sinensis_ssp_transmorrisonensis_6wks vs miscanthus_sinensis_15wks,FALSE
7062,2.2985205300088154,19.89736986592366,1.924169038616848,0.06904442887261211,0.22470569000254975,-4.494831370037585,miscanthus_sinensis_ssp_transmorrisonensis_6wks vs miscanthus_sinensis_15wks,FALSE
614,-1.4158323631326013,23.074498343276343,-1.9234373789379773,0.06914149784552115,0.22470569000254975,-4.496015658661387,miscanthus_sinensis_ssp_transmorrisonensis_6wks vs miscanthus_sinensis_15wks,FALSE
1321,2.530350511252365,20.20717930810029,1.9233133626194894,0.06915796300582092,0.22470569000254975,-4.496216365859755,miscanthus_sinensis_ssp_transmorrisonensis_6wks vs miscanthus_sinensis_15wks,FALSE
1528,-3.482122062328404,19.507140169610487,-1.9231535816417402,0.06917918161651644,0.22470569000254975,-4.496474941642832,miscanthus_sinensis_ssp_transmorrisonensis_6wks vs miscanthus_sinensis_15wks,FALSE
520,-3.7829919764476863,22.789306683808036,-1.9218308625069112,0.06935505764132284,0.22509381309281365,-4.498614966817163,miscanthus_sinensis_ssp_transmorrisonensis_6wks vs miscanthus_sinensis_15wks,FALSE
5230,1.7610737208497262,17.012334716111358,1.920705048353047,0.0695050637403978,0.22523186704102283,-4.500435646669695,miscanthus_sinensis_ssp_transmorrisonensis_6wks vs miscanthus_sinensis_15wks,FALSE
6127,1.5017987722828607,16.99317898888072,1.9206647693804415,0.06951043592047598,0.22523186704102283,-4.500500773117695,miscanthus_sinensis_ssp_transmorrisonensis_6wks vs miscanthus_sinensis_15wks,FALSE
1491,-4.463377194373706,19.92172442968652,-1.9195247425669364,0.0696626386582601,0.22554197366080642,-4.502343687115176,miscanthus_sinensis_ssp_transmorrisonensis_6wks vs miscanthus_sinensis_15wks,FALSE
13321,1.4150706194892493,17.426590760732537,1.9186708842929254,0.0697768286614025,0.22572860617205737,-4.50372351632159,miscanthus_sinensis_ssp_transmorrisonensis_6wks vs miscanthus_sinensis_15wks,FALSE
5305,2.1972667989463304,17.965751606310256,1.9176239767686274,0.06991706190645215,0.22595172260943117,-4.505414752622513,miscanthus_sinensis_ssp_transmorrisonensis_6wks vs miscanthus_sinensis_15wks,FALSE
11224,1.4101772839414757,16.89260607279552,1.9169778071801855,0.07000374068423171,0.22595172260943117,-4.506458305582639,miscanthus_sinensis_ssp_transmorrisonensis_6wks vs miscanthus_sinensis_15wks,FALSE
3468,1.0884745697794607,21.095779470149495,1.916889443280132,0.0700156014198062,0.22595172260943117,-4.506600993531686,miscanthus_sinensis_ssp_transmorrisonensis_6wks vs miscanthus_sinensis_15wks,FALSE
8832,1.7536351352995823,17.154422784802982,1.915687558479388,0.07017710223289507,0.22628997747473112,-4.508541332530074,miscanthus_sinensis_ssp_transmorrisonensis_6wks vs miscanthus_sinensis_15wks,FALSE
3705,1.5462328953053905,17.070040765744274,1.9151193652549492,0.07025356665853594,0.2263537030676961,-4.50945834822337,miscanthus_sinensis_ssp_transmorrisonensis_6wks vs miscanthus_sinensis_15wks,FALSE
7211,1.2325187836886826,17.205325919074916,1.9141750264622301,0.07038081373872238,0.22639606747247146,-4.510982028704458,miscanthus_sinensis_ssp_transmorrisonensis_6wks vs miscanthus_sinensis_15wks,FALSE
638,-1.3588237156798257,23.43407227534413,-1.9140890223224607,0.07039241268085795,0.22639606747247146,-4.51112077049377,miscanthus_sinensis_ssp_transmorrisonensis_6wks vs miscanthus_sinensis_15wks,FALSE
1442,2.6877139374068157,19.38545177132783,1.9135429657225669,0.07046609600336391,0.22639606747247146,-4.512001571169355,miscanthus_sinensis_ssp_transmorrisonensis_6wks vs miscanthus_sinensis_15wks,FALSE
10296,1.130110888924662,17.049742713854226,1.9130653611110677,0.07053059850306952,0.22639606747247146,-4.51277181954815,miscanthus_sinensis_ssp_transmorrisonensis_6wks vs miscanthus_sinensis_15wks,FALSE
676,2.843827480097225,17.718020375155863,1.9129197258283557,0.07055027753901666,0.22639606747247146,-4.513006664679933,miscanthus_sinensis_ssp_transmorrisonensis_6wks vs miscanthus_sinensis_15wks,FALSE
11499,1.416949943928632,17.010473334582308,1.9124964736377528,0.07060749724439191,0.2263976939755924,-4.513689114877403,miscanthus_sinensis_ssp_transmorrisonensis_6wks vs miscanthus_sinensis_15wks,FALSE
8166,2.384999499697223,19.454910727398985,1.9111020107599634,0.07079630579792748,0.22682090910539848,-4.515936826333432,miscanthus_sinensis_ssp_transmorrisonensis_6wks vs miscanthus_sinensis_15wks,FALSE
1457,1.694861753192761,22.227605301429175,1.9062050409806381,0.07146288878019899,0.22865002927066502,-4.5238214664911025,miscanthus_sinensis_ssp_transmorrisonensis_6wks vs miscanthus_sinensis_15wks,FALSE
16500,1.2951455493040172,17.051848018621826,1.906066901436372,0.07148177267780309,0.22865002927066502,-4.524043689037953,miscanthus_sinensis_ssp_transmorrisonensis_6wks vs miscanthus_sinensis_15wks,FALSE
2176,1.7020549523541533,17.492443156101626,1.9051577645710347,0.07160616312844913,0.2287492087424683,-4.52550593115161,miscanthus_sinensis_ssp_transmorrisonensis_6wks vs miscanthus_sinensis_15wks,FALSE
3869,2.524556841932938,17.447316442629383,1.9049404327572548,0.07163592732286019,0.2287492087424683,-4.525855415029975,miscanthus_sinensis_ssp_transmorrisonensis_6wks vs miscanthus_sinensis_15wks,FALSE
7550,1.7925572515166088,17.195539479952934,1.9041091299155442,0.07174987739084863,0.2287492087424683,-4.527191957727549,miscanthus_sinensis_ssp_transmorrisonensis_6wks vs miscanthus_sinensis_15wks,FALSE
5133,1.4803612193247062,17.26800903809274,1.9040703229821905,0.07175520072319082,0.2287492087424683,-4.527254340729087,miscanthus_sinensis_ssp_transmorrisonensis_6wks vs miscanthus_sinensis_15wks,FALSE
15207,1.0628033499110003,16.99231546644198,1.9037490241543598,0.07179928821500821,0.2287492087424683,-4.527770802877875,miscanthus_sinensis_ssp_transmorrisonensis_6wks vs miscanthus_sinensis_15wks,FALSE
5616,1.7627149190613345,17.71551375682513,1.901521492358767,0.07210560045239268,0.22954191148799968,-4.531349771296219,miscanthus_sinensis_ssp_transmorrisonensis_6wks vs miscanthus_sinensis_15wks,FALSE
4556,2.1394934141900634,17.627963073438966,1.8997739533244038,0.07234671477123979,0.22997530735442887,-4.53415556447446,miscanthus_sinensis_ssp_transmorrisonensis_6wks vs miscanthus_sinensis_15wks,FALSE
3271,1.4098417939214194,17.141302664297637,1.8996998091371844,0.07235696043015097,0.22997530735442887,-4.534274569645498,miscanthus_sinensis_ssp_transmorrisonensis_6wks vs miscanthus_sinensis_15wks,FALSE
3941,0.969759660807437,21.19807576814829,1.8989604443048695,0.07245920006606844,0.23011704587410123,-4.535461116593405,miscanthus_sinensis_ssp_transmorrisonensis_6wks vs miscanthus_sinensis_15wks,FALSE
11948,1.448403235586028,17.19210335507038,1.8979362698505227,0.07260103384305958,0.23038420278338143,-4.537104217809047,miscanthus_sinensis_ssp_transmorrisonensis_6wks vs miscanthus_sinensis_15wks,FALSE
14607,1.354274782577079,17.228014181368444,1.8963998954156265,0.0728142594124295,0.23087512452588474,-4.539567930885928,miscanthus_sinensis_ssp_transmorrisonensis_6wks vs miscanthus_sinensis_15wks,FALSE
13151,1.353203926405289,17.01935687709745,1.8959887985605144,0.07287140703973316,0.23087512452588474,-4.540226933268552,miscanthus_sinensis_ssp_transmorrisonensis_6wks vs miscanthus_sinensis_15wks,FALSE
4471,1.9870004188978534,19.499164026636716,1.8955076201275949,0.07293834713182103,0.23090395063459915,-4.540998156499861,miscanthus_sinensis_ssp_transmorrisonensis_6wks vs miscanthus_sinensis_15wks,FALSE
12525,1.3001546357891236,17.08679952635326,1.8945561353651514,0.07307087447822934,0.23114019882495365,-4.542522788836649,miscanthus_sinensis_ssp_transmorrisonensis_6wks vs miscanthus_sinensis_15wks,FALSE
3786,1.7910474558951108,17.05800800991993,1.8928813743408583,0.07330465904839426,0.2316961194942121,-4.545205124223712,miscanthus_sinensis_ssp_transmorrisonensis_6wks vs miscanthus_sinensis_15wks,FALSE
2578,-2.1713114675456815,18.69399963978497,-1.8905063807960079,0.07363732155369287,0.23240184627890975,-4.549006222052996,miscanthus_sinensis_ssp_transmorrisonensis_6wks vs miscanthus_sinensis_15wks,FALSE
354,-1.3542356844830863,22.9420183658464,-1.890456143124244,0.07364437263096714,0.23240184627890975,-4.549086590955842,miscanthus_sinensis_ssp_transmorrisonensis_6wks vs miscanthus_sinensis_15wks,FALSE
12857,1.3779943912918746,17.07754958732175,1.8892400712817,0.07381523525924825,0.23258550277166254,-4.551031590306947,miscanthus_sinensis_ssp_transmorrisonensis_6wks vs miscanthus_sinensis_15wks,FALSE
8279,2.330013867968308,18.314369323921095,1.8889888585674806,0.07385057508399749,0.23258550277166254,-4.551433277394555,miscanthus_sinensis_ssp_transmorrisonensis_6wks vs miscanthus_sinensis_15wks,FALSE
6156,1.7878963177780456,16.91392529579359,1.8887985352888896,0.07387735909681065,0.23258550277166254,-4.551737578725592,miscanthus_sinensis_ssp_transmorrisonensis_6wks vs miscanthus_sinensis_15wks,FALSE
13140,1.4105012415368137,16.849463426224293,1.8876162307353215,0.07404393548824399,0.23292623362416864,-4.553627460243522,miscanthus_sinensis_ssp_transmorrisonensis_6wks vs miscanthus_sinensis_15wks,FALSE
11878,1.1923943390454994,17.105092155730528,1.88654617223332,0.074194982547746,0.23321761443354488,-4.555337229354015,miscanthus_sinensis_ssp_transmorrisonensis_6wks vs miscanthus_sinensis_15wks,FALSE
287,3.6598572390896855,20.2474646104358,1.8852543757357039,0.07437769118715952,0.23343151049537508,-4.55740042327282,miscanthus_sinensis_ssp_transmorrisonensis_6wks vs miscanthus_sinensis_15wks,FALSE
5760,1.9568346328429627,17.392253004400295,1.8851556454610878,0.07439167164927286,0.23343151049537508,-4.557558071057927,miscanthus_sinensis_ssp_transmorrisonensis_6wks vs miscanthus_sinensis_15wks,FALSE
7948,1.8875614728719974,18.1947781268418,1.8848253784945759,0.07443845512540392,0.23343151049537508,-4.558085384934824,miscanthus_sinensis_ssp_transmorrisonensis_6wks vs miscanthus_sinensis_15wks,FALSE
918,4.457987369819456,20.06031722020103,1.8839298281729102,0.07456544337267867,0.23364410614720274,-4.559514931785907,miscanthus_sinensis_ssp_transmorrisonensis_6wks vs miscanthus_sinensis_15wks,FALSE
11569,1.2127461403450326,17.086444498900295,1.883522216813053,0.0746233054453115,0.23364410614720274,-4.560165440204743,miscanthus_sinensis_ssp_transmorrisonensis_6wks vs miscanthus_sinensis_15wks,FALSE
959,2.2874117875128626,21.49082344471318,1.8810410626283174,0.07497636865378414,0.23443245289949122,-4.564123064578302,miscanthus_sinensis_ssp_transmorrisonensis_6wks vs miscanthus_sinensis_15wks,FALSE
23949,-1.0809931385291769,16.870388819292266,-1.8807858440061334,0.07501276901123456,0.23443245289949122,-4.56452995645971,miscanthus_sinensis_ssp_transmorrisonensis_6wks vs miscanthus_sinensis_15wks,FALSE
12157,0.9440042402180673,17.107706813303324,1.8805160068221076,0.0750512712438752,0.23443245289949122,-4.564960113793907,miscanthus_sinensis_ssp_transmorrisonensis_6wks vs miscanthus_sinensis_15wks,FALSE
4599,-2.220369155434721,19.128333835784936,-1.8794729940537027,0.07520025909310307,0.2347141784985672,-4.5666224247731755,miscanthus_sinensis_ssp_transmorrisonensis_6wks vs miscanthus_sinensis_15wks,FALSE
3462,-2.3382601108017447,18.718462006505373,-1.878535948688781,0.07533433203406603,0.23494894803124344,-4.568115315334657,miscanthus_sinensis_ssp_transmorrisonensis_6wks vs miscanthus_sinensis_15wks,FALSE
20776,0.9732043222183222,17.091935160629273,1.8775751036517765,0.07547202859004844,0.2351946433500963,-4.569645598210627,miscanthus_sinensis_ssp_transmorrisonensis_6wks vs miscanthus_sinensis_15wks,FALSE
7880,2.019168068745177,18.07243353411802,1.874259529074013,0.07594887771525917,0.23647518556373126,-4.574922037221516,miscanthus_sinensis_ssp_transmorrisonensis_6wks vs miscanthus_sinensis_15wks,FALSE
16130,1.1878274067141952,16.928523070657736,1.8735924832524735,0.07604513237753617,0.23647518556373126,-4.575982814236331,miscanthus_sinensis_ssp_transmorrisonensis_6wks vs miscanthus_sinensis_15wks,FALSE
995,2.3426931689765027,20.824946975647414,1.8734849747564624,0.07606065587771316,0.23647518556373126,-4.576153756769558,miscanthus_sinensis_ssp_transmorrisonensis_6wks vs miscanthus_sinensis_15wks,FALSE
2881,-2.3650669316691726,19.024061530750213,-1.8726120799844526,0.07618679915895424,0.23658901915493202,-4.577541444941424,miscanthus_sinensis_ssp_transmorrisonensis_6wks vs miscanthus_sinensis_15wks,FALSE
8394,1.680147318343927,17.03095853592129,1.872411568939709,0.07621580126083231,0.23658901915493202,-4.577860146043401,miscanthus_sinensis_ssp_transmorrisonensis_6wks vs miscanthus_sinensis_15wks,FALSE
5613,1.4082798376747938,19.181343843597194,1.8709799645226373,0.07642315198896749,0.23704834711729464,-4.580134925872184,miscanthus_sinensis_ssp_transmorrisonensis_6wks vs miscanthus_sinensis_15wks,FALSE
1493,1.0389984445010931,23.32649134042335,1.8700794043216018,0.07655384122572853,0.23709703489841547,-4.581565283721898,miscanthus_sinensis_ssp_transmorrisonensis_6wks vs miscanthus_sinensis_15wks,FALSE
1310,3.1726848240439693,18.628855299985226,1.870053283783805,0.07655763476554547,0.23709703489841547,-4.581606763912837,miscanthus_sinensis_ssp_transmorrisonensis_6wks vs miscanthus_sinensis_15wks,FALSE
19335,-1.065537092842547,16.79423935952558,-1.8686678551376994,0.07675908032191238,0.23753662685664667,-4.583806299713481,miscanthus_sinensis_ssp_transmorrisonensis_6wks vs miscanthus_sinensis_15wks,FALSE
15387,1.4412740861162163,17.051071248385057,1.8677745220459836,0.07688922051273223,0.23775504902155467,-4.58522398465919,miscanthus_sinensis_ssp_transmorrisonensis_6wks vs miscanthus_sinensis_15wks,FALSE
13191,1.3385490717014612,17.114999047243778,1.8662629644024376,0.07710986474501103,0.23817037783517914,-4.58762171442004,miscanthus_sinensis_ssp_transmorrisonensis_6wks vs miscanthus_sinensis_15wks,FALSE
1349,-3.061187828271141,19.154071007576267,-1.865702244780793,0.07719185509154373,0.23817037783517914,-4.588510826909931,miscanthus_sinensis_ssp_transmorrisonensis_6wks vs miscanthus_sinensis_15wks,FALSE
1351,1.7408739597041496,17.272540196088773,1.8656293319833697,0.07720252227422891,0.23817037783517914,-4.588626428648724,miscanthus_sinensis_ssp_transmorrisonensis_6wks vs miscanthus_sinensis_15wks,FALSE
2893,2.4838583495737296,17.876591840431992,1.8641455075344446,0.07741988802786064,0.2383142954815718,-4.590978331317612,miscanthus_sinensis_ssp_transmorrisonensis_6wks vs miscanthus_sinensis_15wks,FALSE
2096,-3.4578021775753705,19.031686886260847,-1.8640657838726025,0.0774315819605453,0.2383142954815718,-4.591104659329085,miscanthus_sinensis_ssp_transmorrisonensis_6wks vs miscanthus_sinensis_15wks,FALSE
7114,2.5289778111500105,19.262438748832416,1.864002665556863,0.07744084130726255,0.2383142954815718,-4.591204672328663,miscanthus_sinensis_ssp_transmorrisonensis_6wks vs miscanthus_sinensis_15wks,FALSE
3410,2.918176012147267,19.71193252893807,1.8636815407422014,0.07748796481339684,0.2383142954815718,-4.591713469077246,miscanthus_sinensis_ssp_transmorrisonensis_6wks vs miscanthus_sinensis_15wks,FALSE
12762,1.3182844102371725,17.067006324249945,1.862757941094452,0.07762363893420139,0.23854778031203383,-4.593176505315379,miscanthus_sinensis_ssp_transmorrisonensis_6wks vs miscanthus_sinensis_15wks,FALSE
3438,-3.0859595314439723,19.676250955518377,-1.8618026382634534,0.0777641895139873,0.23875545143237903,-4.594689239552717,miscanthus_sinensis_ssp_transmorrisonensis_6wks vs miscanthus_sinensis_15wks,FALSE
1257,-3.4594591871470577,19.2863685669999,-1.8612130258050559,0.0778510487028108,0.23875545143237903,-4.595622633521767,miscanthus_sinensis_ssp_transmorrisonensis_6wks vs miscanthus_sinensis_15wks,FALSE
20207,0.9902142754230034,16.7941230022849,1.8610801122108616,0.07787064072268474,0.23875545143237903,-4.595833016246998,miscanthus_sinensis_ssp_transmorrisonensis_6wks vs miscanthus_sinensis_15wks,FALSE
16486,1.4709429853560856,17.695573743673304,1.8602251731975348,0.07799676577476594,0.2388745614777804,-4.597186013555713,miscanthus_sinensis_ssp_transmorrisonensis_6wks vs miscanthus_sinensis_15wks,FALSE
9402,1.511481779030344,17.300480396391926,1.8600057483014787,0.07802916537250142,0.2388745614777804,-4.59753319929381,miscanthus_sinensis_ssp_transmorrisonensis_6wks vs miscanthus_sinensis_15wks,FALSE
12611,1.3302629254823017,16.84079015432275,1.85923271278367,0.07814340350501736,0.2390360547218054,-4.59875611381109,miscanthus_sinensis_ssp_transmorrisonensis_6wks vs miscanthus_sinensis_15wks,FALSE
560,1.2284937182469378,24.195533192246344,1.8588387770361976,0.07820167521710367,0.2390360547218054,-4.5993791721734105,miscanthus_sinensis_ssp_transmorrisonensis_6wks vs miscanthus_sinensis_15wks,FALSE
9200,1.9492126631027773,17.682228668239112,1.8563823550934304,0.078565894471584935,0.23979897422242397,-4.603262268214721,miscanthus_sinensis_ssp_transmorrisonensis_6wks vs miscanthus_sinensis_15wks,FALSE
11033,1.1521974141712086,17.144082948649945,1.8559513228854982,0.07862995780896599,0.23979897422242397,-4.603943278188083,miscanthus_sinensis_ssp_transmorrisonensis_6wks vs miscanthus_sinensis_15wks,FALSE
3437,2.304743250438648,18.721972280804067,1.8552431257541364,0.07873531501214902,0.23979897422242397,-4.605061959827181,miscanthus_sinensis_ssp_transmorrisonensis_6wks vs miscanthus_sinensis_15wks,FALSE
2709,-1.934203159517839,18.35042526994168,-1.8551658088231544,0.07874682480373636,0.23979897422242397,-4.605184073390457,miscanthus_sinensis_ssp_transmorrisonensis_6wks vs miscanthus_sinensis_15wks,FALSE
231,4.358085546902313,20.858989288418442,1.8551336199675372,0.0787516170354704,0.23979897422242397,-4.605234911107846,miscanthus_sinensis_ssp_transmorrisonensis_6wks vs miscanthus_sinensis_15wks,FALSE
2871,2.3393405112430763,17.294058221009966,1.8543875988486511,0.07886275528247425,0.23982512412267323,-4.606412975782563,miscanthus_sinensis_ssp_transmorrisonensis_6wks vs miscanthus_sinensis_15wks,FALSE
17082,1.104459123494383,16.996226158458008,1.854269526244721,0.07888035770868486,0.23982512412267323,-4.606599398029759,miscanthus_sinensis_ssp_transmorrisonensis_6wks vs miscanthus_sinensis_15wks,FALSE
2548,-2.3726451497940495,18.16863968233488,-1.8523430048146126,0.07916805318635599,0.2400624517772233,-4.609639989426022,miscanthus_sinensis_ssp_transmorrisonensis_6wks vs miscanthus_sinensis_15wks,FALSE
18529,1.2666216219856494,17.13807712353993,1.8521629379857398,0.07919499026117746,0.2400624517772233,-4.609924074509622,miscanthus_sinensis_ssp_transmorrisonensis_6wks vs miscanthus_sinensis_15wks,FALSE
693,-3.3343881423254995,18.61327170882208,-1.8519084052890973,0.07923308075199995,0.2400624517772233,-4.61032560941028,miscanthus_sinensis_ssp_transmorrisonensis_6wks vs miscanthus_sinensis_15wks,FALSE
4759,2.8899721201470037,19.250505149498316,1.851559795778486,0.0792852757733278,0.2400624517772233,-4.61087549251328,miscanthus_sinensis_ssp_transmorrisonensis_6wks vs miscanthus_sinensis_15wks,FALSE
3873,2.072574626599426,17.766535213748433,1.8513957333318891,0.07930985019673305,0.2400624517772233,-4.611134253635617,miscanthus_sinensis_ssp_transmorrisonensis_6wks vs miscanthus_sinensis_15wks,FALSE
18628,1.0771172082203897,16.640173540128327,1.8509772138954694,0.07937256920898268,0.2400624517772233,-4.611794275811886,miscanthus_sinensis_ssp_transmorrisonensis_6wks vs miscanthus_sinensis_15wks,FALSE
15437,1.2341725506279175,16.88661292670125,1.8506511842400983,0.07942145788641727,0.2400624517772233,-4.612308366792293,miscanthus_sinensis_ssp_transmorrisonensis_6wks vs miscanthus_sinensis_15wks,FALSE
10291,1.782649791790373,17.300709834120653,1.8505308844005361,0.07943950370684168,0.2400624517772233,-4.612498042598995,miscanthus_sinensis_ssp_transmorrisonensis_6wks vs miscanthus_sinensis_15wks,FALSE
8356,1.4602983000115621,17.013714267250847,1.8492759483207963,0.07962796727040486,0.2404499586561696,-4.6144761850151905,miscanthus_sinensis_ssp_transmorrisonensis_6wks vs miscanthus_sinensis_15wks,FALSE
8767,1.356164388124455,16.93719271516847,1.8481358478780041,0.07979952455945548,0.24078586700026172,-4.616272513226146,miscanthus_sinensis_ssp_transmorrisonensis_6wks vs miscanthus_sinensis_15wks,FALSE
13087,1.272860515321998,16.82519957681713,1.8474117264208227,0.07990865522169008,0.24093304504908367,-4.617413034327267,miscanthus_sinensis_ssp_transmorrisonensis_6wks vs miscanthus_sinensis_15wks,FALSE
4822,1.6841101906027873,17.15875087415482,1.8441473308966703,0.0804022491408808,0.24223832344935559,-4.622550770808702,miscanthus_sinensis_ssp_transmorrisonensis_6wks vs miscanthus_sinensis_15wks,FALSE
2914,-2.2296690414596405,18.00339314992061,-1.8417858789208483,0.08076097519793382,0.24313560557326683,-4.626263487405758,miscanthus_sinensis_ssp_transmorrisonensis_6wks vs miscanthus_sinensis_15wks,FALSE
58,-5.080417016079661,20.039716742593296,-1.8408641607247451,0.08090137221054924,0.24337473840581203,-4.627711738772912,miscanthus_sinensis_ssp_transmorrisonensis_6wks vs miscanthus_sinensis_15wks,FALSE
7477,-2.190444905757154,18.362604483903038,-1.83945176814418,0.08111692360648676,0.2438394269857644,-4.629929992369352,miscanthus_sinensis_ssp_transmorrisonensis_6wks vs miscanthus_sinensis_15wks,FALSE
10723,1.2723566652110385,16.64753990970339,1.8364917940533643,0.08157028859271324,0.2450177517397376,-4.634575007472713,miscanthus_sinensis_ssp_transmorrisonensis_6wks vs miscanthus_sinensis_15wks,FALSE
3507,-1.52531910666157,17.657357384013626,-1.835344452556137,0.08174661642147696,0.2450501660213678,-4.636374111854368,miscanthus_sinensis_ssp_transmorrisonensis_6wks vs miscanthus_sinensis_15wks,FALSE
3523,1.2995912223838175,16.93239288451779,1.8351749779593935,0.08177269015592022,0.2450501660213678,-4.636639792881982,miscanthus_sinensis_ssp_transmorrisonensis_6wks vs miscanthus_sinensis_15wks,FALSE
2303,-3.2817695305618244,18.940881818472118,-1.8347380507612112,0.0818399451209915,0.2450501660213678,-4.637324674292239,miscanthus_sinensis_ssp_transmorrisonensis_6wks vs miscanthus_sinensis_15wks,FALSE
10565,1.507136115741961,17.38141781786432,1.8342936183973377,0.081908404943551,0.2450501660213678,-4.638021204266174,miscanthus_sinensis_ssp_transmorrisonensis_6wks vs miscanthus_sinensis_15wks,FALSE
11201,1.418156329280361,16.977869212122613,1.8342205435941903,0.08191966608897487,0.2450501660213678,-4.638135718481252,miscanthus_sinensis_ssp_transmorrisonensis_6wks vs miscanthus_sinensis_15wks,FALSE
13952,1.4100227030863621,17.94558023249528,1.8340276930776798,0.08194939169301754,0.2450501660213678,-4.6384379159118785,miscanthus_sinensis_ssp_transmorrisonensis_6wks vs miscanthus_sinensis_15wks,FALSE
11880,1.0731405716079934,16.91091668978005,1.833250128888978,0.082069339599019,0.2452251524545538,-4.639656138610092,miscanthus_sinensis_ssp_transmorrisonensis_6wks vs miscanthus_sinensis_15wks,FALSE
10725,1.0185388413728127,16.91743864257375,1.831587748607967,0.08232629505949074,0.24578488602081186,-4.642259417500685,miscanthus_sinensis_ssp_transmorrisonensis_6wks vs miscanthus_sinensis_15wks,FALSE
2544,1.6624511223111362,20.986261593760823,1.831242141743234,0.08237980398192542,0.24578488602081186,-4.6428004306607535,miscanthus_sinensis_ssp_transmorrisonensis_6wks vs miscanthus_sinensis_15wks,FALSE
17790,1.3040758720855656,16.818859219254637,1.8296988912431018,0.08261911024620665,0.24631477826949733,-4.645215372425188,miscanthus_sinensis_ssp_transmorrisonensis_6wks vs miscanthus_sinensis_15wks,FALSE
185,-4.610542046720202,21.29451772647562,-1.8281888729303155,0.08285385092786483,0.24678981405855874,-4.647576944680305,miscanthus_sinensis_ssp_transmorrisonensis_6wks vs miscanthus_sinensis_15wks,FALSE
3946,2.015040493686847,17.360056744296955,1.8278790322281335,0.08290208934181545,0.24678981405855874,-4.648061348537903,miscanthus_sinensis_ssp_transmorrisonensis_6wks vs miscanthus_sinensis_15wks,FALSE
540,2.0315903162689146,19.652848131105166,1.8272342326170585,0.08300255541192708,0.24690476989896643,-4.649069243329938,miscanthus_sinensis_ssp_transmorrisonensis_6wks vs miscanthus_sinensis_15wks,FALSE
11263,1.6982515013597457,16.981582602690498,1.8265109816351508,0.08311537147299086,0.2470562642741471,-4.650199472825433,miscanthus_sinensis_ssp_transmorrisonensis_6wks vs miscanthus_sinensis_15wks,FALSE
9057,1.4975381325024308,16.99921418431202,1.824746560901762,0.08339115596075508,0.2476915882405761,-4.652955442203165,miscanthus_sinensis_ssp_transmorrisonensis_6wks vs miscanthus_sinensis_15wks,FALSE
11729,1.4064640591430084,16.979785918095413,1.8243396004548265,0.08345487841608915,0.24769656106842222,-4.653590838966653,miscanthus_sinensis_ssp_transmorrisonensis_6wks vs miscanthus_sinensis_15wks,FALSE
12687,1.461426617503804,18.141901727241954,1.8232359106296148,0.08362790975939377,0.24792259539049957,-4.6553135596797475,miscanthus_sinensis_ssp_transmorrisonensis_6wks vs miscanthus_sinensis_15wks,FALSE
12674,1.272744851317892,17.082860036888437,1.8223594952124336,0.08376553303806172,0.24792259539049957,-4.6566810174452105,miscanthus_sinensis_ssp_transmorrisonensis_6wks vs miscanthus_sinensis_15wks,FALSE
19356,1.148060888394749,17.03091206464713,1.822306233869353,0.08377390301952334,0.24792259539049957,-4.656764105580365,miscanthus_sinensis_ssp_transmorrisonensis_6wks vs miscanthus_sinensis_15wks,FALSE
21308,1.0414726235781089,17.015755026190895,1.8222709121548175,0.08377945420385369,0.24792259539049957,-4.656819206815483,miscanthus_sinensis_ssp_transmorrisonensis_6wks vs miscanthus_sinensis_15wks,FALSE
2640,-2.163516489492867,18.05037225411714,-1.8218731502534606,0.08384198889484076,0.2479238664208921,-4.657439656900114,miscanthus_sinensis_ssp_transmorrisonensis_6wks vs miscanthus_sinensis_15wks,FALSE
13198,1.2136783982874988,17.062614964061098,1.820286371927666,0.0840918619606595,0.248330226023581,-4.6599138600259735,miscanthus_sinensis_ssp_transmorrisonensis_6wks vs miscanthus_sinensis_15wks,FALSE
15542,1.3175915380445886,17.29295045626405,1.8200367729675528,0.08413122587178667,0.248330226023581,-4.660302913640853,miscanthus_sinensis_ssp_transmorrisonensis_6wks vs miscanthus_sinensis_15wks,FALSE
1943,-2.655380626737063,19.67657302303797,-1.8195488445628418,0.08420822282152025,0.248330226023581,-4.661063347649775,miscanthus_sinensis_ssp_transmorrisonensis_6wks vs miscanthus_sinensis_15wks,FALSE
4869,2.302805760033131,17.18414393768542,1.8194118822579843,0.08422984703775599,0.248330226023581,-4.661276777211428,miscanthus_sinensis_ssp_transmorrisonensis_6wks vs miscanthus_sinensis_15wks,FALSE
3697,2.739519712180332,19.206295602820386,1.8190282337443522,0.08429044495539886,0.248330226023581,-4.661874560503927,miscanthus_sinensis_ssp_transmorrisonensis_6wks vs miscanthus_sinensis_15wks,FALSE
9018,1.3415846372511808,17.18033231556268,1.817594620928426,0.08451722312389626,0.24853852738253204,-4.664107572307762,miscanthus_sinensis_ssp_transmorrisonensis_6wks vs miscanthus_sinensis_15wks,FALSE
3817,1.5861085416832879,17.036034524778906,1.8169550719379868,0.08461856263567266,0.24853852738253204,-4.665103345495529,miscanthus_sinensis_ssp_transmorrisonensis_6wks vs miscanthus_sinensis_15wks,FALSE
8688,1.492614927870921,17.56979823084997,1.8168471768175634,0.08463566956038994,0.24853852738253204,-4.665271313347178,miscanthus_sinensis_ssp_transmorrisonensis_6wks vs miscanthus_sinensis_15wks,FALSE
10603,1.2208964320994475,16.904786732304736,1.8168386883390628,0.0846370155486679,0.24853852738253204,-4.66528452765812,miscanthus_sinensis_ssp_transmorrisonensis_6wks vs miscanthus_sinensis_15wks,FALSE
12795,1.3839684867916908,17.119861154483786,1.8162383696673639,0.08473225332296172,0.24853852738253204,-4.666218955557217,miscanthus_sinensis_ssp_transmorrisonensis_6wks vs miscanthus_sinensis_15wks,FALSE
14511,1.3225749987082907,17.102354452052225,1.8161884977216463,0.08474016947786249,0.24853852738253204,-4.6662965742050035,miscanthus_sinensis_ssp_transmorrisonensis_6wks vs miscanthus_sinensis_15wks,FALSE
19157,1.0844891191538117,17.085763185262536,1.8158308195262352,0.08479696249874966,0.24853852738253204,-4.666853206310439,miscanthus_sinensis_ssp_transmorrisonensis_6wks vs miscanthus_sinensis_15wks,FALSE
13906,1.0563377339489932,16.735696968855095,1.8135974328102742,0.0851523361312588,0.24900165510971733,-4.6703271561800435,miscanthus_sinensis_ssp_transmorrisonensis_6wks vs miscanthus_sinensis_15wks,FALSE
19507,1.1576582902516286,16.687893120526034,1.8134713939931366,0.08517242990339786,0.24900165510971733,-4.670523115939556,miscanthus_sinensis_ssp_transmorrisonensis_6wks vs miscanthus_sinensis_15wks,FALSE
10516,1.6950421853227589,17.52714243737728,1.8133354068817666,0.08519411431929584,0.24900165510971733,-4.670734532220816,miscanthus_sinensis_ssp_transmorrisonensis_6wks vs miscanthus_sinensis_15wks,FALSE
7170,1.649475878089838,18.880755189212675,1.8132704489388574,0.08520447416830508,0.24900165510971733,-4.670835517053135,miscanthus_sinensis_ssp_transmorrisonensis_6wks vs miscanthus_sinensis_15wks,FALSE
7632,1.158322649616192,16.989788329884497,1.8123159190779494,0.08535683446805926,0.24926443540343274,-4.672319155793615,miscanthus_sinensis_ssp_transmorrisonensis_6wks vs miscanthus_sinensis_15wks,FALSE
16761,1.0976569580422044,17.56763793345594,1.8111521496179417,0.08554291431669528,0.24962522949725696,-4.674127280425074,miscanthus_sinensis_ssp_transmorrisonensis_6wks vs miscanthus_sinensis_15wks,FALSE
1714,-2.166230325722367,21.64402773279097,-1.8093611152579778,0.08582998055850133,0.2502799725270543,-4.676908387990387,miscanthus_sinensis_ssp_transmorrisonensis_6wks vs miscanthus_sinensis_15wks,FALSE
18027,1.0526579730830363,16.949143299771908,1.808910700617823,0.08590230473090378,0.2503080295516554,-4.6776074864953205,miscanthus_sinensis_ssp_transmorrisonensis_6wks vs miscanthus_sinensis_15wks,FALSE
5235,1.1520641171525945,17.164011937258284,1.8081176189718828,0.08602978078326362,0.25049663376133363,-4.678838150177551,miscanthus_sinensis_ssp_transmorrisonensis_6wks vs miscanthus_sinensis_15wks,FALSE
2245,-2.982468822106707,19.143790151891537,-1.8071715597147564,0.08618206113045997,0.2506309529363178,-4.680305702934577,miscanthus_sinensis_ssp_transmorrisonensis_6wks vs miscanthus_sinensis_15wks,FALSE
1993,-2.7461807935598266,21.520169321262458,-1.8057320479152588,0.0864142191920136,0.2506309529363178,-4.682537681410107,miscanthus_sinensis_ssp_transmorrisonensis_6wks vs miscanthus_sinensis_15wks,FALSE
1076,1.0405693722657396,23.911493444680502,1.805376075191935,0.08647171277713454,0.2506309529363178,-4.68308942889947,miscanthus_sinensis_ssp_transmorrisonensis_6wks vs miscanthus_sinensis_15wks,FALSE
19430,0.9774604377351324,17.160224909066102,1.8052624117934306,0.0864900777017624,0.2506309529363178,-4.683265587855809,miscanthus_sinensis_ssp_transmorrisonensis_6wks vs miscanthus_sinensis_15wks,FALSE
6372,1.4388010923284753,17.104666549905463,1.8051305967980977,0.08651137968379911,0.2506309529363178,-4.683469868976561,miscanthus_sinensis_ssp_transmorrisonensis_6wks vs miscanthus_sinensis_15wks,FALSE
13716,1.1312570590575923,16.952860419092403,1.8048796656834327,0.08655194406527061,0.2506309529363178,-4.683858722181632,miscanthus_sinensis_ssp_transmorrisonensis_6wks vs miscanthus_sinensis_15wks,FALSE
6948,1.7739653497251986,17.029041915096162,1.804814816371511,0.0865624300013277,0.2506309529363178,-4.683959209193293,miscanthus_sinensis_ssp_transmorrisonensis_6wks vs miscanthus_sinensis_15wks,FALSE
6778,2.109345480169104,19.871969160246486,1.8043845849588411,0.08663202511356431,0.2506309529363178,-4.6846258086407415,miscanthus_sinensis_ssp_transmorrisonensis_6wks vs miscanthus_sinensis_15wks,FALSE
5548,2.173291499801234,19.382665938851943,1.8041901662224005,0.086663490656991915,0.2506309529363178,-4.684927004009797,miscanthus_sinensis_ssp_transmorrisonensis_6wks vs miscanthus_sinensis_15wks,FALSE
460,-4.280562098392377,22.383562845956877,-1.8038027116489017,0.0867262275914855,0.2506309529363178,-4.685527184532809,miscanthus_sinensis_ssp_transmorrisonensis_6wks vs miscanthus_sinensis_15wks,FALSE
1458,3.2016054127351516,19.503900343074992,1.8035539549344395,0.08676652729408597,0.2506309529363178,-4.685912469667432,miscanthus_sinensis_ssp_transmorrisonensis_6wks vs miscanthus_sinensis_15wks,FALSE
7363,1.3990127528427152,17.225615376007955,1.80201294836882,0.08701654058016747,0.25117138828346247,-4.688298417057052,miscanthus_sinensis_ssp_transmorrisonensis_6wks vs miscanthus_sinensis_15wks,FALSE
10756,2.021529550753293,17.783855599433483,1.801050402350523,0.08717302208278892,0.25144126022723506,-4.689788005730485,miscanthus_sinensis_ssp_transmorrisonensis_6wks vs miscanthus_sinensis_15wks,FALSE
2019,2.9275352027347523,19.704349409499553,1.8003629806181867,0.08728492629198385,0.25151755138848486,-4.6908514838944395,miscanthus_sinensis_ssp_transmorrisonensis_6wks vs miscanthus_sinensis_15wks,FALSE
13336,1.2062296283861542,17.133300164061822,1.800114035050092,0.08732548252115231,0.25151755138848486,-4.691236545732433,miscanthus_sinensis_ssp_transmorrisonensis_6wks vs miscanthus_sinensis_15wks,FALSE
5810,1.364054612460059,17.190424177203703,1.7995526671433866,0.08741699626056158,0.2515996027917533,-4.692104716299043,miscanthus_sinensis_ssp_transmorrisonensis_6wks vs miscanthus_sinensis_15wks,FALSE
6434,1.9076803944706917,17.290545522607378,1.798729412158716,0.08755135345234036,0.2518047571914573,-4.693377558481356,miscanthus_sinensis_ssp_transmorrisonensis_6wks vs miscanthus_sinensis_15wks,FALSE
15466,1.237258674640234,17.226214130539393,1.7975634647033594,0.08774194609455781,0.25217123744382636,-4.695179540831566,miscanthus_sinensis_ssp_transmorrisonensis_6wks vs miscanthus_sinensis_15wks,FALSE
3589,1.6928382316279205,17.388107684928908,1.7964085028642884,0.08793109848660403,0.25253305407088006,-4.696963735472661,miscanthus_sinensis_ssp_transmorrisonensis_6wks vs miscanthus_sinensis_15wks,FALSE
1221,-2.302281473623701,21.012252226458898,-1.7943522220421084,0.08826874058682052,0.2529861866579925,-4.700138299795306,miscanthus_sinensis_ssp_transmorrisonensis_6wks vs miscanthus_sinensis_15wks,FALSE
4802,-2.4681716748830844,18.582332768071296,-1.7940908605136485,0.08831173684707878,0.2529861866579925,-4.7005416164703675,miscanthus_sinensis_ssp_transmorrisonensis_6wks vs miscanthus_sinensis_15wks,FALSE
13185,1.273302176895644,16.91160054176141,1.7938903223380742,0.08834473947043618,0.2529861866579925,-4.7008510463495305,miscanthus_sinensis_ssp_transmorrisonensis_6wks vs miscanthus_sinensis_15wks,FALSE
6142,1.2559855575937178,17.259375707328346,1.7932874666622796,0.08844401613321437,0.2529861866579925,-4.701781104524188,miscanthus_sinensis_ssp_transmorrisonensis_6wks vs miscanthus_sinensis_15wks,FALSE
4160,-2.4009724641921757,18.03150446879149,-1.7932557062283159,0.08844924904329594,0.2529861866579925,-4.701830096969816,miscanthus_sinensis_ssp_transmorrisonensis_6wks vs miscanthus_sinensis_15wks,FALSE
5994,1.0454087050039007,16.876197873510634,1.7931351329424403,0.08846911737839618,0.2529861866579925,-4.702016083206314,miscanthus_sinensis_ssp_transmorrisonensis_6wks vs miscanthus_sinensis_15wks,FALSE
19200,1.004197294384909,17.018279724544392,1.7914326512681669,0.08875007025343928,0.25347363790166627,-4.704641248860595,miscanthus_sinensis_ssp_transmorrisonensis_6wks vs miscanthus_sinensis_15wks,FALSE
4482,-2.522420427350923,18.814462695115207,-1.7913328163645057,0.08876656958580396,0.25347363790166627,-4.704795136198276,miscanthus_sinensis_ssp_transmorrisonensis_6wks vs miscanthus_sinensis_15wks,FALSE
12243,1.2984462233158993,16.610077087550714,1.790807326217654,0.08885345925366016,0.2534995991976545,-4.705605036698735,miscanthus_sinensis_ssp_transmorrisonensis_6wks vs miscanthus_sinensis_15wks,FALSE
1423,2.3622979283393413,20.488178950367093,1.7901765437043058,0.08895785652830412,0.2534995991976545,-4.706576995746511,miscanthus_sinensis_ssp_transmorrisonensis_6wks vs miscanthus_sinensis_15wks,FALSE
12910,1.0949730773339112,17.00275473436758,1.7901263586179383,0.08896616695288427,0.2534995991976545,-4.706654314493199,miscanthus_sinensis_ssp_transmorrisonensis_6wks vs miscanthus_sinensis_15wks,FALSE
21661,1.002272418538542,17.046896165495212,1.788732177869753,0.0891973066730188,0.25397692456397364,-4.708801678694761,miscanthus_sinensis_ssp_transmorrisonensis_6wks vs miscanthus_sinensis_15wks,FALSE
670,2.2137276266029104,23.234644213587465,1.7870929156479454,0.0894697449082286,0.2542160826682887,-4.711325016606229,miscanthus_sinensis_ssp_transmorrisonensis_6wks vs miscanthus_sinensis_15wks,FALSE
1978,1.047349488186594,22.418585223656912,1.7870712229471097,0.08947335497746128,0.2542160826682887,-4.711358397525542,miscanthus_sinensis_ssp_transmorrisonensis_6wks vs miscanthus_sinensis_15wks,FALSE
22260,0.9499009807408072,16.909901309992225,1.7867093458175247,0.08953359671733736,0.2542160826682887,-4.711915215079404,miscanthus_sinensis_ssp_transmorrisonensis_6wks vs miscanthus_sinensis_15wks,FALSE
11318,1.0769060752896564,17.0464963873193,1.785852216193456,0.08967642366433334,0.2542160826682887,-4.713233756373876,miscanthus_sinensis_ssp_transmorrisonensis_6wks vs miscanthus_sinensis_15wks,FALSE
5703,1.34370401216837,16.996323690782955,1.7854650759828192,0.08974099918432776,0.2542160826682887,-4.713829156244697,miscanthus_sinensis_ssp_transmorrisonensis_6wks vs miscanthus_sinensis_15wks,FALSE
9166,2.1059068175945512,18.34333668122198,1.7850007939521324,0.08981849527422765,0.2542160826682887,-4.7145430757148965,miscanthus_sinensis_ssp_transmorrisonensis_6wks vs miscanthus_sinensis_15wks,FALSE
10050,1.443504595446548,17.214210226207587,1.7849872394396067,0.08982075861106162,0.2542160826682887,-4.714563916314753,miscanthus_sinensis_ssp_transmorrisonensis_6wks vs miscanthus_sinensis_15wks,FALSE
4227,2.905792943052667,18.515481502144297,1.784772025948953,0.08985670165967141,0.2542160826682887,-4.714894800607694,miscanthus_sinensis_ssp_transmorrisonensis_6wks vs miscanthus_sinensis_15wks,FALSE
9710,1.6702945261804203,17.97737148825209,1.784485944350019,0.08990449979082372,0.2542160826682887,-4.715334598875702,miscanthus_sinensis_ssp_transmorrisonensis_6wks vs miscanthus_sinensis_15wks,FALSE
7868,1.0445838459563817,19.912528301396602,1.7840896141044809,0.08997075456662383,0.2542160826682887,-4.715943802051838,miscanthus_sinensis_ssp_transmorrisonensis_6wks vs miscanthus_sinensis_15wks,FALSE
15899,1.1872335280289192,17.01029004379832,1.7840235970588352,0.0899817947921573,0.2542160826682887,-4.716045268225352,miscanthus_sinensis_ssp_transmorrisonensis_6wks vs miscanthus_sinensis_15wks,FALSE
582,-4.307826803258884,21.199067483137068,-1.7833823344896331,0.09008909619345622,0.25433923055465146,-4.7170307311005635,miscanthus_sinensis_ssp_transmorrisonensis_6wks vs miscanthus_sinensis_15wks,FALSE
6532,1.7322741930702854,17.342569135290233,1.7827784138885323,0.0901902506953715,0.25437252995127674,-4.7179585796631445,miscanthus_sinensis_ssp_transmorrisonensis_6wks vs miscanthus_sinensis_15wks,FALSE
11285,1.2597491953024047,17.074253116597554,1.7825512084953878,0.09022833226728655,0.25437252995127674,-4.718307594873679,miscanthus_sinensis_ssp_transmorrisonensis_6wks vs miscanthus_sinensis_15wks,FALSE
20192,1.0291899453885343,16.51888436889081,1.7801254286935004,0.09063578379847168,0.2553408954999993,-4.722031928073946,miscanthus_sinensis_ssp_transmorrisonensis_6wks vs miscanthus_sinensis_15wks,FALSE
946,2.4600560744895823,19.678493850944363,1.7789959240215216,0.09082604729711938,0.25544215555358274,-4.723764847914646,miscanthus_sinensis_ssp_transmorrisonensis_6wks vs miscanthus_sinensis_15wks,FALSE
1239,-2.724860002777845,19.865043780116235,-1.7789204068150215,0.09083878040522289,0.25544215555358274,-4.723880680908769,miscanthus_sinensis_ssp_transmorrisonensis_6wks vs miscanthus_sinensis_15wks,FALSE
14236,1.338738846536085,16.78605437892634,1.7787726846732523,0.09086369260673535,0.25544215555358274,-4.724107256265865,miscanthus_sinensis_ssp_transmorrisonensis_6wks vs miscanthus_sinensis_15wks,FALSE
15260,1.149093895036163,17.027824873733483,1.7776246474667445,0.09105750216992009,0.25580686042387124,-4.725867654956906,miscanthus_sinensis_ssp_transmorrisonensis_6wks vs miscanthus_sinensis_15wks,FALSE
5958,1.513662175852545,19.24321341730738,1.7761172163330345,0.0913125279509206,0.2560279636627268,-4.7281779253231395,miscanthus_sinensis_ssp_transmorrisonensis_6wks vs miscanthus_sinensis_15wks,FALSE
21113,0.9931569263133326,16.90156383383625,1.77611584386476,0.09131276042552453,0.2560279636627268,-4.728180028118363,miscanthus_sinensis_ssp_transmorrisonensis_6wks vs miscanthus_sinensis_15wks,FALSE
1326,-3.146066659860871,19.052902391803652,-1.7760222658196239,0.09132861228850775,0.2560279636627268,-4.728323398819776,miscanthus_sinensis_ssp_transmorrisonensis_6wks vs miscanthus_sinensis_15wks,FALSE
695,-4.021074052710773,21.620224219013345,-1.7743154608649638,0.09161815895653873,0.256659431968072,-4.730937451122432,miscanthus_sinensis_ssp_transmorrisonensis_6wks vs miscanthus_sinensis_15wks,FALSE
10534,1.3771507086519357,16.981239917795897,1.7737726995621983,0.09171040082947761,0.25673767188728935,-4.7317683421873795,miscanthus_sinensis_ssp_transmorrisonensis_6wks vs miscanthus_sinensis_15wks,FALSE
780,2.1070397169022783,17.3832604973945,1.7724061250644751,0.09194300542964882,0.2572084636826616,-4.7338595764933125,miscanthus_sinensis_ssp_transmorrisonensis_6wks vs miscanthus_sinensis_15wks,FALSE
4223,2.272072063629615,17.292388144567454,1.7681591344201233,0.09266914907462848,0.2590341682702842,-4.740351332746345,miscanthus_sinensis_ssp_transmorrisonensis_6wks vs miscanthus_sinensis_15wks,FALSE
13769,1.3047531310615774,18.466054091351612,1.7678313002152504,0.09272540742941786,0.2590341682702842,-4.740851985051279,miscanthus_sinensis_ssp_transmorrisonensis_6wks vs miscanthus_sinensis_15wks,FALSE
2781,1.563668350155531,17.05300695553628,1.7663880373228302,0.09297343174590862,0.2595454122585085,-4.7430552802140795,miscanthus_sinensis_ssp_transmorrisonensis_6wks vs miscanthus_sinensis_15wks,FALSE
2764,2.0586225278373966,19.449065208373135,1.765581632030711,0.0931122620399544,0.25961750141995193,-4.744285786685852,miscanthus_sinensis_ssp_transmorrisonensis_6wks vs miscanthus_sinensis_15wks,FALSE
3516,1.305390692180783,21.546247416207734,1.7648432705944763,0.09323953516658762,0.25961750141995193,-4.7454121132919305,miscanthus_sinensis_ssp_transmorrisonensis_6wks vs miscanthus_sinensis_15wks,FALSE
334,1.895761996430867,22.700586839203343,1.7647532735660831,0.09325505845259875,0.25961750141995193,-4.74554937549677,miscanthus_sinensis_ssp_transmorrisonensis_6wks vs miscanthus_sinensis_15wks,FALSE
2414,2.4495521682372896,17.74279296690877,1.764728145862757,0.09325939304514305,0.25961750141995193,-4.745587699027465,miscanthus_sinensis_ssp_transmorrisonensis_6wks vs miscanthus_sinensis_15wks,FALSE
19003,1.1242943480440672,16.73700629429045,1.7635404033501039,0.09346448051578957,0.2600071123477575,-4.747398741956374,miscanthus_sinensis_ssp_transmorrisonensis_6wks vs miscanthus_sinensis_15wks,FALSE
19636,0.8662035024863144,17.000374232614718,1.7620766775293604,0.09371775837055007,0.26053014722509465,-4.749629403316117,miscanthus_sinensis_ssp_transmorrisonensis_6wks vs miscanthus_sinensis_15wks,FALSE
13126,1.1844835355371082,17.053448943961154,1.7599711897807113,0.09408312491494239,0.2613638376203549,-4.752835769607794,miscanthus_sinensis_ssp_transmorrisonensis_6wks vs miscanthus_sinensis_15wks,FALSE
1838,-1.282500293594822,23.4316219335983,-1.759587195917976,0.09414989216534315,0.2613674336050416,-4.753420244344851,miscanthus_sinensis_ssp_transmorrisonensis_6wks vs miscanthus_sinensis_15wks,FALSE
5692,-1.7766012909743765,18.841478332958523,-1.7583273882755033,0.09436922986608393,0.2617942777104983,-4.755337150988258,miscanthus_sinensis_ssp_transmorrisonensis_6wks vs miscanthus_sinensis_15wks,FALSE
3620,1.6543301047030283,16.890343141698327,1.757371718079614,0.09453591033419076,0.26207455142645103,-4.756790632532224,miscanthus_sinensis_ssp_transmorrisonensis_6wks vs miscanthus_sinensis_15wks,FALSE
1341,1.0620695583487318,23.27694383264831,1.7566104632467434,0.09466886432544229,0.2622610037384911,-4.757948023502196,miscanthus_sinensis_ssp_transmorrisonensis_6wks vs miscanthus_sinensis_15wks,FALSE
150,-1.5917573089182468,23.484117096308896,-1.756178084650372,0.09474445161666165,0.2622883847806611,-4.758605240592917,miscanthus_sinensis_ssp_transmorrisonensis_6wks vs miscanthus_sinensis_15wks,FALSE
18864,0.8899015742333063,16.930449805007477,1.755006357573722,0.09494955194534924,0.26250527711682603,-4.760385689130223,miscanthus_sinensis_ssp_transmorrisonensis_6wks vs miscanthus_sinensis_15wks,FALSE
4224,1.8153110489522675,17.40666837365877,1.7547855913558053,0.09498823798922548,0.26250527711682603,-4.760721050078391,miscanthus_sinensis_ssp_transmorrisonensis_6wks vs miscanthus_sinensis_15wks,FALSE
17906,0.9356579116257286,16.821179872894778,1.7546039880934987,0.09502007150145632,0.26250527711682603,-4.760996896867603,miscanthus_sinensis_ssp_transmorrisonensis_6wks vs miscanthus_sinensis_15wks,FALSE
2838,1.6495747136087857,17.537462010910904,1.7518323093724792,0.09550706758001005,0.26366819763443994,-4.765204412660866,miscanthus_sinensis_ssp_transmorrisonensis_6wks vs miscanthus_sinensis_15wks,FALSE
7186,1.5442109397977823,17.006201281534576,1.7498442202210145,0.0958577089658138,0.2644533339264193,-4.768219477637332,miscanthus_sinensis_ssp_transmorrisonensis_6wks vs miscanthus_sinensis_15wks,FALSE
5,1.3418506417697813,26.938472558245202,1.7480856915975753,0.09616878770717477,0.26512831528110614,-4.770884355808729,miscanthus_sinensis_ssp_transmorrisonensis_6wks vs miscanthus_sinensis_15wks,FALSE
8568,1.5799502417144176,17.153234564807523,1.7459940098065425,0.0965399337786343,0.2658641054999207,-4.774051594462984,miscanthus_sinensis_ssp_transmorrisonensis_6wks vs miscanthus_sinensis_15wks,FALSE
8030,0.882636278961229,17.3014386559933,1.7458311906930026,0.09656887599571268,0.2658641054999207,-4.774298022200299,miscanthus_sinensis_ssp_transmorrisonensis_6wks vs miscanthus_sinensis_15wks,FALSE
14319,1.3279291729061136,16.96295885829636,1.7453076699738013,0.09666198610923947,0.26593704241770083,-4.775090262346781,miscanthus_sinensis_ssp_transmorrisonensis_6wks vs miscanthus_sinensis_15wks,FALSE
4214,2.1833065662503124,17.663555128446237,1.7440022120369771,0.09689450387804992,0.26639315391265517,-4.777065059904383,miscanthus_sinensis_ssp_transmorrisonensis_6wks vs miscanthus_sinensis_15wks,FALSE
1334,3.0713595412789267,18.37251119102659,1.7425902859955777,0.097146527436688,0.2664331706487118,-4.779199720365255,miscanthus_sinensis_ssp_transmorrisonensis_6wks vs miscanthus_sinensis_15wks,FALSE
6483,-1.827665496066139,18.0301258826803,-1.7424160324570888,0.0971776701748994,0.2664331706487118,-4.779463084465408,miscanthus_sinensis_ssp_transmorrisonensis_6wks vs miscanthus_sinensis_15wks,FALSE
16691,0.9312367271519655,17.06179632985346,1.7424002827764793,0.09718048539489346,0.2664331706487118,-4.77948688735683,miscanthus_sinensis_ssp_transmorrisonensis_6wks vs miscanthus_sinensis_15wks,FALSE
11737,1.0768221485167224,16.853314747023585,1.74193157600157,0.09726429785015447,0.2664331706487118,-4.780195185054882,miscanthus_sinensis_ssp_transmorrisonensis_6wks vs miscanthus_sinensis_15wks,FALSE
6356,1.3591916983028511,17.272098789938358,1.7413408551493694,0.09737001713282006,0.2664331706487118,-4.78108767233325,miscanthus_sinensis_ssp_transmorrisonensis_6wks vs miscanthus_sinensis_15wks,FALSE
6230,2.3982647388131078,17.573121482721866,1.7412855328630692,0.09737992304082846,0.2664331706487118,-4.7811712445612855,miscanthus_sinensis_ssp_transmorrisonensis_6wks vs miscanthus_sinensis_15wks,FALSE
9006,1.5641186592828689,17.76936050391831,1.741040404857119,0.09742382566369144,0.2664331706487118,-4.7815415225294515,miscanthus_sinensis_ssp_transmorrisonensis_6wks vs miscanthus_sinensis_15wks,FALSE
3480,-2.351652966737994,18.578065999420392,-1.7409334133527719,0.09744299327332646,0.2664331706487118,-4.781703126742293,miscanthus_sinensis_ssp_transmorrisonensis_6wks vs miscanthus_sinensis_15wks,FALSE
8113,1.313410373249468,16.921120930047508,1.7402543284430712,0.09756472762158278,0.2665834309824493,-4.782728677117419,miscanthus_sinensis_ssp_transmorrisonensis_6wks vs miscanthus_sinensis_15wks,FALSE
2576,1.3108645341515839,21.978558013801504,1.7395537722184025,0.0976904482329362,0.2667443702776206,-4.783786351966845,miscanthus_sinensis_ssp_transmorrisonensis_6wks vs miscanthus_sinensis_15wks,FALSE
2724,-3.0059519748187427,20.171959275152428,-1.7371417147223784,0.09812437973864441,0.267554706801542,-4.787425647703907,miscanthus_sinensis_ssp_transmorrisonensis_6wks vs miscanthus_sinensis_15wks,FALSE
12703,1.3569128206440766,16.679943353606035,1.7366479518421998,0.09821341251802031,0.267554706801542,-4.788170185714961,miscanthus_sinensis_ssp_transmorrisonensis_6wks vs miscanthus_sinensis_15wks,FALSE
7028,1.4817177555826255,17.020777001843392,1.7366251250686586,0.09821753020567812,0.267554706801542,-4.788204602197368,miscanthus_sinensis_ssp_transmorrisonensis_6wks vs miscanthus_sinensis_15wks,FALSE
10593,1.3707367025503103,16.81821774804564,1.7364157241338676,0.09825531066409333,0.267554706801542,-4.788520305891775,miscanthus_sinensis_ssp_transmorrisonensis_6wks vs miscanthus_sinensis_15wks,FALSE
16945,0.837026739204731,16.869523558691732,1.7352566808685193,0.09846465348582809,0.26758593767467825,-4.790267243820314,miscanthus_sinensis_ssp_transmorrisonensis_6wks vs miscanthus_sinensis_15wks,FALSE
2670,-2.2753650806174583,18.349890309803037,-1.73496757667003,0.09851693037935251,0.26758593767467825,-4.790702857739641,miscanthus_sinensis_ssp_transmorrisonensis_6wks vs miscanthus_sinensis_15wks,FALSE
928,1.1010552547841286,23.6981958351842,1.7348600719570197,0.0985363758724793,0.26758593767467825,-4.79086482942561,miscanthus_sinensis_ssp_transmorrisonensis_6wks vs miscanthus_sinensis_15wks,FALSE
3756,1.832476766872638,17.16737244719248,1.7341880718938758,0.09865800237494231,0.26758593767467825,-4.791877132659054,miscanthus_sinensis_ssp_transmorrisonensis_6wks vs miscanthus_sinensis_15wks,FALSE
1702,3.781639137516237,19.927010174070556,1.7341840032278124,0.09865873916345506,0.26758593767467825,-4.791883260851245,miscanthus_sinensis_ssp_transmorrisonensis_6wks vs miscanthus_sinensis_15wks,FALSE
2502,1.1541437842844928,22.668541861110832,1.7341275482911587,0.09866896299026212,0.26758593767467825,-4.791968291754966,miscanthus_sinensis_ssp_transmorrisonensis_6wks vs miscanthus_sinensis_15wks,FALSE
11677,0.8317201884494239,16.817078452291135,1.7332068161605831,0.09883583366639298,0.2677978923059767,-4.793354792111712,miscanthus_sinensis_ssp_transmorrisonensis_6wks vs miscanthus_sinensis_15wks,FALSE
2055,2.3330415992227636,18.283977235763835,1.7329562590209728,0.09888128588652546,0.2677978923059767,-4.793732006041385,miscanthus_sinensis_ssp_transmorrisonensis_6wks vs miscanthus_sinensis_15wks,FALSE
2457,-2.689405409860509,19.76426418101679,-1.7314759187204734,0.09915019360567265,0.2683441172026069,-4.795959856870195,miscanthus_sinensis_ssp_transmorrisonensis_6wks vs miscanthus_sinensis_15wks,FALSE
116,1.5609573381973618,26.43348505027456,1.729823082872261,0.09945117862888227,0.26897262552061063,-4.798445683606741,miscanthus_sinensis_ssp_transmorrisonensis_6wks vs miscanthus_sinensis_15wks,FALSE
11728,1.3316620118555953,16.8507588807913,1.7294612368149975,0.09951717632613774,0.26897262552061063,-4.798989663091305,miscanthus_sinensis_ssp_transmorrisonensis_6wks vs miscanthus_sinensis_15wks,FALSE
3098,2.4786938667469727,19.249089921874255,1.7289930132066513,0.09960263229304002,0.26902145339229755,-4.799693442820942,miscanthus_sinensis_ssp_transmorrisonensis_6wks vs miscanthus_sinensis_15wks,FALSE
916,0.9703386830899383,24.27487199003712,1.7276550294006199,0.09984717691141348,0.26949961476021816,-4.801703787365323,miscanthus_sinensis_ssp_transmorrisonensis_6wks vs miscanthus_sinensis_15wks,FALSE
2691,0.7124418968767081,23.352697713927963,1.7267715238766197,0.10000893887005623,0.2697538405197733,-4.8030306539378955,miscanthus_sinensis_ssp_transmorrisonensis_6wks vs miscanthus_sinensis_15wks,FALSE
3776,2.211614512474931,17.834689514726556,1.7257935948014318,0.10018825153245418,0.27005503046425194,-4.804498755836787,miscanthus_sinensis_ssp_transmorrisonensis_6wks vs miscanthus_sinensis_15wks,FALSE
10157,1.39864956542786,17.46268165212557,1.725335837924956,0.10027228052848935,0.2700991524087244,-4.8051857501827735,miscanthus_sinensis_ssp_transmorrisonensis_6wks vs miscanthus_sinensis_15wks,FALSE
15405,1.18215450250484,17.10743635827734,1.7241333571919464,0.10049330468992138,0.2705119840338275,-4.806989786658963,miscanthus_sinensis_ssp_transmorrisonensis_6wks vs miscanthus_sinensis_15wks,FALSE
24498,-0.9597615478711781,16.94978127856499,-1.7232032374001534,0.10066455402185162,0.2707658664769372,-4.808384586267763,miscanthus_sinensis_ssp_transmorrisonensis_6wks vs miscanthus_sinensis_15wks,FALSE
5465,1.4120644205195845,17.011650757809058,1.7226026380570327,0.10077526672450925,0.2707658664769372,-4.80928495048969,miscanthus_sinensis_ssp_transmorrisonensis_6wks vs miscanthus_sinensis_15wks,FALSE
16510,1.1560755201773247,16.920979321559162,1.7225167826335663,0.10079110159938091,0.2707658664769372,-4.809413638620813,miscanthus_sinensis_ssp_transmorrisonensis_6wks vs miscanthus_sinensis_15wks,FALSE
9362,1.3668841212993428,16.89536392438895,1.720518509799616,0.10116026020454107,0.27146796436045545,-4.812407524800189,miscanthus_sinensis_ssp_transmorrisonensis_6wks vs miscanthus_sinensis_15wks,FALSE
4099,2.339754706350508,19.350600221734716,1.7200627469669567,0.10124461970429516,0.27146796436045545,-4.813090013035621,miscanthus_sinensis_ssp_transmorrisonensis_6wks vs miscanthus_sinensis_15wks,FALSE
4856,2.3579667015165064,17.9566746624901,1.7199582850880262,0.1012639635995431,0.27146796436045545,-4.813246422441489,miscanthus_sinensis_ssp_transmorrisonensis_6wks vs miscanthus_sinensis_15wks,FALSE
341,-2.8371803216378133,20.193436972300898,-1.7196316693806761,0.10132446565558081,0.27146796436045545,-4.813735415471472,miscanthus_sinensis_ssp_transmorrisonensis_6wks vs miscanthus_sinensis_15wks,FALSE
5472,1.9067521488191659,19.56235487218899,1.7191324746482866,0.10141699608272371,0.2715336340457633,-4.814482655340533,miscanthus_sinensis_ssp_transmorrisonensis_6wks vs miscanthus_sinensis_15wks,FALSE
18156,1.1198958439043132,17.076085747554007,1.7169089278197358,0.10183003291206368,0.2724567636628406,-4.817809151018865,miscanthus_sinensis_ssp_transmorrisonensis_6wks vs miscanthus_sinensis_15wks,FALSE
4445,1.7250821254508324,17.4475664463045,1.7155549412160576,0.10208225027692644,0.27294865579738137,-4.819833227628678,miscanthus_sinensis_ssp_transmorrisonensis_6wks vs miscanthus_sinensis_15wks,FALSE
9776,1.376020302400228,17.79886476681772,1.7149856811531028,0.10218845059072375,0.27304972875379463,-4.820683869338429,miscanthus_sinensis_ssp_transmorrisonensis_6wks vs miscanthus_sinensis_15wks,FALSE
7172,1.9841608906983943,18.762210971027883,1.7140774281754343,0.10235808914813888,0.2733200614577728,-4.822040641679317,miscanthus_sinensis_ssp_transmorrisonensis_6wks vs miscanthus_sinensis_15wks,FALSE
7100,1.163473414220185,16.774310951786852,1.7134745440116104,0.10247082589942114,0.2734381931754607,-4.822940957815947,miscanthus_sinensis_ssp_transmorrisonensis_6wks vs miscanthus_sinensis_15wks,FALSE
19870,1.071195335092245,16.891377714267993,1.7127075732577193,0.10261440002238154,0.2736384000596841,-4.824085979926263,miscanthus_sinensis_ssp_transmorrisonensis_6wks vs miscanthus_sinensis_15wks,FALSE
5899,1.7389881192066596,17.079749294638408,1.7118757198433354,0.10277031490336658,0.2738712263646458,-4.825327445278051,miscanthus_sinensis_ssp_transmorrisonensis_6wks vs miscanthus_sinensis_15wks,FALSE
1947,2.548599520201215,18.32036535602873,1.7109338075964196,0.10294710333560238,0.27406827548310947,-4.826732634228615,miscanthus_sinensis_ssp_transmorrisonensis_6wks vs miscanthus_sinensis_15wks,FALSE
10698,1.4544319193526682,17.2730231886078,1.7103900344575964,0.10304928329156422,0.27406827548310947,-4.827543604563052,miscanthus_sinensis_ssp_transmorrisonensis_6wks vs miscanthus_sinensis_15wks,FALSE
16559,-0.9562747553410418,16.92015106492776,-1.7103850473513271,0.10305022081667017,0.27406827548310947,-4.827551041347402,miscanthus_sinensis_ssp_transmorrisonensis_6wks vs miscanthus_sinensis_15wks,FALSE
5683,1.8782788848325254,17.147010220678187,1.7095188257667455,0.10321317258763472,0.27431889811573756,-4.8288425137189215,miscanthus_sinensis_ssp_transmorrisonensis_6wks vs miscanthus_sinensis_15wks,FALSE
1262,2.1087989925639583,17.13219780099975,1.7088629584953092,0.10333669980221562,0.27446447479071506,-4.82982004677921,miscanthus_sinensis_ssp_transmorrisonensis_6wks vs miscanthus_sinensis_15wks,FALSE
3691,1.5305116089805146,17.479491367396548,1.7080819539315688,0.10348396082157203,0.2746318431716455,-4.830983733874653,miscanthus_sinensis_ssp_transmorrisonensis_6wks vs miscanthus_sinensis_15wks,FALSE
14202,1.1140925109363806,17.177265487117182,1.7077992727331424,0.1035373056045407,0.2746318431716455,-4.831404829926136,miscanthus_sinensis_ssp_transmorrisonensis_6wks vs miscanthus_sinensis_15wks,FALSE
7552,1.0822955356800712,17.482088271198755,1.7069327063826343,0.10370098221252648,0.27473541665355133,-4.832695394345507,miscanthus_sinensis_ssp_transmorrisonensis_6wks vs miscanthus_sinensis_15wks,FALSE
818,2.130153619999618,21.2746648317672,1.7068638555792914,0.10371399621665878,0.27473541665355133,-4.832797912376007,miscanthus_sinensis_ssp_transmorrisonensis_6wks vs miscanthus_sinensis_15wks,FALSE
16365,1.3027563720996298,17.0676693165117,1.7062631778174582,0.10382759415786272,0.27485394952134484,-4.833692186710549,miscanthus_sinensis_ssp_transmorrisonensis_6wks vs miscanthus_sinensis_15wks,FALSE
6271,2.131678544330633,18.40292075999237,1.7019937024764582,0.10463809589320927,0.2766662935087238,-4.840041866872394,miscanthus_sinensis_ssp_transmorrisonensis_6wks vs miscanthus_sinensis_15wks,FALSE
17186,1.1646030551713658,16.82880256435144,1.701926862672825,0.10465082745445213,0.2766662935087238,-4.840141180629043,miscanthus_sinensis_ssp_transmorrisonensis_6wks vs miscanthus_sinensis_15wks,FALSE
7358,1.1000146446746655,17.159994175593255,1.7002751718568059,0.10496586085129234,0.27725011816995687,-4.842594437199814,miscanthus_sinensis_ssp_transmorrisonensis_6wks vs miscanthus_sinensis_15wks,FALSE
4913,1.1192333860657158,17.291808192898767,1.700041131752771,0.10501056579984339,0.27725011816995687,-4.842941916367256,miscanthus_sinensis_ssp_transmorrisonensis_6wks vs miscanthus_sinensis_15wks,FALSE
7539,1.3994647091391919,16.96548185822849,1.6986910269108904,0.1052687729467186,0.27774814382240626,-4.84494573412338,miscanthus_sinensis_ssp_transmorrisonensis_6wks vs miscanthus_sinensis_15wks,FALSE
11332,1.1399194330276892,16.790934450496447,1.6976796350392789,0.10546255696896666,0.2780406563121417,-4.846446074219053,miscanthus_sinensis_ssp_transmorrisonensis_6wks vs miscanthus_sinensis_15wks,FALSE
4029,2.127345932669858,17.766861833256492,1.6971746188415382,0.10555943289152483,0.2780406563121417,-4.8471949915152175,miscanthus_sinensis_ssp_transmorrisonensis_6wks vs miscanthus_sinensis_15wks,FALSE
16250,1.244886131224149,17.011848506461494,1.6970227211131452,0.10558858591412996,0.2780406563121417,-4.8474202174575165,miscanthus_sinensis_ssp_transmorrisonensis_6wks vs miscanthus_sinensis_15wks,FALSE
3709,1.4513273423432125,20.586631851448757,1.6966212929976157,0.10566566328267042,0.2780602029165592,-4.848015362978278,miscanthus_sinensis_ssp_transmorrisonensis_6wks vs miscanthus_sinensis_15wks,FALSE
7372,2.0983087254379953,18.48307825964672,1.6944036352295142,0.10609233862581988,0.2789773259432004,-4.8513013417092266,miscanthus_sinensis_ssp_transmorrisonensis_6wks vs miscanthus_sinensis_15wks,FALSE
1513,-1.8960124956002389,18.75964260639945,-1.6940840518578453,0.10615394742177389,0.2789773259432004,-4.8517746200603575,miscanthus_sinensis_ssp_transmorrisonensis_6wks vs miscanthus_sinensis_15wks,FALSE
13983,1.1432318163758026,17.175756012898834,1.6926190059026887,0.1064367682792206,0.2795365651122689,-4.853943403969092,miscanthus_sinensis_ssp_transmorrisonensis_6wks vs miscanthus_sinensis_15wks,FALSE
5050,2.945848243141853,19.77679384196032,1.692121444840061,0.10653296667109836,0.27960526163775457,-4.8546796570810855,miscanthus_sinensis_ssp_transmorrisonensis_6wks vs miscanthus_sinensis_15wks,FALSE
9327,1.2291927815789272,17.39517459475298,1.6914099110066934,0.10667066359871417,0.279782712934341,-4.855732255447747,miscanthus_sinensis_ssp_transmorrisonensis_6wks vs miscanthus_sinensis_15wks,FALSE
4278,1.6721859843274984,16.918104313685298,1.6885006534944178,0.10723524953333972,0.2810788681136521,-4.860032653137014,miscanthus_sinensis_ssp_transmorrisonensis_6wks vs miscanthus_sinensis_15wks,FALSE
13570,1.2928953010807192,16.798812330956284,1.6877338314196935,0.10738448732647418,0.2812853500047801,-4.861165248119908,miscanthus_sinensis_ssp_transmorrisonensis_6wks vs miscanthus_sinensis_15wks,FALSE
1529,2.944216866476797,18.635162553888055,1.686580480141891,0.10760928476003077,0.2815094620908932,-4.862868035439271,miscanthus_sinensis_ssp_transmorrisonensis_6wks vs miscanthus_sinensis_15wks,FALSE
9283,1.4283200773809277,17.20139077573931,1.6862479097563985,0.1076741799673878,0.2815094620908932,-4.863358877797996,miscanthus_sinensis_ssp_transmorrisonensis_6wks vs miscanthus_sinensis_15wks,FALSE
10053,1.151511226111559,16.796075319856843,1.6861745311589518,0.10768850299547468,0.2815094620908932,-4.8634671680854344,miscanthus_sinensis_ssp_transmorrisonensis_6wks vs miscanthus_sinensis_15wks,FALSE
2595,3.0370592629875226,20.111590352256922,1.6856984388272647,0.10778147265079843,0.2815094620908932,-4.864169689148987,miscanthus_sinensis_ssp_transmorrisonensis_6wks vs miscanthus_sinensis_15wks,FALSE
19428,1.060529060074181,17.13761038708815,1.6854877496581213,0.10782263715856105,0.2815094620908932,-4.864480535262366,miscanthus_sinensis_ssp_transmorrisonensis_6wks vs miscanthus_sinensis_15wks,FALSE
21486,1.093065833583875,16.672409257373225,1.6843409737585044,0.10804692987817946,0.28191068240110617,-4.86617196271335,miscanthus_sinensis_ssp_transmorrisonensis_6wks vs miscanthus_sinensis_15wks,FALSE
20903,1.0710142082395748,16.84647781357207,1.6838428072321068,0.10814448798196821,0.2819809249013828,-4.866906465839731,miscanthus_sinensis_ssp_transmorrisonensis_6wks vs miscanthus_sinensis_15wks,FALSE
6673,2.4913760362662067,18.190179380406466,1.6832309103460383,0.1082644212310718,0.28210937960472493,-4.867808436054652,miscanthus_sinensis_ssp_transmorrisonensis_6wks vs miscanthus_sinensis_15wks,FALSE
4799,-1.7235423043897597,17.84544079633862,-1.6828662817009359,0.1083359432532095,0.2821116017396036,-4.868345804534025,miscanthus_sinensis_ssp_transmorrisonensis_6wks vs miscanthus_sinensis_15wks,FALSE
3354,1.9741502092388288,17.335089049904408,1.682172079656644,0.10847222261401532,0.2822823420307361,-4.869368642621687,miscanthus_sinensis_ssp_transmorrisonensis_6wks vs miscanthus_sinensis_15wks,FALSE
16411,1.2589483467028728,16.892395768435758,1.6808636434326727,0.10872948030022402,0.2827674823182373,-4.871295650645713,miscanthus_sinensis_ssp_transmorrisonensis_6wks vs miscanthus_sinensis_15wks,FALSE
1042,-3.1959834897283628,20.22017142853359,-1.6802872866100307,0.10884296543250518,0.2828783320355213,-4.872144134119642,miscanthus_sinensis_ssp_transmorrisonensis_6wks vs miscanthus_sinensis_15wks,FALSE
12530,1.4890169310195063,17.826671300282328,1.6764673887370565,0.10959766185053683,0.28459785529972137,-4.87776218205959,miscanthus_sinensis_ssp_transmorrisonensis_6wks vs miscanthus_sinensis_15wks,FALSE
1447,-3.155705677053234,19.25569506738151,-1.6762175889375124,0.10964716970214716,0.28459785529972137,-4.878129242771816,miscanthus_sinensis_ssp_transmorrisonensis_6wks vs miscanthus_sinensis_15wks,FALSE
6597,1.5352913248545583,16.75688207004839,1.6755034341988106,0.10978881322906402,0.2847803394479685,-4.879178413436563,miscanthus_sinensis_ssp_transmorrisonensis_6wks vs miscanthus_sinensis_15wks,FALSE
95,1.0745057802409512,26.50639865667958,1.6748473428023603,0.10991907798166098,0.284798548823067,-4.880141992401898,miscanthus_sinensis_ssp_transmorrisonensis_6wks vs miscanthus_sinensis_15wks,FALSE
15663,1.234317293814268,17.73572912213176,1.6747494881675886,0.1099385179700266,0.284798548823067,-4.8802856843181575,miscanthus_sinensis_ssp_transmorrisonensis_6wks vs miscanthus_sinensis_15wks,FALSE
1615,2.0057378404573214,19.59950669174276,1.672788644085438,0.11032868068581149,0.28523955851833344,-4.883163726497153,miscanthus_sinensis_ssp_transmorrisonensis_6wks vs miscanthus_sinensis_15wks,FALSE
2630,1.8377836905168863,20.84040827601359,1.6725712326910118,0.11037201306011943,0.28523955851833344,-4.8834826804125555,miscanthus_sinensis_ssp_transmorrisonensis_6wks vs miscanthus_sinensis_15wks,FALSE
14642,1.0180990790839601,17.037491778397136,1.6725308450239738,0.11038006434212604,0.28523955851833344,-4.88354192786979,miscanthus_sinensis_ssp_transmorrisonensis_6wks vs miscanthus_sinensis_15wks,FALSE
16985,1.0789529688876414,16.994725923005696,1.6724580935312592,0.11039456861493616,0.28523955851833344,-4.883648649394681,miscanthus_sinensis_ssp_transmorrisonensis_6wks vs miscanthus_sinensis_15wks,FALSE
18310,0.788550815626408,17.096706289024294,1.671819853576063,0.110521882404589,0.28538379984419104,-4.884584757474744,miscanthus_sinensis_ssp_transmorrisonensis_6wks vs miscanthus_sinensis_15wks,FALSE
16843,1.0273069017354999,16.54389110866003,1.6710257982636432,0.11068045215240752,0.2856085100144866,-4.885749032249658,miscanthus_sinensis_ssp_transmorrisonensis_6wks vs miscanthus_sinensis_15wks,FALSE
6154,2.2156028330803785,18.878006109702515,1.6700386850703057,0.11087784477006908,0.2857540368795429,-4.88719580675161,miscanthus_sinensis_ssp_transmorrisonensis_6wks vs miscanthus_sinensis_15wks,FALSE
1469,3.132410800327019,19.012243373483102,1.6700278615564303,0.11088001080320942,0.2857540368795429,-4.887211666868717,miscanthus_sinensis_ssp_transmorrisonensis_6wks vs miscanthus_sinensis_15wks,FALSE
18122,1.0308094179551475,16.950910123393008,1.6684495868182185,0.11119624544843033,0.28638413666460255,-4.889523561775904,miscanthus_sinensis_ssp_transmorrisonensis_6wks vs miscanthus_sinensis_15wks,FALSE
331,-2.576730389638197,21.031572532090163,-1.6674676321009017,0.11139338404918106,0.28664166873584784,-4.890961137784021,miscanthus_sinensis_ssp_transmorrisonensis_6wks vs miscanthus_sinensis_15wks,FALSE
18084,0.9471496786776044,17.091987170788965,1.667236412888883,0.11143984716383662,0.28664166873584784,-4.891299550394002,miscanthus_sinensis_ssp_transmorrisonensis_6wks vs miscanthus_sinensis_15wks,FALSE
3509,-1.9866096236819573,19.41945042343225,-1.665674084512129,0.11175422664345289,0.28726521105000896,-4.893585266138016,miscanthus_sinensis_ssp_transmorrisonensis_6wks vs miscanthus_sinensis_15wks,FALSE
23886,-1.0549181111397097,16.871409302826507,-1.662786771056107,0.11233721116865658,0.2885779581629839,-4.897805287739447,miscanthus_sinensis_ssp_transmorrisonensis_6wks vs miscanthus_sinensis_15wks,FALSE
6612,1.4537498940519527,16.76501018884983,1.6613427069925144,0.1126297541069311,0.28914339446615367,-4.899913860560386,miscanthus_sinensis_ssp_transmorrisonensis_6wks vs miscanthus_sinensis_15wks,FALSE
2790,2.1732964820746545,17.948396222040227,1.6608875919063133,0.11272208677767578,0.2891944539951682,-4.900578122779494,miscanthus_sinensis_ssp_transmorrisonensis_6wks vs miscanthus_sinensis_15wks,FALSE
7192,1.308766899770685,16.999677989407147,1.6600631428197428,0.11288951283287556,0.28943798023689093,-4.901781102227432,miscanthus_sinensis_ssp_transmorrisonensis_6wks vs miscanthus_sinensis_15wks,FALSE
2422,2.0983801379582587,17.886898600762255,1.6585488959781247,0.11319757079430474,0.2899386613975875,-4.90398943382632,miscanthus_sinensis_ssp_transmorrisonensis_6wks vs miscanthus_sinensis_15wks,FALSE
14646,1.1642964639681033,16.84748543626128,1.6583213153792762,0.11324393138868327,0.2899386613975875,-4.9043212013018405,miscanthus_sinensis_ssp_transmorrisonensis_6wks vs miscanthus_sinensis_15wks,FALSE
3552,2.2617756908493263,17.66544638971947,1.6580330203434466,0.1133026833116825,0.2899386613975875,-4.904741429936581,miscanthus_sinensis_ssp_transmorrisonensis_6wks vs miscanthus_sinensis_15wks,FALSE
2503,-3.0631977046822207,19.162731101288642,-1.6575981592143862,0.11339135304753363,0.28997968056742746,-4.905375195771099,miscanthus_sinensis_ssp_transmorrisonensis_6wks vs miscanthus_sinensis_15wks,FALSE
8044,1.3245889462302074,16.954510398113406,1.6563027804536248,0.11365583465378024,0.290313132532267,-4.907262347561682,miscanthus_sinensis_ssp_transmorrisonensis_6wks vs miscanthus_sinensis_15wks,FALSE
19077,0.9441757213768476,16.959393625672266,1.6561323841668718,0.11369066395212499,0.290313132532267,-4.907510505185361,miscanthus_sinensis_ssp_transmorrisonensis_6wks vs miscanthus_sinensis_15wks,FALSE
5979,-2.3116845251390146,20.07856430402833,-1.6558915093126656,0.11373991464941521,0.290313132532267,-4.907861272354742,miscanthus_sinensis_ssp_transmorrisonensis_6wks vs miscanthus_sinensis_15wks,FALSE
3117,-2.0464238849737555,19.232509947861196,-1.654102406353836,0.1141062923312443,0.29106218465580014,-4.910465417185131,miscanthus_sinensis_ssp_transmorrisonensis_6wks vs miscanthus_sinensis_15wks,FALSE
6872,1.57435318486149,17.73535237039803,1.651984410903202,0.11454131565254343,0.29198526953062154,-4.913545581117685,miscanthus_sinensis_ssp_transmorrisonensis_6wks vs miscanthus_sinensis_15wks,FALSE
6773,1.867884476143555,17.25274044127744,1.6505116550154075,0.11484463928391395,0.29257166561670994,-4.915685655197248,miscanthus_sinensis_ssp_transmorrisonensis_6wks vs miscanthus_sinensis_15wks,FALSE
3250,2.043887712393154,20.235938732630192,1.648676544114711,0.11522354521413697,0.2930092776025242,-4.918350283654286,miscanthus_sinensis_ssp_transmorrisonensis_6wks vs miscanthus_sinensis_15wks,FALSE
1290,2.5369687096522355,20.168193425065216,1.6480282470669818,0.11535765593910112,0.2930092776025242,-4.91929110042211,miscanthus_sinensis_ssp_transmorrisonensis_6wks vs miscanthus_sinensis_15wks,FALSE
19399,1.0174862757476575,17.080544196816717,1.6478737743518737,0.11538963062986643,0.2930092776025242,-4.919515232521413,miscanthus_sinensis_ssp_transmorrisonensis_6wks vs miscanthus_sinensis_15wks,FALSE
6999,1.2348599316406244,16.889876711803723,1.6475744489051143,0.11545161012888792,0.2930092776025242,-4.919949494093399,miscanthus_sinensis_ssp_transmorrisonensis_6wks vs miscanthus_sinensis_15wks,FALSE
128,1.2656376602125476,25.885099284912116,1.6468891370031795,0.11559361975629412,0.2930092776025242,-4.920943523897713,miscanthus_sinensis_ssp_transmorrisonensis_6wks vs miscanthus_sinensis_15wks,FALSE
11905,1.4231242030223434,20.0574607057696,1.6466261920072067,0.11564814622997993,0.2930092776025242,-4.9213248380664165,miscanthus_sinensis_ssp_transmorrisonensis_6wks vs miscanthus_sinensis_15wks,FALSE
6415,1.2857598630066533,19.65112205948309,1.6464183414451456,0.11569126328388363,0.2930092776025242,-4.9216262240123845,miscanthus_sinensis_ssp_transmorrisonensis_6wks vs miscanthus_sinensis_15wks,FALSE
2299,2.0397876883608177,17.158105713545083,1.646309249522206,0.11571389904287685,0.2930092776025242,-4.921784397341752,miscanthus_sinensis_ssp_transmorrisonensis_6wks vs miscanthus_sinensis_15wks,FALSE
5167,1.3104848188808766,16.934635872651626,1.6461424466451082,0.11574851664960822,0.2930092776025242,-4.922026231191892,miscanthus_sinensis_ssp_transmorrisonensis_6wks vs miscanthus_sinensis_15wks,FALSE
15156,1.199121832823046,17.146283391442157,1.646133332037942,0.11575040851181881,0.2930092776025242,-4.922039445189476,miscanthus_sinensis_ssp_transmorrisonensis_6wks vs miscanthus_sinensis_15wks,FALSE
11644,1.8204417716127246,18.609590256411092,1.6456735543543644,0.11584587570261361,0.29306510507277156,-4.9227059419983625,miscanthus_sinensis_ssp_transmorrisonensis_6wks vs miscanthus_sinensis_15wks,FALSE
169,-4.305315264396754,20.805828705913505,-1.6446237958502468,0.11606409523124028,0.29330510212157224,-4.924227158976485,miscanthus_sinensis_ssp_transmorrisonensis_6wks vs miscanthus_sinensis_15wks,FALSE
282,-2.6572591826083745,19.499378503039935,-1.6445103884936392,0.11608769071945994,0.29330510212157224,-4.9243914555686965,miscanthus_sinensis_ssp_transmorrisonensis_6wks vs miscanthus_sinensis_15wks,FALSE
17672,0.9151735987064917,16.812796371759568,1.6433250267470807,0.11633455988166537,0.29371284677737736,-4.926108218678082,miscanthus_sinensis_ssp_transmorrisonensis_6wks vs miscanthus_sinensis_15wks,FALSE
11222,1.1558138562663025,17.205953285798564,1.643029277313588,0.11639622334714705,0.29371284677737736,-4.9265364096288895,miscanthus_sinensis_ssp_transmorrisonensis_6wks vs miscanthus_sinensis_15wks,FALSE
19152,0.7628657102338039,17.12656970895503,1.641176873887177,0.11678307755176176,0.29439693780977044,-4.929217042379173,miscanthus_sinensis_ssp_transmorrisonensis_6wks vs miscanthus_sinensis_15wks,FALSE
3272,2.1949489217601084,20.021521039534615,1.6410251241571157,0.11681481700668245,0.29439693780977044,-4.92943654104148,miscanthus_sinensis_ssp_transmorrisonensis_6wks vs miscanthus_sinensis_15wks,FALSE
4521,-2.534182600685991,18.814349588267532,-1.6380215674227598,0.117444534760761,0.2956910542038899,-4.933777922376308,miscanthus_sinensis_ssp_transmorrisonensis_6wks vs miscanthus_sinensis_15wks,FALSE
791,1.1043110505242417,22.839671058885155,1.6377690067073496,0.11749761664371806,0.2956910542038899,-4.934142706265444,miscanthus_sinensis_ssp_transmorrisonensis_6wks vs miscanthus_sinensis_15wks,FALSE
91,-1.4230335995636416,25.181398552050428,-1.6375173590597982,0.11755052680901135,0.2956910542038899,-4.934506129570666,miscanthus_sinensis_ssp_transmorrisonensis_6wks vs miscanthus_sinensis_15wks,FALSE
8554,1.00066512636106,17.389893872162673,1.6363645808269358,0.11779316186592376,0.2961147998543877,-4.9361704098290105,miscanthus_sinensis_ssp_transmorrisonensis_6wks vs miscanthus_sinensis_15wks,FALSE
7915,1.4672889053017393,17.89281302581501,1.63592570910023,0.11788564620493382,0.2961607927313378,-4.936803784119944,miscanthus_sinensis_ssp_transmorrisonensis_6wks vs miscanthus_sinensis_15wks,FALSE
3112,2.7981377270058445,19.029349540741208,1.635531242467134,0.11796882536560378,0.29618336532043416,-4.937372965121792,miscanthus_sinensis_ssp_transmorrisonensis_6wks vs miscanthus_sinensis_15wks,FALSE
2905,1.3655750499795225,21.21238911791576,1.6347234270454334,0.11813932017048118,0.29642499441895714,-4.938538252062404,miscanthus_sinensis_ssp_transmorrisonensis_6wks vs miscanthus_sinensis_15wks,FALSE
2272,1.0678762572158078,22.124936818421396,1.6340901733275883,0.11827311820720622,0.29657430143415026,-4.939451429778672,miscanthus_sinensis_ssp_transmorrisonensis_6wks vs miscanthus_sinensis_15wks,FALSE
13293,0.9914919690875408,17.482195634625292,1.6325324703225077,0.11860278524335753,0.29721426157657455,-4.941696574397355,miscanthus_sinensis_ssp_transmorrisonensis_6wks vs miscanthus_sinensis_15wks,FALSE
8864,1.2678774355858131,17.031211032736735,1.6316272897346298,0.118794711169287,0.2975084610964829,-4.94300049064163,miscanthus_sinensis_ssp_transmorrisonensis_6wks vs miscanthus_sinensis_15wks,FALSE
19223,1.0250866817747593,16.766121809024376,1.6309506201154362,0.11893835716823284,0.2975239194191202,-4.9439748821678915,miscanthus_sinensis_ssp_transmorrisonensis_6wks vs miscanthus_sinensis_15wks,FALSE
9618,1.5143002877293412,16.617847481535108,1.6308960696628096,0.11894994373570036,0.2975239194191202,-4.9440534206072275,miscanthus_sinensis_ssp_transmorrisonensis_6wks vs miscanthus_sinensis_15wks,FALSE
9767,1.40368599283768,17.463345825153336,1.6285982292314305,0.11943887405268493,0.29850183912121175,-4.94735992426054,miscanthus_sinensis_ssp_transmorrisonensis_6wks vs miscanthus_sinensis_15wks,FALSE
5365,1.527824785989882,17.792017030856595,1.628352777017409,0.11949120112944397,0.29850183912121175,-4.947712913947391,miscanthus_sinensis_ssp_transmorrisonensis_6wks vs miscanthus_sinensis_15wks,FALSE
18230,1.0460427868039375,16.876026832547254,1.6272493895168165,0.11972666754109668,0.29850183912121175,-4.9492992245526954,miscanthus_sinensis_ssp_transmorrisonensis_6wks vs miscanthus_sinensis_15wks,FALSE
15294,0.9827606368136124,17.59413133068159,1.6272478908670711,0.11972698762397294,0.29850183912121175,-4.949301378572826,miscanthus_sinensis_ssp_transmorrisonensis_6wks vs miscanthus_sinensis_15wks,FALSE
4505,1.8282325406297026,17.627523888530295,1.627223921153918,0.1197321071937139,0.29850183912121175,-4.949335830212847,miscanthus_sinensis_ssp_transmorrisonensis_6wks vs miscanthus_sinensis_15wks,FALSE
15440,1.1942546122478532,17.02813336907914,1.6269549610319045,0.1197895656994442,0.29850183912121175,-4.949722380174385,miscanthus_sinensis_ssp_transmorrisonensis_6wks vs miscanthus_sinensis_15wks,FALSE
5208,1.2829290566982223,16.90923274421449,1.6265630125227395,0.11987334014966207,0.2985242507033381,-4.950285603438795,miscanthus_sinensis_ssp_transmorrisonensis_6wks vs miscanthus_sinensis_15wks,FALSE
709,3.0224994543215615,18.81317563437328,1.6249880217647255,0.12021047502661142,0.29917719221086836,-4.952547811288928,miscanthus_sinensis_ssp_transmorrisonensis_6wks vs miscanthus_sinensis_15wks,FALSE
16207,1.0366772898078764,16.794713159712778,1.624006770868453,0.12042092115925,0.2995142163661844,-4.95395638046754,miscanthus_sinensis_ssp_transmorrisonensis_6wks vs miscanthus_sinensis_15wks,FALSE
504,-1.6809387377660023,22.08035455787091,-1.6228511564059398,0.12066916112266753,0.299609121093356,-4.955614426223345,miscanthus_sinensis_ssp_transmorrisonensis_6wks vs miscanthus_sinensis_15wks,FALSE
24294,-0.8303811260070937,16.65797241789358,-1.6227888660079008,0.12068255410740589,0.299609121093356,-4.95570377369351,miscanthus_sinensis_ssp_transmorrisonensis_6wks vs miscanthus_sinensis_15wks,FALSE
1636,2.37558524894116,17.800946746301634,1.6227810479384743,0.12068423514982876,0.299609121093356,-4.955714987514758,miscanthus_sinensis_ssp_transmorrisonensis_6wks vs miscanthus_sinensis_15wks,FALSE
15704,1.1208963585317875,17.127743614419188,1.6217542737090913,0.12090518401721319,0.299971096703987,-4.957187384869478,miscanthus_sinensis_ssp_transmorrisonensis_6wks vs miscanthus_sinensis_15wks,FALSE
3260,1.0743614091818259,17.135029870963635,1.6197138252262633,0.12134527558488914,0.30042027585186726,-4.9601113147678095,miscanthus_sinensis_ssp_transmorrisonensis_6wks vs miscanthus_sinensis_15wks,FALSE
13930,1.1200779444460878,16.909109892594397,1.6192141301345933,0.12145325734883602,0.30042027585186726,-4.960826947821963,miscanthus_sinensis_ssp_transmorrisonensis_6wks vs miscanthus_sinensis_15wks,FALSE
143,2.844532002489302,18.022361353298603,1.6192035408721086,0.12145554651502331,0.30042027585186726,-4.960842111325301,miscanthus_sinensis_ssp_transmorrisonensis_6wks vs miscanthus_sinensis_15wks,FALSE
7694,1.2252492191077984,17.029047899492976,1.6190717337038274,0.12148404337687219,0.30042027585186726,-4.961030848957209,miscanthus_sinensis_ssp_transmorrisonensis_6wks vs miscanthus_sinensis_15wks,FALSE
11480,1.0323169169233921,16.713959372680403,1.6188681156785139,0.121528076908284,0.30042027585186726,-4.961322391441192,miscanthus_sinensis_ssp_transmorrisonensis_6wks vs miscanthus_sinensis_15wks,FALSE
4758,1.0031130732606215,16.918244890335355,1.6188233390913949,0.12153776189898939,0.30042027585186726,-4.961386499341255,miscanthus_sinensis_ssp_transmorrisonensis_6wks vs miscanthus_sinensis_15wks,FALSE
6291,1.2019577446402323,17.302089362405642,1.6183119456716304,0.12164842033881115,0.3005077314310236,-4.962118581060609,miscanthus_sinensis_ssp_transmorrisonensis_6wks vs miscanthus_sinensis_15wks,FALSE
13179,1.1790174952140013,16.927009411158927,1.6179235076938017,0.12173252966836075,0.3005295352109438,-4.962674530451201,miscanthus_sinensis_ssp_transmorrisonensis_6wks vs miscanthus_sinensis_15wks,FALSE
5459,1.5758589218845032,17.536808596531696,1.6173574784412768,0.1218551809744608,0.3006464044808699,-4.963484476397191,miscanthus_sinensis_ssp_transmorrisonensis_6wks vs miscanthus_sinensis_15wks,FALSE
2533,2.325799831267201,17.667744448626266,1.6156587611801951,0.12222389671430006,0.3013148127790338,-4.96591393386195,miscanthus_sinensis_ssp_transmorrisonensis_6wks vs miscanthus_sinensis_15wks,FALSE
22478,0.8626289849855233,16.722180340907684,1.6152173666700858,0.12231985747947235,0.3013148127790338,-4.966544889109393,miscanthus_sinensis_ssp_transmorrisonensis_6wks vs miscanthus_sinensis_15wks,FALSE
7204,1.4227037960844058,17.78384076655093,1.6150671346219496,0.12235253294459264,0.3013148127790338,-4.966759610002392,miscanthus_sinensis_ssp_transmorrisonensis_6wks vs miscanthus_sinensis_15wks,FALSE
357,1.0011105608155582,23.570562085649893,1.6144024759395426,0.12249718442216309,0.30132636886483627,-4.967709400555035,miscanthus_sinensis_ssp_transmorrisonensis_6wks vs miscanthus_sinensis_15wks,FALSE
15352,1.1720124941253225,16.9667938357307,1.614184557160016,0.12254464202330922,0.30132636886483627,-4.968020740165048,miscanthus_sinensis_ssp_transmorrisonensis_6wks vs miscanthus_sinensis_15wks,FALSE
7767,1.459503803665413,17.30476520646642,1.613749630867336,0.12263940506780129,0.30132636886483627,-4.968642022768888,miscanthus_sinensis_ssp_transmorrisonensis_6wks vs miscanthus_sinensis_15wks,FALSE
5875,1.0331036378229328,17.11650151886559,1.6136590188007147,0.12265915566266505,0.30132636886483627,-4.968771444221572,miscanthus_sinensis_ssp_transmorrisonensis_6wks vs miscanthus_sinensis_15wks,FALSE
17418,1.1773044805004105,16.922325797794976,1.612781523618463,0.12285056076051747,0.30142473250743435,-4.9700244894791075,miscanthus_sinensis_ssp_transmorrisonensis_6wks vs miscanthus_sinensis_15wks,FALSE
662,2.5905137707408272,17.645020875627004,1.6127198520563575,0.12286402242642344,0.30142473250743435,-4.970112535887614,miscanthus_sinensis_ssp_transmorrisonensis_6wks vs miscanthus_sinensis_15wks,FALSE
10074,1.3221290284134817,16.975057086269338,1.6123332568641042,0.12294843670681377,0.30142473250743435,-4.9706644069611565,miscanthus_sinensis_ssp_transmorrisonensis_6wks vs miscanthus_sinensis_15wks,FALSE
24229,-1.086111723080947,16.86601023193712,-1.612091615011969,0.123001224763179,0.30142473250743435,-4.971009304055305,miscanthus_sinensis_ssp_transmorrisonensis_6wks vs miscanthus_sinensis_15wks,FALSE
3629,-1.423348711959875,17.633345545095956,-1.6110217533104032,0.1232351715319858,0.30156076224049705,-4.972535856600367,miscanthus_sinensis_ssp_transmorrisonensis_6wks vs miscanthus_sinensis_15wks,FALSE
769,2.768760125750987,19.989434626275717,1.6109140161668685,0.12325875116850417,0.30156076224049705,-4.972689541023994,miscanthus_sinensis_ssp_transmorrisonensis_6wks vs miscanthus_sinensis_15wks,FALSE
569,-3.0749097178243474,19.165677764389873,-1.609957300799516,0.12346830705908085,0.30156076224049705,-4.974053932069518,miscanthus_sinensis_ssp_transmorrisonensis_6wks vs miscanthus_sinensis_15wks,FALSE
1255,-3.471889681064738,20.025180898366138,-1.6096622253439266,0.12353299991465043,0.30156076224049705,-4.974474621683075,miscanthus_sinensis_ssp_transmorrisonensis_6wks vs miscanthus_sinensis_15wks,FALSE
13377,0.7706975732164452,16.607438752054936,1.609495782679793,0.12356950367444111,0.30156076224049705,-4.974711893615922,miscanthus_sinensis_ssp_transmorrisonensis_6wks vs miscanthus_sinensis_15wks,FALSE
2736,-2.35823619599622,18.55236312563901,-1.609271943128262,0.12361860987719464,0.30156076224049705,-4.975030958337331,miscanthus_sinensis_ssp_transmorrisonensis_6wks vs miscanthus_sinensis_15wks,FALSE
16858,1.0809787589509732,16.989170238892537,1.6085798873745483,0.12377053781398444,0.30156076224049705,-4.9760172145036465,miscanthus_sinensis_ssp_transmorrisonensis_6wks vs miscanthus_sinensis_15wks,FALSE
19966,0.8282463077887599,16.877725204624046,1.6085054813535353,0.1237868816175076,0.30156076224049705,-4.9761232322606475,miscanthus_sinensis_ssp_transmorrisonensis_6wks vs miscanthus_sinensis_15wks,FALSE
1992,-2.285727073479258,18.28079341861166,-1.6077957928097482,0.12394286094359118,0.30156076224049705,-4.977134249072602,miscanthus_sinensis_ssp_transmorrisonensis_6wks vs miscanthus_sinensis_15wks,FALSE
39,1.6257861483834581,27.59115288471249,1.6077851214052297,0.12394520762585257,0.30156076224049705,-4.977149448901283,miscanthus_sinensis_ssp_transmorrisonensis_6wks vs miscanthus_sinensis_15wks,FALSE
16810,1.0730793829396035,17.498829921333392,1.6077703114427493,0.1239484644546081,0.30156076224049705,-4.977170543364029,miscanthus_sinensis_ssp_transmorrisonensis_6wks vs miscanthus_sinensis_15wks,FALSE
16183,1.2173591859764237,17.03809250438807,1.6074254589112114,0.12402432063000146,0.30156076224049705,-4.977661690067713,miscanthus_sinensis_ssp_transmorrisonensis_6wks vs miscanthus_sinensis_15wks,FALSE
2464,1.6707018671970388,17.497671998166563,1.6070305864186243,0.12411122749724078,0.30156076224049705,-4.9782239785722515,miscanthus_sinensis_ssp_transmorrisonensis_6wks vs miscanthus_sinensis_15wks,FALSE
18655,1.1384619686523614,16.96788781346196,1.6070165771593545,0.12411431171371158,0.30156076224049705,-4.978243925488204,miscanthus_sinensis_ssp_transmorrisonensis_6wks vs miscanthus_sinensis_15wks,FALSE
14806,1.0294177155327056,16.859314563379765,1.6060563844604991,0.12432585715654292,0.30166329096551653,-4.979610771211011,miscanthus_sinensis_ssp_transmorrisonensis_6wks vs miscanthus_sinensis_15wks,FALSE
11839,1.183698093751616,16.692035562806428,1.605924829031535,0.12435486447510825,0.30166329096551653,-4.979797993838443,miscanthus_sinensis_ssp_transmorrisonensis_6wks vs miscanthus_sinensis_15wks,FALSE
6403,-1.4156858925508509,17.725787897490395,-1.605441876019681,0.12446140201411802,0.30166329096551653,-4.980485207253998,miscanthus_sinensis_ssp_transmorrisonensis_6wks vs miscanthus_sinensis_15wks,FALSE
7117,1.3188811771009128,16.97442860550523,1.6052013728404104,0.12451448468943449,0.30166329096551653,-4.980827370693898,miscanthus_sinensis_ssp_transmorrisonensis_6wks vs miscanthus_sinensis_15wks,FALSE
5154,0.9858595268534742,20.454384371962234,1.605079883624545,0.12454130642529117,0.30166329096551653,-4.981000198449145,miscanthus_sinensis_ssp_transmorrisonensis_6wks vs miscanthus_sinensis_15wks,FALSE
3592,-2.0194807298264372,17.994574554719655,-1.6047692364753112,0.12460991152358135,0.30166329096551653,-4.981442072937702,miscanthus_sinensis_ssp_transmorrisonensis_6wks vs miscanthus_sinensis_15wks,FALSE
13345,1.222908835164258,16.70075562319264,1.6034606876525455,0.12489924782728604,0.3019800606668515,-4.983302684719349,miscanthus_sinensis_ssp_transmorrisonensis_6wks vs miscanthus_sinensis_15wks,FALSE
12619,1.0967634568362676,18.006899407604916,1.6032605650289073,0.12494354715444703,0.3019800606668515,-4.983587135749145,miscanthus_sinensis_ssp_transmorrisonensis_6wks vs miscanthus_sinensis_15wks,FALSE
5855,-1.7486934124298443,18.597828763111654,-1.603151477382046,0.12496770045632231,0.3019800606668515,-4.983742179837711,miscanthus_sinensis_ssp_transmorrisonensis_6wks vs miscanthus_sinensis_15wks,FALSE
2297,-1.9759279383950172,18.673510632892103,-1.6018359996760858,0.12525927195161535,0.3023356211123386,-4.985611213358167,miscanthus_sinensis_ssp_transmorrisonensis_6wks vs miscanthus_sinensis_15wks,FALSE
3040,1.7681842922237436,20.64666286767424,1.6018042692547418,0.12526631195385973,0.3023356211123386,-4.985656281665538,miscanthus_sinensis_ssp_transmorrisonensis_6wks vs miscanthus_sinensis_15wks,FALSE
10347,-1.5460121676703338,18.142249066081092,-1.6013563247018856,0.12536573251877733,0.30239275179151603,-4.986292447644666,miscanthus_sinensis_ssp_transmorrisonensis_6wks vs miscanthus_sinensis_15wks,FALSE
1689,2.5253432954578905,20.35637738343647,1.6006665541777114,0.12551895559502574,0.30257951131361277,-4.987271788799473,miscanthus_sinensis_ssp_transmorrisonensis_6wks vs miscanthus_sinensis_15wks,FALSE
15214,0.9911060940460921,17.04718165259798,1.5999311951024617,0.12568247876264885,0.3027908601209983,-4.988315504998345,miscanthus_sinensis_ssp_transmorrisonensis_6wks vs miscanthus_sinensis_15wks,FALSE
6894,2.0355323413009927,19.028149818329734,1.5989815146042312,0.12589392569766886,0.3031008195585938,-4.98966287615751,miscanthus_sinensis_ssp_transmorrisonensis_6wks vs miscanthus_sinensis_15wks,FALSE
3934,2.0087698236161593,17.68059569035307,1.5982117071846271,0.12606554292601996,0.3031008195585938,-4.990754605273844,miscanthus_sinensis_ssp_transmorrisonensis_6wks vs miscanthus_sinensis_15wks,FALSE
15487,0.7686162048659426,16.753619994294336,1.5980250553959452,0.12610718376854663,0.3031008195585938,-4.991019251971313,miscanthus_sinensis_ssp_transmorrisonensis_6wks vs miscanthus_sinensis_15wks,FALSE
17447,1.003464705727179,16.977321660996047,1.5979712188955102,0.12611919649944728,0.3031008195585938,-4.991095580409405,miscanthus_sinensis_ssp_transmorrisonensis_6wks vs miscanthus_sinensis_15wks,FALSE
1302,-3.1961890367372803,19.801902418857257,-1.5976505335677207,0.1261907720707372,0.3031008195585938,-4.991550202007981,miscanthus_sinensis_ssp_transmorrisonensis_6wks vs miscanthus_sinensis_15wks,FALSE
1149,-2.2892583917572686,19.327682550203846,-1.5972038155803792,0.12629053442044436,0.30315803572243766,-4.992183379316355,miscanthus_sinensis_ssp_transmorrisonensis_6wks vs miscanthus_sinensis_15wks,FALSE
15318,1.1646147123596187,16.85520717328221,1.5957777796083212,0.1266094439870104,0.3037409257188375,-4.994203741754025,miscanthus_sinensis_ssp_transmorrisonensis_6wks vs miscanthus_sinensis_15wks,FALSE
7402,1.2467510377333042,17.199519342073206,1.594622728974514,0.12686824727072776,0.30399786672539525,-4.995839177242141,miscanthus_sinensis_ssp_transmorrisonensis_6wks vs miscanthus_sinensis_15wks,FALSE
6580,1.463788965030048,18.764700902900646,1.5944743875386898,0.12690151713295467,0.30399786672539525,-4.996049148677823,miscanthus_sinensis_ssp_transmorrisonensis_6wks vs miscanthus_sinensis_15wks,FALSE
4832,1.7640251008789818,19.126709546762914,1.594280553945872,0.12694500095972794,0.30399786672539525,-4.996323490120871,miscanthus_sinensis_ssp_transmorrisonensis_6wks vs miscanthus_sinensis_15wks,FALSE
4281,1.5773776767123024,17.62505555090921,1.5931797151596105,0.12719219573756071,0.30426597534393424,-4.997881076794373,miscanthus_sinensis_ssp_transmorrisonensis_6wks vs miscanthus_sinensis_15wks,FALSE
10560,1.2680374405242567,17.209660540013413,1.593103179118351,0.1272093970062691,0.30426597534393424,-4.997989337957053,miscanthus_sinensis_ssp_transmorrisonensis_6wks vs miscanthus_sinensis_15wks,FALSE
1722,2.139782109958528,19.167383957459872,1.5921366783097266,0.12742678339716726,0.30447737250298024,-4.999356125261652,miscanthus_sinensis_ssp_transmorrisonensis_6wks vs miscanthus_sinensis_15wks,FALSE
3238,1.1537126602131806,19.267165960557517,1.5920321040884649,0.12745032300913828,0.30447737250298024,-4.999503972230258,miscanthus_sinensis_ssp_transmorrisonensis_6wks vs miscanthus_sinensis_15wks,FALSE
10145,1.3408576421247709,17.55613852978783,1.591222394870698,0.12763271165820678,0.3047307326193549,-5.0006484889076575,miscanthus_sinensis_ssp_transmorrisonensis_6wks vs miscanthus_sinensis_15wks,FALSE
9292,1.4518881927664502,16.8966147276271,1.5899142427104154,0.12792783794682028,0.30516359591316183,-5.002496615341459,miscanthus_sinensis_ssp_transmorrisonensis_6wks vs miscanthus_sinensis_15wks,FALSE
1415,-2.798629556126521,19.39530386788728,-1.5897412949584728,0.1279668986870323,0.30516359591316183,-5.002740865367867,miscanthus_sinensis_ssp_transmorrisonensis_6wks vs miscanthus_sinensis_15wks,FALSE
21562,0.8147927048458712,16.879499346438582,1.5890280514738921,0.12812809239073947,0.30523964235653084,-5.003747948858957,miscanthus_sinensis_ssp_transmorrisonensis_6wks vs miscanthus_sinensis_15wks,FALSE
9498,1.030386653948657,16.876311797330715,1.5887106662512083,0.12819987644422554,0.30523964235653084,-5.004195979054567,miscanthus_sinensis_ssp_transmorrisonensis_6wks vs miscanthus_sinensis_15wks,FALSE
20060,0.9511916643346581,16.777189720764518,1.5883956863028328,0.12827114980714685,0.30523964235653084,-5.004640546605303,miscanthus_sinensis_ssp_transmorrisonensis_6wks vs miscanthus_sinensis_15wks,FALSE
2956,1.8740147858759784,18.239875238953903,1.5881739309062253,0.12832134832256722,0.30523964235653084,-5.004953495372091,miscanthus_sinensis_ssp_transmorrisonensis_6wks vs miscanthus_sinensis_15wks,FALSE
12559,1.3326916775108124,17.342684438093485,1.5879100592987894,0.12838110208332046,0.30523964235653084,-5.005325836667045,miscanthus_sinensis_ssp_transmorrisonensis_6wks vs miscanthus_sinensis_15wks,FALSE
624,1.0883768891974057,22.449037896872447,1.5874313512885112,0.12848956509042178,0.30531568085771654,-5.006001207009132,miscanthus_sinensis_ssp_transmorrisonensis_6wks vs miscanthus_sinensis_15wks,FALSE
484,-3.5356751627413665,19.73095020635396,-1.586862474804179,0.12861855778703488,0.3053219806058162,-5.0068035872834225,miscanthus_sinensis_ssp_transmorrisonensis_6wks vs miscanthus_sinensis_15wks,FALSE
14662,1.2684667075768026,16.979816085240394,1.5867292218549185,0.12864878855931328,0.3053219806058162,-5.006991504247173,miscanthus_sinensis_ssp_transmorrisonensis_6wks vs miscanthus_sinensis_15wks,FALSE
7283,1.2079509274601925,17.146448381792478,1.5864080932876776,0.12872166667324367,0.3053219806058162,-5.007444319214997,miscanthus_sinensis_ssp_transmorrisonensis_6wks vs miscanthus_sinensis_15wks,FALSE
13946,1.0469094803923404,16.95158452369984,1.5859142593059845,0.12883380667629057,0.30540650608773867,-5.008140525433246,miscanthus_sinensis_ssp_transmorrisonensis_6wks vs miscanthus_sinensis_15wks,FALSE
9855,1.2881572922028752,17.176377575027438,1.5846506630057862,0.12912111718205263,0.30590593459391935,-5.00992118975233,miscanthus_sinensis_ssp_transmorrisonensis_6wks vs miscanthus_sinensis_15wks,FALSE
8334,1.3567824648074946,16.87372443108214,1.583893905476401,0.12929344184120198,0.30603476133852964,-5.010987097578482,miscanthus_sinensis_ssp_transmorrisonensis_6wks vs miscanthus_sinensis_15wks,FALSE
6344,1.4825861303066112,20.21792545970993,1.5837386558211641,0.12932881823098685,0.30603476133852964,-5.011205721819369,miscanthus_sinensis_ssp_transmorrisonensis_6wks vs miscanthus_sinensis_15wks,FALSE
2799,2.0448881687254996,19.115257273905293,1.5821970450602583,0.12968054154353137,0.30668526175460736,-5.013375748591043,miscanthus_sinensis_ssp_transmorrisonensis_6wks vs miscanthus_sinensis_15wks,FALSE
19713,0.9281463125163079,16.81227424593088,1.5814214451158803,0.12985779959401023,0.3068277175032308,-5.014466901905931,miscanthus_sinensis_ssp_transmorrisonensis_6wks vs miscanthus_sinensis_15wks,FALSE
14290,1.1042632888632475,16.936921028570417,1.5811239436151814,0.12992584530303466,0.3068277175032308,-5.014885333857415,miscanthus_sinensis_ssp_transmorrisonensis_6wks vs miscanthus_sinensis_15wks,FALSE
1372,-2.601843019278327,19.119590195028415,-1.5809250210448869,0.12997136029508097,0.3068277175032308,-5.015165082351028,miscanthus_sinensis_ssp_transmorrisonensis_6wks vs miscanthus_sinensis_15wks,FALSE
5846,1.3856664207060305,16.933117254370984,1.5803111012101483,0.13011191393740074,0.3069779908026618,-5.016028279924522,miscanthus_sinensis_ssp_transmorrisonensis_6wks vs miscanthus_sinensis_15wks,FALSE
21680,0.9133468185917799,16.540218631321018,1.579052989124148,0.13040034926818278,0.3072693878999893,-5.01779644026783,miscanthus_sinensis_ssp_transmorrisonensis_6wks vs miscanthus_sinensis_15wks,FALSE
1278,1.5002301972402599,23.198500004583316,1.5787990898627433,0.13045862313552561,0.3072693878999893,-5.018153141929467,miscanthus_sinensis_ssp_transmorrisonensis_6wks vs miscanthus_sinensis_15wks,FALSE
5069,1.6463842080170537,17.656261601276785,1.578765492914411,0.13046633579420888,0.3072693878999893,-5.018200338816245,miscanthus_sinensis_ssp_transmorrisonensis_6wks vs miscanthus_sinensis_15wks,FALSE
1205,2.3209115969983856,17.69987376217898,1.5772938074975313,0.1308045565708509,0.307884310041767,-5.020267005512736,miscanthus_sinensis_ssp_transmorrisonensis_6wks vs miscanthus_sinensis_15wks,FALSE
12757,0.8508848190143716,16.8056973567807,1.5763605376517684,0.13101941903110462,0.30818234897820945,-5.021576820415008,miscanthus_sinensis_ssp_transmorrisonensis_6wks vs miscanthus_sinensis_15wks,FALSE
7598,1.8371244187599878,17.904990212393354,1.5760208956289328,0.13109768645581005,0.30818234897820945,-5.022053350372443,miscanthus_sinensis_ssp_transmorrisonensis_6wks vs miscanthus_sinensis_15wks,FALSE
6118,1.5465057965807993,17.82794945212086,1.5751810062959184,0.1312913991667257,0.30818234897820945,-5.0232314084282335,miscanthus_sinensis_ssp_transmorrisonensis_6wks vs miscanthus_sinensis_15wks,FALSE
1965,-2.828773920990514,21.764508684863173,-1.5746609812262877,0.13141145801258247,0.30818234897820945,-5.023960573194181,miscanthus_sinensis_ssp_transmorrisonensis_6wks vs miscanthus_sinensis_15wks,FALSE
11506,1.1231876136857473,17.00377764190301,1.574559558557308,0.13143488428116215,0.30818234897820945,-5.024102763812599,miscanthus_sinensis_ssp_transmorrisonensis_6wks vs miscanthus_sinensis_15wks,FALSE
13204,1.2409087126677711,17.2487627427484,1.574308046981065,0.13149299264083344,0.30818234897820945,-5.024455343011169,miscanthus_sinensis_ssp_transmorrisonensis_6wks vs miscanthus_sinensis_15wks,FALSE
7566,1.1654589961634763,16.996951285694173,1.5731993453895892,0.131749399137983,0.30818234897820945,-5.026009052940491,miscanthus_sinensis_ssp_transmorrisonensis_6wks vs miscanthus_sinensis_15wks,FALSE
5893,1.5125806407275988,17.272713640545547,1.5731855206229548,0.13175259899023953,0.30818234897820945,-5.026028421380558,miscanthus_sinensis_ssp_transmorrisonensis_6wks vs miscanthus_sinensis_15wks,FALSE
10914,1.33825205809001,16.82294901447612,1.5729914744710796,0.13179751936793282,0.30818234897820945,-5.026300265491621,miscanthus_sinensis_ssp_transmorrisonensis_6wks vs miscanthus_sinensis_15wks,FALSE
12422,1.0506637868528763,16.720867798920544,1.5725828495756642,0.13189215511945973,0.30818234897820945,-5.026872634478033,miscanthus_sinensis_ssp_transmorrisonensis_6wks vs miscanthus_sinensis_15wks,FALSE
646,2.233010879191241,22.665834452765548,1.5724152376963951,0.13193098971618714,0.30818234897820945,-5.027107378865427,miscanthus_sinensis_ssp_transmorrisonensis_6wks vs miscanthus_sinensis_15wks,FALSE
4151,1.5344210987213778,20.159539925046214,1.5724071247033249,0.131932869686932,0.30818234897820945,-5.027118740817871,miscanthus_sinensis_ssp_transmorrisonensis_6wks vs miscanthus_sinensis_15wks,FALSE
4734,1.6012202205951667,18.176161939670116,1.5723988888194114,0.13193477815725452,0.30818234897820945,-5.0271302748286235,miscanthus_sinensis_ssp_transmorrisonensis_6wks vs miscanthus_sinensis_15wks,FALSE
6201,1.5799369835950756,17.145860281360477,1.5720099433301866,0.13202493329106,0.3082125928057962,-5.027674924088721,miscanthus_sinensis_ssp_transmorrisonensis_6wks vs miscanthus_sinensis_15wks,FALSE
10208,1.0895106660216385,17.06037278190011,1.5713913052603363,0.13216843573201895,0.3082256565223814,-5.0285410047631665,miscanthus_sinensis_ssp_transmorrisonensis_6wks vs miscanthus_sinensis_15wks,FALSE
4943,-1.793669742169083,18.30843501492063,-1.571320144508437,0.13218495089336596,0.3082256565223814,-5.028640611637862,miscanthus_sinensis_ssp_transmorrisonensis_6wks vs miscanthus_sinensis_15wks,FALSE
5561,1.820142507515854,17.66464577969542,1.5700364718887803,0.13248316482649475,0.30874068533996907,-5.0304368325902615,miscanthus_sinensis_ssp_transmorrisonensis_6wks vs miscanthus_sinensis_15wks,FALSE
9232,1.7409674704503466,18.589051972409536,1.5694024279592085,0.13263066863614464,0.308830293784414,-5.031323624735385,miscanthus_sinensis_ssp_transmorrisonensis_6wks vs miscanthus_sinensis_15wks,FALSE
1853,2.2545871074256674,19.676076655137788,1.569206224415206,0.13267634114235222,0.308830293784414,-5.031597985114333,miscanthus_sinensis_ssp_transmorrisonensis_6wks vs miscanthus_sinensis_15wks,FALSE
497,-3.317700839659702,18.716244743453167,-1.5677335474630192,0.13301957196231354,0.3094269158535187,-5.0336564579575045,miscanthus_sinensis_ssp_transmorrisonensis_6wks vs miscanthus_sinensis_15wks,FALSE
14979,1.0606349372802235,16.900556037233848,1.5673640406410185,0.13310580760281104,0.3094269158535187,-5.034172713466529,miscanthus_sinensis_ssp_transmorrisonensis_6wks vs miscanthus_sinensis_15wks,FALSE
11590,1.0490796087983725,17.244597963543598,1.5668146480181626,0.13323411129723203,0.3094269158535187,-5.034940123575638,miscanthus_sinensis_ssp_transmorrisonensis_6wks vs miscanthus_sinensis_15wks,FALSE
9097,1.2905665199324545,18.618421224704147,1.5663468947179202,0.13334343047102853,0.3094269158535187,-5.035593334632249,miscanthus_sinensis_ssp_transmorrisonensis_6wks vs miscanthus_sinensis_15wks,FALSE
9461,1.5960706427615108,17.761924297961333,1.566171319942569,0.13338448356925636,0.3094269158535187,-5.035838483807539,miscanthus_sinensis_ssp_transmorrisonensis_6wks vs miscanthus_sinensis_15wks,FALSE
139,2.397271733978105,24.113345892202435,1.5661146946992137,0.1333977259979724,0.3094269158535187,-5.035917543245129,miscanthus_sinensis_ssp_transmorrisonensis_6wks vs miscanthus_sinensis_15wks,FALSE
6005,2.09135026699591,19.260209161213957,1.5648120613661423,0.13370266389738764,0.30995414301879876,-5.037735658086348,miscanthus_sinensis_ssp_transmorrisonensis_6wks vs miscanthus_sinensis_15wks,FALSE
642,-2.468743574906018,19.554517954471592,-1.563930478406445,0.13390936635484565,0.31004906059745574,-5.038965445099393,miscanthus_sinensis_ssp_transmorrisonensis_6wks vs miscanthus_sinensis_15wks,FALSE
8452,1.5165124073315752,17.6919161768773,1.5635582562635075,0.13399672027979637,0.31004906059745574,-5.039484526416542,miscanthus_sinensis_ssp_transmorrisonensis_6wks vs miscanthus_sinensis_15wks,FALSE
2644,2.2590785012431063,19.32789535497603,1.5631353637859156,0.13409602328064346,0.31004906059745574,-5.040074154870504,miscanthus_sinensis_ssp_transmorrisonensis_6wks vs miscanthus_sinensis_15wks,FALSE
11497,1.1555029321554393,17.319301215182477,1.5629976000102823,0.13412838601762891,0.31004906059745574,-5.0402662090456705,miscanthus_sinensis_ssp_transmorrisonensis_6wks vs miscanthus_sinensis_15wks,FALSE
18543,0.914965643902157,16.803151888170508,1.5627942490964941,0.13417616803697072,0.31004906059745574,-5.040549673415872,miscanthus_sinensis_ssp_transmorrisonensis_6wks vs miscanthus_sinensis_15wks,FALSE
226,3.1837192423021534,18.15156579694286,1.5626519480762393,0.1342096134049107,0.31004906059745574,-5.0407480194439716,miscanthus_sinensis_ssp_transmorrisonensis_6wks vs miscanthus_sinensis_15wks,FALSE
3359,2.3797497938878216,20.281868734550372,1.561375203697802,0.13451000085686282,0.31015302791960103,-5.042526987159508,miscanthus_sinensis_ssp_transmorrisonensis_6wks vs miscanthus_sinensis_15wks,FALSE
16628,0.9617257306225646,17.073601528769707,1.561092959313783,0.13457648179021237,0.31015302791960103,-5.042920105225999,miscanthus_sinensis_ssp_transmorrisonensis_6wks vs miscanthus_sinensis_15wks,FALSE
2827,1.8159033296106912,21.156902730466232,1.560980739173426,0.13460292216277647,0.31015302791960103,-5.043076393491541,miscanthus_sinensis_ssp_transmorrisonensis_6wks vs miscanthus_sinensis_15wks,FALSE
12438,1.3885425452416378,16.737262182508275,1.5605061609359232,0.13471478619286334,0.31015302791960103,-5.043737240144582,miscanthus_sinensis_ssp_transmorrisonensis_6wks vs miscanthus_sinensis_15wks,FALSE
6913,1.6349305285163176,17.273326631846025,1.5604835998932258,0.13472010604126555,0.31015302791960103,-5.043768652385585,miscanthus_sinensis_ssp_transmorrisonensis_6wks vs miscanthus_sinensis_15wks,FALSE
299,-3.8840018864437766,20.2523647088511,-1.5604807452983072,0.13472077916147,0.31015302791960103,-5.0437726268766525,miscanthus_sinensis_ssp_transmorrisonensis_6wks vs miscanthus_sinensis_15wks,FALSE
3526,2.306203494313724,20.070827932826724,1.559859015251923,0.13486745135654413,0.31031173822208885,-5.044638136957037,miscanthus_sinensis_ssp_transmorrisonensis_6wks vs miscanthus_sinensis_15wks,FALSE
2110,-2.2341343483418292,18.518538533476807,-1.559334983328297,0.13499117891032245,0.31034579475150936,-5.045367435753347,miscanthus_sinensis_ssp_transmorrisonensis_6wks vs miscanthus_sinensis_15wks,FALSE
14928,1.0821626219334348,17.371505693773447,1.5591378968755762,0.135037736844532,0.31034579475150936,-5.045641673591884,miscanthus_sinensis_ssp_transmorrisonensis_6wks vs miscanthus_sinensis_15wks,FALSE
59,1.4866062650696534,25.517907921418278,1.55837298735667,0.13521855891699638,0.3105825588012944,-5.0467057619844296,miscanthus_sinensis_ssp_transmorrisonensis_6wks vs miscanthus_sinensis_15wks,FALSE
1460,-3.522602652671015,19.81605891127987,-1.5567679407552668,0.1355986421916966,0.31119611056777136,-5.048937285226206,miscanthus_sinensis_ssp_transmorrisonensis_6wks vs miscanthus_sinensis_15wks,FALSE
20717,0.9848840915064194,16.82939434774048,1.5565868075096596,0.13564159127953962,0.31119611056777136,-5.049189006790051,miscanthus_sinensis_ssp_transmorrisonensis_6wks vs miscanthus_sinensis_15wks,FALSE
17618,0.8831446328180022,17.095520947886573,1.5560069821171336,0.13577915170979385,0.31133278209390985,-5.049994640879625,miscanthus_sinensis_ssp_transmorrisonensis_6wks vs miscanthus_sinensis_15wks,FALSE
7495,0.7605422914585738,16.97476542022965,1.5519819363750624,0.13673727625992282,0.31284597299592,-5.055580842684848,miscanthus_sinensis_ssp_transmorrisonensis_6wks vs miscanthus_sinensis_15wks,FALSE
7285,1.1295640393667767,16.94307858516217,1.551848052649076,0.13676924243652797,0.31284597299592,-5.0557664631563535,miscanthus_sinensis_ssp_transmorrisonensis_6wks vs miscanthus_sinensis_15wks,FALSE
1526,2.1237151768417135,22.34658376398277,1.551683938606325,0.1368084349047984,0.31284597299592,-5.0559939790310136,miscanthus_sinensis_ssp_transmorrisonensis_6wks vs miscanthus_sinensis_15wks,FALSE
19569,0.7937880798900743,16.860901804699196,1.5514835898458001,0.13685629333481025,0.31284597299592,-5.056271702978254,miscanthus_sinensis_ssp_transmorrisonensis_6wks vs miscanthus_sinensis_15wks,FALSE
12884,1.2151004528146423,17.249826793437215,1.551277763181951,0.13690547480169685,0.31284597299592,-5.056556991637207,miscanthus_sinensis_ssp_transmorrisonensis_6wks vs miscanthus_sinensis_15wks,FALSE
1711,2.2870953128912106,19.11527115060604,1.5512617684268248,0.1369092973005692,0.31284597299592,-5.056579160149375,miscanthus_sinensis_ssp_transmorrisonensis_6wks vs miscanthus_sinensis_15wks,FALSE
585,2.224042673260886,22.288355063530243,1.5488369125700983,0.1374898278189848,0.31397368459907743,-5.059937939310359,miscanthus_sinensis_ssp_transmorrisonensis_6wks vs miscanthus_sinensis_15wks,FALSE
4598,1.5202582356291678,17.55198490880825,1.5485439083404762,0.1375601138185838,0.31397368459907743,-5.060343518597804,miscanthus_sinensis_ssp_transmorrisonensis_6wks vs miscanthus_sinensis_15wks,FALSE
4441,1.1381438996576136,20.89267220037097,1.547377206472938,0.13784027911101257,0.3144333681206641,-5.061957891572835,miscanthus_sinensis_ssp_transmorrisonensis_6wks vs miscanthus_sinensis_15wks,FALSE
10394,1.5845403978392625,17.44392375908763,1.5464786527188814,0.1380563758837031,0.3147464606097903,-5.063200586344368,miscanthus_sinensis_ssp_transmorrisonensis_6wks vs miscanthus_sinensis_15wks,FALSE
10584,1.3022896462690383,17.106387308828367,1.5447361295600317,0.13847624439054057,0.31541060385974795,-5.06560889810748,miscanthus_sinensis_ssp_transmorrisonensis_6wks vs miscanthus_sinensis_15wks,FALSE
447,-2.508498312335135,19.20248983041762,-1.544543275630521,0.13852277849651057,0.31541060385974795,-5.065875309414113,miscanthus_sinensis_ssp_transmorrisonensis_6wks vs miscanthus_sinensis_15wks,FALSE
12362,1.1250829522454033,17.278712795051455,1.5442866545922966,0.13858471923096138,0.31541060385974795,-5.066229769728276,miscanthus_sinensis_ssp_transmorrisonensis_6wks vs miscanthus_sinensis_15wks,FALSE
20545,0.9265625687719385,16.959943512202944,1.5438956297693183,0.13867914528982625,0.31544566837435123,-5.066769789117967,miscanthus_sinensis_ssp_transmorrisonensis_6wks vs miscanthus_sinensis_15wks,FALSE
17162,0.9828766164391745,16.790326028383205,1.5430643345385509,0.13888006692569543,0.3157227945144511,-5.067917486805618,miscanthus_sinensis_ssp_transmorrisonensis_6wks vs miscanthus_sinensis_15wks,FALSE
785,-1.9663689438194005,18.784267528301577,-1.54264963806532,0.13898038817347938,0.31577103562238457,-5.068489843941601,miscanthus_sinensis_ssp_transmorrisonensis_6wks vs miscanthus_sinensis_15wks,FALSE
2610,3.1347193736846606,20.744681400898507,1.5420369437634056,0.13912871813578892,0.3159282382241578,-5.069335256788344,miscanthus_sinensis_ssp_transmorrisonensis_6wks vs miscanthus_sinensis_15wks,FALSE
19772,0.9806999995196044,16.938841970663518,1.5408490021631065,0.13941668671652638,0.31640216792062154,-5.070973672415514,miscanthus_sinensis_ssp_transmorrisonensis_6wks vs miscanthus_sinensis_15wks,FALSE
9829,1.0479029930830706,17.03849287553215,1.5401683118245535,0.13958191545353338,0.31659716277869615,-5.071912044302755,miscanthus_sinensis_ssp_transmorrisonensis_6wks vs miscanthus_sinensis_15wks,FALSE
7488,2.0856195699981868,19.13662933175728,1.539614070989487,0.13971657019063477,0.3167226281663907,-5.072675861214767,miscanthus_sinensis_ssp_transmorrisonensis_6wks vs miscanthus_sinensis_15wks,FALSE
13576,1.2138217955644386,16.96564309815681,1.539042925484651,0.13985544470615832,0.31684697299445075,-5.073462752494597,miscanthus_sinensis_ssp_transmorrisonensis_6wks vs miscanthus_sinensis_15wks,FALSE
1269,2.4664788855820987,19.405809990954534,1.5383913958598117,0.1400140044792152,0.31684697299445075,-5.07436011654036,miscanthus_sinensis_ssp_transmorrisonensis_6wks vs miscanthus_sinensis_15wks,FALSE
7160,1.5723937671009196,17.44375545072579,1.5380702874624042,0.14009220598858568,0.31684697299445075,-5.074802277024427,miscanthus_sinensis_ssp_transmorrisonensis_6wks vs miscanthus_sinensis_15wks,FALSE
3648,1.048616959365134,17.081868700717745,1.5378683630661232,0.14014140043159984,0.31684697299445075,-5.075080286698652,miscanthus_sinensis_ssp_transmorrisonensis_6wks vs miscanthus_sinensis_15wks,FALSE
5176,1.1058511065852805,17.134222368830994,1.5377580775333057,0.14016827512730462,0.31684697299445075,-5.075232115981724,miscanthus_sinensis_ssp_transmorrisonensis_6wks vs miscanthus_sinensis_15wks,FALSE
14556,1.1118167815395594,16.882685075140262,1.5335786691338817,0.14118987916094453,0.3189756636165764,-5.08097966110924,miscanthus_sinensis_ssp_transmorrisonensis_6wks vs miscanthus_sinensis_15wks,FALSE
340,0.824778267276205,23.897398017272508,1.5324629701739638,0.14146363876916251,0.3192840889930796,-5.082511926381983,miscanthus_sinensis_ssp_transmorrisonensis_6wks vs miscanthus_sinensis_15wks,FALSE
15441,0.8665336167868709,16.935548685005845,1.5318274854524547,0.1416197644202179,0.3192840889930796,-5.0833842942446035,miscanthus_sinensis_ssp_transmorrisonensis_6wks vs miscanthus_sinensis_15wks,FALSE
1625,3.2224348118176387,19.981295702211735,1.5316068876828302,0.14167399415612594,0.3192840889930796,-5.083687056373866,miscanthus_sinensis_ssp_transmorrisonensis_6wks vs miscanthus_sinensis_15wks,FALSE
5838,-2.0210239699167722,18.253458884385893,-1.5312128044241073,0.14177091478008522,0.3192840889930796,-5.084227836621281,miscanthus_sinensis_ssp_transmorrisonensis_6wks vs miscanthus_sinensis_15wks,FALSE
16836,1.0231626592010237,17.0445284516985,1.5311172164762916,0.14179443190108718,0.3192840889930796,-5.084358990792397,miscanthus_sinensis_ssp_transmorrisonensis_6wks vs miscanthus_sinensis_15wks,FALSE
8440,1.0467778887292098,17.077252220604546,1.53092789774143,0.14184101876838207,0.3192840889930796,-5.084618732215613,miscanthus_sinensis_ssp_transmorrisonensis_6wks vs miscanthus_sinensis_15wks,FALSE
3746,1.5780839691273059,20.740821599560764,1.5307440722721914,0.14188626600043167,0.3192840889930796,-5.08487091314653,miscanthus_sinensis_ssp_transmorrisonensis_6wks vs miscanthus_sinensis_15wks,FALSE
106,2.5311000885483246,22.257181046848906,1.5296548848949476,0.1421546063941039,0.3197077119578945,-5.086364632511597,miscanthus_sinensis_ssp_transmorrisonensis_6wks vs miscanthus_sinensis_15wks,FALSE
4095,-1.6433101284170135,20.31722167857676,-1.5290700067704892,0.14229887465806396,0.3198519750197023,-5.087166398011391,miscanthus_sinensis_ssp_transmorrisonensis_6wks vs miscanthus_sinensis_15wks,FALSE
7015,1.8325334729083593,19.265880660217565,1.5285820859859713,0.14241931975845784,0.3199425573864737,-5.087835069854756,miscanthus_sinensis_ssp_transmorrisonensis_6wks vs miscanthus_sinensis_15wks,FALSE
18440,1.0617606677238491,16.787230521710807,1.524587962974138,0.14340845960472454,0.32198344811139507,-5.093302588663571,miscanthus_sinensis_ssp_transmorrisonensis_6wks vs miscanthus_sinensis_15wks,FALSE
3198,-2.039139635535207,18.311289313030443,-1.5234128350869107,0.14370055799548243,0.3224579131635559,-5.094909093420801,miscanthus_sinensis_ssp_transmorrisonensis_6wks vs miscanthus_sinensis_15wks,FALSE
14260,1.196264007290413,17.243791146298186,1.5229581146129771,0.14381371855922273,0.32253054184742536,-5.095530478374621,miscanthus_sinensis_ssp_transmorrisonensis_6wks vs miscanthus_sinensis_15wks,FALSE
17052,0.9906232234746248,17.168875871649096,1.5207319931187002,0.14436876888776057,0.3235935572150141,-5.098570436375889,miscanthus_sinensis_ssp_transmorrisonensis_6wks vs miscanthus_sinensis_15wks,FALSE
3001,1.4138459080534176,21.52745752008546,1.5203250675884874,0.14447042083721118,0.3236396857363339,-5.099125753563359,miscanthus_sinensis_ssp_transmorrisonensis_6wks vs miscanthus_sinensis_15wks,FALSE
2716,2.752746109942443,21.007802733071614,1.5194858141597611,0.14468025711406732,0.32392797891158537,-5.100270688214919,miscanthus_sinensis_ssp_transmorrisonensis_6wks vs miscanthus_sinensis_15wks,FALSE
9647,0.8673519015535831,17.049529080460832,1.5185597360874263,0.1449120940248069,0.32426517900618224,-5.101533500182795,miscanthus_sinensis_ssp_transmorrisonensis_6wks vs miscanthus_sinensis_15wks,FALSE
594,2.4247090632001687,20.380038637905578,1.5161410280351462,0.14551904730944115,0.32524816638785986,-5.104828851780021,miscanthus_sinensis_ssp_transmorrisonensis_6wks vs miscanthus_sinensis_15wks,FALSE
8771,1.437677124555453,17.121429839857523,1.5160311201055818,0.14554667749832573,0.32524816638785986,-5.1049784977924855,miscanthus_sinensis_ssp_transmorrisonensis_6wks vs miscanthus_sinensis_15wks,FALSE
22382,0.9541935011879836,16.86545565129189,1.5157006579176273,0.14562977977836916,0.32524816638785986,-5.105428390248617,miscanthus_sinensis_ssp_transmorrisonensis_6wks vs miscanthus_sinensis_15wks,FALSE
132,-4.028642487230627,20.265093756256647,-1.5148063207279696,0.14585487774986164,0.32524816638785986,-5.106645560615127,miscanthus_sinensis_ssp_transmorrisonensis_6wks vs miscanthus_sinensis_15wks,FALSE
14388,-1.185982580014688,17.689378657335748,-1.5147792047009119,0.14586170713281224,0.32524816638785986,-5.106682456091964,miscanthus_sinensis_ssp_transmorrisonensis_6wks vs miscanthus_sinensis_15wks,FALSE
2882,1.4690861592319422,17.243901546223512,1.5145658835767157,0.1459154429257775,0.32524816638785986,-5.10697269393973,miscanthus_sinensis_ssp_transmorrisonensis_6wks vs miscanthus_sinensis_15wks,FALSE
120,-1.9504552501621006,22.50865222426949,-1.5144591874870514,0.14594232589933376,0.32524816638785986,-5.1071178492380405,miscanthus_sinensis_ssp_transmorrisonensis_6wks vs miscanthus_sinensis_15wks,FALSE
10276,1.2989582976135878,17.356241932685315,1.5142177034714834,0.14600318491158437,0.32524816638785986,-5.107446348070348,miscanthus_sinensis_ssp_transmorrisonensis_6wks vs miscanthus_sinensis_15wks,FALSE
7321,1.562058274287999,18.749026662631177,1.5129220736091415,0.14633006832048037,0.3257945525573662,-5.109208138951496,miscanthus_sinensis_ssp_transmorrisonensis_6wks vs miscanthus_sinensis_15wks,FALSE
3896,1.7731169116227754,18.854781807982096,1.51186846925303,0.14659633428069846,0.32580215026357695,-5.110639956895309,miscanthus_sinensis_ssp_transmorrisonensis_6wks vs miscanthus_sinensis_15wks,FALSE
5093,-1.837855143661134,18.708833015063657,-1.5118385312031237,0.14660390603232573,0.32580215026357695,-5.110680630463255,miscanthus_sinensis_ssp_transmorrisonensis_6wks vs miscanthus_sinensis_15wks,FALSE
7319,1.416746247989586,16.701937317259507,1.5113745220359578,0.14672130168164488,0.32580215026357695,-5.111310948769458,miscanthus_sinensis_ssp_transmorrisonensis_6wks vs miscanthus_sinensis_15wks,FALSE
18935,0.7475103980445361,16.920594493097518,1.5111540351896013,0.1467771126474714,0.32580215026357695,-5.1116104090649905,miscanthus_sinensis_ssp_transmorrisonensis_6wks vs miscanthus_sinensis_15wks,FALSE
1126,1.5316753028204069,17.520998638060014,1.5110856728706947,0.14679442048622568,0.32580215026357695,-5.111703250305309,miscanthus_sinensis_ssp_transmorrisonensis_6wks vs miscanthus_sinensis_15wks,FALSE
23567,-0.818632516789453,16.864505382304614,-1.5109721590629541,0.14682316340785945,0.32580215026357695,-5.111857403463553,miscanthus_sinensis_ssp_transmorrisonensis_6wks vs miscanthus_sinensis_15wks,FALSE
5961,-1.6350098881598,19.003501015462124,-1.5106449334888654,0.146906046424631,0.3258049651817372,-5.112301729229616,miscanthus_sinensis_ssp_transmorrisonensis_6wks vs miscanthus_sinensis_15wks,FALSE
2068,1.196051711701724,17.381555743135397,1.5102121637717636,0.14701572197200308,0.3258671638602089,-5.1128892534648305,miscanthus_sinensis_ssp_transmorrisonensis_6wks vs miscanthus_sinensis_15wks,FALSE
989,2.451277596518185,17.672260896118775,1.5087755451847726,0.1473802839811183,0.3264939476429657,-5.114838650718815,miscanthus_sinensis_ssp_transmorrisonensis_6wks vs miscanthus_sinensis_15wks,FALSE
5030,1.228314110879495,21.62328063455326,1.5081648671540262,0.14753547754475246,0.32665647607246356,-5.1156668615651055,miscanthus_sinensis_ssp_transmorrisonensis_6wks vs miscanthus_sinensis_15wks,FALSE
17476,0.9992997111783026,16.83018370681036,1.5073336850056196,0.14774692486446145,0.3268733712277387,-5.116793702243,miscanthus_sinensis_ssp_transmorrisonensis_6wks vs miscanthus_sinensis_15wks,FALSE
10274,1.9652826231156446,18.896503724073515,1.5071361893114363,0.14779720317286282,0.3268733712277387,-5.117061377406378,miscanthus_sinensis_ssp_transmorrisonensis_6wks vs miscanthus_sinensis_15wks,FALSE
2841,1.8539630960660993,20.558497763708967,1.5059524386035392,0.14809885704766668,0.32718527341387993,-5.118665195164056,miscanthus_sinensis_ssp_transmorrisonensis_6wks vs miscanthus_sinensis_15wks,FALSE
1647,2.532613166098777,19.935963411763574,1.505939521208304,0.14810215156785594,0.32718527341387993,-5.118682691002653,miscanthus_sinensis_ssp_transmorrisonensis_6wks vs miscanthus_sinensis_15wks,FALSE
94,4.518318337847727,20.979150129193084,1.5045217935189596,0.1484641032604593,0.3278034846326071,-5.12060220453761,miscanthus_sinensis_ssp_transmorrisonensis_6wks vs miscanthus_sinensis_15wks,FALSE
8347,1.1431126629339374,17.154229541981625,1.5040563839029615,0.14858308291332273,0.3278848352625674,-5.121232031180656,miscanthus_sinensis_ssp_transmorrisonensis_6wks vs miscanthus_sinensis_15wks,FALSE
13029,1.1024811651948525,16.850042555287263,1.5035692009129484,0.14870771289864676,0.3279262426117926,-5.121891159735843,miscanthus_sinensis_ssp_transmorrisonensis_6wks vs miscanthus_sinensis_15wks,FALSE
4985,1.2069627421435811,17.00723122346986,1.503026826011977,0.14884656315666187,0.3279262426117926,-5.122624762859328,miscanthus_sinensis_ssp_transmorrisonensis_6wks vs miscanthus_sinensis_15wks,FALSE
8675,1.4927757367062,17.639876466138706,1.5030201048478593,0.1488482844720862,0.3279262426117926,-5.1226338524426165,miscanthus_sinensis_ssp_transmorrisonensis_6wks vs miscanthus_sinensis_15wks,FALSE
277,0.6662835109107696,26.110167593276582,1.5021562774771875,0.14906965031097247,0.32823278766762387,-5.123801812297653,miscanthus_sinensis_ssp_transmorrisonensis_6wks vs miscanthus_sinensis_15wks,FALSE
3049,2.049248565698811,17.674051599608802,1.5007189546060058,0.14943858138426963,0.32874277894697085,-5.125744015523477,miscanthus_sinensis_ssp_transmorrisonensis_6wks vs miscanthus_sinensis_15wks,FALSE
18526,0.7313861819553402,16.7194154577408,1.500402524657217,0.14951990321365607,0.32874277894697085,-5.12617140035508,miscanthus_sinensis_ssp_transmorrisonensis_6wks vs miscanthus_sinensis_15wks,FALSE
712,-2.7006876519130607,19.478420288038908,-1.4999950309260073,0.14962468186134537,0.32874277894697085,-5.126721676054502,miscanthus_sinensis_ssp_transmorrisonensis_6wks vs miscanthus_sinensis_15wks,FALSE
23136,-0.9100147413094373,16.71574800866284,-1.499971754753977,0.1496306686740095,0.32874277894697085,-5.126753104440726,miscanthus_sinensis_ssp_transmorrisonensis_6wks vs miscanthus_sinensis_15wks,FALSE
7674,1.6297272123613062,18.147956707236578,1.4988245217719451,0.14992599017271063,0.32921042506571,-5.128301668834726,miscanthus_sinensis_ssp_transmorrisonensis_6wks vs miscanthus_sinensis_15wks,FALSE
2647,-2.7160660718881218,19.174221516932832,-1.4983143445823424,0.1500574742070601,0.3293179972702496,-5.12899002056893,miscanthus_sinensis_ssp_transmorrisonensis_6wks vs miscanthus_sinensis_15wks,FALSE
3967,2.1275393582497237,18.964207606052465,1.496456416404359,0.15053710519258878,0.330146276683335,-5.131495258633985,miscanthus_sinensis_ssp_transmorrisonensis_6wks vs miscanthus_sinensis_15wks,FALSE
12907,1.054532369870298,16.970794264153472,1.496212010888149,0.15060029304618064,0.330146276683335,-5.131824634500038,miscanthus_sinensis_ssp_transmorrisonensis_6wks vs miscanthus_sinensis_15wks,FALSE
10562,-1.636706225226888,18.136835822091882,-1.4948419127718098,0.150954917688752,0.33074205895362124,-5.133670280772439,miscanthus_sinensis_ssp_transmorrisonensis_6wks vs miscanthus_sinensis_15wks,FALSE
8565,1.2673549072503683,16.889779000611057,1.4937530070751701,0.15123724988204018,0.3311788818042263,-5.135136188388794,miscanthus_sinensis_ssp_transmorrisonensis_6wks vs miscanthus_sinensis_15wks,FALSE
3434,1.1278949507870628,17.515959268134594,1.4930919095722932,0.15140887116889817,0.33137292418105346,-5.136025762299441,miscanthus_sinensis_ssp_transmorrisonensis_6wks vs miscanthus_sinensis_15wks,FALSE
11916,1.1973453967349705,16.899255122210047,1.4913535923066947,0.15186090254748696,0.33218012217510573,-5.1383633682564644,miscanthus_sinensis_ssp_transmorrisonensis_6wks vs miscanthus_sinensis_15wks,FALSE
14898,1.097657475131225,16.96431129785371,1.4900267844901407,0.15220667014930875,0.3326332031509873,-5.1401461553169385,miscanthus_sinensis_ssp_transmorrisonensis_6wks vs miscanthus_sinensis_15wks,FALSE
3061,1.9532065440701665,20.13859381807947,1.4893453789082378,0.15238449615374544,0.3326332031509873,-5.141061252050848,miscanthus_sinensis_ssp_transmorrisonensis_6wks vs miscanthus_sinensis_15wks,FALSE
19711,0.9081692295715342,17.204379801927047,1.4893145462227828,0.15239254657069556,0.3326332031509873,-5.141102651159975,miscanthus_sinensis_ssp_transmorrisonensis_6wks vs miscanthus_sinensis_15wks,FALSE
936,3.227698585260846,19.497992310430543,1.4892808892395797,0.15240133481040977,0.3326332031509873,-5.1411478416897065,miscanthus_sinensis_ssp_transmorrisonensis_6wks vs miscanthus_sinensis_15wks,FALSE
23018,-0.844864081722065,16.707216161606176,-1.4883647119587888,0.1526407193854639,0.3329736348561595,-5.142377665189988,miscanthus_sinensis_ssp_transmorrisonensis_6wks vs miscanthus_sinensis_15wks,FALSE
6805,1.55641715357714,17.0323795530418,1.486532923519595,0.153120265482478,0.33383730191482913,-5.14483476620177,miscanthus_sinensis_ssp_transmorrisonensis_6wks vs miscanthus_sinensis_15wks,FALSE
4274,1.77070003211508,17.433128699431784,1.48345298521318,0.15392935044077602,0.33525644842520824,-5.148960721984066,miscanthus_sinensis_ssp_transmorrisonensis_6wks vs miscanthus_sinensis_15wks,FALSE
3882,-2.561805032568085,19.355095693230083,-1.4834157787225888,0.1539391457824165,0.33525644842520824,-5.149010523428569,miscanthus_sinensis_ssp_transmorrisonensis_6wks vs miscanthus_sinensis_15wks,FALSE
7331,-1.7165615279897324,18.020327973874608,-1.4822679424890068,0.15424158729561815,0.3355804574558642,-5.1505464356263735,miscanthus_sinensis_ssp_transmorrisonensis_6wks vs miscanthus_sinensis_15wks,FALSE
172,0.7884591767875229,26.463979495989502,1.4822131109149679,0.15425604695178124,0.3355804574558642,-5.150619781940744,miscanthus_sinensis_ssp_transmorrisonensis_6wks vs miscanthus_sinensis_15wks,FALSE
13993,1.165559284971252,16.923420519759997,1.4811263153078538,0.15454287544136586,0.33602132830170617,-5.152073109602146,miscanthus_sinensis_ssp_transmorrisonensis_6wks vs miscanthus_sinensis_15wks,FALSE
16147,1.0519449853761031,16.79979477681447,1.4806398640319407,0.1546714017215653,0.3361177113078327,-5.152723348743996,miscanthus_sinensis_ssp_transmorrisonensis_6wks vs miscanthus_sinensis_15wks,FALSE
13815,1.322711131810582,18.09079180253603,1.4802806911470692,0.15476635568177313,0.3361410728409349,-5.15320334679094,miscanthus_sinensis_ssp_transmorrisonensis_6wks vs miscanthus_sinensis_15wks,FALSE
9789,0.885691565513973,17.05109572966972,1.4795245723889072,0.1549664055930089,0.33639254547432923,-5.154213522311065,miscanthus_sinensis_ssp_transmorrisonensis_6wks vs miscanthus_sinensis_15wks,FALSE
7225,1.3463369365423539,16.9851354026916,1.4785630158863596,0.15522111486866355,0.3367623318237527,-5.155497574479778,miscanthus_sinensis_ssp_transmorrisonensis_6wks vs miscanthus_sinensis_15wks,FALSE
82,1.2807636524371198,24.055429082901366,1.4776929228488087,0.15545189136639015,0.3370798209313577,-5.156658919324591,miscanthus_sinensis_ssp_transmorrisonensis_6wks vs miscanthus_sinensis_15wks,FALSE
9489,1.2578834478074334,17.213657848156476,1.4752585921377588,0.15609904564600072,0.3382993432241232,-5.1599052402919785,miscanthus_sinensis_ssp_transmorrisonensis_6wks vs miscanthus_sinensis_15wks,FALSE
2615,2.4385982661183228,20.699227529960055,1.472990950550658,0.15670386717169016,0.33942584793781183,-5.162925465724896,miscanthus_sinensis_ssp_transmorrisonensis_6wks vs miscanthus_sinensis_15wks,FALSE
3265,1.5397937274577558,17.189677078108225,1.4717425347485178,0.15703765931354155,0.33996439044449994,-5.164586636905802,miscanthus_sinensis_ssp_transmorrisonensis_6wks vs miscanthus_sinensis_15wks,FALSE
3647,-2.7845412066093047,19.269408424944857,-1.4713470237505317,0.15714352922650834,0.3400091971123151,-5.165112680621652,miscanthus_sinensis_ssp_transmorrisonensis_6wks vs miscanthus_sinensis_15wks,FALSE
1631,-2.0193336950712997,18.218689666054498,-1.4691009590285173,0.15774585962996543,0.34112755776967607,-5.168097904339303,miscanthus_sinensis_ssp_transmorrisonensis_6wks vs miscanthus_sinensis_15wks,FALSE
8485,1.4571560588177483,18.183336561675667,1.4687238952228727,0.15784716198454163,0.3411618140997781,-5.168598702358144,miscanthus_sinensis_ssp_transmorrisonensis_6wks vs miscanthus_sinensis_15wks,FALSE
1732,1.1891097822256746,22.064999796513906,1.4662689294210054,0.1585080151944957,0.34240476009546905,-5.1718567797665385,miscanthus_sinensis_ssp_transmorrisonensis_6wks vs miscanthus_sinensis_15wks,FALSE
6827,1.1699747590014695,17.039615684041316,1.4659213868855483,0.15860175252384687,0.3424219556923725,-5.172317667511169,miscanthus_sinensis_ssp_transmorrisonensis_6wks vs miscanthus_sinensis_15wks,FALSE
6772,1.3132454057176624,16.97292022514232,1.4640850514436268,0.15909779042338254,0.34322640844214847,-5.174751455076496,miscanthus_sinensis_ssp_transmorrisonensis_6wks vs miscanthus_sinensis_15wks,FALSE
291,1.0043028126451254,25.049212105199437,1.4639056709828588,0.15914631313286992,0.34322640844214847,-5.17498906729898,miscanthus_sinensis_ssp_transmorrisonensis_6wks vs miscanthus_sinensis_15wks,FALSE
5978,1.9125441145264475,17.515762316088516,1.4631146011063767,0.15936044285285017,0.34350263923789304,-5.176036664395156,miscanthus_sinensis_ssp_transmorrisonensis_6wks vs miscanthus_sinensis_15wks,FALSE
14906,0.8531946036397855,17.067787770411996,1.4622837842218488,0.1595855843542176,0.34380229505776394,-5.177136413885291,miscanthus_sinensis_ssp_transmorrisonensis_6wks vs miscanthus_sinensis_15wks,FALSE
5995,1.0771761645687654,16.638022358393687,1.4614367391427323,0.15981539044083404,0.3438820185878767,-5.178257134190078,miscanthus_sinensis_ssp_transmorrisonensis_6wks vs miscanthus_sinensis_15wks,FALSE
2496,-2.1415731533337983,18.55211571402069,-1.4607626184980687,0.1599984742939162,0.3438820185878767,-5.17914869081053,miscanthus_sinensis_ssp_transmorrisonensis_6wks vs miscanthus_sinensis_15wks,FALSE
3129,2.2451089057826117,17.717793355480644,1.4603018374634504,0.16012371576213225,0.3438820185878767,-5.179757907723434,miscanthus_sinensis_ssp_transmorrisonensis_6wks vs miscanthus_sinensis_15wks,FALSE
830,0.893434461655243,24.60827872477653,1.460122413219816,0.16017250534097865,0.3438820185878767,-5.179995090356965,miscanthus_sinensis_ssp_transmorrisonensis_6wks vs miscanthus_sinensis_15wks,FALSE
3544,1.8375730128804406,18.137477754037757,1.459659196690892,0.16029852058621524,0.3438820185878767,-5.180607313727053,miscanthus_sinensis_ssp_transmorrisonensis_6wks vs miscanthus_sinensis_15wks,FALSE
6495,1.3939036306487722,18.982778275244385,1.4595431777668078,0.16033009547882818,0.3438820185878767,-5.180760629293656,miscanthus_sinensis_ssp_transmorrisonensis_6wks vs miscanthus_sinensis_15wks,FALSE
19289,0.959709108149255,16.938525832851017,1.4595254764673666,0.16033491338529854,0.3438820185878767,-5.180784020184668,miscanthus_sinensis_ssp_transmorrisonensis_6wks vs miscanthus_sinensis_15wks,FALSE
7882,1.032789089928471,17.11374663571658,1.459361174188075,0.16037963850111894,0.3438820185878767,-5.181001122120019,miscanthus_sinensis_ssp_transmorrisonensis_6wks vs miscanthus_sinensis_15wks,FALSE
7379,1.3012313543177818,17.234718754672276,1.4592941897807818,0.16039787540346354,0.3438820185878767,-5.181089626851495,miscanthus_sinensis_ssp_transmorrisonensis_6wks vs miscanthus_sinensis_15wks,FALSE
18085,0.9498735495897357,16.77969335109869,1.458564505278061,0.16059664581558655,0.3441233548555135,-5.182053530675766,miscanthus_sinensis_ssp_transmorrisonensis_6wks vs miscanthus_sinensis_15wks,FALSE
17961,0.8474028635420012,16.90611660709984,1.4578173277612567,0.16080038933078517,0.3442316578237461,-5.183040145581819,miscanthus_sinensis_ssp_transmorrisonensis_6wks vs miscanthus_sinensis_15wks,FALSE
17639,1.0949298823942684,16.82638039147827,1.4577460383607634,0.16081983982287235,0.3442316578237461,-5.183134259091047,miscanthus_sinensis_ssp_transmorrisonensis_6wks vs miscanthus_sinensis_15wks,FALSE
3041,1.576309983969928,17.375345993300883,1.4574307700292541,0.16090588013504767,0.3442316578237461,-5.183550420289163,miscanthus_sinensis_ssp_transmorrisonensis_6wks vs miscanthus_sinensis_15wks,FALSE
13639,-0.9643503654516117,17.229542548914413,-1.4558909267348377,0.16132665976134403,0.344946987556125,-5.185582019276535,miscanthus_sinensis_ssp_transmorrisonensis_6wks vs miscanthus_sinensis_15wks,FALSE
13001,1.0613571675336608,16.812446401363292,1.4551026350195981,0.1615424158699245,0.34522340693401427,-5.186621394451559,miscanthus_sinensis_ssp_transmorrisonensis_6wks vs miscanthus_sinensis_15wks,FALSE
645,-3.2027111023327777,19.597473849230358,-1.4541925738860924,0.16179179241793054,0.3455713404667623,-5.187820767630475,miscanthus_sinensis_ssp_transmorrisonensis_6wks vs miscanthus_sinensis_15wks,FALSE
12585,1.172229193639776,17.365840833855998,1.4524228534117767,0.16227763128584957,0.34642369202840184,-5.190151379550397,miscanthus_sinensis_ssp_transmorrisonensis_6wks vs miscanthus_sinensis_15wks,FALSE
6366,1.2351623037666926,17.46064009939537,1.4518799200356811,0.16242691971044915,0.34655706225767663,-5.190865936187848,miscanthus_sinensis_ssp_transmorrisonensis_6wks vs miscanthus_sinensis_15wks,FALSE
11132,0.7995996940203902,16.873753127761535,1.4500494249290692,0.16293106768682922,0.3470181024603965,-5.193273489579652,miscanthus_sinensis_ssp_transmorrisonensis_6wks vs miscanthus_sinensis_15wks,FALSE
568,-1.8036501331596675,18.50064740499754,-1.4500019635276586,0.16294415622779157,0.3470181024603965,-5.193335880869666,miscanthus_sinensis_ssp_transmorrisonensis_6wks vs miscanthus_sinensis_15wks,FALSE
6386,0.8875254254393319,20.106611578354645,1.4495883983032607,0.16305824225158805,0.3470181024603965,-5.193879472055246,miscanthus_sinensis_ssp_transmorrisonensis_6wks vs miscanthus_sinensis_15wks,FALSE
2174,2.5391950858163526,18.374027720952647,1.4494214473531806,0.16310431570318654,0.3470181024603965,-5.194098877801663,miscanthus_sinensis_ssp_transmorrisonensis_6wks vs miscanthus_sinensis_15wks,FALSE
15621,0.9401313123847999,16.858870491722765,1.4492341944971983,0.16315600446235962,0.3470181024603965,-5.194344940207213,miscanthus_sinensis_ssp_transmorrisonensis_6wks vs miscanthus_sinensis_15wks,FALSE
2051,1.0234664143771148,22.70695416753075,1.4489159759928687,0.16324387515642352,0.3470181024603965,-5.194763041860102,miscanthus_sinensis_ssp_transmorrisonensis_6wks vs miscanthus_sinensis_15wks,FALSE
1155,-2.741826475756664,18.72383831685019,-1.4488883620027293,0.16325150210937492,0.3470181024603965,-5.194799319941754,miscanthus_sinensis_ssp_transmorrisonensis_6wks vs miscanthus_sinensis_15wks,FALSE
23715,-1.0130579897795045,16.614120915921294,-1.4474552272064953,0.16364773005632438,0.3476752200025795,-5.196681354650264,miscanthus_sinensis_ssp_transmorrisonensis_6wks vs miscanthus_sinensis_15wks,FALSE
1566,2.5444401042127005,18.324924330394133,1.4456385394428437,0.16415112402479876,0.34832744818075573,-5.199064947507454,miscanthus_sinensis_ssp_transmorrisonensis_6wks vs miscanthus_sinensis_15wks,FALSE
18450,0.8735699721281271,17.041403376299925,1.4455729566204767,0.16416932015147942,0.34832744818075573,-5.1991509510661,miscanthus_sinensis_ssp_transmorrisonensis_6wks vs miscanthus_sinensis_15wks,FALSE
2800,1.1272812635359202,17.349551719748774,1.4454029471149887,0.1642164973637731,0.34832744818075573,-5.199373882488007,miscanthus_sinensis_ssp_transmorrisonensis_6wks vs miscanthus_sinensis_15wks,FALSE
13420,1.3001825272571246,18.267601049805176,1.4450808736276313,0.16430590213667737,0.34833200283038557,-5.199796156221071,miscanthus_sinensis_ssp_transmorrisonensis_6wks vs miscanthus_sinensis_15wks,FALSE
7898,1.594649773405461,18.82270535949786,1.4443970751355433,0.16449584964192068,0.3483881666389281,-5.200692442198154,miscanthus_sinensis_ssp_transmorrisonensis_6wks vs miscanthus_sinensis_15wks,FALSE
14291,1.0595396307412024,17.153191275946686,1.444357179733831,0.16450693740340164,0.3483881666389281,-5.200744724473739,miscanthus_sinensis_ssp_transmorrisonensis_6wks vs miscanthus_sinensis_15wks,FALSE
156,-3.870712528128127,20.406371126573635,-1.4435791894495134,0.1647232783929635,0.3486613612644275,-5.2017640376680925,miscanthus_sinensis_ssp_transmorrisonensis_6wks vs miscanthus_sinensis_15wks,FALSE
1254,2.381344868086618,20.108860328471312,1.442719029200318,0.1649627377093469,0.34898317378681126,-5.202890498522114,miscanthus_sinensis_ssp_transmorrisonensis_6wks vs miscanthus_sinensis_15wks,FALSE
8481,1.0852349388232447,17.17689488909516,1.4423606501762483,0.16506258989888067,0.3490094591505994,-5.203359671372344,miscanthus_sinensis_ssp_transmorrisonensis_6wks vs miscanthus_sinensis_15wks,FALSE
6725,1.0195389149738752,17.077197535352706,1.4407455939312128,0.16551318842593937,0.3496725542906441,-5.205472871192488,miscanthus_sinensis_ssp_transmorrisonensis_6wks vs miscanthus_sinensis_15wks,FALSE
9907,0.8939158202855211,17.13467594021596,1.4405770702840708,0.16556026373863486,0.3496725542906441,-5.205693264824359,miscanthus_sinensis_ssp_transmorrisonensis_6wks vs miscanthus_sinensis_15wks,FALSE
8011,-1.6327816179477708,18.00938372558397,-1.4402953700406618,0.16563897799689578,0.3496725542906441,-5.206061623734376,miscanthus_sinensis_ssp_transmorrisonensis_6wks vs miscanthus_sinensis_15wks,FALSE
12272,0.9154147778692767,17.028003439856803,1.4399414094678218,0.16573792667212392,0.3496965133589422,-5.206524390595839,miscanthus_sinensis_ssp_transmorrisonensis_6wks vs miscanthus_sinensis_15wks,FALSE
7277,-1.6710611288753832,17.495461739586272,-1.4389419612898837,0.16601757839100817,0.3501015176634467,-5.207830574949932,miscanthus_sinensis_ssp_transmorrisonensis_6wks vs miscanthus_sinensis_15wks,FALSE
16003,0.8839816782283165,16.912844636494953,1.4361498896487195,0.16680084490398037,0.3515294050022141,-5.211475705080774,miscanthus_sinensis_ssp_transmorrisonensis_6wks vs miscanthus_sinensis_15wks,FALSE
1062,2.386454081707054,17.85904725246207,1.4357897716344967,0.16690208734983294,0.3515294050022141,-5.2119454371187945,miscanthus_sinensis_ssp_transmorrisonensis_6wks vs miscanthus_sinensis_15wks,FALSE
1397,2.4059864764932293,19.548880139566748,1.4349958022833962,0.167125477295237,0.3515294050022141,-5.212980744620573,miscanthus_sinensis_ssp_transmorrisonensis_6wks vs miscanthus_sinensis_15wks,FALSE
2729,2.2749865398872515,20.640791732337668,1.4349256464041535,0.1671452278824727,0.3515294050022141,-5.213072203323037,miscanthus_sinensis_ssp_transmorrisonensis_6wks vs miscanthus_sinensis_15wks,FALSE
240,0.6537535278648186,25.82914990041891,1.4347426525718998,0.16719675399750375,0.3515294050022141,-5.213310746361075,miscanthus_sinensis_ssp_transmorrisonensis_6wks vs miscanthus_sinensis_15wks,FALSE
8618,1.5157255184308873,17.376174296830722,1.4346493476709528,0.1672230310869751,0.3515294050022141,-5.213432365317108,miscanthus_sinensis_ssp_transmorrisonensis_6wks vs miscanthus_sinensis_15wks,FALSE
3635,1.2106540172275722,18.901044847247274,1.4331808097203127,0.16763705041826482,0.3520692144208372,-5.21534570748866,miscanthus_sinensis_ssp_transmorrisonensis_6wks vs miscanthus_sinensis_15wks,FALSE
1760,-2.112810889569765,19.288943468315345,-1.4330233420863607,0.16768149390181014,0.3520692144208372,-5.215550777194503,miscanthus_sinensis_ssp_transmorrisonensis_6wks vs miscanthus_sinensis_15wks,FALSE
5239,1.9941143493459919,17.786267974120523,1.4328005164371465,0.16774440025762336,0.3520692144208372,-5.215840931637356,miscanthus_sinensis_ssp_transmorrisonensis_6wks vs miscanthus_sinensis_15wks,FALSE
4887,1.4466496373829898,18.12294409133579,1.4320081864526653,0.1679682393039506,0.3523537631641465,-5.216872378512907,miscanthus_sinensis_ssp_transmorrisonensis_6wks vs miscanthus_sinensis_15wks,FALSE
8169,1.5475747229729429,17.511265207011007,1.4306447600221908,0.16835398324936332,0.35297746908164834,-5.218646202389421,miscanthus_sinensis_ssp_transmorrisonensis_6wks vs miscanthus_sinensis_15wks,FALSE
10859,1.2047229663117704,17.201678341785293,1.4285211955710309,0.16895621474862638,0.3538221472793264,-5.221406270865552,miscanthus_sinensis_ssp_transmorrisonensis_6wks vs miscanthus_sinensis_15wks,FALSE
8150,0.8512977486451234,17.019407364007215,1.4283042280511897,0.16901784356367533,0.3538221472793264,-5.221688085727626,miscanthus_sinensis_ssp_transmorrisonensis_6wks vs miscanthus_sinensis_15wks,FALSE
13513,1.158540270582801,17.396697099443287,1.4282869425633444,0.16902275422386662,0.3538221472793264,-5.2217105360323535,miscanthus_sinensis_ssp_transmorrisonensis_6wks vs miscanthus_sinensis_15wks,FALSE
1101,-2.3457375955632216,19.125046188019837,-1.4272076799070665,0.1693295921551824,0.35427868547352626,-5.223111845205744,miscanthus_sinensis_ssp_transmorrisonensis_6wks vs miscanthus_sinensis_15wks,FALSE
6018,-1.9471681346262208,19.071686755758876,-1.4265625685880199,0.16951321438856584,0.3544770832054242,-5.223949048552845,miscanthus_sinensis_ssp_transmorrisonensis_6wks vs miscanthus_sinensis_15wks,FALSE
20650,0.7627206879464907,17.03938350158125,1.425988006529803,0.16967689122441384,0.35460377385712255,-5.224694439681923,miscanthus_sinensis_ssp_transmorrisonensis_6wks vs miscanthus_sinensis_15wks,FALSE
2216,-2.086646365139689,21.242918684610036,-1.4257264074634708,0.16975145587198426,0.35460377385712255,-5.2250337376454,miscanthus_sinensis_ssp_transmorrisonensis_6wks vs miscanthus_sinensis_15wks,FALSE
13924,0.885368425143497,17.0042435599525,1.4246637164561666,0.17005463136911014,0.35505130147776554,-5.226411550051663,miscanthus_sinensis_ssp_transmorrisonensis_6wks vs miscanthus_sinensis_15wks,FALSE
14261,1.1331117281620706,16.851928587089645,1.424032539107685,0.1702349071904324,0.35507991794387583,-5.2272295008090985,miscanthus_sinensis_ssp_transmorrisonensis_6wks vs miscanthus_sinensis_15wks,FALSE
7982,0.9516244040588298,17.229410689309205,1.4239929027807652,0.17024623320254967,0.35507991794387583,-5.227280856313491,miscanthus_sinensis_ssp_transmorrisonensis_6wks vs miscanthus_sinensis_15wks,FALSE
5904,1.4900760305538192,19.441049688434354,1.4230869268934432,0.17050528027372386,0.3554230155657611,-5.228454386782021,miscanthus_sinensis_ssp_transmorrisonensis_6wks vs miscanthus_sinensis_15wks,FALSE
527,2.2816648104143376,17.64588653474513,1.4227950597721628,0.17058880206011978,0.3554230155657611,-5.228832320866516,miscanthus_sinensis_ssp_transmorrisonensis_6wks vs miscanthus_sinensis_15wks,FALSE
3663,2.022663467606005,20.121363107137878,1.4209984136899814,0.17110366499584798,0.35630977082077475,-5.2311573968765,miscanthus_sinensis_ssp_transmorrisonensis_6wks vs miscanthus_sinensis_15wks,FALSE
16218,0.9876455618715987,17.03065133973073,1.4198954092129996,0.17142037281854092,0.35678317429177026,-5.23258364694862,miscanthus_sinensis_ssp_transmorrisonensis_6wks vs miscanthus_sinensis_15wks,FALSE
17196,1.0539869204115853,17.1595433868612,1.419194224690691,0.17162195116314474,0.35701658626538496,-5.2334898568789106,miscanthus_sinensis_ssp_transmorrisonensis_6wks vs miscanthus_sinensis_15wks,FALSE
820,-3.2657393975665165,19.658508271178402,-1.4187713171459317,0.17174362216624042,0.3570310521087925,-5.234036247915669,miscanthus_sinensis_ssp_transmorrisonensis_6wks vs miscanthus_sinensis_15wks,FALSE
5367,1.8832360162708461,19.74704378314328,1.418548418647022,0.17180777833191144,0.3570310521087925,-5.234324177141725,miscanthus_sinensis_ssp_transmorrisonensis_6wks vs miscanthus_sinensis_15wks,FALSE
718,2.758740982291819,18.694457894348155,1.415819362043877,0.1725948425413276,0.35848002675597285,-5.237846484617615,miscanthus_sinensis_ssp_transmorrisonensis_6wks vs miscanthus_sinensis_15wks,FALSE
1826,2.7380290268821916,21.322625134644866,1.414681002374155,0.17292400534417618,0.3587339329479061,-5.239314115139023,miscanthus_sinensis_ssp_transmorrisonensis_6wks vs miscanthus_sinensis_15wks,FALSE
557,-3.140379376984349,20.151290166689282,-1.4144705017003083,0.17298492814267602,0.3587339329479061,-5.239585399003461,miscanthus_sinensis_ssp_transmorrisonensis_6wks vs miscanthus_sinensis_15wks,FALSE
5667,1.5664104854100387,17.97178309300165,1.4144644544371927,0.1729866785883565,0.3587339329479061,-5.239593191965391,miscanthus_sinensis_ssp_transmorrisonensis_6wks vs miscanthus_sinensis_15wks,FALSE
4254,-1.089585206629554,18.742071459169527,-1.4138872582583744,0.17315381998256354,0.35889410663052634,-5.240336887172065,miscanthus_sinensis_ssp_transmorrisonensis_6wks vs miscanthus_sinensis_15wks,FALSE
1145,2.7406678590127456,18.172641470121974,1.413543559220736,0.17325340832331687,0.35891417022661176,-5.240779614045983,miscanthus_sinensis_ssp_transmorrisonensis_6wks vs miscanthus_sinensis_15wks,FALSE
2153,-1.971132792889339,18.858283323476805,-1.4117653052772874,0.17376940272791808,0.35979639817938225,-5.243068839282791,miscanthus_sinensis_ssp_transmorrisonensis_6wks vs miscanthus_sinensis_15wks,FALSE
1311,0.921385507139135,22.823616837191768,1.4113851552327386,0.1738798709723787,0.35983848881375624,-5.2435579218555866,miscanthus_sinensis_ssp_transmorrisonensis_6wks vs miscanthus_sinensis_15wks,FALSE
2574,1.2373189181251298,17.787042204396183,1.4107211958320025,0.17407294735698037,0.36005140199433455,-5.244411884951004,miscanthus_sinensis_ssp_transmorrisonensis_6wks vs miscanthus_sinensis_15wks,FALSE
12812,0.7338879054129634,16.886152504436097,1.4099836975039302,0.1742876108614761,0.3601974784557096,-5.245360051444823,miscanthus_sinensis_ssp_transmorrisonensis_6wks vs miscanthus_sinensis_15wks,FALSE
3452,1.4493308554028914,18.67000173955632,1.4093186463365481,0.17448136987996388,0.3601974784557096,-5.246214733037965,miscanthus_sinensis_ssp_transmorrisonensis_6wks vs miscanthus_sinensis_15wks,FALSE
16696,1.1498751106905765,17.251245541618882,1.4092650778412696,0.17449698431062013,0.3601974784557096,-5.246283561711475,miscanthus_sinensis_ssp_transmorrisonensis_6wks vs miscanthus_sinensis_15wks,FALSE
3443,1.2021131428546141,17.35055830577926,1.4090414307999146,0.17456218629355835,0.3601974784557096,-5.246570896781891,miscanthus_sinensis_ssp_transmorrisonensis_6wks vs miscanthus_sinensis_15wks,FALSE
1939,-1.6829524498530049,18.439360564760488,-1.4089298644416917,0.174594719642234,0.3601974784557096,-5.246714220163015,miscanthus_sinensis_ssp_transmorrisonensis_6wks vs miscanthus_sinensis_15wks,FALSE
1373,1.3226729662656354,21.04347472457668,1.4072846508967123,0.17507503953172235,0.3609664215197186,-5.248826675031652,miscanthus_sinensis_ssp_transmorrisonensis_6wks vs miscanthus_sinensis_15wks,FALSE
2465,-1.7975443509446514,18.603887937143938,-1.407034082334911,0.17514828619331035,0.3609664215197186,-5.249148230297205,miscanthus_sinensis_ssp_transmorrisonensis_6wks vs miscanthus_sinensis_15wks,FALSE
1937,2.281626048071484,20.31113112424518,1.4065337979019796,0.17529460400319327,0.3610815578848026,-5.249790108234214,miscanthus_sinensis_ssp_transmorrisonensis_6wks vs miscanthus_sinensis_15wks,FALSE
9851,1.400247087470568,17.878512650118164,1.4051889079218622,0.1756884304052878,0.36170614449608507,-5.251514722903883,miscanthus_sinensis_ssp_transmorrisonensis_6wks vs miscanthus_sinensis_15wks,FALSE
4609,2.0170392483706223,20.497315635033026,1.4048394137419544,0.17579088976053206,0.36173053191961024,-5.251962677251653,miscanthus_sinensis_ssp_transmorrisonensis_6wks vs miscanthus_sinensis_15wks,FALSE
1157,1.5928159047247732,22.942396319441475,1.4042162624653844,0.17597369490771042,0.36175045219595253,-5.252761160471407,miscanthus_sinensis_ssp_transmorrisonensis_6wks vs miscanthus_sinensis_15wks,FALSE
2305,0.6200899395944219,22.653512163375247,1.4041886178571403,0.17598180815744985,0.36175045219595253,-5.252796576626903,miscanthus_sinensis_ssp_transmorrisonensis_6wks vs miscanthus_sinensis_15wks,FALSE
3223,2.2009457187200034,20.91433256596971,1.4038183384152039,0.1760905082331805,0.3617876010637451,-5.253270895967366,miscanthus_sinensis_ssp_transmorrisonensis_6wks vs miscanthus_sinensis_15wks,FALSE
5768,1.505698268355939,17.87037295286534,1.4031977470705683,0.17627281146064197,0.36197585563317014,-5.25406563224662,miscanthus_sinensis_ssp_transmorrisonensis_6wks vs miscanthus_sinensis_15wks,FALSE
2242,0.9051777752944972,22.17224065378695,1.4015690717416733,0.17675196813504573,0.3627731911542944,-5.2561499807318945,miscanthus_sinensis_ssp_transmorrisonensis_6wks vs miscanthus_sinensis_15wks,FALSE
17236,0.8801154318324294,16.793042597533994,1.4005649779733929,0.17704789379618543,0.363193829411291,-5.257434025556909,miscanthus_sinensis_ssp_transmorrisonensis_6wks vs miscanthus_sinensis_15wks,FALSE
10341,-1.4386714080232466,18.201516456098197,-1.3999568622132452,0.17722731054823831,0.36337515341991133,-5.258211327821202,miscanthus_sinensis_ssp_transmorrisonensis_6wks vs miscanthus_sinensis_15wks,FALSE
583,-1.0312901330577944,22.608686233320377,-1.3977620286546522,0.17787608271341326,0.36432442044843666,-5.261014522338086,miscanthus_sinensis_ssp_transmorrisonensis_6wks vs miscanthus_sinensis_15wks,FALSE
15719,0.9910699792093283,17.487723568100773,1.3977395499821716,0.1778827370457666,0.36432442044843666,-5.2610432131940525,miscanthus_sinensis_ssp_transmorrisonensis_6wks vs miscanthus_sinensis_15wks,FALSE
19250,0.8290202473064525,16.91513716673864,1.3974648132993999,0.17796408313488263,0.36432442044843666,-5.261393845637037,miscanthus_sinensis_ssp_transmorrisonensis_6wks vs miscanthus_sinensis_15wks,FALSE
1533,1.8787113532824016,19.00059379434538,1.396692373537061,0.17819295283486442,0.36442581963090265,-5.262379372025912,miscanthus_sinensis_ssp_transmorrisonensis_6wks vs miscanthus_sinensis_15wks,FALSE
12638,0.8510777626176349,16.825508194680076,1.396672161398515,0.17819894475079617,0.36442581963090265,-5.262405153995196,miscanthus_sinensis_ssp_transmorrisonensis_6wks vs miscanthus_sinensis_15wks,FALSE
564,2.3883669758429136,21.519133823331153,1.3962134250744203,0.1783349812328987,0.36442581963090265,-5.262990222359753,miscanthus_sinensis_ssp_transmorrisonensis_6wks vs miscanthus_sinensis_15wks,FALSE
7842,-1.4787672759988872,17.558105181104565,-1.3960333476144013,0.17838840527359065,0.36442581963090265,-5.263219849040351,miscanthus_sinensis_ssp_transmorrisonensis_6wks vs miscanthus_sinensis_15wks,FALSE
1750,-1.9488170116632695,18.96397419423414,-1.395758197814048,0.17847005946353073,0.36442581963090265,-5.263570661343209,miscanthus_sinensis_ssp_transmorrisonensis_6wks vs miscanthus_sinensis_15wks,FALSE
14748,0.8999361190792747,17.06216245831431,1.395178588659552,0.1786421639217352,0.36459075581572953,-5.264309471873356,miscanthus_sinensis_ssp_transmorrisonensis_6wks vs miscanthus_sinensis_15wks,FALSE
272,-3.8113347597210065,20.026642704392522,-1.3941578456747945,0.17894557869621674,0.3648850048219392,-5.265609977797887,miscanthus_sinensis_ssp_transmorrisonensis_6wks vs miscanthus_sinensis_15wks,FALSE
1953,-2.3507563688985833,18.599317431592134,-1.3940786117921826,0.17896914815665252,0.3648850048219392,-5.265710895650516,miscanthus_sinensis_ssp_transmorrisonensis_6wks vs miscanthus_sinensis_15wks,FALSE
700,1.0257286608476868,24.820814284427183,1.3933198015449242,0.17919499520164373,0.36515896929298713,-5.2666771342694325,miscanthus_sinensis_ssp_transmorrisonensis_6wks vs miscanthus_sinensis_15wks,FALSE
5047,-1.7176820204843821,17.88393687300841,-1.39287666358194,0.17932699336548247,0.36524150893622753,-5.267241211100543,miscanthus_sinensis_ssp_transmorrisonensis_6wks vs miscanthus_sinensis_15wks,FALSE
8184,1.8050259337646075,18.8061110058569,1.391250827036041,0.17981195134421282,0.36604248330754596,-5.269309515619043,miscanthus_sinensis_ssp_transmorrisonensis_6wks vs miscanthus_sinensis_15wks,FALSE
6076,0.89187106700766,17.30506708410421,1.390434596617973,0.1800558141859925,0.3663520949186963,-5.270347142328042,miscanthus_sinensis_ssp_transmorrisonensis_6wks vs miscanthus_sinensis_15wks,FALSE
11579,1.10783455493398,16.937606421288137,1.38832834079285,0.18068631820573272,0.36731192661045964,-5.273022420107138,miscanthus_sinensis_ssp_transmorrisonensis_6wks vs miscanthus_sinensis_15wks,FALSE
8197,1.1436115108479008,17.01938358208512,1.388244077102909,0.18071157912398364,0.36731192661045964,-5.27312937979422,miscanthus_sinensis_ssp_transmorrisonensis_6wks vs miscanthus_sinensis_15wks,FALSE
19664,0.9798058321679939,16.852671808564775,1.3867336620916026,0.1811648573170297,0.3676550226424034,-5.275045722854997,miscanthus_sinensis_ssp_transmorrisonensis_6wks vs miscanthus_sinensis_15wks,FALSE
16394,0.8154811587016155,16.91662310991899,1.3866112182100376,0.18120164277762155,0.3676550226424034,-5.275200999581,miscanthus_sinensis_ssp_transmorrisonensis_6wks vs miscanthus_sinensis_15wks,FALSE
8610,1.3741071609780953,17.138832038892744,1.3865412724822899,0.18122265905237367,0.3676550226424034,-5.275289695979687,miscanthus_sinensis_ssp_transmorrisonensis_6wks vs miscanthus_sinensis_15wks,FALSE
9319,1.7025129177480984,18.29768886018189,1.3864543842617478,0.18124876867741732,0.3676550226424034,-5.2753998716588155,miscanthus_sinensis_ssp_transmorrisonensis_6wks vs miscanthus_sinensis_15wks,FALSE
2238,2.199041355506605,17.66665097563184,1.3852895614916245,0.18159908484426568,0.3681237535094651,-5.276876343998323,miscanthus_sinensis_ssp_transmorrisonensis_6wks vs miscanthus_sinensis_15wks,FALSE
19293,0.7939467877616622,17.10130669148274,1.3850729914832167,0.181664277157727,0.3681237535094651,-5.277150746325514,miscanthus_sinensis_ssp_transmorrisonensis_6wks vs miscanthus_sinensis_15wks,FALSE
3718,2.111204750644106,17.802387496833838,1.3847399359441268,0.18176457069801638,0.3681401147775146,-5.2775726721222584,miscanthus_sinensis_ssp_transmorrisonensis_6wks vs miscanthus_sinensis_15wks,FALSE
8248,1.8082384128292937,18.606581098164206,1.3842960310777075,0.18189831331829864,0.36822417178836114,-5.278134897253761,miscanthus_sinensis_ssp_transmorrisonensis_6wks vs miscanthus_sinensis_15wks,FALSE
4537,1.2644270031286169,17.43782061169595,1.383514443558321,0.18213398649295873,0.36835489075375055,-5.2791244560898605,miscanthus_sinensis_ssp_transmorrisonensis_6wks vs miscanthus_sinensis_15wks,FALSE
16435,0.8787480570027242,17.13593045387243,1.383469872393779,0.18214743345388368,0.36835489075375055,-5.279180873420955,miscanthus_sinensis_ssp_transmorrisonensis_6wks vs miscanthus_sinensis_15wks,FALSE
15671,0.894460217132135,17.068255165548358,1.3830414555693473,0.18227672576729814,0.3684297160825591,-5.279723079871371,miscanthus_sinensis_ssp_transmorrisonensis_6wks vs miscanthus_sinensis_15wks,FALSE
501,-1.8831657630443281,18.89787480089667,-1.3806367162441382,0.1830038165894297,0.36971216387905026,-5.282763993505884,miscanthus_sinensis_ssp_transmorrisonensis_6wks vs miscanthus_sinensis_15wks,FALSE
344,2.241263879771086,20.850664521154997,1.3796950637559258,0.1832891628881493,0.3701013344711644,-5.283953586613793,miscanthus_sinensis_ssp_transmorrisonensis_6wks vs miscanthus_sinensis_15wks,FALSE
11377,1.2078645902889242,17.365190031276075,1.3793235224078275,0.18340184775220258,0.37014164622183654,-5.2844227743517145,miscanthus_sinensis_ssp_transmorrisonensis_6wks vs miscanthus_sinensis_15wks,FALSE
13081,0.9703697906146118,17.091656578731637,1.3783550806463478,0.18369582678150823,0.37054762026871185,-5.285645252690113,miscanthus_sinensis_ssp_transmorrisonensis_6wks vs miscanthus_sinensis_15wks,FALSE
310,-3.1950315184242264,19.744103678638282,-1.3778149727280269,0.18385994467888495,0.37056433908436787,-5.286326735051012,miscanthus_sinensis_ssp_transmorrisonensis_6wks vs miscanthus_sinensis_15wks,FALSE
12663,0.9470477752708781,17.070266036463405,1.3777168647138491,0.18388976846847013,0.37056433908436787,-5.2864504996999395,miscanthus_sinensis_ssp_transmorrisonensis_6wks vs miscanthus_sinensis_15wks,FALSE
8547,-1.336059589278964,18.089783682069438,-1.3764213123174829,0.18428396493556684,0.37115182552234294,-5.28808418372871,miscanthus_sinensis_ssp_transmorrisonensis_6wks vs miscanthus_sinensis_15wks,FALSE
8112,1.606994154897695,18.287863045760947,1.37596307153617,0.18442355477194733,0.37115182552234294,-5.288661722756455,miscanthus_sinensis_ssp_transmorrisonensis_6wks vs miscanthus_sinensis_15wks,FALSE
2338,1.6881492060397463,17.895768636767635,1.3752003562512736,0.184656081072406,0.37115182552234294,-5.28962265540381,miscanthus_sinensis_ssp_transmorrisonensis_6wks vs miscanthus_sinensis_15wks,FALSE
18654,0.9600859879071386,16.863727490309177,1.375124164671415,0.18467932217401534,0.37115182552234294,-5.289718624074979,miscanthus_sinensis_ssp_transmorrisonensis_6wks vs miscanthus_sinensis_15wks,FALSE
6134,1.6307496539255695,17.62019405481764,1.3750805253854324,0.18469263473649655,0.37115182552234294,-5.289773588882071,miscanthus_sinensis_ssp_transmorrisonensis_6wks vs miscanthus_sinensis_15wks,FALSE
12535,0.9260718082496844,17.176493170622766,1.3747839663660049,0.18478312305350889,0.37115182552234294,-5.290147074941504,miscanthus_sinensis_ssp_transmorrisonensis_6wks vs miscanthus_sinensis_15wks,FALSE
1840,1.9595181918628697,20.966096183780508,1.3739751081592948,0.1850301077426946,0.37115182552234294,-5.291165415963425,miscanthus_sinensis_ssp_transmorrisonensis_6wks vs miscanthus_sinensis_15wks,FALSE
3656,-2.1641541969202294,18.81700258928236,-1.3739258464511686,0.18504515829789495,0.37115182552234294,-5.291227419962722,miscanthus_sinensis_ssp_transmorrisonensis_6wks vs miscanthus_sinensis_15wks,FALSE
2477,1.6511351123453224,20.64632166601565,1.3732228588466504,0.18526004316293335,0.37115182552234294,-5.2921120484029895,miscanthus_sinensis_ssp_transmorrisonensis_6wks vs miscanthus_sinensis_15wks,FALSE
7221,1.5674220518717625,19.286988092394868,1.3732159797302372,0.18526214691107684,0.37115182552234294,-5.292120703148834,miscanthus_sinensis_ssp_transmorrisonensis_6wks vs miscanthus_sinensis_15wks,FALSE
3494,-1.1422938106810676,17.63520480594898,-1.3731772095258679,0.1852740038402529,0.37115182552234294,-5.2921694800112045,miscanthus_sinensis_ssp_transmorrisonensis_6wks vs miscanthus_sinensis_15wks,FALSE
1997,0.968433727440285,17.153246554975436,1.3731020507788165,0.18529699104860456,0.37115182552234294,-5.292264034162597,miscanthus_sinensis_ssp_transmorrisonensis_6wks vs miscanthus_sinensis_15wks,FALSE
64,3.6772425777945514,24.14805996689239,1.3725115741221683,0.18547766672173566,0.37132740499155903,-5.29300674181266,miscanthus_sinensis_ssp_transmorrisonensis_6wks vs miscanthus_sinensis_15wks,FALSE
1651,-2.3506434972014603,18.70391378617888,-1.3711236749737357,0.18590289299334178,0.3719921548017145,-5.294751428997283,miscanthus_sinensis_ssp_transmorrisonensis_6wks vs miscanthus_sinensis_15wks,FALSE
13112,0.8241797793816268,17.465497470820683,1.3698769343937758,0.1862855330569672,0.37237708813576526,-5.296317441076155,miscanthus_sinensis_ssp_transmorrisonensis_6wks vs miscanthus_sinensis_15wks,FALSE
4989,1.5346230270432244,17.55725245586778,1.3696173313279723,0.18636528732244068,0.37237708813576526,-5.296643378225056,miscanthus_sinensis_ssp_transmorrisonensis_6wks vs miscanthus_sinensis_15wks,FALSE
7684,-1.2830654247439561,17.85959995941068,-1.369585378152462,0.18637510573528532,0.37237708813576526,-5.296683492626409,miscanthus_sinensis_ssp_transmorrisonensis_6wks vs miscanthus_sinensis_15wks,FALSE
11726,1.0238777099631093,17.06179881330435,1.369231439572028,0.18648388978722721,0.3724073923328543,-5.297127780249486,miscanthus_sinensis_ssp_transmorrisonensis_6wks vs miscanthus_sinensis_15wks,FALSE
3087,1.8665186459259928,20.00993524241572,1.3689291159965407,0.18657684986615947,0.3724073923328543,-5.297507202945154,miscanthus_sinensis_ssp_transmorrisonensis_6wks vs miscanthus_sinensis_15wks,FALSE
3557,1.5034793078356579,17.495615724119734,1.368084397523172,0.1868367840983542,0.37253461633908663,-5.298566980233413,miscanthus_sinensis_ssp_transmorrisonensis_6wks vs miscanthus_sinensis_15wks,FALSE
18854,0.8597617651143494,17.19662688430534,1.3678144479974552,0.18691991293697616,0.37253461633908663,-5.298905544117748,miscanthus_sinensis_ssp_transmorrisonensis_6wks vs miscanthus_sinensis_15wks,FALSE
11765,0.8852989667295894,17.243954858095194,1.367660045053216,0.18696747335126992,0.37253461633908663,-5.299099167847798,miscanthus_sinensis_ssp_transmorrisonensis_6wks vs miscanthus_sinensis_15wks,FALSE
1607,-2.47813448367695,18.394227060054078,-1.3673535835376702,0.18706190059030428,0.37253461633908663,-5.299483422508228,miscanthus_sinensis_ssp_transmorrisonensis_6wks vs miscanthus_sinensis_15wks,FALSE
1800,1.7107777656728302,19.382244207044728,1.3666958050464058,0.18726470419023405,0.37253461633908663,-5.300307935856251,miscanthus_sinensis_ssp_transmorrisonensis_6wks vs miscanthus_sinensis_15wks,FALSE
18525,0.8553538192897854,17.06124951653097,1.3661039680389844,0.18744732653322277,0.37253461633908663,-5.301049515546514,miscanthus_sinensis_ssp_transmorrisonensis_6wks vs miscanthus_sinensis_15wks,FALSE
3118,2.0383997010994435,18.092374824859935,1.3657787213290933,0.18754774780926037,0.37253461633908663,-5.3014569421984366,miscanthus_sinensis_ssp_transmorrisonensis_6wks vs miscanthus_sinensis_15wks,FALSE
9938,1.058331605546666,16.60515745737409,1.3657553280716934,0.18755497222512812,0.37253461633908663,-5.301486243161688,miscanthus_sinensis_ssp_transmorrisonensis_6wks vs miscanthus_sinensis_15wks,FALSE
215,-3.2893210003118902,19.93521771866994,-1.3654802982998462,0.18763992482327937,0.37253461633908663,-5.301830697852431,miscanthus_sinensis_ssp_transmorrisonensis_6wks vs miscanthus_sinensis_15wks,FALSE
22071,0.8429507428823797,16.95435672651523,1.3654189547855604,0.18765887709680318,0.37253461633908663,-5.301907518383053,miscanthus_sinensis_ssp_transmorrisonensis_6wks vs miscanthus_sinensis_15wks,FALSE
19119,0.8222826582391534,16.999978351460875,1.3645638400376676,0.1879232261622627,0.37253461633908663,-5.302978085305035,miscanthus_sinensis_ssp_transmorrisonensis_6wks vs miscanthus_sinensis_15wks,FALSE
2022,2.7592257532020987,20.749648824287227,1.364527979632105,0.18793431847119052,0.37253461633908663,-5.3030229690062365,miscanthus_sinensis_ssp_transmorrisonensis_6wks vs miscanthus_sinensis_15wks,FALSE
15700,0.9283497116414381,16.839376856087142,1.3642858900083938,0.18800921504818593,0.37253461633908663,-5.303325948652532,miscanthus_sinensis_ssp_transmorrisonensis_6wks vs miscanthus_sinensis_15wks,FALSE
1177,-2.587457278584658,18.72264983144608,-1.3641372599239296,0.1880552093050233,0.37253461633908663,-5.303511940165298,miscanthus_sinensis_ssp_transmorrisonensis_6wks vs miscanthus_sinensis_15wks,FALSE
2186,-1.947670611215564,18.734820447032313,-1.3638844062928173,0.188133476579665,0.37253461633908663,-5.303828316002612,miscanthus_sinensis_ssp_transmorrisonensis_6wks vs miscanthus_sinensis_15wks,FALSE
3695,1.7027389365004808,17.38131908233086,1.363848418904541,0.18814461807413368,0.37253461633908663,-5.303873340286852,miscanthus_sinensis_ssp_transmorrisonensis_6wks vs miscanthus_sinensis_15wks,FALSE
6259,1.1891488820300609,17.318663106926774,1.36333109659796,0.18830483617834282,0.37253461633908663,-5.304520461446233,miscanthus_sinensis_ssp_transmorrisonensis_6wks vs miscanthus_sinensis_15wks,FALSE
567,-2.480486027121483,19.366202486059173,-1.3628144089634235,0.18846496601584353,0.37253461633908663,-5.30516658814295,miscanthus_sinensis_ssp_transmorrisonensis_6wks vs miscanthus_sinensis_15wks,FALSE
3290,-1.662617616456167,19.75074635530602,-1.3626527611768537,0.18851508550670484,0.37253461633908663,-5.305368690288689,miscanthus_sinensis_ssp_transmorrisonensis_6wks vs miscanthus_sinensis_15wks,FALSE
4622,0.843603818942281,17.15831620657162,1.3624153036372075,0.18858872931002027,0.37253461633908663,-5.3056655389311,miscanthus_sinensis_ssp_transmorrisonensis_6wks vs miscanthus_sinensis_15wks,FALSE
452,-2.438002458545345,19.188070348145505,-1.3623779516493912,0.18860031553639633,0.37253461633908663,-5.305712229264062,miscanthus_sinensis_ssp_transmorrisonensis_6wks vs miscanthus_sinensis_15wks,FALSE
6200,1.1391537402972567,17.155483844686053,1.361690461581821,0.18881366941837852,0.3725803122556316,-5.306571411104998,miscanthus_sinensis_ssp_transmorrisonensis_6wks vs miscanthus_sinensis_15wks,FALSE
35,-1.3320333284675385,26.830060922761596,-1.3616284203847757,0.1888329325578023,0.3725803122556316,-5.30664892882403,miscanthus_sinensis_ssp_transmorrisonensis_6wks vs miscanthus_sinensis_15wks,FALSE
1044,-2.301338189167545,19.003332811595286,-1.3613321772579443,0.1889249344756766,0.3725803122556316,-5.307019031575345,miscanthus_sinensis_ssp_transmorrisonensis_6wks vs miscanthus_sinensis_15wks,FALSE
18819,0.7278072296177172,16.752986469758618,1.3610388015142947,0.18901608100517509,0.3725803122556316,-5.30738548705634,miscanthus_sinensis_ssp_transmorrisonensis_6wks vs miscanthus_sinensis_15wks,FALSE
3285,1.182022433961766,16.905349456762064,1.3608006104051542,0.18909010837422585,0.3725803122556316,-5.307682963865931,miscanthus_sinensis_ssp_transmorrisonensis_6wks vs miscanthus_sinensis_15wks,FALSE
13865,1.0278494758961827,16.958246597120805,1.3589149195528767,0.18967697544191733,0.37347926008292726,-5.3100364972734395,miscanthus_sinensis_ssp_transmorrisonensis_6wks vs miscanthus_sinensis_15wks,FALSE
12554,1.0900526677968045,17.38166768519359,1.3587336973756903,0.18973345176557527,0.37347926008292726,-5.310262540089943,miscanthus_sinensis_ssp_transmorrisonensis_6wks vs miscanthus_sinensis_15wks,FALSE
2200,2.8760905371405556,20.13838041757604,1.357780734431051,0.19003065425484805,0.3738227856620791,-5.311450787312484,miscanthus_sinensis_ssp_transmorrisonensis_6wks vs miscanthus_sinensis_15wks,FALSE
1354,1.5855425388640398,17.42277610723823,1.3571771134728239,0.19021909792953234,0.3738227856620791,-5.312203087321068,miscanthus_sinensis_ssp_transmorrisonensis_6wks vs miscanthus_sinensis_15wks,FALSE
1909,1.8000415880586473,21.849848418163294,1.3569691517098996,0.1902840556089264,0.3738227856620791,-5.312462209029919,miscanthus_sinensis_ssp_transmorrisonensis_6wks vs miscanthus_sinensis_15wks,FALSE
4168,1.8425697285598197,19.116206055329044,1.3563817941002017,0.19046761420129604,0.3738227856620791,-5.313193884588451,miscanthus_sinensis_ssp_transmorrisonensis_6wks vs miscanthus_sinensis_15wks,FALSE
11239,1.3398587228056194,17.2032281925144,1.3563480662057872,0.19047815897086232,0.3738227856620791,-5.313235891780521,miscanthus_sinensis_ssp_transmorrisonensis_6wks vs miscanthus_sinensis_15wks,FALSE
5009,-1.2805034052569653,19.889406105747334,-1.356255789540325,0.19050701093663347,0.3738227856620791,-5.313350815526094,miscanthus_sinensis_ssp_transmorrisonensis_6wks vs miscanthus_sinensis_15wks,FALSE
2225,-2.869718368025378,19.693555853770224,-1.3559275119380347,0.1906096809816646,0.3738227856620791,-5.313759608958068,miscanthus_sinensis_ssp_transmorrisonensis_6wks vs miscanthus_sinensis_15wks,FALSE
2678,-2.0947458980892932,18.991293791694453,-1.355775902807607,0.19065711212625075,0.3738227856620791,-5.3139483754852,miscanthus_sinensis_ssp_transmorrisonensis_6wks vs miscanthus_sinensis_15wks,FALSE
10273,1.1353071543278048,16.67569701520972,1.3553426998630473,0.1907926919468219,0.37390497115940746,-5.314487655341292,miscanthus_sinensis_ssp_transmorrisonensis_6wks vs miscanthus_sinensis_15wks,FALSE
131,3.2102745506386263,19.59418512154161,1.3542224425442453,0.19114365442515877,0.37440896391817163,-5.315881570636599,miscanthus_sinensis_ssp_transmorrisonensis_6wks vs miscanthus_sinensis_15wks,FALSE
1856,2.377582918936696,18.444396139693012,1.3536204151806654,0.19133247348507704,0.3745950142974142,-5.316630271348637,miscanthus_sinensis_ssp_transmorrisonensis_6wks vs miscanthus_sinensis_15wks,FALSE
11988,1.1344118525490856,17.299248880021725,1.353071334458059,0.19150481541590567,0.37474863879426246,-5.3173128876567075,miscanthus_sinensis_ssp_transmorrisonensis_6wks vs miscanthus_sinensis_15wks,FALSE
1650,1.3202008488408232,17.243056979773478,1.3517591347931779,0.1919171789240291,0.37528699015797967,-5.318943291296876,miscanthus_sinensis_ssp_transmorrisonensis_6wks vs miscanthus_sinensis_15wks,FALSE
12864,1.1330394694636432,17.31840164515273,1.351597746497707,0.1919679443643774,0.37528699015797967,-5.319143726005336,miscanthus_sinensis_ssp_transmorrisonensis_6wks vs miscanthus_sinensis_15wks,FALSE
1721,2.1546607340075035,18.85468418381494,1.349885162351506,0.19250730177926068,0.3761571946660835,-5.321269443061806,miscanthus_sinensis_ssp_transmorrisonensis_6wks vs miscanthus_sinensis_15wks,FALSE
7653,1.7333092399625798,21.059995725767486,1.348333169994542,0.19299711936163705,0.3769297947610837,-5.32319391533778,miscanthus_sinensis_ssp_transmorrisonensis_6wks vs miscanthus_sinensis_15wks,FALSE
13382,0.9994266368772067,17.237196840766714,1.3476364884706262,0.19321731680344872,0.37717531964761236,-5.324057209421174,miscanthus_sinensis_ssp_transmorrisonensis_6wks vs miscanthus_sinensis_15wks,FALSE
5521,1.4323514184005575,17.15466538702348,1.346818108591882,0.19347623305338463,0.3774653182558869,-5.325070837645584,miscanthus_sinensis_ssp_transmorrisonensis_6wks vs miscanthus_sinensis_15wks,FALSE
590,-3.1682261681894595,19.7020977479562,-1.3465693572061954,0.1935549865906314,0.3774653182558869,-5.325378835572324,miscanthus_sinensis_ssp_transmorrisonensis_6wks vs miscanthus_sinensis_15wks,FALSE
12742,0.8935949272159434,16.723975800569896,1.3462304946893418,0.1936623097277923,0.37749020528972016,-5.325798331628722,miscanthus_sinensis_ssp_transmorrisonensis_6wks vs miscanthus_sinensis_15wks,FALSE
22201,0.7592648314185588,16.796040565365765,1.3458531214422171,0.19378188526359053,0.3775012772561981,-5.3262653999733125,miscanthus_sinensis_ssp_transmorrisonensis_6wks vs miscanthus_sinensis_15wks,FALSE
7433,1.0969628648593321,17.31036762529252,1.3456157832573448,0.19385711883146445,0.3775012772561981,-5.326559094165831,miscanthus_sinensis_ssp_transmorrisonensis_6wks vs miscanthus_sinensis_15wks,FALSE
4923,-1.8593235105411416,18.264062447364076,-1.3449414718823662,0.1940709941991255,0.3777335001671911,-5.3273932884038855,miscanthus_sinensis_ssp_transmorrisonensis_6wks vs miscanthus_sinensis_15wks,FALSE
940,-2.5084569814975985,18.999966007341147,-1.3445784778127188,0.1941862044900965,0.3777735518150415,-5.327842207869953,miscanthus_sinensis_ssp_transmorrisonensis_6wks vs miscanthus_sinensis_15wks,FALSE
2142,2.296135553855283,20.550168280018312,1.3442193779701106,0.19430023204176372,0.3778112646423384,-5.328286213173096,miscanthus_sinensis_ssp_transmorrisonensis_6wks vs miscanthus_sinensis_15wks,FALSE
8121,1.1381257932477737,17.62034512617016,1.343498678510401,0.1945292407653228,0.3780724095107929,-5.3291770200604835,miscanthus_sinensis_ssp_transmorrisonensis_6wks vs miscanthus_sinensis_15wks,FALSE
8333,0.8848079115483287,17.120905915635678,1.3426853319988914,0.19478794531737872,0.37838234919407376,-5.330181869213842,miscanthus_sinensis_ssp_transmorrisonensis_6wks vs miscanthus_sinensis_15wks,FALSE
10,1.7290366224619085,22.990440893365687,1.3422254244422493,0.19493435043821417,0.37838234919407376,-5.3307498403672255,miscanthus_sinensis_ssp_transmorrisonensis_6wks vs miscanthus_sinensis_15wks,FALSE
3170,0.8305889334209233,22.072653201083416,1.3419357394265377,0.1950266122579843,0.37838234919407376,-5.3311075098661895,miscanthus_sinensis_ssp_transmorrisonensis_6wks vs miscanthus_sinensis_15wks,FALSE
3496,-2.3880491423691375,18.88503386822715,-1.3418062818855816,0.19506785436908913,0.37838234919407376,-5.331267328485465,miscanthus_sinensis_ssp_transmorrisonensis_6wks vs miscanthus_sinensis_15wks,FALSE
3191,2.047213120267216,17.803199469781838,1.341143143305277,0.1952792227799371,0.3786083814169543,-5.332085790749873,miscanthus_sinensis_ssp_transmorrisonensis_6wks vs miscanthus_sinensis_15wks,FALSE
7808,1.5594093744315423,18.759451035084346,1.3404240603654771,0.19550862743228573,0.3788691459755751,-5.332972924283568,miscanthus_sinensis_ssp_transmorrisonensis_6wks vs miscanthus_sinensis_15wks,FALSE
10357,1.09710755371583,16.937798379716686,1.339678361085685,0.19574674825211763,0.3790613814945889,-5.333892480370098,miscanthus_sinensis_ssp_transmorrisonensis_6wks vs miscanthus_sinensis_15wks,FALSE
18928,0.9198444617582382,17.120579206632307,1.339518775900622,0.19579773763573202,0.3790613814945889,-5.334089217425589,miscanthus_sinensis_ssp_transmorrisonensis_6wks vs miscanthus_sinensis_15wks,FALSE
6038,0.8520175472549489,16.870973230839404,1.3383163270793408,0.19618227200231195,0.3795340066862671,-5.3355709784738785,miscanthus_sinensis_ssp_transmorrisonensis_6wks vs miscanthus_sinensis_15wks,FALSE
12398,1.073605246794724,17.248322997542385,1.3381609265086154,0.1962320114730599,0.3795340066862671,-5.335762396399055,miscanthus_sinensis_ssp_transmorrisonensis_6wks vs miscanthus_sinensis_15wks,FALSE
12044,1.3155676488488481,17.290605401609774,1.337857623525914,0.19632911915144471,0.3795379388148026,-5.3361359434435895,miscanthus_sinensis_ssp_transmorrisonensis_6wks vs miscanthus_sinensis_15wks,FALSE
1237,1.7167646897545907,20.79037145999971,1.3350760710708673,0.1972214520098187,0.3810784300209082,-5.339558437712061,miscanthus_sinensis_ssp_transmorrisonensis_6wks vs miscanthus_sinensis_15wks,FALSE
15107,0.7993192959178295,18.043089315190286,1.3345862582856998,0.1973789168162478,0.3811972428790364,-5.3401605074710075,miscanthus_sinensis_ssp_transmorrisonensis_6wks vs miscanthus_sinensis_15wks,FALSE
43,0.7320911682057343,28.065089324407207,1.33429088133737,0.1974739224132884,0.3811972428790364,-5.340523491788497,miscanthus_sinensis_ssp_transmorrisonensis_6wks vs miscanthus_sinensis_15wks,FALSE
537,2.4063109473953865,23.230402823229458,1.3334954605077698,0.1977299424751267,0.3815069745580985,-5.341500642778833,miscanthus_sinensis_ssp_transmorrisonensis_6wks vs miscanthus_sinensis_15wks,FALSE
6059,1.4784157985940567,17.006717029668394,1.3327853704953203,0.19795871847041496,0.381763866731351,-5.34237256094694,miscanthus_sinensis_ssp_transmorrisonensis_6wks vs miscanthus_sinensis_15wks,FALSE
20211,0.6795052644831223,16.985717181202407,1.332461525646426,0.19806312372889012,0.3817807773663589,-5.342770082086236,miscanthus_sinensis_ssp_transmorrisonensis_6wks vs miscanthus_sinensis_15wks,FALSE
14603,1.0893589225999492,17.37905821931693,1.3320110246057577,0.19820843425073295,0.3818764814328793,-5.343322941635358,miscanthus_sinensis_ssp_transmorrisonensis_6wks vs miscanthus_sinensis_15wks,FALSE
12474,0.9586835536475427,18.5471958450465,1.3300384566338566,0.1988456822737701,0.38288785651839674,-5.345741878807792,miscanthus_sinensis_ssp_transmorrisonensis_6wks vs miscanthus_sinensis_15wks,FALSE
2399,1.0905805900764172,22.071218006195334,1.3297926510769105,0.19892520401281436,0.38288785651839674,-5.3460430997405455,miscanthus_sinensis_ssp_transmorrisonensis_6wks vs miscanthus_sinensis_15wks,FALSE
7862,1.3167231377979753,17.87586400768899,1.3293421360889095,0.1990710173406389,0.38298385601148455,-5.34659506115139,miscanthus_sinensis_ssp_transmorrisonensis_6wks vs miscanthus_sinensis_15wks,FALSE
309,2.622985024375083,21.740923255533186,1.3287792679650237,0.1992533131178157,0.3830648116334986,-5.347284457999019,miscanthus_sinensis_ssp_transmorrisonensis_6wks vs miscanthus_sinensis_15wks,FALSE
21648,0.8705605836817192,16.703605911410385,1.3286197085001847,0.1993050134676294,0.3830648116334986,-5.3474798413799665,miscanthus_sinensis_ssp_transmorrisonensis_6wks vs miscanthus_sinensis_15wks,FALSE
13352,0.8231460864277835,16.889707885122693,1.32830766828443,0.19940615106766352,0.38307476182007355,-5.347861884067727,miscanthus_sinensis_ssp_transmorrisonensis_6wks vs miscanthus_sinensis_15wks,FALSE
2078,2.239830701014636,20.336624344556796,1.3275602036195915,0.19964858161922963,0.38308631589421643,-5.348776731682059,miscanthus_sinensis_ssp_transmorrisonensis_6wks vs miscanthus_sinensis_15wks,FALSE
13266,0.9946172792435206,16.50889404989186,1.3274591188029716,0.19968138499019591,0.38308631589421643,-5.3489004201632016,miscanthus_sinensis_ssp_transmorrisonensis_6wks vs miscanthus_sinensis_15wks,FALSE
2220,1.7350281349432777,17.410440310035266,1.3273552225971486,0.19971510511748045,0.38308631589421643,-5.349027540573364,miscanthus_sinensis_ssp_transmorrisonensis_6wks vs miscanthus_sinensis_15wks,FALSE
3356,1.895283621523987,18.22667344443671,1.3271059710510702,0.19979601946186337,0.38308631589421643,-5.349332474449858,miscanthus_sinensis_ssp_transmorrisonensis_6wks vs miscanthus_sinensis_15wks,FALSE
851,-2.2655283182606745,19.22631366380057,-1.3265094783237927,0.1999897632584346,0.3832737085586514,-5.350062030216096,miscanthus_sinensis_ssp_transmorrisonensis_6wks vs miscanthus_sinensis_15wks,FALSE
41,3.2995171077138323,22.692787928818326,1.3254503614691113,0.20033413410133621,0.3837494545741527,-5.3513567416547785,miscanthus_sinensis_ssp_transmorrisonensis_6wks vs miscanthus_sinensis_15wks,FALSE
5876,1.0974513631018432,16.974870270840725,1.323015114152176,0.20112772262623488,0.3850220760310568,-5.3543304491699315,miscanthus_sinensis_ssp_transmorrisonensis_6wks vs miscanthus_sinensis_15wks,FALSE
263,2.8770004212756284,20.030041328060154,1.322820052191694,0.20119139544107828,0.3850220760310568,-5.354568445629219,miscanthus_sinensis_ssp_transmorrisonensis_6wks vs miscanthus_sinensis_15wks,FALSE
71,1.8817607018615092,24.639717714916316,1.321891257284972,0.20149479343454466,0.3854179278345483,-5.355701276097766,miscanthus_sinensis_ssp_transmorrisonensis_6wks vs miscanthus_sinensis_15wks,FALSE
454,2.0741543711061006,17.90936950220573,1.3211386861665029,0.2017408903068149,0.3855519544192719,-5.356618686924778,miscanthus_sinensis_ssp_transmorrisonensis_6wks vs miscanthus_sinensis_15wks,FALSE
14678,1.0542281675335659,17.25350795232369,1.3210863169855591,0.20175802424395267,0.3855519544192719,-5.356682510701362,miscanthus_sinensis_ssp_transmorrisonensis_6wks vs miscanthus_sinensis_15wks,FALSE
4703,1.8516658673205377,19.258218883787308,1.3203520672715818,0.2019983735672006,0.38582655850730374,-5.357577140482468,miscanthus_sinensis_ssp_transmorrisonensis_6wks vs miscanthus_sinensis_15wks,FALSE
2034,1.3807436928967576,17.210179770761883,1.31952636457838,0.2022689278589589,0.3860938328715303,-5.358582706634021,miscanthus_sinensis_ssp_transmorrisonensis_6wks vs miscanthus_sinensis_15wks,FALSE
21416,0.6849697547479394,16.914025121079288,1.3183866880434723,0.2026428281630138,0.3860938328715303,-5.359969783162473,miscanthus_sinensis_ssp_transmorrisonensis_6wks vs miscanthus_sinensis_15wks,FALSE
6933,-1.2527050414139573,19.702270292374074,-1.318034976440209,0.20275832579254408,0.3860938328715303,-5.36039764334522,miscanthus_sinensis_ssp_transmorrisonensis_6wks vs miscanthus_sinensis_15wks,FALSE
14553,0.7860387722368785,16.940790559559044,1.3179658471143774,0.20278103306486664,0.3860938328715303,-5.360481728630983,miscanthus_sinensis_ssp_transmorrisonensis_6wks vs miscanthus_sinensis_15wks,FALSE
18617,0.9190212293051587,17.131678093023375,1.317695831917102,0.20286974550944536,0.3860938328715303,-5.3608101259092225,miscanthus_sinensis_ssp_transmorrisonensis_6wks vs miscanthus_sinensis_15wks,FALSE
16088,0.7896786441314347,17.440524209605893,1.317433252125648,0.20295604430810357,0.3860938328715303,-5.3611294265923535,miscanthus_sinensis_ssp_transmorrisonensis_6wks vs miscanthus_sinensis_15wks,FALSE
7336,1.588934504861836,19.035988828622312,1.3173924416848806,0.20296945955055817,0.3860938328715303,-5.361179047917673,miscanthus_sinensis_ssp_transmorrisonensis_6wks vs miscanthus_sinensis_15wks,FALSE
3221,1.7336994480757433,17.36616688033574,1.3173091053971544,0.2029968560879315,0.3860938328715303,-5.361280372366836,miscanthus_sinensis_ssp_transmorrisonensis_6wks vs miscanthus_sinensis_15wks,FALSE
3669,0.7463907774556304,21.428875830637327,1.3172729093952216,0.20300875631195944,0.3860938328715303,-5.361324379629976,miscanthus_sinensis_ssp_transmorrisonensis_6wks vs miscanthus_sinensis_15wks,FALSE
22286,0.759422150705543,16.309374855156456,1.3169495948194214,0.2031150773216293,0.38611208984187817,-5.361717422461225,miscanthus_sinensis_ssp_transmorrisonensis_6wks vs miscanthus_sinensis_15wks,FALSE
2103,2.3936464234872616,18.370704702021094,1.3134968540199061,0.20425322851490066,0.3880276508467484,-5.36590981170207,miscanthus_sinensis_ssp_transmorrisonensis_6wks vs miscanthus_sinensis_15wks,FALSE
9572,1.282760410570468,17.15602338051915,1.313303342451317,0.2043171648496656,0.3880276508467484,-5.366144507055176,miscanthus_sinensis_ssp_transmorrisonensis_6wks vs miscanthus_sinensis_15wks,FALSE
18848,0.6913506382520787,17.236645903566604,1.3127979814330157,0.20448421044848028,0.38804590323142407,-5.366757285286644,miscanthus_sinensis_ssp_transmorrisonensis_6wks vs miscanthus_sinensis_15wks,FALSE
619,-3.109592758426267,22.507817491773558,-1.312686159053722,0.20452118747467843,0.38804590323142407,-5.36689284965073,miscanthus_sinensis_ssp_transmorrisonensis_6wks vs miscanthus_sinensis_15wks,FALSE
10133,1.2219561983254685,17.038414179650324,1.3123043002661707,0.20464749870548912,0.3881010996828088,-5.367355711906516,miscanthus_sinensis_ssp_transmorrisonensis_6wks vs miscanthus_sinensis_15wks,FALSE
144,0.9545426422543635,26.773909332885548,1.311171981141449,0.20502240678214245,0.38862746812645427,-5.368727571461225,miscanthus_sinensis_ssp_transmorrisonensis_6wks vs miscanthus_sinensis_15wks,FALSE
8969,1.3529033852650123,17.586743024015007,1.31073988561219,0.20516561438867867,0.3887143486661629,-5.369250816771823,miscanthus_sinensis_ssp_transmorrisonensis_6wks vs miscanthus_sinensis_15wks,FALSE
4820,1.1330820982870264,17.44647158289971,1.3102846123908827,0.2053165884862483,0.3888158544768042,-5.3698019740024545,miscanthus_sinensis_ssp_transmorrisonensis_6wks vs miscanthus_sinensis_15wks,FALSE
2778,2.1119387991518117,18.95993693129855,1.3088161062354222,0.20580415618696077,0.38938303427006804,-5.371578674043541,miscanthus_sinensis_ssp_transmorrisonensis_6wks vs miscanthus_sinensis_15wks,FALSE
15479,0.8158044609262234,17.127063216851763,1.3087704108536045,0.2058193423276277,0.38938303427006804,-5.371633932894681,miscanthus_sinensis_ssp_transmorrisonensis_6wks vs miscanthus_sinensis_15wks,FALSE
16786,0.8281938526736923,16.95653213194489,1.3085015440181718,0.20590871376355552,0.38938303427006804,-5.371959037691031,miscanthus_sinensis_ssp_transmorrisonensis_6wks vs miscanthus_sinensis_15wks,FALSE
16796,1.0148223470989421,17.063115538406954,1.3077111474612957,0.2061716178883448,0.3896910892009486,-5.372914437129401,miscanthus_sinensis_ssp_transmorrisonensis_6wks vs miscanthus_sinensis_15wks,FALSE
2197,2.1197392625297695,21.1046837084673,1.3073727337966174,0.20628426241216571,0.3896910892009486,-5.37332335110181,miscanthus_sinensis_ssp_transmorrisonensis_6wks vs miscanthus_sinensis_15wks,FALSE
12509,0.8684028003284929,17.06457077039632,1.3066784725574696,0.20651550534596733,0.3896910892009486,-5.3741619693088785,miscanthus_sinensis_ssp_transmorrisonensis_6wks vs miscanthus_sinensis_15wks,FALSE
1267,2.1080739622101348,18.15904503498936,1.3066516050114247,0.20652445840318664,0.3896910892009486,-5.374194415945436,miscanthus_sinensis_ssp_transmorrisonensis_6wks vs miscanthus_sinensis_15wks,FALSE
11754,1.4131451692490629,19.50011839543903,1.3065458393161025,0.2065597055984988,0.3896910892009486,-5.374322138669342,miscanthus_sinensis_ssp_transmorrisonensis_6wks vs miscanthus_sinensis_15wks,FALSE
6558,-1.040612784411767,19.269705529300953,-1.3056057545351263,0.20687320272550497,0.3900981697119584,-5.375457007600915,miscanthus_sinensis_ssp_transmorrisonensis_6wks vs miscanthus_sinensis_15wks,FALSE
14565,0.8737137150691439,18.260782266857316,1.3045448838719058,0.20722742626870744,0.3905816268482909,-5.3767368725483955,miscanthus_sinensis_ssp_transmorrisonensis_6wks vs miscanthus_sinensis_15wks,FALSE
869,1.2334953958085286,23.498904222951964,1.303969924431279,0.207419602768583,0.3907593460368963,-5.377430158284411,miscanthus_sinensis_ssp_transmorrisonensis_6wks vs miscanthus_sinensis_15wks,FALSE
12211,1.053200135760946,17.425418195541287,1.3035022250896477,0.2075760310652432,0.39086958302474095,-5.377993922163578,miscanthus_sinensis_ssp_transmorrisonensis_6wks vs miscanthus_sinensis_15wks,FALSE
9850,0.8721404091272227,16.99492108500572,1.3027646537609452,0.2078229091179116,0.3909667240075057,-5.378882646964043,miscanthus_sinensis_ssp_transmorrisonensis_6wks vs miscanthus_sinensis_15wks,FALSE
8624,1.0975819560911297,17.08907273737229,1.30276290696322,0.20782349407413003,0.3909667240075057,-5.378884751242803,miscanthus_sinensis_ssp_transmorrisonensis_6wks vs miscanthus_sinensis_15wks,FALSE
3165,0.6942765545527223,21.6620185429504,1.3023363210575405,0.20796638492738365,0.3910512522986884,-5.379398567311852,miscanthus_sinensis_ssp_transmorrisonensis_6wks vs miscanthus_sinensis_15wks,FALSE
9462,1.2801702297059165,17.21650531632934,1.3013054018347716,0.20831202269349042,0.3914936617329916,-5.380639714650407,miscanthus_sinensis_ssp_transmorrisonensis_6wks vs miscanthus_sinensis_15wks,FALSE
8093,1.1581748234174363,17.228262239393395,1.30104975443101,0.2083978034024567,0.3914936617329916,-5.380947367709882,miscanthus_sinensis_ssp_transmorrisonensis_6wks vs miscanthus_sinensis_15wks,FALSE
11558,1.139205441573818,17.225149734446543,1.3005974170911723,0.20854964968520562,0.39159463854343407,-5.381491599387195,miscanthus_sinensis_ssp_transmorrisonensis_6wks vs miscanthus_sinensis_15wks,FALSE
2021,1.3903662664100018,17.682396409635693,1.3001834126797982,0.20868870365356224,0.3916715115115282,-5.381989572386754,miscanthus_sinensis_ssp_transmorrisonensis_6wks vs miscanthus_sinensis_15wks,FALSE
4049,1.8896143989519558,17.76747075371203,1.299440066968826,0.20893855710970063,0.3919561654050399,-5.382883352188143,miscanthus_sinensis_ssp_transmorrisonensis_6wks vs miscanthus_sinensis_15wks,FALSE
8960,0.9366788369665038,16.70981900649035,1.2985205293468225,0.20924795545765756,0.39228575720782327,-5.383988390955252,miscanthus_sinensis_ssp_transmorrisonensis_6wks vs miscanthus_sinensis_15wks,FALSE
8995,1.1170824022004204,16.948411569204566,1.2981262138352978,0.20938074101635645,0.39228575720782327,-5.384462053102121,miscanthus_sinensis_ssp_transmorrisonensis_6wks vs miscanthus_sinensis_15wks,FALSE
9689,1.3759026948505984,18.622843502415982,1.2980421580643144,0.20940905526299383,0.39228575720782327,-5.3845630075878645,miscanthus_sinensis_ssp_transmorrisonensis_6wks vs miscanthus_sinensis_15wks,FALSE
1879,-2.2315013512986823,18.676821773559347,-1.2975201795043454,0.2095849510478954,0.392326924474323,-5.3851898035383075,miscanthus_sinensis_ssp_transmorrisonensis_6wks vs miscanthus_sinensis_15wks,FALSE
1201,1.7816763158426667,22.745238113463422,1.297393704992136,0.2096275876512352,0.392326924474323,-5.38534164347559,miscanthus_sinensis_ssp_transmorrisonensis_6wks vs miscanthus_sinensis_15wks,FALSE
7109,1.5070866259252647,17.70606045374689,1.29669927932549,0.20986181044091567,0.3925812311528282,-5.386175121461167,miscanthus_sinensis_ssp_transmorrisonensis_6wks vs miscanthus_sinensis_15wks,FALSE
21548,0.7783500724846313,16.877922912300157,1.296109186972414,0.21006100314772164,0.3927698007333512,-5.386883081729748,miscanthus_sinensis_ssp_transmorrisonensis_6wks vs miscanthus_sinensis_15wks,FALSE
14022,1.1132381256522095,16.967859422404906,1.2955032100137875,0.21026571141659725,0.39292076465267173,-5.387609819592322,miscanthus_sinensis_ssp_transmorrisonensis_6wks vs miscanthus_sinensis_15wks,FALSE
9575,1.3614800605308481,18.837647852014694,1.294815341616109,0.21049827245316957,0.39292076465267173,-5.3884344247024805,miscanthus_sinensis_ssp_transmorrisonensis_6wks vs miscanthus_sinensis_15wks,FALSE
3147,1.8485164279559037,17.980174023020897,1.2947881620125266,0.21050746570923098,0.39292076465267173,-5.388466999647809,miscanthus_sinensis_ssp_transmorrisonensis_6wks vs miscanthus_sinensis_15wks,FALSE
29,-2.282866492046338,24.58638766495501,-1.2947054335391257,0.21053544979761143,0.39292076465267173,-5.388566146789787,miscanthus_sinensis_ssp_transmorrisonensis_6wks vs miscanthus_sinensis_15wks,FALSE
70,2.906387780059113,25.036950535674098,1.2933555818356257,0.2109924664861525,0.3935490039049599,-5.390183148904316,miscanthus_sinensis_ssp_transmorrisonensis_6wks vs miscanthus_sinensis_15wks,FALSE
3606,1.2033165308814269,21.480791015469936,1.2931290377748779,0.21106924282578135,0.3935490039049599,-5.390454390473247,miscanthus_sinensis_ssp_transmorrisonensis_6wks vs miscanthus_sinensis_15wks,FALSE
3559,1.871506442939701,18.83716056268011,1.2925935080710516,0.21125082176672227,0.3936393444017036,-5.391095423257424,miscanthus_sinensis_ssp_transmorrisonensis_6wks vs miscanthus_sinensis_15wks,FALSE
12750,0.9876482140931202,17.25252834436382,1.2922162797695316,0.21137879945735152,0.3936393444017036,-5.391546835012836,miscanthus_sinensis_ssp_transmorrisonensis_6wks vs miscanthus_sinensis_15wks,FALSE
4968,-1.3781454718532231,18.800736543008618,-1.2921139807335371,0.21141351563057428,0.3936393444017036,-5.3916692325910205,miscanthus_sinensis_ssp_transmorrisonensis_6wks vs miscanthus_sinensis_15wks,FALSE
2233,0.6005397006860242,23.911521204813447,1.291373656890935,0.21166488420005458,0.3939236446277939,-5.39255476547504,miscanthus_sinensis_ssp_transmorrisonensis_6wks vs miscanthus_sinensis_15wks,FALSE
5595,1.0531764919197002,20.435735648266547,1.2902740555354608,0.21203867117734132,0.3944354032338987,-5.393869262684274,miscanthus_sinensis_ssp_transmorrisonensis_6wks vs miscanthus_sinensis_15wks,FALSE
2713,-2.0351358914347237,18.881357054312616,-1.2896688736391497,0.2122446096574105,0.3944554462342917,-5.394592316376509,miscanthus_sinensis_ssp_transmorrisonensis_6wks vs miscanthus_sinensis_15wks,FALSE
219,2.338552408445544,24.0925638725477,1.2895979485767997,0.2122687550751811,0.3944554462342917,-5.3946770370092985,miscanthus_sinensis_ssp_transmorrisonensis_6wks vs miscanthus_sinensis_15wks,FALSE
10590,1.0481841416203714,17.01188156172583,1.289371442174455,0.21234588024987297,0.3944554462342917,-5.394947574884252,miscanthus_sinensis_ssp_transmorrisonensis_6wks vs miscanthus_sinensis_15wks,FALSE
13957,0.9086285937883858,17.059624714130873,1.2885427304537627,0.21262824165841598,0.39456761140369584,-5.395937044504292,miscanthus_sinensis_ssp_transmorrisonensis_6wks vs miscanthus_sinensis_15wks,FALSE
5201,1.2734040818368229,17.2764668232758,1.2880322114690632,0.21280233285160655,0.39456761140369584,-5.396546331851552,miscanthus_sinensis_ssp_transmorrisonensis_6wks vs miscanthus_sinensis_15wks,FALSE
1289,-2.3754281189157496,19.977405304648954,-1.2879616872357382,0.21282639091920416,0.39456761140369584,-5.396630484292158,miscanthus_sinensis_ssp_transmorrisonensis_6wks vs miscanthus_sinensis_15wks,FALSE
5134,1.5515647541105686,17.301855629401167,1.2879099139490864,0.21284405378797122,0.39456761140369584,-5.396692259872217,miscanthus_sinensis_ssp_transmorrisonensis_6wks vs miscanthus_sinensis_15wks,FALSE
11119,1.0904439658158616,16.689695046273112,1.287744599813451,0.21290045966021065,0.39456761140369584,-5.396889497818282,miscanthus_sinensis_ssp_transmorrisonensis_6wks vs miscanthus_sinensis_15wks,FALSE
4541,0.8032729111198407,21.495434803249303,1.287249550991545,0.21306944198021882,0.3946975463503636,-5.397480018835173,miscanthus_sinensis_ssp_transmorrisonensis_6wks vs miscanthus_sinensis_15wks,FALSE
3801,-1.52123878297051,17.723441770030018,-1.2866641492560535,0.21326940048289555,0.3948847155508901,-5.3981780725655,miscanthus_sinensis_ssp_transmorrisonensis_6wks vs miscanthus_sinensis_15wks,FALSE
7194,-1.0378538296698459,19.36961067298333,-1.285377653600625,0.2137093480862068,0.39551586349565954,-5.399711201863615,miscanthus_sinensis_ssp_transmorrisonensis_6wks vs miscanthus_sinensis_15wks,FALSE
6110,0.8434710732793178,17.010968118492393,1.2850650305382547,0.21381636348596922,0.39553054820944816,-5.400083563917799,miscanthus_sinensis_ssp_transmorrisonensis_6wks vs miscanthus_sinensis_15wks,FALSE
179,2.1228325135874684,17.735480719214777,1.2846864917610823,0.21394599857473276,0.39558704321923727,-5.400534336001756,miscanthus_sinensis_ssp_transmorrisonensis_6wks vs miscanthus_sinensis_15wks,FALSE
1658,-1.9250179497141708,21.038785052601224,-1.2837128548021486,0.21427971289051329,0.39590854499011463,-5.401693252947405,miscanthus_sinensis_ssp_transmorrisonensis_6wks vs miscanthus_sinensis_15wks,FALSE
621,2.6986484801785195,18.381251899059976,1.2836005602714102,0.2143182278866828,0.39590854499011463,-5.401826869444227,miscanthus_sinensis_ssp_transmorrisonensis_6wks vs miscanthus_sinensis_15wks,FALSE
4566,-1.82159404205607,18.2702223936165,-1.2832125120035276,0.21445136287092748,0.3959712491122768,-5.402288523161259,miscanthus_sinensis_ssp_transmorrisonensis_6wks vs miscanthus_sinensis_15wks,FALSE
9325,1.0819613050264891,17.266116700144604,1.2822263124353566,0.21479000614114555,0.396347151939734,-5.403461260065011,miscanthus_sinensis_ssp_transmorrisonensis_6wks vs miscanthus_sinensis_15wks,FALSE
5328,1.3115476126597052,17.659969844540974,1.2820414924461436,0.21485351623185983,0.396347151939734,-5.403680954281814,miscanthus_sinensis_ssp_transmorrisonensis_6wks vs miscanthus_sinensis_15wks,FALSE
13057,0.9312510525147601,16.713413291661567,1.2816580405069875,0.21498532919290747,0.39638775376762064,-5.404136676264328,miscanthus_sinensis_ssp_transmorrisonensis_6wks vs miscanthus_sinensis_15wks,FALSE
5415,1.7526671974073729,20.99336999547751,1.281241455454316,0.21512860298398995,0.39638775376762064,-5.404631646572241,miscanthus_sinensis_ssp_transmorrisonensis_6wks vs miscanthus_sinensis_15wks,FALSE
4187,1.5793824389407938,20.68345195990699,1.2811112110834753,0.2151734124284654,0.39638775376762064,-5.404786370246537,miscanthus_sinensis_ssp_transmorrisonensis_6wks vs miscanthus_sinensis_15wks,FALSE
161,2.887464766139761,20.514037352453638,1.279632327713485,0.21568271811668627,0.3970249265976116,-5.406542283573994,miscanthus_sinensis_ssp_transmorrisonensis_6wks vs miscanthus_sinensis_15wks,FALSE
1950,1.935415477651972,20.898781774054967,1.2791212539114447,0.2158589419160628,0.3970249265976116,-5.40714869831114,miscanthus_sinensis_ssp_transmorrisonensis_6wks vs miscanthus_sinensis_15wks,FALSE
11049,1.2011517388091022,17.24405595020863,1.278963894604212,0.21591322361857546,0.3970249265976116,-5.4073353721358,miscanthus_sinensis_ssp_transmorrisonensis_6wks vs miscanthus_sinensis_15wks,FALSE
23495,0.6396288169863666,16.590906192688845,1.2789526203091803,0.21591711313712797,0.3970249265976116,-5.407348745983688,miscanthus_sinensis_ssp_transmorrisonensis_6wks vs miscanthus_sinensis_15wks,FALSE
6158,1.3148837813301348,19.46589964987308,1.2782451121182208,0.21616130519119273,0.3972909439793929,-5.408187811943147,miscanthus_sinensis_ssp_transmorrisonensis_6wks vs miscanthus_sinensis_15wks,FALSE
11927,1.160406820865603,17.68447778468627,1.277531569887073,0.21640779691930392,0.3975252005351359,-5.409033639531559,miscanthus_sinensis_ssp_transmorrisonensis_6wks vs miscanthus_sinensis_15wks,FALSE
16900,0.7499342920609777,16.879764653566887,1.2770889619433805,0.21656080452644128,0.3975252005351359,-5.409558104558956,miscanthus_sinensis_ssp_transmorrisonensis_6wks vs miscanthus_sinensis_15wks,FALSE
15649,0.8637807704112141,16.893921650060644,1.2770117562287755,0.2165875027965733,0.3975252005351359,-5.4096495732855345,miscanthus_sinensis_ssp_transmorrisonensis_6wks vs miscanthus_sinensis_15wks,FALSE
5762,1.264725909777951,17.021960443900678,1.2766099267635445,0.21672649944337052,0.3975975118464775,-5.410125561958779,miscanthus_sinensis_ssp_transmorrisonensis_6wks vs miscanthus_sinensis_15wks,FALSE
630,0.7901999377643278,24.110406225694643,1.27626122350045,0.2168471753070704,0.3976361616103928,-5.410538517914038,miscanthus_sinensis_ssp_transmorrisonensis_6wks vs miscanthus_sinensis_15wks,FALSE
2189,0.6049108039396245,22.55766900864536,1.2752095907190975,0.21721142989316447,0.3980639457818773,-5.411783353115518,miscanthus_sinensis_ssp_transmorrisonensis_6wks vs miscanthus_sinensis_15wks,FALSE
254,-3.238883995252767,19.468458149737327,-1.2748917553082233,0.2173216120347019,0.3980639457818773,-5.412159410675581,miscanthus_sinensis_ssp_transmorrisonensis_6wks vs miscanthus_sinensis_15wks,FALSE
127,-1.9980481388545392,19.203369464340774,-1.274724503415114,0.21737960967046407,0.3980639457818773,-5.412357268727203,miscanthus_sinensis_ssp_transmorrisonensis_6wks vs miscanthus_sinensis_15wks,FALSE
11109,-0.8819894254066476,17.514137274010643,-1.273547684942841,0.21778803223106435,0.39862898884292014,-5.4137488221695635,miscanthus_sinensis_ssp_transmorrisonensis_6wks vs miscanthus_sinensis_15wks,FALSE
8587,1.4345780778547734,18.617740927604363,1.2729741428248287,0.21798729924284777,0.39881086094291857,-5.414426627754646,miscanthus_sinensis_ssp_transmorrisonensis_6wks vs miscanthus_sinensis_15wks,FALSE
6274,0.7948744934095267,17.07256448035944,1.271254279335925,0.21858568234441872,0.39921809786028417,-5.416457605208927,miscanthus_sinensis_ssp_transmorrisonensis_6wks vs miscanthus_sinensis_15wks,FALSE
1677,-1.901229431748387,18.37100094321365,-1.2712519656973462,0.21858648817268544,0.39921809786028417,-5.416460335818274,miscanthus_sinensis_ssp_transmorrisonensis_6wks vs miscanthus_sinensis_15wks,FALSE
751,1.9814072281720598,21.78842238305356,1.2712478657374495,0.21858791617301507,0.39921809786028417,-5.416465174674773,miscanthus_sinensis_ssp_transmorrisonensis_6wks vs miscanthus_sinensis_15wks,FALSE
3529,0.9236935358991332,16.900598314456424,1.2711064345567178,0.2186371805355459,0.39921809786028417,-5.41663208661718,miscanthus_sinensis_ssp_transmorrisonensis_6wks vs miscanthus_sinensis_15wks,FALSE
10555,1.108805589403321,17.139263788928666,1.2708976695440382,0.21870991483477992,0.39921809786028417,-5.416878434982603,miscanthus_sinensis_ssp_transmorrisonensis_6wks vs miscanthus_sinensis_15wks,FALSE
1692,-1.4276414137263949,18.315212579206293,-1.269718896979765,0.2191209540800526,0.3997505144908149,-5.418268780337762,miscanthus_sinensis_ssp_transmorrisonensis_6wks vs miscanthus_sinensis_15wks,FALSE
1715,1.0712057125492187,23.18150192065782,1.2694870411425423,0.21920187280069983,0.3997505144908149,-5.418542123335693,miscanthus_sinensis_ssp_transmorrisonensis_6wks vs miscanthus_sinensis_15wks,FALSE
10965,1.0344167245664906,17.003134755233635,1.2680236061909216,0.2197131520081107,0.4004999556239169,-5.420266449650325,miscanthus_sinensis_ssp_transmorrisonensis_6wks vs miscanthus_sinensis_15wks,FALSE
5421,1.5335029459557141,17.56989792614287,1.2672794701932686,0.21997348393101074,0.4007914869249634,-5.421142603662361,miscanthus_sinensis_ssp_transmorrisonensis_6wks vs miscanthus_sinensis_15wks,FALSE
4100,1.266854727994911,17.87452474673005,1.26636548156781,0.2202935643393791,0.40102448557798587,-5.422218151932267,miscanthus_sinensis_ssp_transmorrisonensis_6wks vs miscanthus_sinensis_15wks,FALSE
14655,0.9728485846364379,17.172251536462504,1.266340611888882,0.22030227877568212,0.40102448557798587,-5.422247408532987,miscanthus_sinensis_ssp_transmorrisonensis_6wks vs miscanthus_sinensis_15wks,FALSE
4795,1.4085946778877236,20.001229375573022,1.264526224219143,0.2209387670469534,0.40194402785725586,-5.4243805430437,miscanthus_sinensis_ssp_transmorrisonensis_6wks vs miscanthus_sinensis_15wks,FALSE
2889,1.4521808851049727,17.307831810856282,1.2643268253547237,0.22100880289245406,0.40194402785725586,-5.424614814752134,miscanthus_sinensis_ssp_transmorrisonensis_6wks vs miscanthus_sinensis_15wks,FALSE
6557,1.2357651362720574,17.23254799601855,1.262820322384074,0.22153849400103848,0.40265507514955373,-5.4263837844150125,miscanthus_sinensis_ssp_transmorrisonensis_6wks vs miscanthus_sinensis_15wks,FALSE
10383,1.123270654899713,18.116543451391564,1.262641302669332,0.2216015030319563,0.40265507514955373,-5.426593875309836,miscanthus_sinensis_ssp_transmorrisonensis_6wks vs miscanthus_sinensis_15wks,FALSE
4801,1.6274245283734459,17.551305578778173,1.2609170486833179,0.22220909248491644,0.40353598229472576,-5.42861611099933,miscanthus_sinensis_ssp_transmorrisonensis_6wks vs miscanthus_sinensis_15wks,FALSE
10342,1.016997811599495,16.724730403279242,1.2606920178597358,0.22228848323299147,0.40353598229472576,-5.428879859362871,miscanthus_sinensis_ssp_transmorrisonensis_6wks vs miscanthus_sinensis_15wks,FALSE
7673,1.1808683040565242,16.90598027216105,1.2588496533597662,0.22293929213621483,0.4045334791853498,-5.431037718377905,miscanthus_sinensis_ssp_transmorrisonensis_6wks vs miscanthus_sinensis_15wks,FALSE
7526,1.4573384273542906,19.66841596890278,1.2577218574613598,0.22333840701203295,0.40507356692050683,-5.432357329925869,miscanthus_sinensis_ssp_transmorrisonensis_6wks vs miscanthus_sinensis_15wks,FALSE
3100,1.0652324870415342,16.89677016951833,1.2566440207945655,0.22372035667051843,0.4053921864682792,-5.433617552811229,miscanthus_sinensis_ssp_transmorrisonensis_6wks vs miscanthus_sinensis_15wks,FALSE
17062,0.850234807959577,16.768274940682097,1.2562609260942195,0.22385623401674867,0.4053921864682792,-5.43406525333744,miscanthus_sinensis_ssp_transmorrisonensis_6wks vs miscanthus_sinensis_15wks,FALSE
8422,0.9707075619474175,17.025563988797586,1.256157180834634,0.2238930416882183,0.4053921864682792,-5.4341864745773805,miscanthus_sinensis_ssp_transmorrisonensis_6wks vs miscanthus_sinensis_15wks,FALSE
11592,0.7997330473475017,17.173777948977925,1.2560804065567261,0.2239202833573536,0.4053921864682792,-5.43427617611115,miscanthus_sinensis_ssp_transmorrisonensis_6wks vs miscanthus_sinensis_15wks,FALSE
8622,0.8349313741398561,16.960791792947706,1.2557781349715271,0.22402756263689688,0.40540255215162846,-5.434629299231288,miscanthus_sinensis_ssp_transmorrisonensis_6wks vs miscanthus_sinensis_15wks,FALSE
6260,1.177407018391328,17.60605714307103,1.25534060481145,0.224182916741661,0.4054998657148667,-5.435140308601313,miscanthus_sinensis_ssp_transmorrisonensis_6wks vs miscanthus_sinensis_15wks,FALSE
16850,0.8388559228483494,17.144725962497198,1.251609583028576,0.22551106744446267,0.40771747338690895,-5.439491813336789,miscanthus_sinensis_ssp_transmorrisonensis_6wks vs miscanthus_sinensis_15wks,FALSE
547,-2.7468885295261067,19.54387136510416,-1.2506697080730222,0.2258465928658921,0.4081392479495886,-5.440586267729959,miscanthus_sinensis_ssp_transmorrisonensis_6wks vs miscanthus_sinensis_15wks,FALSE
2512,2.0191063527151023,21.27243046398693,1.249322204506868,0.22632830747842853,0.4087183006895909,-5.442154180337883,miscanthus_sinensis_ssp_transmorrisonensis_6wks vs miscanthus_sinensis_15wks,FALSE
19453,0.6349513423665201,17.0514649572752,1.2492006951674297,0.22637178427472082,0.4087183006895909,-5.4422954945406055,miscanthus_sinensis_ssp_transmorrisonensis_6wks vs miscanthus_sinensis_15wks,FALSE
1967,-1.355528481313332,20.60078788183494,-1.2485143330841333,0.22661748953666094,0.4089769521837027,-5.443093508875112,miscanthus_sinensis_ssp_transmorrisonensis_6wks vs miscanthus_sinensis_15wks,FALSE
2114,-1.273997275538104,20.56258089633939,-1.2478269626170737,0.22686376128820876,0.409161567497561,-5.443892323940166,miscanthus_sinensis_ssp_transmorrisonensis_6wks vs miscanthus_sinensis_15wks,FALSE
887,1.5811953602981497,22.544352890949682,1.2474733475767708,0.22699053496312968,0.409161567497561,-5.444303126285629,miscanthus_sinensis_ssp_transmorrisonensis_6wks vs miscanthus_sinensis_15wks,FALSE
153,-1.2965968819003244,24.262379871771866,-1.2470243841271405,0.22715157023170482,0.409161567497561,-5.444824555072841,miscanthus_sinensis_ssp_transmorrisonensis_6wks vs miscanthus_sinensis_15wks,FALSE
10704,1.1134112945738899,17.202380351434808,1.2468760681885294,0.22720478783606649,0.409161567497561,-5.444996775185812,miscanthus_sinensis_ssp_transmorrisonensis_6wks vs miscanthus_sinensis_15wks,FALSE
12872,0.9895238367842616,17.128410235022223,1.2467995052760197,0.2272322633121475,0.409161567497561,-5.445085671010139,miscanthus_sinensis_ssp_transmorrisonensis_6wks vs miscanthus_sinensis_15wks,FALSE
4677,1.0121870377449547,19.215312318143102,1.2442742225244623,0.22813992176771164,0.410610715823582,-5.448015142627947,miscanthus_sinensis_ssp_transmorrisonensis_6wks vs miscanthus_sinensis_15wks,FALSE
23398,-0.749404314223252,17.003942155680168,-1.2430792878753238,0.22857038470637406,0.41097367871322343,-5.449399582312496,miscanthus_sinensis_ssp_transmorrisonensis_6wks vs miscanthus_sinensis_15wks,FALSE
2770,1.1651648478187298,18.974929621622007,1.2428727248175784,0.2286448601028111,0.41097367871322343,-5.449638790081421,miscanthus_sinensis_ssp_transmorrisonensis_6wks vs miscanthus_sinensis_15wks,FALSE
553,2.980509206596839,21.599590742586127,1.242857261792509,0.22865043597747226,0.41097367871322343,-5.449656695490079,miscanthus_sinensis_ssp_transmorrisonensis_6wks vs miscanthus_sinensis_15wks,FALSE
1894,-1.5495728472037484,17.508363544469645,-1.2422742450321778,0.22886074451933136,0.4111665581103379,-5.450331662037884,miscanthus_sinensis_ssp_transmorrisonensis_6wks vs miscanthus_sinensis_15wks,FALSE
2795,1.2334201646639578,18.987407025356745,1.2412408862022268,0.22923386731230733,0.411651641165421,-5.451527336676978,miscanthus_sinensis_ssp_transmorrisonensis_6wks vs miscanthus_sinensis_15wks,FALSE
4424,1.3852647152225224,17.566189479861436,1.240711209732699,0.22942530251354465,0.4116689065427637,-5.4521398857744945,miscanthus_sinensis_ssp_transmorrisonensis_6wks vs miscanthus_sinensis_15wks,FALSE
21100,0.8236372564481371,16.763584232031132,1.2406436499653202,0.22944972872185604,0.4116689065427637,-5.452217999942052,miscanthus_sinensis_ssp_transmorrisonensis_6wks vs miscanthus_sinensis_15wks,FALSE
10125,1.0376997672607757,17.122510539766363,1.2397782030850764,0.22976280720294506,0.41199153796802457,-5.453218330802705,miscanthus_sinensis_ssp_transmorrisonensis_6wks vs miscanthus_sinensis_15wks,FALSE
2920,1.686554075333838,19.13984085563246,1.2395761143454336,0.22983596068506781,0.41199153796802457,-5.453451830820298,miscanthus_sinensis_ssp_transmorrisonensis_6wks vs miscanthus_sinensis_15wks,FALSE
23784,-0.5855817063997115,17.008283860319697,-1.2382862154075336,0.23030330813732897,0.4124677860833717,-5.454941462414819,miscanthus_sinensis_ssp_transmorrisonensis_6wks vs miscanthus_sinensis_15wks,FALSE
187,0.8271467240922732,23.184901129123567,1.2382724750320604,0.2303082903757103,0.4124677860833717,-5.454957323321994,miscanthus_sinensis_ssp_transmorrisonensis_6wks vs miscanthus_sinensis_15wks,FALSE
3570,-1.3842937676685807,17.986328881016423,-1.237214142109982,0.2306922885257077,0.4128506862389002,-5.456178538707001,miscanthus_sinensis_ssp_transmorrisonensis_6wks vs miscanthus_sinensis_15wks,FALSE
3893,1.6868853671898023,17.74626407746453,1.2371132307541368,0.2307289281059585,0.4128506862389002,-5.45629493455315,miscanthus_sinensis_ssp_transmorrisonensis_6wks vs miscanthus_sinensis_15wks,FALSE
7328,1.6034118226159748,19.24859664287193,1.235328852170755,0.2313775491435624,0.4138257957800632,-5.458351789267776,miscanthus_sinensis_ssp_transmorrisonensis_6wks vs miscanthus_sinensis_15wks,FALSE
10703,0.8597315544726776,17.220283231932466,1.2348758818994132,0.23154242572991712,0.4139352277267484,-5.458873527556504,miscanthus_sinensis_ssp_transmorrisonensis_6wks vs miscanthus_sinensis_15wks,FALSE
1391,2.248897828555215,21.38100537587096,1.2339248604460922,0.23188888059373292,0.41436902924359076,-5.459968400591376,miscanthus_sinensis_ssp_transmorrisonensis_6wks vs miscanthus_sinensis_15wks,FALSE
1792,0.8686099834102414,23.760628417885933,1.2329831121132264,0.2322323481847496,0.4147971069143268,-5.461051892168612,miscanthus_sinensis_ssp_transmorrisonensis_6wks vs miscanthus_sinensis_15wks,FALSE
778,-2.037940586894365,19.009386921238978,-1.2322991106324364,0.2324820561920855,0.41505740980268574,-5.461838402835954,miscanthus_sinensis_ssp_transmorrisonensis_6wks vs miscanthus_sinensis_15wks,FALSE
697,1.610327242114515,21.772883257702215,1.2310144572790658,0.23295159894734563,0.4157097822967384,-5.463314581270205,miscanthus_sinensis_ssp_transmorrisonensis_6wks vs miscanthus_sinensis_15wks,FALSE
1439,0.6481525624410516,23.96704334440129,1.2290818022360075,0.2336593530629748,0.4166817412245213,-5.465532905354642,miscanthus_sinensis_ssp_transmorrisonensis_6wks vs miscanthus_sinensis_15wks,FALSE
4359,1.5664809482776896,17.522056308939025,1.228696994950201,0.23380046863984377,0.4166817412245213,-5.46597423801735,miscanthus_sinensis_ssp_transmorrisonensis_6wks vs miscanthus_sinensis_15wks,FALSE
22627,0.8346219774481654,17.02501245384143,1.2286726627487004,0.23380939387347888,0.4166817412245213,-5.466002140492271,miscanthus_sinensis_ssp_transmorrisonensis_6wks vs miscanthus_sinensis_15wks,FALSE
12393,0.7434477982210446,16.84660784657718,1.2281706385542006,0.23399359821292343,0.41682393755733615,-5.46657772205938,miscanthus_sinensis_ssp_transmorrisonensis_6wks vs miscanthus_sinensis_15wks,FALSE
12508,0.7373416719964041,17.100762880283764,1.2277902910438792,0.23413323036178468,0.41688664389127766,-5.4670136655223285,miscanthus_sinensis_ssp_transmorrisonensis_6wks vs miscanthus_sinensis_15wks,FALSE
16224,0.8119199388697318,17.117044063170276,1.227340046550876,0.23429860516861606,0.416940443797201,-5.467529574504354,miscanthus_sinensis_ssp_transmorrisonensis_6wks vs miscanthus_sinensis_15wks,FALSE
4427,0.9502959443076442,21.138501278287933,1.227139393865764,0.23437233363750476,0.416940443797201,-5.467759438911331,miscanthus_sinensis_ssp_transmorrisonensis_6wks vs miscanthus_sinensis_15wks,FALSE
9224,0.7873197756372718,17.05348934748039,1.2267404456987376,0.2345189770771851,0.4170154817336851,-5.468216372397401,miscanthus_sinensis_ssp_transmorrisonensis_6wks vs miscanthus_sinensis_15wks,FALSE
5189,1.4507023807440511,19.880545399205744,1.2259505001313864,0.23480954817080502,0.4172154332533614,-5.469120760125533,miscanthus_sinensis_ssp_transmorrisonensis_6wks vs miscanthus_sinensis_15wks,FALSE
17511,0.7887283513235772,16.83148107859763,1.2258665330008622,0.23484045053113806,0.4172154332533614,-5.469216862727822,miscanthus_sinensis_ssp_transmorrisonensis_6wks vs miscanthus_sinensis_15wks,FALSE
6240,-1.2773356640603595,18.987984224656813,-1.2244899307147412,0.23534752325907562,0.4174473660108304,-5.470791621834191,miscanthus_sinensis_ssp_transmorrisonensis_6wks vs miscanthus_sinensis_15wks,FALSE
5432,1.5856494367541032,17.752797386381488,1.2244384504578325,0.23536650225498162,0.4174473660108304,-5.470850483276722,miscanthus_sinensis_ssp_transmorrisonensis_6wks vs miscanthus_sinensis_15wks,FALSE
6599,1.0101801094243825,17.22900296428367,1.22394335389862,0.23554908691981544,0.4174473660108304,-5.47141645873032,miscanthus_sinensis_ssp_transmorrisonensis_6wks vs miscanthus_sinensis_15wks,FALSE
13557,0.8843668365334594,17.48528598840614,1.223886219290849,0.23557016431506156,0.4174473660108304,-5.471481760290095,miscanthus_sinensis_ssp_transmorrisonensis_6wks vs miscanthus_sinensis_15wks,FALSE
5925,-1.4802147457721553,18.830065451812974,-1.2238514450175677,0.23558299351576045,0.4174473660108304,-5.4715215040075815,miscanthus_sinensis_ssp_transmorrisonensis_6wks vs miscanthus_sinensis_15wks,FALSE
1622,-1.7796741325505216,18.46406608411797,-1.223809616969801,0.23559842575711443,0.4174473660108304,-5.471569308251131,miscanthus_sinensis_ssp_transmorrisonensis_6wks vs miscanthus_sinensis_15wks,FALSE
12507,-0.7856721193830616,16.962897935188156,-1.223230513931824,0.23581216208535224,0.41757420312873217,-5.47223100789386,miscanthus_sinensis_ssp_transmorrisonensis_6wks vs miscanthus_sinensis_15wks,FALSE
1406,1.9862161864007106,18.262233451510124,1.2230489202451384,0.2358792154447122,0.41757420312873217,-5.472438447104835,miscanthus_sinensis_ssp_transmorrisonensis_6wks vs miscanthus_sinensis_15wks,FALSE
10412,0.8161329044024654,16.935898496243503,1.2210739641861033,0.23660940618028134,0.41868118327645526,-5.474692797301313,miscanthus_sinensis_ssp_transmorrisonensis_6wks vs miscanthus_sinensis_15wks,FALSE
10016,-1.6207664645962119,18.3925785904409,-1.2206466162695135,0.2367676339427368,0.4187416321982581,-5.475180193114584,miscanthus_sinensis_ssp_transmorrisonensis_6wks vs miscanthus_sinensis_15wks,FALSE
3683,0.8637813319063632,22.04586647026288,1.220415179935732,0.2368533580921009,0.4187416321982581,-5.475444088568275,miscanthus_sinensis_ssp_transmorrisonensis_6wks vs miscanthus_sinensis_15wks,FALSE
21584,0.6359881354068975,16.82355582465985,1.2200724741255482,0.2369803399613462,0.4187806627382444,-5.4758347808181265,miscanthus_sinensis_ssp_transmorrisonensis_6wks vs miscanthus_sinensis_15wks,FALSE
5412,1.7987942909056827,19.229190983659816,1.2175575027531602,0.23791379318818542,0.42024418690585674,-5.478699042710881,miscanthus_sinensis_ssp_transmorrisonensis_6wks vs miscanthus_sinensis_15wks,FALSE
12524,0.993134443285399,17.194728287443425,1.216382785328745,0.23835075772779374,0.4208298208090901,-5.480035183588127,miscanthus_sinensis_ssp_transmorrisonensis_6wks vs miscanthus_sinensis_15wks,FALSE
8846,0.9887231633261102,16.686804664001606,1.2151527978077992,0.23880893562720884,0.4212538107220896,-5.481433010522152,miscanthus_sinensis_ssp_transmorrisonensis_6wks vs miscanthus_sinensis_15wks,FALSE
13214,1.1280320104018138,18.758797851154323,1.214945034025474,0.23888639501965978,0.4212538107220896,-5.481669005851997,miscanthus_sinensis_ssp_transmorrisonensis_6wks vs miscanthus_sinensis_15wks,FALSE
2042,2.228202677610664,20.8070903684131,1.2148885101233713,0.23890747181232735,0.4212538107220896,-5.48173320442879,miscanthus_sinensis_ssp_transmorrisonensis_6wks vs miscanthus_sinensis_15wks,FALSE
6526,1.4038784396777153,19.997819632691602,1.2137286201151536,0.23934028727879575,0.42183065201631464,-5.4830500186267015,miscanthus_sinensis_ssp_transmorrisonensis_6wks vs miscanthus_sinensis_15wks,FALSE
3638,1.711116301838235,17.802928856987666,1.213155586520964,0.23955433593760406,0.42202158387595556,-5.483700183063386,miscanthus_sinensis_ssp_transmorrisonensis_6wks vs miscanthus_sinensis_15wks,FALSE
12439,1.1301456950044546,18.79765994472964,1.2125500023112616,0.23978070156166542,0.42223403645089036,-5.484386994603129,miscanthus_sinensis_ssp_transmorrisonensis_6wks vs miscanthus_sinensis_15wks,FALSE
2156,1.6139223912921032,21.953096571624155,1.2121794726405326,0.2399192846333431,0.4222917920001348,-5.484807079241452,miscanthus_sinensis_ssp_transmorrisonensis_6wks vs miscanthus_sinensis_15wks,FALSE
2037,1.1366909047856346,17.146176239305987,1.2113438507177885,0.24023204187911307,0.4226559326493695,-5.48575405556754,miscanthus_sinensis_ssp_transmorrisonensis_6wks vs miscanthus_sinensis_15wks,FALSE
3603,1.032784569504141,21.20959423339981,1.2109106202374262,0.24039431362182176,0.4227551101226046,-5.4862447985189515,miscanthus_sinensis_ssp_transmorrisonensis_6wks vs miscanthus_sinensis_15wks,FALSE
9408,1.1189440715177064,17.4487829222119,1.210234429713256,0.2406477553958269,0.4230144603875566,-5.487010455431572,miscanthus_sinensis_ssp_transmorrisonensis_6wks vs miscanthus_sinensis_15wks,FALSE
3688,-1.624727803406806,18.373087781028442,-1.2087095633182583,0.24122003262778552,0.42344191687450206,-5.488735734911022,miscanthus_sinensis_ssp_transmorrisonensis_6wks vs miscanthus_sinensis_15wks,FALSE
1129,0.6054582854579422,22.98734863782455,1.2086978089790437,0.24122444800106513,0.42344191687450206,-5.4887490269029096,miscanthus_sinensis_ssp_transmorrisonensis_6wks vs miscanthus_sinensis_15wks,FALSE
21071,0.7641066616662044,16.78451028168455,1.208584991573953,0.24126682959522172,0.42344191687450206,-5.488876596982706,miscanthus_sinensis_ssp_transmorrisonensis_6wks vs miscanthus_sinensis_15wks,FALSE
1226,-2.344397475093313,19.983229867000603,-1.208189598977479,0.24141540952722765,0.42344191687450206,-5.489323613127731,miscanthus_sinensis_ssp_transmorrisonensis_6wks vs miscanthus_sinensis_15wks,FALSE
4008,-1.6706980922049972,17.924415728318564,-1.2081739452447224,0.241421293288168,0.42344191687450206,-5.489341308082333,miscanthus_sinensis_ssp_transmorrisonensis_6wks vs miscanthus_sinensis_15wks,FALSE
2336,1.2149438968075401,21.243600456278376,1.2073284046058,0.24173926797403902,0.4235680231241141,-5.490296814679172,miscanthus_sinensis_ssp_transmorrisonensis_6wks vs miscanthus_sinensis_15wks,FALSE
15136,0.8585344706362683,16.893108037007533,1.207294331179054,0.2417520883119646,0.4235680231241141,-5.490335307505071,miscanthus_sinensis_ssp_transmorrisonensis_6wks vs miscanthus_sinensis_15wks,FALSE
23369,0.7488497234799922,16.902280123611977,1.206648915024062,0.24199502758370905,0.4235680231241141,-5.4910642601381685,miscanthus_sinensis_ssp_transmorrisonensis_6wks vs miscanthus_sinensis_15wks,FALSE
69,0.5536470761369472,27.275103402423312,1.2063131188806007,0.2421214968836331,0.4235680231241141,-5.491443386695141,miscanthus_sinensis_ssp_transmorrisonensis_6wks vs miscanthus_sinensis_15wks,FALSE
816,1.5778641967913352,17.478487356346076,1.206136713494535,0.24218795568609003,0.4235680231241141,-5.491642518899481,miscanthus_sinensis_ssp_transmorrisonensis_6wks vs miscanthus_sinensis_15wks,FALSE
3937,1.0327283440900779,21.68871834403463,1.2060474704450521,0.24222158230016833,0.4235680231241141,-5.491743249903456,miscanthus_sinensis_ssp_transmorrisonensis_6wks vs miscanthus_sinensis_15wks,FALSE
328,3.610295324421493,22.40910303629422,1.2060094191328852,0.24223592104016847,0.4235680231241141,-5.491786197493378,miscanthus_sinensis_ssp_transmorrisonensis_6wks vs miscanthus_sinensis_15wks,FALSE
5003,1.317497442402587,17.527781580763925,1.2053585158118285,0.24248129831452034,0.42361978274272766,-5.4925206767544,miscanthus_sinensis_ssp_transmorrisonensis_6wks vs miscanthus_sinensis_15wks,FALSE
189,-0.9308036029644562,24.28298274372839,-1.2051917599849418,0.2425441921780247,0.42361978274272766,-5.492708789442008,miscanthus_sinensis_ssp_transmorrisonensis_6wks vs miscanthus_sinensis_15wks,FALSE
20508,0.7527864193739973,16.90394387855457,1.2050259618270247,0.24260673710773567,0.42361978274272766,-5.492895799737477,miscanthus_sinensis_ssp_transmorrisonensis_6wks vs miscanthus_sinensis_15wks,FALSE
23470,0.7265321928725008,16.355436196537894,1.20439964693039,0.2428431155882348,0.42361978274272766,-5.4936020464402695,miscanthus_sinensis_ssp_transmorrisonensis_6wks vs miscanthus_sinensis_15wks,FALSE
10180,0.8731333796196985,17.2627322128571,1.204358263530139,0.24285874030852486,0.42361978274272766,-5.4936487002253,miscanthus_sinensis_ssp_transmorrisonensis_6wks vs miscanthus_sinensis_15wks,FALSE
9331,0.9141814082544037,17.331484568213245,1.203942643128721,0.2430157042442851,0.42361978274272766,-5.494117175918215,miscanthus_sinensis_ssp_transmorrisonensis_6wks vs miscanthus_sinensis_15wks,FALSE
3985,1.3146212429863056,21.703988223342623,1.2036835994997264,0.24311357400773043,0.42361978274272766,-5.494409092658648,miscanthus_sinensis_ssp_transmorrisonensis_6wks vs miscanthus_sinensis_15wks,FALSE
1716,1.0180816764841758,22.50151986068658,1.2036812561620827,0.243114459484867,0.42361978274272766,-5.494411733124801,miscanthus_sinensis_ssp_transmorrisonensis_6wks vs miscanthus_sinensis_15wks,FALSE
21142,0.5497879247146855,16.606394104946197,1.2007619178905242,0.24421948905674157,0.4253595987410612,-5.497697817488457,miscanthus_sinensis_ssp_transmorrisonensis_6wks vs miscanthus_sinensis_15wks,FALSE
7460,0.9210631529717226,16.771495496062887,1.1996410975936067,0.24464475142513456,0.42573633025671576,-5.498957627075267,miscanthus_sinensis_ssp_transmorrisonensis_6wks vs miscanthus_sinensis_15wks,FALSE
14383,0.7226827387384702,16.838937752491372,1.1995201613408457,0.24469067061470923,0.42573633025671576,-5.499093500004597,miscanthus_sinensis_ssp_transmorrisonensis_6wks vs miscanthus_sinensis_15wks,FALSE
1473,2.0895205479311656,18.468089568901902,1.1993488429292944,0.24475573094668404,0.42573633025671576,-5.499285957639921,miscanthus_sinensis_ssp_transmorrisonensis_6wks vs miscanthus_sinensis_15wks,FALSE
1501,2.2939771628735848,21.464540429960326,1.1988539975970802,0.2449437282274992,0.4257773043210265,-5.499841730383585,miscanthus_sinensis_ssp_transmorrisonensis_6wks vs miscanthus_sinensis_15wks,FALSE
16811,0.7787608922970186,16.95502990454095,1.1987253988534152,0.24499260221077102,0.4257773043210265,-5.499986130567623,miscanthus_sinensis_ssp_transmorrisonensis_6wks vs miscanthus_sinensis_15wks,FALSE
17093,0.7918073685235072,17.34811096586561,1.1974350154772624,0.24548342121060723,0.4264446551230392,-5.501434333594283,miscanthus_sinensis_ssp_transmorrisonensis_6wks vs miscanthus_sinensis_15wks,FALSE
17123,0.7816667050929524,16.95635849153729,1.1965000517128368,0.24583951472423396,0.426877487072267,-5.5024828122803715,miscanthus_sinensis_ssp_transmorrisonensis_6wks vs miscanthus_sinensis_15wks,FALSE
13753,0.9111399401848246,17.023716568201834,1.1940862400318977,0.24676065256412688,0.42823771660773124,-5.505186440168272,miscanthus_sinensis_ssp_transmorrisonensis_6wks vs miscanthus_sinensis_15wks,FALSE
21651,0.8121400991033525,16.649289040943177,1.1938853775224265,0.24683742132123987,0.42823771660773124,-5.5054112083231805,miscanthus_sinensis_ssp_transmorrisonensis_6wks vs miscanthus_sinensis_15wks,FALSE
8312,1.1842492239973978,17.132258964927228,1.193205727292575,0.24709731439883548,0.4285023801390752,-5.506171506494975,miscanthus_sinensis_ssp_transmorrisonensis_6wks vs miscanthus_sinensis_15wks,FALSE
3875,-1.6013717462433377,18.997211430143942,-1.1916555257231507,0.24769087273384083,0.4293451862585726,-5.507904266218683,miscanthus_sinensis_ssp_transmorrisonensis_6wks vs miscanthus_sinensis_15wks,FALSE
18001,0.6869369796173537,16.90017745111389,1.1908100963888835,0.24801503321945162,0.4297204915850915,-5.5088484419381585,miscanthus_sinensis_ssp_transmorrisonensis_6wks vs miscanthus_sinensis_15wks,FALSE
19103,0.7067274202801137,16.844638391264162,1.1902264582144595,0.24823900258228088,0.4297662274985865,-5.509499913515819,miscanthus_sinensis_ssp_transmorrisonensis_6wks vs miscanthus_sinensis_15wks,FALSE
1764,0.9120369039744176,17.34573655879362,1.1901802440579894,0.24825674364021552,0.4297662274985865,-5.50955148719919,miscanthus_sinensis_ssp_transmorrisonensis_6wks vs miscanthus_sinensis_15wks,FALSE
13603,0.7514708630937363,17.073138594323144,1.1894668604872893,0.24853072434257129,0.4300540318923037,-5.5103473847806175,miscanthus_sinensis_ssp_transmorrisonensis_6wks vs miscanthus_sinensis_15wks,FALSE
15664,0.745891357722325,16.910943190788085,1.1890572513748274,0.24868814104138404,0.43013997358631073,-5.510804186384564,miscanthus_sinensis_ssp_transmorrisonensis_6wks vs miscanthus_sinensis_15wks,FALSE
14513,0.937894243261983,17.210111075163187,1.187700151135644,0.24921022481928926,0.43085630899896177,-5.51231667706931,miscanthus_sinensis_ssp_transmorrisonensis_6wks vs miscanthus_sinensis_15wks,FALSE
2699,1.5327865381698444,18.4981551572837,1.186071940096574,0.24983769595717809,0.43144041788453136,-5.51412936241664,miscanthus_sinensis_ssp_transmorrisonensis_6wks vs miscanthus_sinensis_15wks,FALSE
2306,1.3732020062886647,17.990583819561692,1.1860441322163058,0.24984842273435198,0.43144041788453136,-5.51416030233072,miscanthus_sinensis_ssp_transmorrisonensis_6wks vs miscanthus_sinensis_15wks,FALSE
8445,1.3319485845891315,18.315112881184294,1.1859822205636783,0.24987230614955824,0.43144041788453136,-5.514229184924797,miscanthus_sinensis_ssp_transmorrisonensis_6wks vs miscanthus_sinensis_15wks,FALSE
12012,0.6309753804211731,16.98067996781887,1.1854652289508643,0.2500718111146721,0.4315982144270519,-5.514804266508603,miscanthus_sinensis_ssp_transmorrisonensis_6wks vs miscanthus_sinensis_15wks,FALSE
1864,1.9468025330256715,17.67484472182838,1.184791668551636,0.25033191526562165,0.43186041734674224,-5.515553185760293,miscanthus_sinensis_ssp_transmorrisonensis_6wks vs miscanthus_sinensis_15wks,FALSE
6702,1.0244014033339433,19.910557094040044,1.183552227501712,0.250811073811338,0.4325001324643029,-5.516930340569418,miscanthus_sinensis_ssp_transmorrisonensis_6wks vs miscanthus_sinensis_15wks,FALSE
21840,0.7052424850566652,16.90954391267744,1.1829402221497416,0.2510479248734581,0.4327104545230038,-5.517609888285557,miscanthus_sinensis_ssp_transmorrisonensis_6wks vs miscanthus_sinensis_15wks,FALSE
7436,-1.1001634849895368,17.2400773113364,-1.1826770394871946,0.2511498304433366,0.4327104545230038,-5.517902023430667,miscanthus_sinensis_ssp_transmorrisonensis_6wks vs miscanthus_sinensis_15wks,FALSE
118,1.1066909813505035,23.328670252040506,1.1820138261761328,0.2514067677940102,0.4328922813907792,-5.518637948160543,miscanthus_sinensis_ssp_transmorrisonensis_6wks vs miscanthus_sinensis_15wks,FALSE
701,0.8411549041697377,23.267324426987308,1.1818448972181714,0.25147224462555534,0.4328922813907792,-5.518825340886784,miscanthus_sinensis_ssp_transmorrisonensis_6wks vs miscanthus_sinensis_15wks,FALSE
6516,1.0162081690501061,17.29958096512221,1.1811261884414872,0.25175095937888314,0.4331852714829748,-5.519622346160107,miscanthus_sinensis_ssp_transmorrisonensis_6wks vs miscanthus_sinensis_15wks,FALSE
7906,-1.628286311351495,17.57592823386638,-1.1791883184268337,0.2525036214142966,0.43421348892966394,-5.521769248710306,miscanthus_sinensis_ssp_transmorrisonensis_6wks vs miscanthus_sinensis_15wks,FALSE
3692,0.8064250695724446,17.020150059318556,1.1790277473580129,0.25256606244856705,0.43421348892966394,-5.521947003938226,miscanthus_sinensis_ssp_transmorrisonensis_6wks vs miscanthus_sinensis_15wks,FALSE
19141,0.8531262936785424,16.802401502186125,1.1773699563866957,0.25321140352719435,0.4350022878323016,-5.523780991142334,miscanthus_sinensis_ssp_transmorrisonensis_6wks vs miscanthus_sinensis_15wks,FALSE
6552,1.1220015133380734,18.60287801000771,1.177130443031148,0.2533047430296338,0.4350022878323016,-5.524045777072417,miscanthus_sinensis_ssp_transmorrisonensis_6wks vs miscanthus_sinensis_15wks,FALSE
11601,1.0513244637074877,17.53242862332452,1.1770097605223067,0.25335178336926384,0.4350022878323016,-5.524179175972511,miscanthus_sinensis_ssp_transmorrisonensis_6wks vs miscanthus_sinensis_15wks,FALSE
147,2.1180639989051038,20.357148799221456,1.1759877897300355,0.25375039615289463,0.4354993901299894,-5.5253083599452655,miscanthus_sinensis_ssp_transmorrisonensis_6wks vs miscanthus_sinensis_15wks,FALSE
10331,1.173207751144762,17.65676269642905,1.1748331191804544,0.2542013337659953,0.4359050981784716,-5.5265831477075835,miscanthus_sinensis_ssp_transmorrisonensis_6wks vs miscanthus_sinensis_15wks,FALSE
1868,1.3383474928001924,17.35435632993006,1.1748232835398698,0.2542051774948602,0.4359050981784716,-5.526594001885732,miscanthus_sinensis_ssp_transmorrisonensis_6wks vs miscanthus_sinensis_15wks,FALSE
15438,0.7413524692123943,16.997881191280104,1.173893063642005,0.2545689008091944,0.4361850366346719,-5.527620197314692,miscanthus_sinensis_ssp_transmorrisonensis_6wks vs miscanthus_sinensis_15wks,FALSE
846,0.756608723431782,22.387931467000538,1.1738469091079307,0.2545869577552068,0.4361850366346719,-5.527671095595652,miscanthus_sinensis_ssp_transmorrisonensis_6wks vs miscanthus_sinensis_15wks,FALSE
758,1.2601969188131363,22.10421548571309,1.1731243390244117,0.2548697726551902,0.4364493877245241,-5.528467706162046,miscanthus_sinensis_ssp_transmorrisonensis_6wks vs miscanthus_sinensis_15wks,FALSE
329,2.858555734748446,23.114486576813174,1.172655629408667,0.2550533521564792,0.4364493877245241,-5.5289842173958865,miscanthus_sinensis_ssp_transmorrisonensis_6wks vs miscanthus_sinensis_15wks,FALSE
21634,0.7129412373365263,17.141393379143306,1.1726150670438789,0.25506924387808483,0.4364493877245241,-5.529028908165736,miscanthus_sinensis_ssp_transmorrisonensis_6wks vs miscanthus_sinensis_15wks,FALSE
2375,1.6152492285108302,21.861815602211788,1.17183878677431,0.255373521816571,0.4365029126326337,-5.52988394062527,miscanthus_sinensis_ssp_transmorrisonensis_6wks vs miscanthus_sinensis_15wks,FALSE
2018,0.8091139929768012,23.637031908548845,1.1713860773790183,0.2555510954911719,0.4365029126326337,-5.53038235101702,miscanthus_sinensis_ssp_transmorrisonensis_6wks vs miscanthus_sinensis_15wks,FALSE
558,-2.0710322955501077,20.524490453165114,-1.171237975216866,0.255609208127872,0.4365029126326337,-5.530545368011565,miscanthus_sinensis_ssp_transmorrisonensis_6wks vs miscanthus_sinensis_15wks,FALSE
7706,1.3058963218896196,17.477419757352212,1.1712162914278288,0.2556177172894243,0.4365029126326337,-5.530569234003739,miscanthus_sinensis_ssp_transmorrisonensis_6wks vs miscanthus_sinensis_15wks,FALSE
5769,1.5701833612082723,19.50643280080699,1.1709769278049917,0.25571166256665523,0.4365029126326337,-5.530832661255875,miscanthus_sinensis_ssp_transmorrisonensis_6wks vs miscanthus_sinensis_15wks,FALSE
1802,0.7308868294300837,23.22549111361202,1.1708624768463098,0.2557565913446218,0.4365029126326337,-5.530958601742439,miscanthus_sinensis_ssp_transmorrisonensis_6wks vs miscanthus_sinensis_15wks,FALSE
10117,0.8230361423649981,18.531398331118776,1.169151980245701,0.25642876738284026,0.4372978370041148,-5.532839545945552,miscanthus_sinensis_ssp_transmorrisonensis_6wks vs miscanthus_sinensis_15wks,FALSE
10034,0.8762391025055081,17.084251511818596,1.1691197592508613,0.25644144199063945,0.4372978370041148,-5.532874954918323,miscanthus_sinensis_ssp_transmorrisonensis_6wks vs miscanthus_sinensis_15wks,FALSE
15917,0.8701844995892003,17.029002708497355,1.1682757426232748,0.2567736155822805,0.43754586404499896,-5.533802179278403,miscanthus_sinensis_ssp_transmorrisonensis_6wks vs miscanthus_sinensis_15wks,FALSE
20778,0.8451148647336559,17.045231092360098,1.168193241915299,0.25680610206849513,0.43754586404499896,-5.53389278232919,miscanthus_sinensis_ssp_transmorrisonensis_6wks vs miscanthus_sinensis_15wks,FALSE
22036,0.6452603233047505,16.581370693783335,1.1668424915593554,0.2573384276134815,0.43826578627688495,-5.535375403060439,miscanthus_sinensis_ssp_transmorrisonensis_6wks vs miscanthus_sinensis_15wks,FALSE
9223,0.9916249246473896,18.20466009865656,1.1658805835399104,0.2577180148668798,0.43872508117210407,-5.536430316347241,miscanthus_sinensis_ssp_transmorrisonensis_6wks vs miscanthus_sinensis_15wks,FALSE
2331,0.8371432675350192,21.657051806063496,1.1655012195334151,0.2578678342308317,0.43873362827038687,-5.536846153714496,miscanthus_sinensis_ssp_transmorrisonensis_6wks vs miscanthus_sinensis_15wks,FALSE
20679,0.8094639801029011,16.78527725376303,1.1653113508912012,0.2579428420717931,0.43873362827038687,-5.537054233066889,miscanthus_sinensis_ssp_transmorrisonensis_6wks vs miscanthus_sinensis_15wks,FALSE
9755,0.6967072477232499,16.806234227695022,1.1628650952953734,0.25891069783169546,0.4401922937581466,-5.539732493152516,miscanthus_sinensis_ssp_transmorrisonensis_6wks vs miscanthus_sinensis_15wks,FALSE
3577,1.548212674757039,21.28277254839674,1.1610407842983523,0.2596342468351945,0.44123453102004956,-5.541726654555682,miscanthus_sinensis_ssp_transmorrisonensis_6wks vs miscanthus_sinensis_15wks,FALSE
9951,0.7469772908357584,16.750527963881567,1.160224770320199,0.25995837840883457,0.44159738153534794,-5.542617765813957,miscanthus_sinensis_ssp_transmorrisonensis_6wks vs miscanthus_sinensis_15wks,FALSE
3419,1.1213404240764078,17.39163924666563,1.159531038236026,0.2602341754353911,0.4416936847392795,-5.543374915258634,miscanthus_sinensis_ssp_transmorrisonensis_6wks vs miscanthus_sinensis_15wks,FALSE
73,-1.142621971399862,24.542869751133736,-1.159383805574411,0.2602927366704825,0.4416936847392795,-5.543535556742993,miscanthus_sinensis_ssp_transmorrisonensis_6wks vs miscanthus_sinensis_15wks,FALSE
4634,1.729164982822919,19.85084766367293,1.1592473904252443,0.26034700405599315,0.4416936847392795,-5.543684379781033,miscanthus_sinensis_ssp_transmorrisonensis_6wks vs miscanthus_sinensis_15wks,FALSE
5594,0.9792489970372671,17.08248640681678,1.1589229837651063,0.2604760903532799,0.4417249586619768,-5.544038232556589,miscanthus_sinensis_ssp_transmorrisonensis_6wks vs miscanthus_sinensis_15wks,FALSE
347,-2.048442355013858,20.67757676347412,-1.158538641763624,0.2606290876137777,0.44179673789987284,-5.5444573500003225,miscanthus_sinensis_ssp_transmorrisonensis_6wks vs miscanthus_sinensis_15wks,FALSE
112,2.9480601961438175,21.206180931808543,1.1581387503485743,0.2607883458647974,0.4418790648099623,-5.544893296021639,miscanthus_sinensis_ssp_transmorrisonensis_6wks vs miscanthus_sinensis_15wks,FALSE
8308,0.9683004832613413,17.0570604506476,1.1574416667067982,0.26106613553959673,0.44216207597542223,-5.545652917850942,miscanthus_sinensis_ssp_transmorrisonensis_6wks vs miscanthus_sinensis_15wks,FALSE
13028,0.9815168095523212,17.422974842166017,1.1569488634313791,0.2612626520264151,0.44230725483013106,-5.546189693534976,miscanthus_sinensis_ssp_transmorrisonensis_6wks vs miscanthus_sinensis_15wks,FALSE
318,2.5232563852378895,20.041744620737333,1.1561331567501218,0.26158817587086625,0.4426706223300119,-5.547077749936479,miscanthus_sinensis_ssp_transmorrisonensis_6wks vs miscanthus_sinensis_15wks,FALSE
5402,1.113180160388655,21.78561427609886,1.1555642028207889,0.2618154070425353,0.4427735896564924,-5.547696846463125,miscanthus_sinensis_ssp_transmorrisonensis_6wks vs miscanthus_sinensis_15wks,FALSE
2191,2.0013534750818707,19.755159341386047,1.1546594059259796,0.26217707142867697,0.4427735896564924,-5.54868084038396,miscanthus_sinensis_ssp_transmorrisonensis_6wks vs miscanthus_sinensis_15wks,FALSE
12589,1.0407692573480531,17.389483831149402,1.154630441614341,0.2621886551544227,0.4427735896564924,-5.548712328914655,miscanthus_sinensis_ssp_transmorrisonensis_6wks vs miscanthus_sinensis_15wks,FALSE
857,1.4382685499292656,17.78383241684297,1.1543870855434062,0.2622859958452029,0.4427735896564924,-5.548976866257223,miscanthus_sinensis_ssp_transmorrisonensis_6wks vs miscanthus_sinensis_15wks,FALSE
5580,0.8371998176639721,17.16108248742891,1.1542721979934896,0.2623319593965843,0.4427735896564924,-5.549101736619793,miscanthus_sinensis_ssp_transmorrisonensis_6wks vs miscanthus_sinensis_15wks,FALSE
14727,0.7944329660487988,16.99961880401452,1.1542471285784457,0.26234198982148754,0.4427735896564924,-5.54912898293572,miscanthus_sinensis_ssp_transmorrisonensis_6wks vs miscanthus_sinensis_15wks,FALSE
255,2.2362776982644874,22.64356577507327,1.1540386132398754,0.2624254291400954,0.4427735896564924,-5.549355584816058,miscanthus_sinensis_ssp_transmorrisonensis_6wks vs miscanthus_sinensis_15wks,FALSE
6958,0.9222209244139705,17.340846135421376,1.1533561384121334,0.26269866587483565,0.4430212864492867,-5.550097009118085,miscanthus_sinensis_ssp_transmorrisonensis_6wks vs miscanthus_sinensis_15wks,FALSE
729,1.2064188482376466,23.985665791477924,1.1528806416844695,0.262889161675909,0.4430212864492867,-5.550613352648959,miscanthus_sinensis_ssp_transmorrisonensis_6wks vs miscanthus_sinensis_15wks,FALSE
4371,1.605428865959503,18.418491623811725,1.1528407018793865,0.26290516723405816,0.4430212864492867,-5.550656715017372,miscanthus_sinensis_ssp_transmorrisonensis_6wks vs miscanthus_sinensis_15wks,FALSE
9992,1.2689276281704096,17.7153860202063,1.1522824263400229,0.26312896763521626,0.44307033222919284,-5.551262694544054,miscanthus_sinensis_ssp_transmorrisonensis_6wks vs miscanthus_sinensis_15wks,FALSE
9649,0.920369075043503,17.214408036437842,1.1521020293129438,0.26320131514174905,0.44307033222919284,-5.551458451879117,miscanthus_sinensis_ssp_transmorrisonensis_6wks vs miscanthus_sinensis_15wks,FALSE
16574,0.8307622628330122,16.77056965138566,1.1519376754306216,0.26326724149490116,0.44307033222919284,-5.551636776903666,miscanthus_sinensis_ssp_transmorrisonensis_6wks vs miscanthus_sinensis_15wks,FALSE
7911,1.044547171897694,17.475882993575244,1.1510874715457697,0.2636084752164547,0.4434576624795985,-5.552558901346354,miscanthus_sinensis_ssp_transmorrisonensis_6wks vs miscanthus_sinensis_15wks,FALSE
4119,1.3552395124378478,21.824384865195515,1.15079282252597,0.2637268108612576,0.4434698521306404,-5.552878337571217,miscanthus_sinensis_ssp_transmorrisonensis_6wks vs miscanthus_sinensis_15wks,FALSE
9352,0.929968522001861,17.48232796430046,1.150200481062844,0.2639648239856604,0.4436831904634764,-5.553520294824162,miscanthus_sinensis_ssp_transmorrisonensis_6wks vs miscanthus_sinensis_15wks,FALSE
13580,0.9400955292077136,17.007197031868635,1.14798972456236,0.2648545550658997,0.44499132315785844,-5.555913696369912,miscanthus_sinensis_ssp_transmorrisonensis_6wks vs miscanthus_sinensis_15wks,FALSE
3703,1.4351134791374704,17.355524788083166,1.1471496749740646,0.26519322125768213,0.4453121643760483,-5.5568221000732825,miscanthus_sinensis_ssp_transmorrisonensis_6wks vs miscanthus_sinensis_15wks,FALSE
2383,1.234202112964109,17.784713130483528,1.1469627620957685,0.2652686189594797,0.4453121643760483,-5.557024143377192,miscanthus_sinensis_ssp_transmorrisonensis_6wks vs miscanthus_sinensis_15wks,FALSE
2024,1.1579214360935381,20.74665729527659,1.1460407264634374,0.2656407865629409,0.4457494829589155,-5.558020398614059,miscanthus_sinensis_ssp_transmorrisonensis_6wks vs miscanthus_sinensis_15wks,FALSE
9354,0.8060103122455118,17.37931556253526,1.144003407796718,0.2664644979603551,0.4468614532110517,-5.560219244363099,miscanthus_sinensis_ssp_transmorrisonensis_6wks vs miscanthus_sinensis_15wks,FALSE
5975,1.4324604559184237,17.3667294225052,1.1438481831302554,0.26652733469326506,0.4468614532110517,-5.5603866365378,miscanthus_sinensis_ssp_transmorrisonensis_6wks vs miscanthus_sinensis_15wks,FALSE
1944,1.4991757492427205,22.981722859207817,1.1418627108629897,0.26733204649298414,0.44802247254407757,-5.562526001775236,miscanthus_sinensis_ssp_transmorrisonensis_6wks vs miscanthus_sinensis_15wks,FALSE
5916,0.9190452339006079,16.90997148475904,1.1406085787312328,0.26784127355299486,0.448687521621299,-5.563875676030103,miscanthus_sinensis_ssp_transmorrisonensis_6wks vs miscanthus_sinensis_15wks,FALSE
18010,0.7432465892216982,17.241269226761766,1.1394732753880188,0.26830287096250766,0.4491634697773886,-5.565096356590734,miscanthus_sinensis_ssp_transmorrisonensis_6wks vs miscanthus_sinensis_15wks,FALSE
6652,1.1849759462780582,17.051947719877802,1.1393564110361394,0.26835041969415624,0.4491634697773886,-5.565221949369931,miscanthus_sinensis_ssp_transmorrisonensis_6wks vs miscanthus_sinensis_15wks,FALSE
15729,-0.8460426976885351,17.37512375959984,-1.138002275933462,0.2689018333647281,0.4498977865850774,-5.566676405582168,miscanthus_sinensis_ssp_transmorrisonensis_6wks vs miscanthus_sinensis_15wks,FALSE
3450,-1.1470272848575682,18.72850471069397,-1.1359797599121775,0.2697269778435818,0.45108927337728466,-5.568845956573917,miscanthus_sinensis_ssp_transmorrisonensis_6wks vs miscanthus_sinensis_15wks,FALSE
1701,0.5953518230820514,22.8113628677691,1.1327383471008297,0.2710533105014616,0.4529623984871625,-5.572316007967974,miscanthus_sinensis_ssp_transmorrisonensis_6wks vs miscanthus_sinensis_15wks,FALSE
5024,0.7867016285418984,16.938988939142394,1.1326880226058316,0.2710739403772122,0.4529623984871625,-5.572369814095443,miscanthus_sinensis_ssp_transmorrisonensis_6wks vs miscanthus_sinensis_15wks,FALSE
13741,0.8552865310053086,17.08629207387053,1.1319276870078765,0.2713857712888491,0.453146089565634,-5.573182499008451,miscanthus_sinensis_ssp_transmorrisonensis_6wks vs miscanthus_sinensis_15wks,FALSE
19470,0.7020234230553051,16.897136451389407,1.131851689135466,0.27141695430238,0.453146089565634,-5.573263703213998,miscanthus_sinensis_ssp_transmorrisonensis_6wks vs miscanthus_sinensis_15wks,FALSE
17305,0.5852851724330961,16.58881462561989,1.131589851282424,0.27152441038101116,0.453146089565634,-5.573543442223295,miscanthus_sinensis_ssp_transmorrisonensis_6wks vs miscanthus_sinensis_15wks,FALSE
1477,0.805543126171326,23.281559235207876,1.1309057486585774,0.27180530867328334,0.4534253206116787,-5.574274048900221,miscanthus_sinensis_ssp_transmorrisonensis_6wks vs miscanthus_sinensis_15wks,FALSE
6850,0.7813110379497132,17.112045863263887,1.12922245710895,0.27249739562055353,0.4541502833216487,-5.576070127630952,miscanthus_sinensis_ssp_transmorrisonensis_6wks vs miscanthus_sinensis_15wks,FALSE
1043,1.9961666785464907,22.263307680498777,1.1291899811184565,0.27251076092896115,0.4541502833216487,-5.576104756703988,miscanthus_sinensis_ssp_transmorrisonensis_6wks vs miscanthus_sinensis_15wks,FALSE
16651,0.8131591365025237,16.6373737072311,1.129018886146005,0.2725811820738152,0.4541502833216487,-5.576287180534077,miscanthus_sinensis_ssp_transmorrisonensis_6wks vs miscanthus_sinensis_15wks,FALSE
4893,1.3051665958794203,17.439763656598505,1.1277933301562781,0.2730860023768579,0.4548015525608747,-5.577593180438585,miscanthus_sinensis_ssp_transmorrisonensis_6wks vs miscanthus_sinensis_15wks,FALSE
2154,-2.267153416429931,19.342705182359513,-1.126839134639331,0.27347952334905573,0.45526699633420786,-5.578609151367261,miscanthus_sinensis_ssp_transmorrisonensis_6wks vs miscanthus_sinensis_15wks,FALSE
8135,0.891675573563667,17.184881690888236,1.1263930642994178,0.27366363109865144,0.4553835828869598,-5.57908384330077,miscanthus_sinensis_ssp_transmorrisonensis_6wks vs miscanthus_sinensis_15wks,FALSE
22303,0.6001923060143639,16.66620194861566,1.125032345427522,0.2742258083606759,0.4561289279065909,-5.580530857781115,miscanthus_sinensis_ssp_transmorrisonensis_6wks vs miscanthus_sinensis_15wks,FALSE
1070,-2.731877143700604,19.606351530482204,-1.123750232047123,0.2747562879635444,0.45674484927379333,-5.581892884522648,miscanthus_sinensis_ssp_transmorrisonensis_6wks vs miscanthus_sinensis_15wks,FALSE
1279,0.6743484015348749,23.510124707795292,1.12358446022303,0.27482493185261814,0.45674484927379333,-5.58206888980477,miscanthus_sinensis_ssp_transmorrisonensis_6wks vs miscanthus_sinensis_15wks,FALSE
13527,0.7366426751015993,16.821955709586582,1.1221570898527011,0.27541650921895444,0.4575375384111802,-5.583583436595096,miscanthus_sinensis_ssp_transmorrisonensis_6wks vs miscanthus_sinensis_15wks,FALSE
1082,2.055885394928211,22.27322397272579,1.1217602146182264,0.2755811615635931,0.45762063101575023,-5.584004252121077,miscanthus_sinensis_ssp_transmorrisonensis_6wks vs miscanthus_sinensis_15wks,FALSE
7759,1.1052909330770042,17.354721723479535,1.1209188566082162,0.2759304567472979,0.45801013860092027,-5.584895932398654,miscanthus_sinensis_ssp_transmorrisonensis_6wks vs miscanthus_sinensis_15wks,FALSE
4860,1.2942496845824465,21.03800660268761,1.1206202790932571,0.27605449136908916,0.4580255733771421,-5.585212227524257,miscanthus_sinensis_ssp_transmorrisonensis_6wks vs miscanthus_sinensis_15wks,FALSE
572,2.4771124658390455,18.66638736708906,1.119307702233686,0.27660024638140185,0.45874041693168105,-5.5866018193149865,miscanthus_sinensis_ssp_transmorrisonensis_6wks vs miscanthus_sinensis_15wks,FALSE
10486,0.9040408289425415,17.013785748491117,1.1187240198966715,0.2768431896548044,0.4589526632483303,-5.587219291712337,miscanthus_sinensis_ssp_transmorrisonensis_6wks vs miscanthus_sinensis_15wks,FALSE
7233,0.9683710924203623,18.53512969532544,1.1150833733610652,0.27836205785608037,0.46081518757643314,-5.591064341584342,miscanthus_sinensis_ssp_transmorrisonensis_6wks vs miscanthus_sinensis_15wks,FALSE
5450,1.0989255577006496,17.494295044084907,1.1150622611474035,0.27837088361657214,0.46081518757643314,-5.591086607162748,miscanthus_sinensis_ssp_transmorrisonensis_6wks vs miscanthus_sinensis_15wks,FALSE
15356,0.8744866115898731,17.212380409454216,1.1149626181802699,0.27841254118458975,0.46081518757643314,-5.591191688667414,miscanthus_sinensis_ssp_transmorrisonensis_6wks vs miscanthus_sinensis_15wks,FALSE
13864,0.9345415255720688,17.008879244085882,1.1149246517771467,0.2784284149384661,0.46081518757643314,-5.591231725124141,miscanthus_sinensis_ssp_transmorrisonensis_6wks vs miscanthus_sinensis_15wks,FALSE
10939,0.7010733040468189,19.427234890329498,1.1145779673030023,0.27857339444252827,0.4608640657333497,-5.591597256794119,miscanthus_sinensis_ssp_transmorrisonensis_6wks vs miscanthus_sinensis_15wks,FALSE
15154,0.7733793881111666,17.10461582017225,1.1140005552618102,0.27881498451843895,0.46107266702469274,-5.592205838491074,miscanthus_sinensis_ssp_transmorrisonensis_6wks vs miscanthus_sinensis_15wks,FALSE
382,1.5836531343931313,21.940632385363084,1.112721248146925,0.27935079591149586,0.4615861054057189,-5.593553221363036,miscanthus_sinensis_ssp_transmorrisonensis_6wks vs miscanthus_sinensis_15wks,FALSE
13169,0.810702242089576,17.002403495938438,1.1125651293879724,0.2794162346830638,0.4615861054057189,-5.593717554872337,miscanthus_sinensis_ssp_transmorrisonensis_6wks vs miscanthus_sinensis_15wks,FALSE
8360,1.0876919126924811,17.160293236744174,1.1121444581257987,0.27959261927144796,0.4615861054057189,-5.594160260771269,miscanthus_sinensis_ssp_transmorrisonensis_6wks vs miscanthus_sinensis_15wks,FALSE
2659,-1.8051020554671773,18.875353773179704,-1.1119404807219244,0.27967817497890657,0.4615861054057189,-5.594374869674501,miscanthus_sinensis_ssp_transmorrisonensis_6wks vs miscanthus_sinensis_15wks,FALSE
5568,1.0060733058868863,19.79621635415215,1.1118798619281238,0.27970360445301456,0.4615861054057189,-5.594438641334051,miscanthus_sinensis_ssp_transmorrisonensis_6wks vs miscanthus_sinensis_15wks,FALSE
808,-2.3428705656554776,21.97866770733139,-1.1114333205928184,0.27989097995187684,0.4617044594908646,-5.5949083140684,miscanthus_sinensis_ssp_transmorrisonensis_6wks vs miscanthus_sinensis_15wks,FALSE
17179,0.7745814554057695,16.843904825808767,1.1098745367145775,0.2805457901499188,0.4625934714078794,-5.596546549588724,miscanthus_sinensis_ssp_transmorrisonensis_6wks vs miscanthus_sinensis_15wks,FALSE
1612,2.188852984428493,21.54378592008802,1.1093769918575707,0.28075503361800397,0.46274735516229226,-5.597069030356174,miscanthus_sinensis_ssp_transmorrisonensis_6wks vs miscanthus_sinensis_15wks,FALSE
4111,1.4008650399740432,18.408677277662424,1.1084936433130599,0.28112680905970516,0.4631688905350157,-5.59799614469444,miscanthus_sinensis_ssp_transmorrisonensis_6wks vs miscanthus_sinensis_15wks,FALSE
15752,0.8448424980405953,17.413978645245013,1.1075302304513468,0.2815326918694866,0.4634120377304113,-5.599006552219629,miscanthus_sinensis_ssp_transmorrisonensis_6wks vs miscanthus_sinensis_15wks,FALSE
5477,0.9851748073236628,17.352961857146123,1.1072216502464118,0.28166278635364755,0.4634120377304113,-5.599330021929302,miscanthus_sinensis_ssp_transmorrisonensis_6wks vs miscanthus_sinensis_15wks,FALSE
1212,1.227344194846367,21.448045420860975,1.1072200618950252,0.281663456101257,0.4634120377304113,-5.599331686716848,miscanthus_sinensis_ssp_transmorrisonensis_6wks vs miscanthus_sinensis_15wks,FALSE
22451,0.668672844611006,17.038610290407615,1.107041559182472,0.2817387313556383,0.4634120377304113,-5.599518766167883,miscanthus_sinensis_ssp_transmorrisonensis_6wks vs miscanthus_sinensis_15wks,FALSE
18844,0.8275497094645381,17.000671034420925,1.1061675407765479,0.28210752058133637,0.463827521482988,-5.600434397834971,miscanthus_sinensis_ssp_transmorrisonensis_6wks vs miscanthus_sinensis_15wks,FALSE
2621,1.4983732216590795,17.538123765169857,1.1050168030979692,0.28259360876057515,0.46443544099309014,-5.601638956579929,miscanthus_sinensis_ssp_transmorrisonensis_6wks vs miscanthus_sinensis_15wks,FALSE
16037,0.8484866080143725,17.139138904704495,1.1040192506181736,0.2830154844318128,0.4646610106181795,-5.602682275602001,miscanthus_sinensis_ssp_transmorrisonensis_6wks vs miscanthus_sinensis_15wks,FALSE
6047,1.3704605716293088,19.855785879075135,1.1038708686613006,0.28307827605113767,0.4646610106181795,-5.602837394522004,miscanthus_sinensis_ssp_transmorrisonensis_6wks vs miscanthus_sinensis_15wks,FALSE
9303,-0.937441538943677,17.3854444574785,-1.10371726181857,0.2831432894357066,0.4646610106181795,-5.602997956281681,miscanthus_sinensis_ssp_transmorrisonensis_6wks vs miscanthus_sinensis_15wks,FALSE
2834,1.7964248825967921,18.71708027392333,1.1035916725558734,0.28319645261373516,0.4646610106181795,-5.60312921733097,miscanthus_sinensis_ssp_transmorrisonensis_6wks vs miscanthus_sinensis_15wks,FALSE
3307,1.1479269914264556,18.762983548334017,1.102645013751933,0.2835974172948308,0.4647532262708472,-5.604118206802421,miscanthus_sinensis_ssp_transmorrisonensis_6wks vs miscanthus_sinensis_15wks,FALSE
21254,0.6356521478804957,16.87408826323884,1.1026381455577252,0.2836003278857979,0.4647532262708472,-5.604125379392339,miscanthus_sinensis_ssp_transmorrisonensis_6wks vs miscanthus_sinensis_15wks,FALSE
17732,0.7078625385877721,17.25099069366066,1.102479481346421,0.28366757239188145,0.4647532262708472,-5.604291064624314,miscanthus_sinensis_ssp_transmorrisonensis_6wks vs miscanthus_sinensis_15wks,FALSE
265,0.8684536162403731,25.1179757398464,1.1022531055333709,0.2837635343438182,0.4647532262708472,-5.604527421523092,miscanthus_sinensis_ssp_transmorrisonensis_6wks vs miscanthus_sinensis_15wks,FALSE
19894,0.6751163090112158,16.696955505335918,1.1020851169800845,0.28383476093394927,0.4647532262708472,-5.604702789285194,miscanthus_sinensis_ssp_transmorrisonensis_6wks vs miscanthus_sinensis_15wks,FALSE
5324,1.262869348990126,17.120700170928018,1.1010934426701455,0.2842554935079491,0.46525130384736896,-5.605737546634602,miscanthus_sinensis_ssp_transmorrisonensis_6wks vs miscanthus_sinensis_15wks,FALSE
23890,0.6571203340251301,16.850735602551424,1.0990994487041912,0.28510285230707966,0.46644696164338606,-5.607815693239512,miscanthus_sinensis_ssp_transmorrisonensis_6wks vs miscanthus_sinensis_15wks,FALSE
1461,0.5250684745638097,24.103536053497486,1.0980141069988698,0.2855648477240794,0.4670114183181176,-5.608945449085308,miscanthus_sinensis_ssp_transmorrisonensis_6wks vs miscanthus_sinensis_15wks,FALSE
10521,1.191550121067067,17.321531125624887,1.0967102344606308,0.286120585987635,0.4677286565367072,-5.610301381592705,miscanthus_sinensis_ssp_transmorrisonensis_6wks vs miscanthus_sinensis_15wks,FALSE
3106,-1.6187593549589145,18.54855314956066,-1.0963435330975384,0.28627702378763104,0.46779282806394723,-5.610682469208484,miscanthus_sinensis_ssp_transmorrisonensis_6wks vs miscanthus_sinensis_15wks,FALSE
1688,1.4460848639760933,20.64798860995021,1.095245172617305,0.2867459660906325,0.4682619683004198,-5.611823249729344,miscanthus_sinensis_ssp_transmorrisonensis_6wks vs miscanthus_sinensis_15wks,FALSE
2325,1.241141384737798,21.719009726757832,1.0951216807992075,0.28679872557478114,0.4682619683004198,-5.611951448088565,miscanthus_sinensis_ssp_transmorrisonensis_6wks vs miscanthus_sinensis_15wks,FALSE
11221,0.7447592110552357,17.360224865681463,1.0918869873551136,0.28818320320919383,0.47033006836103913,-5.615304894593012,miscanthus_sinensis_ssp_transmorrisonensis_6wks vs miscanthus_sinensis_15wks,FALSE
3341,1.519282509913765,20.23428685903681,1.0904423378678485,0.2888030934930864,0.4711162469355631,-5.616799761016603,miscanthus_sinensis_ssp_transmorrisonensis_6wks vs miscanthus_sinensis_15wks,FALSE
11062,0.9233265656834817,17.083065368000533,1.0900535360026737,0.2889700913640582,0.4711162469355631,-5.617201780391573,miscanthus_sinensis_ssp_transmorrisonensis_6wks vs miscanthus_sinensis_15wks,FALSE
4930,1.0899038953104778,17.687301526031618,1.0897141248925302,0.2891159323033292,0.4711162469355631,-5.617552626774945,miscanthus_sinensis_ssp_transmorrisonensis_6wks vs miscanthus_sinensis_15wks,FALSE
18574,0.79714261876385,17.18410446595881,1.0893067111355643,0.28929106377821195,0.4711162469355631,-5.617973639890185,miscanthus_sinensis_ssp_transmorrisonensis_6wks vs miscanthus_sinensis_15wks,FALSE
6859,1.3523725691043929,19.7122401273812,1.0892562989405783,0.28931273939417007,0.4711162469355631,-5.618025725193816,miscanthus_sinensis_ssp_transmorrisonensis_6wks vs miscanthus_sinensis_15wks,FALSE
15346,0.8000461064217959,17.39474465721116,1.0888425128335415,0.28949069863537913,0.4711162469355631,-5.618453164064389,miscanthus_sinensis_ssp_transmorrisonensis_6wks vs miscanthus_sinensis_15wks,FALSE
3782,0.7649476394191304,21.260154308614588,1.0888417646698578,0.2894910204741824,0.4711162469355631,-5.618453936784024,miscanthus_sinensis_ssp_transmorrisonensis_6wks vs miscanthus_sinensis_15wks,FALSE
6355,0.8177153779706607,17.252537745879074,1.0883124839953875,0.2897187671263526,0.47129475076136895,-5.619000472153635,miscanthus_sinensis_ssp_transmorrisonensis_6wks vs miscanthus_sinensis_15wks,FALSE
920,1.6582986670577675,18.211853738939183,1.0866468137473264,0.29043634490970904,0.47226960850491184,-5.6207189164287845,miscanthus_sinensis_ssp_transmorrisonensis_6wks vs miscanthus_sinensis_15wks,FALSE
4994,1.015326893041994,17.371726465533197,1.086371225116321,0.290555193881639,0.47227049428969986,-5.6210030130840325,miscanthus_sinensis_ssp_transmorrisonensis_6wks vs miscanthus_sinensis_15wks,FALSE
8101,1.0232273801281444,17.610778215804338,1.0847276251536102,0.2912647372430045,0.47308548943049755,-5.622696035951989,miscanthus_sinensis_ssp_transmorrisonensis_6wks vs miscanthus_sinensis_15wks,FALSE
136,1.6013910253947756,23.54408804752299,1.084660780954536,0.2912936204960328,0.47308548943049755,-5.622764842344637,miscanthus_sinensis_ssp_transmorrisonensis_6wks vs miscanthus_sinensis_15wks,FALSE
4488,1.148168944796673,20.408599953124405,1.083544158020687,0.29177641824493467,0.473676885576974,-5.623913690720482,miscanthus_sinensis_ssp_transmorrisonensis_6wks vs miscanthus_sinensis_15wks,FALSE
10384,0.9286416448617061,17.447043921701244,1.0828902752112923,0.2920594086573871,0.47394356071556476,-5.624585960091212,miscanthus_sinensis_ssp_transmorrisonensis_6wks vs miscanthus_sinensis_15wks,FALSE
3536,1.050165050579995,20.251747489680454,1.0821289237143363,0.2923891603332113,0.4742858708046239,-5.625368269169349,miscanthus_sinensis_ssp_transmorrisonensis_6wks vs miscanthus_sinensis_15wks,FALSE
4653,1.2220209328472542,20.460753987343804,1.0812183311232764,0.29278390433014184,0.4747332843565907,-5.626303290200584,miscanthus_sinensis_ssp_transmorrisonensis_6wks vs miscanthus_sinensis_15wks,FALSE
4477,-1.1866168593771178,18.295209475203627,-1.0799063184519149,0.29335334302954325,0.47546347761832586,-5.627649279161649,miscanthus_sinensis_ssp_transmorrisonensis_6wks vs miscanthus_sinensis_15wks,FALSE
16774,0.8130343274048606,17.344489479556394,1.0793405640787888,0.2935991384140328,0.4756687339889687,-5.628229239511559,miscanthus_sinensis_ssp_transmorrisonensis_6wks vs miscanthus_sinensis_15wks,FALSE
9136,0.6360333684710255,17.233853117872577,1.0789506296591966,0.29376863446583124,0.4757502591430419,-5.62862880897474,miscanthus_sinensis_ssp_transmorrisonensis_6wks vs miscanthus_sinensis_15wks,FALSE
5503,0.6693856751682681,17.236145331455024,1.077998137552828,0.2941829597039183,0.4761406158592899,-5.629604300757392,miscanthus_sinensis_ssp_transmorrisonensis_6wks vs miscanthus_sinensis_15wks,FALSE
2315,-1.426491920177849,17.795118316197843,-1.0777220214770769,0.2943031465876185,0.4761406158592899,-5.62988694197791,miscanthus_sinensis_ssp_transmorrisonensis_6wks vs miscanthus_sinensis_15wks,FALSE
4806,1.2367151959131952,17.91010715891658,1.0774568296423277,0.29441861181631546,0.4761406158592899,-5.630158340619816,miscanthus_sinensis_ssp_transmorrisonensis_6wks vs miscanthus_sinensis_15wks,FALSE
1745,1.1730620996052323,17.35454689921954,1.0772393696260856,0.2945133189154946,0.4761406158592899,-5.630380846278831,miscanthus_sinensis_ssp_transmorrisonensis_6wks vs miscanthus_sinensis_15wks,FALSE
16399,0.7392528094794919,16.724093270012425,1.0770265132600296,0.29460604237786725,0.4761406158592899,-5.63059860306716,miscanthus_sinensis_ssp_transmorrisonensis_6wks vs miscanthus_sinensis_15wks,FALSE
2529,1.0713608249203759,20.92686289219417,1.0764916692905573,0.2948391216232848,0.47632447329832167,-5.631145592634807,miscanthus_sinensis_ssp_transmorrisonensis_6wks vs miscanthus_sinensis_15wks,FALSE
24019,0.5979875006041624,16.69114783391327,1.0752018841001292,0.2954017440882605,0.4770403569580647,-5.632463680088063,miscanthus_sinensis_ssp_transmorrisonensis_6wks vs miscanthus_sinensis_15wks,FALSE
22500,0.6434905031708098,16.559621895710364,1.0741888874864705,0.29584417075036,0.47756163753960257,-5.633497926586946,miscanthus_sinensis_ssp_transmorrisonensis_6wks vs miscanthus_sinensis_15wks,FALSE
1331,-1.7687952435599001,19.128841442778704,-1.073267223821782,0.29624712309242796,0.47795894635368935,-5.634438175839698,miscanthus_sinensis_ssp_transmorrisonensis_6wks vs miscanthus_sinensis_15wks,FALSE
4145,1.5568678863465308,21.743013448898353,1.0730783276661267,0.2963297575714883,0.47795894635368935,-5.634630793067921,miscanthus_sinensis_ssp_transmorrisonensis_6wks vs miscanthus_sinensis_15wks,FALSE
3765,1.3797928943116844,20.741050163050392,1.0723558976014176,0.29664594511825826,0.4782756918061741,-5.635367177863333,miscanthus_sinensis_ssp_transmorrisonensis_6wks vs miscanthus_sinensis_15wks,FALSE
2792,1.2668796743616113,20.012897655245467,1.0712966856699855,0.2971099725425925,0.4786500232178646,-5.636446057352613,miscanthus_sinensis_ssp_transmorrisonensis_6wks vs miscanthus_sinensis_15wks,FALSE
2705,1.3453584953361393,17.3463246326794,1.0712785428637752,0.297117925233935,0.4786500232178646,-5.63646452882545,miscanthus_sinensis_ssp_transmorrisonensis_6wks vs miscanthus_sinensis_15wks,FALSE
15920,0.6550828024735509,17.067539769866976,1.070436933406511,0.29748700378953524,0.4790024894338009,-5.637321080465259,miscanthus_sinensis_ssp_transmorrisonensis_6wks vs miscanthus_sinensis_15wks,FALSE
1322,-2.054069566785863,18.787967610810433,-1.0702325201063623,0.2975766968426419,0.4790024894338009,-5.637529033128152,miscanthus_sinensis_ssp_transmorrisonensis_6wks vs miscanthus_sinensis_15wks,FALSE
21473,0.62819988666255,16.724419518209462,1.0698379872389687,0.2977498662041741,0.479088055577212,-5.6379302979135835,miscanthus_sinensis_ssp_transmorrisonensis_6wks vs miscanthus_sinensis_15wks,FALSE
2825,1.7520065628910189,18.763966465687087,1.0686134601073185,0.2982878010975271,0.479760234480793,-5.639174885739811,miscanthus_sinensis_ssp_transmorrisonensis_6wks vs miscanthus_sinensis_15wks,FALSE
3283,1.5692174175237952,19.744263455782807,1.0676993850323429,0.2986898103454817,0.47992084535705576,-5.64010311356164,miscanthus_sinensis_ssp_transmorrisonensis_6wks vs miscanthus_sinensis_15wks,FALSE
4560,0.7655466277090213,16.848465987561468,1.0674567679963256,0.29879657853110914,0.47992084535705576,-5.64034936903371,miscanthus_sinensis_ssp_transmorrisonensis_6wks vs miscanthus_sinensis_15wks,FALSE
16895,0.6672568439461024,17.098072747810367,1.0672993426502284,0.2988658712064935,0.47992084535705576,-5.640509128735911,miscanthus_sinensis_ssp_transmorrisonensis_6wks vs miscanthus_sinensis_15wks,FALSE
2452,0.7684394528084297,22.11908458350511,1.0672932743490195,0.29886854247435884,0.47992084535705576,-5.640515286602558,miscanthus_sinensis_ssp_transmorrisonensis_6wks vs miscanthus_sinensis_15wks,FALSE
1900,1.95596606810426,20.23097506940758,1.0664069024183134,0.2992589082264817,0.48035446788906916,-5.641414408172925,miscanthus_sinensis_ssp_transmorrisonensis_6wks vs miscanthus_sinensis_15wks,FALSE
8968,1.1913772744377233,17.52834982030439,1.0659550329507543,0.2994580565113566,0.4804809331162924,-5.641872522901509,miscanthus_sinensis_ssp_transmorrisonensis_6wks vs miscanthus_sinensis_15wks,FALSE
13613,0.7722805165142574,17.016166863762226,1.065471249809016,0.29967137546647976,0.4806300244524657,-5.642362801865176,miscanthus_sinensis_ssp_transmorrisonensis_6wks vs miscanthus_sinensis_15wks,FALSE
739,2.1085200279156453,19.572608579649277,1.0649399489389417,0.29990577274121594,0.4808127890694514,-5.642901009555561,miscanthus_sinensis_ssp_transmorrisonensis_6wks vs miscanthus_sinensis_15wks,FALSE
10867,1.114408896195279,17.396484754514272,1.06327789689333,0.3006398815865946,0.4816116246915068,-5.644583132944572,miscanthus_sinensis_ssp_transmorrisonensis_6wks vs miscanthus_sinensis_15wks,FALSE
5037,1.2179805771153482,18.081965001612087,1.0632655659318684,0.30064533284850575,0.4816116246915068,-5.644595604121535,miscanthus_sinensis_ssp_transmorrisonensis_6wks vs miscanthus_sinensis_15wks,FALSE
14135,0.9914136478127915,18.405141809037374,1.0626028083963044,0.30093842868251036,0.48170795248938936,-5.645265709382635,miscanthus_sinensis_ssp_transmorrisonensis_6wks vs miscanthus_sinensis_15wks,FALSE
4950,0.9747751685143555,19.404159246954986,1.0625838812439075,0.30094680198109647,0.48170795248938936,-5.645284840936563,miscanthus_sinensis_ssp_transmorrisonensis_6wks vs miscanthus_sinensis_15wks,FALSE
13250,1.0026960584280644,17.01636272877679,1.0617753225385653,0.301304661493095,0.482087458388952,-5.646101849627039,miscanthus_sinensis_ssp_transmorrisonensis_6wks vs miscanthus_sinensis_15wks,FALSE
13776,0.8902062466153495,17.132610220165336,1.0598936413114686,0.3021386563476049,0.483228171530304,-5.648001061831877,miscanthus_sinensis_ssp_transmorrisonensis_6wks vs miscanthus_sinensis_15wks,FALSE
776,1.8445919253938072,23.057998203438792,1.0592334449995375,0.30243165935110006,0.4832773423640814,-5.64866670131296,miscanthus_sinensis_ssp_transmorrisonensis_6wks vs miscanthus_sinensis_15wks,FALSE
258,2.0239356358017027,18.75122135999336,1.059191003583306,0.302450502328313,0.4832773423640814,-5.648709480070243,miscanthus_sinensis_ssp_transmorrisonensis_6wks vs miscanthus_sinensis_15wks,FALSE
1743,-0.8942790393372988,17.241061130396165,-1.0587745218599969,0.30263545496398364,0.4832773423640814,-5.649129191521666,miscanthus_sinensis_ssp_transmorrisonensis_6wks vs miscanthus_sinensis_15wks,FALSE
9315,0.7191570226759154,16.941925094277142,1.0587335680090557,0.30265364627009106,0.4832773423640814,-5.649170455057559,miscanthus_sinensis_ssp_transmorrisonensis_6wks vs miscanthus_sinensis_15wks,FALSE
12978,0.7684029595408575,17.593265080791614,1.0581319040977948,0.30292098997108513,0.48350658384332473,-5.649776505494648,miscanthus_sinensis_ssp_transmorrisonensis_6wks vs miscanthus_sinensis_15wks,FALSE
1884,1.569208063492713,20.47082146082084,1.057865435008095,0.303039447088176,0.48350658384332473,-5.650044819702232,miscanthus_sinensis_ssp_transmorrisonensis_6wks vs miscanthus_sinensis_15wks,FALSE
8047,1.2214849588283947,17.620945277270646,1.05734059444081,0.3032728586864085,0.4835811127488992,-5.6505731191539725,miscanthus_sinensis_ssp_transmorrisonensis_6wks vs miscanthus_sinensis_15wks,FALSE
1238,1.7379791944628806,18.534488927064515,1.057215673793118,0.3033284334477063,0.4835811127488992,-5.65069882881234,miscanthus_sinensis_ssp_transmorrisonensis_6wks vs miscanthus_sinensis_15wks,FALSE
3847,1.2412273618139231,18.26033505682257,1.0567912836672637,0.3035172908573811,0.4836890319771119,-5.651125801016232,miscanthus_sinensis_ssp_transmorrisonensis_6wks vs miscanthus_sinensis_15wks,FALSE
5152,-1.3975067147700209,19.142696581765712,-1.0555237760597909,0.30408184464620597,0.4841479322342994,-5.652400114942685,miscanthus_sinensis_ssp_transmorrisonensis_6wks vs miscanthus_sinensis_15wks,FALSE
2757,-1.57659470620467,18.452236771976814,-1.0552507525331483,0.3042035489773016,0.4841479322342994,-5.652674426935341,miscanthus_sinensis_ssp_transmorrisonensis_6wks vs miscanthus_sinensis_15wks,FALSE
6768,1.3176070274341498,17.38614856597523,1.0551029891967572,0.3042694312455177,0.4841479322342994,-5.652822861340289,miscanthus_sinensis_ssp_transmorrisonensis_6wks vs miscanthus_sinensis_15wks,FALSE
1146,1.2427439604566395,17.845397485415006,1.055056028961354,0.3042903712364372,0.4841479322342994,-5.652870030983309,miscanthus_sinensis_ssp_transmorrisonensis_6wks vs miscanthus_sinensis_15wks,FALSE
5806,0.8616714615607428,16.851717055313674,1.0538080813671813,0.3048472203620091,0.4847870699382443,-5.654122860760737,miscanthus_sinensis_ssp_transmorrisonensis_6wks vs miscanthus_sinensis_15wks,FALSE
11267,0.7612064316419023,17.145368076058638,1.0536116135288385,0.3049349530598525,0.4847870699382443,-5.6543199773004185,miscanthus_sinensis_ssp_transmorrisonensis_6wks vs miscanthus_sinensis_15wks,FALSE
7776,0.6541475940301567,17.314222416327222,1.0531543848926035,0.3051391984167174,0.4849186624520445,-5.654778589298208,miscanthus_sinensis_ssp_transmorrisonensis_6wks vs miscanthus_sinensis_15wks,FALSE
17040,0.6607915891330052,17.247474223445575,1.0513613583517851,0.30594109292777355,0.48522236086957193,-5.656575334952038,miscanthus_sinensis_ssp_transmorrisonensis_6wks vs miscanthus_sinensis_15wks,FALSE
3447,0.9257290617143141,20.922140959064315,1.0512258189607477,0.30600177134398754,0.48522236086957193,-5.6567110449418605,miscanthus_sinensis_ssp_transmorrisonensis_6wks vs miscanthus_sinensis_15wks,FALSE
2287,0.7611642311031055,17.204080666443684,1.0512164423205888,0.30600596940618363,0.48522236086957193,-5.656720432809335,miscanthus_sinensis_ssp_transmorrisonensis_6wks vs miscanthus_sinensis_15wks,FALSE
15910,-0.6425973522233299,16.985446220210235,-1.0511100314177657,0.3060536140453529,0.48522236086957193,-5.656826965913945,miscanthus_sinensis_ssp_transmorrisonensis_6wks vs miscanthus_sinensis_15wks,FALSE
17301,0.6277649655765991,16.829994959246424,1.051067441309061,0.3060726849150661,0.48522236086957193,-5.656869602248676,miscanthus_sinensis_ssp_transmorrisonensis_6wks vs miscanthus_sinensis_15wks,FALSE
2340,0.9841438816399659,21.51506710601279,1.051019192963321,0.30609429043915243,0.48522236086957193,-5.656917901107814,miscanthus_sinensis_ssp_transmorrisonensis_6wks vs miscanthus_sinensis_15wks,FALSE
463,2.592607307790459,18.893426876174647,1.0508252605109798,0.30618114404570435,0.48522236086957193,-5.657112016729564,miscanthus_sinensis_ssp_transmorrisonensis_6wks vs miscanthus_sinensis_15wks,FALSE
21329,0.5410115059939393,17.2287582233144,1.0503663111402048,0.3063867569476391,0.4853555292599108,-5.657571272818375,miscanthus_sinensis_ssp_transmorrisonensis_6wks vs miscanthus_sinensis_15wks,FALSE
6504,1.258523196286795,19.66323744691738,1.0497555191256775,0.3066605495412082,0.4855965544500211,-5.6581821965781804,miscanthus_sinensis_ssp_transmorrisonensis_6wks vs miscanthus_sinensis_15wks,FALSE
3150,0.6952351062736746,21.00739868116389,1.049357544389027,0.3068390390404132,0.48568653602273176,-5.658580087268849,miscanthus_sinensis_ssp_transmorrisonensis_6wks vs miscanthus_sinensis_15wks,FALSE
4468,0.9631486206181599,17.447388463189736,1.0482028082283579,0.3073573518628019,0.4861715470356079,-5.659733820653212,miscanthus_sinensis_ssp_transmorrisonensis_6wks vs miscanthus_sinensis_15wks,FALSE
1463,-1.5757506546240556,18.871621855432732,-1.0478310504343902,0.3075243513393956,0.4861715470356079,-5.6601050153595045,miscanthus_sinensis_ssp_transmorrisonensis_6wks vs miscanthus_sinensis_15wks,FALSE
2583,-2.00725140321898,19.09303379031199,-1.0475680377987893,0.30764253988521095,0.4861715470356079,-5.66036755892422,miscanthus_sinensis_ssp_transmorrisonensis_6wks vs miscanthus_sinensis_15wks,FALSE
7393,0.7550583934730675,16.89714858693822,1.047358199416826,0.3077368570549305,0.4861715470356079,-5.6605769810498945,miscanthus_sinensis_ssp_transmorrisonensis_6wks vs miscanthus_sinensis_15wks,FALSE
3689,-1.5805111547903579,18.65790698501019,-1.0473192111141645,0.30775438360695917,0.4861715470356079,-5.660615887902871,miscanthus_sinensis_ssp_transmorrisonensis_6wks vs miscanthus_sinensis_15wks,FALSE
8881,0.9349737430283085,17.312273608340877,1.0463831656260494,0.30817538135709144,0.4866440357505969,-5.6615495913391705,miscanthus_sinensis_ssp_transmorrisonensis_6wks vs miscanthus_sinensis_15wks,FALSE
2467,-1.6582370162477496,18.20729288885204,-1.0456977525057762,0.3084839146126461,0.4867721284423365,-5.66223281868359,miscanthus_sinensis_ssp_transmorrisonensis_6wks vs miscanthus_sinensis_15wks,FALSE
1671,-1.416150061639108,21.142922752622507,-1.0456612058467702,0.30850037198374536,0.4867721284423365,-5.662269237615684,miscanthus_sinensis_ssp_transmorrisonensis_6wks vs miscanthus_sinensis_15wks,FALSE
1720,1.1751946153363804,22.349537582810786,1.044585654792842,0.3089849850620636,0.4873441566051987,-5.663340522805554,miscanthus_sinensis_ssp_transmorrisonensis_6wks vs miscanthus_sinensis_15wks,FALSE
4072,-1.4583680610180565,19.146024600729607,-1.043210133623871,0.30960554660671696,0.4881300719012694,-5.6647091591128325,miscanthus_sinensis_ssp_transmorrisonensis_6wks vs miscanthus_sinensis_15wks,FALSE
4413,1.094181411184099,18.4400532047175,1.0406723665554705,0.31075278008528306,0.4897453999606988,-5.667230011669542,miscanthus_sinensis_ssp_transmorrisonensis_6wks vs miscanthus_sinensis_15wks,FALSE
19586,-0.6372799539842156,16.711979313105658,-1.0402894941523138,0.31092612525547725,0.4897633444069553,-5.66760985765529,miscanthus_sinensis_ssp_transmorrisonensis_6wks vs miscanthus_sinensis_15wks,FALSE
15619,-0.6315643945212095,16.979519405839554,-1.0401053108571348,0.3110095385950981,0.4897633444069553,-5.667792540736601,miscanthus_sinensis_ssp_transmorrisonensis_6wks vs miscanthus_sinensis_15wks,FALSE
22790,0.560358437623627,16.91553159203798,1.0367612661616832,0.3125267655366958,0.4919278590643374,-5.671104336794295,miscanthus_sinensis_ssp_transmorrisonensis_6wks vs miscanthus_sinensis_15wks,FALSE
1272,1.7014099702308485,21.921086908942435,1.0363749103628088,0.3127023973463152,0.4919278590643374,-5.671486354388105,miscanthus_sinensis_ssp_transmorrisonensis_6wks vs miscanthus_sinensis_15wks,FALSE
14427,0.636834246926469,17.158008868153846,1.0359110209372098,0.3129133674258631,0.4919278590643374,-5.671944867367813,miscanthus_sinensis_ssp_transmorrisonensis_6wks vs miscanthus_sinensis_15wks,FALSE
4769,-1.4733528661902788,18.56365531213685,-1.0356808802569593,0.313018069517531,0.4919278590643374,-5.67217227283291,miscanthus_sinensis_ssp_transmorrisonensis_6wks vs miscanthus_sinensis_15wks,FALSE
18690,0.64039516329852475,16.643494341746713,1.0354718379310615,0.3131131945058179,0.4919278590643374,-5.672378791664499,miscanthus_sinensis_ssp_transmorrisonensis_6wks vs miscanthus_sinensis_15wks,FALSE
1206,1.3748294823627134,20.518391681988668,1.03544937105417,0.3131234193092388,0.4919278590643374,-5.672400985116742,miscanthus_sinensis_ssp_transmorrisonensis_6wks vs miscanthus_sinensis_15wks,FALSE
6830,0.5860217411481763,16.835591634745708,1.0335471540719297,0.31398998879105466,0.4930952144979898,-5.674278494883006,miscanthus_sinensis_ssp_transmorrisonensis_6wks vs miscanthus_sinensis_15wks,FALSE
1769,1.6312115083412664,18.624671003785714,1.0325875048976658,0.3144278093156175,0.4934793302656902,-5.675224511179466,miscanthus_sinensis_ssp_transmorrisonensis_6wks vs miscanthus_sinensis_15wks,FALSE
1128,1.3370853802228666,17.682472751323893,1.0322452105092077,0.3145840788886849,0.4934793302656902,-5.675561753248538,miscanthus_sinensis_ssp_transmorrisonensis_6wks vs miscanthus_sinensis_15wks,FALSE
22299,-0.5979364480567675,16.447192337069254,-1.032198441784115,0.31460543475104746,0.4934793302656902,-5.675607823915253,miscanthus_sinensis_ssp_transmorrisonensis_6wks vs miscanthus_sinensis_15wks,FALSE
2513,1.4371361219700773,20.081300018328513,1.031853038384589,0.3147631870895129,0.49353285265566993,-5.675948014251236,miscanthus_sinensis_ssp_transmorrisonensis_6wks vs miscanthus_sinensis_15wks,FALSE
23540,0.6771651987665379,16.957547065087397,1.029917151711439,0.31564838118835103,0.4946727175666117,-5.677852802898261,miscanthus_sinensis_ssp_transmorrisonensis_6wks vs miscanthus_sinensis_15wks,FALSE
1786,1.3764732575003897,21.140261306626794,1.0297213795316549,0.31573799708409983,0.4946727175666117,-5.678045252472397,miscanthus_sinensis_ssp_transmorrisonensis_6wks vs miscanthus_sinensis_15wks,FALSE
13898,0.8169033567284849,17.329236405694896,1.0285474404618673,0.3162757526819332,0.49532083354502837,-5.679198582646621,miscanthus_sinensis_ssp_transmorrisonensis_6wks vs miscanthus_sinensis_15wks,FALSE
6207,-1.6260589957494176,18.519848306343512,-1.0280439071104372,0.31650660874137904,0.4954879929786608,-5.679692916374187,miscanthus_sinensis_ssp_transmorrisonensis_6wks vs miscanthus_sinensis_15wks,FALSE
806,1.7216002833206154,20.066680695267074,1.0277543932094495,0.3166393967976499,0.49550155704281396,-5.679977042959329,miscanthus_sinensis_ssp_transmorrisonensis_6wks vs miscanthus_sinensis_15wks,FALSE
6520,0.816586864893452,17.146518222540784,1.026620896341856,0.3171596641475112,0.4958970481638352,-5.6810887599456255,miscanthus_sinensis_ssp_transmorrisonensis_6wks vs miscanthus_sinensis_15wks,FALSE
12599,0.5610296420007934,16.48919404914138,1.0263051617151258,0.31730469177494214,0.4958970481638352,-5.681398232704817,miscanthus_sinensis_ssp_transmorrisonensis_6wks vs miscanthus_sinensis_15wks,FALSE
18820,0.6676813341516343,17.038636483695687,1.0261956390128577,0.3173550102197697,0.4958970481638352,-5.681505563414978,miscanthus_sinensis_ssp_transmorrisonensis_6wks vs miscanthus_sinensis_15wks,FALSE
2382,1.3408531829255566,21.215075407489124,1.0261216258978212,0.31738901754974924,0.4958970481638352,-5.68157808943507,miscanthus_sinensis_ssp_transmorrisonensis_6wks vs miscanthus_sinensis_15wks,FALSE
8549,-1.030483330022232,18.8868361855492,-1.0254106232310134,0.3177158382271354,0.4962134687804086,-5.682274568352077,miscanthus_sinensis_ssp_transmorrisonensis_6wks vs miscanthus_sinensis_15wks,FALSE
22411,-0.5713865247432004,16.906179286229403,-1.0248320421850872,0.31798196522373834,0.4964348866535641,-5.6828410123602024,miscanthus_sinensis_ssp_transmorrisonensis_6wks vs miscanthus_sinensis_15wks,FALSE
6135,0.8364917255043522,16.835040338588595,1.023233310649418,0.3187181443904917,0.4970883475011134,-5.684404721548951,miscanthus_sinensis_ssp_transmorrisonensis_6wks vs miscanthus_sinensis_15wks,FALSE
15077,0.6535863842698006,17.09988785458005,1.023201718345233,0.318732704036576,0.4970883475011134,-5.684435599798194,miscanthus_sinensis_ssp_transmorrisonensis_6wks vs miscanthus_sinensis_15wks,FALSE
8520,0.8380917568801465,17.584953943511856,1.0230594899172984,0.3187982573211503,0.4970883475011134,-5.684574602999764,miscanthus_sinensis_ssp_transmorrisonensis_6wks vs miscanthus_sinensis_15wks,FALSE
5903,1.2644250317249117,19.04645242882043,1.0228417948685418,0.3188986117110099,0.4970883475011134,-5.684787328061848,miscanthus_sinensis_ssp_transmorrisonensis_6wks vs miscanthus_sinensis_15wks,FALSE
2961,0.9517606051698877,21.387033975063183,1.0220661286807888,0.319256364307937,0.49745175890604393,-5.685544956774273,miscanthus_sinensis_ssp_transmorrisonensis_6wks vs miscanthus_sinensis_15wks,FALSE
266,1.9865534965710268,19.1229699494658,1.0215748457624316,0.31948310015627807,0.4974941825016317,-5.686024549514951,miscanthus_sinensis_ssp_transmorrisonensis_6wks vs miscanthus_sinensis_15wks,FALSE
15355,-0.5567938221351341,16.857717160973927,-1.0214671114387834,0.3195328366568596,0.4974941825016317,-5.6861296927155855,miscanthus_sinensis_ssp_transmorrisonensis_6wks vs miscanthus_sinensis_15wks,FALSE
13399,0.6426382772376442,16.985125934259422,1.0209121013308766,0.31978914851968115,0.4976991348501236,-5.686671197131301,miscanthus_sinensis_ssp_transmorrisonensis_6wks vs miscanthus_sinensis_15wks,FALSE
19045,0.6240532960554539,17.3323550527888,1.0204166060666413,0.3200180980363829,0.4978613590651756,-5.6871544125764135,miscanthus_sinensis_ssp_transmorrisonensis_6wks vs miscanthus_sinensis_15wks,FALSE
16601,0.6405252838393025,16.591953663780714,1.0197020550241103,0.32034846837823316,0.4980763669339632,-5.687850885508674,miscanthus_sinensis_ssp_transmorrisonensis_6wks vs miscanthus_sinensis_15wks,FALSE
8158,-0.8504761311241396,17.22675322946795,-1.0195529806204249,0.3204174227422585,0.4980763669339632,-5.687996133317524,miscanthus_sinensis_ssp_transmorrisonensis_6wks vs miscanthus_sinensis_15wks,FALSE
12428,0.8347902781756495,16.982095370490068,1.019181322713633,0.3205893786546033,0.4980763669339632,-5.688358168409748,miscanthus_sinensis_ssp_transmorrisonensis_6wks vs miscanthus_sinensis_15wks,FALSE
2401,-1.2004119680873941,17.48878586633376,-1.0190387151795215,0.3206553765080875,0.4980763669339632,-5.688497052260445,miscanthus_sinensis_ssp_transmorrisonensis_6wks vs miscanthus_sinensis_15wks,FALSE
6595,1.273570832321841,18.567132196171944,1.0173709960954003,0.3214278969024406,0.4989823374677492,-5.6901199340658,miscanthus_sinensis_ssp_transmorrisonensis_6wks vs miscanthus_sinensis_15wks,FALSE
11852,-0.8886687942389138,17.719881037444615,-1.0166206442948023,0.32177590181450905,0.4989823374677492,-5.690849336425057,miscanthus_sinensis_ssp_transmorrisonensis_6wks vs miscanthus_sinensis_15wks,FALSE
5095,0.8749554640737536,20.740542868394318,1.0160551394864024,0.32203835192991054,0.4989823374677492,-5.691398734295557,miscanthus_sinensis_ssp_transmorrisonensis_6wks vs miscanthus_sinensis_15wks,FALSE
17821,0.6496231202313751,17.087109909142313,1.0159493611516246,0.32208746025028223,0.4989823374677492,-5.691501469427758,miscanthus_sinensis_ssp_transmorrisonensis_6wks vs miscanthus_sinensis_15wks,FALSE
4353,1.3563459407123766,18.139210206604293,1.0158198944361931,0.3221475732362112,0.4989823374677492,-5.691627198402735,miscanthus_sinensis_ssp_transmorrisonensis_6wks vs miscanthus_sinensis_15wks,FALSE
11580,0.6793059709081675,16.950220308838066,1.015769277884443,0.3221710772692221,0.4989823374677492,-5.691676349739944,miscanthus_sinensis_ssp_transmorrisonensis_6wks vs miscanthus_sinensis_15wks,FALSE
6767,1.3143211652581215,18.758884568288046,1.0157126928321623,0.32219735423184714,0.4989823374677492,-5.691731294209706,miscanthus_sinensis_ssp_transmorrisonensis_6wks vs miscanthus_sinensis_15wks,FALSE
2162,1.6022037374375486,20.919849193753848,1.0156238939613258,0.32223859368533503,0.4989823374677492,-5.691817512991374,miscanthus_sinensis_ssp_transmorrisonensis_6wks vs miscanthus_sinensis_15wks,FALSE
23157,0.5724648489421078,16.795103204538492,1.0149825373442152,0.32253655906086376,0.4991564798654468,-5.692440034306185,miscanthus_sinensis_ssp_transmorrisonensis_6wks vs miscanthus_sinensis_15wks,FALSE
1265,1.2853644669549311,17.411466598555144,1.0148436025282772,0.32260113177676675,0.4991564798654468,-5.692574842497389,miscanthus_sinensis_ssp_transmorrisonensis_6wks vs miscanthus_sinensis_15wks,FALSE
3215,1.4429706387797587,19.952625374526534,1.0142460038784367,0.32287898128266435,0.4993928296320791,-5.693154502931371,miscanthus_sinensis_ssp_transmorrisonensis_6wks vs miscanthus_sinensis_15wks,FALSE
925,1.7072621736476457,17.68713596369153,1.01312973146482,0.32339843529944134,0.4999440100301697,-5.694236448895151,miscanthus_sinensis_ssp_transmorrisonensis_6wks vs miscanthus_sinensis_15wks,FALSE
3846,0.9532167924208146,20.357977904544256,1.0127012904742538,0.3235979649205396,0.4999440100301697,-5.694651431488812,miscanthus_sinensis_ssp_transmorrisonensis_6wks vs miscanthus_sinensis_15wks,FALSE
6423,1.0249244134811057,19.150661051918405,1.0126731944092366,0.32361105258465894,0.4999440100301697,-5.694678639492502,miscanthus_sinensis_ssp_transmorrisonensis_6wks vs miscanthus_sinensis_15wks,FALSE
731,-1.3760395767776679,18.8680849461289,-1.011616549818426,0.32410352709949775,0.5004276160918101,-5.695701394609566,miscanthus_sinensis_ssp_transmorrisonensis_6wks vs miscanthus_sinensis_15wks,FALSE
137,1.4303785140096394,22.894617359052212,1.0114637140691383,0.32417480341017557,0.5004276160918101,-5.695849249299874,miscanthus_sinensis_ssp_transmorrisonensis_6wks vs miscanthus_sinensis_15wks,FALSE
8957,1.0352393403628604,18.395574406806556,1.0110405208333995,0.32437222077328276,0.5005388114908947,-5.696258545813038,miscanthus_sinensis_ssp_transmorrisonensis_6wks vs miscanthus_sinensis_15wks,FALSE
2393,-1.5725418312364,21.09855887116041,-1.0106889221864046,0.32453630383252297,0.5005985026659319,-5.696598481995774,miscanthus_sinensis_ssp_transmorrisonensis_6wks vs miscanthus_sinensis_15wks,FALSE
11435,0.6787592824216944,16.884381951176607,1.0094098535955605,0.32513370740919134,0.501326288133446,-5.6978342300366895,miscanthus_sinensis_ssp_transmorrisonensis_6wks vs miscanthus_sinensis_15wks,FALSE
6329,0.7836690054025759,17.101706512473395,1.0086106198304083,0.32550739009732155,0.5017086877484586,-5.698605682481485,miscanthus_sinensis_ssp_transmorrisonensis_6wks vs miscanthus_sinensis_15wks,FALSE
8012,-0.9753589621519261,17.681684455177294,-1.0072519012270909,0.3261433516346329,0.5024948898978984,-5.69991591445999,miscanthus_sinensis_ssp_transmorrisonensis_6wks vs miscanthus_sinensis_15wks,FALSE
5264,1.1372496244344497,21.144968153189012,1.0061349987656256,0.32666678052967835,0.5030218891816294,-5.700991773223053,miscanthus_sinensis_ssp_transmorrisonensis_6wks vs miscanthus_sinensis_15wks,FALSE
7043,1.2898867253936217,17.402324665443285,1.005984374723606,0.32673741449097315,0.5030218891816294,-5.701136780221482,miscanthus_sinensis_ssp_transmorrisonensis_6wks vs miscanthus_sinensis_15wks,FALSE
8234,-0.7456452691703248,16.825543557748396,-1.0026651848036172,0.3282966380128075,0.5051818662034008,-5.7043272460414185,miscanthus_sinensis_ssp_transmorrisonensis_6wks vs miscanthus_sinensis_15wks,FALSE
9158,0.8616234262969442,17.519191991023927,1.0024593061816232,0.32839352274494615,0.5051818662034008,-5.704524828564203,miscanthus_sinensis_ssp_transmorrisonensis_6wks vs miscanthus_sinensis_15wks,FALSE
5382,0.8349258723103894,17.047572370039862,1.0015893915528884,0.3288031179033588,0.5055956274844655,-5.705359286846695,miscanthus_sinensis_ssp_transmorrisonensis_6wks vs miscanthus_sinensis_15wks,FALSE
17081,0.6476501047693013,16.856354331347045,1.0010925371097452,0.3290372196198009,0.5055956274844655,-5.7058355983835805,miscanthus_sinensis_ssp_transmorrisonensis_6wks vs miscanthus_sinensis_15wks,FALSE
3871,1.401500147189278,19.763061981032013,1.0008263132667394,0.3291627035869549,0.5055956274844655,-5.706090727616979,miscanthus_sinensis_ssp_transmorrisonensis_6wks vs miscanthus_sinensis_15wks,FALSE
9062,0.8925238212254314,17.559444446688897,1.0007632676319878,0.329192424891659,0.5055956274844655,-5.70615113696306,miscanthus_sinensis_ssp_transmorrisonensis_6wks vs miscanthus_sinensis_15wks,FALSE
16310,0.6845010932162268,16.995977714352854,1.0005441239121609,0.3292957493636298,0.5055956274844655,-5.706361090474691,miscanthus_sinensis_ssp_transmorrisonensis_6wks vs miscanthus_sinensis_15wks,FALSE
3866,0.9337366846979194,20.905637734893038,0.999680339405588,0.3297032373531228,0.505859429944205,-5.707188248272529,miscanthus_sinensis_ssp_transmorrisonensis_6wks vs miscanthus_sinensis_15wks,FALSE
725,0.4130430601305406,24.67617062050723,0.999642700981164,0.3297210011810675,0.505859429944205,-5.707224276137795,miscanthus_sinensis_ssp_transmorrisonensis_6wks vs miscanthus_sinensis_15wks,FALSE
3579,0.9029640076095689,20.22285756614732,0.9990506221572684,0.3300005266161694,0.5060937772768914,-5.707790859355502,miscanthus_sinensis_ssp_transmorrisonensis_6wks vs miscanthus_sinensis_15wks,FALSE
826,-2.247520352944097,19.45736064909033,-0.998325911751284,0.3303428936851258,0.5064242824850316,-5.708483952330927,miscanthus_sinensis_ssp_transmorrisonensis_6wks vs miscanthus_sinensis_15wks,FALSE
4215,0.7413802127947626,17.601641946799994,0.9976746560696869,0.3306507707609949,0.5067016801834517,-5.709106409639579,miscanthus_sinensis_ssp_transmorrisonensis_6wks vs miscanthus_sinensis_15wks,FALSE
1878,1.4178097943228813,20.771468855688113,0.9970753697998365,0.33093425645053776,0.5069415010554669,-5.709678873057673,miscanthus_sinensis_ssp_transmorrisonensis_6wks vs miscanthus_sinensis_15wks,FALSE
22900,0.5452005964718474,16.95003609642282,0.9965862197046772,0.33116576907996964,0.5071015535739313,-5.71014590058592,miscanthus_sinensis_ssp_transmorrisonensis_6wks vs miscanthus_sinensis_15wks,FALSE
8981,0.8201438982418132,17.63155794170635,0.9956204182490561,0.33162321033838515,0.5076073066222522,-5.71106741714799,miscanthus_sinensis_ssp_transmorrisonensis_6wks vs miscanthus_sinensis_15wks,FALSE
500,-1.521756216047109,19.784870367688903,-0.995312211039604,0.33176928196433264,0.5076214803209474,-5.711361323034068,miscanthus_sinensis_ssp_transmorrisonensis_6wks vs miscanthus_sinensis_15wks,FALSE
15343,0.8660636852286956,17.191994714464585,0.9950643419540234,0.331886789488395,0.5076214803209474,-5.711597631217086,miscanthus_sinensis_ssp_transmorrisonensis_6wks vs miscanthus_sinensis_15wks,FALSE
3063,1.467477652931791,18.706673666884797,0.9930294174963838,0.3328525843740413,0.5089036831946276,-5.713535643060825,miscanthus_sinensis_ssp_transmorrisonensis_6wks vs miscanthus_sinensis_15wks,FALSE
14426,0.8431512532741614,16.890807870522423,0.9927347100654392,0.3329926174331772,0.5089228670724516,-5.71381601927133,miscanthus_sinensis_ssp_transmorrisonensis_6wks vs miscanthus_sinensis_15wks,FALSE
20612,0.6392668611698902,17.060170575883713,0.9919070021568305,0.3333861300812111,0.5093292886659758,-5.714603076371053,miscanthus_sinensis_ssp_transmorrisonensis_6wks vs miscanthus_sinensis_15wks,FALSE
232,-2.4055875665737645,20.23120582437512,-0.9908182803100104,0.33390422771526795,0.5098340697010103,-5.71563742868743,miscanthus_sinensis_ssp_transmorrisonensis_6wks vs miscanthus_sinensis_15wks,FALSE
2835,1.2530063972660948,19.46639300416733,0.9904358480829716,0.33408635122437524,0.5098340697010103,-5.7160005200274195,miscanthus_sinensis_ssp_transmorrisonensis_6wks vs miscanthus_sinensis_15wks,FALSE
7885,0.6977417553000542,17.0927041893746,0.9904078633474537,0.33409968094635345,0.5098340697010103,-5.716027084526075,miscanthus_sinensis_ssp_transmorrisonensis_6wks vs miscanthus_sinensis_15wks,FALSE
15609,0.6981866773503107,16.993026714102047,0.9888651384782654,0.3348350855932697,0.5107610476455225,-5.7174904699792926,miscanthus_sinensis_ssp_transmorrisonensis_6wks vs miscanthus_sinensis_15wks,FALSE
13369,0.5028086253487274,16.562934290889462,0.98567909390131,0.33635740529455993,0.5128872276302074,-5.720506158736058,miscanthus_sinensis_ssp_transmorrisonensis_6wks vs miscanthus_sinensis_15wks,FALSE
12870,0.7305667913582994,17.25903814916656,0.9848982738653351,0.3367312193807186,0.5132611789873344,-5.721243890979827,miscanthus_sinensis_ssp_transmorrisonensis_6wks vs miscanthus_sinensis_15wks,FALSE
6362,1.1871681296803622,17.530503939374743,0.9841716646216994,0.33707933899906395,0.5135956951466654,-5.7219299306131335,miscanthus_sinensis_ssp_transmorrisonensis_6wks vs miscanthus_sinensis_15wks,FALSE
1486,0.7604231442865057,22.132261406408432,0.983757586379028,0.3372778360958869,0.5137020685596263,-5.7223206849976025,miscanthus_sinensis_ssp_transmorrisonensis_6wks vs miscanthus_sinensis_15wks,FALSE
9525,1.0921102222704313,17.899119299424427,0.9818533814671196,0.3381916994742431,0.5148975073612427,-5.724115722800116,miscanthus_sinensis_ssp_transmorrisonensis_6wks vs miscanthus_sinensis_15wks,FALSE
24060,-0.6179486338436355,16.72611330230192,-0.9812839020658225,0.3384653360229819,0.5151176597040579,-5.724651944987726,miscanthus_sinensis_ssp_transmorrisonensis_6wks vs miscanthus_sinensis_15wks,FALSE
719,0.44922157294214315,25.87518118171522,0.9804139799166336,0.3388836320308979,0.5155442771170816,-5.725470522537956,miscanthus_sinensis_ssp_transmorrisonensis_6wks vs miscanthus_sinensis_15wks,FALSE
16806,0.7088792743734267,17.064957879501957,0.9801639159054809,0.33900393973755993,0.5155442771170816,-5.72570570606707,miscanthus_sinensis_ssp_transmorrisonensis_6wks vs miscanthus_sinensis_15wks,FALSE
3503,0.458981484394112,21.500979157226258,0.978254130597478,0.3399237266251257,0.5166323256137016,-5.727500060942852,miscanthus_sinensis_ssp_transmorrisonensis_6wks vs miscanthus_sinensis_15wks,FALSE
3024,1.5759090424869022,18.229343520084274,0.9781410624447916,0.33997823631943747,0.5166323256137016,-5.727606196054172,miscanthus_sinensis_ssp_transmorrisonensis_6wks vs miscanthus_sinensis_15wks,FALSE
14440,0.7644342704953004,16.798944097416243,0.9777345095973354,0.3401742837030042,0.5167335390191753,-5.727987728666801,miscanthus_sinensis_ssp_transmorrisonensis_6wks vs miscanthus_sinensis_15wks,FALSE
2955,0.603790028991888,21.46390679966585,0.9764362385045827,0.34080085730100407,0.5173657794401391,-5.7292051423741075,miscanthus_sinensis_ssp_transmorrisonensis_6wks vs miscanthus_sinensis_15wks,FALSE
9452,1.1627001273786775,17.615761620263182,0.9760883066990937,0.340968912034607,0.5173657794401391,-5.729531156562158,miscanthus_sinensis_ssp_transmorrisonensis_6wks vs miscanthus_sinensis_15wks,FALSE
17548,0.733956389882799,16.92722535358267,0.9760668038253167,0.3409793000268051,0.5173657794401391,-5.729551301441687,miscanthus_sinensis_ssp_transmorrisonensis_6wks vs miscanthus_sinensis_15wks,FALSE
18809,0.6127915718781196,16.95784383773337,0.9752375427566358,0.341380080994214,0.5177770833316498,-5.730327885551809,miscanthus_sinensis_ssp_transmorrisonensis_6wks vs miscanthus_sinensis_15wks,FALSE
6391,0.6312740762020468,17.243952617127555,0.9749356124169426,0.3415260843110335,0.5178017958866865,-5.730610488413021,miscanthus_sinensis_ssp_transmorrisonensis_6wks vs miscanthus_sinensis_15wks,FALSE
7965,0.8929297820792002,17.306149490249027,0.971763890237053,0.3430624259042788,0.5199336386521948,-5.733574401813801,miscanthus_sinensis_ssp_transmorrisonensis_6wks vs miscanthus_sinensis_15wks,FALSE
12335,-0.5671761777483155,17.65473796489081,-0.9713475298872835,0.34326445861815025,0.5200423980279528,-5.733962834521604,miscanthus_sinensis_ssp_transmorrisonensis_6wks vs miscanthus_sinensis_15wks,FALSE
1353,-1.6886959352454056,18.919459314785552,-0.9706114808390646,0.34362181604651565,0.5203863010841011,-5.734649144493781,miscanthus_sinensis_ssp_transmorrisonensis_6wks vs miscanthus_sinensis_15wks,FALSE
563,2.4291600526964245,21.62307560664354,0.9693577100515584,0.3442311210272436,0.5211113519684325,-5.7358171078376365,miscanthus_sinensis_ssp_transmorrisonensis_6wks vs miscanthus_sinensis_15wks,FALSE
9169,0.870021306793582,17.306117192830467,0.9684620624431034,0.3446668410955638,0.5215336616478604,-5.736650621874427,miscanthus_sinensis_ssp_transmorrisonensis_6wks vs miscanthus_sinensis_15wks,FALSE
1471,1.4560169151710376,17.652118920186865,0.9682299267865697,0.34477983374050225,0.5215336616478604,-5.736866539931012,miscanthus_sinensis_ssp_transmorrisonensis_6wks vs miscanthus_sinensis_15wks,FALSE
6319,1.0804054846499405,18.570158726685555,0.9679789608615266,0.34490202072904597,0.5215336616478604,-5.7370999200603485,miscanthus_sinensis_ssp_transmorrisonensis_6wks vs miscanthus_sinensis_15wks,FALSE
5766,1.4775543569868859,18.75327029677145,0.9653129282315632,0.34620186206251813,0.5231475571606157,-5.739575758140073,miscanthus_sinensis_ssp_transmorrisonensis_6wks vs miscanthus_sinensis_15wks,FALSE
4077,1.0719597330742126,20.263707838302743,0.9648349091382291,0.3464352786424576,0.5231475571606157,-5.7400190221262495,miscanthus_sinensis_ssp_transmorrisonensis_6wks vs miscanthus_sinensis_15wks,FALSE
3569,1.4118627308357645,19.556650129594328,0.9646460355925227,0.34652753531659486,0.5231475571606157,-5.7401941085645385,miscanthus_sinensis_ssp_transmorrisonensis_6wks vs miscanthus_sinensis_15wks,FALSE
1519,1.771498470229531,21.3247928394905,0.9645870266620069,0.3465563621213318,0.5231475571606157,-5.740248803689183,miscanthus_sinensis_ssp_transmorrisonensis_6wks vs miscanthus_sinensis_15wks,FALSE
912,1.2484506227159784,18.548983362850905,0.9644474147708937,0.3466245713150873,0.5231475571606157,-5.740378197293706,miscanthus_sinensis_ssp_transmorrisonensis_6wks vs miscanthus_sinensis_15wks,FALSE
10462,1.1820986849941129,17.98820989035035,0.9626957665952826,0.34748114488934145,0.5242421505662325,-5.742000200275449,miscanthus_sinensis_ssp_transmorrisonensis_6wks vs miscanthus_sinensis_15wks,FALSE
487,0.5212636575786114,24.243208442909683,0.9618135168873191,0.34791312326491863,0.5246532437798439,-5.742816140806168,miscanthus_sinensis_ssp_transmorrisonensis_6wks vs miscanthus_sinensis_15wks,FALSE
956,2.0319718246512366,20.973702581648542,0.9616025372508891,0.3480164803429425,0.5246532437798439,-5.7430111630052165,miscanthus_sinensis_ssp_transmorrisonensis_6wks vs miscanthus_sinensis_15wks,FALSE
5263,-0.6329462317291288,20.40250687370956,-0.9611969097830725,0.34821525282546706,0.5247547335897563,-5.743386001988755,miscanthus_sinensis_ssp_transmorrisonensis_6wks vs miscanthus_sinensis_15wks,FALSE
7022,0.9905850438046429,17.84660020722226,0.9609138967240962,0.3483539857860378,0.5247657023614577,-5.743647448569856,miscanthus_sinensis_ssp_transmorrisonensis_6wks vs miscanthus_sinensis_15wks,FALSE
7512,1.0634373157157064,17.145446241253335,0.9566074132307916,0.3504696965225116,0.5274957853048009,-5.747617156622465,miscanthus_sinensis_ssp_transmorrisonensis_6wks vs miscanthus_sinensis_15wks,FALSE
345,1.3128873193730897,22.887029561526433,0.9562873110881256,0.3506273080745872,0.5274957853048009,-5.747911580826235,miscanthus_sinensis_ssp_transmorrisonensis_6wks vs miscanthus_sinensis_15wks,FALSE
6592,1.2737546303192993,17.785759150450662,0.9560566188923234,0.350740926096504,0.5274957853048009,-5.748123711971821,miscanthus_sinensis_ssp_transmorrisonensis_6wks vs miscanthus_sinensis_15wks,FALSE
14111,0.6988228963317198,17.088819856677766,0.955912995489072,0.3508116746513351,0.5274957853048009,-5.748255756273523,miscanthus_sinensis_ssp_transmorrisonensis_6wks vs miscanthus_sinensis_15wks,FALSE
494,1.8560261268573797,20.83877355617368,0.9558819244448623,0.3508269814589795,0.5274957853048009,-5.7482843199639975,miscanthus_sinensis_ssp_transmorrisonensis_6wks vs miscanthus_sinensis_15wks,FALSE
2257,1.5857414686677807,19.069084765745107,0.9551338236963686,0.35119566287855064,0.5278513125795083,-5.748971796726649,miscanthus_sinensis_ssp_transmorrisonensis_6wks vs miscanthus_sinensis_15wks,FALSE
2808,1.281549385405139,22.436573100024113,0.9542186948825389,0.351647019503169,0.5283307873002073,-5.749812102263858,miscanthus_sinensis_ssp_transmorrisonensis_6wks vs miscanthus_sinensis_15wks,FALSE
14058,0.7510062755546301,17.56753459140562,0.9535048749141444,0.3519993622265727,0.5286611941341152,-5.750467051250802,miscanthus_sinensis_ssp_transmorrisonensis_6wks vs miscanthus_sinensis_15wks,FALSE
19291,0.6106772027465723,16.867974088141118,0.9529952759749393,0.3522510485278989,0.5288402353228178,-5.750934349935761,miscanthus_sinensis_ssp_transmorrisonensis_6wks vs miscanthus_sinensis_15wks,FALSE
673,0.5208598641940938,24.442470328885584,0.95184460546313,0.35281980600008,0.529339187477654,-5.751988673042988,miscanthus_sinensis_ssp_transmorrisonensis_6wks vs miscanthus_sinensis_15wks,FALSE
12060,0.8056012027180088,17.447441649891363,0.9517864019939226,0.3528485916528149,0.529339187477654,-5.752041972334195,miscanthus_sinensis_ssp_transmorrisonensis_6wks vs miscanthus_sinensis_15wks,FALSE
1642,-0.863756116747016,21.107409029865813,-0.951468265395752,0.35300596057777023,0.5293763315651611,-5.752333250726721,miscanthus_sinensis_ssp_transmorrisonensis_6wks vs miscanthus_sinensis_15wks,FALSE
15408,0.7267938452172693,16.968393732048007,0.9508190402283314,0.35332725372950324,0.5296451563242375,-5.752927391824575,miscanthus_sinensis_ssp_transmorrisonensis_6wks vs miscanthus_sinensis_15wks,FALSE
5883,0.997288040233812,17.202828638519115,0.9503570711517064,0.3535559976402174,0.5296451563242375,-5.753349940575025,miscanthus_sinensis_ssp_transmorrisonensis_6wks vs miscanthus_sinensis_15wks,FALSE
2255,1.6259098142424868,18.26681143801231,0.9503020422779954,0.35358325190483286,0.5296451563242375,-5.753400261350046,miscanthus_sinensis_ssp_transmorrisonensis_6wks vs miscanthus_sinensis_15wks,FALSE
3807,0.9380599161304914,17.34671737411698,0.9499655228414761,0.35374995174117974,0.5296961017819916,-5.753707931684364,miscanthus_sinensis_ssp_transmorrisonensis_6wks vs miscanthus_sinensis_15wks,FALSE
5027,0.7070681938708212,17.400368382506127,0.9492406759426094,0.3541091971882091,0.5300038441988258,-5.754370302934162,miscanthus_sinensis_ssp_transmorrisonensis_6wks vs miscanthus_sinensis_15wks,FALSE
210,-1.454387219148206,17.457387369657482,-0.9490151821750048,0.3542210060928025,0.5300038441988258,-5.754576267434197,miscanthus_sinensis_ssp_transmorrisonensis_6wks vs miscanthus_sinensis_15wks,FALSE
6512,0.9463737860978156,20.08967565974685,0.9460834819253329,0.35567684987747383,0.5316973435157358,-5.757250017637133,miscanthus_sinensis_ssp_transmorrisonensis_6wks vs miscanthus_sinensis_15wks,FALSE
1256,-1.5511826821386663,19.792152510774798,-0.9460019428987292,0.3557173991797259,0.5316973435157358,-5.757324274916246,miscanthus_sinensis_ssp_transmorrisonensis_6wks vs miscanthus_sinensis_15wks,FALSE
17241,0.7384374312533879,16.872838762433734,0.9459315542312542,0.3557524059445216,0.5316973435157358,-5.757388372929371,miscanthus_sinensis_ssp_transmorrisonensis_6wks vs miscanthus_sinensis_15wks,FALSE
23514,-0.6447178375139053,16.991204440039894,-0.9453092692794949,0.3560619920963869,0.5319608804074762,-5.75795485559034,miscanthus_sinensis_ssp_transmorrisonensis_6wks vs miscanthus_sinensis_15wks,FALSE
11061,0.8924627346998548,19.025942083983782,0.9445027911895032,0.3564634865963987,0.5323614809176295,-5.758688510180043,miscanthus_sinensis_ssp_transmorrisonensis_6wks vs miscanthus_sinensis_15wks,FALSE
5036,0.5916677000990944,16.917263452745022,0.9434540571308802,0.3569860450603308,0.532942517532102,-5.759641694209286,miscanthus_sinensis_ssp_transmorrisonensis_6wks vs miscanthus_sinensis_15wks,FALSE
6435,0.8972446644713479,19.91406794579152,0.9421768191463415,0.3576231638280837,0.5336940822436299,-5.760801262988691,miscanthus_sinensis_ssp_transmorrisonensis_6wks vs miscanthus_sinensis_15wks,FALSE
2552,1.342877582779579,17.92037791682755,0.9412498555289744,0.35808603991284216,0.5341379742545782,-5.761641932904135,miscanthus_sinensis_ssp_transmorrisonensis_6wks vs miscanthus_sinensis_15wks,FALSE
6393,-1.0234295564003837,18.937660308061528,-0.9410453460944987,0.358188215701279,0.5341379742545782,-5.761827302638176,miscanthus_sinensis_ssp_transmorrisonensis_6wks vs miscanthus_sinensis_15wks,FALSE
10055,0.8292840780928543,17.085352135773554,0.9398536664590327,0.35878398895704333,0.5345563973182554,-5.762906726178802,miscanthus_sinensis_ssp_transmorrisonensis_6wks vs miscanthus_sinensis_15wks,FALSE
5532,0.9634377895902659,21.063670718097804,0.9389122836342989,0.35925510251574155,0.5345563973182554,-5.763758551101484,miscanthus_sinensis_ssp_transmorrisonensis_6wks vs miscanthus_sinensis_15wks,FALSE
10787,0.8506580035396638,17.239964197240244,0.9388868237209872,0.35926784970885417,0.5345563973182554,-5.763781578114151,miscanthus_sinensis_ssp_transmorrisonensis_6wks vs miscanthus_sinensis_15wks,FALSE
19368,0.553028850412538,16.976064701656906,0.9388515127178857,0.3592855296233902,0.5345563973182554,-5.763813513924867,miscanthus_sinensis_ssp_transmorrisonensis_6wks vs miscanthus_sinensis_15wks,FALSE
3489,1.2873211341614272,17.67223071258308,0.9387691255080669,0.3593267824807902,0.5345563973182554,-5.763888021926515,miscanthus_sinensis_ssp_transmorrisonensis_6wks vs miscanthus_sinensis_15wks,FALSE
9256,0.8032223381873997,16.69948854568259,0.9387226508459655,0.3593500546519969,0.5345563973182554,-5.763930049299078,miscanthus_sinensis_ssp_transmorrisonensis_6wks vs miscanthus_sinensis_15wks,FALSE
174,0.7069815928517151,24.501166448680983,0.9382481310024513,0.35958772874671885,0.5345563973182554,-5.764359052665624,miscanthus_sinensis_ssp_transmorrisonensis_6wks vs miscanthus_sinensis_15wks,FALSE
6928,1.0259398961012494,19.789853182073543,0.9381762613282947,0.3596237355968075,0.5345563973182554,-5.7644240113077165,miscanthus_sinensis_ssp_transmorrisonensis_6wks vs miscanthus_sinensis_15wks,FALSE
2582,-1.3399216833353655,21.207356463473012,-0.9380431787053313,0.35969041670436286,0.5345563973182554,-5.764544284667716,miscanthus_sinensis_ssp_transmorrisonensis_6wks vs miscanthus_sinensis_15wks,FALSE
10004,1.16755040710186,18.968712500238606,0.9378087939533188,0.35980787564983774,0.5345563973182554,-5.764756072025103,miscanthus_sinensis_ssp_transmorrisonensis_6wks vs miscanthus_sinensis_15wks,FALSE
688,-1.35061248603464,17.16040433493653,-0.936785878949023,0.3603208005640487,0.5351192841710128,-5.765679802358078,miscanthus_sinensis_ssp_transmorrisonensis_6wks vs miscanthus_sinensis_15wks,FALSE
13812,0.6730515811810456,17.17136900864063,0.9361495012434858,0.3606401519426854,0.5353943795296393,-5.7662540120842305,miscanthus_sinensis_ssp_transmorrisonensis_6wks vs miscanthus_sinensis_15wks,FALSE
3760,1.1912871202496298,17.866192898318758,0.9352131106902296,0.3611104059372974,0.5357434347392501,-5.767098280323793,miscanthus_sinensis_ssp_transmorrisonensis_6wks vs miscanthus_sinensis_15wks,FALSE
1754,1.1611579028653765,18.282803334446474,0.935146879014549,0.3611436830870045,0.5357434347392501,-5.76715796698091,miscanthus_sinensis_ssp_transmorrisonensis_6wks vs miscanthus_sinensis_15wks,FALSE
23008,0.5006187633622794,16.83329342269165,0.9343206230828024,0.3615589977667214,0.5361602968368321,-5.7679022486879195,miscanthus_sinensis_ssp_transmorrisonensis_6wks vs miscanthus_sinensis_15wks,FALSE
7784,0.7137746570498287,17.399225668073278,0.9331581635104739,0.3621438504832327,0.5364259163948908,-5.768948364158609,miscanthus_sinensis_ssp_transmorrisonensis_6wks vs miscanthus_sinensis_15wks,FALSE
4805,1.1142659320195314,17.21018121681873,0.933050553725753,0.36219802305742466,0.5364259163948908,-5.769045143887439,miscanthus_sinensis_ssp_transmorrisonensis_6wks vs miscanthus_sinensis_15wks,FALSE
5763,1.2097333465515874,18.025627280357266,0.9329692046393193,0.3622389791879824,0.5364259163948908,-5.769118299096934,miscanthus_sinensis_ssp_transmorrisonensis_6wks vs miscanthus_sinensis_15wks,FALSE
9194,0.8457161096188415,17.072312272729803,0.9326793313865196,0.36238494463558446,0.5364259163948908,-5.76937892765842,miscanthus_sinensis_ssp_transmorrisonensis_6wks vs miscanthus_sinensis_15wks,FALSE
7685,-0.8910545467527697,18.381113873378638,-0.9322869718815994,0.3625825802224044,0.5364259163948908,-5.769731585325218,miscanthus_sinensis_ssp_transmorrisonensis_6wks vs miscanthus_sinensis_15wks,FALSE
15095,0.47191816512599516,17.153635881045332,0.9321923083305337,0.36263027413995974,0.5364259163948908,-5.769816649873895,miscanthus_sinensis_ssp_transmorrisonensis_6wks vs miscanthus_sinensis_15wks,FALSE
5080,-0.9941704639148305,18.164104900331335,-0.9320961121464874,0.36267874457660576,0.5364259163948908,-5.769903083582393,miscanthus_sinensis_ssp_transmorrisonensis_6wks vs miscanthus_sinensis_15wks,FALSE
6825,1.0418859681374926,17.3421493576522,0.9316682143456729,0.3628944027357375,0.5365460947115052,-5.770287457666266,miscanthus_sinensis_ssp_transmorrisonensis_6wks vs miscanthus_sinensis_15wks,FALSE
3894,1.0413235061017403,17.691002770485678,0.929271555581699,0.36410390558429706,0.5381350577906382,-5.7724373660989325,miscanthus_sinensis_ssp_transmorrisonensis_6wks vs miscanthus_sinensis_15wks,FALSE
3774,1.0900829624412403,20.95498745775656,0.9284140469977246,0.36453731712844994,0.5384965770911228,-5.7732053628233455,miscanthus_sinensis_ssp_transmorrisonensis_6wks vs miscanthus_sinensis_15wks,FALSE
934,1.679227287079442,20.76004608618081,0.9281307754045329,0.36468056777793967,0.5384965770911228,-5.773458922785605,miscanthus_sinensis_ssp_transmorrisonensis_6wks vs miscanthus_sinensis_15wks,FALSE
6173,1.1369190210418623,17.271159309572525,0.9279277859604873,0.3647832430113592,0.5384965770911228,-5.773640577791911,miscanthus_sinensis_ssp_transmorrisonensis_6wks vs miscanthus_sinensis_15wks,FALSE
12140,-0.4910150903537023,16.800985455011684,-0.9277205497181443,0.3648880864307332,0.5384965770911228,-5.773825995874472,miscanthus_sinensis_ssp_transmorrisonensis_6wks vs miscanthus_sinensis_15wks,FALSE
1429,-1.0062412240209042,18.023273066380476,-0.9262620770944552,0.3656265201139247,0.5393869431983693,-5.7751298498522,miscanthus_sinensis_ssp_transmorrisonensis_6wks vs miscanthus_sinensis_15wks,FALSE
2175,1.209305738371615,17.808788719971187,0.9232903417048043,0.3671342387241998,0.5414111122966404,-5.777780747226715,miscanthus_sinensis_ssp_transmorrisonensis_6wks vs miscanthus_sinensis_15wks,FALSE
3913,-1.2947959356621261,19.093580458875778,-0.921132419764203,0.3682316817905048,0.5428289784740381,-5.779700819855122,miscanthus_sinensis_ssp_transmorrisonensis_6wks vs miscanthus_sinensis_15wks,FALSE
22391,0.5439400274918356,16.739538167507998,0.9184447474151863,0.3696016134260739,0.5446473387954548,-5.782086515245642,miscanthus_sinensis_ssp_transmorrisonensis_6wks vs miscanthus_sinensis_15wks,FALSE
17598,-0.5779834659113448,16.906351673083556,-0.9181489665320864,0.3697525841112914,0.5446687512074817,-5.782348674298721,miscanthus_sinensis_ssp_transmorrisonensis_6wks vs miscanthus_sinensis_15wks,FALSE
6885,0.5716130228265683,16.91321710676119,0.917824912379601,0.3699180333019184,0.5447114677024192,-5.782635804191846,miscanthus_sinensis_ssp_transmorrisonensis_6wks vs miscanthus_sinensis_15wks,FALSE
413,2.316088548512081,19.892455229539202,0.9154271848176521,0.37114375891433304,0.5461963326541821,-5.784757444912376,miscanthus_sinensis_ssp_transmorrisonensis_6wks vs miscanthus_sinensis_15wks,FALSE
6077,0.8938178110751949,17.10812042380082,0.9153171723810479,0.3712000627481954,0.5461963326541821,-5.784854668227616,miscanthus_sinensis_ssp_transmorrisonensis_6wks vs miscanthus_sinensis_15wks,FALSE
1912,1.6070550399046937,17.896219263720884,0.9145075996993564,0.3716145739087964,0.5466047822564167,-5.785569798234712,miscanthus_sinensis_ssp_transmorrisonensis_6wks vs miscanthus_sinensis_15wks,FALSE
18201,0.5207726910476964,16.803969332642165,0.9138519457171321,0.3719505036132347,0.5467196137790805,-5.786148541260202,miscanthus_sinensis_ssp_transmorrisonensis_6wks vs miscanthus_sinensis_15wks,FALSE
5604,0.7199216756015474,17.833583087616137,0.9134984945298116,0.37213168143549014,0.5467196137790805,-5.7864603736827,miscanthus_sinensis_ssp_transmorrisonensis_6wks vs miscanthus_sinensis_15wks,FALSE
300,1.368113956568692,24.77708510906011,0.9133472745735781,0.37220921426373277,0.5467196137790805,-5.7865937538415935,miscanthus_sinensis_ssp_transmorrisonensis_6wks vs miscanthus_sinensis_15wks,FALSE
2510,1.4573920411523673,17.6750198654998,0.9132863418354558,0.3722404584798449,0.5467196137790805,-5.786647492483911,miscanthus_sinensis_ssp_transmorrisonensis_6wks vs miscanthus_sinensis_15wks,FALSE
6440,1.2765890567202547,17.572838917735744,0.9112167437193316,0.3733027181793631,0.5480781357013672,-5.788470793676917,miscanthus_sinensis_ssp_transmorrisonensis_6wks vs miscanthus_sinensis_15wks,FALSE
5225,1.0500222899687408,20.303544327718704,0.9102240695208438,0.37381294416146194,0.5486254680487338,-5.789343989631341,miscanthus_sinensis_ssp_transmorrisonensis_6wks vs miscanthus_sinensis_15wks,FALSE
23391,-0.4935741069904367,16.6943249407517,-0.9098410484856242,0.3740099380296189,0.5487027997316994,-5.789680677403051,miscanthus_sinensis_ssp_transmorrisonensis_6wks vs miscanthus_sinensis_15wks,FALSE
8789,0.9223435973612517,17.14310606446923,0.9095871965884325,0.37414053629000144,0.5487027997316994,-5.7899037499023525,miscanthus_sinensis_ssp_transmorrisonensis_6wks vs miscanthus_sinensis_15wks,FALSE
15456,0.6045201386053947,17.108542466486277,0.9090348275388819,0.37442481667450433,0.5489180566157258,-5.790388947661814,miscanthus_sinensis_ssp_transmorrisonensis_6wks vs miscanthus_sinensis_15wks,FALSE
23223,0.5514843567140844,16.663076743360484,0.9084963534439026,0.3747020845398553,0.5489960678519811,-5.7908616804859125,miscanthus_sinensis_ssp_transmorrisonensis_6wks vs miscanthus_sinensis_15wks,FALSE
4620,0.9399836173129295,18.193445041948753,0.9083362585425219,0.3747845460405044,0.5489960678519811,-5.791002180257683,miscanthus_sinensis_ssp_transmorrisonensis_6wks vs miscanthus_sinensis_15wks,FALSE
21317,0.5878713437249381,16.59530203780828,0.9081303917659859,0.3748906014440131,0.5489960678519811,-5.7911828162513554,miscanthus_sinensis_ssp_transmorrisonensis_6wks vs miscanthus_sinensis_15wks,FALSE
17,2.047621516461554,25.7716687085718,0.9073664083348,0.3752843539668085,0.5493711554952326,-5.791852839117606,miscanthus_sinensis_ssp_transmorrisonensis_6wks vs miscanthus_sinensis_15wks,FALSE
1994,1.7482308771605126,18.31342134408636,0.9060733449810927,0.37595141870290405,0.5495013046714688,-5.792985695005939,miscanthus_sinensis_ssp_transmorrisonensis_6wks vs miscanthus_sinensis_15wks,FALSE
23882,0.4980431785842043,17.065100248980958,0.9060257968075729,0.37597596286408985,0.5495013046714688,-5.793027323872085,miscanthus_sinensis_ssp_transmorrisonensis_6wks vs miscanthus_sinensis_15wks,FALSE
11165,0.8583042855293463,17.427185720479084,0.9060159478187282,0.37598104700282464,0.5495013046714688,-5.793035946502868,miscanthus_sinensis_ssp_transmorrisonensis_6wks vs miscanthus_sinensis_15wks,FALSE
3849,-1.5027162454415013,18.26096043629975,-0.9059273919625278,0.37602676240702615,0.5495013046714688,-5.793113471869742,miscanthus_sinensis_ssp_transmorrisonensis_6wks vs miscanthus_sinensis_15wks,FALSE
8961,0.6463413354505576,17.053736156672482,0.9058600788005686,0.3760615141188509,0.5495013046714688,-5.793172395882894,miscanthus_sinensis_ssp_transmorrisonensis_6wks vs miscanthus_sinensis_15wks,FALSE
3182,0.8775544009225662,21.043219663532472,0.9046502225024523,0.3766864901576319,0.5502131242990365,-5.794230785580903,miscanthus_sinensis_ssp_transmorrisonensis_6wks vs miscanthus_sinensis_15wks,FALSE
12486,0.728875573439197,17.190443513971413,0.9042301554342758,0.3769036459041295,0.5503289518834253,-5.7945979597654595,miscanthus_sinensis_ssp_transmorrisonensis_6wks vs miscanthus_sinensis_15wks,FALSE
5822,-0.8814502279014746,17.844005851700185,-0.90366981149765635,0.3771934480468465,0.5505507292881212,-5.795087504592507,miscanthus_sinensis_ssp_transmorrisonensis_6wks vs miscanthus_sinensis_15wks,FALSE
8140,-0.5915282905162833,16.78640042722842,-0.9027937665154286,0.37764682318682574,0.5510110081000761,-5.795852304637437,miscanthus_sinensis_ssp_transmorrisonensis_6wks vs miscanthus_sinensis_15wks,FALSE
2394,1.4763940761804868,17.860491225801493,0.9022137939576443,0.37794717260673016,0.5512477577808063,-5.796358255141825,miscanthus_sinensis_ssp_transmorrisonensis_6wks vs miscanthus_sinensis_15wks,FALSE
26,-1.2287266210108392,22.65900592921798,-0.9019089078094497,0.37810512710600075,0.5512767229390632,-5.79662410908621,miscanthus_sinensis_ssp_transmorrisonensis_6wks vs miscanthus_sinensis_15wks,FALSE
21421,0.5435698186497433,16.764066252360625,0.8997338739545041,0.3792332339386696,0.5523645841467322,-5.798518300267159,miscanthus_sinensis_ssp_transmorrisonensis_6wks vs miscanthus_sinensis_15wks,FALSE
1418,1.5410514620957763,21.886134970652595,0.8997299089140334,0.37923529249043364,0.5523645841467322,-5.7985217495082715,miscanthus_sinensis_ssp_transmorrisonensis_6wks vs miscanthus_sinensis_15wks,FALSE
7157,0.8105799830959732,17.239014647617672,0.8996700628206812,0.37926636401457736,0.5523645841467322,-5.798573808722993,miscanthus_sinensis_ssp_transmorrisonensis_6wks vs miscanthus_sinensis_15wks,FALSE
1403,0.5029268497685138,23.244497156918758,0.8993987744851041,0.37940723552343947,0.552368229106335,-5.798809758534379,miscanthus_sinensis_ssp_transmorrisonensis_6wks vs miscanthus_sinensis_15wks,FALSE
6782,0.5437968215473745,16.91446213160351,0.8987171844061387,0.3797613169401306,0.5526821645005473,-5.799402275477096,miscanthus_sinensis_ssp_transmorrisonensis_6wks vs miscanthus_sinensis_15wks,FALSE
13567,-0.6167110279546151,16.816545253341413,-0.8978804234684029,0.3801963080450719,0.553113579342539,-5.80012912151223,miscanthus_sinensis_ssp_transmorrisonensis_6wks vs miscanthus_sinensis_15wks,FALSE
19379,0.5517541612347507,16.893182637481228,0.8972766110328567,0.3805104056321791,0.5533043247071279,-5.800653232816035,miscanthus_sinensis_ssp_transmorrisonensis_6wks vs miscanthus_sinensis_15wks,FALSE
8541,0.8039408296486101,17.000320064210193,0.8969124396035808,0.3806999272880851,0.5533043247071279,-5.800969178518557,miscanthus_sinensis_ssp_transmorrisonensis_6wks vs miscanthus_sinensis_15wks,FALSE
4015,0.8113297692247379,21.09360721991668,0.8968292462278945,0.38074323145553113,0.5533043247071279,-5.801041338426115,miscanthus_sinensis_ssp_transmorrisonensis_6wks vs miscanthus_sinensis_15wks,FALSE
20832,0.5915108348469573,16.867482505151074,0.8964333409242273,0.38094935445750666,0.5533519817174721,-5.801384652888515,miscanthus_sinensis_ssp_transmorrisonensis_6wks vs miscanthus_sinensis_15wks,FALSE
1821,1.3431183017573787,18.6489073594631,0.8962338286561731,0.38105325594722717,0.5533519817174721,-5.8015576098531065,miscanthus_sinensis_ssp_transmorrisonensis_6wks vs miscanthus_sinensis_15wks,FALSE
1180,1.1915096695027927,23.53724508103673,0.8957148559853763,0.3813236130770674,0.5535432230558739,-5.802007341226818,miscanthus_sinensis_ssp_transmorrisonensis_6wks vs miscanthus_sinensis_15wks,FALSE
9288,0.9664970336597776,17.16398548480137,0.8949201136181143,0.3817378775523229,0.5539431505593868,-5.802695585758928,miscanthus_sinensis_ssp_transmorrisonensis_6wks vs miscanthus_sinensis_15wks,FALSE
60,-1.6174231394236323,19.437997793144433,-0.8931734921084666,0.38264936083365264,0.5550640437674205,-5.804206184256269,miscanthus_sinensis_ssp_transmorrisonensis_6wks vs miscanthus_sinensis_15wks,FALSE
5416,1.213850351383165,17.976627659651353,0.8922970677250687,0.38310726888655666,0.5555264138740044,-5.8049631554875045,miscanthus_sinensis_ssp_transmorrisonensis_6wks vs miscanthus_sinensis_15wks,FALSE
23484,-0.4515321953024838,16.85138920542313,-0.891963887745626,0.3832814413466846,0.5555771655250418,-5.805250745341335,miscanthus_sinensis_ssp_transmorrisonensis_6wks vs miscanthus_sinensis_15wks,FALSE
1451,-1.2650802811074175,16.976054798185807,-0.8914352349446774,0.3835579060704759,0.5557761020084718,-5.805706858402275,miscanthus_sinensis_ssp_transmorrisonensis_6wks vs miscanthus_sinensis_15wks,FALSE
1215,0.960304018988424,23.347113925635018,0.8907656741507828,0.3839082490994855,0.5560372770962718,-5.806284188108344,miscanthus_sinensis_ssp_transmorrisonensis_6wks vs miscanthus_sinensis_15wks,FALSE
8566,1.000277468474163,17.718829679375173,0.8903968785221392,0.3841013090255673,0.5560372770962718,-5.806602012459093,miscanthus_sinensis_ssp_transmorrisonensis_6wks vs miscanthus_sinensis_15wks,FALSE
702,1.6979585005711222,18.386748284978808,0.8902923986428684,0.3841560145870535,0.5560372770962718,-5.806692030187257,miscanthus_sinensis_ssp_transmorrisonensis_6wks vs miscanthus_sinensis_15wks,FALSE
4125,1.1004115243788668,17.927071129157174,0.890015284928391,0.3843011359534939,0.5560457175521376,-5.806930738696568,miscanthus_sinensis_ssp_transmorrisonensis_6wks vs miscanthus_sinensis_15wks,FALSE
11,2.679755468642796,21.34964851449588,0.8894019338626414,0.38462246967574776,0.55623477646944,-5.807458842616599,miscanthus_sinensis_ssp_transmorrisonensis_6wks vs miscanthus_sinensis_15wks,FALSE
1073,1.48349004946272,22.215317570645247,0.88923401042184,0.3847104754088486,0.55623477646944,-5.807603368742515,miscanthus_sinensis_ssp_transmorrisonensis_6wks vs miscanthus_sinensis_15wks,FALSE
2133,0.9382992838415163,17.579855480142026,0.8887501003232837,0.38496415847491505,0.5562570472762616,-5.808019713837555,miscanthus_sinensis_ssp_transmorrisonensis_6wks vs miscanthus_sinensis_15wks,FALSE
2151,1.2083645872345592,17.471421908044185,0.8886409396619731,0.3850213996583032,0.5562570472762616,-5.808113604367312,miscanthus_sinensis_ssp_transmorrisonensis_6wks vs miscanthus_sinensis_15wks,FALSE
7645,-0.8916472927956463,17.24110450870895,-0.8884073494934052,0.3851439074828624,0.5562570472762616,-5.808314482759807,miscanthus_sinensis_ssp_transmorrisonensis_6wks vs miscanthus_sinensis_15wks,FALSE
16927,0.6515554420487177,16.84407742069079,0.8860065802856619,0.38640449459195625,0.5578758562065422,-5.8103762370321785,miscanthus_sinensis_ssp_transmorrisonensis_6wks vs miscanthus_sinensis_15wks,FALSE
738,1.2822245255986147,17.72623083313742,0.8850431053511266,0.38691115531967535,0.5582951661584826,-5.811202216471123,miscanthus_sinensis_ssp_transmorrisonensis_6wks vs miscanthus_sinensis_15wks,FALSE
24131,0.6136174236984466,16.64677996391984,0.8849224584527151,0.3869746304510324,0.5582951661584826,-5.8113055878849265,miscanthus_sinensis_ssp_transmorrisonensis_6wks vs miscanthus_sinensis_15wks,FALSE
11532,0.8419263130758345,17.020424406744635,0.884024324354031,0.38744737491285153,0.5583369642721129,-5.812074710404723,miscanthus_sinensis_ssp_transmorrisonensis_6wks vs miscanthus_sinensis_15wks,FALSE
105,-1.4733396155814162,20.565267363342233,-0.8836807441210385,0.38762832316875195,0.5583369642721129,-5.812368747443701,miscanthus_sinensis_ssp_transmorrisonensis_6wks vs miscanthus_sinensis_15wks,FALSE
15980,0.5683119193220065,17.315480804180517,0.8836382078666073,0.3876507289645872,0.5583369642721129,-5.812405142789871,miscanthus_sinensis_ssp_transmorrisonensis_6wks vs miscanthus_sinensis_15wks,FALSE
763,0.5549367387952486,25.200006813285327,0.8834324177020829,0.38775914010300616,0.5583369642721129,-5.812581200516788,miscanthus_sinensis_ssp_transmorrisonensis_6wks vs miscanthus_sinensis_15wks,FALSE
13113,0.697485344690179,16.856939619366173,0.8830397535355388,0.3879660525428513,0.5583369642721129,-5.812917028150746,miscanthus_sinensis_ssp_transmorrisonensis_6wks vs miscanthus_sinensis_15wks,FALSE
6988,0.863513998537325,17.481103878124035,0.8830087511667613,0.38798239217733044,0.5583369642721129,-5.812943537203565,miscanthus_sinensis_ssp_transmorrisonensis_6wks vs miscanthus_sinensis_15wks,FALSE
20647,0.46623537848609686,17.23517926734471,0.8825870670533705,0.38820468345965664,0.5583369642721129,-5.813304019673595,miscanthus_sinensis_ssp_transmorrisonensis_6wks vs miscanthus_sinensis_15wks,FALSE
13218,0.6676555476930659,16.89470619568737,0.8825248389162228,0.38823749417913633,0.5583369642721129,-5.813357202840147,miscanthus_sinensis_ssp_transmorrisonensis_6wks vs miscanthus_sinensis_15wks,FALSE
12918,0.5426903287350804,17.009839564262748,0.8824776471501589,0.3882623779607679,0.5583369642721129,-5.813397532898747,miscanthus_sinensis_ssp_transmorrisonensis_6wks vs miscanthus_sinensis_15wks,FALSE
2045,-1.2688772700258113,18.523210116555614,-0.879150748175986,0.3900192607744932,0.5605420875342253,-5.816235697092746,miscanthus_sinensis_ssp_transmorrisonensis_6wks vs miscanthus_sinensis_15wks,FALSE
5567,1.197198231145837,17.727326067179074,0.8790422717927036,0.3900766330586367,0.5605420875342253,-5.81632807175254,miscanthus_sinensis_ssp_transmorrisonensis_6wks vs miscanthus_sinensis_15wks,FALSE
2768,1.0711902006038763,21.040482612234843,0.8778762589858775,0.39069367714564063,0.5609695752416645,-5.817320344423131,miscanthus_sinensis_ssp_transmorrisonensis_6wks vs miscanthus_sinensis_15wks,FALSE
717,1.0207784344678572,22.899162546197747,0.8778468612196233,0.39070924245423666,0.5609695752416645,-5.817345346142597,miscanthus_sinensis_ssp_transmorrisonensis_6wks vs miscanthus_sinensis_15wks,FALSE
20448,0.43054600763720785,16.93790796339585,0.8776836068129796,0.390795688563895,0.5609695752416645,-5.817484173985203,miscanthus_sinensis_ssp_transmorrisonensis_6wks vs miscanthus_sinensis_15wks,FALSE
8157,0.6432632146255486,17.327566803505963,0.8763167799472732,0.3915199391647066,0.5618071880465524,-5.818645559565113,miscanthus_sinensis_ssp_transmorrisonensis_6wks vs miscanthus_sinensis_15wks,FALSE
773,1.5155061927831568,18.91336963190671,0.8752796917993255,0.39207005449337406,0.5623944152129174,-5.819525655453359,miscanthus_sinensis_ssp_transmorrisonensis_6wks vs miscanthus_sinensis_15wks,FALSE
18305,0.5706473136935415,16.849694993461203,0.8747303398006664,0.3923616587302562,0.5626105393862006,-5.819991458694369,miscanthus_sinensis_ssp_transmorrisonensis_6wks vs miscanthus_sinensis_15wks,FALSE
279,0.5726126276137826,23.55854443575159,0.8738394189598119,0.39283487422288554,0.5629961793813882,-5.820746310076955,miscanthus_sinensis_ssp_transmorrisonensis_6wks vs miscanthus_sinensis_15wks,FALSE
2563,0.7790021359688417,22.514429587259617,0.8736930311148103,0.39291266426767224,0.5629961793813882,-5.8208702724499375,miscanthus_sinensis_ssp_transmorrisonensis_6wks vs miscanthus_sinensis_15wks,FALSE
5376,-1.2296850405009145,18.2559632338176,-0.871723944768903,0.39396000885070925,0.5640859365218455,-5.8225358497282524,miscanthus_sinensis_ssp_transmorrisonensis_6wks vs miscanthus_sinensis_15wks,FALSE
13267,0.5215296101873754,16.712997690744128,0.8714963976166945,0.3940811571079901,0.5640859365218455,-5.822728100154509,miscanthus_sinensis_ssp_transmorrisonensis_6wks vs miscanthus_sinensis_15wks,FALSE
470,0.9195009944456913,24.571340454713315,0.8709600581980778,0.39436680547535163,0.5640859365218455,-5.823181060447261,miscanthus_sinensis_ssp_transmorrisonensis_6wks vs miscanthus_sinensis_15wks,FALSE
19893,0.5702123811009621,16.751124057782665,0.8708074090757253,0.39444812937828255,0.5640859365218455,-5.823309931794566,miscanthus_sinensis_ssp_transmorrisonensis_6wks vs miscanthus_sinensis_15wks,FALSE
100,-2.476859782075614,20.77453990849326,-0.8707725021299585,0.3944667276094973,0.5640859365218455,-5.823339398446105,miscanthus_sinensis_ssp_transmorrisonensis_6wks vs miscanthus_sinensis_15wks,FALSE
20709,0.616570035623127,16.793202797505675,0.8706705963216537,0.3945210257437356,0.5640859365218455,-5.823425415866841,miscanthus_sinensis_ssp_transmorrisonensis_6wks vs miscanthus_sinensis_15wks,FALSE
12112,0.7205406163665771,17.293851066205715,0.8697674670942748,0.39500245015340796,0.5645720662414625,-5.824187330279045,miscanthus_sinensis_ssp_transmorrisonensis_6wks vs miscanthus_sinensis_15wks,FALSE
588,-1.8475953859851089,22.79600285013562,-0.8688359930884926,0.3954993851768285,0.5650800091717607,-5.824972393492267,miscanthus_sinensis_ssp_transmorrisonensis_6wks vs miscanthus_sinensis_15wks,FALSE
677,-0.8062659246206181,20.80918388940644,-0.8678283531522556,0.39603741270781645,0.5656462796170316,-5.825820777022603,miscanthus_sinensis_ssp_transmorrisonensis_6wks vs miscanthus_sinensis_15wks,FALSE
8692,0.7005170867542745,17.158198677800442,0.8675173942637069,0.39620354484993825,0.565681169900198,-5.826082405808242,miscanthus_sinensis_ssp_transmorrisonensis_6wks vs miscanthus_sinensis_15wks,FALSE
4826,0.7102273017685903,20.955328160727035,0.8653929368610348,0.3973397659815041,0.5671005884155039,-5.827867527351409,miscanthus_sinensis_ssp_transmorrisonensis_6wks vs miscanthus_sinensis_15wks,FALSE
10888,0.8302704602493058,17.43848753607164,0.8634988676575175,0.3983545537843154,0.5683457393520326,-5.829455653588201,miscanthus_sinensis_ssp_transmorrisonensis_6wks vs miscanthus_sinensis_15wks,FALSE
1466,1.374141301440698,20.551671555893606,0.8627205860910911,0.39877202225076347,0.5687380896123786,-5.830107290530343,miscanthus_sinensis_ssp_transmorrisonensis_6wks vs miscanthus_sinensis_15wks,FALSE
378,1.9113691541257296,20.351045249553948,0.8621406572881637,0.3990832793615201,0.5689787325754244,-5.830592498551134,miscanthus_sinensis_ssp_transmorrisonensis_6wks vs miscanthus_sinensis_15wks,FALSE
1089,1.4557629612880731,21.002582283597924,0.8616454852754253,0.39934917090200284,0.5691545484615478,-5.831006554772283,miscanthus_sinensis_ssp_transmorrisonensis_6wks vs miscanthus_sinensis_15wks,FALSE
889,1.488711852322055,18.87704644400103,0.8605465179170775,0.3999396917489323,0.569792737138379,-5.831924711628413,miscanthus_sinensis_ssp_transmorrisonensis_6wks vs miscanthus_sinensis_15wks,FALSE
12214,0.5512724777026285,17.0783807451782,0.8600474836092373,0.4002080304624922,0.569933313143886,-5.832341283620989,miscanthus_sinensis_ssp_transmorrisonensis_6wks vs miscanthus_sinensis_15wks,FALSE
2655,1.1417594304720566,19.462993936464112,0.8596876355898895,0.40040159888777205,0.569933313143886,-5.832641530460578,miscanthus_sinensis_ssp_transmorrisonensis_6wks vs miscanthus_sinensis_15wks,FALSE
1020,1.2312124448464026,17.823947966672787,0.8595666937854078,0.4004666691805111,0.569933313143886,-5.832742414758676,miscanthus_sinensis_ssp_transmorrisonensis_6wks vs miscanthus_sinensis_15wks,FALSE
20498,0.5829547559882862,17.13834705532411,0.8587353325230427,0.4009141517326895,0.5703483999058087,-5.833435544571091,miscanthus_sinensis_ssp_transmorrisonensis_6wks vs miscanthus_sinensis_15wks,FALSE
2364,1.4466973476883744,18.15834612302023,0.8584046891101399,0.40109221146650276,0.5703483999058087,-5.833711039231056,miscanthus_sinensis_ssp_transmorrisonensis_6wks vs miscanthus_sinensis_15wks,FALSE
4288,0.9246346945201473,20.73804997532788,0.8582288044044499,0.401186950635148,0.5703483999058087,-5.833857547783205,miscanthus_sinensis_ssp_transmorrisonensis_6wks vs miscanthus_sinensis_15wks,FALSE
15856,0.6130913422079267,17.059542742415793,0.8574696844616785,0.40159601192256933,0.5707266926290128,-5.83448956166453,miscanthus_sinensis_ssp_transmorrisonensis_6wks vs miscanthus_sinensis_15wks,FALSE
244,-1.9625119818541599,21.32821283792728,-0.8568899160481298,0.40190860913508075,0.5709676753264208,-5.834971906225328,miscanthus_sinensis_ssp_transmorrisonensis_6wks vs miscanthus_sinensis_15wks,FALSE
1548,1.1731823158672121,21.45348300652369,0.856195496907752,0.40228323040088665,0.5712946182997126,-5.835549238736854,miscanthus_sinensis_ssp_transmorrisonensis_6wks vs miscanthus_sinensis_15wks,FALSE
682,-1.6441176100169486,19.398622342794024,-0.855932875739089,0.40242496659789373,0.5712946182997126,-5.835767466343759,miscanthus_sinensis_ssp_transmorrisonensis_6wks vs miscanthus_sinensis_15wks,FALSE
2243,-1.4578398782138464,19.595862248912546,-0.8545877353164086,0.4031514427233074,0.5721224882159414,-5.836884253257072,miscanthus_sinensis_ssp_transmorrisonensis_6wks vs miscanthus_sinensis_15wks,FALSE
2150,0.40378084206957254,23.056838490661928,0.8531570305587595,0.4039250592010998,0.5730166440407926,-5.838070296155648,miscanthus_sinensis_ssp_transmorrisonensis_6wks vs miscanthus_sinensis_15wks,FALSE
4329,-1.085493186112842,17.72795651895856,-0.8523040238055238,0.4043867561475717,0.5733359780168562,-5.838776557224513,miscanthus_sinensis_ssp_transmorrisonensis_6wks vs miscanthus_sinensis_15wks,FALSE
200,-0.7641567944319796,25.18816135481157,-0.852210489016149,0.4044374033305278,0.5733359780168562,-5.838853961137231,miscanthus_sinensis_ssp_transmorrisonensis_6wks vs miscanthus_sinensis_15wks,FALSE
19385,-0.5135610117461802,16.988487165264708,-0.8499949237712503,0.40563828299059523,0.5746393161201114,-5.840685134664418,miscanthus_sinensis_ssp_transmorrisonensis_6wks vs miscanthus_sinensis_15wks,FALSE
2456,-1.3806088239443888,18.829534158316783,-0.849983118949153,0.40564468758178207,0.5746393161201114,-5.8406948795813936,miscanthus_sinensis_ssp_transmorrisonensis_6wks vs miscanthus_sinensis_15wks,FALSE
1808,-1.2995893118705624,20.134336420047187,-0.8495914865768909,0.40585720083822163,0.5747364121128701,-5.841018102292941,miscanthus_sinensis_ssp_transmorrisonensis_6wks vs miscanthus_sinensis_15wks,FALSE
8401,0.8955309365298696,17.15477191097972,0.8490794297811034,0.40613516869723365,0.574926096964311,-5.8414405058907395,miscanthus_sinensis_ssp_transmorrisonensis_6wks vs miscanthus_sinensis_15wks,FALSE
4295,0.6005858172657099,20.650609035980803,0.8485110523547494,0.40644385347865764,0.5750734530568257,-5.841909093169475,miscanthus_sinensis_ssp_transmorrisonensis_6wks vs miscanthus_sinensis_15wks,FALSE
12544,0.6742334853973979,16.854965417727694,0.8483573113615495,0.4065273758833572,0.5750734530568257,-5.842035791906299,miscanthus_sinensis_ssp_transmorrisonensis_6wks vs miscanthus_sinensis_15wks,FALSE
1776,-1.6462597824225398,18.706359275243273,-0.8478858276479864,0.40678358628992617,0.5752320497589037,-5.842424211483951,miscanthus_sinensis_ssp_transmorrisonensis_6wks vs miscanthus_sinensis_15wks,FALSE
12382,-0.9596083918384366,17.501471938724695,-0.8464273718422406,0.407576787758437,0.576005941667204,-5.843624456368826,miscanthus_sinensis_ssp_transmorrisonensis_6wks vs miscanthus_sinensis_15wks,FALSE
9655,0.8158194752769496,16.944873124043806,0.8463302465278484,0.4076296460001727,0.576005941667204,-5.843704318259819,miscanthus_sinensis_ssp_transmorrisonensis_6wks vs miscanthus_sinensis_15wks,FALSE
10819,0.7846568025829974,17.259696630718224,0.8460839165564941,0.40776372523835636,0.576005941667204,-5.843906826539599,miscanthus_sinensis_ssp_transmorrisonensis_6wks vs miscanthus_sinensis_15wks,FALSE
24233,-0.49633400650246173,16.721941706595302,-0.8455422563418329,0.4080586545989161,0.5762186590586746,-5.844351934256512,miscanthus_sinensis_ssp_transmorrisonensis_6wks vs miscanthus_sinensis_15wks,FALSE
14443,0.5509098606947624,17.00952560292703,0.844702662443895,0.4085160770799612,0.57650194068784,-5.845041346240451,miscanthus_sinensis_ssp_transmorrisonensis_6wks vs miscanthus_sinensis_15wks,FALSE
52,-1.7633198358420223,19.155978488373147,-0.8446439188343368,0.40854809373895273,0.57650194068784,-5.845089558366987,miscanthus_sinensis_ssp_transmorrisonensis_6wks vs miscanthus_sinensis_15wks,FALSE
5543,1.072462622913143,18.501779381650472,0.8428257441435176,0.4095398385475838,0.5776971856826695,-5.846580236635838,miscanthus_sinensis_ssp_transmorrisonensis_6wks vs miscanthus_sinensis_15wks,FALSE
1217,0.8541355213070361,22.225804255077882,0.8418543316065815,0.4100703393162548,0.5778906596762179,-5.847375454487667,miscanthus_sinensis_ssp_transmorrisonensis_6wks vs miscanthus_sinensis_15wks,FALSE
4971,1.244485847749207,17.7714463218771,0.8418002571725589,0.41009988299103506,0.5778906596762179,-5.847419695931184,miscanthus_sinensis_ssp_transmorrisonensis_6wks vs miscanthus_sinensis_15wks,FALSE
886,-1.1832456655584664,18.075910508934623,-0.8417793934718119,0.41011128228024185,0.5778906596762179,-5.847436765035497,miscanthus_sinensis_ssp_transmorrisonensis_6wks vs miscanthus_sinensis_15wks,FALSE
3202,0.9100721432243546,21.277779287878648,0.8406876327637093,0.4107080703458259,0.578527387727783,-5.848329413967163,miscanthus_sinensis_ssp_transmorrisonensis_6wks vs miscanthus_sinensis_15wks,FALSE
1285,1.0090473761273735,18.54238247000157,0.8400092005215688,0.4110792011736928,0.578845915726766,-5.84888357482259,miscanthus_sinensis_ssp_transmorrisonensis_6wks vs miscanthus_sinensis_15wks,FALSE
7533,0.6463001934619292,17.407352615163692,0.839538033632127,0.41133707548109877,0.5788806694851183,-5.849268191920585,miscanthus_sinensis_ssp_transmorrisonensis_6wks vs miscanthus_sinensis_15wks,FALSE
1398,0.5978771811096806,23.334945177374518,0.8394342291149087,0.41139390263759534,0.5788806694851183,-5.849352901433166,miscanthus_sinensis_ssp_transmorrisonensis_6wks vs miscanthus_sinensis_15wks,FALSE
2523,1.0043273036411087,18.207939835707705,0.8377051513557169,0.4123412145819403,0.5800092066987688,-5.8507624839290155,miscanthus_sinensis_ssp_transmorrisonensis_6wks vs miscanthus_sinensis_15wks,FALSE
473,-1.816042356469051,19.77416770164955,-0.8364360297941406,0.41303741651300796,0.5807838558365368,-5.851795384128732,miscanthus_sinensis_ssp_transmorrisonensis_6wks vs miscanthus_sinensis_15wks,FALSE
13861,0.7577027995327512,16.961600884687172,0.8356367369500972,0.41347626969219287,0.5811962213419838,-5.852445158988171,miscanthus_sinensis_ssp_transmorrisonensis_6wks vs miscanthus_sinensis_15wks,FALSE
1045,0.47285313631304504,22.706589217344863,0.8351058275595442,0.4137679309389888,0.5814014714214866,-5.852876436330411,miscanthus_sinensis_ssp_transmorrisonensis_6wks vs miscanthus_sinensis_15wks,FALSE
5951,0.8828976672185824,18.02566824164668,0.8341596335762032,0.4142880590654813,0.5819044306309624,-5.853644434000906,miscanthus_sinensis_ssp_transmorrisonensis_6wks vs miscanthus_sinensis_15wks,FALSE
7195,0.8705652817803937,17.324122962361702,0.8339244438080377,0.414417408888734,0.5819044306309624,-5.853835205174261,miscanthus_sinensis_ssp_transmorrisonensis_6wks vs miscanthus_sinensis_15wks,FALSE
515,1.1412225469820925,23.249734680637285,0.8334400697274201,0.4146838864020831,0.5820428427188301,-5.85422794168345,miscanthus_sinensis_ssp_transmorrisonensis_6wks vs miscanthus_sinensis_15wks,FALSE
1531,-1.6776519975962998,21.367503098993918,-0.8331489633095476,0.4148440906129601,0.5820428427188301,-5.854463872462348,miscanthus_sinensis_ssp_transmorrisonensis_6wks vs miscanthus_sinensis_15wks,FALSE
21271,-0.42815782310173844,16.93376736522783,-0.8329503981011578,0.41495338937319404,0.5820428427188301,-5.854624758180177,miscanthus_sinensis_ssp_transmorrisonensis_6wks vs miscanthus_sinensis_15wks,FALSE
22851,0.462096664869172,16.63750623338056,0.8310847712132227,0.41598120613437095,0.5832795837331959,-5.856134626949107,miscanthus_sinensis_ssp_transmorrisonensis_6wks vs miscanthus_sinensis_15wks,FALSE
3015,1.3317356665798457,17.96989593450132,0.8305783323028815,0.4162604944609689,0.5834662548764705,-5.856543949943393,miscanthus_sinensis_ssp_transmorrisonensis_6wks vs miscanthus_sinensis_15wks,FALSE
3210,0.9139116479308207,19.436032598602292,0.8297918775258056,0.4166944409874419,0.5838695010255768,-5.857179132902037,miscanthus_sinensis_ssp_transmorrisonensis_6wks vs miscanthus_sinensis_15wks,FALSE
24253,-0.3970300036790455,16.698668310821965,-0.8274577495829435,0.4179840492553093,0.5850949880652736,-5.8590610075591805,miscanthus_sinensis_ssp_transmorrisonensis_6wks vs miscanthus_sinensis_15wks,FALSE
6803,0.8166171303905507,17.317817276067235,0.8274205738864623,0.4180046093588231,0.5850949880652736,-5.859090940356679,miscanthus_sinensis_ssp_transmorrisonensis_6wks vs miscanthus_sinensis_15wks,FALSE
975,1.1147096385636495,22.109313784706295,0.8272228025694317,0.41811399803319704,0.5850949880652736,-5.859250159100286,miscanthus_sinensis_ssp_transmorrisonensis_6wks vs miscanthus_sinensis_15wks,FALSE
10035,0.7235559524837747,17.098227292002356,0.8267819064083117,0.41835792615916856,0.5850949880652736,-5.859604981784248,miscanthus_sinensis_ssp_transmorrisonensis_6wks vs miscanthus_sinensis_15wks,FALSE
3513,-0.9820786182877228,19.85364939114419,-0.8265179334999609,0.4185040137935633,0.5850949880652736,-5.859817336719103,miscanthus_sinensis_ssp_transmorrisonensis_6wks vs miscanthus_sinensis_15wks,FALSE
984,0.6059613917876341,24.292345783847097,0.8263402517759781,0.41860236447447063,0.5850949880652736,-5.859960238588077,miscanthus_sinensis_ssp_transmorrisonensis_6wks vs miscanthus_sinensis_15wks,FALSE
5368,1.0090373501409289,19.30261439043382,0.8261437370417236,0.4187111567170462,0.5850949880652736,-5.860118253787609,miscanthus_sinensis_ssp_transmorrisonensis_6wks vs miscanthus_sinensis_15wks,FALSE
246,1.4821727364394484,23.34545528830346,0.8260887912606012,0.41874157838238646,0.5850949880652736,-5.86016242879802,miscanthus_sinensis_ssp_transmorrisonensis_6wks vs miscanthus_sinensis_15wks,FALSE
9431,0.8948597128676212,17.528374209241953,0.8244028348434042,0.41967571848631824,0.5861950553524782,-5.86151656704646,miscanthus_sinensis_ssp_transmorrisonensis_6wks vs miscanthus_sinensis_15wks,FALSE
17542,0.5339147821823644,17.074789572226873,0.821984414197546,0.42101800046029925,0.5877091475620104,-5.8634545188434295,miscanthus_sinensis_ssp_transmorrisonensis_6wks vs miscanthus_sinensis_15wks,FALSE
1333,0.8324015481381082,22.124042986529084,0.8219193524443711,0.42105414880444636,0.5877091475620104,-5.863506581593756,miscanthus_sinensis_ssp_transmorrisonensis_6wks vs miscanthus_sinensis_15wks,FALSE
5894,1.1646090888873566,17.708661233039333,0.8215596840021995,0.42125401621994585,0.5877826049458315,-5.863794320958806,miscanthus_sinensis_ssp_transmorrisonensis_6wks vs miscanthus_sinensis_15wks,FALSE
6863,0.8276640940624951,17.41057689558141,0.8211663356386788,0.42147266824803553,0.5878822123152194,-5.864108870553064,miscanthus_sinensis_ssp_transmorrisonensis_6wks vs miscanthus_sinensis_15wks,FALSE
21851,0.5220354473874345,16.983905241916887,0.8207649737578412,0.42169584876518085,0.587988064362767,-5.864429683865743,miscanthus_sinensis_ssp_transmorrisonensis_6wks vs miscanthus_sinensis_15wks,FALSE
7668,0.6946420444295995,17.094010392837063,0.8203124145244541,0.4219475876108081,0.5881336486530537,-5.864791244780827,miscanthus_sinensis_ssp_transmorrisonensis_6wks vs miscanthus_sinensis_15wks,FALSE
1932,1.0006009678903816,20.03837713663538,0.8194183137692933,0.4224452158307044,0.5886217457578261,-5.865505018807955,miscanthus_sinensis_ssp_transmorrisonensis_6wks vs miscanthus_sinensis_15wks,FALSE
10447,0.6360082028999443,17.06988974562275,0.8186782645946101,0.4228573841780995,0.5889904667267876,-5.866095263172341,miscanthus_sinensis_ssp_transmorrisonensis_6wks vs miscanthus_sinensis_15wks,FALSE
12313,0.665678623917529,16.87956990334793,0.8182936181517264,0.42307171222667783,0.589083458391663,-5.866401851316331,miscanthus_sinensis_ssp_transmorrisonensis_6wks vs miscanthus_sinensis_15wks,FALSE
8630,0.8963555035344406,17.97609955201532,0.8177063455719067,0.42339907744130134,0.5892601399096508,-5.866869686908883,miscanthus_sinensis_ssp_transmorrisonensis_6wks vs miscanthus_sinensis_15wks,FALSE
17204,-0.5386614154449703,17.061869071374318,-0.817536431493675,0.42349382299618943,0.5892601399096508,-5.867004986266854,miscanthus_sinensis_ssp_transmorrisonensis_6wks vs miscanthus_sinensis_15wks,FALSE
3615,0.8034461160461603,17.508002250283376,0.817208045237251,0.42367697191665465,0.5893095720875559,-5.867266399830581,miscanthus_sinensis_ssp_transmorrisonensis_6wks vs miscanthus_sinensis_15wks,FALSE
10745,-0.5918851477343026,17.41461481997164,-0.8144484767936475,0.42521802333645264,0.5911659172151359,-5.8694593041518495,miscanthus_sinensis_ssp_transmorrisonensis_6wks vs miscanthus_sinensis_15wks,FALSE
1400,1.2741220196092193,21.341754284983192,0.8142880077433288,0.42530774404856464,0.5911659172151359,-5.869586609104354,miscanthus_sinensis_ssp_transmorrisonensis_6wks vs miscanthus_sinensis_15wks,FALSE
5546,1.0526084625683687,18.766829113449575,0.8132647145503028,0.4258801633460966,0.5917555210851436,-5.870397868895682,miscanthus_sinensis_ssp_transmorrisonensis_6wks vs miscanthus_sinensis_15wks,FALSE
13598,0.6196957414740183,17.1617963595666,0.8127785605409547,0.4261522825168309,0.5919275963142621,-5.870782955414839,miscanthus_sinensis_ssp_transmorrisonensis_6wks vs miscanthus_sinensis_15wks,FALSE
1013,-1.5957910144867142,19.735748591726576,-0.8122390686248246,0.4264543849827016,0.5921411842959808,-5.871210040161526,miscanthus_sinensis_ssp_transmorrisonensis_6wks vs miscanthus_sinensis_15wks,FALSE
20096,-0.4500304274746618,17.033360117518367,-0.8096237059224245,0.4279208331282479,0.5939707808928949,-5.873276726111477,miscanthus_sinensis_ssp_transmorrisonensis_6wks vs miscanthus_sinensis_15wks,FALSE
11961,0.6723831893963279,17.263805316336686,0.8083634214184505,0.4286286105201631,0.5947464070894999,-5.874270397010952,miscanthus_sinensis_ssp_transmorrisonensis_6wks vs miscanthus_sinensis_15wks,FALSE
5330,0.7016138922711548,16.94419878147855,0.8080147515577818,0.4288245535688374,0.5948115419898538,-5.874545050738956,miscanthus_sinensis_ssp_transmorrisonensis_6wks vs miscanthus_sinensis_15wks,FALSE
1844,-0.6623774184869404,20.57684064573772,-0.8059186822414076,0.43000367134029416,0.5962398944044648,-5.876193834315638,miscanthus_sinensis_ssp_transmorrisonensis_6wks vs miscanthus_sinensis_15wks,FALSE
20191,0.48989761824502764,16.725871781582878,0.8050431784783088,0.4304967757003727,0.5967163640957943,-5.876881329176105,miscanthus_sinensis_ssp_transmorrisonensis_6wks vs miscanthus_sinensis_15wks,FALSE
4486,-0.6957717898158933,17.146931807421065,-0.8030669933944129,0.43161110994905116,0.5980532977843153,-5.878430577693715,miscanthus_sinensis_ssp_transmorrisonensis_6wks vs miscanthus_sinensis_15wks,FALSE
21413,0.540586918977592,16.957717795255572,0.8016557607971315,0.43240798033448635,0.5989495688741393,-5.879534751319713,miscanthus_sinensis_ssp_transmorrisonensis_6wks vs miscanthus_sinensis_15wks,FALSE
15191,0.530329472977261,17.357283362696695,0.801332678394211,0.4325905420708135,0.598994604213211,-5.879787281731642,miscanthus_sinensis_ssp_transmorrisonensis_6wks vs miscanthus_sinensis_15wks,FALSE
2023,-1.3396818918214244,19.414738092961773,-0.8007841789887231,0.43290058865997805,0.5992160714045188,-5.880215786858232,miscanthus_sinensis_ssp_transmorrisonensis_6wks vs miscanthus_sinensis_15wks,FALSE
8167,0.7780918289057048,17.1758461863097,0.8002966792001973,0.4331762707718283,0.5993371130272125,-5.880596407199975,miscanthus_sinensis_ssp_transmorrisonensis_6wks vs miscanthus_sinensis_15wks,FALSE
615,1.3053069705502445,20.775140575759803,0.7999380070506859,0.4333791705117397,0.5993371130272125,-5.880876305872727,miscanthus_sinensis_ssp_transmorrisonensis_6wks vs miscanthus_sinensis_15wks,FALSE
1301,-1.5174631183200233,19.329429709812814,-0.7998332574834783,0.43343843820379824,0.5993371130272125,-5.880958027679073,miscanthus_sinensis_ssp_transmorrisonensis_6wks vs miscanthus_sinensis_15wks,FALSE
6545,0.7316654316997457,19.382503542597856,0.7995485130160946,0.43359957321971876,0.5993523186610517,-5.881180124457471,miscanthus_sinensis_ssp_transmorrisonensis_6wks vs miscanthus_sinensis_15wks,FALSE
2131,-0.7125034453432164,20.996391679525047,-0.7987023983952595,0.43407860425336464,0.59980678026287,-5.881839646445055,miscanthus_sinensis_ssp_transmorrisonensis_6wks vs miscanthus_sinensis_15wks,FALSE
17840,0.6476923628047402,17.131777963626654,0.798039229597834,0.43445429025920124,0.5999900646443268,-5.882356111477379,miscanthus_sinensis_ssp_transmorrisonensis_6wks vs miscanthus_sinensis_15wks,FALSE
13729,0.5523350323892338,17.01190356784768,0.797790602303209,0.4345951901364328,0.5999900646443268,-5.882549635070504,miscanthus_sinensis_ssp_transmorrisonensis_6wks vs miscanthus_sinensis_15wks,FALSE
21343,0.5202691443198582,17.103157129802916,0.7976724805681041,0.4346621410198881,0.5999900646443268,-5.88264155754012,miscanthus_sinensis_ssp_transmorrisonensis_6wks vs miscanthus_sinensis_15wks,FALSE
9112,0.6733879424066807,17.123892502804377,0.7969746696606514,0.4350577882249511,0.6003084483365797,-5.883184335334916,miscanthus_sinensis_ssp_transmorrisonensis_6wks vs miscanthus_sinensis_15wks,FALSE
24539,-0.3950777487534829,16.794982226638396,-0.7967181590131541,0.43520328183374046,0.6003084483365797,-5.883383745282141,miscanthus_sinensis_ssp_transmorrisonensis_6wks vs miscanthus_sinensis_15wks,FALSE
2333,0.615405460137648,22.391597355780867,0.7964702464783435,0.4353439273382761,0.6003084483365797,-5.883576414108588,miscanthus_sinensis_ssp_transmorrisonensis_6wks vs miscanthus_sinensis_15wks,FALSE
1340,1.7826277845119272,19.044283500503276,0.7959161252094914,0.4356583931278868,0.6005346358309821,-5.884006854923965,miscanthus_sinensis_ssp_transmorrisonensis_6wks vs miscanthus_sinensis_15wks,FALSE
4720,-1.0246028500971853,18.649483190607832,-0.7955806010288651,0.4358488729502651,0.600589817334297,-5.884267353679635,miscanthus_sinensis_ssp_transmorrisonensis_6wks vs miscanthus_sinensis_15wks,FALSE
2996,0.6720116568199934,21.804355842108322,0.7952706282885096,0.43602489302600234,0.6006129672089672,-5.884507923245529,miscanthus_sinensis_ssp_transmorrisonensis_6wks vs miscanthus_sinensis_15wks,FALSE
10303,0.687015745582972,17.476212827147897,0.7950211709026387,0.4361665811469929,0.6006129672089672,-5.884701463270857,miscanthus_sinensis_ssp_transmorrisonensis_6wks vs miscanthus_sinensis_15wks,FALSE
164,1.976532048922408,22.440134951479997,0.794502580867317,0.4364612242264564,0.6008114507282807,-5.8851036266393475,miscanthus_sinensis_ssp_transmorrisonensis_6wks vs miscanthus_sinensis_15wks,FALSE
1315,0.8087461771737843,22.20059062093461,0.7938891870727847,0.4368098908043683,0.60108413791487,-5.885578993089165,miscanthus_sinensis_ssp_transmorrisonensis_6wks vs miscanthus_sinensis_15wks,FALSE
2746,0.9908158061380199,21.556735326919316,0.7927119860209475,0.437479522302347,0.6017981574882733,-5.886490336076238,miscanthus_sinensis_ssp_transmorrisonensis_6wks vs miscanthus_sinensis_15wks,FALSE
5113,0.8776072451716459,19.267890711104673,0.7920203003861368,0.4378732733095916,0.602132313831171,-5.8870252222819985,miscanthus_sinensis_ssp_transmorrisonensis_6wks vs miscanthus_sinensis_15wks,FALSE
566,-1.6174190387069132,19.276380010680175,-0.7897058157024283,0.43919242135343084,0.6037383423012727,-5.8888118570147,miscanthus_sinensis_ssp_transmorrisonensis_6wks vs miscanthus_sinensis_15wks,FALSE
3139,-1.0352530485946936,19.618047895860837,-0.7888413197541767,0.43968577436432776,0.6042084720352483,-5.889477938180581,miscanthus_sinensis_ssp_transmorrisonensis_6wks vs miscanthus_sinensis_15wks,FALSE
11490,0.8250416545769994,17.454704103215988,0.7882023108547883,0.44005066617904764,0.6044129395658798,-5.889969846206642,miscanthus_sinensis_ssp_transmorrisonensis_6wks vs miscanthus_sinensis_15wks,FALSE
1021,-0.9439304095302461,19.86628447115295,-0.7879567525105737,0.4401909366251958,0.6044129395658798,-5.890158777416562,miscanthus_sinensis_ssp_transmorrisonensis_6wks vs miscanthus_sinensis_15wks,FALSE
4166,1.0406678445291035,17.110484166118656,0.7877854878160425,0.44028878463366194,0.6044129395658798,-5.890290514901799,miscanthus_sinensis_ssp_transmorrisonensis_6wks vs miscanthus_sinensis_15wks,FALSE
22511,0.37705546203281415,16.689637952807317,0.7873265387890982,0.4405510605596372,0.6045650855118845,-5.890643408194656,miscanthus_sinensis_ssp_transmorrisonensis_6wks vs miscanthus_sinensis_15wks,FALSE
21388,0.5154481911922169,17.066406747320876,0.7868575195633045,0.4408191910899242,0.6047251583611606,-5.8910038457861464,miscanthus_sinensis_ssp_transmorrisonensis_6wks vs miscanthus_sinensis_15wks,FALSE
2008,0.9926665619519142,17.363625804142163,0.78586819952506,0.4413850996661477,0.605293479171165,-5.891763471225982,miscanthus_sinensis_ssp_transmorrisonensis_6wks vs miscanthus_sinensis_15wks,FALSE
9154,0.47750448919594746,17.107199625359726,0.7850834388949376,0.44183431564429376,0.6057014382046775,-5.892365394409096,miscanthus_sinensis_ssp_transmorrisonensis_6wks vs miscanthus_sinensis_15wks,FALSE
4238,0.8364057599947863,17.290625075374077,0.7843052394088056,0.44228005446390295,0.6060060724314875,-5.892961729114689,miscanthus_sinensis_ssp_transmorrisonensis_6wks vs miscanthus_sinensis_15wks,FALSE
1182,-0.9117943788662792,21.870057747360264,-0.7840028555039317,0.4424533294101699,0.6060060724314875,-5.893193296687073,miscanthus_sinensis_ssp_transmorrisonensis_6wks vs miscanthus_sinensis_15wks,FALSE
10168,0.496925846426322,17.30739857062933,0.7836569096495875,0.4426516179973461,0.6060060724314875,-5.893458121733208,miscanthus_sinensis_ssp_transmorrisonensis_6wks vs miscanthus_sinensis_15wks,FALSE
85,1.5038135884137844,20.32115241718882,0.7836357390316843,0.44266375431117677,0.6060060724314875,-5.893474324501196,miscanthus_sinensis_ssp_transmorrisonensis_6wks vs miscanthus_sinensis_15wks,FALSE
14612,0.5241433946654013,16.985317340869127,0.7825359385957494,0.44329451045474255,0.6066615309342929,-5.894315484422055,miscanthus_sinensis_ssp_transmorrisonensis_6wks vs miscanthus_sinensis_15wks,FALSE
22987,-0.4683305578358521,17.070159391335093,-0.7817093859081992,0.4437689182501773,0.606946562749363,-5.894946928105306,miscanthus_sinensis_ssp_transmorrisonensis_6wks vs miscanthus_sinensis_15wks,FALSE
11897,-0.4243998521071255,17.163334284483152,-0.7816432903870058,0.44380686790215196,0.606946562749363,-5.894997394688807,miscanthus_sinensis_ssp_transmorrisonensis_6wks vs miscanthus_sinensis_15wks,FALSE
15838,0.5243122462178889,17.032992601336797,0.7807895213530459,0.4442972507504468,0.6072038604248985,-5.895648922291946,miscanthus_sinensis_ssp_transmorrisonensis_6wks vs miscanthus_sinensis_15wks,FALSE
9399,0.6347578513309564,17.261238447779274,0.7807860983422671,0.44429921751030277,0.6072038604248985,-5.895651533114853,miscanthus_sinensis_ssp_transmorrisonensis_6wks vs miscanthus_sinensis_15wks,FALSE
804,-1.5208789429290306,18.870015611650214,-0.7802662120674531,0.44459799085650176,0.6074042366526882,-5.896047939937573,miscanthus_sinensis_ssp_transmorrisonensis_6wks vs miscanthus_sinensis_15wks,FALSE
2040,-1.3310742577999406,20.722360930979573,-0.7799307249604603,0.4447908574850902,0.6074598368390284,-5.896303613355647,miscanthus_sinensis_ssp_transmorrisonensis_6wks vs miscanthus_sinensis_15wks,FALSE
17701,0.44198136002629695,16.964502616977335,0.7789393214210842,0.44536110153988795,0.607826514818621,-5.897058556006125,miscanthus_sinensis_ssp_transmorrisonensis_6wks vs miscanthus_sinensis_15wks,FALSE
1741,-1.1176532788976203,21.269738353118456,-0.7789345159356492,0.4453638666945057,0.607826514818621,-5.89706221313778,miscanthus_sinensis_ssp_transmorrisonensis_6wks vs miscanthus_sinensis_15wks,FALSE
22128,0.4974297223054549,16.916451568191665,0.7780504850996589,0.4458727319556226,0.6081225468975483,-5.897734629775103,miscanthus_sinensis_ssp_transmorrisonensis_6wks vs miscanthus_sinensis_15wks,FALSE
21717,0.4748821061742383,16.931144051348124,0.7780284079125909,0.44588544458144386,0.6081225468975483,-5.8977514130930135,miscanthus_sinensis_ssp_transmorrisonensis_6wks vs miscanthus_sinensis_15wks,FALSE
2300,-1.1373253574371773,18.61631002694266,-0.7772951183781,0.4463078185098367,0.6083302949868237,-5.898308614124289,miscanthus_sinensis_ssp_transmorrisonensis_6wks vs miscanthus_sinensis_15wks,FALSE
20702,-0.5136513787726216,17.207915639048434,-0.7772348506184413,0.4463425435912842,0.6083302949868237,-5.898354387580864,miscanthus_sinensis_ssp_transmorrisonensis_6wks vs miscanthus_sinensis_15wks,FALSE
19065,-0.43248354499571207,16.834946347236126,-0.7769535914276816,0.44650462146082315,0.6083434979083979,-5.898567960375251,miscanthus_sinensis_ssp_transmorrisonensis_6wks vs miscanthus_sinensis_15wks,FALSE
6868,0.9028578783905239,17.03619097865435,0.7761537272613145,0.44696574702441505,0.6086265686103198,-5.899174937223855,miscanthus_sinensis_ssp_transmorrisonensis_6wks vs miscanthus_sinensis_15wks,FALSE
1216,1.0725595798458158,18.206061919026617,0.7760643190989721,0.4470173094101848,0.6086265686103198,-5.899242748176921,miscanthus_sinensis_ssp_transmorrisonensis_6wks vs miscanthus_sinensis_15wks,FALSE
599,-0.8643121257100574,22.221916669588797,-0.7751893951283176,0.4475220774271541,0.6091060801531535,-5.899905941166475,miscanthus_sinensis_ssp_transmorrisonensis_6wks vs miscanthus_sinensis_15wks,FALSE
17560,0.49248548142728765,16.640528477105576,0.7746822254158252,0.4478148376833764,0.6092968071002176,-5.9002900549748505,miscanthus_sinensis_ssp_transmorrisonensis_6wks vs miscanthus_sinensis_15wks,FALSE
21489,0.5012711889724493,16.7825453085566,0.7738218656024313,0.4483117428554053,0.6097371580842764,-5.900941124225341,miscanthus_sinensis_ssp_transmorrisonensis_6wks vs miscanthus_sinensis_15wks,FALSE
4360,0.590930902228191,17.249395439895338,0.7735930350061188,0.4484439619577745,0.6097371580842764,-5.901114175398006,miscanthus_sinensis_ssp_transmorrisonensis_6wks vs miscanthus_sinensis_15wks,FALSE
22079,0.43446613606137774,16.5204882535718,0.7729670185607557,0.4488057983982098,0.6100213643873522,-5.901587349628724,miscanthus_sinensis_ssp_transmorrisonensis_6wks vs miscanthus_sinensis_15wks,FALSE
4773,0.8353122810008671,17.429917088790216,0.7724828189772902,0.44908578745550465,0.6101941672982896,-5.901953085188532,miscanthus_sinensis_ssp_transmorrisonensis_6wks vs miscanthus_sinensis_15wks,FALSE
16552,-0.5580727780506649,16.58235088605734,-0.771860297251614,0.44944591846472326,0.6104757082378957,-5.902422985146798,miscanthus_sinensis_ssp_transmorrisonensis_6wks vs miscanthus_sinensis_15wks,FALSE
9543,0.6607091906525007,17.143992609325387,0.7711784652905987,0.44984056325173594,0.6108039212588197,-5.902937246562038,miscanthus_sinensis_ssp_transmorrisonensis_6wks vs miscanthus_sinensis_15wks,FALSE
760,-1.3943847553591837,21.006636965545862,-0.7702744270433735,0.45036414767960753,0.6113069287783044,-5.903618446072004,miscanthus_sinensis_ssp_transmorrisonensis_6wks vs miscanthus_sinensis_15wks,FALSE
7039,0.7263938119689151,17.41403693228041,0.7682739633505713,0.45152406236737275,0.6126730309213297,-5.905123144304711,miscanthus_sinensis_ssp_transmorrisonensis_6wks vs miscanthus_sinensis_15wks,FALSE
72,-1.4919887734430262,19.06668624839466,-0.7660618819588507,0.452808797271385,0.614207515700771,-5.906782738630822,miscanthus_sinensis_ssp_transmorrisonensis_6wks vs miscanthus_sinensis_15wks,FALSE
1154,-1.803002664667492,21.095877263887008,-0.7657851416618973,0.4529696793345872,0.6142170380107582,-5.906990044299107,miscanthus_sinensis_ssp_transmorrisonensis_6wks vs miscanthus_sinensis_15wks,FALSE
12421,0.6131676482868471,18.10674623622949,0.7646802832425071,0.45361233191906714,0.6148796023840122,-5.907816990647721,miscanthus_sinensis_ssp_transmorrisonensis_6wks vs miscanthus_sinensis_15wks,FALSE
96,0.456167259209451,26.69109970782536,0.7637507835391901,0.45415341466759573,0.6153128824451826,-5.90851181865984,miscanthus_sinensis_ssp_transmorrisonensis_6wks vs miscanthus_sinensis_15wks,FALSE
13031,0.695460755547245,17.378702221546444,0.7636016818488114,0.4542402466347577,0.6153128824451826,-5.908623202605922,miscanthus_sinensis_ssp_transmorrisonensis_6wks vs miscanthus_sinensis_15wks,FALSE
11044,0.5260936328053702,16.699029377615044,0.763077284760014,0.45454571857453707,0.6155178115839729,-5.909014782453399,miscanthus_sinensis_ssp_transmorrisonensis_6wks vs miscanthus_sinensis_15wks,FALSE
22679,0.37053187418566225,16.756840882861297,0.7624509056981967,0.4549107606489635,0.6158032405936461,-5.9094821833897475,miscanthus_sinensis_ssp_transmorrisonensis_6wks vs miscanthus_sinensis_15wks,FALSE
19752,0.4128859138008707,16.590789138600517,0.7617786222769565,0.45530275299039513,0.6161249457415787,-5.909983436609243,miscanthus_sinensis_ssp_transmorrisonensis_6wks vs miscanthus_sinensis_15wks,FALSE
4046,0.7745957825191283,17.121016058660448,0.760910307337298,0.4558093499775391,0.616601465642269,-5.91063023553425,miscanthus_sinensis_ssp_transmorrisonensis_6wks vs miscanthus_sinensis_15wks,FALSE
9756,0.7734184233735135,17.43390745747758,0.7597836091128157,0.4564672038754819,0.6172822079508549,-5.911468467894458,miscanthus_sinensis_ssp_transmorrisonensis_6wks vs miscanthus_sinensis_15wks,FALSE
6371,0.6000032698766411,17.18683930827401,0.759324153253789,0.4567356350163606,0.6174360497749107,-5.911809955175833,miscanthus_sinensis_ssp_transmorrisonensis_6wks vs miscanthus_sinensis_15wks,FALSE
1015,0.9890478630445649,22.69637032298569,0.7581791754312698,0.45740498959283404,0.6175796793249752,-5.912660106643547,miscanthus_sinensis_ssp_transmorrisonensis_6wks vs miscanthus_sinensis_15wks,FALSE
895,1.184392663099512,20.277712187092632,0.7576595580897358,0.45770895398724654,0.6175796793249752,-5.913045527006036,miscanthus_sinensis_ssp_transmorrisonensis_6wks vs miscanthus_sinensis_15wks,FALSE
10298,0.5738874635544917,17.18959271783386,0.7576558652591338,0.4577111146471009,0.6175796793249752,-5.913048265232615,miscanthus_sinensis_ssp_transmorrisonensis_6wks vs miscanthus_sinensis_15wks,FALSE
19479,0.4686450265060351,17.272150334041278,0.7576169325691801,0.45773389437799683,0.6175796793249752,-5.913077132981425,miscanthus_sinensis_ssp_transmorrisonensis_6wks vs miscanthus_sinensis_15wks,FALSE
3095,-1.2259845855568479,20.580537721611996,-0.7573448237597386,0.45789312589483633,0.6175796793249752,-5.913278856836151,miscanthus_sinensis_ssp_transmorrisonensis_6wks vs miscanthus_sinensis_15wks,FALSE
21912,0.46692984108170066,17.121281327117977,0.7572966096187669,0.45792134314347166,0.6175796793249752,-5.913314592571073,miscanthus_sinensis_ssp_transmorrisonensis_6wks vs miscanthus_sinensis_15wks,FALSE
579,0.8576943057760644,21.654169223014925,0.7570555162707421,0.4580624584234375,0.6175796793249752,-5.913493255926335,miscanthus_sinensis_ssp_transmorrisonensis_6wks vs miscanthus_sinensis_15wks,FALSE
1123,-1.2084829166785447,20.514392311596943,-0.757026375583843,0.4580795166536201,0.6175796793249752,-5.9135148471444685,miscanthus_sinensis_ssp_transmorrisonensis_6wks vs miscanthus_sinensis_15wks,FALSE
1263,-1.3071044898028141,20.572677511684567,-0.7549208768234554,0.45931303973143034,0.6188770650332621,-5.9150728059769975,miscanthus_sinensis_ssp_transmorrisonensis_6wks vs miscanthus_sinensis_15wks,FALSE
4531,-0.5441359772899901,16.867098254699254,-0.7548546194045249,0.4593518897027945,0.6188770650332621,-5.9151217667444955,miscanthus_sinensis_ssp_transmorrisonensis_6wks vs miscanthus_sinensis_15wks,FALSE
103,1.3934619482271025,18.1789721057258,0.7542900507045736,0.4596830044961949,0.6190491063400491,-5.915538789473806,miscanthus_sinensis_ssp_transmorrisonensis_6wks vs miscanthus_sinensis_15wks,FALSE
12094,0.6161716277759837,17.16760291799793,0.7539004455849828,0.45991158863582204,0.6190491063400491,-5.915826402880956,miscanthus_sinensis_ssp_transmorrisonensis_6wks vs miscanthus_sinensis_15wks,FALSE
1018,1.0173212668018898,21.858103698015075,0.7538438456131241,0.4599448019550565,0.6190491063400491,-5.91586817435112,miscanthus_sinensis_ssp_transmorrisonensis_6wks vs miscanthus_sinensis_15wks,FALSE
7902,0.6306262941667704,16.84941426768954,0.7534103280114655,0.46019924157834013,0.6191103080303473,-5.916188017759991,miscanthus_sinensis_ssp_transmorrisonensis_6wks vs miscanthus_sinensis_15wks,FALSE
21973,0.4043167146831159,16.720613588050526,0.7532379288922189,0.46030044945743254,0.6191103080303473,-5.91631516337254,miscanthus_sinensis_ssp_transmorrisonensis_6wks vs miscanthus_sinensis_15wks,FALSE
2821,1.1701440271474617,18.208503281677558,0.7499446180200525,0.46223638301594594,0.6213986199057803,-5.918738744804498,miscanthus_sinensis_ssp_transmorrisonensis_6wks vs miscanthus_sinensis_15wks,FALSE
8712,0.7176812627872913,17.394021987200958,0.7496721507703178,0.46239676884938696,0.6213986199057803,-5.918938808433358,miscanthus_sinensis_ssp_transmorrisonensis_6wks vs miscanthus_sinensis_15wks,FALSE
2072,1.0848500251888034,17.410860652408836,0.7492818991904976,0.46262654587326246,0.6213986199057803,-5.9192252379246675,miscanthus_sinensis_ssp_transmorrisonensis_6wks vs miscanthus_sinensis_15wks,FALSE
2901,0.8876486492978977,17.20482573431624,0.7489058739430366,0.4628480115039475,0.6213986199057803,-5.9195010929731335,miscanthus_sinensis_ssp_transmorrisonensis_6wks vs miscanthus_sinensis_15wks,FALSE
5661,0.9298023745651172,17.68093317190651,0.7483909955159941,0.4631513601572307,0.6213986199057803,-5.919878600252847,miscanthus_sinensis_ssp_transmorrisonensis_6wks vs miscanthus_sinensis_15wks,FALSE
19594,0.3909271141318129,17.05175672941107,0.747812859148196,0.46349212060587164,0.6213986199057803,-5.920302196607322,miscanthus_sinensis_ssp_transmorrisonensis_6wks vs miscanthus_sinensis_15wks,FALSE
10637,0.9270958022883988,17.462111614000943,0.7477645242857657,0.4635206165704532,0.6213986199057803,-5.920337597245725,miscanthus_sinensis_ssp_transmorrisonensis_6wks vs miscanthus_sinensis_15wks,FALSE
7932,-0.9523448691383329,18.7085678237478,-0.7476712761040787,0.4635755942925385,0.6213986199057803,-5.92040588648106,miscanthus_sinensis_ssp_transmorrisonensis_6wks vs miscanthus_sinensis_15wks,FALSE
8059,0.9216018846056606,17.496340956929036,0.7473927472176544,0.4637398340497796,0.6213986199057803,-5.9206098161447045,miscanthus_sinensis_ssp_transmorrisonensis_6wks vs miscanthus_sinensis_15wks,FALSE
5783,0.8128430697393263,17.632169956556755,0.7472013622598241,0.4638527080188025,0.6213986199057803,-5.920749900408885,miscanthus_sinensis_ssp_transmorrisonensis_6wks vs miscanthus_sinensis_15wks,FALSE
182,-1.2717044277837175,18.32545732064816,-0.747194453333733,0.46385678303581857,0.6213986199057803,-5.920754956766896,miscanthus_sinensis_ssp_transmorrisonensis_6wks vs miscanthus_sinensis_15wks,FALSE
4633,1.0915824763267388,18.065214084303822,0.7471725346254786,0.4638697112523109,0.6213986199057803,-5.920770997873794,miscanthus_sinensis_ssp_transmorrisonensis_6wks vs miscanthus_sinensis_15wks,FALSE
8441,0.8233933395891739,17.185729744100673,0.7465685197557391,0.4642260598544472,0.6216252160376049,-5.921212868973506,miscanthus_sinensis_ssp_transmorrisonensis_6wks vs miscanthus_sinensis_15wks,FALSE
6320,-0.8449322410219828,18.726737126166505,-0.7463579981927257,0.4643502991543431,0.6216252160376049,-5.921366798303662,miscanthus_sinensis_ssp_transmorrisonensis_6wks vs miscanthus_sinensis_15wks,FALSE
2421,1.2163628578193233,20.112686743561362,0.7457017320353925,0.46473772266873803,0.6218724331402263,-5.921846385034887,miscanthus_sinensis_ssp_transmorrisonensis_6wks vs miscanthus_sinensis_15wks,FALSE
3908,-0.7267348953082511,17.789829698712573,-0.7455174827612275,0.46484652817896677,0.6218724331402263,-5.921980959403683,miscanthus_sinensis_ssp_transmorrisonensis_6wks vs miscanthus_sinensis_15wks,FALSE
10454,0.5320585439426537,17.024155893980353,0.7451969500744162,0.4650358501209877,0.6219172910160746,-5.922214999537633,miscanthus_sinensis_ssp_transmorrisonensis_6wks vs miscanthus_sinensis_15wks,FALSE
5987,-0.7028778864106471,17.008746583335437,-0.7445867792652047,0.4653963739537065,0.6220101689536852,-5.922660259704259,miscanthus_sinensis_ssp_transmorrisonensis_6wks vs miscanthus_sinensis_15wks,FALSE
5550,0.4258472413428791,16.944770343588523,0.7445520017903745,0.4654169275212068,0.6220101689536852,-5.922685627529682,miscanthus_sinensis_ssp_transmorrisonensis_6wks vs miscanthus_sinensis_15wks,FALSE
24339,0.5247354491947469,16.6843434719384,0.7439591983611599,0.46576735937357727,0.6222701802608167,-5.9231178659490205,miscanthus_sinensis_ssp_transmorrisonensis_6wks vs miscanthus_sinensis_15wks,FALSE
3301,0.9151967373918168,19.360524252102415,0.7433125324387762,0.4661498118957659,0.6225727832344923,-5.923589007752908,miscanthus_sinensis_ssp_transmorrisonensis_6wks vs miscanthus_sinensis_15wks,FALSE
20715,0.4223659025489326,17.05515176996566,0.7423838559551278,0.4666993805077151,0.6230983033400664,-5.92426493858247,miscanthus_sinensis_ssp_transmorrisonensis_6wks vs miscanthus_sinensis_15wks,FALSE
18118,0.5703431350249026,16.86575150028076,0.7416500105104232,0.4671339268515674,0.6233514421099253,-5.924798499472012,miscanthus_sinensis_ssp_transmorrisonensis_6wks vs miscanthus_sinensis_15wks,FALSE
443,1.2101079227270048,19.97501122806536,0.7415363014831959,0.46720128126074567,0.6233514421099253,-5.924881129976952,miscanthus_sinensis_ssp_transmorrisonensis_6wks vs miscanthus_sinensis_15wks,FALSE
3397,0.8283639419561446,20.320005494887226,0.7411828592369613,0.4674106763288264,0.6234224590393167,-5.925137894443897,miscanthus_sinensis_ssp_transmorrisonensis_6wks vs miscanthus_sinensis_15wks,FALSE
22164,0.39696278385244455,16.85022479283844,0.7406234977206172,0.467742181856881,0.6236562424758413,-5.925544016761941,miscanthus_sinensis_ssp_transmorrisonensis_6wks vs miscanthus_sinensis_15wks,FALSE
9269,0.4692432142886531,17.300905599350088,0.7397931266473311,0.46823456016716514,0.624104295221143,-5.926146371306957,miscanthus_sinensis_ssp_transmorrisonensis_6wks vs miscanthus_sinensis_15wks,FALSE
4837,0.9530486790400978,17.927986701949454,0.7391787938098695,0.4685990351898386,0.6242802327647977,-5.926591600664051,miscanthus_sinensis_ssp_transmorrisonensis_6wks vs miscanthus_sinensis_15wks,FALSE
665,1.245672611792287,19.261368031861906,0.7390435047278008,0.46867932304511495,0.6242802327647977,-5.926689602708238,miscanthus_sinensis_ssp_transmorrisonensis_6wks vs miscanthus_sinensis_15wks,FALSE
12800,0.6915213576075026,17.24612533141758,0.7363806829429401,0.47026125569818,0.6260931089903585,-5.928615079106562,miscanthus_sinensis_ssp_transmorrisonensis_6wks vs miscanthus_sinensis_15wks,FALSE
720,0.46032732067997983,24.095180290468313,0.7362247071677823,0.4703540164985184,0.6260931089903585,-5.928727661282624,miscanthus_sinensis_ssp_transmorrisonensis_6wks vs miscanthus_sinensis_15wks,FALSE
4376,0.6099739555247332,16.88478292272853,0.7350141416324777,0.47107432578027875,0.6268429028382909,-5.929600673396979,miscanthus_sinensis_ssp_transmorrisonensis_6wks vs miscanthus_sinensis_15wks,FALSE
323,0.9935064054315994,23.380067845218225,0.734513939348058,0.47137214708324715,0.6270301936542229,-5.9299610036465795,miscanthus_sinensis_ssp_transmorrisonensis_6wks vs miscanthus_sinensis_15wks,FALSE
10132,0.48597634137457035,17.17749863581512,0.7336761817376067,0.4718712001698211,0.62728787101646,-5.930563979622424,miscanthus_sinensis_ssp_transmorrisonensis_6wks vs miscanthus_sinensis_15wks,FALSE
22197,0.39506477366855464,16.897970276577816,0.7336611970457129,0.47188012942445623,0.62728787101646,-5.930574758939621,miscanthus_sinensis_ssp_transmorrisonensis_6wks vs miscanthus_sinensis_15wks,FALSE
414,-2.1455060528750813,22.55906536527632,-0.7333299431871124,0.4720775465208482,0.627341400037026,-5.930812995066776,miscanthus_sinensis_ssp_transmorrisonensis_6wks vs miscanthus_sinensis_15wks,FALSE
597,1.4621159904295453,19.754555692619384,0.7327887298534396,0.47240019856892057,0.6275612621255011,-5.9312020144406405,miscanthus_sinensis_ssp_transmorrisonensis_6wks vs miscanthus_sinensis_15wks,FALSE
18601,0.45750772179252763,16.81079943455118,0.7322621800058927,0.4727142344415548,0.6277695355591107,-5.931580233561666,miscanthus_sinensis_ssp_transmorrisonensis_6wks vs miscanthus_sinensis_15wks,FALSE
11457,0.5239296207188389,16.860852681303204,0.7316374504358055,0.4730869857049733,0.6280556191999512,-5.932028641878401,miscanthus_sinensis_ssp_transmorrisonensis_6wks vs miscanthus_sinensis_15wks,FALSE
9219,0.5789037570252376,18.226569171774862,0.7300707340617295,0.4740225498143864,0.6290884371206884,-5.933151584368032,miscanthus_sinensis_ssp_transmorrisonensis_6wks vs miscanthus_sinensis_15wks,FALSE
155,0.4809365269285486,23.319814509873442,0.7290134178735741,0.4746545450727554,0.6297178278266665,-5.933908129646473,miscanthus_sinensis_ssp_transmorrisonensis_6wks vs miscanthus_sinensis_15wks,FALSE
76,1.5537860913217898,21.110309096884343,0.7287204881785271,0.4748297277443363,0.6297409545366746,-5.934117547443208,miscanthus_sinensis_ssp_transmorrisonensis_6wks vs miscanthus_sinensis_15wks,FALSE
1449,1.4046587061589904,19.484154450320997,0.7276230301364075,0.4754863880531026,0.6304024115270627,-5.9349014219497995,miscanthus_sinensis_ssp_transmorrisonensis_6wks vs miscanthus_sinensis_15wks,FALSE
1098,1.2372007254725972,18.268052758462122,0.7273250917771616,0.4756647511406549,0.630429510807933,-5.935114035846971,miscanthus_sinensis_ssp_transmorrisonensis_6wks vs miscanthus_sinensis_15wks,FALSE
14713,0.4894670517679991,16.870750079319222,0.7256927664416052,0.4766426572310253,0.6314766807023464,-5.936277430475403,miscanthus_sinensis_ssp_transmorrisonensis_6wks vs miscanthus_sinensis_15wks,FALSE
3171,1.0003888832051935,17.411928470175077,0.7254783138480512,0.47677122135192185,0.6314766807023464,-5.9364300919954465,miscanthus_sinensis_ssp_transmorrisonensis_6wks vs miscanthus_sinensis_15wks,FALSE
4691,-0.8294162949103274,17.413120289903162,-0.7235836887924624,0.4779079365170591,0.6327015854257089,-5.937776958070172,miscanthus_sinensis_ssp_transmorrisonensis_6wks vs miscanthus_sinensis_15wks,FALSE
4079,1.0873508625412356,18.324526954595605,0.7234086723099085,0.47801302145389224,0.6327015854257089,-5.937901207158282,miscanthus_sinensis_ssp_transmorrisonensis_6wks vs miscanthus_sinensis_15wks,FALSE
5861,0.8653158293864465,17.810415500548736,0.7226682479580397,0.4784577442623794,0.6330803165712359,-5.938426540609654,miscanthus_sinensis_ssp_transmorrisonensis_6wks vs miscanthus_sinensis_15wks,FALSE
22392,-0.43590569535392376,16.92230366336258,-0.7218998473254495,0.4789195282191687,0.6332745211981461,-5.938971185358039,miscanthus_sinensis_ssp_transmorrisonensis_6wks vs miscanthus_sinensis_15wks,FALSE
1453,1.00764457701489,18.66767442632017,0.7218960874113153,0.47892178845120315,0.6332745211981461,-5.938973849049528,miscanthus_sinensis_ssp_transmorrisonensis_6wks vs miscanthus_sinensis_15wks,FALSE
7377,0.7536840384028842,17.193032530103583,0.7215304729148608,0.47914160368368486,0.6333553913593609,-5.939232804049479,miscanthus_sinensis_ssp_transmorrisonensis_6wks vs miscanthus_sinensis_15wks,FALSE
8748,0.549554549209919,17.10909846015501,0.7202420053283319,0.47991673118170497,0.6337965162642221,-5.940144402051188,miscanthus_sinensis_ssp_transmorrisonensis_6wks vs miscanthus_sinensis_15wks,FALSE
7698,0.7333559081725554,17.41618140739233,0.7200635451690514,0.48002414890885003,0.6337965162642221,-5.940270542079706,miscanthus_sinensis_ssp_transmorrisonensis_6wks vs miscanthus_sinensis_15wks,FALSE
4098,0.3724734654073174,16.781229193987723,0.7200445662551468,0.48003557342073777,0.6337965162642221,-5.940283955102962,miscanthus_sinensis_ssp_transmorrisonensis_6wks vs miscanthus_sinensis_15wks,FALSE
15140,0.42378768674511846,16.939564171511005,0.7199202890139419,0.48011038706989173,0.6337965162642221,-5.940371777654612,miscanthus_sinensis_ssp_transmorrisonensis_6wks vs miscanthus_sinensis_15wks,FALSE
9140,0.53993506426335,17.201608842396865,0.7195915938029265,0.48030829132020114,0.6338481649422291,-5.940603986387938,miscanthus_sinensis_ssp_transmorrisonensis_6wks vs miscanthus_sinensis_15wks,FALSE
21139,0.39736363186160517,16.85644388092956,0.7190101475164261,0.4806584919899586,0.6339426373101429,-5.9410145069269875,miscanthus_sinensis_ssp_transmorrisonensis_6wks vs miscanthus_sinensis_15wks,FALSE
6444,0.7212756913080334,17.835927179729165,0.7189044711920258,0.4807221561419932,0.6339426373101429,-5.941089084229051,miscanthus_sinensis_ssp_transmorrisonensis_6wks vs miscanthus_sinensis_15wks,FALSE
2397,-1.1088847186459176,19.75128434865744,-0.7186665146862656,0.48086552993600173,0.6339426373101429,-5.9412569755827205,miscanthus_sinensis_ssp_transmorrisonensis_6wks vs miscanthus_sinensis_15wks,FALSE
20286,0.41578713798907074,17.063796326132316,0.71841833147834,0.481015092287681,0.6339426373101429,-5.9414320264002916,miscanthus_sinensis_ssp_transmorrisonensis_6wks vs miscanthus_sinensis_15wks,FALSE
3039,1.3473950979091818,18.3882494493712,0.7176937592083962,0.4814518966746949,0.6342082799889134,-5.94194276086718,miscanthus_sinensis_ssp_transmorrisonensis_6wks vs miscanthus_sinensis_15wks,FALSE
12571,0.5731853417057664,16.897076836302208,0.7175569574994117,0.4815343929474941,0.6342082799889134,-5.942039134534165,miscanthus_sinensis_ssp_transmorrisonensis_6wks vs miscanthus_sinensis_15wks,FALSE
2144,0.3190688983810652,21.956265031208858,0.7139081207513601,0.4837378296668736,0.636900203176174,-5.944603237695365,miscanthus_sinensis_ssp_transmorrisonensis_6wks vs miscanthus_sinensis_15wks,FALSE
151,-1.9013648747462142,21.377367221498965,-0.713179125636726,0.4841787568052287,0.637270556269856,-5.94511403217916,miscanthus_sinensis_ssp_transmorrisonensis_6wks vs miscanthus_sinensis_15wks,FALSE
9171,0.6025011097695803,17.227148402032736,0.7123972439368834,0.48465193310134347,0.6376830972117874,-5.945661334056376,miscanthus_sinensis_ssp_transmorrisonensis_6wks vs miscanthus_sinensis_15wks,FALSE
14896,0.44884919929970124,16.869085372823566,0.7120603641518225,0.4848558880457816,0.6377412537327052,-5.945896968024236,miscanthus_sinensis_ssp_transmorrisonensis_6wks vs miscanthus_sinensis_15wks,FALSE
7126,-0.838021913560965,19.027954016330508,-0.711593238424219,0.4851387799026815,0.6379031651421293,-5.946223529139201,miscanthus_sinensis_ssp_transmorrisonensis_6wks vs miscanthus_sinensis_15wks,FALSE
24025,-0.40923918933710723,16.555836011289887,-0.7086822751603526,0.4869038328519413,0.6398968045766861,-5.948253967950891,miscanthus_sinensis_ssp_transmorrisonensis_6wks vs miscanthus_sinensis_15wks,FALSE
2388,0.7993271397268877,22.75990350545522,0.7085640879703533,0.48697557422444193,0.6398968045766861,-5.948336238605217,miscanthus_sinensis_ssp_transmorrisonensis_6wks vs miscanthus_sinensis_15wks,FALSE
159,1.5794032415906223,24.339471281756133,0.7073377402714888,0.48772034876930115,0.6406093730450884,-5.949189137345048,miscanthus_sinensis_ssp_transmorrisonensis_6wks vs miscanthus_sinensis_15wks,FALSE
23842,0.4919923169892719,16.928641435139053,0.7071427968335099,0.48783880111650013,0.6406093730450884,-5.949324587356787,miscanthus_sinensis_ssp_transmorrisonensis_6wks vs miscanthus_sinensis_15wks,FALSE
393,1.1049683856226054,20.8729674313675,0.706387142061933,0.48829811340181817,0.640926521394104,-5.949849294624235,miscanthus_sinensis_ssp_transmorrisonensis_6wks vs miscanthus_sinensis_15wks,FALSE
1080,1.1445830095909528,18.433912332490575,0.7061237808514403,0.48845825224748585,0.640926521394104,-5.950032040902395,miscanthus_sinensis_ssp_transmorrisonensis_6wks vs miscanthus_sinensis_15wks,FALSE
3456,-0.8975486505561427,17.4947435529943,-0.7059532270640009,0.48856197510076615,0.640926521394104,-5.950150353664336,miscanthus_sinensis_ssp_transmorrisonensis_6wks vs miscanthus_sinensis_15wks,FALSE
6729,-0.7716304950427073,18.055694275113865,-0.7052818298211168,0.4889704119507604,0.6412142445377652,-5.9506158370503455,miscanthus_sinensis_ssp_transmorrisonensis_6wks vs miscanthus_sinensis_15wks,FALSE
5369,0.5010546491707402,17.363056718190922,0.7048917087910556,0.4892078287251619,0.6412142445377652,-5.950886117185052,miscanthus_sinensis_ssp_transmorrisonensis_6wks vs miscanthus_sinensis_15wks,FALSE
18595,0.4270632672251864,17.017743661370048,0.7048007824769632,0.4892631735626335,0.6412142445377652,-5.950949091556823,miscanthus_sinensis_ssp_transmorrisonensis_6wks vs miscanthus_sinensis_15wks,FALSE
2701,0.7903185088538756,17.837724583457558,0.7034419304576093,0.4900907098472713,0.641899212401781,-5.951889296712784,miscanthus_sinensis_ssp_transmorrisonensis_6wks vs miscanthus_sinensis_15wks,FALSE
9365,0.662193317703629,17.631754257866397,0.7034145140830659,0.49010741467951624,0.641899212401781,-5.9519082487032335,miscanthus_sinensis_ssp_transmorrisonensis_6wks vs miscanthus_sinensis_15wks,FALSE
22837,0.47407585596783974,16.701168791319883,0.7024377747547152,0.49070275865543256,0.6423472423035458,-5.952582977657348,miscanthus_sinensis_ssp_transmorrisonensis_6wks vs miscanthus_sinensis_15wks,FALSE
13985,0.3929606526682079,16.973362194278685,0.7019927725580754,0.4909741361590627,0.6423472423035458,-5.952890089095419,miscanthus_sinensis_ssp_transmorrisonensis_6wks vs miscanthus_sinensis_15wks,FALSE
3263,0.9054007800822887,17.609882217806312,0.7016167738014697,0.4912035007769462,0.6423472423035458,-5.953149434958398,miscanthus_sinensis_ssp_transmorrisonensis_6wks vs miscanthus_sinensis_15wks,FALSE
948,-0.48312118224433576,22.634763419012465,-0.7015986200744894,0.49121457638040955,0.6423472423035458,-5.953161953190442,miscanthus_sinensis_ssp_transmorrisonensis_6wks vs miscanthus_sinensis_15wks,FALSE
1867,0.7135870535048099,17.453398174894826,0.701533936971224,0.4912540407697208,0.6423472423035458,-5.953206554100568,miscanthus_sinensis_ssp_transmorrisonensis_6wks vs miscanthus_sinensis_15wks,FALSE
7786,0.7749064566904877,17.277893947610025,0.7004898067092258,0.4918913384778043,0.6427951870070703,-5.953925972931469,miscanthus_sinensis_ssp_transmorrisonensis_6wks vs miscanthus_sinensis_15wks,FALSE
3729,-0.8322370862187256,17.423648977082582,-0.7002836992945957,0.49201719518610587,0.6427951870070703,-5.954067863360163,miscanthus_sinensis_ssp_transmorrisonensis_6wks vs miscanthus_sinensis_15wks,FALSE
16827,0.4270487242030008,16.987724616461204,0.7001813796121901,0.49207968223787746,0.6427951870070703,-5.954138288532515,miscanthus_sinensis_ssp_transmorrisonensis_6wks vs miscanthus_sinensis_15wks,FALSE
22233,0.36074634055130517,17.17723152695091,0.6990678986568697,0.4927599864089087,0.6433416991046252,-5.954904050114679,miscanthus_sinensis_ssp_transmorrisonensis_6wks vs miscanthus_sinensis_15wks,FALSE
798,0.7539449894053618,22.70192710312357,0.6989691098657047,0.49282036970489584,0.6433416991046252,-5.95497193314303,miscanthus_sinensis_ssp_transmorrisonensis_6wks vs miscanthus_sinensis_15wks,FALSE
12567,0.415715697538225,16.840068397398234,0.6979966000562102,0.4934150312243679,0.6439074222450725,-5.955639710257567,miscanthus_sinensis_ssp_transmorrisonensis_6wks vs miscanthus_sinensis_15wks,FALSE
343,-0.4733845521700637,24.30804148574986,-0.695410964347146,0.49499808606700846,0.6457622090129078,-5.957410852360051,miscanthus_sinensis_ssp_transmorrisonensis_6wks vs miscanthus_sinensis_15wks,FALSE
10805,0.5199912869236769,17.435971982253992,0.694711021093824,0.49542712904088315,0.6457788800036279,-5.957889234992953,miscanthus_sinensis_ssp_transmorrisonensis_6wks vs miscanthus_sinensis_15wks,FALSE
2587,-0.9155903523514155,18.078195046707233,-0.6943288615872472,0.49566147103197955,0.6457788800036279,-5.958150232317073,miscanthus_sinensis_ssp_transmorrisonensis_6wks vs miscanthus_sinensis_15wks,FALSE
6215,-0.9963903185513168,18.716988556740663,-0.6942178604098284,0.49572954942920333,0.6457788800036279,-5.958226015440839,miscanthus_sinensis_ssp_transmorrisonensis_6wks vs miscanthus_sinensis_15wks,FALSE
2718,-1.1189542083829558,18.916216262882543,-0.6941343182513376,0.495780790419716,0.6457788800036279,-5.958283044054404,miscanthus_sinensis_ssp_transmorrisonensis_6wks vs miscanthus_sinensis_15wks,FALSE
807,-1.344326140036216,20.39456112458974,-0.6940708741341501,0.4958197062152103,0.6457788800036279,-5.958326348731722,miscanthus_sinensis_ssp_transmorrisonensis_6wks vs miscanthus_sinensis_15wks,FALSE
13289,0.5516889458441128,17.291390663322897,0.6934888217321591,0.49617681162340166,0.6460332133074427,-5.958723461342135,miscanthus_sinensis_ssp_transmorrisonensis_6wks vs miscanthus_sinensis_15wks,FALSE
5485,-0.867265159701752,19.185585175664173,-0.6910581704742552,0.4976696820374549,0.6474224169438886,-5.9603783831466375,miscanthus_sinensis_ssp_transmorrisonensis_6wks vs miscanthus_sinensis_15wks,FALSE
14013,0.42465577379278585,16.797987228334183,0.6909454866228435,0.4977389533052947,0.6474224169438886,-5.960454970636538,miscanthus_sinensis_ssp_transmorrisonensis_6wks vs miscanthus_sinensis_15wks,FALSE
19973,0.43835464736086394,17.127601597293463,0.6905392067447328,0.4979887557347097,0.6474224169438886,-5.960731007106479,miscanthus_sinensis_ssp_transmorrisonensis_6wks vs miscanthus_sinensis_15wks,FALSE
3643,-0.688345437949561,17.04890244109253,-0.6904626348523053,0.49803584425384073,0.6474224169438886,-5.960783014640195,miscanthus_sinensis_ssp_transmorrisonensis_6wks vs miscanthus_sinensis_15wks,FALSE
3813,0.7091790767963282,17.812747365667168,0.6904320230522122,0.4980546699485676,0.6474224169438886,-5.960803804603073,miscanthus_sinensis_ssp_transmorrisonensis_6wks vs miscanthus_sinensis_15wks,FALSE
3405,0.3766537505600098,21.843112757315623,0.6892153006955714,0.4988032624001073,0.6481844477543062,-5.961629430561685,miscanthus_sinensis_ssp_transmorrisonensis_6wks vs miscanthus_sinensis_15wks,FALSE
17152,0.42564943884420714,17.009010960780312,0.688891112739859,0.4990028288761059,0.648232766961736,-5.961849179835183,miscanthus_sinensis_ssp_transmorrisonensis_6wks vs miscanthus_sinensis_15wks,FALSE
17175,0.43643596385608774,16.712431488016094,0.6874573568321415,0.49988598136813445,0.6491687825704596,-5.962819865977764,miscanthus_sinensis_ssp_transmorrisonensis_6wks vs miscanthus_sinensis_15wks,FALSE
9508,0.7206488254987384,17.6340805835793,0.6870448620643153,0.500140231929386,0.6492877417437751,-5.9630987783905445,miscanthus_sinensis_ssp_transmorrisonensis_6wks vs miscanthus_sinensis_15wks,FALSE
10411,0.5368806189336333,17.677389147316177,0.6861064017641827,0.5007189488913435,0.6498277126054106,-5.963732734571398,miscanthus_sinensis_ssp_transmorrisonensis_6wks vs miscanthus_sinensis_15wks,FALSE
9565,0.642317240346646,17.091114616194947,0.6851287458582069,0.5013222433913698,0.6501720974192223,-5.964392292092174,miscanthus_sinensis_ssp_transmorrisonensis_6wks vs miscanthus_sinensis_15wks,FALSE
19623,0.4800446986889817,16.986930407355732,0.6850302479207193,0.5013830477747118,0.6501720974192223,-5.964458692311755,miscanthus_sinensis_ssp_transmorrisonensis_6wks vs miscanthus_sinensis_15wks,FALSE
10178,0.46635731522804846,17.010221383888837,0.6847309522110724,0.5015678337399185,0.6501720974192223,-5.964660400223228,miscanthus_sinensis_ssp_transmorrisonensis_6wks vs miscanthus_sinensis_15wks,FALSE
3928,1.105826497695304,18.83375694749391,0.6846209056000621,0.5016357865859731,0.6501720974192223,-5.964734544162272,miscanthus_sinensis_ssp_transmorrisonensis_6wks vs miscanthus_sinensis_15wks,FALSE
11681,0.382757699319324,16.922890328841778,0.6826691083766026,0.5028418776818371,0.6514922927121658,-5.966047684611816,miscanthus_sinensis_ssp_transmorrisonensis_6wks vs miscanthus_sinensis_15wks,FALSE
12035,0.7340774032223081,17.679758053030827,0.6824445077521742,0.5029807730808855,0.6514922927121658,-5.966198563779545,miscanthus_sinensis_ssp_transmorrisonensis_6wks vs miscanthus_sinensis_15wks,FALSE
2295,1.1912108671321313,20.29269659219698,0.6819963593344823,0.5032579781196864,0.6516399119863082,-5.966499473696925,miscanthus_sinensis_ssp_transmorrisonensis_6wks vs miscanthus_sinensis_15wks,FALSE
1934,0.7761478505991839,18.181565671211246,0.6806754237348948,0.5040755572690453,0.6524869081122013,-5.967385323563963,miscanthus_sinensis_ssp_transmorrisonensis_6wks vs miscanthus_sinensis_15wks,FALSE
22489,0.41288642032154144,17.06548408051593,0.6778240726322575,0.5058429445531434,0.6545624099371631,-5.9692919325488285,miscanthus_sinensis_ssp_transmorrisonensis_6wks vs miscanthus_sinensis_15wks,FALSE
18757,0.48284868868465125,16.94580405351425,0.6774472445939268,0.5060767812908843,0.6546527903153629,-5.969543335607586,miscanthus_sinensis_ssp_transmorrisonensis_6wks vs miscanthus_sinensis_15wks,FALSE
2993,0.8686120629635283,17.860192507644754,0.6770803366940992,0.5063045211089221,0.6547352278156194,-5.969787992484494,miscanthus_sinensis_ssp_transmorrisonensis_6wks vs miscanthus_sinensis_15wks,FALSE
22046,0.3723467958823292,16.616861502589547,0.6751317983043879,0.5075149528655427,0.6560879831085642,-5.971085177062106,miscanthus_sinensis_ssp_transmorrisonensis_6wks vs miscanthus_sinensis_15wks,FALSE
18423,-0.42291730189304744,16.798678898529094,-0.6743009165363362,0.5080315944298417,0.6565169282573401,-5.97163723033073,miscanthus_sinensis_ssp_transmorrisonensis_6wks vs miscanthus_sinensis_15wks,FALSE
2347,-0.6622824626842032,18.129845433143444,-0.6740692806757099,0.5081756784356666,0.6565169282573401,-5.971791018065142,miscanthus_sinensis_ssp_transmorrisonensis_6wks vs miscanthus_sinensis_15wks,FALSE
3065,1.2967276968319474,19.448680250142928,0.673432454643501,0.5085719212120332,0.6568162761172555,-5.972213560332084,miscanthus_sinensis_ssp_transmorrisonensis_6wks vs miscanthus_sinensis_15wks,FALSE
5061,0.988707085414493,18.246915620492388,0.6722976242918166,0.509278462597797,0.6575160487355775,-5.972965591670343,miscanthus_sinensis_ssp_transmorrisonensis_6wks vs miscanthus_sinensis_15wks,FALSE
327,0.7194334281225032,20.672045304523163,0.6707508586073846,0.5102423656364685,0.6584770309981126,-5.9739886587010105,miscanthus_sinensis_ssp_transmorrisonensis_6wks vs miscanthus_sinensis_15wks,FALSE
5321,0.532615872191883,20.267125383270997,0.670573929219097,0.5103526888547496,0.6584770309981126,-5.974105540804773,miscanthus_sinensis_ssp_transmorrisonensis_6wks vs miscanthus_sinensis_15wks,FALSE
20999,0.43038805816231474,17.435494948389152,0.6699028148748186,0.510771280284899,0.6586396071479332,-5.974548621450301,miscanthus_sinensis_ssp_transmorrisonensis_6wks vs miscanthus_sinensis_15wks,FALSE
19260,0.4852897488761272,17.073357180362542,0.6698428789623564,0.5108086732790584,0.6586396071479332,-5.974588171548665,miscanthus_sinensis_ssp_transmorrisonensis_6wks vs miscanthus_sinensis_15wks,FALSE
19764,0.4447090041224371,16.946613976321782,0.6693537546878083,0.5111138872376222,0.65882035448905,-5.97491080543086,miscanthus_sinensis_ssp_transmorrisonensis_6wks vs miscanthus_sinensis_15wks,FALSE
16057,0.551756505266507,16.62324860700946,0.6685091110839577,0.5116411873515596,0.6592126851732554,-5.97546741636182,miscanthus_sinensis_ssp_transmorrisonensis_6wks vs miscanthus_sinensis_15wks,FALSE
674,-1.3876465716816604,18.976907324510144,-0.6683372349566841,0.5117485248877551,0.6592126851732554,-5.9755805988127655,miscanthus_sinensis_ssp_transmorrisonensis_6wks vs miscanthus_sinensis_15wks,FALSE
451,1.3488365636560182,23.271137398291387,0.6678068772914705,0.5120798158865532,0.6594266532319744,-5.975929670662269,miscanthus_sinensis_ssp_transmorrisonensis_6wks vs miscanthus_sinensis_15wks,FALSE
2386,0.9810346794636153,20.875482587516967,0.6674478050315888,0.5123041809382576,0.6595028346680182,-5.976165855547956,miscanthus_sinensis_ssp_transmorrisonensis_6wks vs miscanthus_sinensis_15wks,FALSE
293,-0.8051911898345168,24.185454290521474,-0.6657479342414762,0.5133670892348838,0.66048860201727,-5.9772823256069785,miscanthus_sinensis_ssp_transmorrisonensis_6wks vs miscanthus_sinensis_15wks,FALSE
19829,0.5661558317528339,17.022037484552882,0.6656939987630776,0.5134008346842658,0.66048860201727,-5.977317705825814,miscanthus_sinensis_ssp_transmorrisonensis_6wks vs miscanthus_sinensis_15wks,FALSE
170,1.742662003066684,24.594756854283776,0.6650620045963672,0.5137963430248045,0.6607844720860244,-5.977732073242902,miscanthus_sinensis_ssp_transmorrisonensis_6wks vs miscanthus_sinensis_15wks,FALSE
20745,0.40438355904010237,16.803351223997055,0.6639997629947423,0.514461489587805,0.6614268168871232,-5.978427686897312,miscanthus_sinensis_ssp_transmorrisonensis_6wks vs miscanthus_sinensis_15wks,FALSE
4941,-0.8239081648162703,19.798014341625766,-0.6634353953046195,0.5148150774470983,0.6614987604876129,-5.978796834097098,miscanthus_sinensis_ssp_transmorrisonensis_6wks vs miscanthus_sinensis_15wks,FALSE
1510,-0.5019323288096835,21.894999399561762,-0.6633814858727115,0.5148488599286105,0.6614987604876129,-5.978832080042617,miscanthus_sinensis_ssp_transmorrisonensis_6wks vs miscanthus_sinensis_15wks,FALSE
3085,0.6630096959426091,17.267294842828036,0.662680415112782,0.5152883007767116,0.6618503528637815,-5.979290190728157,miscanthus_sinensis_ssp_transmorrisonensis_6wks vs miscanthus_sinensis_15wks,FALSE
11709,0.5201573897431189,17.33963788531426,0.6623556936096652,0.5154919118548619,0.661898910300614,-5.979502221525958,miscanthus_sinensis_ssp_transmorrisonensis_6wks vs miscanthus_sinensis_15wks,FALSE
2410,1.2344853773537956,18.247333593512234,0.6619326654235389,0.5157572320018774,0.6620266463509629,-5.979778294109571,miscanthus_sinensis_ssp_transmorrisonensis_6wks vs miscanthus_sinensis_15wks,FALSE
5329,-0.8989648701047237,18.885032583213025,-0.660125928019645,0.5168912639565426,0.6630547756960158,-5.980955494996572,miscanthus_sinensis_ssp_transmorrisonensis_6wks vs miscanthus_sinensis_15wks,FALSE
3679,-0.7933815260429959,17.905567018944495,-0.6597487772135537,0.5171281652308797,0.6630547756960158,-5.981200844571601,miscanthus_sinensis_ssp_transmorrisonensis_6wks vs miscanthus_sinensis_15wks,FALSE
1060,1.5330078284822761,19.50520717842112,0.6595276955598169,0.5172670623371638,0.6630547756960158,-5.981344603569364,miscanthus_sinensis_ssp_transmorrisonensis_6wks vs miscanthus_sinensis_15wks,FALSE
481,-1.5479256146511062,22.288211489064587,-0.6594609260273852,0.5173090151634258,0.6630547756960158,-5.9813880116120615,miscanthus_sinensis_ssp_transmorrisonensis_6wks vs miscanthus_sinensis_15wks,FALSE
2832,0.7458709803516506,17.99921185935276,0.65933413843242,0.5173886839411546,0.6630547756960158,-5.981470426901977,miscanthus_sinensis_ssp_transmorrisonensis_6wks vs miscanthus_sinensis_15wks,FALSE
2934,0.9035751639780578,17.44732753279253,0.6577199863688614,0.5184035576279677,0.6641421701061768,-5.982518346064708,miscanthus_sinensis_ssp_transmorrisonensis_6wks vs miscanthus_sinensis_15wks,FALSE
34,0.7972214816649554,22.149534043859905,0.6568857806474159,0.5189284864988426,0.6646013853395507,-5.983058957154803,miscanthus_sinensis_ssp_transmorrisonensis_6wks vs miscanthus_sinensis_15wks,FALSE
14172,0.46299051935321955,17.007414623400468,0.6555289087263393,0.5197829382134438,0.6653138203384708,-5.983936884992887,miscanthus_sinensis_ssp_transmorrisonensis_6wks vs miscanthus_sinensis_15wks,FALSE
4993,0.5906657223209102,21.488809043512465,0.6554731180111215,0.5198180875840908,0.6653138203384708,-5.983972945779652,miscanthus_sinensis_ssp_transmorrisonensis_6wks vs miscanthus_sinensis_15wks,FALSE
2612,0.6993943101022708,17.343459654786894,0.6544012317824658,0.5204936560064426,0.665962349620494,-5.984665199003897,miscanthus_sinensis_ssp_transmorrisonensis_6wks vs miscanthus_sinensis_15wks,FALSE
2307,1.0274181221194567,20.084285502665686,0.6541398954015368,0.5206584401717339,0.665962349620494,-5.984833813034159,miscanthus_sinensis_ssp_transmorrisonensis_6wks vs miscanthus_sinensis_15wks,FALSE
732,0.530260923980979,24.85155914506301,0.6535690757925884,0.5210184679963332,0.6662093927742992,-5.985201881652525,miscanthus_sinensis_ssp_transmorrisonensis_6wks vs miscanthus_sinensis_15wks,FALSE
4812,1.1221292596716346,18.404256539413883,0.6521687246752846,0.5219022838945101,0.6671258140592009,-5.986103537759846,miscanthus_sinensis_ssp_transmorrisonensis_6wks vs miscanthus_sinensis_15wks,FALSE
1601,0.861969315692555,22.16978928745271,0.6510397332910048,0.5226154391067414,0.6678235700749398,-5.986829125533356,miscanthus_sinensis_ssp_transmorrisonensis_6wks vs miscanthus_sinensis_15wks,FALSE
1227,1.0667929683562143,20.021715562505157,0.6498278727738627,0.5233815410276259,0.6685885157703304,-5.987606635109732,miscanthus_sinensis_ssp_transmorrisonensis_6wks vs miscanthus_sinensis_15wks,FALSE
7463,0.525429391776985,16.894759279303564,0.6488540456850311,0.5239976154192547,0.6691613821988691,-5.988230422925908,miscanthus_sinensis_ssp_transmorrisonensis_6wks vs miscanthus_sinensis_15wks,FALSE
2872,0.7058212121699228,20.443377474990324,0.6465228369375643,0.5254740403912596,0.6706883615104658,-5.989720052065986,miscanthus_sinensis_ssp_transmorrisonensis_6wks vs miscanthus_sinensis_15wks,FALSE
14732,-0.4936361516590715,17.007865444444235,-0.6464355641589428,0.5255293574160163,0.6706883615104658,-5.989775719314039,miscanthus_sinensis_ssp_transmorrisonensis_6wks vs miscanthus_sinensis_15wks,FALSE
2916,0.9234808707280848,21.46472275798513,0.6459270799257688,0.5258517192036241,0.6708082766754176,-5.990099914842743,miscanthus_sinensis_ssp_transmorrisonensis_6wks vs miscanthus_sinensis_15wks,FALSE
184,0.290993686337746,26.287781361893742,0.6457572730547805,0.5259593952890925,0.6708082766754176,-5.990208124678336,miscanthus_sinensis_ssp_transmorrisonensis_6wks vs miscanthus_sinensis_15wks,FALSE
12501,0.6146074187632173,17.41765081777635,0.6444041458033015,0.5268178597599711,0.6716706419061874,-5.991069435828994,miscanthus_sinensis_ssp_transmorrisonensis_6wks vs miscanthus_sinensis_15wks,FALSE
2052,-0.8653818096502484,18.057404591900315,-0.6441612264359868,0.5269720567259968,0.6716706419061874,-5.9912238792237495,miscanthus_sinensis_ssp_transmorrisonensis_6wks vs miscanthus_sinensis_15wks,FALSE
5353,0.9100086869461705,17.58619367249194,0.6429894744800828,0.5277161938688713,0.6724044193822324,-5.991968073790504,miscanthus_sinensis_ssp_transmorrisonensis_6wks vs miscanthus_sinensis_15wks,FALSE
4430,-0.7306623188506869,17.5933628662805,-0.6419741561966125,0.5283614525856557,0.6728948803880981,-5.992611866978357,miscanthus_sinensis_ssp_transmorrisonensis_6wks vs miscanthus_sinensis_15wks,FALSE
13298,0.5377305252918347,17.20914911197196,0.6418533777330226,0.5284382389821362,0.6728948803880981,-5.992688385414975,miscanthus_sinensis_ssp_transmorrisonensis_6wks vs miscanthus_sinensis_15wks,FALSE
398,1.2663701593183774,22.055715939028868,0.6414056977331064,0.5287229105121958,0.6730426845550656,-5.99297189008649,miscanthus_sinensis_ssp_transmorrisonensis_6wks vs miscanthus_sinensis_15wks,FALSE
492,0.697743516822662,23.00662264648322,0.6410017006344458,0.5289798771352867,0.6731551385158,-5.9932275689603,miscanthus_sinensis_ssp_transmorrisonensis_6wks vs miscanthus_sinensis_15wks,FALSE
5336,0.8585564567558954,17.79904541063929,0.6405452649790688,0.5292702802953857,0.6733100570233205,-5.99351624929053,miscanthus_sinensis_ssp_transmorrisonensis_6wks vs miscanthus_sinensis_15wks,FALSE
23078,-0.338789171421471,16.964852610665503,-0.6402523814404413,0.5294566709167139,0.6733325996494176,-5.9937013846977125,miscanthus_sinensis_ssp_transmorrisonensis_6wks vs miscanthus_sinensis_15wks,FALSE
5997,0.5896761573522227,17.292284089426733,0.6381686956094796,0.5307837636168853,0.6748053453371357,-5.99501616945337,miscanthus_sinensis_ssp_transmorrisonensis_6wks vs miscanthus_sinensis_15wks,FALSE
1134,0.6348127009930664,17.40758056940805,0.6376390316463534,0.5311213948635879,0.6750196142296857,-5.995349727994029,miscanthus_sinensis_ssp_transmorrisonensis_6wks vs miscanthus_sinensis_15wks,FALSE
14218,0.4521272551105646,16.840987880420823,0.6369839556607666,0.5315391317299445,0.6753355231909416,-5.9957618985727805,miscanthus_sinensis_ssp_transmorrisonensis_6wks vs miscanthus_sinensis_15wks,FALSE
18934,0.44841590614165483,16.83572078829851,0.6362330155665691,0.5320182212730682,0.6755850164387165,-5.996233887281824,miscanthus_sinensis_ssp_transmorrisonensis_6wks vs miscanthus_sinensis_15wks,FALSE
1231,0.8296247592748891,22.72682276532384,0.6361456559012437,0.5320739708625563,0.6755850164387165,-5.9962887608697475,miscanthus_sinensis_ssp_transmorrisonensis_6wks vs miscanthus_sinensis_15wks,FALSE
2031,0.3756693228380321,22.086785096019835,0.635605062320515,0.5324190279206078,0.6758081906070164,-5.996628165653779,miscanthus_sinensis_ssp_transmorrisonensis_6wks vs miscanthus_sinensis_15wks,FALSE
4751,0.9765357174509219,18.015470504553903,0.6349801780654025,0.5328180392986803,0.676099686230239,-5.9970201469035445,miscanthus_sinensis_ssp_transmorrisonensis_6wks vs miscanthus_sinensis_15wks,FALSE
6081,-0.5736826326224609,16.944217395374658,-0.6342992832160685,0.533253001165957,0.6764366001444233,-5.997446842376881,miscanthus_sinensis_ssp_transmorrisonensis_6wks vs miscanthus_sinensis_15wks,FALSE
8344,0.6254166203318192,17.274209107217953,0.6335236655379041,0.5337487086339638,0.6766824258460986,-5.997932363380341,miscanthus_sinensis_ssp_transmorrisonensis_6wks vs miscanthus_sinensis_15wks,FALSE
2784,-0.9608655182275427,20.59251385913442,-0.633465627863127,0.5337858113700813,0.6766824258460986,-5.9979686709070466,miscanthus_sinensis_ssp_transmorrisonensis_6wks vs miscanthus_sinensis_15wks,FALSE
4743,0.8066235905606334,17.618194020359535,0.6328756448008935,0.5341630596547364,0.67694569337832,-5.998337574887131,miscanthus_sinensis_ssp_transmorrisonensis_6wks vs miscanthus_sinensis_15wks,FALSE
943,0.5421857483073467,18.852142495049907,0.63218333406149,0.5346059235931087,0.6772919222417295,-5.9987700422203964,miscanthus_sinensis_ssp_transmorrisonensis_6wks vs miscanthus_sinensis_15wks,FALSE
3842,0.744378137102327,19.97468757940282,0.6296261197747819,0.5362434771746252,0.6790032398853352,-6.00036353081598,miscanthus_sinensis_ssp_transmorrisonensis_6wks vs miscanthus_sinensis_15wks,FALSE
4960,0.6291442946821952,17.428725787022234,0.6295427695371465,0.5362968976348852,0.6790032398853352,-6.000415365055211,miscanthus_sinensis_ssp_transmorrisonensis_6wks vs miscanthus_sinensis_15wks,FALSE
22923,0.432011101501228,16.441339239110583,0.6290297450058557,0.5366257666046461,0.67920420427576,-6.000734262326597,miscanthus_sinensis_ssp_transmorrisonensis_6wks vs miscanthus_sinensis_15wks,FALSE
16345,0.44687510607175085,17.22713011832654,0.6281341688610848,0.5372001283316932,0.6797156615848238,-6.001290357306657,miscanthus_sinensis_ssp_transmorrisonensis_6wks vs miscanthus_sinensis_15wks,FALSE
311,1.4742407871219676,20.34324450793308,0.6264727916170737,0.5382665046173066,0.6808491401876705,-6.00231995359919,miscanthus_sinensis_ssp_transmorrisonensis_6wks vs miscanthus_sinensis_15wks,FALSE
23355,0.3837188652763608,16.90967716664036,0.6245048870588986,0.5395311098302232,0.6822325595319136,-6.003536129129195,miscanthus_sinensis_ssp_transmorrisonensis_6wks vs miscanthus_sinensis_15wks,FALSE
6684,0.5388192170123567,17.58234308286251,0.6241747984821571,0.5397433867877793,0.682284863855863,-6.003739766210409,miscanthus_sinensis_ssp_transmorrisonensis_6wks vs miscanthus_sinensis_15wks,FALSE
2937,-0.7290358493075324,17.671517815042016,-0.6238905541610319,0.5399262178478497,0.6822999245484697,-6.003915038459675,miscanthus_sinensis_ssp_transmorrisonensis_6wks vs miscanthus_sinensis_15wks,FALSE
22897,-0.4212892242261326,16.75753180153494,-0.6217825525329961,0.5412831648363957,0.6837982259578772,-6.005212495347943,miscanthus_sinensis_ssp_transmorrisonensis_6wks vs miscanthus_sinensis_15wks,FALSE
3344,-1.0528218185348024,20.34726048432792,-0.6214047616899343,0.5415265474875421,0.6838892684499426,-6.005444577145325,miscanthus_sinensis_ssp_transmorrisonensis_6wks vs miscanthus_sinensis_15wks,FALSE
360,1.231328448853784,21.5324948038019,0.6210083411573697,0.5417819952026193,0.6839463041759339,-6.005687957870241,miscanthus_sinensis_ssp_transmorrisonensis_6wks vs miscanthus_sinensis_15wks,FALSE
17976,0.41996870851317425,16.820614597281665,0.6207566225527751,0.5419442327244322,0.6839463041759339,-6.0058424220860624,miscanthus_sinensis_ssp_transmorrisonensis_6wks vs miscanthus_sinensis_15wks,FALSE
5145,0.7744675993417722,17.78044236618351,0.6203291007632282,0.5422198386953375,0.6839463041759339,-6.0061046281811805,miscanthus_sinensis_ssp_transmorrisonensis_6wks vs miscanthus_sinensis_15wks,FALSE
1704,-1.076817744174729,20.682861349480465,-0.6202714226093897,0.5422570272336751,0.6839463041759339,-6.006139989862274,miscanthus_sinensis_ssp_transmorrisonensis_6wks vs miscanthus_sinensis_15wks,FALSE
6036,0.7337407714365654,17.355879762037837,0.6198923960129467,0.5425014423564235,0.6840384579554145,-6.006372287337736,miscanthus_sinensis_ssp_transmorrisonensis_6wks vs miscanthus_sinensis_15wks,FALSE
15955,0.3501061686209326,16.92076936972674,0.6166559656280993,0.5445908622430495,0.6864561800045008,-6.008350276711162,miscanthus_sinensis_ssp_transmorrisonensis_6wks vs miscanthus_sinensis_15wks,FALSE
21190,0.4583325352003733,16.70276430779667,0.6163330328934179,0.5447995820476154,0.6865025036408082,-6.008547096093841,miscanthus_sinensis_ssp_transmorrisonensis_6wks vs miscanthus_sinensis_15wks,FALSE
10422,0.6241493086952374,17.25019696102688,0.6151127957008996,0.5455886396838944,0.6872798515677205,-6.009289906145758,miscanthus_sinensis_ssp_transmorrisonensis_6wks vs miscanthus_sinensis_15wks,FALSE
12171,0.47468526903909947,17.13865196334151,0.614684380711895,0.5458658161183813,0.6874120939888259,-6.009550365178368,miscanthus_sinensis_ssp_transmorrisonensis_6wks vs miscanthus_sinensis_15wks,FALSE
21464,0.3779915648045922,16.97248634073197,0.6136221670711186,0.5465533730247548,0.6880591833868942,-6.010195396404058,miscanthus_sinensis_ssp_transmorrisonensis_6wks vs miscanthus_sinensis_15wks,FALSE
938,1.0486911241133434,18.274483221394522,0.613358085718647,0.5467243811881835,0.6880591833868942,-6.010355593974209,miscanthus_sinensis_ssp_transmorrisonensis_6wks vs miscanthus_sinensis_15wks,FALSE
22252,-0.3671481070439455,16.708460064038853,-0.6121108667337479,0.5475324146144357,0.6886329497516658,-6.011111289244399,miscanthus_sinensis_ssp_transmorrisonensis_6wks vs miscanthus_sinensis_15wks,FALSE
12258,0.5422472709717603,17.13253979566639,0.6119820652907297,0.5476158972385045,0.6886329497516658,-6.011189246397104,miscanthus_sinensis_ssp_transmorrisonensis_6wks vs miscanthus_sinensis_15wks,FALSE
6336,0.674982807946158,17.054436451445248,0.6118557123461251,0.5476977994643133,0.6886329497516658,-6.011265706279053,miscanthus_sinensis_ssp_transmorrisonensis_6wks vs miscanthus_sinensis_15wks,FALSE
5785,0.5175416281026806,17.16683947110982,0.608878898345062,0.549629263971669,0.6908438355714429,-6.013062674679877,miscanthus_sinensis_ssp_transmorrisonensis_6wks vs miscanthus_sinensis_15wks,FALSE
17426,0.43709898006926196,17.061533283873633,0.6080754692883674,0.5501511777087424,0.6912303456185468,-6.0135462250888745,miscanthus_sinensis_ssp_transmorrisonensis_6wks vs miscanthus_sinensis_15wks,FALSE
9682,-0.5497084326168391,17.62556828418131,-0.6076903349832453,0.5504014572473134,0.6912303456185468,-6.013777803729596,miscanthus_sinensis_ssp_transmorrisonensis_6wks vs miscanthus_sinensis_15wks,FALSE
15353,-0.4773433777292908,16.935346302847304,-0.6076060627210199,0.5504562296396193,0.6912303456185468,-6.013828457260667,miscanthus_sinensis_ssp_transmorrisonensis_6wks vs miscanthus_sinensis_15wks,FALSE
23768,0.41208078942476334,16.462382613728316,0.607266351833985,0.5506770526018702,0.6912901867882596,-6.014032578810732,miscanthus_sinensis_ssp_transmorrisonensis_6wks vs miscanthus_sinensis_15wks,FALSE
7432,0.5415786937037019,18.478893250505113,0.6059978017535084,0.5515020661792116,0.6920114254952544,-6.014793840378365,miscanthus_sinensis_ssp_transmorrisonensis_6wks vs miscanthus_sinensis_15wks,FALSE
21644,0.3533394855995873,16.90031127187453,0.6058499193093365,0.5515982855525801,0.6920114254952544,-6.01488248556044,miscanthus_sinensis_ssp_transmorrisonensis_6wks vs miscanthus_sinensis_15wks,FALSE
117,1.334639852488415,25.163945978925163,0.6054231616458007,0.5518760043198057,0.6921423214717763,-6.015138180291473,miscanthus_sinensis_ssp_transmorrisonensis_6wks vs miscanthus_sinensis_15wks,FALSE
1317,-0.5219848990533826,17.136743978876204,-0.6044720759009068,0.5524952035929549,0.6927012728464434,-6.015707406376846,miscanthus_sinensis_ssp_transmorrisonensis_6wks vs miscanthus_sinensis_15wks,FALSE
3132,0.6351713837254849,18.65620985483313,0.6021622872854993,0.5540005082351613,0.694370495722061,-6.01708623432144,miscanthus_sinensis_ssp_transmorrisonensis_6wks vs miscanthus_sinensis_15wks,FALSE
134,-1.7767658794216317,21.66358966716372,-0.6018724109289783,0.554189575407485,0.6943894491609166,-6.017258917337789,miscanthus_sinensis_ssp_transmorrisonensis_6wks vs miscanthus_sinensis_15wks,FALSE
17321,0.47502023952264594,17.126654572551256,0.6012422302104975,0.5546007180580428,0.6946865599271123,-6.017634047987784,miscanthus_sinensis_ssp_transmorrisonensis_6wks vs miscanthus_sinensis_15wks,FALSE
19441,0.3358632458276283,17.05562381628681,0.6005296566490221,0.5550658091893652,0.6948738526995378,-6.018057769527436,miscanthus_sinensis_ssp_transmorrisonensis_6wks vs miscanthus_sinensis_15wks,FALSE
23580,0.38731010410661426,16.576976520689183,0.6004797725919734,0.5550983758163393,0.6948738526995378,-6.018087414251098,miscanthus_sinensis_ssp_transmorrisonensis_6wks vs miscanthus_sinensis_15wks,FALSE
15588,-0.41284740478845094,17.23743851960466,-0.599742213319143,0.555580006209799,0.6952587413133283,-6.018525448917157,miscanthus_sinensis_ssp_transmorrisonensis_6wks vs miscanthus_sinensis_15wks,FALSE
4750,0.4992929059465965,20.152656919087807,0.5989544672499322,0.556094651784924,0.6955728829040914,-6.018992717241504,miscanthus_sinensis_ssp_transmorrisonensis_6wks vs miscanthus_sinensis_15wks,FALSE
11410,0.43037768151082645,18.2515409111045,0.598679255989935,0.5562745102753189,0.6955728829040914,-6.019155825332584,miscanthus_sinensis_ssp_transmorrisonensis_6wks vs miscanthus_sinensis_15wks,FALSE
12049,0.35259971402542334,16.888551123734878,0.5985580045412404,0.5563537613007925,0.6955728829040914,-6.0192276639314475,miscanthus_sinensis_ssp_transmorrisonensis_6wks vs miscanthus_sinensis_15wks,FALSE
19740,-0.32242095881198196,16.958465438505275,-0.5980971663695345,0.5566550233925776,0.6957316385044363,-6.0195005718184,miscanthus_sinensis_ssp_transmorrisonensis_6wks vs miscanthus_sinensis_15wks,FALSE
358,1.196900083787476,21.92190625141719,0.5958979830243102,0.558093867748618,0.6971176510770907,-6.020800139131209,miscanthus_sinensis_ssp_transmorrisonensis_6wks vs miscanthus_sinensis_15wks,FALSE
16110,0.45660730443385944,17.00758074083459,0.595868409846269,0.5581132296699354,0.6971176510770907,-6.020817583457292,miscanthus_sinensis_ssp_transmorrisonensis_6wks vs miscanthus_sinensis_15wks,FALSE
3289,0.6183574198699802,21.06641855789652,0.5930011823906282,0.5599921097084958,0.6992456997048218,-6.02250491579668,miscanthus_sinensis_ssp_transmorrisonensis_6wks vs miscanthus_sinensis_15wks,FALSE
3590,-1.0045566743345908,19.064132762441975,-0.5922792228516982,0.5604657269765074,0.6996182558130762,-6.022928545856955,miscanthus_sinensis_ssp_transmorrisonensis_6wks vs miscanthus_sinensis_15wks,FALSE
20660,0.38087627851469463,16.84054544225789,0.5910522477338874,0.5612711224972179,0.7002025388116049,-6.023647367667734,miscanthus_sinensis_ssp_transmorrisonensis_6wks vs miscanthus_sinensis_15wks,FALSE
18701,0.31616559649010156,16.89853586470502,0.5910317229510914,0.5612846002497834,0.7002025388116049,-6.023659379873949,miscanthus_sinensis_ssp_transmorrisonensis_6wks vs miscanthus_sinensis_15wks,FALSE
2550,-0.8197478650585275,18.701232369561165,-0.5890283618371558,0.5626009343862751,0.7014610726150518,-6.024829920343111,miscanthus_sinensis_ssp_transmorrisonensis_6wks vs miscanthus_sinensis_15wks,FALSE
833,-0.7522486162653195,22.887159312341765,-0.588961524535346,0.5626448783851192,0.7014610726150518,-6.024868906583502,miscanthus_sinensis_ssp_transmorrisonensis_6wks vs miscanthus_sinensis_15wks,FALSE
7551,-0.6098956895172698,17.752299670969798,-0.5881312759714373,0.5631908967581971,0.7019225912765291,-6.0253528356917405,miscanthus_sinensis_ssp_transmorrisonensis_6wks vs miscanthus_sinensis_15wks,FALSE
1522,0.43353540715715866,23.142321176876937,0.5875341679687703,0.5635837590368706,0.7021929981508076,-6.025700466833789,miscanthus_sinensis_ssp_transmorrisonensis_6wks vs miscanthus_sinensis_15wks,FALSE
10624,0.6156310770303897,17.277231209337582,0.5856751612049458,0.5648077885652529,0.7033925286191098,-6.026780585166079,miscanthus_sinensis_ssp_transmorrisonensis_6wks vs miscanthus_sinensis_15wks,FALSE
78,0.7202066410629584,25.17834173143558,0.58553685405536815,0.564898909507231,0.7033925286191098,-6.026860812376302,miscanthus_sinensis_ssp_transmorrisonensis_6wks vs miscanthus_sinensis_15wks,FALSE
268,0.8858200020599121,21.392791284736244,0.5840032376153728,0.5659098132161664,0.7044315479759701,-6.027749186053053,miscanthus_sinensis_ssp_transmorrisonensis_6wks vs miscanthus_sinensis_15wks,FALSE
3607,-0.7016370528998976,18.031816302683396,-0.5820782194965615,0.5671800390221216,0.7057926171372536,-6.028861105989104,miscanthus_sinensis_ssp_transmorrisonensis_6wks vs miscanthus_sinensis_15wks,FALSE
16693,-0.3600760015183653,17.094441269822727,-0.5815912205318448,0.5675016192970146,0.7059727217929829,-6.029141842886176,miscanthus_sinensis_ssp_transmorrisonensis_6wks vs miscanthus_sinensis_15wks,FALSE
2606,0.5406492979085158,21.637597749127934,0.5809531033029106,0.5679231300447874,0.7062769891398104,-6.029509350824314,miscanthus_sinensis_ssp_transmorrisonensis_6wks vs miscanthus_sinensis_15wks,FALSE
5888,0.6904813613609271,18.078340166617902,0.5791269105723228,0.5691303206712311,0.7075578449453612,-6.030558950944537,miscanthus_sinensis_ssp_transmorrisonensis_6wks vs miscanthus_sinensis_15wks,FALSE
872,0.6377083798823548,17.72090378870896,0.5780233662729423,0.5698604502209965,0.7082449929272161,-6.031191665076048,miscanthus_sinensis_ssp_transmorrisonensis_6wks vs miscanthus_sinensis_15wks,FALSE
4889,0.6605600042576611,19.06383627991078,0.5767709319700247,0.5706896720398731,0.7090548306203466,-6.031908334061565,miscanthus_sinensis_ssp_transmorrisonensis_6wks vs miscanthus_sinensis_15wks,FALSE
1775,-0.9454219415000935,19.582920712253355,-0.5759558912308544,0.5712296335349997,0.7094267746053878,-6.032373911498326,miscanthus_sinensis_ssp_transmorrisonensis_6wks vs miscanthus_sinensis_15wks,FALSE
2837,0.6089408030258987,22.104287921642694,0.5757495229930144,0.5713663933227158,0.7094267746053878,-6.032491694843937,miscanthus_sinensis_ssp_transmorrisonensis_6wks vs miscanthus_sinensis_15wks,FALSE
711,1.4267175634125522,22.25599560466295,0.5755144877620137,0.5715221711249817,0.7094267746053878,-6.032625790067392,miscanthus_sinensis_ssp_transmorrisonensis_6wks vs miscanthus_sinensis_15wks,FALSE
3,0.4157196270553989,28.791959224073217,0.5750340895515796,0.5718406395628901,0.7096014402036236,-6.032899708422657,miscanthus_sinensis_ssp_transmorrisonensis_6wks vs miscanthus_sinensis_15wks,FALSE
1869,-0.8912873825235366,18.704430031656756,-0.5743560071850436,0.5722903127458294,0.7099387596275174,-6.033285968546606,miscanthus_sinensis_ssp_transmorrisonensis_6wks vs miscanthus_sinensis_15wks,FALSE
12286,0.5456050179720258,17.701708063552616,0.5729714791326088,0.5732090305613748,0.7108575489285518,-6.034073279175935,miscanthus_sinensis_ssp_transmorrisonensis_6wks vs miscanthus_sinensis_15wks,FALSE
23334,-0.37527723636280896,16.602560634923886,-0.5721016646595054,0.5737865905045827,0.7113390580103428,-6.034566960012303,miscanthus_sinensis_ssp_transmorrisonensis_6wks vs miscanthus_sinensis_15wks,FALSE
9886,0.48543696566811434,17.565677223807164,0.5718501029197431,0.5739536838304895,0.7113390580103428,-6.03470960395832,miscanthus_sinensis_ssp_transmorrisonensis_6wks vs miscanthus_sinensis_15wks,FALSE
985,0.6760307200488711,17.71750048840307,0.571017360760413,0.5745069883741389,0.7118038167565371,-6.035181364473359,miscanthus_sinensis_ssp_transmorrisonensis_6wks vs miscanthus_sinensis_15wks,FALSE
2017,-1.1938450546022743,19.48335446644331,-0.5704434008942117,0.5748885068582296,0.7120555133037705,-6.035506134539961,miscanthus_sinensis_ssp_transmorrisonensis_6wks vs miscanthus_sinensis_15wks,FALSE
5251,-0.6633601278854115,18.155303222716558,-0.5700755582511451,0.5751330845118576,0.7121374917404888,-6.035714109147893,miscanthus_sinensis_ssp_transmorrisonensis_6wks vs miscanthus_sinensis_15wks,FALSE
16292,0.3839833193591815,17.011241032892293,0.5681796748803096,0.57639449329915,0.7134780828682813,-6.036783967751425,miscanthus_sinensis_ssp_transmorrisonensis_6wks vs miscanthus_sinensis_15wks,FALSE
612,0.7004189420718028,22.362813991597385,0.564565716174583,0.578802899855877,0.716237190398221,-6.0388138080369655,miscanthus_sinensis_ssp_transmorrisonensis_6wks vs miscanthus_sinensis_15wks,FALSE
18603,0.35469554283990945,17.104881353496207,0.5642384199223544,0.5790212674953725,0.7162853733627291,-6.0389970212896324,miscanthus_sinensis_ssp_transmorrisonensis_6wks vs miscanthus_sinensis_15wks,FALSE
4061,-0.3663487037605826,16.774867095331214,-0.5618064732294534,0.5806451350509874,0.7178048327189569,-6.040355154767081,miscanthus_sinensis_ssp_transmorrisonensis_6wks vs miscanthus_sinensis_15wks,FALSE
9596,0.6288160253178816,17.314589033708845,0.561542862661447,0.5808212920704252,0.7178048327189569,-6.040502028776444,miscanthus_sinensis_ssp_transmorrisonensis_6wks vs miscanthus_sinensis_15wks,FALSE
24099,-0.3438459602467425,16.915956897956455,-0.5615364263862298,0.5808255934306377,0.7178048327189569,-6.040505613996235,miscanthus_sinensis_ssp_transmorrisonensis_6wks vs miscanthus_sinensis_15wks,FALSE
9014,0.6010708101256128,17.515073199447688,0.5613221682895454,0.5809687912111597,0.7178048327189569,-6.040624940219695,miscanthus_sinensis_ssp_transmorrisonensis_6wks vs miscanthus_sinensis_15wks,FALSE
276,-0.4319778075132028,23.936895982364824,-0.5610266827770253,0.5811663059517962,0.7178266996780849,-6.04078943198822,miscanthus_sinensis_ssp_transmorrisonensis_6wks vs miscanthus_sinensis_15wks,FALSE
21151,-0.29369301838769246,16.793817559912355,-0.5595333675549476,0.5821650176197091,0.7186736884913062,-6.041619453987384,miscanthus_sinensis_ssp_transmorrisonensis_6wks vs miscanthus_sinensis_15wks,FALSE
8786,-0.39541637400178686,16.93249176177349,-0.5593688312742164,0.5822751104064143,0.7186736884913062,-6.041710776523169,miscanthus_sinensis_ssp_transmorrisonensis_6wks vs miscanthus_sinensis_15wks,FALSE
3043,0.8372785268526961,18.322508357197762,0.5591939601509947,0.582392129826998,0.7186736884913062,-6.041807806730069,miscanthus_sinensis_ssp_transmorrisonensis_6wks vs miscanthus_sinensis_15wks,FALSE
4516,0.47788765482147966,17.280641204206074,0.5575156977074887,0.5835157831943834,0.7198377646823172,-6.042737526879154,miscanthus_sinensis_ssp_transmorrisonensis_6wks vs miscanthus_sinensis_15wks,FALSE
3253,0.891026045615213,17.818277140825906,0.5569295514996211,0.5839084844351434,0.720099681762463,-6.04306160194498,miscanthus_sinensis_ssp_transmorrisonensis_6wks vs miscanthus_sinensis_15wks,FALSE
8582,0.4192103452155287,17.309492668722665,0.555368325787183,0.5849551082246869,0.7211676318817017,-6.04392318070437,miscanthus_sinensis_ssp_transmorrisonensis_6wks vs miscanthus_sinensis_15wks,FALSE
7226,0.6435131201090165,17.922025620704428,0.5535893948973457,0.5861488236400175,0.7224162099323711,-6.044902049666854,miscanthus_sinensis_ssp_transmorrisonensis_6wks vs miscanthus_sinensis_15wks,FALSE
319,1.0687816624979867,24.39911303311488,0.5524009370271149,0.5869469925890697,0.723176664943076,-6.045554313225008,miscanthus_sinensis_ssp_transmorrisonensis_6wks vs miscanthus_sinensis_15wks,FALSE
21692,-0.3024244968932628,16.853954314557367,-0.5516912962448458,0.5874238464785908,0.7235408809449351,-6.045943139719186,miscanthus_sinensis_ssp_transmorrisonensis_6wks vs miscanthus_sinensis_15wks,FALSE
11700,0.3227762118853441,16.96400754868399,0.5513027828076937,0.58768499586296,0.7236392669601901,-6.046155809107724,miscanthus_sinensis_ssp_transmorrisonensis_6wks vs miscanthus_sinensis_15wks,FALSE
694,-1.4501001114891174,21.670971152591946,-0.5508566912921283,0.5879849192598445,0.7237853215187479,-6.046399817440687,miscanthus_sinensis_ssp_transmorrisonensis_6wks vs miscanthus_sinensis_15wks,FALSE
3248,0.7049406582506386,18.193082891489457,0.550557697350064,0.5881859863706578,0.7238096355091448,-6.0465632575931085,miscanthus_sinensis_ssp_transmorrisonensis_6wks vs miscanthus_sinensis_15wks,FALSE
1813,0.2990377083979716,23.614339587740208,0.5486970234686305,0.5894380198974664,0.7251268337228616,-6.047578433543862,miscanthus_sinensis_ssp_transmorrisonensis_6wks vs miscanthus_sinensis_15wks,FALSE
17607,0.35929226449801277,17.06372204608115,0.5474360759521527,0.5902872549065559,0.7259478501500218,-6.048264509397562,miscanthus_sinensis_ssp_transmorrisonensis_6wks vs miscanthus_sinensis_15wks,FALSE
759,-0.906203645159362,19.094612398819983,-0.5463878685188542,0.5909936738707725,0.7264366016252599,-6.048833670682193,miscanthus_sinensis_ssp_transmorrisonensis_6wks vs miscanthus_sinensis_15wks,FALSE
2135,0.8998667338805291,17.729671568775192,0.5462915899146568,0.5910585799791562,0.7264366016252599,-6.048885895572857,miscanthus_sinensis_ssp_transmorrisonensis_6wks vs miscanthus_sinensis_15wks,FALSE
10089,0.5147200723507375,17.476494277592025,0.54603646260138,0.591230590851821,0.7264366016252599,-6.049024242462317,miscanthus_sinensis_ssp_transmorrisonensis_6wks vs miscanthus_sinensis_15wks,FALSE
1412,-0.633027967350607,18.539799853151095,-0.5455632007305798,0.5915497371964116,0.7266050925809462,-6.04928071055517,miscanthus_sinensis_ssp_transmorrisonensis_6wks vs miscanthus_sinensis_15wks,FALSE
20669,0.36602066552057266,16.755567015075208,0.5451338799220037,0.5918393255006835,0.7267028334612593,-6.0495131799381685,miscanthus_sinensis_ssp_transmorrisonensis_6wks vs miscanthus_sinensis_15wks,FALSE
3332,-1.0229156813896623,19.422243901403217,-0.54490551785871,0.5919933903847734,0.7267028334612593,-6.049636761594739,miscanthus_sinensis_ssp_transmorrisonensis_6wks vs miscanthus_sinensis_15wks,FALSE
13517,0.37403730908911115,17.022529646148165,0.544363245337492,0.5923593150689743,0.7269284923932817,-6.049930019744029,miscanthus_sinensis_ssp_transmorrisonensis_6wks vs miscanthus_sinensis_15wks,FALSE
14517,0.2675958724910217,16.72434196971318,0.5436916047025675,0.5928126922446606,0.7272612991520238,-6.050292847312063,miscanthus_sinensis_ssp_transmorrisonensis_6wks vs miscanthus_sinensis_15wks,FALSE
3071,0.855414666230331,18.315107800096836,0.5430704580907949,0.593232137098358,0.7275522861126406,-6.050628011155212,miscanthus_sinensis_ssp_transmorrisonensis_6wks vs miscanthus_sinensis_15wks,FALSE
7440,0.581448972826756,18.10225810900341,0.5423388561855655,0.5937263576158767,0.7276283986236806,-6.051022299294497,miscanthus_sinensis_ssp_transmorrisonensis_6wks vs miscanthus_sinensis_15wks,FALSE
19281,0.315653461209056,16.829365280749716,0.5421704510117233,0.5938401494706984,0.7276283986236806,-6.051112986329718,miscanthus_sinensis_ssp_transmorrisonensis_6wks vs miscanthus_sinensis_15wks,FALSE
2073,1.0015670246215542,18.556256077387324,0.5421691735380813,0.5938410127043966,0.7276283986236806,-6.051113674151409,miscanthus_sinensis_ssp_transmorrisonensis_6wks vs miscanthus_sinensis_15wks,FALSE
1829,0.9490597326375685,18.918614454078295,0.5415561469234774,0.5942553276910227,0.7279126321394792,-6.051443560801761,miscanthus_sinensis_ssp_transmorrisonensis_6wks vs miscanthus_sinensis_15wks,FALSE
16583,0.4034657054211266,17.45607167401854,0.5392877664269794,0.5957896543669776,0.7295681902555137,-6.052661093546901,miscanthus_sinensis_ssp_transmorrisonensis_6wks vs miscanthus_sinensis_15wks,FALSE
1577,0.8116871496674811,21.756159665253776,0.5386747220594682,0.5962046501383534,0.7298524879951876,-6.052989289222612,miscanthus_sinensis_ssp_transmorrisonensis_6wks vs miscanthus_sinensis_15wks,FALSE
2415,-0.3031156775017756,16.801707967137993,-0.5380803413977926,0.59660714721941,0.7301213156652008,-6.053307147661096,miscanthus_sinensis_ssp_transmorrisonensis_6wks vs miscanthus_sinensis_15wks,FALSE
14816,0.47499402039731464,17.457965150727464,0.537545481234425,0.5969694527796963,0.7303408076912496,-6.053592885331869,miscanthus_sinensis_ssp_transmorrisonensis_6wks vs miscanthus_sinensis_15wks,FALSE
2928,0.4697998085430939,20.85888872668636,0.5369050610597353,0.5974034049412928,0.7306477918277087,-6.053934653717906,miscanthus_sinensis_ssp_transmorrisonensis_6wks vs miscanthus_sinensis_15wks,FALSE
23021,-0.27373526324736375,16.731400718925478,-0.5366241907090397,0.5975937729829341,0.7306567662321204,-6.054084419132252,miscanthus_sinensis_ssp_transmorrisonensis_6wks vs miscanthus_sinensis_15wks,FALSE
7453,0.5206809419083882,18.375740838089204,0.5358775922376839,0.598099946294832,0.7309823844448422,-6.054482150147335,miscanthus_sinensis_ssp_transmorrisonensis_6wks vs miscanthus_sinensis_15wks,FALSE
19877,0.36896599002889374,16.723100398363744,0.5356912482799857,0.598226315125576,0.7309823844448422,-6.054581336325078,miscanthus_sinensis_ssp_transmorrisonensis_6wks vs miscanthus_sinensis_15wks,FALSE
1057,0.2502448965195292,25.200974916283492,0.5347868615962822,0.5988398089652869,0.7315081142562502,-6.055062243269448,miscanthus_sinensis_ssp_transmorrisonensis_6wks vs miscanthus_sinensis_15wks,FALSE
15744,0.4385638735555766,17.548974020557228,0.5339448486437404,0.5994112677934088,0.7319821905877295,-6.055509274534173,miscanthus_sinensis_ssp_transmorrisonensis_6wks vs miscanthus_sinensis_15wks,FALSE
644,0.7181318982427207,18.39906638987585,0.5334471518432814,0.5997491707531003,0.7321708531028674,-6.055773184363844,miscanthus_sinensis_ssp_transmorrisonensis_6wks vs miscanthus_sinensis_15wks,FALSE
3488,0.8609677518914793,18.824950508481514,0.5329033933233122,0.6001184528194965,0.7323976960120544,-6.056061246072905,miscanthus_sinensis_ssp_transmorrisonensis_6wks vs miscanthus_sinensis_15wks,FALSE
23125,0.2632741831576624,16.86798609282255,0.5323623020225358,0.6004860335805847,0.7326223245885374,-6.056347611880515,miscanthus_sinensis_ssp_transmorrisonensis_6wks vs miscanthus_sinensis_15wks,FALSE
21336,0.3316643622461122,17.023626261333604,0.5314635605493773,0.6010968200970599,0.7331434481599337,-6.056822635821392,miscanthus_sinensis_ssp_transmorrisonensis_6wks vs miscanthus_sinensis_15wks,FALSE
4775,0.5261547748644837,17.55135503805189,0.5295390607664082,0.6024057306215422,0.734354469943798,-6.0578371981606525,miscanthus_sinensis_ssp_transmorrisonensis_6wks vs miscanthus_sinensis_15wks,FALSE
3947,0.4227019178421685,17.32447858508176,0.5292519769806165,0.602601103625471,0.734354469943798,-6.0579882375183995,miscanthus_sinensis_ssp_transmorrisonensis_6wks vs miscanthus_sinensis_15wks,FALSE
2931,0.6840320309033672,17.721452123518468,0.5291140542635993,0.6026949769758807,0.734354469943798,-6.058060772590168,miscanthus_sinensis_ssp_transmorrisonensis_6wks vs miscanthus_sinensis_15wks,FALSE
269,0.6379313647679012,23.406723355943964,0.5289222272840298,0.6028255506026619,0.734354469943798,-6.058161625999397,miscanthus_sinensis_ssp_transmorrisonensis_6wks vs miscanthus_sinensis_15wks,FALSE
2177,0.6096065187022077,18.64054190395863,0.5285020619900457,0.6031115985221895,0.7344787984443505,-6.058382404706936,miscanthus_sinensis_ssp_transmorrisonensis_6wks vs miscanthus_sinensis_15wks,FALSE
12889,0.6023936763942928,17.534480422259115,0.5274259461871248,0.6038445167632538,0.7349252167067309,-6.058947080411928,miscanthus_sinensis_ssp_transmorrisonensis_6wks vs miscanthus_sinensis_15wks,FALSE
22318,0.2915281523824689,16.773153075570413,0.5268957690187813,0.6042057671159398,0.7349252167067309,-6.059224872148949,miscanthus_sinensis_ssp_transmorrisonensis_6wks vs miscanthus_sinensis_15wks,FALSE
723,-1.0251437712873042,18.8425693159153,-0.526670127925387,0.6043595454326217,0.7349252167067309,-6.059343016824055,miscanthus_sinensis_ssp_transmorrisonensis_6wks vs miscanthus_sinensis_15wks,FALSE
19050,0.32011697698386854,16.61579616887713,0.5265190966286891,0.6044624864630966,0.7349252167067309,-6.059422068693308,miscanthus_sinensis_ssp_transmorrisonensis_6wks vs miscanthus_sinensis_15wks,FALSE
149,0.33667008514698793,22.990940152816048,0.5260843254130383,0.6047588684158494,0.7349252167067309,-6.059649511073842,miscanthus_sinensis_ssp_transmorrisonensis_6wks vs miscanthus_sinensis_15wks,FALSE
18797,-0.3066502600992074,16.815207827709134,-0.5260117520131095,0.6048083482835465,0.7349252167067309,-6.059687458716534,miscanthus_sinensis_ssp_transmorrisonensis_6wks vs miscanthus_sinensis_15wks,FALSE
15249,0.3473048274837467,16.837547299540613,0.5258867495801023,0.6048935783678622,0.7349252167067309,-6.059752808869569,miscanthus_sinensis_ssp_transmorrisonensis_6wks vs miscanthus_sinensis_15wks,FALSE
22314,0.2736213206398155,16.746662843983263,0.5256885805693575,0.6050287073313867,0.7349252167067309,-6.059856378951535,miscanthus_sinensis_ssp_transmorrisonensis_6wks vs miscanthus_sinensis_15wks,FALSE
177,-0.38419616928690203,23.214536493945875,-0.5255326173415936,0.6051350669626815,0.7349252167067309,-6.059937864157566,miscanthus_sinensis_ssp_transmorrisonensis_6wks vs miscanthus_sinensis_15wks,FALSE
314,0.9697639739346222,20.641034119136272,0.5248582969479558,0.6055950259298746,0.7352601409708209,-6.060289902250801,miscanthus_sinensis_ssp_transmorrisonensis_6wks vs miscanthus_sinensis_15wks,FALSE
5082,-0.7289573888116365,18.52520856080725,-0.5242387449862289,0.6060177757208249,0.7355248766606872,-6.0606129608658765,miscanthus_sinensis_ssp_transmorrisonensis_6wks vs miscanthus_sinensis_15wks,FALSE
10428,0.3583339847511908,17.552631123644918,0.5239987496798696,0.6061815742018188,0.7355248766606872,-6.060738004235119,miscanthus_sinensis_ssp_transmorrisonensis_6wks vs miscanthus_sinensis_15wks,FALSE
22219,0.30459111480361756,16.858632141729068,0.5228714952845024,0.6069512188495818,0.7362349637336769,-6.061324587111356,miscanthus_sinensis_ssp_transmorrisonensis_6wks vs miscanthus_sinensis_15wks,FALSE
3680,-0.6150664054070525,19.591887877122208,-0.5223377335803527,0.6073158143566133,0.736453441953706,-6.061601909602825,miscanthus_sinensis_ssp_transmorrisonensis_6wks vs miscanthus_sinensis_15wks,FALSE
15398,0.42944574250391554,16.975636805275965,0.5215947224267697,0.6078235169200863,0.736845271650466,-6.0619874921943575,miscanthus_sinensis_ssp_transmorrisonensis_6wks vs miscanthus_sinensis_15wks,FALSE
4650,0.33404628768313316,16.97573376968821,0.5200429815760661,0.6088844856032698,0.7379073668877513,-6.062791042192717,miscanthus_sinensis_ssp_transmorrisonensis_6wks vs miscanthus_sinensis_15wks,FALSE
21467,0.35855574721781025,16.858863144324975,0.5183878887424865,0.6100170977058428,0.7390556157941501,-6.063645548124845,miscanthus_sinensis_ssp_transmorrisonensis_6wks vs miscanthus_sinensis_15wks,FALSE
16498,0.30723567149312814,17.081953028163827,0.517233303256951,0.6108077999977477,0.7397890587351362,-6.064240080439887,miscanthus_sinensis_ssp_transmorrisonensis_6wks vs miscanthus_sinensis_15wks,FALSE
2564,-0.919582964355321,18.615080737454896,-0.5168571247974302,0.6110655265741805,0.7398767309930628,-6.064433508286643,miscanthus_sinensis_ssp_transmorrisonensis_6wks vs miscanthus_sinensis_15wks,FALSE
17007,0.3274620701608377,16.912073439839467,0.5165857859127135,0.6112514579520669,0.7398774469813981,-6.064572943585851,miscanthus_sinensis_ssp_transmorrisonensis_6wks vs miscanthus_sinensis_15wks,FALSE
57,-0.5961984038118828,21.815174526216886,-0.5154753209653911,0.6120126709191668,0.740533923175162,-6.065142846369926,miscanthus_sinensis_ssp_transmorrisonensis_6wks vs miscanthus_sinensis_15wks,FALSE
6171,0.4767564709145198,17.43580303855583,0.5147375271788359,0.6125186713985733,0.740533923175162,-6.065520831100846,miscanthus_sinensis_ssp_transmorrisonensis_6wks vs miscanthus_sinensis_15wks,FALSE
225,-0.45386146492420565,21.410752895338582,-0.5147202166073438,0.6125305458871988,0.740533923175162,-6.065529693292224,miscanthus_sinensis_ssp_transmorrisonensis_6wks vs miscanthus_sinensis_15wks,FALSE
21572,-0.30690962017722256,16.98670861832343,-0.5147125204563052,0.6125358252315594,0.740533923175162,-6.065533633263405,miscanthus_sinensis_ssp_transmorrisonensis_6wks vs miscanthus_sinensis_15wks,FALSE
4233,0.4724121462598596,17.543369133547046,0.5138661422782954,0.6131165492979928,0.741011584861516,-6.0659665790312935,miscanthus_sinensis_ssp_transmorrisonensis_6wks vs miscanthus_sinensis_15wks,FALSE
2734,0.4386358740526539,17.240836053068403,0.5134289236182074,0.6134166400776173,0.7411498871639977,-6.066189957087841,miscanthus_sinensis_ssp_transmorrisonensis_6wks vs miscanthus_sinensis_15wks,FALSE
17606,0.34503617909631856,17.046707942746337,0.5127622874833564,0.6138743290493032,0.7414024466352669,-6.066530190306749,miscanthus_sinensis_ssp_transmorrisonensis_6wks vs miscanthus_sinensis_15wks,FALSE
2140,0.7366073311606449,20.632910910163666,0.5123388581703218,0.6141651250521962,0.7414024466352669,-6.066746074077162,miscanthus_sinensis_ssp_transmorrisonensis_6wks vs miscanthus_sinensis_15wks,FALSE
7075,-0.5675645448216997,17.028572784029542,-0.5123130687201669,0.614182838432572,0.7414024466352669,-6.066759217124258,miscanthus_sinensis_ssp_transmorrisonensis_6wks vs miscanthus_sinensis_15wks,FALSE
8820,0.46345883458976544,17.30916431175202,0.5119472911831987,0.6144340974017332,0.7414815347121277,-6.066945558630665,miscanthus_sinensis_ssp_transmorrisonensis_6wks vs miscanthus_sinensis_15wks,FALSE
14585,-0.3525128499825776,16.9731294694876,-0.5116144821192765,0.6146627521626216,0.741533305117312,-6.067114992249657,miscanthus_sinensis_ssp_transmorrisonensis_6wks vs miscanthus_sinensis_15wks,FALSE
12641,0.33890062302318213,17.28867498274459,0.5103490574966684,0.6155325242546125,0.7423582588593393,-6.067758243659341,miscanthus_sinensis_ssp_transmorrisonensis_6wks vs miscanthus_sinensis_15wks,FALSE
23358,-0.2883748312232939,16.84043579904142,-0.5084558201716693,0.6168349028506954,0.743258623572435,-6.068717737030196,miscanthus_sinensis_ssp_transmorrisonensis_6wks vs miscanthus_sinensis_15wks,FALSE
32,2.04667706145894,23.240035799842055,0.5084551046108712,0.6168353953390096,0.743258623572435,-6.068718099020901,miscanthus_sinensis_ssp_transmorrisonensis_6wks vs miscanthus_sinensis_15wks,FALSE
786,0.7597718822128634,22.34193524396213,0.5084518574235435,0.6168376302343379,0.743258623572435,-6.0687197417145535,miscanthus_sinensis_ssp_transmorrisonensis_6wks vs miscanthus_sinensis_15wks,FALSE
251,-0.5494191618728088,24.520702433923436,-0.5079707891514679,0.6171687705219122,0.7434332323245243,-6.068962992746548,miscanthus_sinensis_ssp_transmorrisonensis_6wks vs miscanthus_sinensis_15wks,FALSE
1984,0.5547233876493962,22.2809927629095,0.5076103451679748,0.6174169348763204,0.7435078141859038,-6.069145103598706,miscanthus_sinensis_ssp_transmorrisonensis_6wks vs miscanthus_sinensis_15wks,FALSE
6269,0.6824169141303642,18.880256745041,0.5063912640009778,0.618256616778576,0.7442944554222182,-6.069760100616318,miscanthus_sinensis_ssp_transmorrisonensis_6wks vs miscanthus_sinensis_15wks,FALSE
8811,0.3853292015517731,17.20001902665546,0.5058121981768018,0.6186556557828214,0.7445503098839382,-6.070051721307805,miscanthus_sinensis_ssp_transmorrisonensis_6wks vs miscanthus_sinensis_15wks,FALSE
2936,-0.797418067278798,18.12225002218667,-0.5052968863029214,0.6190108634205251,0.7447532750978711,-6.070310962139992,miscanthus_sinensis_ssp_transmorrisonensis_6wks vs miscanthus_sinensis_15wks,FALSE
15432,0.42673234783182323,16.761757412397824,0.5044890370618841,0.6195679120277924,0.745058683089617,-6.070716853836592,miscanthus_sinensis_ssp_transmorrisonensis_6wks vs miscanthus_sinensis_15wks,FALSE
1087,0.7331470229469375,17.53478311143505,0.50438744225487,0.6196379829302425,0.745058683089617,-6.070767853879587,miscanthus_sinensis_ssp_transmorrisonensis_6wks vs miscanthus_sinensis_15wks,FALSE
5127,0.6273999191258781,18.050637545053384,0.5036687048749107,0.6201338093180199,0.7453944869597646,-6.071128370630856,miscanthus_sinensis_ssp_transmorrisonensis_6wks vs miscanthus_sinensis_15wks,FALSE
2190,0.5353196344403734,17.4708085991898,0.5034413322616001,0.6202907028257361,0.7453944869597646,-6.071242315947056,miscanthus_sinensis_ssp_transmorrisonensis_6wks vs miscanthus_sinensis_15wks,FALSE
641,0.5284919477585923,20.856025834708923,0.5029752977817615,0.6206123379906014,0.7455565613176289,-6.071475707555946,miscanthus_sinensis_ssp_transmorrisonensis_6wks vs miscanthus_sinensis_15wks,FALSE
1922,1.0041883922357364,20.009402013267973,0.5010632446920912,0.6219327660316107,0.7469180511426564,-6.072431067523477,miscanthus_sinensis_ssp_transmorrisonensis_6wks vs miscanthus_sinensis_15wks,FALSE
19241,0.37436675730157987,17.07107241764287,0.500212723564145,0.6225205423317526,0.7473990992446184,-6.072854893243367,miscanthus_sinensis_ssp_transmorrisonensis_6wks vs miscanthus_sinensis_15wks,FALSE
16338,-0.34546473394124533,16.82908786626016,-0.49920787079176093,0.6232153083315402,0.7475227450528757,-6.073354720999051,miscanthus_sinensis_ssp_transmorrisonensis_6wks vs miscanthus_sinensis_15wks,FALSE
18174,0.3107960788897657,16.930488473337974,0.4991105511849135,0.6232826153810327,0.7475227450528757,-6.073403077144009,miscanthus_sinensis_ssp_transmorrisonensis_6wks vs miscanthus_sinensis_15wks,FALSE
21654,-0.2903356373661836,17.21846251672258,-0.4990050025799677,0.6233556175102444,0.7475227450528757,-6.073455511734108,miscanthus_sinensis_ssp_transmorrisonensis_6wks vs miscanthus_sinensis_15wks,FALSE
237,-1.5535411813367368,22.00732656420926,-0.49898052239518775,0.623372549669595,0.7475227450528757,-6.073467671493316,miscanthus_sinensis_ssp_transmorrisonensis_6wks vs miscanthus_sinensis_15wks,FALSE
14376,0.44198694345871203,17.19434404656849,0.4986566273019305,0.6235965977354321,0.7475595398132978,-6.073628501470054,miscanthus_sinensis_ssp_transmorrisonensis_6wks vs miscanthus_sinensis_15wks,FALSE
12073,-0.29159021969632093,16.899120114678496,-0.4983014838036745,0.6238423044475704,0.7475595398132978,-6.073804730943702,miscanthus_sinensis_ssp_transmorrisonensis_6wks vs miscanthus_sinensis_15wks,FALSE
3694,0.6401365985151948,17.871822080107975,0.4981241259554676,0.6239650267179129,0.7475595398132978,-6.073892693760752,miscanthus_sinensis_ssp_transmorrisonensis_6wks vs miscanthus_sinensis_15wks,FALSE
7621,0.5908102695716941,17.619091953269873,0.4977491893071718,0.6242245001331841,0.7476149312177579,-6.074078547849172,miscanthus_sinensis_ssp_transmorrisonensis_6wks vs miscanthus_sinensis_15wks,FALSE
23482,0.3055291745273365,16.71516645830366,0.4975161248484845,0.6243858168036085,0.7476149312177579,-6.074194007961597,miscanthus_sinensis_ssp_transmorrisonensis_6wks vs miscanthus_sinensis_15wks,FALSE
5312,0.8360470302719101,18.311630348423343,0.497147419000887,0.6246410579618435,0.747696282873667,-6.0743765572450155,miscanthus_sinensis_ssp_transmorrisonensis_6wks vs miscanthus_sinensis_15wks,FALSE
15050,0.33019286802642256,16.919518487610375,0.4957034700067196,0.6256411167724707,0.7486688663536281,-6.0750901992206625,miscanthus_sinensis_ssp_transmorrisonensis_6wks vs miscanthus_sinensis_15wks,FALSE
7770,-0.4422202458602875,17.658195800506984,-0.4942427008353567,0.6266535814538419,0.7496557078704635,-6.075810096661848,miscanthus_sinensis_ssp_transmorrisonensis_6wks vs miscanthus_sinensis_15wks,FALSE
4470,0.6459870045664786,17.951438410917188,0.49394733209910363,0.6268583949813731,0.7496760673354228,-6.075955408948136,miscanthus_sinensis_ssp_transmorrisonensis_6wks vs miscanthus_sinensis_15wks,FALSE
5482,0.7319234999808693,18.21295062746387,0.49232680789870903,0.6279826447880161,0.7504546925201283,-6.076751150687072,miscanthus_sinensis_ssp_transmorrisonensis_6wks vs miscanthus_sinensis_15wks,FALSE
1897,-0.7044742357855469,18.42142525813247,-0.4922416256241768,0.6280417663717389,0.7504546925201283,-6.076792908078567,miscanthus_sinensis_ssp_transmorrisonensis_6wks vs miscanthus_sinensis_15wks,FALSE
5396,0.6620685986462114,17.766782124446795,0.4919933945980317,0.628214068202078,0.7504546925201283,-6.076914553804163,miscanthus_sinensis_ssp_transmorrisonensis_6wks vs miscanthus_sinensis_15wks,FALSE
5868,0.550403311409152,17.479702278197944,0.4919251837882286,0.6282614184374421,0.7504546925201283,-6.0769479700692575,miscanthus_sinensis_ssp_transmorrisonensis_6wks vs miscanthus_sinensis_15wks,FALSE
12988,0.4621791151042238,17.835803641962702,0.4894454406591673,0.6299839128753171,0.7522871014652306,-6.0781597225287065,miscanthus_sinensis_ssp_transmorrisonensis_6wks vs miscanthus_sinensis_15wks,FALSE
9920,0.41519303020859866,17.93093838885252,0.48840530865037823,0.6307070629649478,0.7527888316593017,-6.078666216974991,miscanthus_sinensis_ssp_transmorrisonensis_6wks vs miscanthus_sinensis_15wks,FALSE
444,0.30950816420959626,25.12588721837512,0.4882986728344969,0.6307812229209329,0.7527888316593017,-6.078718084143639,miscanthus_sinensis_ssp_transmorrisonensis_6wks vs miscanthus_sinensis_15wks,FALSE
18992,0.30364196171413127,17.113994836305494,0.4872701342289524,0.6314967266471929,0.7533674419007654,-6.079217793714383,miscanthus_sinensis_ssp_transmorrisonensis_6wks vs miscanthus_sinensis_15wks,FALSE
1738,-0.6386993905537217,17.39195716502074,-0.4870592219450232,0.6316434939984624,0.7533674419007654,-6.079320137308524,miscanthus_sinensis_ssp_transmorrisonensis_6wks vs miscanthus_sinensis_15wks,FALSE
1915,0.24296839358790123,22.703677437873026,0.48590557096697046,0.6324465610865995,0.7540999617257184,-6.079879173297531,miscanthus_sinensis_ssp_transmorrisonensis_6wks vs miscanthus_sinensis_15wks,FALSE
4403,0.5950832963984496,17.847509984600116,0.48531780347848213,0.6328558913617106,0.7543627107542397,-6.080163496481022,miscanthus_sinensis_ssp_transmorrisonensis_6wks vs miscanthus_sinensis_15wks,FALSE
9671,0.379709318033413,16.851224936680318,0.4847705495598588,0.6332371164170407,0.7545918115632317,-6.080427920176191,miscanthus_sinensis_ssp_transmorrisonensis_6wks vs miscanthus_sinensis_15wks,FALSE
10893,0.5059455758860274,17.48149873749041,0.48438792100045025,0.6335037234656724,0.754684232788709,-6.080612626898144,miscanthus_sinensis_ssp_transmorrisonensis_6wks vs miscanthus_sinensis_15wks,FALSE
2355,0.8501722332833062,18.37800215949855,0.48250206114355887,0.6348184979962357,0.7558983429331497,-6.0815209118517926,miscanthus_sinensis_ssp_transmorrisonensis_6wks vs miscanthus_sinensis_15wks,FALSE
3168,0.45223093152472416,21.59428209932954,0.48199566648374587,0.6351717556633614,0.7558983429331497,-6.081764217637962,miscanthus_sinensis_ssp_transmorrisonensis_6wks vs miscanthus_sinensis_15wks,FALSE
22653,0.26323065280909574,17.078485771151783,0.4817367653839881,0.635352398024502,0.7558983429331497,-6.081888514718926,miscanthus_sinensis_ssp_transmorrisonensis_6wks vs miscanthus_sinensis_15wks,FALSE
1352,1.0485535040807399,19.439379104606807,0.48170466104055126,0.6353747997323289,0.7558983429331497,-6.0819039233082375,miscanthus_sinensis_ssp_transmorrisonensis_6wks vs miscanthus_sinensis_15wks,FALSE
275,0.6972536137908847,21.7256415668075,0.4813659135512187,0.6356111922432279,0.7558983429331497,-6.082066445271282,miscanthus_sinensis_ssp_transmorrisonensis_6wks vs miscanthus_sinensis_15wks,FALSE
9467,0.3542838497866079,16.993044507587022,0.4812974093037205,0.6356590023112685,0.7558983429331497,-6.082099298214021,miscanthus_sinensis_ssp_transmorrisonensis_6wks vs miscanthus_sinensis_15wks,FALSE
13194,0.3734526557593618,17.40704636584823,0.4800013846311732,0.6365638243623664,0.7566275028242085,-6.082719980053035,miscanthus_sinensis_ssp_transmorrisonensis_6wks vs miscanthus_sinensis_15wks,FALSE
13617,0.25029104362373644,16.993757452935764,0.4798762075251659,0.6366512479926143,0.7566275028242085,-6.082779842404584,miscanthus_sinensis_ssp_transmorrisonensis_6wks vs miscanthus_sinensis_15wks,FALSE
4343,0.6217891182341688,17.55825973712527,0.4793393917595767,0.6370262217242935,0.7568478205724344,-6.0830363863561034,miscanthus_sinensis_ssp_transmorrisonensis_6wks vs miscanthus_sinensis_15wks,FALSE
8955,0.5085356057179808,17.631316102079715,0.47704597300619,0.6386293367511796,0.7585267219014308,-6.084129254029328,miscanthus_sinensis_ssp_transmorrisonensis_6wks vs miscanthus_sinensis_15wks,FALSE
23418,0.2514051020031758,16.855143673109072,0.4764127534818977,0.6390722829615108,0.7588270534153334,-6.0844300967628575,miscanthus_sinensis_ssp_transmorrisonensis_6wks vs miscanthus_sinensis_15wks,FALSE
3033,0.7988225096987307,20.994763000387298,0.47460120872459854,0.6403402512246159,0.7601065366900586,-6.085288607908909,miscanthus_sinensis_ssp_transmorrisonensis_6wks vs miscanthus_sinensis_15wks,FALSE
6606,0.5717375673430389,17.609226022988985,0.47383480653179244,0.6408770263082593,0.7605175651077797,-6.08565085325044,miscanthus_sinensis_ssp_transmorrisonensis_6wks vs miscanthus_sinensis_15wks,FALSE
23801,-0.2763465663314655,16.925139254403938,-0.47281202594007316,0.6415936800661193,0.7611417446727929,-6.086133387243062,miscanthus_sinensis_ssp_transmorrisonensis_6wks vs miscanthus_sinensis_15wks,FALSE
1843,0.8085923842644895,17.45871032484727,0.47142797959544896,0.6425640432435394,0.7619786669588392,-6.086784740423416,miscanthus_sinensis_ssp_transmorrisonensis_6wks vs miscanthus_sinensis_15wks,FALSE
2726,-0.9205897243148122,20.206562111380002,-0.47126136134356633,0.642680904722047,0.7619786669588392,-6.086863027747365,miscanthus_sinensis_ssp_transmorrisonensis_6wks vs miscanthus_sinensis_15wks,FALSE
2635,0.6777717397886818,17.746417854310344,0.47077291394515025,0.6430235433061817,0.762158546579061,-6.087092374108325,miscanthus_sinensis_ssp_transmorrisonensis_6wks vs miscanthus_sinensis_15wks,FALSE
3738,-0.9303035113959766,19.399779475840703,-0.4686658974485064,0.6445025219536007,0.7636847930064631,-6.0880790436674985,miscanthus_sinensis_ssp_transmorrisonensis_6wks vs miscanthus_sinensis_15wks,FALSE
2738,-0.4600649454530483,18.586318383522308,-0.4679469888760649,0.6450074934558954,0.7640563542658558,-6.088414703579884,miscanthus_sinensis_ssp_transmorrisonensis_6wks vs miscanthus_sinensis_15wks,FALSE
22870,-0.28705893935233817,16.89093009100188,-0.46727824465156237,0.6454773873942209,0.7643861555852061,-6.088726489734883,miscanthus_sinensis_ssp_transmorrisonensis_6wks vs miscanthus_sinensis_15wks,FALSE
4823,-0.7142735305262384,18.055521234683418,-0.4669710622300333,0.6456932806775864,0.7644150582636194,-6.088869560257461,miscanthus_sinensis_ssp_transmorrisonensis_6wks vs miscanthus_sinensis_15wks,FALSE
9853,-0.5008033819788906,17.04600984418406,-0.46523989894641965,0.646910574691492,0.7652088597402107,-6.08967413248263,miscanthus_sinensis_ssp_transmorrisonensis_6wks vs miscanthus_sinensis_15wks,FALSE
6197,0.5544202189782723,17.150287090645584,0.4652186932704668,0.646925492115979,0.7652088597402107,-6.089683969890695,miscanthus_sinensis_ssp_transmorrisonensis_6wks vs miscanthus_sinensis_15wks,FALSE
9969,0.34140699257842044,16.972021263238,0.465199700300311,0.6469388531120268,0.7652088597402107,-6.089692780442669,miscanthus_sinensis_ssp_transmorrisonensis_6wks vs miscanthus_sinensis_15wks,FALSE
2366,0.5225071246098558,17.173834606723183,0.4642364246516145,0.6476166500992089,0.7657431350307378,-6.090139168467695,miscanthus_sinensis_ssp_transmorrisonensis_6wks vs miscanthus_sinensis_15wks,FALSE
18704,0.29983153828329634,17.21036845394498,0.46401259512093745,0.6477741901299603,0.7657431350307378,-6.0902427630225695,miscanthus_sinensis_ssp_transmorrisonensis_6wks vs miscanthus_sinensis_15wks,FALSE
5288,-0.3100024949522897,16.950511773874357,-0.4627345108027086,0.6486740819197029,0.7664168189380876,-6.090833360712433,miscanthus_sinensis_ssp_transmorrisonensis_6wks vs miscanthus_sinensis_15wks,FALSE
3366,-0.5488068469401881,17.345460248501425,-0.4626578670828353,0.6487280639258011,0.7664168189380876,-6.090868726870052,miscanthus_sinensis_ssp_transmorrisonensis_6wks vs miscanthus_sinensis_15wks,FALSE
23320,-0.311057847393176,17.116809009961685,-0.4615081513198844,0.6495380749967408,0.7670596396276944,-6.0913985596887406,miscanthus_sinensis_ssp_transmorrisonensis_6wks vs miscanthus_sinensis_15wks,FALSE
5912,0.3451869293403327,16.92479139463729,0.46134015191263794,0.6496564733419927,0.7670596396276944,-6.091475872309515,miscanthus_sinensis_ssp_transmorrisonensis_6wks vs miscanthus_sinensis_15wks,FALSE
4383,0.42734010585527216,17.276734280070592,0.4606695935684857,0.6501291474174791,0.7673907618245348,-6.091784186328802,miscanthus_sinensis_ssp_transmorrisonensis_6wks vs miscanthus_sinensis_15wks,FALSE
90,0.8299232838157593,23.201398785420803,0.46033780696046817,0.6503630787319679,0.7674399675725733,-6.091936575374901,miscanthus_sinensis_ssp_transmorrisonensis_6wks vs miscanthus_sinensis_15wks,FALSE
4453,-0.6151885394358416,19.053193626193657,-0.4569195508295967,0.652775333327779,0.770058844753101,-6.093500324295713,miscanthus_sinensis_ssp_transmorrisonensis_6wks vs miscanthus_sinensis_15wks,FALSE
16529,-0.3276742781288178,16.94438782964307,-0.455659061094698,0.6536658486633176,0.7708815562375078,-6.094074083863069,miscanthus_sinensis_ssp_transmorrisonensis_6wks vs miscanthus_sinensis_15wks,FALSE
3891,0.6356733916335457,18.455240450595824,0.4550229534503941,0.6541154504069768,0.7709771490961052,-6.094363043738866,miscanthus_sinensis_ssp_transmorrisonensis_6wks vs miscanthus_sinensis_15wks,FALSE
11099,-0.3194317282810317,18.534262846632583,-0.45498831838489173,0.6541399344059686,0.7709771490961052,-6.094378765817163,miscanthus_sinensis_ssp_transmorrisonensis_6wks vs miscanthus_sinensis_15wks,FALSE
3003,0.6902891864260035,18.128734098013922,0.45472470721319513,0.6543262978801614,0.7709771490961052,-6.094498389867975,miscanthus_sinensis_ssp_transmorrisonensis_6wks vs miscanthus_sinensis_15wks,FALSE
635,-0.87627416706510175,20.705298076512616,-0.45384302830532025,0.6549497814691054,0.7714840742474679,-6.094897994003825,miscanthus_sinensis_ssp_transmorrisonensis_6wks vs miscanthus_sinensis_15wks,FALSE
19583,0.2841727636118172,16.956765199278628,0.45329265349980347,0.6553391133491375,0.7717149676960935,-6.095147056258293,miscanthus_sinensis_ssp_transmorrisonensis_6wks vs miscanthus_sinensis_15wks,FALSE
5135,-0.5205002410508364,17.177283580252265,-0.4527598128731325,0.6557161379359184,0.7719312364022962,-6.095387902046416,miscanthus_sinensis_ssp_transmorrisonensis_6wks vs miscanthus_sinensis_15wks,FALSE
14133,0.23556088172831835,17.035590559717185,0.45224355929820315,0.6560815162073854,0.7721336711968994,-6.095620986087748,miscanthus_sinensis_ssp_transmorrisonensis_6wks vs miscanthus_sinensis_15wks,FALSE
1599,0.6582332424078068,18.25874087722798,0.4494259058984243,0.6580772715031098,0.7742541903449496,-6.096888546561366,miscanthus_sinensis_ssp_transmorrisonensis_6wks vs miscanthus_sinensis_15wks,FALSE
17253,0.34938529977885935,16.948275969150796,0.44905845117736176,0.6583377353920252,0.7743324218282158,-6.097053279719216,miscanthus_sinensis_ssp_transmorrisonensis_6wks vs miscanthus_sinensis_15wks,FALSE
24482,-0.2596753942566714,16.474138917078847,-0.44769250556481743,0.6593063540900443,0.7750016743052286,-6.097664488746261,miscanthus_sinensis_ssp_transmorrisonensis_6wks vs miscanthus_sinensis_15wks,FALSE
5031,0.5132339496002096,17.849456610801493,0.4474235248042783,0.6594971663038982,0.7750016743052286,-6.097784632684231,miscanthus_sinensis_ssp_transmorrisonensis_6wks vs miscanthus_sinensis_15wks,FALSE
6727,-0.38919011736907194,18.56715373910425,-0.44725471596179006,0.6596169297842882,0.7750016743052286,-6.09785999736618,miscanthus_sinensis_ssp_transmorrisonensis_6wks vs miscanthus_sinensis_15wks,FALSE
18547,0.2898588677986105,17.179676022766415,0.44716118726982934,0.6596832889000919,0.7750016743052286,-6.097901741251444,miscanthus_sinensis_ssp_transmorrisonensis_6wks vs miscanthus_sinensis_15wks,FALSE
1314,0.42815588092071977,21.837508516470212,0.4462897408255111,0.6603017236462554,0.7751132573137821,-6.098290275931571,miscanthus_sinensis_ssp_transmorrisonensis_6wks vs miscanthus_sinensis_15wks,FALSE
1629,-0.5966371884212052,17.626321217966176,-0.4459321874614744,0.6605555390847269,0.7751132573137821,-6.098449476543037,miscanthus_sinensis_ssp_transmorrisonensis_6wks vs miscanthus_sinensis_15wks,FALSE
441,0.9446910147132641,19.167013762824915,0.4459318455135387,0.6605557818425454,0.7751132573137821,-6.098449628735544,miscanthus_sinensis_ssp_transmorrisonensis_6wks vs miscanthus_sinensis_15wks,FALSE
2706,0.8768372937534963,18.927172927904422,0.44581135411360945,0.6606413242493888,0.7751132573137821,-6.098503249342344,miscanthus_sinensis_ssp_transmorrisonensis_6wks vs miscanthus_sinensis_15wks,FALSE
783,0.39872385890959094,21.66593888418298,0.4453870597598997,0.660942588458175,0.7751132573137821,-6.098691954206152,miscanthus_sinensis_ssp_transmorrisonensis_6wks vs miscanthus_sinensis_15wks,FALSE
21762,0.20410831370165994,16.860445908258537,0.4453861020817444,0.6609432685110507,0.7751132573137821,-6.0986923799344215,miscanthus_sinensis_ssp_transmorrisonensis_6wks vs miscanthus_sinensis_15wks,FALSE
1299,0.7086887789391589,20.422647791931944,0.4447006353023629,0.6614300998937652,0.7753112686205124,-6.098996868881237,miscanthus_sinensis_ssp_transmorrisonensis_6wks vs miscanthus_sinensis_15wks,FALSE
19411,0.27930107368018753,16.620243834877815,0.444426074667581,0.6616251413503575,0.7753112686205124,-6.099118701762333,miscanthus_sinensis_ssp_transmorrisonensis_6wks vs miscanthus_sinensis_15wks,FALSE
14382,0.24268474157224418,16.874975415678602,0.4443280770405308,0.6616947625726667,0.7753112686205124,-6.099162169154776,miscanthus_sinensis_ssp_transmorrisonensis_6wks vs miscanthus_sinensis_15wks,FALSE
21350,0.2729923256141298,16.767857830095764,0.44312369473583635,0.6625506588279113,0.7760863351059336,-6.099695613075867,miscanthus_sinensis_ssp_transmorrisonensis_6wks vs miscanthus_sinensis_15wks,FALSE
5823,0.490451913849153,18.321844335470654,0.44277292122695905,0.6628000260598523,0.7761506905341539,-6.099850710754054,miscanthus_sinensis_ssp_transmorrisonensis_6wks vs miscanthus_sinensis_15wks,FALSE
1563,0.7597187766038758,18.79724515828706,0.4424340033452757,0.6630410033399547,0.7762051863146919,-6.100000452108729,miscanthus_sinensis_ssp_transmorrisonensis_6wks vs miscanthus_sinensis_15wks,FALSE
1323,-0.8136736877552124,20.667717161181688,-0.4412763991911595,0.6638643661550341,0.7769412341515379,-6.100511060197968,miscanthus_sinensis_ssp_transmorrisonensis_6wks vs miscanthus_sinensis_15wks,FALSE
20442,-0.2842662840099237,16.80023182391022,-0.44085005946178674,0.6641677168807179,0.777068442493501,-6.100698784435274,miscanthus_sinensis_ssp_transmorrisonensis_6wks vs miscanthus_sinensis_15wks,FALSE
38,-0.26100381020221164,27.722429259653556,-0.4391160771972425,0.6654020970840323,0.7782845507059646,-6.101460453159157,miscanthus_sinensis_ssp_transmorrisonensis_6wks vs miscanthus_sinensis_15wks,FALSE
3225,-0.30931999950107425,21.087658465137224,-0.4382887407027027,0.6659914031014891,0.7787456593969374,-6.101822832590645,miscanthus_sinensis_ssp_transmorrisonensis_6wks vs miscanthus_sinensis_15wks,FALSE
12713,0.3025689636366984,16.956605313037574,0.4375557845955497,0.6665136685067481,0.7789957325307139,-6.1021433133951986,miscanthus_sinensis_ssp_transmorrisonensis_6wks vs miscanthus_sinensis_15wks,FALSE
15425,0.2664553551471691,17.04173427468095,0.43744089758606436,0.6665955466745788,0.7789957325307139,-6.102193499430042,miscanthus_sinensis_ssp_transmorrisonensis_6wks vs miscanthus_sinensis_15wks,FALSE
2,-0.5238146023824335,26.94904697341056,-0.43693029501311487,0.6669594969278763,0.7790380020825393,-6.102416389472813,miscanthus_sinensis_ssp_transmorrisonensis_6wks vs miscanthus_sinensis_15wks,FALSE
713,0.8060616630461297,19.103207610977282,0.4368425949248439,0.6670220168131562,0.7790380020825393,-6.102454646958598,miscanthus_sinensis_ssp_transmorrisonensis_6wks vs miscanthus_sinensis_15wks,FALSE
6455,0.30765230806828114,17.182745008681277,0.4360813388263329,0.6675648079225189,0.7794439055942367,-6.102786414212529,miscanthus_sinensis_ssp_transmorrisonensis_6wks vs miscanthus_sinensis_15wks,FALSE
7963,0.47171979220860294,18.579561958948517,0.4344394372203185,0.6687361556479949,0.7805832553645602,-6.10350005000405,miscanthus_sinensis_ssp_transmorrisonensis_6wks vs miscanthus_sinensis_15wks,FALSE
1195,0.2062806708345697,22.72388414073648,0.4340620634815884,0.6690055006385696,0.7806693827971849,-6.103663698780573,miscanthus_sinensis_ssp_transmorrisonensis_6wks vs miscanthus_sinensis_15wks,FALSE
708,0.7918177612031378,20.117793514294853,0.4336127469003634,0.6693262536925233,0.7807098812795531,-6.103858363919598,miscanthus_sinensis_ssp_transmorrisonensis_6wks vs miscanthus_sinensis_15wks,FALSE
18591,-0.32051663228162397,17.082562320230103,-0.43346555492653666,0.6694313435921618,0.7807098812795531,-6.10392209145667,miscanthus_sinensis_ssp_transmorrisonensis_6wks vs miscanthus_sinensis_15wks,FALSE
9974,0.3956309161248903,17.345703785632022,0.4327037439999794,0.6699753613727825,0.7808861480078955,-6.104251582570435,miscanthus_sinensis_ssp_transmorrisonensis_6wks vs miscanthus_sinensis_15wks,FALSE
7185,0.32777906100589504,17.107102948842364,0.4325633088154608,0.670075668118113,0.7808861480078955,-6.104312260224976,miscanthus_sinensis_ssp_transmorrisonensis_6wks vs miscanthus_sinensis_15wks,FALSE
17256,-0.35483711673981233,16.67140674692872,-0.43243219265451766,0.6701693244175977,0.7808861480078955,-6.104368893993045,miscanthus_sinensis_ssp_transmorrisonensis_6wks vs miscanthus_sinensis_15wks,FALSE
459,0.22563967693679388,24.577638411811158,0.43176118494740523,0.6706487118858135,0.7811615024675035,-6.104658462803681,miscanthus_sinensis_ssp_transmorrisonensis_6wks vs miscanthus_sinensis_15wks,FALSE
4373,0.7217998068198206,18.062159344281355,0.4314236185347954,0.6708899338702283,0.7811615024675035,-6.104803970629691,miscanthus_sinensis_ssp_transmorrisonensis_6wks vs miscanthus_sinensis_15wks,FALSE
3058,0.4461340842418373,18.64036912449746,0.4312798462942212,0.6709926833569813,0.7811615024675035,-6.104865909700791,miscanthus_sinensis_ssp_transmorrisonensis_6wks vs miscanthus_sinensis_15wks,FALSE
23845,0.23033298967056837,16.783867397476836,0.43037957760983936,0.6716362277708022,0.7816827467233359,-6.105253297747389,miscanthus_sinensis_ssp_transmorrisonensis_6wks vs miscanthus_sinensis_15wks,FALSE
4804,0.6213341570094784,18.758404616738154,0.4284222052235106,0.6730363235192285,0.782805738081476,-6.106092821557849,miscanthus_sinensis_ssp_transmorrisonensis_6wks vs miscanthus_sinensis_15wks,FALSE
836,-0.6586266905802844,19.060196030685574,-0.4281442723147954,0.6732352264074215,0.782805738081476,-6.106211723704116,miscanthus_sinensis_ssp_transmorrisonensis_6wks vs miscanthus_sinensis_15wks,FALSE
8769,-0.434806185686444,17.74155368476877,-0.4279647553048974,0.6733637109902656,0.782805738081476,-6.106288482442186,miscanthus_sinensis_ssp_transmorrisonensis_6wks vs miscanthus_sinensis_15wks,FALSE
22842,0.2262552490797205,16.630168837375287,0.42789910306337237,0.6734107024247142,0.782805738081476,-6.106316546456824,miscanthus_sinensis_ssp_transmorrisonensis_6wks vs miscanthus_sinensis_15wks,FALSE
2420,-0.7682269395253911,20.392847453465084,-0.42757734916915324,0.6736410217812889,0.782805738081476,-6.106454023830844,miscanthus_sinensis_ssp_transmorrisonensis_6wks vs miscanthus_sinensis_15wks,FALSE
115,-0.579008253611736,22.455683229738447,-0.42738645464415415,0.6737776843807494,0.782805738081476,-6.106535540343134,miscanthus_sinensis_ssp_transmorrisonensis_6wks vs miscanthus_sinensis_15wks,FALSE
6074,0.6481599688317452,18.254076018671295,0.42595775607440417,0.6748008671533476,0.7837663839616421,-6.107144495217966,miscanthus_sinensis_ssp_transmorrisonensis_6wks vs miscanthus_sinensis_15wks,FALSE
963,-0.9171826354383867,20.78832595535423,-0.4256260983923802,0.6750384813583225,0.7837962458725348,-6.107285571813286,miscanthus_sinensis_ssp_transmorrisonensis_6wks vs miscanthus_sinensis_15wks,FALSE
5054,-0.5523041878467225,19.467369320353914,-0.42536508589350347,0.6752255068050514,0.7837962458725348,-6.107396522411205,miscanthus_sinensis_ssp_transmorrisonensis_6wks vs miscanthus_sinensis_15wks,FALSE
23979,-0.2490700587268755,16.606342401737116,-0.42485141871248566,0.6755936321612821,0.7837962458725348,-6.107614675915717,miscanthus_sinensis_ssp_transmorrisonensis_6wks vs miscanthus_sinensis_15wks,FALSE
16165,0.29407342445768947,17.126851341065116,0.42482586960645913,0.6756119444006493,0.7837962458725348,-6.107625519823718,miscanthus_sinensis_ssp_transmorrisonensis_6wks vs miscanthus_sinensis_15wks,FALSE
2249,0.5121494890722715,20.194337427172677,0.42230288774153973,0.6774213016061545,0.7856670063950519,-6.108693208023639,miscanthus_sinensis_ssp_transmorrisonensis_6wks vs miscanthus_sinensis_15wks,FALSE
5106,0.3427593122096759,17.26297635486646,0.42034413482694444,0.6788274079066607,0.7870691293532937,-6.109517820152189,miscanthus_sinensis_ssp_transmorrisonensis_6wks vs miscanthus_sinensis_15wks,FALSE
11618,0.4096692713204071,17.923397315306904,0.4171301150277882,0.6811372297598217,0.7895179504068549,-6.110862733285242,miscanthus_sinensis_ssp_transmorrisonensis_6wks vs miscanthus_sinensis_15wks,FALSE
601,-0.5460230528946823,20.879851987818526,-0.41679363132431835,0.6813792377973871,0.7895692067597008,-6.111002949657469,miscanthus_sinensis_ssp_transmorrisonensis_6wks vs miscanthus_sinensis_15wks,FALSE
1063,-0.6789767793257866,19.455715507944692,-0.41618830739798035,0.6818146919074737,0.7898445299171895,-6.111254914987828,miscanthus_sinensis_ssp_transmorrisonensis_6wks vs miscanthus_sinensis_15wks,FALSE
1058,0.4322077095978436,22.796632319051053,0.41543866213149955,0.6823541254410186,0.7902401127822879,-6.111566455606852,miscanthus_sinensis_ssp_transmorrisonensis_6wks vs miscanthus_sinensis_15wks,FALSE
10163,-0.3769965410448357,16.87803721891185,-0.4144506554293604,0.6830653477067832,0.7908343584818673,-6.111976213142799,miscanthus_sinensis_ssp_transmorrisonensis_6wks vs miscanthus_sinensis_15wks,FALSE
12924,-0.3433384495405072,18.741271831193988,-0.4125307520832396,0.6844482686146879,0.7919924334109778,-6.1127697181002425,miscanthus_sinensis_ssp_transmorrisonensis_6wks vs miscanthus_sinensis_15wks,FALSE
6023,0.3343459790487664,17.518394439754463,0.4125111436523495,0.6844623986141967,0.7919924334109778,-6.1127778036917535,miscanthus_sinensis_ssp_transmorrisonensis_6wks vs miscanthus_sinensis_15wks,FALSE
61,-0.7166184766408499,18.886382525752392,-0.41021996348736284,0.6861142611074151,0.7936737555319622,-6.113719979493924,miscanthus_sinensis_ssp_transmorrisonensis_6wks vs miscanthus_sinensis_15wks,FALSE
4034,0.6110834838596908,18.313397878893905,0.4091253757580987,0.6869039933300054,0.7942516680076253,-6.114168274911988,miscanthus_sinensis_ssp_transmorrisonensis_6wks vs miscanthus_sinensis_15wks,FALSE
18005,0.22542897705429255,17.46366438339391,0.40897602610435385,0.6870117759595015,0.7942516680076253,-6.1142293508011605,miscanthus_sinensis_ssp_transmorrisonensis_6wks vs miscanthus_sinensis_15wks,FALSE
1998,-0.5150861512756997,18.486030079652142,-0.40846686167537316,0.6873792812110862,0.7942578572852772,-6.1144374067321365,miscanthus_sinensis_ssp_transmorrisonensis_6wks vs miscanthus_sinensis_15wks,FALSE
1798,0.5312975545767742,22.361320223529116,0.4082176270767823,0.6875592030804842,0.7942578572852772,-6.114539156723699,miscanthus_sinensis_ssp_transmorrisonensis_6wks vs miscanthus_sinensis_15wks,FALSE
2290,0.5390094630299522,20.185600784111696,0.40814170238629877,0.6876140167279354,0.7942578572852772,-6.114570140845013,miscanthus_sinensis_ssp_transmorrisonensis_6wks vs miscanthus_sinensis_15wks,FALSE
3036,0.7187154562118501,19.280354308608832,0.4064107912991514,0.6888641235822145,0.7953025947768527,-6.115274972723797,miscanthus_sinensis_ssp_transmorrisonensis_6wks vs miscanthus_sinensis_15wks,FALSE
12093,0.43873850098732703,17.528323920614937,0.4063377070475998,0.6889169270386666,0.7953025947768527,-6.115304668081318,miscanthus_sinensis_ssp_transmorrisonensis_6wks vs miscanthus_sinensis_15wks,FALSE
13375,0.30828951467335486,17.06460702633595,0.4054759653784811,0.6895396595989434,0.7957913619887199,-6.115654412467591,miscanthus_sinensis_ssp_transmorrisonensis_6wks vs miscanthus_sinensis_15wks,FALSE
3525,0.705564731778562,18.40313355319843,0.40482117316974536,0.6900129930573746,0.7959217927571096,-6.115919677031375,miscanthus_sinensis_ssp_transmorrisonensis_6wks vs miscanthus_sinensis_15wks,FALSE
4639,0.5288011491263518,18.112392928203626,0.4047680032509936,0.6900514340511915,0.7959217927571096,-6.115941198341631,miscanthus_sinensis_ssp_transmorrisonensis_6wks vs miscanthus_sinensis_15wks,FALSE
1796,0.5179621666859617,17.74422992132085,0.4029726065980271,0.6913499825563927,0.7970482722224065,-6.1166662809735035,miscanthus_sinensis_ssp_transmorrisonensis_6wks vs miscanthus_sinensis_15wks,FALSE
1224,-0.5372176781521709,19.215691183405234,-0.4028656155424972,0.6914273964694874,0.7970482722224065,-6.116709389994412,miscanthus_sinensis_ssp_transmorrisonensis_6wks vs miscanthus_sinensis_15wks,FALSE
16931,0.3056590882002581,16.682841247871423,0.4021736068597735,0.6919281867976615,0.7973584246309062,-6.116987943609467,miscanthus_sinensis_ssp_transmorrisonensis_6wks vs miscanthus_sinensis_15wks,FALSE
2943,-0.35822985757216586,21.07162537701858,-0.4017530239633429,0.6922326237193536,0.7973584246309062,-6.117157010483636,miscanthus_sinensis_ssp_transmorrisonensis_6wks vs miscanthus_sinensis_15wks,FALSE
2161,-0.6221375636608428,20.590769996577215,-0.40166593925354466,0.6922956662752306,0.7973584246309062,-6.117191995265959,miscanthus_sinensis_ssp_transmorrisonensis_6wks vs miscanthus_sinensis_15wks,FALSE
21880,0.23905091273259416,17.019714810196298,0.4005920004987804,0.6930733032803229,0.7980238323320015,-6.117622818811508,miscanthus_sinensis_ssp_transmorrisonensis_6wks vs miscanthus_sinensis_15wks,FALSE
20388,0.2508907557350746,16.875855182580004,0.4000032237802999,0.6934997835050876,0.7982846412203891,-6.1178585325145844,miscanthus_sinensis_ssp_transmorrisonensis_6wks vs miscanthus_sinensis_15wks,FALSE
3748,0.5061803551916952,18.13413752796209,0.3980906114876385,0.6948859057227862,0.7995431902543374,-6.118621884889745,miscanthus_sinensis_ssp_transmorrisonensis_6wks vs miscanthus_sinensis_15wks,FALSE
598,0.5474349074948677,21.26246072862113,0.3979419306433455,0.6949937049555488,0.7995431902543374,-6.118681074966449,miscanthus_sinensis_ssp_transmorrisonensis_6wks vs miscanthus_sinensis_15wks,FALSE
875,-0.6765779278939945,19.812518036540673,-0.3968165538724596,0.6958098612119419,0.800251502724884,-6.119128384154695,miscanthus_sinensis_ssp_transmorrisonensis_6wks vs miscanthus_sinensis_15wks,FALSE
5282,0.48063736574534843,18.05239660998583,0.39440862039655317,0.6975574410624954,0.801998941375911,-6.120081293208194,miscanthus_sinensis_ssp_transmorrisonensis_6wks vs miscanthus_sinensis_15wks,FALSE
20037,0.20917980606302322,16.797968690351826,0.39409716466870465,0.6977836095920209,0.801998941375911,-6.120204131224785,miscanthus_sinensis_ssp_transmorrisonensis_6wks vs miscanthus_sinensis_15wks,FALSE
8267,-0.438732032239983,18.03198893248398,-0.3937321903512113,0.6980486783407759,0.801998941375911,-6.120347955495396,miscanthus_sinensis_ssp_transmorrisonensis_6wks vs miscanthus_sinensis_15wks,FALSE
3152,0.7377856110003727,19.57739984422408,0.3936163109604954,0.6981328460123474,0.801998941375911,-6.120393592305178,miscanthus_sinensis_ssp_transmorrisonensis_6wks vs miscanthus_sinensis_15wks,FALSE
4366,-0.4696035742445943,19.356554617242264,-0.3930857660587512,0.6985182523591502,0.8022108352755258,-6.120602368201693,miscanthus_sinensis_ssp_transmorrisonensis_6wks vs miscanthus_sinensis_15wks,FALSE
20221,0.2758326225518175,16.92000633195984,0.39280816589161743,0.6987199442333298,0.8022116817312203,-6.12071149687566,miscanthus_sinensis_ssp_transmorrisonensis_6wks vs miscanthus_sinensis_15wks,FALSE
173,-0.3120395228971482,22.04286937107343,-0.3918117730437097,0.6994440675901381,0.802812167285748,-6.1211025688140275,miscanthus_sinensis_ssp_transmorrisonensis_6wks vs miscanthus_sinensis_15wks,FALSE
8453,0.35046338609974015,17.439928910534856,0.38900780969642595,0.7014834142373598,0.8049214687081174,-6.122197845622563,miscanthus_sinensis_ssp_transmorrisonensis_6wks vs miscanthus_sinensis_15wks,FALSE
24012,-0.23725035079871404,16.738146135173356,-0.3869164836597641,0.7030059660389449,0.8064367288584678,-6.123009714280376,miscanthus_sinensis_ssp_transmorrisonensis_6wks vs miscanthus_sinensis_15wks,FALSE
468,-1.0940664928809731,21.72184796633833,-0.38640086079976904,0.7033815536799655,0.8066357834790067,-6.123209221140654,miscanthus_sinensis_ssp_transmorrisonensis_6wks vs miscanthus_sinensis_15wks,FALSE
1538,0.6141829087589272,18.617022495580997,0.3850421255053318,0.7043716511445087,0.80745982203107,-6.12373369427346,miscanthus_sinensis_ssp_transmorrisonensis_6wks vs miscanthus_sinensis_15wks,FALSE
6124,-0.4861708803917075,18.268995932392826,-0.38485966534243005,0.7045046493322187,0.80745982203107,-6.123803985578607,miscanthus_sinensis_ssp_transmorrisonensis_6wks vs miscanthus_sinensis_15wks,FALSE
375,-0.3140319924646562,23.248713657835822,-0.3844061496959229,0.7048352664838624,0.8076068839849537,-6.123978556761061,miscanthus_sinensis_ssp_transmorrisonensis_6wks vs miscanthus_sinensis_15wks,FALSE
84,-0.2726312145427663,25.118097416799166,-0.3832717193965619,0.7056625400390097,0.8083183785024644,-6.124414344198816,miscanthus_sinensis_ssp_transmorrisonensis_6wks vs miscanthus_sinensis_15wks,FALSE
19852,-0.17866441296323643,16.863552969125557,-0.38299939079342205,0.7058611892433845,0.8083183785024644,-6.124518769561204,miscanthus_sinensis_ssp_transmorrisonensis_6wks vs miscanthus_sinensis_15wks,FALSE
14,-0.43386237734993927,23.850418539733624,-0.3822985097541803,0.7063725440066266,0.8086719804056363,-6.124787188824507,miscanthus_sinensis_ssp_transmorrisonensis_6wks vs miscanthus_sinensis_15wks,FALSE
9390,-0.4262965276852668,17.503719307137093,-0.3816290376849857,0.7068611166677883,0.8089993055440972,-6.125043127270193,miscanthus_sinensis_ssp_transmorrisonensis_6wks vs miscanthus_sinensis_15wks,FALSE
740,0.7478069693047118,20.49332209582827,0.38120078016249964,0.7071737221864582,0.8091251071849646,-6.125206618022378,miscanthus_sinensis_ssp_transmorrisonensis_6wks vs miscanthus_sinensis_15wks,FALSE
21778,0.28180659251546913,16.849499243373998,0.37976560892233874,0.7082217098844888,0.809866234691847,-6.125753188339996,miscanthus_sinensis_ssp_transmorrisonensis_6wks vs miscanthus_sinensis_15wks,FALSE
22065,0.19985016387537868,16.953605760251154,0.3797580778959205,0.7082272107488071,0.809866234691847,-6.125756051100142,miscanthus_sinensis_ssp_transmorrisonensis_6wks vs miscanthus_sinensis_15wks,FALSE
9423,-0.2823936170174015,18.07982829529676,-0.37939230676524305,0.7084943995806814,0.8099397603453837,-6.1258950239516805,miscanthus_sinensis_ssp_transmorrisonensis_6wks vs miscanthus_sinensis_15wks,FALSE
841,0.6795870110123552,22.655880908758814,0.37847305129245074,0.7091660689238293,0.8104755073415191,-6.126243708106107,miscanthus_sinensis_ssp_transmorrisonensis_6wks vs miscanthus_sinensis_15wks,FALSE
406,-0.2212930458221507,23.881509007550793,-0.37772663849425947,0.7097116273395989,0.8106866284989941,-6.1265262182236935,miscanthus_sinensis_ssp_transmorrisonensis_6wks vs miscanthus_sinensis_15wks,FALSE
22351,0.23140071666541928,16.97963861741141,0.3774850484974254,0.7098882415888089,0.8106866284989941,-6.126617540067817,miscanthus_sinensis_ssp_transmorrisonensis_6wks vs miscanthus_sinensis_15wks,FALSE
11851,-0.27785152493403587,18.202855857680905,-0.37738685134465133,0.7099600333748706,0.8106866284989941,-6.126654642478471,miscanthus_sinensis_ssp_transmorrisonensis_6wks vs miscanthus_sinensis_15wks,FALSE
2575,-0.405469312108508,17.5677740776607,-0.3740960340283263,0.7123675467272257,0.8132031016685973,-6.127892532706147,miscanthus_sinensis_ssp_transmorrisonensis_6wks vs miscanthus_sinensis_15wks,FALSE
3660,-0.22216044719436923,16.853069942834512,-0.3726502846212768,0.7134262157124978,0.814178803065835,-6.1284329960424815,miscanthus_sinensis_ssp_transmorrisonensis_6wks vs miscanthus_sinensis_15wks,FALSE
152,0.7841705653000268,19.282048201036375,0.37191103024577005,0.7139677746667851,0.8145639772705933,-6.128708554182408,miscanthus_sinensis_ssp_transmorrisonensis_6wks vs miscanthus_sinensis_15wks,FALSE
2794,-0.645906008213764,19.835413271193737,-0.37079851128910807,0.7147830706713383,0.8152611480342807,-6.129122230949996,miscanthus_sinensis_ssp_transmorrisonensis_6wks vs miscanthus_sinensis_15wks,FALSE
1863,0.41157894728036126,19.11375861934662,0.3698771932200432,0.7154585132897,0.8157984533140481,-6.129463887499,miscanthus_sinensis_ssp_transmorrisonensis_6wks vs miscanthus_sinensis_15wks,FALSE
356,-0.4916545333492479,22.189512176192405,-0.36830955692751377,0.7166083409585371,0.8168762127659852,-6.1300432958871625,miscanthus_sinensis_ssp_transmorrisonensis_6wks vs miscanthus_sinensis_15wks,FALSE
20769,0.2304533452487405,17.02484074928254,0.36716569361387863,0.7174477778647523,0.8175996372355384,-6.130464544425947,miscanthus_sinensis_ssp_transmorrisonensis_6wks vs miscanthus_sinensis_15wks,FALSE
2953,0.6282896505611646,18.24668876210705,0.36483701184897194,0.7191578436990762,0.8193145296936963,-6.1313181324841315,miscanthus_sinensis_ssp_transmorrisonensis_6wks vs miscanthus_sinensis_15wks,FALSE
2526,0.36671218060894617,17.185313190254107,0.36376655757261295,0.7199444407103082,0.8199766639987305,-6.13170871563309,miscanthus_sinensis_ssp_transmorrisonensis_6wks vs miscanthus_sinensis_15wks,FALSE
12275,-0.34809499333805505,18.411552182170677,-0.3614188221562967,0.7216707354233549,0.8217083787250522,-6.132561385353346,miscanthus_sinensis_ssp_transmorrisonensis_6wks vs miscanthus_sinensis_15wks,FALSE
2050,-0.40044972447629945,17.01367492769943,-0.360566818806383,0.7222975941413695,0.822187623556415,-6.132869476472609,miscanthus_sinensis_ssp_transmorrisonensis_6wks vs miscanthus_sinensis_15wks,FALSE
4446,0.46727352376401043,17.36089065077887,0.3600269946837543,0.7226948721163311,0.8224053390787897,-6.133064309997825,miscanthus_sinensis_ssp_transmorrisonensis_6wks vs miscanthus_sinensis_15wks,FALSE
22423,0.20416077355018203,16.963470771397464,0.3595660608542529,0.723034155425734,0.8225491747010518,-6.133230442540391,miscanthus_sinensis_ssp_transmorrisonensis_6wks vs miscanthus_sinensis_15wks,FALSE
20420,0.2513490363263635,16.828165792246406,0.3592954581311706,0.7232333675352434,0.8225491747010518,-6.133327877008494,miscanthus_sinensis_ssp_transmorrisonensis_6wks vs miscanthus_sinensis_15wks,FALSE
2664,0.39835899034979505,17.347864751001435,0.3578211008849369,0.7243191137600369,0.8234950080266235,-6.133857469848388,miscanthus_sinensis_ssp_transmorrisonensis_6wks vs miscanthus_sinensis_15wks,FALSE
2839,0.6701598029309288,18.615985270788382,0.3576059948965084,0.7244775721917589,0.8234950080266235,-6.133934556902377,miscanthus_sinensis_ssp_transmorrisonensis_6wks vs miscanthus_sinensis_15wks,FALSE
6032,-0.22799869891104763,16.898262434282053,-0.3573222429769439,0.7246866183141527,0.8234981441247076,-6.134036174501064,miscanthus_sinensis_ssp_transmorrisonensis_6wks vs miscanthus_sinensis_15wks,FALSE
16369,0.24057784976072938,16.841829335933266,0.3560523848976584,0.7256224209964375,0.8243268937443877,-6.134489962779995,miscanthus_sinensis_ssp_transmorrisonensis_6wks vs miscanthus_sinensis_15wks,FALSE
2076,0.45598631003989354,17.76867773190486,0.35558747582286976,0.7259651393103677,0.8244816034500677,-6.1346557011072,miscanthus_sinensis_ssp_transmorrisonensis_6wks vs miscanthus_sinensis_15wks,FALSE
1687,-0.6419514448438193,20.533873885220245,-0.3551674029354387,0.7262748565054935,0.8245987563054409,-6.134805271766169,miscanthus_sinensis_ssp_transmorrisonensis_6wks vs miscanthus_sinensis_15wks,FALSE
3475,0.3937415498878991,17.4135590941819,0.35183992188339164,0.7287298896360643,0.8269599538693819,-6.1359838866556835,miscanthus_sinensis_ssp_transmorrisonensis_6wks vs miscanthus_sinensis_15wks,FALSE
7983,-0.39021122283707044,17.54889544711777,-0.35178719363456373,0.7287688170622459,0.8269599538693819,-6.136002475219595,miscanthus_sinensis_ssp_transmorrisonensis_6wks vs miscanthus_sinensis_15wks,FALSE
4007,0.3818152426077326,17.34250892736172,0.35059804557326896,0.72964692372446,0.8277210910792965,-6.136420961546546,miscanthus_sinensis_ssp_transmorrisonensis_6wks vs miscanthus_sinensis_15wks,FALSE
4387,0.3408645385020641,17.55968478961265,0.3491068422316374,0.7307486185877868,0.8287353651711491,-6.136943770920107,miscanthus_sinensis_ssp_transmorrisonensis_6wks vs miscanthus_sinensis_15wks,FALSE
3839,0.19416249542631547,20.775466895167757,0.3485613295662238,0.7311517909361407,0.8289571000900522,-6.137134475766719,miscanthus_sinensis_ssp_transmorrisonensis_6wks vs miscanthus_sinensis_15wks,FALSE
486,0.625718457217129,18.28463832162552,0.34329108339669184,0.7350509836606438,0.8331077680681154,-6.1389617288423475,miscanthus_sinensis_ssp_transmorrisonensis_6wks vs miscanthus_sinensis_15wks,FALSE
21688,0.20134015187454324,16.951195247113354,0.3430491892033395,0.7352301269799526,0.8331077680681154,-6.139044936473208,miscanthus_sinensis_ssp_transmorrisonensis_6wks vs miscanthus_sinensis_15wks,FALSE
204,0.8465571716988514,22.24689634858434,0.341454539862603,0.7364114893938312,0.8342096100057247,-6.139592020111342,miscanthus_sinensis_ssp_transmorrisonensis_6wks vs miscanthus_sinensis_15wks,FALSE
12251,-0.28440687510982343,17.90251694236933,-0.3404430544438608,0.7371611757721199,0.8347671850325421,-6.13993773016161,miscanthus_sinensis_ssp_transmorrisonensis_6wks vs miscanthus_sinensis_15wks,FALSE
7166,-0.2761944708910278,18.7072404461351,-0.3400234134627557,0.7374722818617281,0.8347671850325421,-6.140080859634934,miscanthus_sinensis_ssp_transmorrisonensis_6wks vs miscanthus_sinensis_15wks,FALSE
2728,0.3971571089296262,16.95479016716794,0.33994418044694485,0.7375310274573588,0.8347671850325421,-6.140107864546611,miscanthus_sinensis_ssp_transmorrisonensis_6wks vs miscanthus_sinensis_15wks,FALSE
20733,0.2053554726703588,16.82393248899813,0.3378536894108993,0.7390815729061995,0.836285045079804,-6.140818118737993,miscanthus_sinensis_ssp_transmorrisonensis_6wks vs miscanthus_sinensis_15wks,FALSE
8563,0.2827836089632427,17.129326443231808,0.3374900273596788,0.7393514230513389,0.8363533241204151,-6.140941232694557,miscanthus_sinensis_ssp_transmorrisonensis_6wks vs miscanthus_sinensis_15wks,FALSE
346,0.7939113909145199,19.12374398453524,0.33662194584013255,0.7399957102194769,0.8368450071377199,-6.141234583010223,miscanthus_sinensis_ssp_transmorrisonensis_6wks vs miscanthus_sinensis_15wks,FALSE
22781,0.2187556113134761,16.44408259544332,0.3322062458403588,0.7432760652387721,0.8400093387868593,-6.142715221012407,miscanthus_sinensis_ssp_transmorrisonensis_6wks vs miscanthus_sinensis_15wks,FALSE
24656,0.24048041204448722,16.973510588485784,0.33202772971972777,0.7434087883595364,0.8400093387868593,-6.142774673313411,miscanthus_sinensis_ssp_transmorrisonensis_6wks vs miscanthus_sinensis_15wks,FALSE
13471,0.25508574708583254,17.55561434345381,0.3320057926678429,0.7434250986808553,0.8400093387868593,-6.14278197696322,miscanthus_sinensis_ssp_transmorrisonensis_6wks vs miscanthus_sinensis_15wks,FALSE
9623,-0.35726679306471354,17.692061718669997,-0.3309929168104925,0.7441783126860013,0.8406224743187655,-6.143118681121716,miscanthus_sinensis_ssp_transmorrisonensis_6wks vs miscanthus_sinensis_15wks,FALSE
12497,0.2416162037648455,17.20481771850025,0.3293390251419145,0.745408778275667,0.8415619992016495,-6.14366628845775,miscanthus_sinensis_ssp_transmorrisonensis_6wks vs miscanthus_sinensis_15wks,FALSE
8578,0.2656160156053211,17.88647926273928,0.3293082640321717,0.7454316706355293,0.8415619992016495,-6.143676447847307,miscanthus_sinensis_ssp_transmorrisonensis_6wks vs miscanthus_sinensis_15wks,FALSE
6414,0.29973637974353196,17.130829081279796,0.32763394821738395,0.7466780584918773,0.8427307914898429,-6.144228004538378,miscanthus_sinensis_ssp_transmorrisonensis_6wks vs miscanthus_sinensis_15wks,FALSE
5608,0.4265689335706462,17.14848252433401,0.3266337626919709,0.7474229541807967,0.8428911335897229,-6.1445561616885,miscanthus_sinensis_ssp_transmorrisonensis_6wks vs miscanthus_sinensis_15wks,FALSE
7919,-0.4954823552156,18.76661111117839,-0.326390722129197,0.7476039989246404,0.8428911335897229,-6.144635752587964,miscanthus_sinensis_ssp_transmorrisonensis_6wks vs miscanthus_sinensis_15wks,FALSE
5771,0.33473071367410157,19.8048062747608,0.3263888358396012,0.7476054041102124,0.8428911335897229,-6.14463637008083,miscanthus_sinensis_ssp_transmorrisonensis_6wks vs miscanthus_sinensis_15wks,FALSE
2869,0.6427736710371015,19.17315196555135,0.3258004636697099,0.7480437542500504,0.8428911335897229,-6.144828806494293,miscanthus_sinensis_ssp_transmorrisonensis_6wks vs miscanthus_sinensis_15wks,FALSE
3126,-0.5036140448004645,18.098011837903393,-0.32579289274758283,0.7480493953255659,0.8428911335897229,-6.144831280446853,miscanthus_sinensis_ssp_transmorrisonensis_6wks vs miscanthus_sinensis_15wks,FALSE
5660,0.3956325433224066,17.81199889490394,0.32543421056194377,0.748316665208702,0.8428911335897229,-6.144948421995878,miscanthus_sinensis_ssp_transmorrisonensis_6wks vs miscanthus_sinensis_15wks,FALSE
2025,0.4830858570858396,20.733113340985156,0.3252830509156756,0.748429310686679,0.8428911335897229,-6.144997750813583,miscanthus_sinensis_ssp_transmorrisonensis_6wks vs miscanthus_sinensis_15wks,FALSE
18962,0.21904570516448274,17.06124592386428,0.32517573665969873,0.7485092857153226,0.8428911335897229,-6.14503275755236,miscanthus_sinensis_ssp_transmorrisonensis_6wks vs miscanthus_sinensis_15wks,FALSE
996,0.599337558573982,21.68044982796483,0.32433140635502966,0.7491386173623357,0.8433619177976435,-6.14530778616661,miscanthus_sinensis_ssp_transmorrisonensis_6wks vs miscanthus_sinensis_15wks,FALSE
797,-0.5737503832970887,20.08849808451429,-0.32362760897010556,0.7496633388674849,0.8437147022156752,-6.145536497838842,miscanthus_sinensis_ssp_transmorrisonensis_6wks vs miscanthus_sinensis_15wks,FALSE
18780,0.20259473735279343,17.01355663257041,0.32270617763945386,0.750350507915964,0.8442500641489651,-6.145835190872131,miscanthus_sinensis_ssp_transmorrisonensis_6wks vs miscanthus_sinensis_15wks,FALSE
17220,0.20885605309306143,17.251016118509398,0.32186495789407127,0.7509780447780114,0.8443585809615327,-6.1461071468939394,miscanthus_sinensis_ssp_transmorrisonensis_6wks vs miscanthus_sinensis_15wks,FALSE
10010,0.22629696088757,16.82655386435079,0.3217539351860908,0.751060879276332,0.8443585809615327,-6.146142986732025,miscanthus_sinensis_ssp_transmorrisonensis_6wks vs miscanthus_sinensis_15wks,FALSE
370,-0.8417019979713203,21.100654513449438,-0.32167452362097354,0.7511201304694021,0.8443585809615327,-6.146168614505239,miscanthus_sinensis_ssp_transmorrisonensis_6wks vs miscanthus_sinensis_15wks,FALSE
8373,0.18218237132433046,16.77130671160371,0.32123800120078,0.7514458603279166,0.8443585809615327,-6.146309377699661,miscanthus_sinensis_ssp_transmorrisonensis_6wks vs miscanthus_sinensis_15wks,FALSE
23502,0.1821048723040093,16.80849134661336,0.321159397954253,0.7515045185762339,0.8443585809615327,-6.146334704407844,miscanthus_sinensis_ssp_transmorrisonensis_6wks vs miscanthus_sinensis_15wks,FALSE
2309,-0.30970924233267993,18.241566572709594,-0.3197033837399972,0.7525913594996029,0.8453417859095146,-6.146802737420542,miscanthus_sinensis_ssp_transmorrisonensis_6wks vs miscanthus_sinensis_15wks,FALSE
389,0.5920836391809594,19.76178496775893,0.3192533297306162,0.7529274092092277,0.8454813551514029,-6.146946980823478,miscanthus_sinensis_ssp_transmorrisonensis_6wks vs miscanthus_sinensis_15wks,FALSE
18068,-0.2020528147603251,17.135688281602853,-0.3174371217123443,0.7542840615084339,0.8466314058219045,-6.147527037527657,miscanthus_sinensis_ssp_transmorrisonensis_6wks vs miscanthus_sinensis_15wks,FALSE
1125,-0.5305568522569963,18.00733889697595,-0.31698070041026377,0.7546251231940897,0.8466314058219045,-6.147672293656984,miscanthus_sinensis_ssp_transmorrisonensis_6wks vs miscanthus_sinensis_15wks,FALSE
28,-0.31290043526291456,24.31359180121057,-0.31696469614102346,0.7546370833516771,0.8466314058219045,-6.147677383265073,miscanthus_sinensis_ssp_transmorrisonensis_6wks vs miscanthus_sinensis_15wks,FALSE
22217,0.18698760061926833,16.963733348425944,0.3167468436327783,0.754799893116272,0.8466314058219045,-6.147746638487526,miscanthus_sinensis_ssp_transmorrisonensis_6wks vs miscanthus_sinensis_15wks,FALSE
12,-0.32770056574894113,24.40212546501442,-0.315005705228288,0.7561015361044281,0.8478531831822688,-6.148298452739447,miscanthus_sinensis_ssp_transmorrisonensis_6wks vs miscanthus_sinensis_15wks,FALSE
3682,0.5296781301780875,18.12943804771509,0.31385372627209035,0.7569631451416596,0.8485809815797544,-6.148661891936624,miscanthus_sinensis_ssp_transmorrisonensis_6wks vs miscanthus_sinensis_15wks,FALSE
1277,0.33489188657985736,22.07636469547584,0.31074470603692805,0.7592901237337143,0.8509506383899459,-6.149636183199328,miscanthus_sinensis_ssp_transmorrisonensis_6wks vs miscanthus_sinensis_15wks,FALSE
21926,-0.24521821081311757,16.76372814308217,-0.30977000088677925,0.7600201374035113,0.8512994865725331,-6.1499396555029815,miscanthus_sinensis_ssp_transmorrisonensis_6wks vs miscanthus_sinensis_15wks,FALSE
22311,-0.18959960188037783,16.77287738984057,-0.30949887409278576,0.7602232411339755,0.8512994865725331,-6.150023902478571,miscanthus_sinensis_ssp_transmorrisonensis_6wks vs miscanthus_sinensis_15wks,FALSE
6924,-0.17355300154174458,16.554449100126906,-0.30947496876092606,0.7602411497071845,0.8512994865725331,-6.150031327057136,miscanthus_sinensis_ssp_transmorrisonensis_6wks vs miscanthus_sinensis_15wks,FALSE
1822,0.33816438025150575,22.12825032606497,0.30868905692723797,0.7608299891912145,0.8516626754426811,-6.150275101436541,miscanthus_sinensis_ssp_transmorrisonensis_6wks vs miscanthus_sinensis_15wks,FALSE
22709,0.14996778685916468,16.893630551291515,0.30847262571217815,0.7609921751763636,0.8516626754426811,-6.150342126386025,miscanthus_sinensis_ssp_transmorrisonensis_6wks vs miscanthus_sinensis_15wks,FALSE
2833,0.5746108059151389,19.044885659168685,0.30718401115931093,0.7619580521352141,0.8525001283984768,-6.1507402243211144,miscanthus_sinensis_ssp_transmorrisonensis_6wks vs miscanthus_sinensis_15wks,FALSE
7279,-0.3911125800190405,17.593452515887073,-0.3069045493223201,0.7621675747129668,0.8525001283984768,-6.150826342129178,miscanthus_sinensis_ssp_transmorrisonensis_6wks vs miscanthus_sinensis_15wks,FALSE
4001,0.3767819426794752,17.44342177563915,0.30556521819808163,0.7631719800726553,0.8532911664408249,-6.151237987752362,miscanthus_sinensis_ssp_transmorrisonensis_6wks vs miscanthus_sinensis_15wks,FALSE
5323,-0.2888085818246786,18.187768963932015,-0.3053914930477749,0.7633022934269003,0.8532911664408249,-6.151291251865468,miscanthus_sinensis_ssp_transmorrisonensis_6wks vs miscanthus_sinensis_15wks,FALSE
10216,0.21652794732557723,16.90726794439689,0.30485005669639426,0.763708477825378,0.8535062271777462,-6.151457063798069,miscanthus_sinensis_ssp_transmorrisonensis_6wks vs miscanthus_sinensis_15wks,FALSE
19767,0.1900777039677628,17.097989657186186,0.3044973964086875,0.7639730805568336,0.8535629828107696,-6.151564907413818,miscanthus_sinensis_ssp_transmorrisonensis_6wks vs miscanthus_sinensis_15wks,FALSE
3190,-0.4759382585957148,19.387502012020114,-0.30330339943611306,0.7648691628491903,0.8543250414364766,-6.1519291143529395,miscanthus_sinensis_ssp_transmorrisonensis_6wks vs miscanthus_sinensis_15wks,FALSE
5900,-0.34576652748612346,17.38510790627915,-0.3026735473332531,0.7653419971937028,0.8546140567265067,-6.152120668332318,miscanthus_sinensis_ssp_transmorrisonensis_6wks vs miscanthus_sinensis_15wks,FALSE
13752,0.22680783600734244,17.37648940229875,0.3022840130076237,0.7656344705344021,0.8547015677777777,-6.152238938238242,miscanthus_sinensis_ssp_transmorrisonensis_6wks vs miscanthus_sinensis_15wks,FALSE
1645,-0.3700427640327817,20.96500364376466,-0.30088197154203844,0.7666874607312063,0.8556377811682907,-6.152663375765074,miscanthus_sinensis_ssp_transmorrisonensis_6wks vs miscanthus_sinensis_15wks,FALSE
6338,0.2719139201305367,18.91880745202774,0.2994105859512297,0.767793031130007,0.8566321353468384,-6.153106704076134,miscanthus_sinensis_ssp_transmorrisonensis_6wks vs miscanthus_sinensis_15wks,FALSE
5920,0.40102501007689995,17.71310610418113,0.2987814036920684,0.7682659421297112,0.8569202685056739,-6.1532956195766895,miscanthus_sinensis_ssp_transmorrisonensis_6wks vs miscanthus_sinensis_15wks,FALSE
7128,0.31975368996205233,17.187302915456815,0.2982720724629702,0.7686488378930671,0.8571078661645598,-6.153448260826739,miscanthus_sinensis_ssp_transmorrisonensis_6wks vs miscanthus_sinensis_15wks,FALSE
8963,-0.28723330633574307,17.834784351969518,-0.2978990598091792,0.7689292931817846,0.8571811612347624,-6.153559885179934,miscanthus_sinensis_ssp_transmorrisonensis_6wks vs miscanthus_sinensis_15wks,FALSE
6191,0.38613650454566795,18.028625414975043,0.29741185277395416,0.7692956563838744,0.8571895114554433,-6.153705473907582,miscanthus_sinensis_ssp_transmorrisonensis_6wks vs miscanthus_sinensis_15wks,FALSE
9145,0.3618008135185349,17.880301792078,0.2970819405873957,0.7695437707371279,0.8571895114554433,-6.153803925250587,miscanthus_sinensis_ssp_transmorrisonensis_6wks vs miscanthus_sinensis_15wks,FALSE
23,-0.34601620182100845,23.21100512871787,-0.29703248818697453,0.769580964192462,0.8571895114554433,-6.15381867334941,miscanthus_sinensis_ssp_transmorrisonensis_6wks vs miscanthus_sinensis_15wks,FALSE
4593,-0.23132082558641542,17.48801983694219,-0.29623593336927984,0.7701801367000375,0.8575020498986821,-6.154055893321738,miscanthus_sinensis_ssp_transmorrisonensis_6wks vs miscanthus_sinensis_15wks,FALSE
119,-0.5817262730955868,19.12583316432954,-0.29608834446003446,0.7702911700743171,0.8575020498986821,-6.154099777105227,miscanthus_sinensis_ssp_transmorrisonensis_6wks vs miscanthus_sinensis_15wks,FALSE
24232,-0.18928336958432013,17.14892654371979,-0.2954520606573419,0.7707699141358928,0.8577957895819582,-6.154288720379637,miscanthus_sinensis_ssp_transmorrisonensis_6wks vs miscanthus_sinensis_15wks,FALSE
1025,0.16397649880210352,23.779390154990725,0.29470917366980226,0.7713289863086843,0.8581787383902642,-6.154508809705816,miscanthus_sinensis_ssp_transmorrisonensis_6wks vs miscanthus_sinensis_15wks,FALSE
2202,0.2637471108612033,16.903860765825197,0.29413611029662484,0.7717603423966239,0.85841941678666,-6.154678211634449,miscanthus_sinensis_ssp_transmorrisonensis_6wks vs miscanthus_sinensis_15wks,FALSE
3573,0.3170693110882645,16.94550154867777,0.2919327023911871,0.7734195986111183,0.8600253586784358,-6.155326512788642,miscanthus_sinensis_ssp_transmorrisonensis_6wks vs miscanthus_sinensis_15wks,FALSE
20952,0.13603845931330127,16.913514297471416,0.29137528548727776,0.773839533737185,0.8602526924753111,-6.155489754064371,miscanthus_sinensis_ssp_transmorrisonensis_6wks vs miscanthus_sinensis_15wks,FALSE
7980,-0.3067695338877492,17.285048003380837,-0.2908867030938861,0.7742076704744961,0.8603076998617525,-6.155632582672509,miscanthus_sinensis_ssp_transmorrisonensis_6wks vs miscanthus_sinensis_15wks,FALSE
4309,0.23928940766818485,17.136845004604805,0.29062844783802055,0.7744022826043775,0.8603076998617525,-6.155707983162489,miscanthus_sinensis_ssp_transmorrisonensis_6wks vs miscanthus_sinensis_15wks,FALSE
16473,0.13100972891336937,16.60570384996083,0.29045162437131855,0.7745355394045937,0.8603076998617525,-6.1557595704584855,miscanthus_sinensis_ssp_transmorrisonensis_6wks vs miscanthus_sinensis_15wks,FALSE
1318,-0.4286153548636733,22.10709790358331,-0.2885094691202121,0.7759996471535037,0.8616941839879795,-6.156324135988015,miscanthus_sinensis_ssp_transmorrisonensis_6wks vs miscanthus_sinensis_15wks,FALSE
861,0.5763782217375564,19.50604284036575,0.28765900836251157,0.7766410438804124,0.862033063502423,-6.156570174690215,miscanthus_sinensis_ssp_transmorrisonensis_6wks vs miscanthus_sinensis_15wks,FALSE
9615,-0.23578589053217414,17.486951596452926,-0.28753218404855146,0.7767367057660861,0.862033063502423,-6.156606803338858,miscanthus_sinensis_ssp_transmorrisonensis_6wks vs miscanthus_sinensis_15wks,FALSE
22809,0.15492122162320499,16.91347646181695,0.2871489353255229,0.7770258073432276,0.8621142364964326,-6.156717393674059,miscanthus_sinensis_ssp_transmorrisonensis_6wks vs miscanthus_sinensis_15wks,FALSE
18164,0.17488402483532894,17.014250650040996,0.2852465329271529,0.7784613664109872,0.8634670115900698,-6.15726418699421,miscanthus_sinensis_ssp_transmorrisonensis_6wks vs miscanthus_sinensis_15wks,FALSE
2468,-0.3548045375908302,17.712414281633404,-0.2834206908101144,0.779839920088007,0.8647558224975899,-6.1577855864619195,miscanthus_sinensis_ssp_transmorrisonensis_6wks vs miscanthus_sinensis_15wks,FALSE
3902,0.40015119933731924,18.045895576504346,0.27960543660340537,0.7827229330015835,0.8677117324471872,-6.15886437903929,miscanthus_sinensis_ssp_transmorrisonensis_6wks vs miscanthus_sinensis_15wks,FALSE
18,-0.3511995586941232,22.697387265487855,-0.27851069479015683,0.7835507759219829,0.8683883113494045,-6.159171248754657,miscanthus_sinensis_ssp_transmorrisonensis_6wks vs miscanthus_sinensis_15wks,FALSE
752,-0.34701562431268584,17.884398763123748,-0.27696023000996584,0.7847236882729272,0.8694468397406399,-6.159603820322423,miscanthus_sinensis_ssp_transmorrisonensis_6wks vs miscanthus_sinensis_15wks,FALSE
8129,0.21151378257436804,17.01513408174693,0.27565500090920114,0.7857114911666427,0.870299742712885,-6.159966115530581,miscanthus_sinensis_ssp_transmorrisonensis_6wks vs miscanthus_sinensis_15wks,FALSE
8361,-0.34968411782543285,17.702232562323175,-0.2748494371767786,0.7863213310687467,0.8707336348478327,-6.160188870375933,miscanthus_sinensis_ssp_transmorrisonensis_6wks vs miscanthus_sinensis_15wks,FALSE
4047,0.32638355563352306,17.724315348446492,0.27452371260918845,0.7865679561226263,0.8707651915811214,-6.160278756272926,miscanthus_sinensis_ssp_transmorrisonensis_6wks vs miscanthus_sinensis_15wks,FALSE
21349,0.1817214802190179,16.73012939624878,0.27418042500627754,0.78682790417036,0.8708114758658377,-6.160373374368781,miscanthus_sinensis_ssp_transmorrisonensis_6wks vs miscanthus_sinensis_15wks,FALSE
2482,0.2564829261928132,17.3419122186997,0.2726135508667928,0.7880147149352379,0.8718832433540659,-6.1608037500680215,miscanthus_sinensis_ssp_transmorrisonensis_6wks vs miscanthus_sinensis_15wks,FALSE
9663,0.3140620516739432,18.121411963612466,0.2721572274215918,0.7883604518412612,0.871933260010078,-6.160928629020659,miscanthus_sinensis_ssp_transmorrisonensis_6wks vs miscanthus_sinensis_15wks,FALSE
5096,0.23442700830079488,17.14542233660063,0.2716643402384541,0.7887339420575388,0.871933260010078,-6.161063280948238,miscanthus_sinensis_ssp_transmorrisonensis_6wks vs miscanthus_sinensis_15wks,FALSE
65,0.5519294425609083,18.308584720536157,0.27144044191910904,0.7889036205653829,0.871933260010078,-6.161124367776837,miscanthus_sinensis_ssp_transmorrisonensis_6wks vs miscanthus_sinensis_15wks,FALSE
392,-0.19529804057760458,24.8956933386125,-0.2714008828989864,0.7889336009910826,0.871933260010078,-6.161135155584542,miscanthus_sinensis_ssp_transmorrisonensis_6wks vs miscanthus_sinensis_15wks,FALSE
9,-0.3580642003488812,23.37930675908172,-0.26948892951691233,0.7903830059717791,0.8732933738830175,-6.161654688479426,miscanthus_sinensis_ssp_transmorrisonensis_6wks vs miscanthus_sinensis_15wks,FALSE
2759,-0.3244854767626961,17.787785741336243,-0.2690697540329413,0.7907008773731399,0.8734028507121125,-6.161768103452887,miscanthus_sinensis_ssp_transmorrisonensis_6wks vs miscanthus_sinensis_15wks,FALSE
21997,-0.16207346037662873,16.726085492985277,-0.2684621492871549,0.7911617061162347,0.8736701330058116,-6.1619321901091,miscanthus_sinensis_ssp_transmorrisonensis_6wks vs miscanthus_sinensis_15wks,FALSE
1749,0.14932798853357454,22.5090636571409,0.26816880025667256,0.7913842205004489,0.8736741726321328,-6.162011278697006,miscanthus_sinensis_ssp_transmorrisonensis_6wks vs miscanthus_sinensis_15wks,FALSE
7591,0.2922091553668196,18.054556015561857,0.26699371137326927,0.7922757456903775,0.8744165819176076,-6.162327229106408,miscanthus_sinensis_ssp_transmorrisonensis_6wks vs miscanthus_sinensis_15wks,FALSE
2286,-0.3590371069783238,20.674765778597685,-0.2666975975377529,0.792500449811345,0.8744228290897982,-6.162406629093582,miscanthus_sinensis_ssp_transmorrisonensis_6wks vs miscanthus_sinensis_15wks,FALSE
3270,-0.33587324605947444,17.56513666578939,-0.2652058611204208,0.7936327269075993,0.8754301867408502,-6.162805293524334,miscanthus_sinensis_ssp_transmorrisonensis_6wks vs miscanthus_sinensis_15wks,FALSE
11636,0.1749386676050264,16.728849242647467,0.262056129262117,0.7960250158440021,0.8778264815605681,-6.163639763958917,miscanthus_sinensis_ssp_transmorrisonensis_6wks vs miscanthus_sinensis_15wks,FALSE
661,0.35158560197809763,17.37547223475613,0.26173186299664536,0.7962714209111094,0.877855706235059,-6.163725111171431,miscanthus_sinensis_ssp_transmorrisonensis_6wks vs miscanthus_sinensis_15wks,FALSE
7181,-0.24369008065588105,18.0351499085195,-0.261127973058268,0.7967303661829445,0.8778928886914542,-6.16388377601729,miscanthus_sinensis_ssp_transmorrisonensis_6wks vs miscanthus_sinensis_15wks,FALSE
2321,0.5528492977380104,19.654162248205935,0.2609385139684203,0.7968743672478222,0.8778928886914542,-6.163933479141251,miscanthus_sinensis_ssp_transmorrisonensis_6wks vs miscanthus_sinensis_15wks,FALSE
437,0.5179432241753581,22.372365488743387,0.2608000143972373,0.7969796405278,0.8778928886914542,-6.163969790770648,miscanthus_sinensis_ssp_transmorrisonensis_6wks vs miscanthus_sinensis_15wks,FALSE
19675,-0.1417960569754264,16.843335395547385,-0.26053011769840456,0.7971847999765835,0.8778928886914542,-6.164040496931594,miscanthus_sinensis_ssp_transmorrisonensis_6wks vs miscanthus_sinensis_15wks,FALSE
14177,-0.2055146469974929,17.175739947842388,-0.25954643683825207,0.7979326635865904,0.8782335908373512,-6.164297581425942,miscanthus_sinensis_ssp_transmorrisonensis_6wks vs miscanthus_sinensis_15wks,FALSE
10507,-0.20801701566859165,17.159561664866075,-0.2592521833558888,0.7981564147550284,0.8782335908373512,-6.164374296812375,miscanthus_sinensis_ssp_transmorrisonensis_6wks vs miscanthus_sinensis_15wks,FALSE
20341,0.15556183790810252,16.859724803936253,0.2587510926014739,0.7985374867083389,0.8782335908373512,-6.164504738289316,miscanthus_sinensis_ssp_transmorrisonensis_6wks vs miscanthus_sinensis_15wks,FALSE
4881,0.2519553895359188,16.93407626481957,0.2584945947309762,0.7987325695034216,0.8782335908373512,-6.164571411593921,miscanthus_sinensis_ssp_transmorrisonensis_6wks vs miscanthus_sinensis_15wks,FALSE
13,-0.39000470844954194,21.497084029844686,-0.25844703451580286,0.7987687435340345,0.8782335908373512,-6.1645837670412105,miscanthus_sinensis_ssp_transmorrisonensis_6wks vs miscanthus_sinensis_15wks,FALSE
19969,0.19485854064506825,16.908228678987726,0.25822894367432137,0.7989346281589338,0.8782335908373512,-6.164640394938687,miscanthus_sinensis_ssp_transmorrisonensis_6wks vs miscanthus_sinensis_15wks,FALSE
5960,0.26209499036499295,17.19869914325956,0.2580980823525316,0.7990341688179508,0.8782335908373512,-6.164674350661493,miscanthus_sinensis_ssp_transmorrisonensis_6wks vs miscanthus_sinensis_15wks,FALSE
21214,0.15572392655727185,16.985084767576108,0.25623024817637746,0.800455334225463,0.8794760898069333,-6.1651571508741565,miscanthus_sinensis_ssp_transmorrisonensis_6wks vs miscanthus_sinensis_15wks,FALSE
2530,0.3256808191144813,17.18689689541026,0.25603328464364333,0.8006052380657303,0.8794760898069333,-6.165207859309186,miscanthus_sinensis_ssp_transmorrisonensis_6wks vs miscanthus_sinensis_15wks,FALSE
23020,0.1779661979841265,16.888516921759877,0.25469266025312604,0.801625762683815,0.8803548953600522,-6.165551975453,miscanthus_sinensis_ssp_transmorrisonensis_6wks vs miscanthus_sinensis_15wks,FALSE
3794,-0.24980213840423815,20.938234332322196,-0.25438267633045436,0.8018617840468262,0.8803719037169774,-6.165631287829423,miscanthus_sinensis_ssp_transmorrisonensis_6wks vs miscanthus_sinensis_15wks,FALSE
20687,-0.11624488302315328,16.603682051534058,-0.2528582247194597,0.8030227829139174,0.881281157351926,-6.166019937579856,miscanthus_sinensis_ssp_transmorrisonensis_6wks vs miscanthus_sinensis_15wks,FALSE
4927,0.4246093238013593,18.9187371745499,0.25271553721789486,0.803131475562702,0.881281157351926,-6.166056196152553,miscanthus_sinensis_ssp_transmorrisonensis_6wks vs miscanthus_sinensis_15wks,FALSE
3229,0.28039419601757487,19.828188003067428,0.2511721585739453,0.8043074110610681,0.8822095411126776,-6.166447087713712,miscanthus_sinensis_ssp_transmorrisonensis_6wks vs miscanthus_sinensis_15wks,FALSE
5372,-0.31855765782657386,17.116508901767126,-0.2510250499692051,0.8044195214554474,0.8822095411126776,-6.166484221758447,miscanthus_sinensis_ssp_transmorrisonensis_6wks vs miscanthus_sinensis_15wks,FALSE
16819,0.1659990713189039,17.28641747762027,0.249500359219329,0.8055817322099217,0.8832414927168382,-6.166867820738499,miscanthus_sinensis_ssp_transmorrisonensis_6wks vs miscanthus_sinensis_15wks,FALSE
656,-0.12749395001774033,24.709368802379185,-0.24918253600682552,0.8058240545807007,0.8832645870088296,-6.166947489905197,miscanthus_sinensis_ssp_transmorrisonensis_6wks vs miscanthus_sinensis_15wks,FALSE
10449,0.19992367986599646,16.87992923258221,0.24840384771747148,0.806417845670901,0.8836707235811011,-6.167142258362143,miscanthus_sinensis_ssp_transmorrisonensis_6wks vs miscanthus_sinensis_15wks,FALSE
19853,0.1520060568699222,16.849371221062174,0.24811609376434807,0.8066373037899631,0.8836707235811011,-6.167214079223573,miscanthus_sinensis_ssp_transmorrisonensis_6wks vs miscanthus_sinensis_15wks,FALSE
24608,-0.14420532649289797,16.969434248971783,-0.24768677773969497,0.8069647560047876,0.8837869152184121,-6.167321078997426,miscanthus_sinensis_ssp_transmorrisonensis_6wks vs miscanthus_sinensis_15wks,FALSE
15392,0.17485259997461,17.17632375069991,0.24657911559724616,0.807809771550213,0.8844697224433491,-6.1675962948572804,miscanthus_sinensis_ssp_transmorrisonensis_6wks vs miscanthus_sinensis_15wks,FALSE
750,0.1898089902251101,22.66046988345483,0.24621395749922348,0.8080883971705353,0.8845321857704351,-6.167686755450473,miscanthus_sinensis_ssp_transmorrisonensis_6wks vs miscanthus_sinensis_15wks,FALSE
1759,0.4040888672635248,17.997662393827337,0.24519559516308045,0.8088655740884092,0.8851401786625355,-6.167938330565249,miscanthus_sinensis_ssp_transmorrisonensis_6wks vs miscanthus_sinensis_15wks,FALSE
9178,0.2916331885579986,17.960116592728607,0.2437107249277798,0.8099991370882176,0.8861377241041831,-6.16830329460068,miscanthus_sinensis_ssp_transmorrisonensis_6wks vs miscanthus_sinensis_15wks,FALSE
6160,-0.3343640462290942,18.024909985567227,-0.24304633519202187,0.8105064774489747,0.8862629062101871,-6.168465880623422,miscanthus_sinensis_ssp_transmorrisonensis_6wks vs miscanthus_sinensis_15wks,FALSE
4666,0.3769885036345748,18.67756297161643,0.24297941618801833,0.8105575828089662,0.8862629062101871,-6.168482232247422,miscanthus_sinensis_ssp_transmorrisonensis_6wks vs miscanthus_sinensis_15wks,FALSE
18321,0.12255882688333486,16.76809844177666,0.24213846762924873,0.8111998808038634,0.8867223231569066,-6.168687336160137,miscanthus_sinensis_ssp_transmorrisonensis_6wks vs miscanthus_sinensis_15wks,FALSE
22471,0.16960964230116815,16.677124348261916,0.24126688895662568,0.8118657180755567,0.8872072123070415,-6.168899164888317,miscanthus_sinensis_ssp_transmorrisonensis_6wks vs miscanthus_sinensis_15wks,FALSE
9298,0.19469112554815027,17.0926849877644,0.24009760167469563,0.8127592184854951,0.8879405583454013,-6.169182156424392,miscanthus_sinensis_ssp_transmorrisonensis_6wks vs miscanthus_sinensis_15wks,FALSE
17429,-0.17047508323568294,16.902585585015075,-0.23899689212716504,0.813600556136125,0.8885312463956285,-6.1694473021761125,miscanthus_sinensis_ssp_transmorrisonensis_6wks vs miscanthus_sinensis_15wks,FALSE
10671,0.16887446799033512,16.969918504346442,0.23859023041548805,0.8139114505732674,0.8885312463956285,-6.169544955040126,miscanthus_sinensis_ssp_transmorrisonensis_6wks vs miscanthus_sinensis_15wks,FALSE
655,-0.5298986796504508,19.813739923866553,-0.23840292160652712,0.8140546595149307,0.8885312463956285,-6.169589878450003,miscanthus_sinensis_ssp_transmorrisonensis_6wks vs miscanthus_sinensis_15wks,FALSE
5383,-0.36798505759664835,18.202802783082113,-0.23794221035829718,0.8144069297096606,0.8885312463956285,-6.169700224420916,miscanthus_sinensis_ssp_transmorrisonensis_6wks vs miscanthus_sinensis_15wks,FALSE
2041,0.3430047214085796,17.553245712997157,0.23793455539794883,0.8144127832068149,0.8885312463956285,-6.1697020560855345,miscanthus_sinensis_ssp_transmorrisonensis_6wks vs miscanthus_sinensis_15wks,FALSE
10264,0.2706964464080279,18.20058743686157,0.2361624521439878,0.8157681525045508,0.8895474548159004,-6.170124505285122,miscanthus_sinensis_ssp_transmorrisonensis_6wks vs miscanthus_sinensis_15wks,FALSE
24079,0.15817935851108444,16.3750523735165,0.23613404027384483,0.8157898877958445,0.8895474548159004,-6.170131252781395,miscanthus_sinensis_ssp_transmorrisonensis_6wks vs miscanthus_sinensis_15wks,FALSE
9926,0.16994225729802537,16.980832572297338,0.23511847343445802,0.8165669042100339,0.8901515788111565,-6.170371908388997,miscanthus_sinensis_ssp_transmorrisonensis_6wks vs miscanthus_sinensis_15wks,FALSE
22774,0.16550023233268263,16.8154881442118,0.2342730380966957,0.8172139003705868,0.8906136746599461,-6.1705714619733705,miscanthus_sinensis_ssp_transmorrisonensis_6wks vs miscanthus_sinensis_15wks,FALSE
6561,0.30484121547230103,17.81378893808175,0.23318630951138866,0.8180457511036531,0.891276920962277,-6.170826919848065,miscanthus_sinensis_ssp_transmorrisonensis_6wks vs miscanthus_sinensis_15wks,FALSE
23003,0.12295501415107069,16.968056960556677,0.23287756362404222,0.8182821250744956,0.8912911987168858,-6.170899281505472,miscanthus_sinensis_ssp_transmorrisonensis_6wks vs miscanthus_sinensis_15wks,FALSE
1797,-0.3026353857409916,20.243944558142665,-0.23148896631558688,0.8193454466696805,0.8922059528383428,-6.171223552588959,miscanthus_sinensis_ssp_transmorrisonensis_6wks vs miscanthus_sinensis_15wks,FALSE
947,-0.1297104187075213,24.008362753222002,-0.22758407639766357,0.8223375396117795,0.8952199231334125,-6.172125102415227,miscanthus_sinensis_ssp_transmorrisonensis_6wks vs miscanthus_sinensis_15wks,FALSE
21501,0.1340776259054941,16.6765073823166,0.2268941589908618,0.8228664749276391,0.8955515179692298,-6.17228280313231,miscanthus_sinensis_ssp_transmorrisonensis_6wks vs miscanthus_sinensis_15wks,FALSE
2402,-0.1094039869961847,22.467566667828926,-0.2252863636083804,0.8240994513691944,0.8964864076746542,-6.172648463695809,miscanthus_sinensis_ssp_transmorrisonensis_6wks vs miscanthus_sinensis_15wks,FALSE
9085,0.13413342283244845,16.995707482312408,0.22518835304431759,0.8241746282980913,0.8964864076746542,-6.172670670584376,miscanthus_sinensis_ssp_transmorrisonensis_6wks vs miscanthus_sinensis_15wks,FALSE
21844,0.13873618909153507,16.91198770765236,0.22443046620737217,0.8247560080433659,0.8968744168098929,-6.172842065405604,miscanthus_sinensis_ssp_transmorrisonensis_6wks vs miscanthus_sinensis_15wks,FALSE
2035,-0.27900148550299164,21.95008794198366,-0.22335054951730826,0.8255845979804478,0.8975309681748224,-6.173085293817024,miscanthus_sinensis_ssp_transmorrisonensis_6wks vs miscanthus_sinensis_15wks,FALSE
8872,-0.16896326370669357,17.11380732669151,-0.221350910056476,0.8271194181651207,0.8989547283733084,-6.173532589272283,miscanthus_sinensis_ssp_transmorrisonensis_6wks vs miscanthus_sinensis_15wks,FALSE
22398,-0.1266403746870104,16.601661191159327,-0.22098697834314635,0.8273988302103226,0.8990136445834533,-6.1736135660344065,miscanthus_sinensis_ssp_transmorrisonensis_6wks vs miscanthus_sinensis_15wks,FALSE
77,-0.6094751767187851,21.401875247401094,-0.2199154097345917,0.8282216739395474,0.8996628360181423,-6.173851226047484,miscanthus_sinensis_ssp_transmorrisonensis_6wks vs miscanthus_sinensis_15wks,FALSE
11825,-0.23752873100212568,18.228811341694254,-0.2192779944878142,0.828711233420531,0.8998348057348373,-6.173992051330394,miscanthus_sinensis_ssp_transmorrisonensis_6wks vs miscanthus_sinensis_15wks,FALSE
4440,0.26031426576974326,17.149717646363424,0.21912232202278156,0.8288308067853198,0.8998348057348373,-6.174026382536402,miscanthus_sinensis_ssp_transmorrisonensis_6wks vs miscanthus_sinensis_15wks,FALSE
8,-0.33242866555016093,21.666624963118785,-0.21837134625291577,0.8294076977968361,0.9002162940742169,-6.174191658112441,miscanthus_sinensis_ssp_transmorrisonensis_6wks vs miscanthus_sinensis_15wks,FALSE
51,-0.3946712101556926,21.431275879468505,-0.21770868671676163,0.8299168277001859,0.900367200929837,-6.17433702810603,miscanthus_sinensis_ssp_transmorrisonensis_6wks vs miscanthus_sinensis_15wks,FALSE
6056,0.29505753360063736,17.91656371525974,0.2176032795527295,0.8299978204964429,0.900367200929837,-6.174360111130956,miscanthus_sinensis_ssp_transmorrisonensis_6wks vs miscanthus_sinensis_15wks,FALSE
453,-0.30162729488332474,23.274847673106816,-0.21636978284509886,0.830945759719918,0.9009954762421498,-6.17462940686173,miscanthus_sinensis_ssp_transmorrisonensis_6wks vs miscanthus_sinensis_15wks,FALSE
17583,-0.13062782309968313,17.06342191731342,-0.21616112252042513,0.8311061409533057,0.9009954762421498,-6.174674810740116,miscanthus_sinensis_ssp_transmorrisonensis_6wks vs miscanthus_sinensis_15wks,FALSE
2449,0.3372571162024869,17.593816755635004,0.2157701562876002,0.8314066672151708,0.9009954762421498,-6.174759766499721,miscanthus_sinensis_ssp_transmorrisonensis_6wks vs miscanthus_sinensis_15wks,FALSE
1525,0.24527450748720625,17.640152175221395,0.21555986915912265,0.8315683208308838,0.9009954762421498,-6.174805397953305,miscanthus_sinensis_ssp_transmorrisonensis_6wks vs miscanthus_sinensis_15wks,FALSE
3750,0.21443131413560934,21.089423680774313,0.21538143594663758,0.8317054934750305,0.9009954762421498,-6.174844082514529,miscanthus_sinensis_ssp_transmorrisonensis_6wks vs miscanthus_sinensis_15wks,FALSE
12798,0.17268045023329393,17.669454613859394,0.21485974919275092,0.8321065780391733,0.9011854203831742,-6.174957002062493,miscanthus_sinensis_ssp_transmorrisonensis_6wks vs miscanthus_sinensis_15wks,FALSE
22971,-0.10322771420577226,17.064054029547517,-0.21344322965745038,0.8331958677898925,0.9021203971297127,-6.175262234445085,miscanthus_sinensis_ssp_transmorrisonensis_6wks vs miscanthus_sinensis_15wks,FALSE
3372,-0.28067130447229616,18.91370017420479,-0.2102497398915488,0.8356528944096477,0.9045353455757359,-6.175942998121136,miscanthus_sinensis_ssp_transmorrisonensis_6wks vs miscanthus_sinensis_15wks,FALSE
14090,0.16466013403859137,16.88552188052218,0.20901743339085746,0.836601478109039,0.9053166442426901,-6.176202960674215,miscanthus_sinensis_ssp_transmorrisonensis_6wks vs miscanthus_sinensis_15wks,FALSE
3428,0.3733275707666408,19.45780068281429,0.208022034194758,0.837367886583057,0.9059004344822666,-6.176411835645984,miscanthus_sinensis_ssp_transmorrisonensis_6wks vs miscanthus_sinensis_15wks,FALSE
5774,-0.2111233862700317,17.116544002186465,-0.2072687515885094,0.837947987883003,0.906214930419686,-6.176569245025886,miscanthus_sinensis_ssp_transmorrisonensis_6wks vs miscanthus_sinensis_15wks,FALSE
22166,0.11654278308672517,16.802574707770102,0.2068033057245529,0.8383064742447128,0.906214930419686,-6.176666222599801,miscanthus_sinensis_ssp_transmorrisonensis_6wks vs miscanthus_sinensis_15wks,FALSE
238,-0.5135921580647285,19.048818116922735,-0.20657888156539037,0.8384793386506979,0.906214930419686,-6.176712904753107,miscanthus_sinensis_ssp_transmorrisonensis_6wks vs miscanthus_sinensis_15wks,FALSE
3473,0.27693865381501226,20.75356366172749,0.2064655692857036,0.8385666214855512,0.906214930419686,-6.17673645551149,miscanthus_sinensis_ssp_transmorrisonensis_6wks vs miscanthus_sinensis_15wks,FALSE
209,0.5277681483010568,19.77855304580323,0.2057286187865163,0.8391343361736638,0.9062817299250829,-6.176889309002005,miscanthus_sinensis_ssp_transmorrisonensis_6wks vs miscanthus_sinensis_15wks,FALSE
5886,0.2784630739803333,17.996353251115103,0.20557679511732854,0.8392513057681686,0.9062817299250829,-6.17692073168908,miscanthus_sinensis_ssp_transmorrisonensis_6wks vs miscanthus_sinensis_15wks,FALSE
2424,-0.39865812254470967,18.758572480629002,-0.20532662858574688,0.8394440500620329,0.9062817299250829,-6.176972457854964,miscanthus_sinensis_ssp_transmorrisonensis_6wks vs miscanthus_sinensis_15wks,FALSE
3228,0.14942386245063588,20.087472289705918,0.20520659878961187,0.8395365323805001,0.9062817299250829,-6.1769972537883175,miscanthus_sinensis_ssp_transmorrisonensis_6wks vs miscanthus_sinensis_15wks,FALSE
19235,0.11510372608200825,17.04951941790804,0.20473639268659716,0.8398988466809949,0.9063246073763654,-6.177094250632199,miscanthus_sinensis_ssp_transmorrisonensis_6wks vs miscanthus_sinensis_15wks,FALSE
6231,-0.31482060571602943,17.911940441147156,-0.20456577711509416,0.8400303224680741,0.9063246073763654,-6.177129391430435,miscanthus_sinensis_ssp_transmorrisonensis_6wks vs miscanthus_sinensis_15wks,FALSE
49,0.6261254020051013,20.28318973752748,0.2037458821489601,0.8406621978590116,0.906655427155292,-6.177297854064723,miscanthus_sinensis_ssp_transmorrisonensis_6wks vs miscanthus_sinensis_15wks,FALSE
22308,0.11264021822981363,17.244121526474093,0.20313901608363916,0.8411299678061102,0.906655427155292,-6.177422112171793,miscanthus_sinensis_ssp_transmorrisonensis_6wks vs miscanthus_sinensis_15wks,FALSE
2867,0.33752270684585994,19.537836408500212,0.20182424035878602,0.8421435989838193,0.906655427155292,-6.177690051592012,miscanthus_sinensis_ssp_transmorrisonensis_6wks vs miscanthus_sinensis_15wks,FALSE
896,0.27210007700347916,20.44182250878065,0.20181264172229454,0.8421525422535925,0.906655427155292,-6.177692407581262,miscanthus_sinensis_ssp_transmorrisonensis_6wks vs miscanthus_sinensis_15wks,FALSE
9149,0.19287234361355488,17.46738009737525,0.20127076576211442,0.8425703867644115,0.906655427155292,-6.177802326616515,miscanthus_sinensis_ssp_transmorrisonensis_6wks vs miscanthus_sinensis_15wks,FALSE
19332,0.1427249731265796,16.834609067296615,0.20107616534523792,0.8427204562417453,0.906655427155292,-6.177841729317328,miscanthus_sinensis_ssp_transmorrisonensis_6wks vs miscanthus_sinensis_15wks,FALSE
6986,-0.2879458910277002,18.414763781931644,-0.2010632735177619,0.8427303982151235,0.906655427155292,-6.177844338314746,miscanthus_sinensis_ssp_transmorrisonensis_6wks vs miscanthus_sinensis_15wks,FALSE
7198,-0.21052071292380248,17.826072728569017,-0.2010554759503508,0.8427364115888611,0.906655427155292,-6.177845916274979,miscanthus_sinensis_ssp_transmorrisonensis_6wks vs miscanthus_sinensis_15wks,FALSE
22472,0.13845073502434957,16.814385817500167,0.20091542650335723,0.8428444174258966,0.906655427155292,-6.177874247104759,miscanthus_sinensis_ssp_transmorrisonensis_6wks vs miscanthus_sinensis_15wks,FALSE
7560,-0.12061465113587388,17.262189957008694,-0.20054812326081803,0.8431276960496044,0.906655427155292,-6.177948456094138,miscanthus_sinensis_ssp_transmorrisonensis_6wks vs miscanthus_sinensis_15wks,FALSE
23425,-0.11847421093894539,16.719577990571775,-0.20051146630573916,0.8431559685288705,0.906655427155292,-6.177955854749557,miscanthus_sinensis_ssp_transmorrisonensis_6wks vs miscanthus_sinensis_15wks,FALSE
2850,-0.13358232460191743,21.669249670775113,-0.20041972198090277,0.8432267293038134,0.906655427155292,-6.177974366059562,miscanthus_sinensis_ssp_transmorrisonensis_6wks vs miscanthus_sinensis_15wks,FALSE
4055,-0.16051967499779352,17.451223505709574,-0.2003383655584439,0.8432894792153305,0.906655427155292,-6.177990774339014,miscanthus_sinensis_ssp_transmorrisonensis_6wks vs miscanthus_sinensis_15wks,FALSE
2802,-0.11949706241646396,17.143777094208545,-0.19997094974901716,0.8435728790458926,0.9067159216885308,-6.178064793561423,miscanthus_sinensis_ssp_transmorrisonensis_6wks vs miscanthus_sinensis_15wks,FALSE
15941,-0.15451283816125638,17.208292051897274,-0.19944503245836964,0.8439785742574344,0.9069077976946643,-6.178170508898384,miscanthus_sinensis_ssp_transmorrisonensis_6wks vs miscanthus_sinensis_15wks,FALSE
8546,0.13668344922166042,16.765630750532612,0.19800808724227845,0.8450872682495171,0.9078547833294058,-6.178457937684201,miscanthus_sinensis_ssp_transmorrisonensis_6wks vs miscanthus_sinensis_15wks,FALSE
3422,0.26479265147178666,17.467509201176796,0.19747612464115197,0.8454977950694598,0.9080514387724734,-6.178563819998116,miscanthus_sinensis_ssp_transmorrisonensis_6wks vs miscanthus_sinensis_15wks,FALSE
1481,-0.2406571567853284,22.062721083112777,-0.19655223544230407,0.8462108874222357,0.9085728516916527,-6.178747037594964,miscanthus_sinensis_ssp_transmorrisonensis_6wks vs miscanthus_sinensis_15wks,FALSE
157,0.5747765288576474,19.864575336565085,0.19554626744049744,0.8469874857705817,0.9091621519753058,-6.1789455592692475,miscanthus_sinensis_ssp_transmorrisonensis_6wks vs miscanthus_sinensis_15wks,FALSE
10278,0.10340830097633003,16.81485840438289,0.19506429386918342,0.8473596219278668,0.9093170996602269,-6.1790403143530455,miscanthus_sinensis_ssp_transmorrisonensis_6wks vs miscanthus_sinensis_15wks,FALSE
7690,-0.19695000346538905,17.22557274615428,-0.19300689485377598,0.8489485700825659,0.9106610455256977,-6.179442176081266,miscanthus_sinensis_ssp_transmorrisonensis_6wks vs miscanthus_sinensis_15wks,FALSE
7620,-0.13629893269345317,19.681470118616303,-0.1928519797379251,0.8490682393403424,0.9106610455256977,-6.179472263084208,miscanthus_sinensis_ssp_transmorrisonensis_6wks vs miscanthus_sinensis_15wks,FALSE
97,0.346399647792051,18.68915316018136,0.19187938593204115,0.8498196368895767,0.9112221301270992,-6.1796606066329165,miscanthus_sinensis_ssp_transmorrisonensis_6wks vs miscanthus_sinensis_15wks,FALSE
10170,0.19497409741989813,17.592047971613464,0.19055314456623804,0.8508444892049334,0.9120760475043216,-6.179915905707632,miscanthus_sinensis_ssp_transmorrisonensis_6wks vs miscanthus_sinensis_15wks,FALSE
429,-0.31093669125555223,22.369324694398383,-0.18959999619527376,0.8515812020761284,0.9126207137417195,-6.180098295693124,miscanthus_sinensis_ssp_transmorrisonensis_6wks vs miscanthus_sinensis_15wks,FALSE
22705,-0.09818047250160333,17.04824569410906,-0.18865406409024876,0.8523124754451126,0.9129350938843438,-6.180278404017251,miscanthus_sinensis_ssp_transmorrisonensis_6wks vs miscanthus_sinensis_15wks,FALSE
7548,0.13142309495362525,17.071247257461096,0.18858072420742356,0.8523691781642948,0.9129350938843438,-6.180292330666092,miscanthus_sinensis_ssp_transmorrisonensis_6wks vs miscanthus_sinensis_15wks,FALSE
6496,-0.20152965826407154,17.5239116197987,-0.18833310789299004,0.8525606287577239,0.9129350938843438,-6.180339311141441,miscanthus_sinensis_ssp_transmorrisonensis_6wks vs miscanthus_sinensis_15wks,FALSE
22270,0.11472361581962431,16.99915106388518,0.187447477731782,0.8532454519160769,0.9134233960978759,-6.180506839270991,miscanthus_sinensis_ssp_transmorrisonensis_6wks vs miscanthus_sinensis_15wks,FALSE
24177,0.10539648779543498,16.75583030984464,0.18695398074881683,0.8536271056264548,0.9135869720270261,-6.180599849137138,miscanthus_sinensis_ssp_transmorrisonensis_6wks vs miscanthus_sinensis_15wks,FALSE
9699,0.16068530105228263,17.25897599493213,0.1855253830929521,0.8547321422414895,0.9145244470190368,-6.180867721200826,miscanthus_sinensis_ssp_transmorrisonensis_6wks vs miscanthus_sinensis_15wks,FALSE
186,0.3792603401607906,21.37616696575524,0.1844327746556877,0.8555774949271149,0.9150864812727225,-6.181071211287398,miscanthus_sinensis_ssp_transmorrisonensis_6wks vs miscanthus_sinensis_15wks,FALSE
1316,0.36565685785311786,18.143404485012194,0.18425392213629116,0.8557158904286255,0.9150864812727225,-6.1811044071580525,miscanthus_sinensis_ssp_transmorrisonensis_6wks vs miscanthus_sinensis_15wks,FALSE
1380,0.18452283138370262,21.815913810778863,0.1817503344077121,0.8576536589109474,0.9166882279000929,-6.181565716065977,miscanthus_sinensis_ssp_transmorrisonensis_6wks vs miscanthus_sinensis_15wks,FALSE
17234,-0.11019783885353007,17.18849755797039,-0.18172537930066393,0.8576729787592301,0.9166882279000929,-6.1815702826181615,miscanthus_sinensis_ssp_transmorrisonensis_6wks vs miscanthus_sinensis_15wks,FALSE
22502,0.1323926521235883,16.886474457485562,0.18088082408672132,0.8583268741528366,0.9171415636022816,-6.181724459945309,miscanthus_sinensis_ssp_transmorrisonensis_6wks vs miscanthus_sinensis_15wks,FALSE
6984,-0.20793590179943422,18.8248212663636,-0.17999906898226276,0.8590096833619096,0.9174647421557952,-6.181884664597365,miscanthus_sinensis_ssp_transmorrisonensis_6wks vs miscanthus_sinensis_15wks,FALSE
197,-0.14448027469462232,24.53939876338331,-0.17989667834634934,0.8590889795035979,0.9174647421557952,-6.181903217228741,miscanthus_sinensis_ssp_transmorrisonensis_6wks vs miscanthus_sinensis_15wks,FALSE
4120,-0.10299067271694184,20.543716798194545,-0.1795918025566581,0.859325098780944,0.9174714614425056,-6.181958396780822,miscanthus_sinensis_ssp_transmorrisonensis_6wks vs miscanthus_sinensis_15wks,FALSE
474,-0.14090710788421035,24.006361842459853,-0.1790798573967392,0.8597216190274822,0.9175559915565581,-6.182050844063024,miscanthus_sinensis_ssp_transmorrisonensis_6wks vs miscanthus_sinensis_15wks,FALSE
734,0.3171571965569626,19.655967327904037,0.1788599829830053,0.8598919315197391,0.9175559915565581,-6.182090468345559,miscanthus_sinensis_ssp_transmorrisonensis_6wks vs miscanthus_sinensis_15wks,FALSE
113,0.09740721182148349,25.641211416166335,0.17799890110918995,0.8605589844060877,0.9175559915565581,-6.182245179668698,miscanthus_sinensis_ssp_transmorrisonensis_6wks vs miscanthus_sinensis_15wks,FALSE
1628,-0.22114624896785884,19.709091880079658,-0.17763368389133194,0.8608419390704435,0.9175559915565581,-6.182310573831652,miscanthus_sinensis_ssp_transmorrisonensis_6wks vs miscanthus_sinensis_15wks,FALSE
50,-0.48925201807603713,19.916285608779376,-0.17761119810686152,0.860859360723593,0.9175559915565581,-6.182314595661217,miscanthus_sinensis_ssp_transmorrisonensis_6wks vs miscanthus_sinensis_15wks,FALSE
7390,0.17486116497126147,17.45464231923627,0.1775532336157121,0.860904271090537,0.9175559915565581,-6.182324960907212,miscanthus_sinensis_ssp_transmorrisonensis_6wks vs miscanthus_sinensis_15wks,FALSE
6151,0.20398248915029882,17.213526013786744,0.17728349936785584,0.8611132651410377,0.9175559915565581,-6.182373150596706,miscanthus_sinensis_ssp_transmorrisonensis_6wks vs miscanthus_sinensis_15wks,FALSE
21769,-0.0918224797798608,16.90962254436489,-0.17690830329172055,0.8614039900024351,0.9175559915565581,-6.182440060268712,miscanthus_sinensis_ssp_transmorrisonensis_6wks vs miscanthus_sinensis_15wks,FALSE
16,-0.26932402050054804,21.49808537681643,-0.17681936227953243,0.8614729099083116,0.9175559915565581,-6.182455900630753,miscanthus_sinensis_ssp_transmorrisonensis_6wks vs miscanthus_sinensis_15wks,FALSE
1784,-0.2375452487459313,21.651765848214094,-0.175436048881043,0.8625449780220336,0.918452801350749,-6.182701246224449,miscanthus_sinensis_ssp_transmorrisonensis_6wks vs miscanthus_sinensis_15wks,FALSE
2886,0.27948914361342503,17.82967269855201,0.17459020778150697,0.8632006397017892,0.9189058543172113,-6.182850319045834,miscanthus_sinensis_ssp_transmorrisonensis_6wks vs miscanthus_sinensis_15wks,FALSE
7517,0.17642913294519502,19.06511485622238,0.1738677319369129,0.8637607541452939,0.9190322487214301,-6.182977081049232,miscanthus_sinensis_ssp_transmorrisonensis_6wks vs miscanthus_sinensis_15wks,FALSE
22012,0.09184437896823638,17.090916405520467,0.17369779678180078,0.8638925106529172,0.9190322487214301,-6.183006820909369,miscanthus_sinensis_ssp_transmorrisonensis_6wks vs miscanthus_sinensis_15wks,FALSE
626,0.2689376150370002,19.525422983992094,0.1735462320149365,0.8640100274177172,0.9190322487214301,-6.183033321364104,miscanthus_sinensis_ssp_transmorrisonensis_6wks vs miscanthus_sinensis_15wks,FALSE
20480,-0.11437211207459086,17.191717347638004,-0.17264132619393746,0.8647117196719857,0.9192035282954398,-6.183191060461941,miscanthus_sinensis_ssp_transmorrisonensis_6wks vs miscanthus_sinensis_15wks,FALSE
22272,0.10302292877662822,16.925350637147965,0.17221825499431448,0.8650398218145843,0.9192035282954398,-6.183264526324708,miscanthus_sinensis_ssp_transmorrisonensis_6wks vs miscanthus_sinensis_15wks,FALSE
129,0.24067688581549262,22.70423174103717,0.17191219547670286,0.8652771941602899,0.9192035282954398,-6.183317561220806,miscanthus_sinensis_ssp_transmorrisonensis_6wks vs miscanthus_sinensis_15wks,FALSE
2281,0.3187860875612962,18.56362419963051,0.17185467373093744,0.8653218080966872,0.9192035282954398,-6.1833275182608505,miscanthus_sinensis_ssp_transmorrisonensis_6wks vs miscanthus_sinensis_15wks,FALSE
12610,0.10221558783421614,16.931190018504886,0.17185396273014156,0.8653223595526711,0.9192035282954398,-6.183327641314624,miscanthus_sinensis_ssp_transmorrisonensis_6wks vs miscanthus_sinensis_15wks,FALSE
1017,-0.4317608371178068,20.67956241521852,-0.17117570796448137,0.8658484497165096,0.91951769387292,-6.183444796534031,miscanthus_sinensis_ssp_transmorrisonensis_6wks vs miscanthus_sinensis_15wks,FALSE
5915,-0.16137539462507888,16.91082110088464,-0.1707080321157071,0.8662112411302153,0.91955267544196,-6.183525309352542,miscanthus_sinensis_ssp_transmorrisonensis_6wks vs miscanthus_sinensis_15wks,FALSE
3514,0.21784505771637797,18.566828455119246,0.17053936747480705,0.8663420872588206,0.91955267544196,-6.18355429196649,miscanthus_sinensis_ssp_transmorrisonensis_6wks vs miscanthus_sinensis_15wks,FALSE
5334,-0.18282552783669814,16.995205966986568,-0.1695157378920287,0.8671362800314344,0.9201509914634466,-6.183729575441376,miscanthus_sinensis_ssp_transmorrisonensis_6wks vs miscanthus_sinensis_15wks,FALSE
1440,0.1585603125732824,17.405342646803184,0.16847257776590893,0.8679457745964683,0.9204425780412104,-6.183907120918808,miscanthus_sinensis_ssp_transmorrisonensis_6wks vs miscanthus_sinensis_15wks,FALSE
2003,0.15830659554568882,21.490708611528156,0.1682640159028902,0.8681076370072622,0.9204425780412104,-6.183942487009036,miscanthus_sinensis_ssp_transmorrisonensis_6wks vs miscanthus_sinensis_15wks,FALSE
4512,0.2083183559346935,17.925688387823435,0.16825864612782876,0.8681118045053495,0.9204425780412104,-6.1839433969916175,miscanthus_sinensis_ssp_transmorrisonensis_6wks vs miscanthus_sinensis_15wks,FALSE
7266,0.18597284796639357,17.377998823169595,0.16776250307153212,0.8684968796167122,0.9204425780412104,-6.184027350364899,miscanthus_sinensis_ssp_transmorrisonensis_6wks vs miscanthus_sinensis_15wks,FALSE
1873,0.372873552527782,19.686727354433568,0.1676761231656007,0.8685639257217534,0.9204425780412104,-6.184041941621034,miscanthus_sinensis_ssp_transmorrisonensis_6wks vs miscanthus_sinensis_15wks,FALSE
6324,0.2292271295424655,18.03423609508758,0.16691257619274477,0.8691566176712636,0.9207734614982109,-6.184170593816407,miscanthus_sinensis_ssp_transmorrisonensis_6wks vs miscanthus_sinensis_15wks,FALSE
17302,0.10204238148611111,17.023898148763042,0.16667961125442812,0.8693374690347588,0.9207734614982109,-6.184209730179208,miscanthus_sinensis_ssp_transmorrisonensis_6wks vs miscanthus_sinensis_15wks,FALSE
834,-0.2921073750730905,18.399362391560015,-0.16522173169014065,0.8704693922307939,0.9217278020650741,-6.1844534052939,miscanthus_sinensis_ssp_transmorrisonensis_6wks vs miscanthus_sinensis_15wks,FALSE
3237,0.22223395838943105,17.924071184461773,0.1614961760664894,0.8733632734808267,0.9245468543451234,-6.185066410532404,miscanthus_sinensis_ssp_transmorrisonensis_6wks vs miscanthus_sinensis_15wks,FALSE
10762,-0.14028881694839157,17.240877227357256,-0.16067531239953248,0.8740011389100891,0.9249768150925439,-6.185199601712823,miscanthus_sinensis_ssp_transmorrisonensis_6wks vs miscanthus_sinensis_15wks,FALSE
15371,-0.09824508220824058,16.971489318283126,-0.1602044716756424,0.8743670532248546,0.9251188116813198,-6.185275693627553,miscanthus_sinensis_ssp_transmorrisonensis_6wks vs miscanthus_sinensis_15wks,FALSE
1467,-0.2676125573875403,21.288148883821773,-0.15870418369448985,0.8755331963323989,0.9261071859456641,-6.185516667720916,miscanthus_sinensis_ssp_transmorrisonensis_6wks vs miscanthus_sinensis_15wks,FALSE
472,-0.19680251048714226,17.970225925838122,-0.15744609242296942,0.8765113097630722,0.9267353339385281,-6.185716997387192,miscanthus_sinensis_ssp_transmorrisonensis_6wks vs miscanthus_sinensis_15wks,FALSE
18497,0.10109051373592237,17.325219901470366,0.15734316840419346,0.8765913379137982,0.9267353339385281,-6.185733315922341,miscanthus_sinensis_ssp_transmorrisonensis_6wks vs miscanthus_sinensis_15wks,FALSE
1091,-0.21039132239509684,21.37053497917071,-0.15694832210006002,0.8768983616614514,0.9267840168773182,-6.185795819811054,miscanthus_sinensis_ssp_transmorrisonensis_6wks vs miscanthus_sinensis_15wks,FALSE
7689,0.16932737416787091,17.235930082040955,0.15640255374684928,0.8773227719341977,0.9267840168773182,-6.185881956666627,miscanthus_sinensis_ssp_transmorrisonensis_6wks vs miscanthus_sinensis_15wks,FALSE
168,0.12833279632130612,25.844896745830972,0.15609257702191898,0.8775638385956102,0.9267840168773182,-6.185930746034378,miscanthus_sinensis_ssp_transmorrisonensis_6wks vs miscanthus_sinensis_15wks,FALSE
16356,0.1236315610387031,16.661222517574714,0.15608976183144266,0.8775660280050758,0.9267840168773182,-6.185931188694192,miscanthus_sinensis_ssp_transmorrisonensis_6wks vs miscanthus_sinensis_15wks,FALSE
3195,-0.10201197084230174,20.869456815398678,-0.15554637832560902,0.8779886431667475,0.9269851001115197,-6.186016481071177,miscanthus_sinensis_ssp_transmorrisonensis_6wks vs miscanthus_sinensis_15wks,FALSE
3281,0.10301684903837938,17.143775929019395,0.1546035391759205,0.8787220228793344,0.9275140971269971,-6.186163770157562,miscanthus_sinensis_ssp_transmorrisonensis_6wks vs miscanthus_sinensis_15wks,FALSE
24504,0.10158097877307881,16.50647064249322,0.1539891576607922,0.8791999749576743,0.927606159112836,-6.186259267360328,miscanthus_sinensis_ssp_transmorrisonensis_6wks vs miscanthus_sinensis_15wks,FALSE
11793,0.10176468023336227,16.793198437355137,0.15389404075717905,0.8792739744696823,0.927606159112836,-6.186274018075997,miscanthus_sinensis_ssp_transmorrisonensis_6wks vs miscanthus_sinensis_15wks,FALSE
1194,-0.23486961224402592,17.786984719652573,-0.15338809327968858,0.8796676130512315,0.9276655494153214,-6.186352327545235,miscanthus_sinensis_ssp_transmorrisonensis_6wks vs miscanthus_sinensis_15wks,FALSE
4235,-0.08945009793767511,16.796901890752718,-0.1532243285564768,0.8797950325867752,0.9276655494153214,-6.186377619594283,miscanthus_sinensis_ssp_transmorrisonensis_6wks vs miscanthus_sinensis_15wks,FALSE
23042,-0.08451378808009835,16.99889894232357,-0.15157290448468796,0.8810801342453011,0.9285446625379984,-6.186631161615694,miscanthus_sinensis_ssp_transmorrisonensis_6wks vs miscanthus_sinensis_15wks,FALSE
8205,-0.12940256061446576,16.806132061245748,-0.15155510996809932,0.8810939833902651,0.9285446625379984,-6.186633878670956,miscanthus_sinensis_ssp_transmorrisonensis_6wks vs miscanthus_sinensis_15wks,FALSE
23555,0.08259361055873526,16.6786041322991,0.1510337742585047,0.8814997467707648,0.9287271019025846,-6.1867133404955625,miscanthus_sinensis_ssp_transmorrisonensis_6wks vs miscanthus_sinensis_15wks,FALSE
4702,0.18108562732240685,19.450423989782518,0.15066176819508312,0.8817893051716155,0.9287870465026621,-6.186769874548976,miscanthus_sinensis_ssp_transmorrisonensis_6wks vs miscanthus_sinensis_15wks,FALSE
11174,-0.13924565526309607,17.053677057509816,-0.1501483104204774,0.8821889933411291,0.9289629283613261,-6.186847676666103,miscanthus_sinensis_ssp_transmorrisonensis_6wks vs miscanthus_sinensis_15wks,FALSE
23634,-0.08231625858919855,16.878212453797715,-0.14924899031154465,0.8828891241523682,0.9293514579148308,-6.186983308421961,miscanthus_sinensis_ssp_transmorrisonensis_6wks vs miscanthus_sinensis_15wks,FALSE
7733,-0.12223327441196119,16.864484472121557,-0.14907631247222,0.8830235671019422,0.9293514579148308,-6.1870092579584925,miscanthus_sinensis_ssp_transmorrisonensis_6wks vs miscanthus_sinensis_15wks,FALSE
3909,0.16252545829436116,20.08111164518907,0.1478828922558792,0.8839528354565236,0.9299539604280941,-6.187187782442807,miscanthus_sinensis_ssp_transmorrisonensis_6wks vs miscanthus_sinensis_15wks,FALSE
5772,0.23327770483060917,18.500117771720923,0.1477427834904993,0.884061943843842,0.9299539604280941,-6.187208647502961,miscanthus_sinensis_ssp_transmorrisonensis_6wks vs miscanthus_sinensis_15wks,FALSE
6893,-0.11978371757139783,17.721132957355294,-0.14700014101238565,0.8846403092595876,0.930317206154972,-6.18731891267782,miscanthus_sinensis_ssp_transmorrisonensis_6wks vs miscanthus_sinensis_15wks,FALSE
1131,-0.250458460351183,17.81038859872812,-0.14634243780684855,0.8851525798642335,0.9303568549523531,-6.1874161034480215,miscanthus_sinensis_ssp_transmorrisonensis_6wks vs miscanthus_sinensis_15wks,FALSE
1817,0.18082006037342424,19.123052080365316,0.14619229582722607,0.8852695294273052,0.9303568549523531,-6.187438229415826,miscanthus_sinensis_ssp_transmorrisonensis_6wks vs miscanthus_sinensis_15wks,FALSE
843,-0.3582982328502844,20.563260729494193,-0.14605409852727888,0.8853771773456888,0.9303568549523531,-6.1874585751044995,miscanthus_sinensis_ssp_transmorrisonensis_6wks vs miscanthus_sinensis_15wks,FALSE
8343,-0.12352755654103831,18.03765293901109,-0.14528192443709798,0.8859786994332678,0.9307439389835803,-6.187571902825973,miscanthus_sinensis_ssp_transmorrisonensis_6wks vs miscanthus_sinensis_15wks,FALSE
48,-0.21413628248960848,20.527660206904212,-0.14369256327740812,0.8872170312703858,0.9317996287375375,-6.187803278000148,miscanthus_sinensis_ssp_transmorrisonensis_6wks vs miscanthus_sinensis_15wks,FALSE
874,0.16165567005618087,21.358812373176,0.14317696219610226,0.8876188196816883,0.9319764145632036,-6.1878777923505215,miscanthus_sinensis_ssp_transmorrisonensis_6wks vs miscanthus_sinensis_15wks,FALSE
14681,-0.12713346099133815,17.6735352283268,-0.142838888698889,0.8878822844797833,0.9320079094513002,-6.187926505447751,miscanthus_sinensis_ssp_transmorrisonensis_6wks vs miscanthus_sinensis_15wks,FALSE
1103,0.27087944629381866,20.00535284647283,0.1422493931592875,0.8883417174834344,0.9322450410604284,-6.188011171140818,miscanthus_sinensis_ssp_transmorrisonensis_6wks vs miscanthus_sinensis_15wks,FALSE
6508,0.17222287001905556,17.510569175531597,0.1397872703843206,0.8902610487181088,0.9340136942135849,-6.188361013851825,miscanthus_sinensis_ssp_transmorrisonensis_6wks vs miscanthus_sinensis_15wks,FALSE
23492,0.07838349763694552,16.874529837423992,0.13895891238491476,0.890906946207856,0.9344457512511196,-6.188477344798039,miscanthus_sinensis_ssp_transmorrisonensis_6wks vs miscanthus_sinensis_15wks,FALSE
4338,0.13156674960299242,17.717473062359648,0.13809326458486026,0.891582003190161,0.9349081577975107,-6.188598175278994,miscanthus_sinensis_ssp_transmorrisonensis_6wks vs miscanthus_sinensis_15wks,FALSE
23028,0.078989248951288,16.908693299586204,0.13736597846043586,0.8921492273080831,0.9351946851468824,-6.188699110201003,miscanthus_sinensis_ssp_transmorrisonensis_6wks vs miscanthus_sinensis_15wks,FALSE
814,-0.3351304249592175,20.67402427501226,-0.13705375941567502,0.8923927510870799,0.9351946851468824,-6.188742277695781,miscanthus_sinensis_ssp_transmorrisonensis_6wks vs miscanthus_sinensis_15wks,FALSE
549,-0.17469361987312126,21.204413598189362,-0.136841834814874,0.8925580537098252,0.9351946851468824,-6.188771522599261,miscanthus_sinensis_ssp_transmorrisonensis_6wks vs miscanthus_sinensis_15wks,FALSE
4146,-0.1823003156244276,17.86940429085856,-0.13565884934361228,0.8934808826621443,0.9357172794262395,-6.188933940981893,miscanthus_sinensis_ssp_transmorrisonensis_6wks vs miscanthus_sinensis_15wks,FALSE
2436,-0.13275010520417752,22.829904194941346,-0.13560150698009837,0.8935256185302667,0.9357172794262395,-6.188941778056854,miscanthus_sinensis_ssp_transmorrisonensis_6wks vs miscanthus_sinensis_15wks,FALSE
6647,-0.15115094071312285,17.319797758307462,-0.13512046364043256,0.8939009207374402,0.9358647982123948,-6.1890073928068885,miscanthus_sinensis_ssp_transmorrisonensis_6wks vs miscanthus_sinensis_15wks,FALSE
7350,-0.1485950125088884,18.946521527990715,-0.13403868411897432,0.8947450010241171,0.9364388623585915,-6.189154098357646,miscanthus_sinensis_ssp_transmorrisonensis_6wks vs miscanthus_sinensis_15wks,FALSE
2332,-0.23526137320707008,19.401387515187032,-0.13381647287412451,0.8949184017780627,0.9364388623585915,-6.189184087824703,miscanthus_sinensis_ssp_transmorrisonensis_6wks vs miscanthus_sinensis_15wks,FALSE
3135,0.2044186282810081,19.337286335065787,0.13324782668418583,0.8953621648899721,0.9366576945075389,-6.189260605738263,miscanthus_sinensis_ssp_transmorrisonensis_6wks vs miscanthus_sinensis_15wks,FALSE
19840,0.088980461115991,16.959356251494015,0.13240385319776765,0.8960208544316133,0.9371001872371776,-6.1893735725496715,miscanthus_sinensis_ssp_transmorrisonensis_6wks vs miscanthus_sinensis_15wks,FALSE
965,-0.30218814059229615,19.95579061077209,-0.13195824910428244,0.8963686628722973,0.9371001872371776,-6.189432928167034,miscanthus_sinensis_ssp_transmorrisonensis_6wks vs miscanthus_sinensis_15wks,FALSE
4912,-0.18417854961932534,18.912659368491013,-0.131803592322023,0.8964893825297549,0.9371001872371776,-6.189453482161206,miscanthus_sinensis_ssp_transmorrisonensis_6wks vs miscanthus_sinensis_15wks,FALSE
45,0.24861565871337277,19.953691086037907,0.13112323714358068,0.8970204745634837,0.9374098781302165,-6.18954361611743,miscanthus_sinensis_ssp_transmorrisonensis_6wks vs miscanthus_sinensis_15wks,FALSE
1973,0.2144174425152947,18.720030687543392,0.1302110422851126,0.8977326210098389,0.9379085640071386,-6.189663733722111,miscanthus_sinensis_ssp_transmorrisonensis_6wks vs miscanthus_sinensis_15wks,FALSE
8042,0.15361327804723146,17.51243182362493,0.12877535765468498,0.8988536333101216,0.9387029212846145,-6.189851088914414,miscanthus_sinensis_ssp_transmorrisonensis_6wks vs miscanthus_sinensis_15wks,FALSE
21530,-0.07716705749825081,17.309539478088748,-0.12863499448170954,0.8989632435047799,0.9387029212846145,-6.189869294876331,miscanthus_sinensis_ssp_transmorrisonensis_6wks vs miscanthus_sinensis_15wks,FALSE
2049,0.2530601575249385,19.17438291517196,0.12816692930390633,0.8993287725907121,0.9388390324744045,-6.189929862545151,miscanthus_sinensis_ssp_transmorrisonensis_6wks vs miscanthus_sinensis_15wks,FALSE
9135,-0.11410227649405869,17.210924940167416,-0.12710168400865143,0.900160747035671,0.9392143128445845,-6.190066883766546,miscanthus_sinensis_ssp_transmorrisonensis_6wks vs miscanthus_sinensis_15wks,FALSE
283,-0.15873130159944537,21.968583106517055,-0.12682639797143017,0.9003757693285087,0.9392143128445845,-6.19010210784683,miscanthus_sinensis_ssp_transmorrisonensis_6wks vs miscanthus_sinensis_15wks,FALSE
12981,0.11601691271661352,17.548249394215294,0.12659459693371822,0.9005568321779946,0.9392143128445845,-6.190131708698179,miscanthus_sinensis_ssp_transmorrisonensis_6wks vs miscanthus_sinensis_15wks,FALSE
7311,0.11341749477686491,17.076737268776338,0.1265017520543095,0.9006293561044763,0.9392143128445845,-6.190143549770214,miscanthus_sinensis_ssp_transmorrisonensis_6wks vs miscanthus_sinensis_15wks,FALSE
667,-0.21458872401808549,19.187559630415716,-0.12352615684430722,0.9029541532881882,0.9413688744996839,-6.190518452331013,miscanthus_sinensis_ssp_transmorrisonensis_6wks vs miscanthus_sinensis_15wks,FALSE
6624,0.08754783362511276,17.161788014033533,0.12291505989983009,0.9034317078879031,0.9413688744996839,-6.190594343261177,miscanthus_sinensis_ssp_transmorrisonensis_6wks vs miscanthus_sinensis_15wks,FALSE
2069,0.19026496734460352,18.902487310908647,0.12267514969727439,0.9036192010878321,0.9413688744996839,-6.190624034520012,miscanthus_sinensis_ssp_transmorrisonensis_6wks vs miscanthus_sinensis_15wks,FALSE
3166,0.21078504988964042,17.814340845104503,0.12265025229683951,0.9036386590888748,0.9413688744996839,-6.190627112502323,miscanthus_sinensis_ssp_transmorrisonensis_6wks vs miscanthus_sinensis_15wks,FALSE
23402,0.07623157454797536,16.797140749219587,0.12223301629378852,0.9039647497420783,0.9414628961571554,-6.19067860118008,miscanthus_sinensis_ssp_transmorrisonensis_6wks vs miscanthus_sinensis_15wks,FALSE
4381,0.13752123281724593,17.817374182313625,0.12140867078368753,0.9046090679884911,0.9418882105920857,-6.190779813931447,miscanthus_sinensis_ssp_transmorrisonensis_6wks vs miscanthus_sinensis_15wks,FALSE
1961,0.14955030526795454,18.355538010432255,0.12008424532673712,0.9056443963229768,0.942514849229575,-6.190940994356629,miscanthus_sinensis_ssp_transmorrisonensis_6wks vs miscanthus_sinensis_15wks,FALSE
6283,0.07188776739309333,16.822585698601245,0.12003473016461216,0.9056831066244112,0.942514849229575,-6.190946986040723,miscanthus_sinensis_ssp_transmorrisonensis_6wks vs miscanthus_sinensis_15wks,FALSE
1401,-0.15469848270301867,17.03684643939902,-0.11874609440529153,0.9066906297910522,0.9431519966076835,-6.191102052383847,miscanthus_sinensis_ssp_transmorrisonensis_6wks vs miscanthus_sinensis_15wks,FALSE
6989,-0.1380617255469332,20.163777981013617,-0.11853485114564265,0.9068558063721661,0.9431519966076835,-6.1911273126419974,miscanthus_sinensis_ssp_transmorrisonensis_6wks vs miscanthus_sinensis_15wks,FALSE
19663,-0.06650090145719645,16.937210451896817,-0.11834515677876149,0.9070041370182607,0.9431519966076835,-6.191149957833783,miscanthus_sinensis_ssp_transmorrisonensis_6wks vs miscanthus_sinensis_15wks,FALSE
997,0.07583992655496274,23.38512747220921,0.11797276775523688,0.9072953350878625,0.9432091087684237,-6.191194307283289,miscanthus_sinensis_ssp_transmorrisonensis_6wks vs miscanthus_sinensis_15wks,FALSE
27,-0.10215655174809513,25.1736632507749,-0.11715050047540541,0.9079383732362252,0.9434127381118229,-6.1912917403950285,miscanthus_sinensis_ssp_transmorrisonensis_6wks vs miscanthus_sinensis_15wks,FALSE
4301,-0.195901161415712,19.9503088891007,-0.11711790826893345,0.9079638626817695,0.9434127381118229,-6.191295588330413,miscanthus_sinensis_ssp_transmorrisonensis_6wks vs miscanthus_sinensis_15wks,FALSE
6382,-0.09878345895675267,17.125125039999634,-0.11679961571906489,0.9082127956777286,0.9434258340737685,-6.191333110717698,miscanthus_sinensis_ssp_transmorrisonensis_6wks vs miscanthus_sinensis_15wks,FALSE
1443,-0.13275316697054862,22.56468489438185,-0.11636866399102926,0.9085498536281191,0.9435304411247273,-6.191383751610017,miscanthus_sinensis_ssp_transmorrisonensis_6wks vs miscanthus_sinensis_15wks,FALSE
3789,0.188621781379549,18.1572792555395,0.11484201383571212,0.9097440267150134,0.9443386284949696,-6.191561643404306,miscanthus_sinensis_ssp_transmorrisonensis_6wks vs miscanthus_sinensis_15wks,FALSE
2056,0.20907738349741933,19.459182374636292,0.11450875885152792,0.9100047340801416,0.9443386284949696,-6.191600163763943,miscanthus_sinensis_ssp_transmorrisonensis_6wks vs miscanthus_sinensis_15wks,FALSE
2326,-0.230842400916206,19.010978338241262,-0.11446655460839374,0.910037751457953,0.9443386284949696,-6.191605034103566,miscanthus_sinensis_ssp_transmorrisonensis_6wks vs miscanthus_sinensis_15wks,FALSE
15,-0.10571643560504995,25.024082674081896,-0.11298276400213059,0.9111986620172203,0.9452975724461391,-6.191775122913905,miscanthus_sinensis_ssp_transmorrisonensis_6wks vs miscanthus_sinensis_15wks,FALSE
6795,0.15036213494754946,18.32903218878341,0.11237034203931383,0.9116778777507555,0.9453942970115733,-6.191844679505832,miscanthus_sinensis_ssp_transmorrisonensis_6wks vs miscanthus_sinensis_15wks,FALSE
1492,0.18814366021960538,19.0359707078128,0.11225831486090472,0.9117655419575543,0.9453942970115733,-6.191857362285154,miscanthus_sinensis_ssp_transmorrisonensis_6wks vs miscanthus_sinensis_15wks,FALSE
1253,-0.13986685768282214,23.010055303391432,-0.11156606855766354,0.9123072685024551,0.9456736848461809,-6.191935452389692,miscanthus_sinensis_ssp_transmorrisonensis_6wks vs miscanthus_sinensis_15wks,FALSE
22763,-0.06513067567564335,16.90050488479853,-0.11130858609055519,0.9125087760589902,0.9456736848461809,-6.191964375085145,miscanthus_sinensis_ssp_transmorrisonensis_6wks vs miscanthus_sinensis_15wks,FALSE
12117,0.09144296685019526,17.559177653085598,0.11076927289898662,0.9129308659338914,0.9458655636667777,-6.19202473919142,miscanthus_sinensis_ssp_transmorrisonensis_6wks vs miscanthus_sinensis_15wks,FALSE
11396,0.08037805618013394,17.189244517263244,0.1092268949012535,0.9141381435795026,0.9468706458664697,-6.192195757938504,miscanthus_sinensis_ssp_transmorrisonensis_6wks vs miscanthus_sinensis_15wks,FALSE
5792,0.0828609066513124,17.038798047926225,0.10879019263778007,0.9144800059208036,0.9469790359626066,-6.1922437444069205,miscanthus_sinensis_ssp_transmorrisonensis_6wks vs miscanthus_sinensis_15wks,FALSE
19219,-0.06696999079445831,16.883797959072574,-0.10665694888402401,0.9161502108319222,0.9480575820957535,-6.192475393419268,miscanthus_sinensis_ssp_transmorrisonensis_6wks vs miscanthus_sinensis_15wks,FALSE
31,-0.18778387687689602,20.635523924136283,-0.10650500065458164,0.916269192722754,0.9480575820957535,-6.192491718684868,miscanthus_sinensis_ssp_transmorrisonensis_6wks vs miscanthus_sinensis_15wks,FALSE
1338,-0.14921296592365607,18.303870268237482,-0.10608245560266111,0.9166000739976506,0.9480575820957535,-6.192536994575116,miscanthus_sinensis_ssp_transmorrisonensis_6wks vs miscanthus_sinensis_15wks,FALSE
7096,0.08110693179798645,18.50488540487997,0.10605677914753885,0.9166201808966565,0.9480575820957535,-6.192539740024925,miscanthus_sinensis_ssp_transmorrisonensis_6wks vs miscanthus_sinensis_15wks,FALSE
7907,0.06892038187366722,16.757933753867615,0.1057356638800647,0.9168716469521361,0.9480575820957535,-6.192574019148554,miscanthus_sinensis_ssp_transmorrisonensis_6wks vs miscanthus_sinensis_15wks,FALSE
675,-0.2422166206313996,20.721591220040185,-0.10564011391741916,0.9169464740660582,0.9480575820957535,-6.192584199084768,miscanthus_sinensis_ssp_transmorrisonensis_6wks vs miscanthus_sinensis_15wks,FALSE
23655,0.062161553496647315,16.843943412860064,0.10074181521776099,0.9207834783161818,0.9517782613770579,-6.193093750701661,miscanthus_sinensis_ssp_transmorrisonensis_6wks vs miscanthus_sinensis_15wks,FALSE
11614,0.06749448847450168,17.063156592079263,0.09861368650988574,0.9224511397410333,0.9532552290567448,-6.193307603028041,miscanthus_sinensis_ssp_transmorrisonensis_6wks vs miscanthus_sinensis_15wks,FALSE
4,0.11714110390652266,23.605529588346254,0.09728454199171295,0.9234928817921416,0.9540847784974713,-6.193438852782916,miscanthus_sinensis_ssp_transmorrisonensis_6wks vs miscanthus_sinensis_15wks,FALSE
18843,0.0550122291899271,16.71175177658538,0.09673905110583525,0.9239204616241807,0.9542795557060103,-6.193492203722037,miscanthus_sinensis_ssp_transmorrisonensis_6wks vs miscanthus_sinensis_15wks,FALSE
2892,-0.17459105733506775,19.95049000885866,-0.09613018278626723,0.9243977474811738,0.9545255581854232,-6.193551399256254,miscanthus_sinensis_ssp_transmorrisonensis_6wks vs miscanthus_sinensis_15wks,FALSE
2679,-0.0837014796971296,20.911706065888403,-0.09567555948778592,0.9247541413429494,0.9546466336284081,-6.193595355267267,miscanthus_sinensis_ssp_transmorrisonensis_6wks vs miscanthus_sinensis_15wks,FALSE
2944,0.10909325509283363,17.387341696119176,0.09483169658847923,0.9254157157988809,0.9550826105142536,-6.193676393743335,miscanthus_sinensis_ssp_transmorrisonensis_6wks vs miscanthus_sinensis_15wks,FALSE
315,-0.0643338425608988,24.760708037469797,-0.0939261900444333,0.9261256797091941,0.9555682898421046,-6.193762554278779,miscanthus_sinensis_ssp_transmorrisonensis_6wks vs miscanthus_sinensis_15wks,FALSE
23904,0.060286096686791524,16.91562300038489,0.09309082266731436,0.9267807071730477,0.9556046797223291,-6.193841308547534,miscanthus_sinensis_ssp_transmorrisonensis_6wks vs miscanthus_sinensis_15wks,FALSE
369,-0.13474365498461793,23.87326435347966,-0.09286654200659505,0.9269565790434039,0.9556046797223291,-6.193862332916888,miscanthus_sinensis_ssp_transmorrisonensis_6wks vs miscanthus_sinensis_15wks,FALSE
8330,-0.09165111724736263,17.712015483100444,-0.09284633850347486,0.9269724220068007,0.9556046797223291,-6.193864224332629,miscanthus_sinensis_ssp_transmorrisonensis_6wks vs miscanthus_sinensis_15wks,FALSE
284,-0.14363221129925208,18.21087094407575,-0.09266009730160808,0.9271184680772998,0.9556046797223291,-6.19388164053588,miscanthus_sinensis_ssp_transmorrisonensis_6wks vs miscanthus_sinensis_15wks,FALSE
4129,0.07267666188953115,17.12568392058718,0.09133805839991745,0.9281552564186764,0.9563331005258131,-6.194004265715864,miscanthus_sinensis_ssp_transmorrisonensis_6wks vs miscanthus_sinensis_15wks,FALSE
404,0.2187179052316317,19.242246394507113,0.09089248260762833,0.9285047220053579,0.9563331005258131,-6.194045198233876,miscanthus_sinensis_ssp_transmorrisonensis_6wks vs miscanthus_sinensis_15wks,FALSE
2535,0.18116491360252596,19.23242695063037,0.0908425793234542,0.9285438621337805,0.9563331005258131,-6.194049770111581,miscanthus_sinensis_ssp_transmorrisonensis_6wks vs miscanthus_sinensis_15wks,FALSE
8077,-0.08488481523090385,17.409724102110566,-0.09051769774048886,0.9287986777100963,0.9563488061435914,-6.194079472734663,miscanthus_sinensis_ssp_transmorrisonensis_6wks vs miscanthus_sinensis_15wks,FALSE
25,0.06869126538837023,26.2516111089953,0.08976793091640928,0.9293867751119265,0.956616536323827,-6.194147615086128,miscanthus_sinensis_ssp_transmorrisonensis_6wks vs miscanthus_sinensis_15wks,FALSE
15208,0.06901088635162367,16.974125509969,0.08957519093604026,0.9295379620240796,0.956616536323827,-6.19416504070811,miscanthus_sinensis_ssp_transmorrisonensis_6wks vs miscanthus_sinensis_15wks,FALSE
1074,-0.16288368576386247,19.04642970265915,-0.08859280880620907,0.9303085935807942,0.9571425277356024,-6.1942532764084515,miscanthus_sinensis_ssp_transmorrisonensis_6wks vs miscanthus_sinensis_15wks,FALSE
423,0.12130350940178047,24.16658606709299,0.08831237329412456,0.930528594724918,0.9571425277356024,-6.194278286215596,miscanthus_sinensis_ssp_transmorrisonensis_6wks vs miscanthus_sinensis_15wks,FALSE
2619,-0.11207453190136718,17.99089163068285,-0.08714900617553055,0.9314413150338159,0.9578345516782568,-6.194381191586194,miscanthus_sinensis_ssp_transmorrisonensis_6wks vs miscanthus_sinensis_15wks,FALSE
1903,-0.14385686309762136,18.96749634783785,-0.08660921331600124,0.9318648429241427,0.9580232946055054,-6.1944284757440675,miscanthus_sinensis_ssp_transmorrisonensis_6wks vs miscanthus_sinensis_15wks,FALSE
4740,0.09500359383239854,18.964272518022863,0.08608874419069666,0.9322732288882297,0.9581963773743082,-6.194473789229134,miscanthus_sinensis_ssp_transmorrisonensis_6wks vs miscanthus_sinensis_15wks,FALSE
6712,0.082437391180477,17.30159995151581,0.08540100684407513,0.932812891292159,0.9585042630729212,-6.194533246979933,miscanthus_sinensis_ssp_transmorrisonensis_6wks vs miscanthus_sinensis_15wks,FALSE
2063,-0.12471405883803754,20.24921132355629,-0.08322660741185611,0.9345193443062059,0.9600106079439974,-6.194718097777853,miscanthus_sinensis_ssp_transmorrisonensis_6wks vs miscanthus_sinensis_15wks,FALSE
19456,0.05598230309102803,17.008179648945607,0.08235225681736155,0.9352056203215167,0.9604684425838678,-6.194791085487821,miscanthus_sinensis_ssp_transmorrisonensis_6wks vs miscanthus_sinensis_15wks,FALSE
3269,0.0882415405954049,17.62227410865283,0.0807335306055879,0.9364762919148975,0.9615260692706458,-6.1949241779547535,miscanthus_sinensis_ssp_transmorrisonensis_6wks vs miscanthus_sinensis_15wks,FALSE
823,-0.1419787083097077,17.72119194243924,-0.07974200842391564,0.9372547057931363,0.9620778569108254,-6.195004397489101,miscanthus_sinensis_ssp_transmorrisonensis_6wks vs miscanthus_sinensis_15wks,FALSE
4484,-0.09489906648155966,17.473027203180102,-0.07908959589290969,0.9377669303406524,0.9622563878905576,-6.195056640851148,miscanthus_sinensis_ssp_transmorrisonensis_6wks vs miscanthus_sinensis_15wks,FALSE
10493,-0.09553709062441484,17.53840400413235,-0.07865992313452383,0.9381042917961745,0.9622563878905576,-6.19509081358695,miscanthus_sinensis_ssp_transmorrisonensis_6wks vs miscanthus_sinensis_15wks,FALSE
5313,0.08612274206438997,17.90928292086509,0.07859945615547899,0.9381517689554233,0.9622563878905576,-6.19509560771477,miscanthus_sinensis_ssp_transmorrisonensis_6wks vs miscanthus_sinensis_15wks,FALSE
4377,0.059316884948859894,16.98767857003982,0.07770954293249653,0.9388505338860699,0.9625919965817132,-6.195165738409734,miscanthus_sinensis_ssp_transmorrisonensis_6wks vs miscanthus_sinensis_15wks,FALSE
4657,-0.09877240108238539,17.841765750292186,-0.07756857022356195,0.938961231134567,0.9625919965817132,-6.195176774713734,miscanthus_sinensis_ssp_transmorrisonensis_6wks vs miscanthus_sinensis_15wks,FALSE
20838,-0.04589884422441415,16.752933326080754,-0.07711118706356715,0.9393203949108069,0.962621820337136,-6.195212443890779,miscanthus_sinensis_ssp_transmorrisonensis_6wks vs miscanthus_sinensis_15wks,FALSE
862,0.041457341681166326,25.42917908829724,0.07691736633551535,0.93947259820478,0.962621820337136,-6.195227495469656,miscanthus_sinensis_ssp_transmorrisonensis_6wks vs miscanthus_sinensis_15wks,FALSE
954,-0.1045415034067787,18.219267179031466,-0.07659345971789949,0.939726960499655,0.9626353672862773,-6.19525256466258,miscanthus_sinensis_ssp_transmorrisonensis_6wks vs miscanthus_sinensis_15wks,FALSE
7146,-0.050453612977999995,17.082139855887604,-0.07482772042973956,0.9411137028875385,0.9635798559611962,-6.195387367303628,miscanthus_sinensis_ssp_transmorrisonensis_6wks vs miscanthus_sinensis_15wks,FALSE
7891,0.05023980074877343,16.872656781740922,0.07480477060890953,0.9411317280542846,0.9635798559611962,-6.195389098688165,miscanthus_sinensis_ssp_transmorrisonensis_6wks vs miscanthus_sinensis_15wks,FALSE
18718,0.04672849859118955,17.03719046103772,0.07432225672927305,0.9415107099059459,0.9637207061396247,-6.195425377693656,miscanthus_sinensis_ssp_transmorrisonensis_6wks vs miscanthus_sinensis_15wks,FALSE
21820,0.0529247139164255,17.023666619036295,0.07338793367204996,0.9422445976789432,0.9642246690423842,-6.1954949600541225,miscanthus_sinensis_ssp_transmorrisonensis_6wks vs miscanthus_sinensis_15wks,FALSE
4507,-0.11615608273403666,18.87682888819324,-0.0730438905878133,0.9425148484150467,0.9642540427659833,-6.195520360545558,miscanthus_sinensis_ssp_transmorrisonensis_6wks vs miscanthus_sinensis_15wks,FALSE
11431,-0.0589409365501794,17.275508306395537,-0.07170889051540828,0.9435635772406157,0.9650796311413112,-6.195617793268598,miscanthus_sinensis_ssp_transmorrisonensis_6wks vs miscanthus_sinensis_15wks,FALSE
19519,-0.04041003981031821,16.87448120690338,-0.07113879949801445,0.9440114528395449,0.9651499035858473,-6.1956588531069015,miscanthus_sinensis_ssp_transmorrisonensis_6wks vs miscanthus_sinensis_15wks,FALSE
6105,0.05315749255460389,17.066147289218097,0.07100594993175,0.9441158250257349,0.9651499035858473,-6.1956683743124135,miscanthus_sinensis_ssp_transmorrisonensis_6wks vs miscanthus_sinensis_15wks,FALSE
14279,-0.03824453910002035,16.70450438334428,-0.06987222332741297,0.9450065700518229,0.9657998656381316,-6.1957489038293065,miscanthus_sinensis_ssp_transmorrisonensis_6wks vs miscanthus_sinensis_15wks,FALSE
401,0.03537435570949654,25.398513131719675,0.0693441505085153,0.9454214910917614,0.9657998656381316,-6.1957859710373775,miscanthus_sinensis_ssp_transmorrisonensis_6wks vs miscanthus_sinensis_15wks,FALSE
24108,-0.039512612399523306,16.67052400484556,-0.06927296641522165,0.9454774235756058,0.9657998656381316,-6.195790946191391,miscanthus_sinensis_ssp_transmorrisonensis_6wks vs miscanthus_sinensis_15wks,FALSE
7683,-0.05632580400436993,17.239968660864893,-0.06841466941763348,0.9461518481409347,0.9662126245624025,-6.195850531710681,miscanthus_sinensis_ssp_transmorrisonensis_6wks vs miscanthus_sinensis_15wks,FALSE
6547,0.05163116139702595,17.437213402981413,0.06814268826074858,0.9463655716530546,0.9662126245624025,-6.195869258525336,miscanthus_sinensis_ssp_transmorrisonensis_6wks vs miscanthus_sinensis_15wks,FALSE
23911,0.037592556517545006,16.79207666234265,0.06728227731256238,0.9470417121889672,0.9664969690632838,-6.195928009683388,miscanthus_sinensis_ssp_transmorrisonensis_6wks vs miscanthus_sinensis_15wks,FALSE
23170,-0.030554295737108106,16.403160254097635,-0.0671721050478372,0.9471282923285487,0.9664969690632838,-6.195935478650195,miscanthus_sinensis_ssp_transmorrisonensis_6wks vs miscanthus_sinensis_15wks,FALSE
24710,0.03866073443126794,16.864787967586917,0.06628803810154366,0.9478230707819688,0.9669587780632812,-6.19599496969108,miscanthus_sinensis_ssp_transmorrisonensis_6wks vs miscanthus_sinensis_15wks,FALSE
3617,-0.06582401363817425,18.582118152846085,-0.06592630160735777,0.9481073678692241,0.967001689456807,-6.196019084711467,miscanthus_sinensis_ssp_transmorrisonensis_6wks vs miscanthus_sinensis_15wks,FALSE
3185,-0.06554604252490037,17.721701319181154,-0.06543620114109241,0.9484925605347834,0.9671474589156719,-6.196051546659394,miscanthus_sinensis_ssp_transmorrisonensis_6wks vs miscanthus_sinensis_15wks,FALSE
22455,-0.04195736375347181,16.88327741137652,-0.06454085419246468,0.9491962886453634,0.967617871366775,-6.1961102250496625,miscanthus_sinensis_ssp_transmorrisonensis_6wks vs miscanthus_sinensis_15wks,FALSE
6017,-0.0851306705832151,18.297576377285015,-0.06396980005150565,0.9496451502554135,0.9678282971201457,-6.196147228204805,miscanthus_sinensis_ssp_transmorrisonensis_6wks vs miscanthus_sinensis_15wks,FALSE
53,-0.055693169061907355,24.012555264846508,-0.06353433297600401,0.9499874489224123,0.9679300398413144,-6.196175224683894,miscanthus_sinensis_ssp_transmorrisonensis_6wks vs miscanthus_sinensis_15wks,FALSE
47,-0.10922913505026699,19.926884906884318,-0.06233366479464635,0.9509312848703922,0.9686444728763987,-6.19625142636412,miscanthus_sinensis_ssp_transmorrisonensis_6wks vs miscanthus_sinensis_15wks,FALSE
10891,0.028078350365625226,16.813560073188576,0.06094896679287736,0.9520198773325661,0.9692674582841456,-6.196337503322071,miscanthus_sinensis_ssp_transmorrisonensis_6wks vs miscanthus_sinensis_15wks,FALSE
24,-0.04049846805994761,27.200885824206804,-0.060938020875533315,0.9520284829489316,0.9692674582841456,-6.196338176053083,miscanthus_sinensis_ssp_transmorrisonensis_6wks vs miscanthus_sinensis_15wks,FALSE
3302,-0.10822879799226115,19.44827326554814,-0.05940656774045432,0.9532325614500102,0.9702458912056198,-6.196431107857085,miscanthus_sinensis_ssp_transmorrisonensis_6wks vs miscanthus_sinensis_15wks,FALSE
2946,-0.08197665521940678,17.536357309433335,-0.05888191255095784,0.9536450891346238,0.9703346088308467,-6.196462401301487,miscanthus_sinensis_ssp_transmorrisonensis_6wks vs miscanthus_sinensis_15wks,FALSE
267,-0.1506973214834808,19.99087037077577,-0.05841808381538977,0.9540098011456086,0.9703346088308467,-6.196489835605095,miscanthus_sinensis_ssp_transmorrisonensis_6wks vs miscanthus_sinensis_15wks,FALSE
86,-0.12729579570853744,21.090962679789538,-0.058179844550016555,0.9541971345084141,0.9703346088308467,-6.196503842549927,miscanthus_sinensis_ssp_transmorrisonensis_6wks vs miscanthus_sinensis_15wks,FALSE
1,-0.049825958093588696,28.890555238858852,-0.05802687381112684,0.9543174205822738,0.9703346088308467,-6.196512806086019,miscanthus_sinensis_ssp_transmorrisonensis_6wks vs miscanthus_sinensis_15wks,FALSE
2507,-0.06122986609949521,19.457788379367962,-0.05775008434718462,0.9545350723644126,0.9703346088308467,-6.196528964995067,miscanthus_sinensis_ssp_transmorrisonensis_6wks vs miscanthus_sinensis_15wks,FALSE
14710,-0.034710096555546244,16.802158248780785,-0.05629312245276338,0.9556808057361512,0.9712519797603655,-6.196612748834074,miscanthus_sinensis_ssp_transmorrisonensis_6wks vs miscanthus_sinensis_15wks,FALSE
20248,-0.032854236938757,16.841767056086653,-0.05557422494650736,0.9562461726964209,0.9715792113525354,-6.19665330116425,miscanthus_sinensis_ssp_transmorrisonensis_6wks vs miscanthus_sinensis_15wks,FALSE
4748,0.062388702167666565,17.84460143359712,0.0544378198361714,0.9571399310217599,0.9722398485086171,-6.196716341902548,miscanthus_sinensis_ssp_transmorrisonensis_6wks vs miscanthus_sinensis_15wks,FALSE
1115,0.05070012300932447,18.68336075640995,0.05391605508804399,0.9575503073827792,0.9724092666171598,-6.196744850060647,miscanthus_sinensis_ssp_transmorrisonensis_6wks vs miscanthus_sinensis_15wks,FALSE
1479,-0.04541373611060351,17.98784461065018,-0.053213484111683224,0.9581029098977631,0.9726102910169933,-6.196782803483213,miscanthus_sinensis_ssp_transmorrisonensis_6wks vs miscanthus_sinensis_15wks,FALSE
5601,0.03516858490784358,17.138093409613052,0.05304486456206694,0.9582355397219025,0.9726102910169933,-6.196791838387795,miscanthus_sinensis_ssp_transmorrisonensis_6wks vs miscanthus_sinensis_15wks,FALSE
6183,-0.08424976818110252,18.385029560684924,-0.05241555778491556,0.9587305398488338,0.9727865083516636,-6.196825304516275,miscanthus_sinensis_ssp_transmorrisonensis_6wks vs miscanthus_sinensis_15wks,FALSE
3745,0.02928784356115699,21.519059264217013,0.05220454691468676,0.9588965206322134,0.9727865083516636,-6.196836436551246,miscanthus_sinensis_ssp_transmorrisonensis_6wks vs miscanthus_sinensis_15wks,FALSE
4195,0.07948919199298743,19.08752249496866,0.05185565966223284,0.9591709589500111,0.9728177002358852,-6.196854743882696,miscanthus_sinensis_ssp_transmorrisonensis_6wks vs miscanthus_sinensis_15wks,FALSE
10655,-0.0441147825109276,17.471072358394302,-0.04920671931015623,0.9612548105308806,0.974466925446813,-6.1969897397506735,miscanthus_sinensis_ssp_transmorrisonensis_6wks vs miscanthus_sinensis_15wks,FALSE
16609,0.027581897587442228,17.046984036230732,0.049168017193919354,0.9612852586196268,0.974466925446813,-6.1969916596577885,miscanthus_sinensis_ssp_transmorrisonensis_6wks vs miscanthus_sinensis_15wks,FALSE
16327,0.03461052177871338,17.467697515964137,0.048169680889840305,0.962070699950637,0.975015545621463,-6.1970406624727135,miscanthus_sinensis_ssp_transmorrisonensis_6wks vs miscanthus_sinensis_15wks,FALSE
6227,0.06322745335278412,19.538791497151244,0.04576671871080096,0.9639613922479169,0.9766837253435747,-6.197154490098502,miscanthus_sinensis_ssp_transmorrisonensis_6wks vs miscanthus_sinensis_15wks,FALSE
8118,-0.047413150524125314,17.687582404235222,-0.04484338209310542,0.9646879482596189,0.9771718572576499,-6.19719667986161,miscanthus_sinensis_ssp_transmorrisonensis_6wks vs miscanthus_sinensis_15wks,FALSE
19,-0.018915545967225,27.86626275431232,-0.04388572029023565,0.9654415475057693,0.9776871277633259,-6.197239529841309,miscanthus_sinensis_ssp_transmorrisonensis_6wks vs miscanthus_sinensis_15wks,FALSE
4562,-0.0513295082215528,17.269168325056615,-0.042480236608695474,0.9665476049644917,0.9784119554752698,-6.197300742769249,miscanthus_sinensis_ssp_transmorrisonensis_6wks vs miscanthus_sinensis_15wks,FALSE
387,-0.0593431871892669,24.16374255748222,-0.04235332440526026,0.9666474830647456,0.9784119554752698,-6.197306172113367,miscanthus_sinensis_ssp_transmorrisonensis_6wks vs miscanthus_sinensis_15wks,FALSE
1795,-0.046879356711116316,21.812208734842617,-0.04161756815252899,0.9672265238440495,0.9787498816693145,-6.197337327981557,miscanthus_sinensis_ssp_transmorrisonensis_6wks vs miscanthus_sinensis_15wks,FALSE
22997,-0.02159559393588495,16.756740986622685,-0.0400104982976057,0.9684913535119628,0.9797814199745959,-6.197403481603252,miscanthus_sinensis_ssp_transmorrisonensis_6wks vs miscanthus_sinensis_15wks,FALSE
6168,0.04630868283889811,17.286844822899926,0.03850176380437753,0.9696788670998485,0.9807342380194058,-6.197463217111331,miscanthus_sinensis_ssp_transmorrisonensis_6wks vs miscanthus_sinensis_15wks,FALSE
13863,-0.024042040327426406,17.065028182771186,-0.035525951951425064,0.9720213161266169,0.9828543804400847,-6.19757430993172,miscanthus_sinensis_ssp_transmorrisonensis_6wks vs miscanthus_sinensis_15wks,FALSE
4432,-0.05132482084351153,18.565414260142827,-0.03498695637738336,0.9724456219893988,0.9830344195952595,-6.197593476439616,miscanthus_sinensis_ssp_transmorrisonensis_6wks vs miscanthus_sinensis_15wks,FALSE
5527,-0.039738276625133295,17.62890194620093,-0.034102631808780016,0.9731417944736215,0.9834891249465055,-6.197624288064952,miscanthus_sinensis_ssp_transmorrisonensis_6wks vs miscanthus_sinensis_15wks,FALSE
8497,0.03934901919017619,18.884172497069603,0.03376051880283816,0.9734111242346012,0.9835123280041832,-6.197635996393289,miscanthus_sinensis_ssp_transmorrisonensis_6wks vs miscanthus_sinensis_15wks,FALSE
12685,-0.019504842889521257,16.629339092141866,-0.03255057701204545,0.9743636815053212,0.9839874526977961,-6.1976764580042305,miscanthus_sinensis_ssp_transmorrisonensis_6wks vs miscanthus_sinensis_15wks,FALSE
21822,-0.01919972773431411,16.88280230209032,-0.03253702762839147,0.9743743488262495,0.9839874526977961,-6.197676902749416,miscanthus_sinensis_ssp_transmorrisonensis_6wks vs miscanthus_sinensis_15wks,FALSE
9541,0.03290955514750493,17.482395291884952,0.03220124868303825,0.9746387064671639,0.9840054922146985,-6.197687865215974,miscanthus_sinensis_ssp_transmorrisonensis_6wks vs miscanthus_sinensis_15wks,FALSE
24655,0.0173172812150284,16.598332890519064,0.030873148126607818,0.9756843447379422,0.9848121123119761,-6.1977301105720795,miscanthus_sinensis_ssp_transmorrisonensis_6wks vs miscanthus_sinensis_15wks,FALSE
7417,0.03644984248327887,18.034419307222848,0.030460011075549593,0.9760096245040146,0.9848914107735152,-6.197742889242072,miscanthus_sinensis_ssp_transmorrisonensis_6wks vs miscanthus_sinensis_15wks,FALSE
2198,-0.022509859893990125,21.863168697588033,-0.02771297869667725,0.9781725825404397,0.9861681682553359,-6.197823479673608,miscanthus_sinensis_ssp_transmorrisonensis_6wks vs miscanthus_sinensis_15wks,FALSE
2385,-0.04208400123504674,20.75199425196543,-0.02769539068554835,0.9781864315625951,0.9861681682553359,-6.197823971138252,miscanthus_sinensis_ssp_transmorrisonensis_6wks vs miscanthus_sinensis_15wks,FALSE
771,-0.043325647575624515,17.520961988941593,-0.027687259206697443,0.9781928343941662,0.9861681682553359,-6.197824198252025,miscanthus_sinensis_ssp_transmorrisonensis_6wks vs miscanthus_sinensis_15wks,FALSE
163,0.029265007752105276,23.544640316926447,0.02753350934589416,0.9783138993069473,0.9861681682553359,-6.197828479964278,miscanthus_sinensis_ssp_transmorrisonensis_6wks vs miscanthus_sinensis_15wks,FALSE
2620,-0.032045455372930576,22.26424995920614,-0.027284405229314905,0.9785100487122711,0.9861681682553359,-6.197835366550207,miscanthus_sinensis_ssp_transmorrisonensis_6wks vs miscanthus_sinensis_15wks,FALSE
16963,0.018311506741415684,17.832410362550306,0.02607040524202506,0.9794659956327944,0.9864107622812771,-6.1978680323825275,miscanthus_sinensis_ssp_transmorrisonensis_6wks vs miscanthus_sinensis_15wks,FALSE
6966,0.02754030270364538,17.531654602067775,0.025692466843795364,0.9797636043784446,0.9864107622812771,-6.1978778983987395,miscanthus_sinensis_ssp_transmorrisonensis_6wks vs miscanthus_sinensis_15wks,FALSE
21709,0.018526884670009736,16.691524719568104,0.025678412784873483,0.9797746713489139,0.9864107622812771,-6.197878262499386,miscanthus_sinensis_ssp_transmorrisonensis_6wks vs miscanthus_sinensis_15wks,FALSE
18131,0.019355761254818304,17.546451021650988,0.025511420409015387,0.979906171025233,0.9864107622812771,-6.1978825735501974,miscanthus_sinensis_ssp_transmorrisonensis_6wks vs miscanthus_sinensis_15wks,FALSE
6654,0.025132745772225462,17.084055727352435,0.025409736438095434,0.9799862432884631,0.9864107622812771,-6.197885184831756,miscanthus_sinensis_ssp_transmorrisonensis_6wks vs miscanthus_sinensis_15wks,FALSE
4393,-0.03506340162297761,18.831013090848277,-0.02317164164585358,0.9817487114240604,0.9879356833891729,-6.197940019165168,miscanthus_sinensis_ssp_transmorrisonensis_6wks vs miscanthus_sinensis_15wks,FALSE
22387,0.011101116149230705,16.89478710320076,0.021719436877129898,0.9828923542129684,0.9888372676457081,-6.197972896315983,miscanthus_sinensis_ssp_transmorrisonensis_6wks vs miscanthus_sinensis_15wks,FALSE
1832,-0.025026999662916438,17.66997313472516,-0.020765845346359616,0.9836433490333404,0.9893434742607949,-6.197993328198966,miscanthus_sinensis_ssp_transmorrisonensis_6wks vs miscanthus_sinensis_15wks,FALSE
16684,-0.01051049655175973,16.81686900717837,-0.017909474752430765,0.9858929558456416,0.9913563425027206,-6.198049041349548,miscanthus_sinensis_ssp_transmorrisonensis_6wks vs miscanthus_sinensis_15wks,FALSE
23094,0.009357591530633869,16.630273758918413,0.01681150225864473,0.9867577250608423,0.9916982672489717,-6.1980682675898775,miscanthus_sinensis_ssp_transmorrisonensis_6wks vs miscanthus_sinensis_15wks,FALSE
9320,-0.020141690676094726,17.66245987052009,-0.016560717827592747,0.9869552466608791,0.9916982672489717,-6.198072488413242,miscanthus_sinensis_ssp_transmorrisonensis_6wks vs miscanthus_sinensis_15wks,FALSE
18006,0.009873792817312932,17.138155683235077,0.016323997506525672,0.9871416919472007,0.9916982672489717,-6.198076414332132,miscanthus_sinensis_ssp_transmorrisonensis_6wks vs miscanthus_sinensis_15wks,FALSE
5029,-0.02571743906584345,17.936982366432538,-0.016216090334996804,0.9872266818756046,0.9916982672489717,-6.198078185178377,miscanthus_sinensis_ssp_transmorrisonensis_6wks vs miscanthus_sinensis_15wks,FALSE
22849,-0.007159707759853973,16.660106997475097,-0.015548104707815086,0.9877528046620321,0.9919771562794545,-6.198088885998995,miscanthus_sinensis_ssp_transmorrisonensis_6wks vs miscanthus_sinensis_15wks,FALSE
420,-0.009045471907931812,24.33824502241094,-0.014211683562950779,0.9888054215758252,0.9925372054488573,-6.198108943923551,miscanthus_sinensis_ssp_transmorrisonensis_6wks vs miscanthus_sinensis_15wks,FALSE
20422,0.0070938404484834905,16.870636899377832,0.014208750261115965,0.9888077319814892,0.9925372054488573,-6.198108985967232,miscanthus_sinensis_ssp_transmorrisonensis_6wks vs miscanthus_sinensis_15wks,FALSE
3574,0.01588466818137846,18.413407532910735,0.012806130424351669,0.9899125121570992,0.9931814982934278,-6.198128095793985,miscanthus_sinensis_ssp_transmorrisonensis_6wks vs miscanthus_sinensis_15wks,FALSE
3291,-0.013196972072343272,21.14840646981171,-0.012762104408735363,0.9899471898070012,0.9931814982934278,-6.198128663501051,miscanthus_sinensis_ssp_transmorrisonensis_6wks vs miscanthus_sinensis_15wks,FALSE
1855,0.02359810167891041,19.127129401877717,0.012303575374306189,0.9903083572241975,0.9932942115675871,-6.198134459931715,miscanthus_sinensis_ssp_transmorrisonensis_6wks vs miscanthus_sinensis_15wks,FALSE
56,-0.016936781993006633,20.174406595450403,-0.010151879495021577,0.9920032007379224,0.9945006077091809,-6.198158827812143,miscanthus_sinensis_ssp_transmorrisonensis_6wks vs miscanthus_sinensis_15wks,FALSE
754,0.016902399980235572,18.466598167552252,0.010144042653259586,0.9920093737219335,0.9945006077091809,-6.198158908028961,miscanthus_sinensis_ssp_transmorrisonensis_6wks vs miscanthus_sinensis_15wks,FALSE
19167,0.006067166563067161,16.489858605112673,0.009395469957984784,0.9925990175609677,0.9948418975906059,-6.198166284751541,miscanthus_sinensis_ssp_transmorrisonensis_6wks vs miscanthus_sinensis_15wks,FALSE
305,-0.004407710696845868,24.071072076799624,-0.008052278185599336,0.993657048086547,0.9956523433638292,-6.198178104101447,miscanthus_sinensis_ssp_transmorrisonensis_6wks vs miscanthus_sinensis_15wks,FALSE
4019,0.009468918397995907,18.083214837507334,0.005874390331178801,0.9953725923838563,0.9968056156451046,-6.1981934008651365,miscanthus_sinensis_ssp_transmorrisonensis_6wks vs miscanthus_sinensis_15wks,FALSE
20,-0.004221611782060819,28.095605182707818,-0.0057974773219578,0.9954331780114681,0.9968056156451046,-6.198193853613955,miscanthus_sinensis_ssp_transmorrisonensis_6wks vs miscanthus_sinensis_15wks,FALSE
6217,-0.004798666888842007,17.389263892880745,-0.005640144631252066,0.995557111617493,0.9968056156451046,-6.198194761166765,miscanthus_sinensis_ssp_transmorrisonensis_6wks vs miscanthus_sinensis_15wks,FALSE
1828,0.008118933448081123,18.06300980384662,0.005268247892691389,0.9958500613857142,0.9968489079869034,-6.1981968071421,miscanthus_sinensis_ssp_transmorrisonensis_6wks vs miscanthus_sinensis_15wks,FALSE
19442,-0.0036256124112803434,17.041910162227033,-0.004767625475491272,0.9962444116376379,0.9969936553666209,-6.198199341003394,miscanthus_sinensis_ssp_transmorrisonensis_6wks vs miscanthus_sinensis_15wks,FALSE
13243,-0.0020942429145236474,16.908490038305214,-0.0030666049573198485,0.997584346161563,0.9980843884403408,-6.198206061842183,miscanthus_sinensis_ssp_transmorrisonensis_6wks vs miscanthus_sinensis_15wks,FALSE
7245,5.493026509988397e-4,16.98113693394405,5.677266973880962e-4,0.9995527844710861,0.9996383225723438,-6.198210642074421,miscanthus_sinensis_ssp_transmorrisonensis_6wks vs miscanthus_sinensis_15wks,FALSE
235,-0.0010359684848175732,22.77992630449225,-4.5913863503396947e-4,0.9996383225723438,0.9996383225723438,-6.198210698310306,miscanthus_sinensis_ssp_transmorrisonensis_6wks vs miscanthus_sinensis_15wks,FALSE
