ID,logFC,AveExpr,t,P.Value,adj.P.Val,B,comparison,pass
126,8.793172475245946,18.999790845959993,14.215681442231453,3.366021651976196e-7,0.0010030744522889065,5.697953699351639,miscanthus_floridulus_15wks vs miscanthus_sacchariflorus_4x_15wks,TRUE
1767,7.1660648203249515,18.3444637114059,12.619717227996343,8.847726724370483e-7,0.0012857326056077531,5.158924821024333,miscanthus_floridulus_15wks vs miscanthus_sacchariflorus_4x_15wks,TRUE
3289,-6.023452113212453,20.908174714792462,-11.209261435845875,2.291134632827805e-6,0.0012857326056077531,4.569546973216247,miscanthus_floridulus_15wks vs miscanthus_sacchariflorus_4x_15wks,TRUE
1238,-5.694787362528668,20.71429192927678,-11.14181026836309,2.404114051179822e-6,0.0012857326056077531,4.538211399586026,miscanthus_floridulus_15wks vs miscanthus_sacchariflorus_4x_15wks,TRUE
178,9.09852923436889,19.41002062318463,11.114963913994973,2.450792085086514e-6,0.0012857326056077531,4.52565241965694,miscanthus_floridulus_15wks vs miscanthus_sacchariflorus_4x_15wks,TRUE
2876,6.369822514443236,18.21358452719367,11.03883658480761,2.588723366995476e-6,0.0012857326056077531,4.489767102215322,miscanthus_floridulus_15wks vs miscanthus_sacchariflorus_4x_15wks,TRUE
90,-6.99596877561839,21.83327444905248,-10.363824344184673,4.270528512491577e-6,0.0014553113827692925,4.153152851404566,miscanthus_floridulus_15wks vs miscanthus_sacchariflorus_4x_15wks,TRUE
1073,-6.537392010982174,21.67878044760216,-10.289658017888103,4.519765165299967e-6,0.0014553113827692925,4.11405015014052,miscanthus_floridulus_15wks vs miscanthus_sacchariflorus_4x_15wks,TRUE
6445,5.785065708746629,17.94163716847982,10.282606234594885,4.5442908630080056e-6,0.0014553113827692925,4.110309446217502,miscanthus_floridulus_15wks vs miscanthus_sacchariflorus_4x_15wks,TRUE
437,-7.7402138289479225,21.971294211411763,-10.035688288254951,5.503666098774581e-6,0.0014553113827692925,3.9767851386667514,miscanthus_floridulus_15wks vs miscanthus_sacchariflorus_4x_15wks,TRUE
5950,5.710870316455619,18.199916827424516,9.972414250591166,5.78432551731108e-6,0.0014553113827692925,3.9417579104331084,miscanthus_floridulus_15wks vs miscanthus_sacchariflorus_4x_15wks,TRUE
370,-7.674008596640583,22.36190795580072,-9.811389906917327,6.572926742375613e-6,0.0014553113827692925,3.8510845977915187,miscanthus_floridulus_15wks vs miscanthus_sacchariflorus_4x_15wks,TRUE
78,-5.166283656255462,24.70412876152737,-9.72979101094925,7.01753380465805e-6,0.0014553113827692925,3.8042803823012727,miscanthus_floridulus_15wks vs miscanthus_sacchariflorus_4x_15wks,TRUE
683,8.345282807009376,18.750563799478755,9.689467153039313,7.2494795285648745e-6,0.0014553113827692925,3.7809350842161225,miscanthus_floridulus_15wks vs miscanthus_sacchariflorus_4x_15wks,TRUE
356,-6.316451482436925,21.698205073331067,-9.602005925487028,7.782343301584002e-6,0.0014553113827692925,3.729802859383679,miscanthus_floridulus_15wks vs miscanthus_sacchariflorus_4x_15wks,TRUE
2888,5.26529763767018,17.981309418295787,9.592503851270445,7.842803312448339e-6,0.0014553113827692925,3.7242063897496314,miscanthus_floridulus_15wks vs miscanthus_sacchariflorus_4x_15wks,TRUE
246,-5.0581998307731055,23.689271864799974,-9.522867638143765,8.302111915126837e-6,0.0014553113827692925,3.6829431016782825,miscanthus_floridulus_15wks vs miscanthus_sacchariflorus_4x_15wks,TRUE
1400,-5.552184456681918,20.816847916079222,-9.431462573484978,8.95088314015578e-6,0.0014818684309813456,3.628107771224111,miscanthus_floridulus_15wks vs miscanthus_sacchariflorus_4x_15wks,TRUE
4585,5.367148422187256,18.24555601283599,9.249721413146451,1.0414523020920528e-5,0.0015982621665452622,3.51676390874234,miscanthus_floridulus_15wks vs miscanthus_sacchariflorus_4x_15wks,TRUE
8831,5.08935422051578,17.785599365407887,9.214636286252235,1.0726591721780283e-5,0.0015982621665452622,3.4949079206521416,miscanthus_floridulus_15wks vs miscanthus_sacchariflorus_4x_15wks,TRUE
7176,5.198332789357945,18.134244272937533,9.049779786307912,1.2338513752858922e-5,0.0017508938563580755,3.390612657689597,miscanthus_floridulus_15wks vs miscanthus_sacchariflorus_4x_15wks,TRUE
1065,5.1227853522635485,18.137740152951356,8.831193237237994,1.4904444860660621e-5,0.0020188748038531207,3.2481592142496583,miscanthus_floridulus_15wks vs miscanthus_sacchariflorus_4x_15wks,TRUE
39,-4.380253135678942,27.95484738273574,-8.722870016725157,1.6390833591136033e-5,0.0021236819174602337,3.175753967258715,miscanthus_floridulus_15wks vs miscanthus_sacchariflorus_4x_15wks,TRUE
4744,5.782915347326913,18.636032268828597,8.654561909090052,1.7412140089531093e-5,0.0021620073944501107,3.129464505144356,miscanthus_floridulus_15wks vs miscanthus_sacchariflorus_4x_15wks,TRUE
1604,-6.820044476402103,20.992225998066097,-8.300591319900828,2.3969027045846134e-5,0.002857108023864859,2.8815343789359487,miscanthus_floridulus_15wks vs miscanthus_sacchariflorus_4x_15wks,TRUE
751,-7.459958055859019,22.015524317725955,-8.195951416658538,2.6399496453308716e-5,0.0029258238793878726,2.8055756174019892,miscanthus_floridulus_15wks vs miscanthus_sacchariflorus_4x_15wks,TRUE
2872,-5.263810324368794,20.32572063427947,-8.19148465443107,2.6509142531366633e-5,0.0029258238793878726,2.8023053734554795,miscanthus_floridulus_15wks vs miscanthus_sacchariflorus_4x_15wks,TRUE
579,-4.1928732809844895,21.801931396329774,-8.095506153195176,2.899105629087248e-5,0.003085476705242857,2.7314805980254055,miscanthus_floridulus_15wks vs miscanthus_sacchariflorus_4x_15wks,TRUE
5050,-5.280269764079783,20.41240858653242,-7.99771295947654,3.1786729225283535e-5,0.0032663604514256875,2.658211243026215,miscanthus_floridulus_15wks vs miscanthus_sacchariflorus_4x_15wks,TRUE
1053,-4.183087475359237,22.613359386552187,-7.930243770042505,3.388878114657925e-5,0.0033520504763807244,2.6070014192228976,miscanthus_floridulus_15wks vs miscanthus_sacchariflorus_4x_15wks,TRUE
3272,-5.0437810113490755,20.72501825476169,-7.900305405003998,3.487032374758472e-5,0.0033520504763807244,2.5841033682010446,miscanthus_floridulus_15wks vs miscanthus_sacchariflorus_4x_15wks,TRUE
2191,-5.589022115500832,20.857933836246737,-7.858016281906312,3.631069592752034e-5,0.0033814335582503315,2.5515747541499865,miscanthus_floridulus_15wks vs miscanthus_sacchariflorus_4x_15wks,TRUE
938,-6.23382835941117,20.64873211239493,-7.789070730455704,3.880191771532337e-5,0.003503930751262534,2.4980759705719437,miscanthus_floridulus_15wks vs miscanthus_sacchariflorus_4x_15wks,TRUE
5528,5.960517349806661,18.02013527545055,7.5906336432338115,4.708918931250549e-5,0.004127228945625481,2.3408165985184093,miscanthus_floridulus_15wks vs miscanthus_sacchariflorus_4x_15wks,TRUE
1878,-6.070513735768603,20.89526267247157,-7.441725661707514,5.4591686393041004e-5,0.004623728069032988,2.2195367388121836,miscanthus_floridulus_15wks vs miscanthus_sacchariflorus_4x_15wks,TRUE
4447,-4.662688675613435,20.06373760690631,-7.3776337718710545,5.821886735733857e-5,0.004623728069032988,2.166453366318362,miscanthus_floridulus_15wks vs miscanthus_sacchariflorus_4x_15wks,TRUE
7196,-4.366662493225103,19.4738140754978,-7.3655814470600385,5.893019368307676e-5,0.004623728069032988,2.156411089144954,miscanthus_floridulus_15wks vs miscanthus_sacchariflorus_4x_15wks,TRUE
6396,5.357360049765088,17.746429632385276,7.365075038436809,5.8960290813172336e-5,0.004623728069032988,2.1559887196611998,miscanthus_floridulus_15wks vs miscanthus_sacchariflorus_4x_15wks,TRUE
2200,-5.286353932676533,21.300851846097235,-7.324619935897404,6.142026918096284e-5,0.00469313851690434,2.1221379583768423,miscanthus_floridulus_15wks vs miscanthus_sacchariflorus_4x_15wks,TRUE
3746,-4.217422331470434,20.960787939304314,-7.2426172380426195,6.67611344869847e-5,0.00482990686806646,2.052856014486065,miscanthus_floridulus_15wks vs miscanthus_sacchariflorus_4x_15wks,TRUE
7062,-4.67621076923421,20.59103337976636,-7.238395617036111,6.704961558333343e-5,0.00482990686806646,2.0492649627314004,miscanthus_floridulus_15wks vs miscanthus_sacchariflorus_4x_15wks,TRUE
1577,-4.711279453117406,21.26128206991854,-7.221468514751178,6.822018471832059e-5,0.00482990686806646,2.034842162300527,miscanthus_floridulus_15wks vs miscanthus_sacchariflorus_4x_15wks,TRUE
2475,-5.4383066358013075,20.94363798055078,-7.200615629967726,6.96932870224355e-5,0.00482990686806646,2.0170213578668337,miscanthus_floridulus_15wks vs miscanthus_sacchariflorus_4x_15wks,TRUE
3678,5.094548344975429,18.259074035757664,7.103434022749784,7.703651815268429e-5,0.005217473274886346,1.9331927434601655,miscanthus_floridulus_15wks vs miscanthus_sacchariflorus_4x_15wks,TRUE
9031,3.775451055187954,17.09367362603938,7.066661542630908,8.003395153329661e-5,0.005221801681255472,1.9011362981807904,miscanthus_floridulus_15wks vs miscanthus_sacchariflorus_4x_15wks,TRUE
2467,4.213029006403968,17.945959118796615,7.0598280653938135,8.06049923952187e-5,0.005221801681255472,1.8951586972864414,miscanthus_floridulus_15wks vs miscanthus_sacchariflorus_4x_15wks,TRUE
4471,-3.7748373954970873,20.15671143559155,-6.93433170596461,9.19312324033395e-5,0.005828831331105356,1.7842274033569758,miscanthus_floridulus_15wks vs miscanthus_sacchariflorus_4x_15wks,TRUE
275,-4.847434080306833,22.091086923885825,-6.8973910683489175,9.559068762423987e-5,0.005934588523338225,1.7511538500983912,miscanthus_floridulus_15wks vs miscanthus_sacchariflorus_4x_15wks,TRUE
2114,4.193440369562989,17.66361589064329,6.7773819480497854,1.0862992699281143e-4,0.006606473110991389,1.6423697495215217,miscanthus_floridulus_15wks vs miscanthus_sacchariflorus_4x_15wks,TRUE
2454,3.8007592881213057,17.743958493798367,6.741547985248948,1.1289362922599209e-4,0.006728460301869129,1.6094869914907273,miscanthus_floridulus_15wks vs miscanthus_sacchariflorus_4x_15wks,TRUE
5367,-4.126499494442687,20.401603719557418,-6.720197776627712,1.1552121877822734e-4,0.006750063371747402,1.5898068102934388,miscanthus_floridulus_15wks vs miscanthus_sacchariflorus_4x_15wks,TRUE
3397,-4.3488766371326335,20.370781979160753,-6.686112105605299,1.1985657481528063e-4,0.006845325404417861,1.5582500290791765,miscanthus_floridulus_15wks vs miscanthus_sacchariflorus_4x_15wks,TRUE
1217,-3.2524748158671706,22.26863941883628,-6.671680659784115,1.2174572027991498e-4,0.006845325404417861,1.544838229735321,miscanthus_floridulus_15wks vs miscanthus_sacchariflorus_4x_15wks,TRUE
2243,4.209576841534545,18.112091385931233,6.651015647945665,1.2450807841546846e-4,0.006871001364409185,1.5255802332353792,miscanthus_floridulus_15wks vs miscanthus_sacchariflorus_4x_15wks,TRUE
6158,-3.9856193939108273,19.799653340715,-6.629777669430613,1.2741895403388118e-4,0.006903790600381199,1.5057229975325823,miscanthus_floridulus_15wks vs miscanthus_sacchariflorus_4x_15wks,TRUE
2235,5.221931700551782,18.58405625291208,6.602381299174209,0.00013128486677222053,0.006986230410378878,1.4800096776799272,miscanthus_floridulus_15wks vs miscanthus_sacchariflorus_4x_15wks,TRUE
3215,-3.6062748567001215,20.48105873700569,-6.581312631107593,1.343455249626073e-4,0.007023678322606488,1.4601599240417045,miscanthus_floridulus_15wks vs miscanthus_sacchariflorus_4x_15wks,TRUE
344,-5.124634542451041,20.464513569824177,-6.556786356546324,1.3800755589192895e-4,0.007090733044102556,1.436969735080651,miscanthus_floridulus_15wks vs miscanthus_sacchariflorus_4x_15wks,TRUE
3536,-3.2501349952943954,20.263236195071848,-6.5347901267892,1.413852042026527e-4,0.007141150991930594,1.4160956930723447,miscanthus_floridulus_15wks vs miscanthus_sacchariflorus_4x_15wks,TRUE
345,-6.24795084918544,23.050244332055907,-6.494543953944707,1.4780266617940224e-4,0.007230860031345128,1.3777157934727748,miscanthus_floridulus_15wks vs miscanthus_sacchariflorus_4x_15wks,TRUE
1091,-4.593316956970572,20.61960748168844,-6.493249894928307,1.4801424896377613e-4,0.007230860031345128,1.3764777176006282,miscanthus_floridulus_15wks vs miscanthus_sacchariflorus_4x_15wks,TRUE
4599,4.254229191007781,17.780035918224492,6.4686098231583475,1.521070805122656e-4,0.007255547821197012,1.3528556312974782,miscanthus_floridulus_15wks vs miscanthus_sacchariflorus_4x_15wks,TRUE
420,-3.4344775751424272,24.09681096680949,-6.461041096746527,1.5338909823335963e-4,0.007255547821197012,1.345581266844638,miscanthus_floridulus_15wks vs miscanthus_sacchariflorus_4x_15wks,TRUE
2659,-4.926542707739237,20.184989431017133,-6.4253376914814595,1.5959872135683006e-4,0.0074313154631774,1.3111498782025146,miscanthus_floridulus_15wks vs miscanthus_sacchariflorus_4x_15wks,TRUE
966,-4.417843307027983,20.809011201881443,-6.323483933075365,1.788813565583539e-4,0.008115238818573236,1.2118609056889067,miscanthus_floridulus_15wks vs miscanthus_sacchariflorus_4x_15wks,TRUE
515,-4.472834658307576,23.086654947850125,-6.31489991630364,1.8061963022603317e-4,0.008115238818573236,1.203420577884363,miscanthus_floridulus_15wks vs miscanthus_sacchariflorus_4x_15wks,TRUE
2212,4.705346153230391,17.698387369556468,6.3059258721597535,1.8245671169275394e-4,0.008115238818573236,1.1945846430145766,miscanthus_floridulus_15wks vs miscanthus_sacchariflorus_4x_15wks,TRUE
9776,-3.0286857132000584,18.33518122081476,-6.261299182939992,1.9190177257693796e-4,0.008409812974695221,1.1504604327524346,miscanthus_floridulus_15wks vs miscanthus_sacchariflorus_4x_15wks,TRUE
4950,-4.429322896618164,19.734997064608105,-6.2406818806275295,1.964452829386815e-4,0.008484158596482187,1.129971285697163,miscanthus_floridulus_15wks vs miscanthus_sacchariflorus_4x_15wks,TRUE
3071,5.859282192849879,18.38128467325467,6.164586834457325,2.1426387817432172e-4,0.00912151938513541,1.053776858203567,miscanthus_floridulus_15wks vs miscanthus_sacchariflorus_4x_15wks,TRUE
2058,-4.384496623414719,20.044305877216594,-6.03714756461289,2.4820318524808457e-4,0.01041754214139848,0.9241346921563878,miscanthus_floridulus_15wks vs miscanthus_sacchariflorus_4x_15wks,TRUE
9575,-3.10081011182222,19.260997552494906,-6.010172385501263,2.561175540463351e-4,0.010510886991077056,0.89636309601695,miscanthus_floridulus_15wks vs miscanthus_sacchariflorus_4x_15wks,TRUE
2161,-5.216864694304036,20.915911173340348,-6.000794490601224,2.5893334629866513e-4,0.010510886991077056,0.8866811310091354,miscanthus_floridulus_15wks vs miscanthus_sacchariflorus_4x_15wks,TRUE
1058,-4.7273856037498305,22.237210260572716,-5.993497011858774,2.611479169306173e-4,0.010510886991077056,0.8791373135740574,miscanthus_floridulus_15wks vs miscanthus_sacchariflorus_4x_15wks,TRUE
1302,-5.764673787934594,20.419283012307346,-5.9824634295356125,2.6453574641972457e-4,0.010510886991077056,0.8677150939855514,miscanthus_floridulus_15wks vs miscanthus_sacchariflorus_4x_15wks,TRUE
5772,4.576373957571196,18.069826999058023,5.887140558640176,2.9588999325765725e-4,0.011522533860310536,0.7682200773748775,miscanthus_floridulus_15wks vs miscanthus_sacchariflorus_4x_15wks,TRUE
3474,3.8751982522785866,17.648534759551726,5.876976939793706,2.994658575156066e-4,0.011522533860310536,0.7575250896861414,miscanthus_floridulus_15wks vs miscanthus_sacchariflorus_4x_15wks,TRUE
8736,-3.400019244421067,19.160809478886275,-5.8709838765746385,3.0159652386047714e-4,0.011522533860310536,0.7512108538413163,miscanthus_floridulus_15wks vs miscanthus_sacchariflorus_4x_15wks,TRUE
3359,-4.229805138975312,20.28288742548165,-5.830029428603843,3.1660801995361674e-4,0.011942935436225037,0.7079054951962176,miscanthus_floridulus_15wks vs miscanthus_sacchariflorus_4x_15wks,TRUE
86,-4.437096865276086,22.07920799435981,-5.799455545546201,3.283468773327564e-4,0.012230921180645175,0.675398497603859,miscanthus_floridulus_15wks vs miscanthus_sacchariflorus_4x_15wks,TRUE
189,4.0441972241906505,21.651142429465498,5.779443582593851,3.3628762517860783e-4,0.012372063247311747,0.654038524417949,miscanthus_floridulus_15wks vs miscanthus_sacchariflorus_4x_15wks,TRUE
2307,-3.9466199225106635,20.554348953608745,-5.763000106410226,3.4296952391162875e-4,0.012464014405568947,0.6364383258016755,miscanthus_floridulus_15wks vs miscanthus_sacchariflorus_4x_15wks,TRUE
3250,-5.864535322445846,20.45101112756971,-5.746360569096605,3.4987902964760424e-4,0.012561921787347718,0.6185831154170058,miscanthus_floridulus_15wks vs miscanthus_sacchariflorus_4x_15wks,TRUE
1278,-3.0323564445776547,23.583993423440027,-5.724686113359855,3.59108268866231e-4,0.012635398348070688,0.5952568885177518,miscanthus_floridulus_15wks vs miscanthus_sacchariflorus_4x_15wks,TRUE
73,-4.623712742913309,24.334220276668933,-5.715474065396119,3.63111106613654e-4,0.012635398348070688,0.5853193854393703,miscanthus_floridulus_15wks vs miscanthus_sacchariflorus_4x_15wks,TRUE
6271,-3.732369433377592,19.235980757633676,-5.711971701015307,3.646457241389527e-4,0.012635398348070688,0.5815375376405383,miscanthus_floridulus_15wks vs miscanthus_sacchariflorus_4x_15wks,TRUE
4620,-3.198942558787273,18.824983058216116,-5.5777306511761555,4.2915364987204896e-4,0.01458910702548487,0.43505318065084886,miscanthus_floridulus_15wks vs miscanthus_sacchariflorus_4x_15wks,TRUE
9097,-2.969879671916406,19.25098196360249,-5.574562493117079,4.3081926786666725e-4,0.01458910702548487,0.43155986904581134,miscanthus_floridulus_15wks vs miscanthus_sacchariflorus_4x_15wks,TRUE
1798,-3.182057741214752,22.777732224651213,-5.555013119516047,4.4125439354614297e-4,0.014774585311994451,0.4099669991479056,miscanthus_floridulus_15wks vs miscanthus_sacchariflorus_4x_15wks,TRUE
8330,-3.3450779714874983,18.606651062550995,-5.473827969034507,4.8763580391765623e-4,0.016146163285273508,0.3196101692820541,miscanthus_floridulus_15wks vs miscanthus_sacchariflorus_4x_15wks,TRUE
1180,-2.5720205883143024,24.232963510221484,-5.375025814976829,5.513817322157499e-4,0.018056236945087196,0.20814768251220972,miscanthus_floridulus_15wks vs miscanthus_sacchariflorus_4x_15wks,TRUE
1715,-2.9426925763093053,23.284870571922973,-5.3044454970042745,6.024606873465545e-4,0.019468259936503064,0.12750969022656555,miscanthus_floridulus_15wks vs miscanthus_sacchariflorus_4x_15wks,TRUE
11905,2.685219492049157,19.23693367672538,5.291423833765588,6.124355686129975e-4,0.019468259936503064,0.11253975877988065,miscanthus_floridulus_15wks vs miscanthus_sacchariflorus_4x_15wks,TRUE
159,-4.913421438039183,25.235115236256075,-5.289274166187174,6.140994745071437e-4,0.019468259936503064,0.11006568171980025,miscanthus_floridulus_15wks vs miscanthus_sacchariflorus_4x_15wks,TRUE
2837,-2.733004174244524,22.165276757398967,-5.273577035188265,6.263996346353828e-4,0.019649167486457272,0.09197576466944923,miscanthus_floridulus_15wks vs miscanthus_sacchariflorus_4x_15wks,TRUE
287,-3.552573045331581,20.21192152579192,-5.242350961408213,6.516725947024658e-4,0.02022900346055571,0.05586458556665974,miscanthus_floridulus_15wks vs miscanthus_sacchariflorus_4x_15wks,TRUE
6005,-4.466658006178431,19.480444961462833,-5.196199362554394,6.91078646927618e-4,0.021049736954590587,0.0021872840951946415,miscanthus_floridulus_15wks vs miscanthus_sacchariflorus_4x_15wks,TRUE
5769,-3.6069735654186523,19.5156641760881,-5.192843881000992,6.940430676366182e-4,0.021049736954590587,-0.0017295947384816657,miscanthus_floridulus_15wks vs miscanthus_sacchariflorus_4x_15wks,TRUE
5548,-3.711904057026725,20.072013870094377,-5.186927851837811,6.993033417800229e-4,0.021049736954590587,-0.008640125040201063,miscanthus_floridulus_15wks vs miscanthus_sacchariflorus_4x_15wks,TRUE
84,-3.9866813009344746,25.493335948193888,-5.125559268833256,7.564994940702616e-4,0.022379833050229524,-0.08067952467673312,miscanthus_floridulus_15wks vs miscanthus_sacchariflorus_4x_15wks,TRUE
2630,-4.369049777026209,21.23246677131972,-5.123493582059703,7.585111201587858e-4,0.022379833050229524,-0.08311565872748705,miscanthus_floridulus_15wks vs miscanthus_sacchariflorus_4x_15wks,TRUE
547,3.115980393956054,17.514117639154822,5.089214429311406,7.927553542628825e-4,0.022816221233461064,-0.1236494607175711,miscanthus_floridulus_15wks vs miscanthus_sacchariflorus_4x_15wks,TRUE
4769,3.532511365717909,17.39052249005694,5.085798426949689,7.962587770098703e-4,0.022816221233461064,-0.12769984384711552,miscanthus_floridulus_15wks vs miscanthus_sacchariflorus_4x_15wks,TRUE
15708,2.4248785094348584,16.739892870482688,5.0813147891521835,8.008826918760451e-4,0.022816221233461064,-0.13301918330247542,miscanthus_floridulus_15wks vs miscanthus_sacchariflorus_4x_15wks,TRUE
729,-2.5908369424527855,24.686597185047397,-5.078377904109929,8.039272582259771e-4,0.022816221233461064,-0.13650535004267894,miscanthus_floridulus_15wks vs miscanthus_sacchariflorus_4x_15wks,TRUE
2920,-3.336566615927861,19.706211949101984,-5.011012879503875,8.773272303346583e-4,0.024532206607008347,-0.21687801092566872,miscanthus_floridulus_15wks vs miscanthus_sacchariflorus_4x_15wks,TRUE
4795,-2.7236319277829075,20.49325267410505,-5.0079313237914915,8.808543983053332e-4,0.024532206607008347,-0.22057332574607535,miscanthus_floridulus_15wks vs miscanthus_sacchariflorus_4x_15wks,TRUE
2730,-3.1768024961991728,18.792903036667393,-4.963566308971086,9.333764641714027e-4,0.02569621649502026,-0.2739564480693746,miscanthus_floridulus_15wks vs miscanthus_sacchariflorus_4x_15wks,TRUE
59,-3.9758607660580125,26.748025160169465,-4.953711459520112,9.454983247009324e-4,0.02569621649502026,-0.2858606775999153,miscanthus_floridulus_15wks vs miscanthus_sacchariflorus_4x_15wks,TRUE
9689,-3.6142671910819075,18.730532748280254,-4.9467901841482025,9.541137513400722e-4,0.02569621649502026,-0.29423131554972404,miscanthus_floridulus_15wks vs miscanthus_sacchariflorus_4x_15wks,TRUE
147,-2.588861437237153,21.126892703935575,-4.944374329817584,9.571409499822981e-4,0.02569621649502026,-0.2971550166992465,miscanthus_floridulus_15wks vs miscanthus_sacchariflorus_4x_15wks,TRUE
2295,-4.448312302333914,20.6034137876792,-4.930130003119998,9.752028707245675e-4,0.025858223335363643,-0.31441422355758686,miscanthus_floridulus_15wks vs miscanthus_sacchariflorus_4x_15wks,TRUE
12687,-2.5648052827171206,18.883592979614534,-4.925983417476052,9.805299452671449e-4,0.025858223335363643,-0.31944504882322633,miscanthus_floridulus_15wks vs miscanthus_sacchariflorus_4x_15wks,TRUE
4295,-3.3397584887159972,20.46389791002742,-4.874690579077556,0.0010490979465139932,0.027017316317471486,-0.38192181224168653,miscanthus_floridulus_15wks vs miscanthus_sacchariflorus_4x_15wks,TRUE
314,-3.5550143922957176,20.952751389818225,-4.874013391347612,0.001050037241455298,0.027017316317471486,-0.38274969901808564,miscanthus_floridulus_15wks vs miscanthus_sacchariflorus_4x_15wks,TRUE
6047,-4.188226094997013,20.29465825322125,-4.8728300613341515,0.0010516807694049303,0.027017316317471486,-0.384196553729657,miscanthus_floridulus_15wks vs miscanthus_sacchariflorus_4x_15wks,TRUE
10274,-3.135666106663521,19.71640942491007,-4.858444469928722,0.0010718852722923981,0.027126180746157014,-0.4018051582100952,miscanthus_floridulus_15wks vs miscanthus_sacchariflorus_4x_15wks,TRUE
2336,-3.671164273694348,21.41228199714496,-4.856780629467947,0.0010742491138793103,0.027126180746157014,-0.4038440833605952,miscanthus_floridulus_15wks vs miscanthus_sacchariflorus_4x_15wks,TRUE
8631,-2.458188897902563,19.758394618037954,-4.850497498864737,0.0010832266808029143,0.027126180746157014,-0.4115479594475513,miscanthus_floridulus_15wks vs miscanthus_sacchariflorus_4x_15wks,TRUE
2507,-3.393431301963794,19.08361007475313,-4.762207293479335,0.0012183487008503228,0.030255659404449683,-0.5205246854211314,miscanthus_floridulus_15wks vs miscanthus_sacchariflorus_4x_15wks,TRUE
5692,2.5807551874546633,17.48894841063423,4.749007456394642,0.0012400710215650249,0.03051494014775992,-0.5369331016871701,miscanthus_floridulus_15wks vs miscanthus_sacchariflorus_4x_15wks,TRUE
2875,-3.9373710341424264,20.066094872345733,-4.743493141828755,0.0012492693617539297,0.03051494014775992,-0.5437967384354172,miscanthus_floridulus_15wks vs miscanthus_sacchariflorus_4x_15wks,TRUE
4702,-3.7917400453768195,19.69905566864807,-4.72765199974122,0.001276106528463111,0.03091705247821196,-0.5635433480016712,miscanthus_floridulus_15wks vs miscanthus_sacchariflorus_4x_15wks,TRUE
8725,-2.9231646912332643,19.866376091381856,-4.705526532257014,0.0013146385907917464,0.03159373387547906,-0.5911961677226589,miscanthus_floridulus_15wks vs miscanthus_sacchariflorus_4x_15wks,TRUE
13460,-2.650414094208635,18.250068245143602,-4.660963142065166,0.0013961178458524496,0.0332834494451224,-0.6471487805499043,miscanthus_floridulus_15wks vs miscanthus_sacchariflorus_4x_15wks,TRUE
2945,3.345508111296219,18.1074578226357,4.564863808486216,0.0015909975516809748,0.037628354793724644,-0.7689725737946427,miscanthus_floridulus_15wks vs miscanthus_sacchariflorus_4x_15wks,TRUE
585,-2.278560929148714,23.7995425865496,-4.543833719186469,0.0016374436779718893,0.038188915805315055,-0.7958436663781079,miscanthus_floridulus_15wks vs miscanthus_sacchariflorus_4x_15wks,TRUE
1502,-2.5503125092567807,22.972235533858996,-4.542548457883119,0.0016403292694900427,0.038188915805315055,-0.7974883599102016,miscanthus_floridulus_15wks vs miscanthus_sacchariflorus_4x_15wks,TRUE
9285,-3.680468946479138,19.790827757880738,-4.5347278168163,0.0016580063038016044,0.03830123089402156,-0.8075021945545346,miscanthus_floridulus_15wks vs miscanthus_sacchariflorus_4x_15wks,TRUE
4254,3.0815195465428644,17.702173062179323,4.493437989587796,0.0017548017434138566,0.04022545534902533,-0.8605445971121988,miscanthus_floridulus_15wks vs miscanthus_sacchariflorus_4x_15wks,TRUE
2764,-3.91163063750162,20.153334567037113,-4.48776518314757,0.001768569338547763,0.040231577319636135,-0.8678548385905867,miscanthus_floridulus_15wks vs miscanthus_sacchariflorus_4x_15wks,TRUE
1528,3.260177401450928,18.18754036268349,4.466060420389223,0.0018223297305286045,0.04079032896143209,-0.8958752502339209,miscanthus_floridulus_15wks vs miscanthus_sacchariflorus_4x_15wks,TRUE
2242,-2.1450548898675947,22.44239404902554,-4.461109400260222,0.0018348377796809329,0.04079032896143209,-0.9022781555288821,miscanthus_floridulus_15wks vs miscanthus_sacchariflorus_4x_15wks,TRUE
2975,-2.9095191343406235,21.31172112686145,-4.460154583675038,0.0018372606048709485,0.04079032896143209,-0.9035134515771901,miscanthus_floridulus_15wks vs miscanthus_sacchariflorus_4x_15wks,TRUE
4633,-3.716899164293892,20.32643133038157,-4.454635160967074,0.0018513336967718448,0.04079032896143209,-0.9106572561198698,miscanthus_floridulus_15wks vs miscanthus_sacchariflorus_4x_15wks,TRUE
6795,-2.895057897219619,18.803980801315603,-4.448613743475153,0.0018668192380795919,0.04079032896143209,-0.9184567022474521,miscanthus_floridulus_15wks vs miscanthus_sacchariflorus_4x_15wks,TRUE
6403,-3.52020491921607,18.048914683953257,-4.445354194883318,0.0018752600898376496,0.04079032896143209,-0.922681314443035,miscanthus_floridulus_15wks vs miscanthus_sacchariflorus_4x_15wks,TRUE
18506,-2.4170779923140095,18.298321642676978,-4.426087001661858,0.001926000613042374,0.04102820683169989,-0.9476898495232691,miscanthus_floridulus_15wks vs miscanthus_sacchariflorus_4x_15wks,TRUE
7194,2.2618506510727343,16.9937834183018,4.425934699137289,0.001926407543399871,0.04102820683169989,-0.9478877868999236,miscanthus_floridulus_15wks vs miscanthus_sacchariflorus_4x_15wks,TRUE
14541,2.175697716552566,17.170139001683992,4.425526125683942,0.0019274996498114042,0.04102820683169989,-0.9484188018442907,miscanthus_floridulus_15wks vs miscanthus_sacchariflorus_4x_15wks,TRUE
9682,2.7847486804524095,16.944346943039346,4.38928313751459,0.0020270783031331205,0.042569285730755774,-0.9956355854230319,miscanthus_floridulus_15wks vs miscanthus_sacchariflorus_4x_15wks,TRUE
6825,2.540164214930993,17.831831206706227,4.388790521472472,0.0020284693200561476,0.042569285730755774,-0.996278887984781,miscanthus_floridulus_15wks vs miscanthus_sacchariflorus_4x_15wks,TRUE
3794,-4.536861859194424,19.85250986615777,-4.381782800276934,0.002048368837800408,0.04268628766884767,-1.0054346412569535,miscanthus_floridulus_15wks vs miscanthus_sacchariflorus_4x_15wks,TRUE
268,-3.4563790974272486,21.456643350744514,-4.367913983517538,0.0020883731203446975,0.04321772151824443,-1.0235790017087858,miscanthus_floridulus_15wks vs miscanthus_sacchariflorus_4x_15wks,TRUE
279,-2.050326012137983,23.519149995469256,-4.325928895676039,0.0022146840739659997,0.04551557614081848,-1.0787047652086281,miscanthus_floridulus_15wks vs miscanthus_sacchariflorus_4x_15wks,TRUE
18829,3.0361249780276296,17.35776664981211,4.31718067413044,0.002242022455656342,0.045761828204492455,-1.0902282858957602,miscanthus_floridulus_15wks vs miscanthus_sacchariflorus_4x_15wks,TRUE
2563,-2.493304893544913,22.492927063801687,-4.291703955058773,0.0023237234216990266,0.04681587280505582,-1.1238601950648084,miscanthus_floridulus_15wks vs miscanthus_sacchariflorus_4x_15wks,TRUE
12619,-2.405348601256094,18.62519688817105,-4.286810881580706,0.0023397778782846906,0.04681587280505582,-1.1303319631151272,miscanthus_floridulus_15wks vs miscanthus_sacchariflorus_4x_15wks,TRUE
5112,2.792873956609025,17.389402162453877,4.286502511383983,0.002340793640252791,0.04681587280505582,-1.1307399591398113,miscanthus_floridulus_15wks vs miscanthus_sacchariflorus_4x_15wks,TRUE
1671,3.9097324847641417,18.331827502362067,4.263511290264665,0.0024178759225957492,0.048035134995568884,-1.161203589058264,miscanthus_floridulus_15wks vs miscanthus_sacchariflorus_4x_15wks,TRUE
13977,-2.143904166795391,18.641745183846627,-4.245487222718905,0.002480209408389131,0.04889489678931592,-1.1851470818265106,miscanthus_floridulus_15wks vs miscanthus_sacchariflorus_4x_15wks,TRUE
2245,2.5376588094140295,17.39872459475774,4.241574370960036,0.002493967889924839,0.04889489678931592,-1.1903520958597653,miscanthus_floridulus_15wks vs miscanthus_sacchariflorus_4x_15wks,TRUE
537,-2.368162764210833,24.48615552250279,-4.212021665762064,0.0026005643293733546,0.05065151438910193,-1.2297458618496675,miscanthus_floridulus_15wks vs miscanthus_sacchariflorus_4x_15wks,TRUE
1844,3.4704890901008802,18.051973266393652,4.199209009405717,0.0026482886502634108,0.05078775106194029,-1.2468698648289296,miscanthus_floridulus_15wks vs miscanthus_sacchariflorus_4x_15wks,TRUE
10655,2.4312666943686594,17.816232869373486,4.1974927038240155,0.002654752486493874,0.05078775106194029,-1.2491657415869772,miscanthus_floridulus_15wks vs miscanthus_sacchariflorus_4x_15wks,TRUE
13261,-2.547901620595745,19.135002102068185,-4.196450017420393,0.0026586876394841226,0.05078775106194029,-1.2505607640725165,miscanthus_floridulus_15wks vs miscanthus_sacchariflorus_4x_15wks,TRUE
168,-2.3336710009685184,26.284233358373267,-4.190721565448336,0.0026804189502570666,0.050876741858382535,-1.258228110935879,miscanthus_floridulus_15wks vs miscanthus_sacchariflorus_4x_15wks,TRUE
10751,-2.444613202886096,18.85704324817844,-4.185912474370027,0.0026988096148487313,0.05090159906486848,-1.26466907884625,miscanthus_floridulus_15wks vs miscanthus_sacchariflorus_4x_15wks,TRUE
2850,-3.875702713881907,21.704011648806944,-4.13916639885957,0.0028847844263017756,0.05406702887031,-1.3274744893385177,miscanthus_floridulus_15wks vs miscanthus_sacchariflorus_4x_15wks,TRUE
18522,2.090165628926492,17.8578495596396,4.116820836313182,0.002978490981641401,0.05547439453307109,-1.357622259670869,miscanthus_floridulus_15wks vs miscanthus_sacchariflorus_4x_15wks,TRUE
6421,3.4435081414685165,18.10911889524371,4.10331151101909,0.0030367188328205984,0.0559002558443822,-1.3758876732017713,miscanthus_floridulus_15wks vs miscanthus_sacchariflorus_4x_15wks,TRUE
11871,3.559197413251063,17.054093904608397,4.099981063804763,0.0030512601003978806,0.0559002558443822,-1.3803951568409145,miscanthus_floridulus_15wks vs miscanthus_sacchariflorus_4x_15wks,TRUE
124,-5.081191785896298,22.68458156093432,-4.098527155322889,0.003057631443837013,0.0559002558443822,-1.3823634610769,miscanthus_floridulus_15wks vs miscanthus_sacchariflorus_4x_15wks,TRUE
19062,2.558653500333179,17.473059259805982,4.056664899932906,0.0032473224262075163,0.05900622457377073,-1.4391820918049643,miscanthus_floridulus_15wks vs miscanthus_sacchariflorus_4x_15wks,TRUE
8343,-3.623494274888259,18.546540651204896,-4.047812638650395,0.003289024180015457,0.05940177003906705,-1.4512329071199517,miscanthus_floridulus_15wks vs miscanthus_sacchariflorus_4x_15wks,TRUE
3579,2.7855972561457953,18.20300681249864,4.014219024698807,0.0034525619557736584,0.06103304194332209,-1.4970778540535372,miscanthus_floridulus_15wks vs miscanthus_sacchariflorus_4x_15wks,TRUE
2011,-2.2031425814298196,20.62280568818408,-4.013884570789987,0.0034542331421351354,0.06103304194332209,-1.4975351772627947,miscanthus_floridulus_15wks vs miscanthus_sacchariflorus_4x_15wks,TRUE
18254,2.376601632612264,17.303029795953357,4.013884076872922,0.0034542356107596507,0.06103304194332209,-1.4975358526446323,miscanthus_floridulus_15wks vs miscanthus_sacchariflorus_4x_15wks,TRUE
1311,2.0566489208454932,23.5745672545981,4.012478214767273,0.0034612698283293403,0.06103304194332209,-1.4994583831836366,miscanthus_floridulus_15wks vs miscanthus_sacchariflorus_4x_15wks,TRUE
786,-2.505227382440328,22.991688762978857,-3.977764881208924,0.0036398999073842275,0.06346628650606848,-1.5470276310237399,miscanthus_floridulus_15wks vs miscanthus_sacchariflorus_4x_15wks,TRUE
1387,2.6723439579368495,16.850503679554848,3.9773466093605103,0.003642111356943275,0.06346628650606848,-1.5476019572642672,miscanthus_floridulus_15wks vs miscanthus_sacchariflorus_4x_15wks,TRUE
18302,2.629502483619582,17.40552499490214,3.9733799789761295,0.003663154791625429,0.06346628650606848,-1.5530498659918104,miscanthus_floridulus_15wks vs miscanthus_sacchariflorus_4x_15wks,TRUE
3697,2.311904544258475,21.65196057982144,3.9586098051815033,0.003742660545690815,0.06417723418714893,-1.5733572640685214,miscanthus_floridulus_15wks vs miscanthus_sacchariflorus_4x_15wks,TRUE
750,3.3832487030699845,20.338563280976345,3.95776536789505,0.0037472613250214473,0.06417723418714893,-1.5745192979567344,miscanthus_floridulus_15wks vs miscanthus_sacchariflorus_4x_15wks,TRUE
1702,-6.2026225290429835,20.80863884025576,-3.945745045407286,0.0038134103590470383,0.06493693068548671,-1.5910724876125526,miscanthus_floridulus_15wks vs miscanthus_sacchariflorus_4x_15wks,TRUE
120,-4.72251340219519,21.267174168866894,-3.9372856609254874,0.0038607092557731227,0.0651604691027515,-1.6027352899852385,miscanthus_floridulus_15wks vs miscanthus_sacchariflorus_4x_15wks,TRUE
17618,-2.0290452250881117,17.830866779705673,-3.9355892503194614,0.00387026947355269,0.0651604691027515,-1.6050754286390347,miscanthus_floridulus_15wks vs miscanthus_sacchariflorus_4x_15wks,TRUE
12662,2.7739121381743175,17.580598156560516,3.916539686165279,0.003979374416096807,0.06626718771193059,-1.6313839908245535,miscanthus_floridulus_15wks vs miscanthus_sacchariflorus_4x_15wks,TRUE
17896,2.263491544294485,17.508597507129405,3.9163497333648096,0.003980478724978381,0.06626718771193059,-1.6316466068634723,miscanthus_floridulus_15wks vs miscanthus_sacchariflorus_4x_15wks,TRUE
738,2.2136888207168752,17.231407908288258,3.9089273435046694,0.00402388625544884,0.06661767245131969,-1.6419126246929192,miscanthus_floridulus_15wks vs miscanthus_sacchariflorus_4x_15wks,TRUE
1731,-2.119335052953339,20.605855936268572,-3.88327242942059,0.004177847806541786,0.06852002167174272,-1.6774609264224782,miscanthus_floridulus_15wks vs miscanthus_sacchariflorus_4x_15wks,TRUE
2792,-3.0473913769844145,20.287928747057048,-3.8812571365313104,0.004190205093277795,0.06852002167174272,-1.680257611753892,miscanthus_floridulus_15wks vs miscanthus_sacchariflorus_4x_15wks,TRUE
2716,-2.8315496470016654,21.814184153314564,-3.8784029137085865,0.0042077731429291665,0.06852002167174272,-1.6842195567081406,miscanthus_floridulus_15wks vs miscanthus_sacchariflorus_4x_15wks,TRUE
2897,-4.086013241753367,19.797092513431764,-3.8519462761243264,0.004374399390813207,0.07012482700758194,-1.721002372019564,miscanthus_floridulus_15wks vs miscanthus_sacchariflorus_4x_15wks,TRUE
14445,-2.892260007911677,18.573795975864147,-3.851536316306143,0.004377035959003766,0.07012482700758194,-1.7215731675932808,miscanthus_floridulus_15wks vs miscanthus_sacchariflorus_4x_15wks,TRUE
2025,-3.2744302962779095,20.540983869075273,-3.8492796844669757,0.004391579308725835,0.07012482700758194,-1.7247155726859562,miscanthus_floridulus_15wks vs miscanthus_sacchariflorus_4x_15wks,TRUE
3283,-4.183683567681438,19.688846833328824,-3.8479070716003223,0.004400450553831484,0.07012482700758194,-1.7266273357134816,miscanthus_floridulus_15wks vs miscanthus_sacchariflorus_4x_15wks,TRUE
2079,-3.750076250986943,21.56175838874985,-3.8173741944753754,0.004602795855791005,0.07230122901153342,-1.7692257010243146,miscanthus_floridulus_15wks vs miscanthus_sacchariflorus_4x_15wks,TRUE
2300,2.970038413222639,16.962493708108003,3.8171135262805924,0.004604565351308374,0.07230122901153342,-1.7695899702856943,miscanthus_floridulus_15wks vs miscanthus_sacchariflorus_4x_15wks,TRUE
2655,-3.0553304902888208,20.133543014848364,-3.816341565295049,0.0046098099034199164,0.07230122901153342,-1.770668801486564,miscanthus_floridulus_15wks vs miscanthus_sacchariflorus_4x_15wks,TRUE
4441,-2.497548574540737,20.96075012641926,-3.809892494026581,0.004653872615056201,0.07261015912496062,-1.779684940701828,miscanthus_floridulus_15wks vs miscanthus_sacchariflorus_4x_15wks,TRUE
12497,-2.598172996820395,18.616785754795956,-3.792769461379159,0.004773051159317745,0.07408173153524417,-1.8036534732759044,miscanthus_floridulus_15wks vs miscanthus_sacchariflorus_4x_15wks,TRUE
861,-5.068606680683601,21.084072506359806,-3.786717071312026,0.004815948975744218,0.07436024843377081,-1.8121357638767792,miscanthus_floridulus_15wks vs miscanthus_sacchariflorus_4x_15wks,TRUE
5297,-2.7540143218658564,21.288395402771886,-3.768434710574568,0.004948035745716716,0.07600590990843203,-1.8377904294037242,miscanthus_floridulus_15wks vs miscanthus_sacchariflorus_4x_15wks,TRUE
1486,-2.0118997368583784,22.162170218376502,-3.7562461215620235,0.0050382303351022666,0.0766549313673775,-1.85492088437823,miscanthus_floridulus_15wks vs miscanthus_sacchariflorus_4x_15wks,TRUE
2142,5.266957836497717,18.404037369453295,3.7513800780861803,0.005074724849075865,0.0766549313673775,-1.8617658355690043,miscanthus_floridulus_15wks vs miscanthus_sacchariflorus_4x_15wks,TRUE
10511,2.684363226632172,17.495178094452353,3.75135518526812,0.005074912260994937,0.0766549313673775,-1.8618008604571656,miscanthus_floridulus_15wks vs miscanthus_sacchariflorus_4x_15wks,TRUE
1944,-2.123002066743563,23.392317915842188,-3.748933461265391,0.005093180003604277,0.0766549313673775,-1.865208718174661,miscanthus_floridulus_15wks vs miscanthus_sacchariflorus_4x_15wks,TRUE
2582,-4.068908822923291,21.613489541541398,-3.7173160166371635,0.0053381895865388,0.07993871843158605,-1.9097776062261378,miscanthus_floridulus_15wks vs miscanthus_sacchariflorus_4x_15wks,TRUE
10083,2.4880971899487,17.067104089285483,3.7034207466100937,0.0054497941499744304,0.08120193283461902,-1.9294095295637224,miscanthus_floridulus_15wks vs miscanthus_sacchariflorus_4x_15wks,TRUE
8179,2.148112798529983,17.093298393327334,3.6954571220318657,0.005514869793819908,0.08176274619693197,-1.9406731384489362,miscanthus_floridulus_15wks vs miscanthus_sacchariflorus_4x_15wks,TRUE
15140,-2.3570798615600452,18.062801135910505,-3.681998536223614,0.005626727717244874,0.08300816137321647,-1.9597288199360214,miscanthus_floridulus_15wks vs miscanthus_sacchariflorus_4x_15wks,TRUE
105,-2.859067521115346,21.44982849347894,-3.6698044534475374,0.005730153273726918,0.0837833101108117,-1.9770158008024534,miscanthus_floridulus_15wks vs miscanthus_sacchariflorus_4x_15wks,TRUE
6338,2.995849169100353,18.845395701336493,3.66918021104084,0.0057355017659750296,0.0837833101108117,-1.9779013120348123,miscanthus_floridulus_15wks vs miscanthus_sacchariflorus_4x_15wks,TRUE
163,-5.369602515335526,23.330846347491356,-3.6557063792584885,0.005852243484343789,0.08507163699192435,-1.997027488479894,miscanthus_floridulus_15wks vs miscanthus_sacchariflorus_4x_15wks,TRUE
1915,1.8218656307819607,23.165505730405627,3.645899590825517,0.00593879377738215,0.08591070609999421,-2.0109638834223045,miscanthus_floridulus_15wks vs miscanthus_sacchariflorus_4x_15wks,TRUE
7861,-3.4491381872341833,19.174501831805394,-3.6211440549596206,0.006163358650345062,0.08872854482139268,-2.0462018560737283,miscanthus_floridulus_15wks vs miscanthus_sacchariflorus_4x_15wks,TRUE
12275,-3.0021602568646824,17.684273690820916,-3.5841521147715873,0.006515818096334729,0.09335162464941102,-2.099010180744278,miscanthus_floridulus_15wks vs miscanthus_sacchariflorus_4x_15wks,TRUE
8112,-2.848372826019773,19.068502727360595,-3.569802147052919,0.006658226298720736,0.094935475455444,-2.119544121429403,miscanthus_floridulus_15wks vs miscanthus_sacchariflorus_4x_15wks,TRUE
11225,2.0427018738884826,17.23440185127325,3.5591571296744404,0.006765989513965507,0.0960126131029391,-2.134793770967332,miscanthus_floridulus_15wks vs miscanthus_sacchariflorus_4x_15wks,TRUE
4677,-2.076820427212695,20.776542707993215,-3.5341262489873433,0.007026709133533135,0.09923977828402247,-2.1707093841810985,miscanthus_floridulus_15wks vs miscanthus_sacchariflorus_4x_15wks,TRUE
174,-3.2331279478234585,24.84868408271977,-3.5279562030560716,0.007092591308400652,0.0996977457501601,-2.1795747267312358,miscanthus_floridulus_15wks vs miscanthus_sacchariflorus_4x_15wks,TRUE
6831,2.776868844899955,17.877396620838223,3.511161078832537,0.007275248522126233,0.10178516711707124,-2.2037308057944753,miscanthus_floridulus_15wks vs miscanthus_sacchariflorus_4x_15wks,TRUE
3607,-2.501990640553819,17.100223805134753,-3.502670411333489,0.007369471781029984,0.10198585601538239,-2.215956149032458,miscanthus_floridulus_15wks vs miscanthus_sacchariflorus_4x_15wks,TRUE
7172,-3.8244040954159217,19.241488945093018,-3.499103681029776,0.007409435785797345,0.10198585601538239,-2.2210943925119264,miscanthus_floridulus_15wks vs miscanthus_sacchariflorus_4x_15wks,TRUE
9851,2.8865201677965864,16.85634169467847,3.497961721877448,0.007422279290833489,0.10198585601538239,-2.222739834565688,miscanthus_floridulus_15wks vs miscanthus_sacchariflorus_4x_15wks,TRUE
6109,3.6985164140999593,18.102568412648708,3.4975880683794003,0.007426486830650328,0.10198585601538239,-2.223278264549413,miscanthus_floridulus_15wks vs miscanthus_sacchariflorus_4x_15wks,TRUE
641,-3.1466925128783636,21.21581499558164,-3.4926220784796866,0.007482645960229514,0.10228571083249519,-2.230435825452656,miscanthus_floridulus_15wks vs miscanthus_sacchariflorus_4x_15wks,TRUE
6229,-3.4937721944600497,19.281415965029474,-3.476847066337677,0.0076640302502127555,0.10395842592351992,-2.2531926318263698,miscanthus_floridulus_15wks vs miscanthus_sacchariflorus_4x_15wks,TRUE
8000,-3.1304690858905566,19.078443985562107,-3.4759242753937856,0.007674783121870599,0.10395842592351992,-2.254524774708431,miscanthus_floridulus_15wks vs miscanthus_sacchariflorus_4x_15wks,TRUE
1418,-1.8249266541889497,23.16068676400059,-3.4663496653086967,0.007787294392726818,0.10500514611007203,-2.268352776607663,miscanthus_floridulus_15wks vs miscanthus_sacchariflorus_4x_15wks,TRUE
5369,-1.7655958531487421,17.508809906054033,-3.4558017427240566,0.007913256857918405,0.10622299746214797,-2.2835992289726286,miscanthus_floridulus_15wks vs miscanthus_sacchariflorus_4x_15wks,TRUE
6928,-2.1281027026171344,20.42621493622109,-3.4506243094792137,0.007975868657798013,0.10658335695174026,-2.2910877886849312,miscanthus_floridulus_15wks vs miscanthus_sacchariflorus_4x_15wks,TRUE
5463,2.93433300083759,21.025572746223386,3.428341278244851,0.008251353793901888,0.10971235564191055,-2.3233537572824736,miscanthus_floridulus_15wks vs miscanthus_sacchariflorus_4x_15wks,TRUE
13507,3.006544411004942,17.27513041125977,3.4257802733974048,0.008283651013231502,0.10971235564191055,-2.327065833411602,miscanthus_floridulus_15wks vs miscanthus_sacchariflorus_4x_15wks,TRUE
670,-1.8018642531015594,24.28454174659721,-3.3967745674147305,0.008658867342161062,0.11228609231697063,-2.369161224645711,miscanthus_floridulus_15wks vs miscanthus_sacchariflorus_4x_15wks,TRUE
4036,4.100885404054328,17.861415764895085,3.3962135848292276,0.008666297891289258,0.11228609231697063,-2.369976313631669,miscanthus_floridulus_15wks vs miscanthus_sacchariflorus_4x_15wks,TRUE
7791,1.8300039610451329,17.621389930551256,3.3957705990148623,0.00867217023781943,0.11228609231697063,-2.37061998238418,miscanthus_floridulus_15wks vs miscanthus_sacchariflorus_4x_15wks,TRUE
644,2.4861272988817547,17.14176818829293,3.394803021615953,0.008685011267001087,0.11228609231697063,-2.3720259720822012,miscanthus_floridulus_15wks vs miscanthus_sacchariflorus_4x_15wks,TRUE
8417,2.4907579590464373,17.374354056081383,3.393665856730277,0.008700128491706843,0.11228609231697063,-2.373678524976539,miscanthus_floridulus_15wks vs miscanthus_sacchariflorus_4x_15wks,TRUE
13064,1.7218996247918916,16.90287308736861,3.3933707458516817,0.008704056149402757,0.11228609231697063,-2.3741074104025817,miscanthus_floridulus_15wks vs miscanthus_sacchariflorus_4x_15wks,TRUE
1045,-1.6279164023794728,22.563921502823572,-3.3835685913380087,0.008835578273953816,0.1134914795533723,-2.388358470037863,miscanthus_floridulus_15wks vs miscanthus_sacchariflorus_4x_15wks,TRUE
830,-1.7165734812060656,24.786047258914383,-3.377172929010004,0.008922517411010366,0.11411631710219267,-2.3976627236050443,miscanthus_floridulus_15wks vs miscanthus_sacchariflorus_4x_15wks,TRUE
310,3.282330047049779,17.990450283657882,3.3704583016559426,0.009014759816634126,0.11480335151098159,-2.4074358840240246,miscanthus_floridulus_15wks vs miscanthus_sacchariflorus_4x_15wks,TRUE
17435,2.4204141629797995,17.496402591595473,3.3585598949539093,0.009180682176333724,0.11641886334244467,-2.4247662367918768,miscanthus_floridulus_15wks vs miscanthus_sacchariflorus_4x_15wks,TRUE
129,-1.5977345482978649,22.323839949646448,-3.340770341885358,0.009434760075065505,0.1191338348461661,-2.4507059054657256,miscanthus_floridulus_15wks vs miscanthus_sacchariflorus_4x_15wks,TRUE
3301,-2.6447215578972525,19.581773880960565,-3.3379402677603265,0.009475855751919665,0.11914789088911647,-2.4548356867086762,miscanthus_floridulus_15wks vs miscanthus_sacchariflorus_4x_15wks,TRUE
12507,1.8129313931944289,16.674100927258387,3.327730612026554,0.009625677906675557,0.12049298086236465,-2.469741185399801,miscanthus_floridulus_15wks vs miscanthus_sacchariflorus_4x_15wks,TRUE
119,-4.576398663406636,19.610749449885116,-3.325166175980523,0.009663698800706427,0.12049298086236465,-2.473486842524514,miscanthus_floridulus_15wks vs miscanthus_sacchariflorus_4x_15wks,TRUE
14773,-2.2394643045441605,18.23520434543443,-3.320204060402614,0.009737715992631898,0.1209099735751794,-2.4807365499513505,miscanthus_floridulus_15wks vs miscanthus_sacchariflorus_4x_15wks,TRUE
3709,-3.073062957925398,20.99646806382901,-3.3143814893930195,0.00982532655371301,0.1214915897513061,-2.4892466723670252,miscanthus_floridulus_15wks vs miscanthus_sacchariflorus_4x_15wks,TRUE
7233,-2.674829474788151,19.24288364241926,-3.3088132473439145,0.009909883285468376,0.12203079417642876,-2.4973883663657324,miscanthus_floridulus_15wks vs miscanthus_sacchariflorus_4x_15wks,TRUE
6859,-1.6603132499379285,20.1221234162089,-3.2959558651703773,0.010108055522389043,0.12395887019226069,-2.5162001758842507,miscanthus_floridulus_15wks vs miscanthus_sacchariflorus_4x_15wks,TRUE
1768,3.882884711444685,18.227917593952387,3.2854522033572686,0.010273028938031276,0.12546568129234917,-2.5315807011202454,miscanthus_floridulus_15wks vs miscanthus_sacchariflorus_4x_15wks,TRUE
21710,2.0738730945728996,17.06325742652167,3.2790418389932103,0.010375095023502139,0.1257751634772541,-2.5409728527983697,miscanthus_floridulus_15wks vs miscanthus_sacchariflorus_4x_15wks,TRUE
245,-1.656374717034815,25.610450510155882,-3.278561729597765,0.010382781951478022,0.1257751634772541,-2.541676450568693,miscanthus_floridulus_15wks vs miscanthus_sacchariflorus_4x_15wks,TRUE
7170,-2.8099122505108376,19.554842851265736,-3.2647110944731317,0.010607127232144895,0.127972628144906,-2.561984298407524,miscanthus_floridulus_15wks vs miscanthus_sacchariflorus_4x_15wks,TRUE
16796,2.095439898326852,17.526255376650614,3.2600538612193244,0.010683697317795494,0.12837668551222003,-2.5688169777916774,miscanthus_floridulus_15wks vs miscanthus_sacchariflorus_4x_15wks,TRUE
7356,2.660152288190929,17.96372346045317,3.2523564703395524,0.010811521012786934,0.1293908940486147,-2.580114519281791,miscanthus_floridulus_15wks vs miscanthus_sacchariflorus_4x_15wks,TRUE
15679,2.4590970499817715,17.230878668570263,3.2471516332170753,0.01089885864478359,0.1299143950458204,-2.587756945573495,miscanthus_floridulus_15wks vs miscanthus_sacchariflorus_4x_15wks,TRUE
1458,-5.077593226195848,19.94897249037127,-3.226417970554809,0.011254159098984107,0.13361511599590692,-2.6182263313090077,miscanthus_floridulus_15wks vs miscanthus_sacchariflorus_4x_15wks,TRUE
5030,-1.6939750508356575,22.44590364783813,-3.21946962108989,0.011375919296827788,0.13426950825782946,-2.6284463369046938,miscanthus_floridulus_15wks vs miscanthus_sacchariflorus_4x_15wks,TRUE
2137,2.06801486168159,17.178644724176028,3.2181391140052957,0.011399391137325791,0.13426950825782946,-2.6304038254824844,miscanthus_floridulus_15wks vs miscanthus_sacchariflorus_4x_15wks,TRUE
4040,4.487375196357789,18.567628592781354,3.2121944471141513,0.011504882112513293,0.13497853817043157,-2.6391518055517857,miscanthus_floridulus_15wks vs miscanthus_sacchariflorus_4x_15wks,TRUE
7336,-2.0018136889290865,19.602659685584477,-3.193924240005673,0.011835522483470346,0.1383131647087907,-2.666057635048681,miscanthus_floridulus_15wks vs miscanthus_sacchariflorus_4x_15wks,TRUE
4460,1.9293382031922306,17.785492725539005,3.1898748168029822,0.011910139369903015,0.13864146610277728,-2.672025088865308,miscanthus_floridulus_15wks vs miscanthus_sacchariflorus_4x_15wks,TRUE
8675,-2.632538324560361,18.579515618347482,-3.1798705041014768,0.012096595821293058,0.1402640293675226,-2.6867741533895275,miscanthus_floridulus_15wks vs miscanthus_sacchariflorus_4x_15wks,TRUE
7354,2.630653846588192,17.14541038684474,3.1603872506521697,0.012468505910058027,0.14362548941162426,-2.715522451208602,miscanthus_floridulus_15wks vs miscanthus_sacchariflorus_4x_15wks,TRUE
12040,2.220642826938416,17.50555082734711,3.1596461082229426,0.012482886495842511,0.14362548941162426,-2.7166166697137166,miscanthus_floridulus_15wks vs miscanthus_sacchariflorus_4x_15wks,TRUE
1934,-2.213784970716546,18.53042361071754,-3.1498363983987483,0.012674863476043213,0.14498921744073742,-2.7311039743311434,miscanthus_floridulus_15wks vs miscanthus_sacchariflorus_4x_15wks,TRUE
2606,-1.9355458696965862,21.524210633729858,-3.1486281915928473,0.012698720051017605,0.14498921744073742,-2.732888844048691,miscanthus_floridulus_15wks vs miscanthus_sacchariflorus_4x_15wks,TRUE
7198,2.4088379629910435,17.31734042526306,3.1383311379403027,0.012903947459874065,0.14515947637009421,-2.74810539308243,miscanthus_floridulus_15wks vs miscanthus_sacchariflorus_4x_15wks,TRUE
11040,-3.4212381658035333,18.713333656055603,-3.1383045657387147,0.012904481507279715,0.14515947637009421,-2.748144671468095,miscanthus_floridulus_15wks vs miscanthus_sacchariflorus_4x_15wks,TRUE
2746,-2.4207651590524506,22.112433025586274,-3.1374640881770715,0.01292138528380218,0.14515947637009421,-2.7493870743955418,miscanthus_floridulus_15wks vs miscanthus_sacchariflorus_4x_15wks,TRUE
1341,-1.7734646812525021,23.582406842431045,-3.1368783749622184,0.012933178841464988,0.14515947637009421,-2.750252915524021,miscanthus_floridulus_15wks vs miscanthus_sacchariflorus_4x_15wks,TRUE
2431,2.895796014794584,17.212878524262138,3.135687696727904,0.012957188159209753,0.14515947637009421,-2.7520131420124896,miscanthus_floridulus_15wks vs miscanthus_sacchariflorus_4x_15wks,TRUE
6159,3.3737180285007895,17.426225627451856,3.1278592467652944,0.01311620396179284,0.14639059103424218,-2.7635890652645547,miscanthus_floridulus_15wks vs miscanthus_sacchariflorus_4x_15wks,TRUE
862,-1.625562088134135,25.85624271685696,-3.1250735103026424,0.013173278224881091,0.1464789892169614,-2.7677095031182897,miscanthus_floridulus_15wks vs miscanthus_sacchariflorus_4x_15wks,TRUE
7490,-3.1481508375411167,18.840913370181088,-3.110969910282709,0.013466225142914796,0.1488241219634321,-2.7885797072917677,miscanthus_floridulus_15wks vs miscanthus_sacchariflorus_4x_15wks,TRUE
1749,-1.61800090742965,22.35726513805969,-3.1088537038816906,0.013510762272947901,0.1488241219634321,-2.7917125465293386,miscanthus_floridulus_15wks vs miscanthus_sacchariflorus_4x_15wks,TRUE
7641,2.47963003637188,18.21975841131687,3.107752157683553,0.013534005722177885,0.1488241219634321,-2.793343414336189,miscanthus_floridulus_15wks vs miscanthus_sacchariflorus_4x_15wks,TRUE
6146,2.3712804298474133,17.087506876400223,3.0622893998385954,0.014530477508947927,0.15919420212009125,-2.8607302191491915,miscanthus_floridulus_15wks vs miscanthus_sacchariflorus_4x_15wks,TRUE
1522,-1.6687674309452731,22.86697208387757,-3.0503071278505933,0.014805591176910457,0.161614145447594,-2.8785151614631452,miscanthus_floridulus_15wks vs miscanthus_sacchariflorus_4x_15wks,TRUE
10176,2.1295909602102903,17.115096909875202,3.0458900085123806,0.014908366957587118,0.16214209318835623,-2.8850738053363427,miscanthus_floridulus_15wks vs miscanthus_sacchariflorus_4x_15wks,TRUE
6479,3.5406322382619813,18.91980047715861,3.0409443017405686,0.015024320275277687,0.16280899789210002,-2.892418841804677,miscanthus_floridulus_15wks vs miscanthus_sacchariflorus_4x_15wks,TRUE
4864,-3.2553555770575997,18.42805293099746,-3.0331076368546683,0.015209971355503877,0.164013590264493,-2.904060608283813,miscanthus_floridulus_15wks vs miscanthus_sacchariflorus_4x_15wks,TRUE
116,-1.6796187504295403,27.084059108352445,-3.0313906540360374,0.015250963451306172,0.164013590264493,-2.90661180309862,miscanthus_floridulus_15wks vs miscanthus_sacchariflorus_4x_15wks,TRUE
375,-3.027010777675841,22.181079656353823,-3.027032517858049,0.015355526761955552,0.164013590264493,-2.9130882238446185,miscanthus_floridulus_15wks vs miscanthus_sacchariflorus_4x_15wks,TRUE
8248,-3.3070988733629,18.862385767993604,-3.0270280311020286,0.015355634793219311,0.164013590264493,-2.9130948920217676,miscanthus_floridulus_15wks vs miscanthus_sacchariflorus_4x_15wks,TRUE
3435,-2.9635324726049426,20.77775014042125,-3.021582264177427,0.01548733932256355,0.16482953993299776,-2.921189275564831,miscanthus_floridulus_15wks vs miscanthus_sacchariflorus_4x_15wks,TRUE
7988,3.761046566898635,18.388232009940648,3.0168846843077977,0.01560188927877443,0.16493531607579892,-2.9281730661287004,miscanthus_floridulus_15wks vs miscanthus_sacchariflorus_4x_15wks,TRUE
2327,4.574345830783077,18.207850278868097,3.016636202622168,0.015607972863548755,0.16493531607579892,-2.9285425164109173,miscanthus_floridulus_15wks vs miscanthus_sacchariflorus_4x_15wks,TRUE
21821,1.6318430311910852,16.974113841226515,3.011538978534836,0.015733312010281976,0.16567233141569007,-2.936122060570918,miscanthus_floridulus_15wks vs miscanthus_sacchariflorus_4x_15wks,TRUE
19383,2.202646498784919,16.975788517521277,3.003237580565836,0.01593967658156631,0.1671237009760933,-2.9484695520468094,miscanthus_floridulus_15wks vs miscanthus_sacchariflorus_4x_15wks,TRUE
8444,2.264887880565496,16.980902445299073,3.0014967204197527,0.015983306972545835,0.1671237009760933,-2.95105942616275,miscanthus_floridulus_15wks vs miscanthus_sacchariflorus_4x_15wks,TRUE
4830,2.8009105376390018,18.05906270374695,2.9961160232113686,0.016118944149418585,0.16795263484359224,-2.9590654023533545,miscanthus_floridulus_15wks vs miscanthus_sacchariflorus_4x_15wks,TRUE
599,2.8211986278994488,19.27258249489074,2.9848713546591097,0.01640626040211716,0.16872204949813333,-2.9758018063358076,miscanthus_floridulus_15wks vs miscanthus_sacchariflorus_4x_15wks,TRUE
4584,3.7853851876551126,18.86523283937474,2.984288910278994,0.016421286185003672,0.16872204949813333,-2.9766689032366895,miscanthus_floridulus_15wks vs miscanthus_sacchariflorus_4x_15wks,TRUE
2620,1.9674916064456731,22.77233392621552,2.9840848087052856,0.01642655492371457,0.16872204949813333,-2.9769727579265606,miscanthus_floridulus_15wks vs miscanthus_sacchariflorus_4x_15wks,TRUE
305,-1.8336820888445935,24.066550827629527,-2.983203779472466,0.016449318146278424,0.16872204949813333,-2.978284410286864,miscanthus_floridulus_15wks vs miscanthus_sacchariflorus_4x_15wks,TRUE
3815,2.476392287620797,17.496945709820956,2.9821773983247906,0.016475877987904966,0.16872204949813333,-2.979812513150975,miscanthus_floridulus_15wks vs miscanthus_sacchariflorus_4x_15wks,TRUE
19811,2.4516729516567324,17.396326266930974,2.9750018949958177,0.01666280290240623,0.16971427709628784,-2.990497212152804,miscanthus_floridulus_15wks vs miscanthus_sacchariflorus_4x_15wks,TRUE
19953,1.818957846958611,17.376115855045025,2.9740916196669662,0.01668667221114508,0.16971427709628784,-2.9918528607288115,miscanthus_floridulus_15wks vs miscanthus_sacchariflorus_4x_15wks,TRUE
6315,3.306140795882328,17.756044033450863,2.97049459856821,0.01678133994384713,0.17009657494103553,-2.997210244975221,miscanthus_floridulus_15wks vs miscanthus_sacchariflorus_4x_15wks,TRUE
3638,2.5591900559880436,17.490032327956857,2.963514552392098,0.01696663056134945,0.17139172567058086,-3.0076082558818547,miscanthus_floridulus_15wks vs miscanthus_sacchariflorus_4x_15wks,TRUE
3156,2.4373812242222606,16.820639988728523,2.9606025988301847,0.017044554395332045,0.17159720303408615,-3.0119468806968315,miscanthus_floridulus_15wks vs miscanthus_sacchariflorus_4x_15wks,TRUE
4850,2.437318910172774,17.031257581617748,2.957501776145049,0.017127939004658137,0.17172194318455009,-3.016567390568248,miscanthus_floridulus_15wks vs miscanthus_sacchariflorus_4x_15wks,TRUE
3933,-4.229591784529131,19.6774140216485,-2.9558623832504765,0.017172194318455007,0.17172194318455009,-3.019010435348796,miscanthus_floridulus_15wks vs miscanthus_sacchariflorus_4x_15wks,TRUE
156,2.9923552434866743,17.002319690277183,2.95369790935139,0.01723080516100175,0.17173177050095387,-3.022236172057861,miscanthus_floridulus_15wks vs miscanthus_sacchariflorus_4x_15wks,TRUE
4468,-1.7191715560741514,18.049476846307964,-2.9502066285201543,0.017325779836559207,0.17210274637648812,-3.027439759893086,miscanthus_floridulus_15wks vs miscanthus_sacchariflorus_4x_15wks,TRUE
22197,-1.4711797241211464,16.903708515535733,-2.9462673774699843,0.017433590231833163,0.17259833518559078,-3.0333117553916025,miscanthus_floridulus_15wks vs miscanthus_sacchariflorus_4x_15wks,TRUE
2749,3.0551210569207115,17.69947067628174,2.9440522781541407,0.017494517661979594,0.1726280219625801,-3.036614001329864,miscanthus_floridulus_15wks vs miscanthus_sacchariflorus_4x_15wks,TRUE
4541,-1.7121270752278086,21.721898088664478,-2.9394699194221334,0.017621256530419526,0.1733047671968653,-3.0434460888389037,miscanthus_floridulus_15wks vs miscanthus_sacchariflorus_4x_15wks,TRUE
17788,2.175141892620335,16.633481193723888,2.935345199925601,0.017736148492823324,0.1738609293046497,-3.049596718088952,miscanthus_floridulus_15wks vs miscanthus_sacchariflorus_4x_15wks,TRUE
19608,1.6713699623900844,17.126228652417304,2.9322605405685547,0.01782257519047929,0.174135324811896,-3.0541969732119005,miscanthus_floridulus_15wks vs miscanthus_sacchariflorus_4x_15wks,TRUE
186,4.945991337614391,20.294028302450418,2.930119705966063,0.017882812959155538,0.17415288437347548,-3.0573899320320184,miscanthus_floridulus_15wks vs miscanthus_sacchariflorus_4x_15wks,TRUE
15116,2.6060209581772327,17.333837599721175,2.9278497750061896,0.017946912663869913,0.1742078167372389,-3.060775663528775,miscanthus_floridulus_15wks vs miscanthus_sacchariflorus_4x_15wks,TRUE
8685,2.2787886119505174,17.64642503200397,2.925661533498335,0.018008929978425924,0.17424224459645862,-3.0640397738905456,miscanthus_floridulus_15wks vs miscanthus_sacchariflorus_4x_15wks,TRUE
7666,1.9125045611945062,16.7380316717485,2.920355114489426,0.018160239764163998,0.17484130813609983,-3.0719560406044173,miscanthus_floridulus_15wks vs miscanthus_sacchariflorus_4x_15wks,TRUE
20167,2.3508486541267786,17.070273724729503,2.9193799015122117,0.018188189772547297,0.17484130813609983,-3.07341102783964,miscanthus_floridulus_15wks vs miscanthus_sacchariflorus_4x_15wks,TRUE
13293,-1.5457230720845274,18.012729822675844,-2.912747952351134,0.01837944447736289,0.17611171878630677,-3.0833067947332857,miscanthus_floridulus_15wks vs miscanthus_sacchariflorus_4x_15wks,TRUE
5362,2.2524708964552858,17.58280506745573,2.906172177865197,0.018571126786528808,0.1773089524169642,-3.0931206075230815,miscanthus_floridulus_15wks vs miscanthus_sacchariflorus_4x_15wks,TRUE
1962,-1.5441998648678705,21.266032484693355,-2.902781060273945,0.018670781121733624,0.1773089524169642,-3.0981822855031473,miscanthus_floridulus_15wks vs miscanthus_sacchariflorus_4x_15wks,TRUE
17074,2.131455014948113,17.286095930792747,2.9017579051524773,0.018700956533065256,0.1773089524169642,-3.0997095688882657,miscanthus_floridulus_15wks vs miscanthus_sacchariflorus_4x_15wks,TRUE
4766,2.3726546973165448,17.239498473247597,2.9003558168734727,0.018742389265551586,0.1773089524169642,-3.1018025625957426,miscanthus_floridulus_15wks vs miscanthus_sacchariflorus_4x_15wks,TRUE
138,-1.5969181284163128,25.00977702447963,-2.89834133278146,0.01880208436708119,0.17731079561361374,-3.104809861378386,miscanthus_floridulus_15wks vs miscanthus_sacchariflorus_4x_15wks,TRUE
3912,3.2651559248557795,17.00409412363844,2.894681969354327,0.018911023649925578,0.17744197440096882,-3.1102731155577703,miscanthus_floridulus_15wks vs miscanthus_sacchariflorus_4x_15wks,TRUE
1647,-3.9498871140367733,20.306085121702075,-2.893876716923207,0.018935083174331572,0.17744197440096882,-3.1114753902502725,miscanthus_floridulus_15wks vs miscanthus_sacchariflorus_4x_15wks,TRUE
185,-5.382226071082464,20.973225355786514,-2.8891723546161545,0.01907627268676804,0.17762584044708554,-3.1184997021456256,miscanthus_floridulus_15wks vs miscanthus_sacchariflorus_4x_15wks,TRUE
5009,2.025488622886673,19.1174520528811,2.8869384291337696,0.019143697491854954,0.17762584044708554,-3.1218355843132857,miscanthus_floridulus_15wks vs miscanthus_sacchariflorus_4x_15wks,TRUE
2402,1.5127002411213475,23.01681174743586,2.8841193457933065,0.019229133994203375,0.17762584044708554,-3.126045543358465,miscanthus_floridulus_15wks vs miscanthus_sacchariflorus_4x_15wks,TRUE
56,-2.3551608153723933,19.665598425785667,-2.8835593850786196,0.01924615111128195,0.17762584044708554,-3.1268818123970594,miscanthus_floridulus_15wks vs miscanthus_sacchariflorus_4x_15wks,TRUE
16458,-1.911545560518693,18.018632534052276,-2.883342916445057,0.0192527337128888,0.17762584044708554,-3.1272050989644193,miscanthus_floridulus_15wks vs miscanthus_sacchariflorus_4x_15wks,TRUE
6386,-1.631872451667558,20.530021735563206,-2.875390586752632,0.019496169610538294,0.17931662172655594,-3.1390827576901965,miscanthus_floridulus_15wks vs miscanthus_sacchariflorus_4x_15wks,TRUE
20619,2.0831988080751387,17.317555886517837,2.8708326471059156,0.01963712264442317,0.18005730917040322,-3.1458915576646347,miscanthus_floridulus_15wks vs miscanthus_sacchariflorus_4x_15wks,TRUE
5352,3.0248978090723213,18.006026591598875,2.8686651355646093,0.01970451976793899,0.18012107027134414,-3.1491297133076945,miscanthus_floridulus_15wks vs miscanthus_sacchariflorus_4x_15wks,TRUE
4984,2.045582118774753,17.960822205767563,2.8656822170727265,0.019797660617339796,0.18041904782774493,-3.153586311435309,miscanthus_floridulus_15wks vs miscanthus_sacchariflorus_4x_15wks,TRUE
12288,2.36839057774138,17.665862794474787,2.8566948033381934,0.02008103703849934,0.18188269916757557,-3.167015665669293,miscanthus_floridulus_15wks vs miscanthus_sacchariflorus_4x_15wks,TRUE
3584,-4.096563375839548,19.09584176322658,-2.8548227626219105,0.020140586103424625,0.18188269916757557,-3.169813275417613,miscanthus_floridulus_15wks vs miscanthus_sacchariflorus_4x_15wks,TRUE
20964,1.5945128323581734,17.081113167591127,2.8547980716860804,0.020141372726610717,0.18188269916757557,-3.169850174722049,miscanthus_floridulus_15wks vs miscanthus_sacchariflorus_4x_15wks,TRUE
6999,1.8961153761119043,16.972164646012818,2.8509963334659507,0.02026286904660789,0.18242703854650005,-3.1755319015867305,miscanthus_floridulus_15wks vs miscanthus_sacchariflorus_4x_15wks,TRUE
3896,-1.6218310950001644,20.072612160860725,-2.842794747878338,0.020527547910282315,0.18425329148385933,-3.1877907451133733,miscanthus_floridulus_15wks vs miscanthus_sacchariflorus_4x_15wks,TRUE
4008,-3.9500247856309123,19.57054416144963,-2.8356285747403347,0.02076171916643843,0.18579556491287244,-3.19850358562791,miscanthus_floridulus_15wks vs miscanthus_sacchariflorus_4x_15wks,TRUE
20,2.1427810935044747,25.440451849031824,2.833654607585264,0.020826703807724008,0.18581909385334597,-3.2014547592507108,miscanthus_floridulus_15wks vs miscanthus_sacchariflorus_4x_15wks,TRUE
392,-1.7091626870745955,25.540701697059937,-2.8289661766568717,0.020981889311160153,0.1864383774666364,-3.208464610173315,miscanthus_floridulus_15wks vs miscanthus_sacchariflorus_4x_15wks,TRUE
17681,2.261162384107976,17.248864651821123,2.827308594037582,0.021037038369455075,0.1864383774666364,-3.210943065452184,miscanthus_floridulus_15wks vs miscanthus_sacchariflorus_4x_15wks,TRUE
665,-2.6216883427035,20.386320886162363,-2.8259065056592565,0.02108380308934781,0.1864383774666364,-3.213039556141185,miscanthus_floridulus_15wks vs miscanthus_sacchariflorus_4x_15wks,TRUE
1126,-4.073823533314883,19.25856980727844,-2.8208607160439554,0.02125298318167188,0.18674382406890355,-3.2205847553067697,miscanthus_floridulus_15wks vs miscanthus_sacchariflorus_4x_15wks,TRUE
7591,-2.857171771580166,19.017230583964775,-2.817843235383862,0.021354821215266728,0.18674382406890355,-3.225097235830534,miscanthus_floridulus_15wks vs miscanthus_sacchariflorus_4x_15wks,TRUE
19740,1.5587447091584004,17.27113487228401,2.8164544335999575,0.02140186049983193,0.18674382406890355,-3.2271741889390966,miscanthus_floridulus_15wks vs miscanthus_sacchariflorus_4x_15wks,TRUE
346,-5.575132974179038,20.91822490210527,-2.815786711803687,0.021424514338166598,0.18674382406890355,-3.228172783384421,miscanthus_floridulus_15wks vs miscanthus_sacchariflorus_4x_15wks,TRUE
5,-2.3588671912910755,26.292121636811487,-2.8140889139824505,0.021482226488532243,0.18674382406890355,-3.2307119296535713,miscanthus_floridulus_15wks vs miscanthus_sacchariflorus_4x_15wks,TRUE
4432,2.984902862135481,18.524855289333345,2.813688206630508,0.021495870721843127,0.18674382406890355,-3.2313112185535093,miscanthus_floridulus_15wks vs miscanthus_sacchariflorus_4x_15wks,TRUE
17337,1.9325610996845555,17.665824963082546,2.8110843934327985,0.021584748338309406,0.18674382406890355,-3.235205513832019,miscanthus_floridulus_15wks vs miscanthus_sacchariflorus_4x_15wks,TRUE
132,2.0080887248847894,17.282381450873597,2.8100642884761124,0.02161967090730595,0.18674382406890355,-3.236731237854494,miscanthus_floridulus_15wks vs miscanthus_sacchariflorus_4x_15wks,TRUE
2905,-2.3406602011113122,21.683853278462706,-2.8036469091320706,0.02184069816422299,0.18810774719475293,-3.2463299475860516,miscanthus_floridulus_15wks vs miscanthus_sacchariflorus_4x_15wks,TRUE
3750,-2.073701477132051,21.676991112037115,-2.799225230798444,0.021994336437583747,0.18888507949279415,-3.252944127304651,miscanthus_floridulus_15wks vs miscanthus_sacchariflorus_4x_15wks,TRUE
1064,2.465643903639986,17.519966848614608,2.7876777700956845,0.022400816510104535,0.19085403705483467,-3.270219257687924,miscanthus_floridulus_15wks vs miscanthus_sacchariflorus_4x_15wks,TRUE
4402,3.1124133532677902,18.148684926759927,2.7875844012857947,0.02240413435151105,0.19085403705483467,-3.270358948637739,miscanthus_floridulus_15wks vs miscanthus_sacchariflorus_4x_15wks,TRUE
9699,-1.9809013025827262,18.806588028674394,-2.7854551964448953,0.022479931982128037,0.19085403705483467,-3.27354453666717,miscanthus_floridulus_15wks vs miscanthus_sacchariflorus_4x_15wks,TRUE
16558,-1.9889332448070896,18.172375064856983,-2.7847306022433544,0.022505786694540605,0.19085403705483467,-3.274628648977246,miscanthus_floridulus_15wks vs miscanthus_sacchariflorus_4x_15wks,TRUE
1846,-2.9097934401745356,19.14894464275112,-2.7819184794123686,0.02260641664673759,0.19085403705483467,-3.2788361331601488,miscanthus_floridulus_15wks vs miscanthus_sacchariflorus_4x_15wks,TRUE
18345,2.214476446438564,16.992108210606727,2.781877748839757,0.022607877543743837,0.19085403705483467,-3.2788970750195543,miscanthus_floridulus_15wks vs miscanthus_sacchariflorus_4x_15wks,TRUE
4896,-3.641347665340252,18.802185392770223,-2.7797843829309645,0.022683091308092145,0.190948056774335,-3.2820292458724922,miscanthus_floridulus_15wks vs miscanthus_sacchariflorus_4x_15wks,TRUE
17492,2.1382773847018512,16.960963082895795,2.7719112652802678,0.022968270307083313,0.19280407187354442,-3.2938099125364553,miscanthus_floridulus_15wks vs miscanthus_sacchariflorus_4x_15wks,TRUE
14177,-1.997524393001406,18.023487579639866,-2.769046884235643,0.02307293172382755,0.19313858577810702,-3.2980961583217465,miscanthus_floridulus_15wks vs miscanthus_sacchariflorus_4x_15wks,TRUE
5029,1.4787672053874878,17.500904551475664,2.766057207636115,0.0231826919224512,0.19314146989183742,-3.302570017100495,miscanthus_floridulus_15wks vs miscanthus_sacchariflorus_4x_15wks,TRUE
1301,2.464034574559843,18.647521380507506,2.7655083153590168,0.023202901416536175,0.19314146989183742,-3.303391412110554,miscanthus_floridulus_15wks vs miscanthus_sacchariflorus_4x_15wks,TRUE
5230,2.2562776274907925,16.734176330785445,2.7616011278659425,0.02334728070149288,0.19380194008481555,-3.3092384715185066,miscanthus_floridulus_15wks vs miscanthus_sacchariflorus_4x_15wks,TRUE
401,-1.309382976085729,25.58880528069529,-2.7591680364704545,0.02343765285805748,0.19401168199169805,-3.312879659029108,miscanthus_floridulus_15wks vs miscanthus_sacchariflorus_4x_15wks,TRUE
4077,-1.322787761461182,21.02244929475905,-2.7571531657688357,0.02351276184468598,0.19409426675114744,-3.3158950205136253,miscanthus_floridulus_15wks vs miscanthus_sacchariflorus_4x_15wks,TRUE
12253,2.1945064038688287,17.431101544315673,2.7397950199280086,0.024170106597432055,0.19896938580206497,-3.3418741164769132,miscanthus_floridulus_15wks vs miscanthus_sacchariflorus_4x_15wks,TRUE
499,-1.8183935259964912,18.924240918693673,-2.7374334995309444,0.024260976407071706,0.19916724433353633,-3.3454086882449734,miscanthus_floridulus_15wks vs miscanthus_sacchariflorus_4x_15wks,TRUE
17189,-1.9559032624609323,17.37622838404092,-2.735254765096871,0.024345122235148436,0.19930896774929213,-3.348669711860499,miscanthus_floridulus_15wks vs miscanthus_sacchariflorus_4x_15wks,TRUE
3961,-2.6987790024266154,18.18223925650934,-2.7326209103296164,0.024447243583229725,0.19959667363842354,-3.352611977736499,miscanthus_floridulus_15wks vs miscanthus_sacchariflorus_4x_15wks,TRUE
3132,-4.045793620077433,19.686618928687235,-2.723955735321422,0.024786312144102905,0.20181204969788705,-3.365581984047338,miscanthus_floridulus_15wks vs miscanthus_sacchariflorus_4x_15wks,TRUE
5365,1.921437969043545,17.369871345722125,2.718479339771616,0.025003075682282334,0.203022249409268,-3.3737791933021395,miscanthus_floridulus_15wks vs miscanthus_sacchariflorus_4x_15wks,TRUE
7434,1.7893152599585278,16.60993731722295,2.7070043417947125,0.025463566716465633,0.205935693491376,-3.3909554712624446,miscanthus_floridulus_15wks vs miscanthus_sacchariflorus_4x_15wks,TRUE
1599,2.2096608556325883,17.666009297624072,2.7056784764560557,0.025517328179095165,0.205935693491376,-3.3929400905442586,miscanthus_floridulus_15wks vs miscanthus_sacchariflorus_4x_15wks,TRUE
16406,2.5206703149092107,16.977865786243942,2.7044019882544914,0.025569196842888966,0.205935693491376,-3.3948507991465555,miscanthus_floridulus_15wks vs miscanthus_sacchariflorus_4x_15wks,TRUE
8797,2.7040837380185607,17.83302498956506,2.6963096505476813,0.025900529977613527,0.20804199281209787,-3.4069637523450518,miscanthus_floridulus_15wks vs miscanthus_sacchariflorus_4x_15wks,TRUE
10351,1.9024873120399306,16.866143330522576,2.693104086797131,0.02603298583661648,0.2085438112718202,-3.411761936507634,miscanthus_floridulus_15wks vs miscanthus_sacchariflorus_4x_15wks,TRUE
7906,2.6835788577779205,17.63264920454964,2.688159485682747,0.02623865458369048,0.2096278569957041,-3.4191630949271525,miscanthus_floridulus_15wks vs miscanthus_sacchariflorus_4x_15wks,TRUE
43,-1.2621769106157466,28.382942226032213,-2.6832437854384628,0.026444762046271417,0.2098359516367923,-3.426520886072673,miscanthus_floridulus_15wks vs miscanthus_sacchariflorus_4x_15wks,TRUE
624,1.3404119660738871,22.98686723537338,2.682768184041447,0.026464790531826227,0.2098359516367923,-3.4272327566845613,miscanthus_floridulus_15wks vs miscanthus_sacchariflorus_4x_15wks,TRUE
3386,-3.7751104995572113,19.143406713060354,-2.680286462440419,0.026569551442398795,0.2098359516367923,-3.4309473260804704,miscanthus_floridulus_15wks vs miscanthus_sacchariflorus_4x_15wks,TRUE
11987,2.8955050568698546,17.20310057597299,2.679939149508659,0.026584246206335666,0.2098359516367923,-3.431467171048596,miscanthus_floridulus_15wks vs miscanthus_sacchariflorus_4x_15wks,TRUE
10667,1.718829533130716,17.471931281309683,2.679171019619833,0.026616775073391774,0.2098359516367923,-3.432616876295207,miscanthus_floridulus_15wks vs miscanthus_sacchariflorus_4x_15wks,TRUE
14916,2.3288446032695944,16.944685612873926,2.6708603749687634,0.026971316751030885,0.21192081880683256,-3.445055636573498,miscanthus_floridulus_15wks vs miscanthus_sacchariflorus_4x_15wks,TRUE
270,-5.562995405507618,21.107954013343253,-2.6696474931897187,0.027023460116307508,0.21192081880683256,-3.4468709423819734,miscanthus_floridulus_15wks vs miscanthus_sacchariflorus_4x_15wks,TRUE
2385,-3.929622327720587,21.04778118928086,-2.665549405592058,0.027200402203875294,0.21274855267073065,-3.4530044026562514,miscanthus_floridulus_15wks vs miscanthus_sacchariflorus_4x_15wks,TRUE
8794,2.6661794880771126,18.036328380241585,2.6615447299441315,0.027374449702647078,0.2135493720258856,-3.4589978969835338,miscanthus_floridulus_15wks vs miscanthus_sacchariflorus_4x_15wks,TRUE
11876,-2.2550451225008707,19.00976074756453,-2.65612478460441,0.02761181164309417,0.21483863889404864,-3.467109239013059,miscanthus_floridulus_15wks vs miscanthus_sacchariflorus_4x_15wks,TRUE
9855,-2.682227646804229,18.325307949340317,-2.650103082496432,0.027877981985213338,0.2163447560310827,-3.4761207342682034,miscanthus_floridulus_15wks vs miscanthus_sacchariflorus_4x_15wks,TRUE
4413,-2.245499898000446,18.764337613437036,-2.6457949782386563,0.028070007073003157,0.2164783203460623,-3.482567525765011,miscanthus_floridulus_15wks vs miscanthus_sacchariflorus_4x_15wks,TRUE
9295,2.0954315690643774,16.905519530592105,2.6444325882312367,0.028131012157848936,0.2164783203460623,-3.4846061961337305,miscanthus_floridulus_15wks vs miscanthus_sacchariflorus_4x_15wks,TRUE
3378,-1.55821399659931,20.961585780756145,-2.642687175815449,0.028209365086886803,0.2164783203460623,-3.487217977679148,miscanthus_floridulus_15wks vs miscanthus_sacchariflorus_4x_15wks,TRUE
2928,-1.4907014275352424,21.1966628341475,-2.642527675266346,0.028216536237619053,0.2164783203460623,-3.487456647081034,miscanthus_floridulus_15wks vs miscanthus_sacchariflorus_4x_15wks,TRUE
1841,-4.941148400266023,20.215507027034167,-2.6415971056866145,0.028258411615643703,0.2164783203460623,-3.4888491014067142,miscanthus_floridulus_15wks vs miscanthus_sacchariflorus_4x_15wks,TRUE
4832,-2.7645348856796375,18.330277492058812,-2.63744290602444,0.028446120709572503,0.21734063893931618,-3.495065054142434,miscanthus_floridulus_15wks vs miscanthus_sacchariflorus_4x_15wks,TRUE
22354,1.4132710131205428,17.273788602113925,2.633830657482085,0.02861037055284782,0.21734063893931618,-3.500469848524811,miscanthus_floridulus_15wks vs miscanthus_sacchariflorus_4x_15wks,TRUE
626,-4.719077679852138,20.538655661035428,-2.6312541777163987,0.028728111785863115,0.21734063893931618,-3.5043247435026434,miscanthus_floridulus_15wks vs miscanthus_sacchariflorus_4x_15wks,TRUE
942,2.468262836308945,17.118509770868172,2.630646295574411,0.028755962726431536,0.21734063893931618,-3.505234231227255,miscanthus_floridulus_15wks vs miscanthus_sacchariflorus_4x_15wks,TRUE
2272,-1.4875000421680404,22.234804613166766,-2.63064466016157,0.0287560376920337,0.21734063893931618,-3.505236678054101,miscanthus_floridulus_15wks vs miscanthus_sacchariflorus_4x_15wks,TRUE
17085,1.5463398975607063,16.730546586545614,2.62949960313887,0.028808574624506676,0.21734063893931618,-3.5069498457242783,miscanthus_floridulus_15wks vs miscanthus_sacchariflorus_4x_15wks,TRUE
3932,-4.446663861952519,19.615516340768792,-2.623111936942277,0.029103442961589683,0.2184825332140399,-3.5165062400685727,miscanthus_floridulus_15wks vs miscanthus_sacchariflorus_4x_15wks,TRUE
3698,-3.565366952918403,18.928710043482656,-2.6230446424760783,0.029106565666434176,0.2184825332140399,-3.516606912995002,miscanthus_floridulus_15wks vs miscanthus_sacchariflorus_4x_15wks,TRUE
276,4.488558383507701,19.74822068466501,2.6196766943696495,0.029263285563617583,0.21910701251150855,-3.5216452646020007,miscanthus_floridulus_15wks vs miscanthus_sacchariflorus_4x_15wks,TRUE
1967,-3.490153170175155,19.511508482592642,-2.61565781210353,0.0294514158075848,0.21963638662075038,-3.527657079927896,miscanthus_floridulus_15wks vs miscanthus_sacchariflorus_4x_15wks,TRUE
3738,-4.9070427462963995,19.16991070788155,-2.615019813052385,0.02948139417728193,0.21963638662075038,-3.5286114253451824,miscanthus_floridulus_15wks vs miscanthus_sacchariflorus_4x_15wks,TRUE
5102,3.7849977917063278,17.17574850233615,2.6130229587498155,0.029575422728004064,0.21978743074676338,-3.5315983437324907,miscanthus_floridulus_15wks vs miscanthus_sacchariflorus_4x_15wks,TRUE
7674,-3.4518505208112416,19.018145926153874,-2.610709627741051,0.029684733914188025,0.22005101259771223,-3.535058537803265,miscanthus_floridulus_15wks vs miscanthus_sacchariflorus_4x_15wks,TRUE
3730,1.8183554943431517,17.244050283659462,2.605114953709149,0.029950793638409922,0.22047852885454158,-3.543426318060278,miscanthus_floridulus_15wks vs miscanthus_sacchariflorus_4x_15wks,TRUE
12582,2.2228792206774273,17.573718722616125,2.604902083496347,0.029960964468803756,0.22047852885454158,-3.5437446863589965,miscanthus_floridulus_15wks vs miscanthus_sacchariflorus_4x_15wks,TRUE
8593,2.524374805474981,16.93593697447525,2.604830953147267,0.029964363820835352,0.22047852885454158,-3.543851068526953,miscanthus_floridulus_15wks vs miscanthus_sacchariflorus_4x_15wks,TRUE
2112,-4.026379825891148,20.254206261374502,-2.6023962844549033,0.030080953704326813,0.22079123654899976,-3.547492269346122,miscanthus_floridulus_15wks vs miscanthus_sacchariflorus_4x_15wks,TRUE
10807,2.72754808648034,17.274089180181655,2.5909460604848693,0.030635468844056133,0.22430883821937908,-3.564614711695219,miscanthus_floridulus_15wks vs miscanthus_sacchariflorus_4x_15wks,TRUE
7517,-2.624772565979658,18.18122592752992,-2.5883071751861255,0.030764726735722128,0.22470315115797043,-3.568560334175117,miscanthus_floridulus_15wks vs miscanthus_sacchariflorus_4x_15wks,TRUE
12362,-2.1878018594319073,18.106910457011047,-2.584504625857751,0.03095195485123236,0.22499990370711576,-3.574245491637475,miscanthus_floridulus_15wks vs miscanthus_sacchariflorus_4x_15wks,TRUE
3040,-4.091667047662778,20.64153890558297,-2.5844153866953676,0.03095636259057633,0.22499990370711576,-3.5743789071310594,miscanthus_floridulus_15wks vs miscanthus_sacchariflorus_4x_15wks,TRUE
6818,1.7425681728701257,16.850607334415212,2.5795915120183017,0.0311955731717431,0.22608408910314481,-3.5815903966116394,miscanthus_floridulus_15wks vs miscanthus_sacchariflorus_4x_15wks,TRUE
13450,1.7929877563021108,16.683522092631325,2.5779839111229887,0.03127570714853415,0.22608408910314481,-3.5839935312164886,miscanthus_floridulus_15wks vs miscanthus_sacchariflorus_4x_15wks,TRUE
6081,1.6741042898089482,17.038214169807837,2.576834479008907,0.03133313046966403,0.22608408910314481,-3.585711718280731,miscanthus_floridulus_15wks vs miscanthus_sacchariflorus_4x_15wks,TRUE
134,5.780176734757013,19.43008275332104,2.5726563903435946,0.03154275927354344,0.2266034393471589,-3.5919568223984224,miscanthus_floridulus_15wks vs miscanthus_sacchariflorus_4x_15wks,TRUE
17504,1.7186545603173577,17.132123226673954,2.5723697996023844,0.03155719037888287,0.2266034393471589,-3.5923851764145787,miscanthus_floridulus_15wks vs miscanthus_sacchariflorus_4x_15wks,TRUE
3434,-1.5560124992618753,18.459938933847056,-2.5668531432413397,0.031836283178266186,0.2280579900750799,-3.6006301285144344,miscanthus_floridulus_15wks vs miscanthus_sacchariflorus_4x_15wks,TRUE
2184,3.039345653110022,18.22430010870937,2.5559093813738483,0.03239734505581238,0.23133797210008922,-3.6169830182991154,miscanthus_floridulus_15wks vs miscanthus_sacchariflorus_4x_15wks,TRUE
19636,-1.9893126196470376,17.215513709930175,-2.5549033611534866,0.03244942024759641,0.23133797210008922,-3.6184860587522882,miscanthus_floridulus_15wks vs miscanthus_sacchariflorus_4x_15wks,TRUE
352,-2.0255551314557962,22.101516460888373,-2.542626319664175,0.0330917760893493,0.23535439796243657,-3.6368253461568316,miscanthus_floridulus_15wks vs miscanthus_sacchariflorus_4x_15wks,TRUE
15052,1.5933382827529279,17.12526940221376,2.537482288896498,0.03336472244426028,0.23652052407029717,-3.64450761359921,miscanthus_floridulus_15wks vs miscanthus_sacchariflorus_4x_15wks,TRUE
731,-4.127866428487973,20.44344994150342,-2.5343165877945095,0.03353382507117343,0.23652052407029717,-3.649234818782679,miscanthus_floridulus_15wks vs miscanthus_sacchariflorus_4x_15wks,TRUE
5721,2.1896267041546373,17.625021509372765,2.5336075124369475,0.03357182019926932,0.23652052407029717,-3.650293591023433,miscanthus_floridulus_15wks vs miscanthus_sacchariflorus_4x_15wks,TRUE
6040,1.721378248207813,17.06123661208584,2.5335814915502124,0.03357321532944151,0.23652052407029717,-3.65033244429382,miscanthus_floridulus_15wks vs miscanthus_sacchariflorus_4x_15wks,TRUE
11255,2.7804490885536985,17.16685958815109,2.5313866375110483,0.03369110488946398,0.23679125606274212,-3.653609599052003,miscanthus_floridulus_15wks vs miscanthus_sacchariflorus_4x_15wks,TRUE
14096,2.371749546311836,16.84960015565199,2.528373396659131,0.0338536318112089,0.23737370069977065,-3.6581083456696013,miscanthus_floridulus_15wks vs miscanthus_sacchariflorus_4x_15wks,TRUE
10527,2.2143101761041457,17.020796758362245,2.5265322056456903,0.033953330096509374,0.2375139053699482,-3.6608570291973304,miscanthus_floridulus_15wks vs miscanthus_sacchariflorus_4x_15wks,TRUE
8587,-2.3454209559231884,17.903647267775817,-2.518714772501266,0.03437994169437289,0.23993495608719254,-3.6725258017916826,miscanthus_floridulus_15wks vs miscanthus_sacchariflorus_4x_15wks,TRUE
19592,1.6945887099851404,16.99623074291465,2.516892165654142,0.03448017879146277,0.2400722728938296,-3.6752459197783938,miscanthus_floridulus_15wks vs miscanthus_sacchariflorus_4x_15wks,TRUE
20707,1.908598522656753,17.422149374727518,2.510085783721663,0.03485711613701336,0.24213101652284338,-3.6854025546869673,miscanthus_floridulus_15wks vs miscanthus_sacchariflorus_4x_15wks,TRUE
3949,-2.6009268781274493,18.84713085691845,-2.504800875295895,0.0351526542933443,0.24315451984233052,-3.6932872139210744,miscanthus_floridulus_15wks vs miscanthus_sacchariflorus_4x_15wks,TRUE
1209,2.064700286520324,16.669518959846926,2.504533904789843,0.035167650353035054,0.24315451984233052,-3.693685474551457,miscanthus_floridulus_15wks vs miscanthus_sacchariflorus_4x_15wks,TRUE
426,4.148681023794488,17.58169074110425,2.502444875991562,0.03528521622030201,0.24340264892708327,-3.6968017132604536,miscanthus_floridulus_15wks vs miscanthus_sacchariflorus_4x_15wks,TRUE
19623,-1.353992979279484,17.005020366171117,-2.4906532336219125,0.03595627934789486,0.24745892022338725,-3.7143871444055923,miscanthus_floridulus_15wks vs miscanthus_sacchariflorus_4x_15wks,TRUE
7650,-2.6265367887996334,19.00668905327803,-2.485600621650305,0.03624773873308443,0.24836827611455523,-3.7219200015132707,miscanthus_floridulus_15wks vs miscanthus_sacchariflorus_4x_15wks,TRUE
15407,2.14833079388168,17.359106083981484,2.4840927851837784,0.03633517746724754,0.24836827611455523,-3.724167729750572,miscanthus_floridulus_15wks vs miscanthus_sacchariflorus_4x_15wks,TRUE
7397,1.8075259271241073,17.24821230558871,2.4840364957588807,0.036338445767096,0.24836827611455523,-3.724251637736918,miscanthus_floridulus_15wks vs miscanthus_sacchariflorus_4x_15wks,TRUE
7898,-2.3103894114501387,19.546585430130467,-2.479281430706387,0.03661560578629264,0.24968994334817404,-3.7313391254135375,miscanthus_floridulus_15wks vs miscanthus_sacchariflorus_4x_15wks,TRUE
9245,2.232530208223963,17.20016085781076,2.4770175979511135,0.03674830402239034,0.2499621840336902,-3.734712932302635,miscanthus_floridulus_15wks vs miscanthus_sacchariflorus_4x_15wks,TRUE
934,-1.3664444673882699,21.88293069193254,-2.475262840428838,0.03685149431834906,0.2499621840336902,-3.7373278508368313,miscanthus_floridulus_15wks vs miscanthus_sacchariflorus_4x_15wks,TRUE
871,4.246003010351263,17.855846157089253,2.47359838229534,0.03694964346472625,0.2499621840336902,-3.739808035498456,miscanthus_floridulus_15wks vs miscanthus_sacchariflorus_4x_15wks,TRUE
13218,-2.3932419133853386,18.291417571930452,-2.4727982561311763,0.03699691841563139,0.2499621840336902,-3.7410002321804505,miscanthus_floridulus_15wks vs miscanthus_sacchariflorus_4x_15wks,TRUE
18303,1.9671936258940477,16.88800734489222,2.4714801910499364,0.03707492796741311,0.2499621840336902,-3.7429640786132787,miscanthus_floridulus_15wks vs miscanthus_sacchariflorus_4x_15wks,TRUE
13547,1.5301691624993836,17.31344284567689,2.46785644728393,0.037290251310869396,0.25051203510091924,-3.748362713611307,miscanthus_floridulus_15wks vs miscanthus_sacchariflorus_4x_15wks,TRUE
7028,1.8801199011936909,17.38846341704719,2.467280126106743,0.037324611941210784,0.25051203510091924,-3.74922123907584,miscanthus_floridulus_15wks vs miscanthus_sacchariflorus_4x_15wks,TRUE
16165,1.4030043966096244,17.408827151677144,2.465532440829207,0.037429004511264574,0.2506481650417268,-3.7518245777748116,miscanthus_floridulus_15wks vs miscanthus_sacchariflorus_4x_15wks,TRUE
6141,3.3492937182255567,17.475998356581403,2.4630473201020475,0.037577950415242964,0.2510813727296503,-3.755526063814972,miscanthus_floridulus_15wks vs miscanthus_sacchariflorus_4x_15wks,TRUE
4019,-2.8603549225912293,18.1100553415469,-2.4601888922681012,0.03775000633319465,0.25166670888796433,-3.759783089860929,miscanthus_floridulus_15wks vs miscanthus_sacchariflorus_4x_15wks,TRUE
2436,-1.522306928718507,23.231662146683792,-2.4577163002872107,0.03789947538228747,0.25209918892682287,-3.7634650705317676,miscanthus_floridulus_15wks vs miscanthus_sacchariflorus_4x_15wks,TRUE
11586,-1.3922171867785416,19.452431731777043,-2.4562493362284865,0.03798843437258915,0.2521281390430193,-3.7656493649144305,miscanthus_floridulus_15wks vs miscanthus_sacchariflorus_4x_15wks,TRUE
2045,-4.512569927626437,19.74316169903803,-2.450904586380664,0.03831432382108265,0.2537259666373918,-3.7736064424246334,miscanthus_floridulus_15wks vs miscanthus_sacchariflorus_4x_15wks,TRUE
1510,3.6841180974610666,19.565103431426106,2.4463000473162646,0.03859732706004896,0.2541017050590948,-3.7804599843605087,miscanthus_floridulus_15wks vs miscanthus_sacchariflorus_4x_15wks,TRUE
7551,-2.446240288392664,17.5726854033806,-2.446020588153563,0.03861457042428362,0.2541017050590948,-3.7808758938072202,miscanthus_floridulus_15wks vs miscanthus_sacchariflorus_4x_15wks,TRUE
7665,2.5314296870398927,17.672229772107674,2.4420678101601947,0.038859295851413886,0.2541017050590948,-3.7867581007879774,miscanthus_floridulus_15wks vs miscanthus_sacchariflorus_4x_15wks,TRUE
6272,2.7162389822680275,17.505440896366178,2.4418950219925946,0.03887002894686694,0.2541017050590948,-3.7870152055577404,miscanthus_floridulus_15wks vs miscanthus_sacchariflorus_4x_15wks,TRUE
959,-2.735330286819085,21.011902712347705,-2.4416456914043927,0.038885521870180274,0.2541017050590948,-3.787386199995398,miscanthus_floridulus_15wks vs miscanthus_sacchariflorus_4x_15wks,TRUE
9906,2.422774417840756,17.433150808110348,2.438637064850215,0.0390729606964527,0.2541017050590948,-3.7918625783417594,miscanthus_floridulus_15wks vs miscanthus_sacchariflorus_4x_15wks,TRUE
9219,-1.3898795170642764,18.33147465948251,-2.438542046233105,0.0390788951242503,0.2541017050590948,-3.7920039411940105,miscanthus_floridulus_15wks vs miscanthus_sacchariflorus_4x_15wks,TRUE
9886,2.0953977009953277,17.14489278780857,2.4377684099134567,0.03912724652601279,0.2541017050590948,-3.793154885912904,miscanthus_floridulus_15wks vs miscanthus_sacchariflorus_4x_15wks,TRUE
615,-2.6576379835966044,20.660751637011312,-2.4375887426502785,0.03913848410138407,0.2541017050590948,-3.793422172211823,miscanthus_floridulus_15wks vs miscanthus_sacchariflorus_4x_15wks,TRUE
2742,3.1903968677613186,17.45509887549839,2.435599301935651,0.039263133163387094,0.254356819188899,-3.796381657583556,miscanthus_floridulus_15wks vs miscanthus_sacchariflorus_4x_15wks,TRUE
151,3.2292061423238074,19.340057001188732,2.4336508322558337,0.03938560061295349,0.2545967241357948,-3.7992799197909393,miscanthus_floridulus_15wks vs miscanthus_sacchariflorus_4x_15wks,TRUE
3493,2.5043570897966845,17.86526448522426,2.4299560574039463,0.03961888032565888,0.25473887810963275,-3.8047749788510035,miscanthus_floridulus_15wks vs miscanthus_sacchariflorus_4x_15wks,TRUE
1645,-2.620432064320717,20.39658350115883,-2.4253579472443865,0.03991112761136887,0.25473887810963275,-3.811612125124513,miscanthus_floridulus_15wks vs miscanthus_sacchariflorus_4x_15wks,TRUE
16786,-2.353085148221412,17.680707252249565,-2.4252850158987624,0.03991578033455356,0.25473887810963275,-3.811720557527683,miscanthus_floridulus_15wks vs miscanthus_sacchariflorus_4x_15wks,TRUE
701,-1.923161036422215,23.817778846028013,-2.4237800464754833,0.04001191253722759,0.25473887810963275,-3.8139580175367325,miscanthus_floridulus_15wks vs miscanthus_sacchariflorus_4x_15wks,TRUE
8184,-2.442275139768469,18.727418674487918,-2.4237525561536892,0.0400136706764134,0.25473887810963275,-3.813998886219292,miscanthus_floridulus_15wks vs miscanthus_sacchariflorus_4x_15wks,TRUE
6160,1.5966801403907205,16.66786479293505,2.4233952892590187,0.04003652665680554,0.25473887810963275,-3.814530014422282,miscanthus_floridulus_15wks vs miscanthus_sacchariflorus_4x_15wks,TRUE
5951,-2.4104157487024302,18.907043533800273,-2.4230101040824423,0.040061183332811966,0.25473887810963275,-3.8151026363692697,miscanthus_floridulus_15wks vs miscanthus_sacchariflorus_4x_15wks,TRUE
6171,1.7512846039699994,17.1541645963319,2.4219809008994755,0.040127139798587445,0.25473887810963275,-3.8166326100309487,miscanthus_floridulus_15wks vs miscanthus_sacchariflorus_4x_15wks,TRUE
3509,-3.0837512325860743,19.28219350384392,-2.421204969919737,0.04017693715151926,0.25473887810963275,-3.8177860260268695,miscanthus_floridulus_15wks vs miscanthus_sacchariflorus_4x_15wks,TRUE
7775,-2.4636820979293006,18.735750092261274,-2.4182191811625535,0.040369135182945694,0.2554140612424165,-3.822223952511535,miscanthus_floridulus_15wks vs miscanthus_sacchariflorus_4x_15wks,TRUE
1021,-3.6549122904497544,19.114480121693003,-2.414713605669101,0.04059596656356546,0.25630504313437513,-3.827433589039183,miscanthus_floridulus_15wks vs miscanthus_sacchariflorus_4x_15wks,TRUE
3902,-3.4258512159712247,19.12881479546453,-2.4063074928101194,0.041145097480625295,0.25922281288004945,-3.8399219904075923,miscanthus_floridulus_15wks vs miscanthus_sacchariflorus_4x_15wks,TRUE
6817,-3.461480039172759,18.691271672573752,-2.4040527315317255,0.041293648940692367,0.25960986042882545,-3.843270779442834,miscanthus_floridulus_15wks vs miscanthus_sacchariflorus_4x_15wks,TRUE
1669,-1.211901136918467,22.67145617713279,-2.4024233458787814,0.04140133197333272,0.2597388826958558,-3.84569049916026,miscanthus_floridulus_15wks vs miscanthus_sacchariflorus_4x_15wks,TRUE
7432,1.80507090427378,17.780692853836673,2.397317491712958,0.04174058858552767,0.26131713022032027,-3.8532715397568746,miscanthus_floridulus_15wks vs miscanthus_sacchariflorus_4x_15wks,TRUE
7600,2.8333211600789845,17.553836878334074,2.3950866437893423,0.0418896867532976,0.2617007683958634,-3.8565831667151858,miscanthus_floridulus_15wks vs miscanthus_sacchariflorus_4x_15wks,TRUE
5888,3.0257987862068667,18.12465878382949,2.3937125683946703,0.0419817872947987,0.26172746054079526,-3.8586227329437723,miscanthus_floridulus_15wks vs miscanthus_sacchariflorus_4x_15wks,TRUE
19201,1.3890074337367544,17.328299871445275,2.389185182274364,0.04228667853134513,0.26307787478790917,-3.865341687511782,miscanthus_floridulus_15wks vs miscanthus_sacchariflorus_4x_15wks,TRUE
274,-2.9912553645666335,22.209081579712784,-2.385804332618586,0.04251579824660133,0.2636741370019493,-3.870357958284819,miscanthus_floridulus_15wks vs miscanthus_sacchariflorus_4x_15wks,TRUE
7050,-1.5294343248689444,20.044770553248583,-2.3851617896541613,0.04255948318722739,0.2636741370019493,-3.871311207290447,miscanthus_floridulus_15wks vs miscanthus_sacchariflorus_4x_15wks,TRUE
1601,-2.326525954969558,22.08007667083293,-2.382304653820839,0.04275427589289611,0.2643314152714324,-3.8755494947669042,miscanthus_floridulus_15wks vs miscanthus_sacchariflorus_4x_15wks,TRUE
4104,-3.4111768631970705,19.3341550043545,-2.3780054327166082,0.0430490637752272,0.26560291935854463,-3.881925623948674,miscanthus_floridulus_15wks vs miscanthus_sacchariflorus_4x_15wks,TRUE
6580,-1.9596594180578712,18.159198884396076,-2.3758582814582208,0.04319704718921462,0.2659652905451644,-3.885109425477436,miscanthus_floridulus_15wks vs miscanthus_sacchariflorus_4x_15wks,TRUE
1208,3.0914533974231837,17.572773446364682,2.3744723620916277,0.04329283512809935,0.26600546119945584,-3.8871642505435853,miscanthus_floridulus_15wks vs miscanthus_sacchariflorus_4x_15wks,TRUE
13694,1.9695798472298307,17.41193858639697,2.3694041680440927,0.043644930272853044,0.2676170621668767,-3.89467709503542,miscanthus_floridulus_15wks vs miscanthus_sacchariflorus_4x_15wks,TRUE
4211,-2.6999345528364564,20.994909507360287,-2.3665672020098616,0.0438432629408721,0.26828115721519274,-3.898881447831438,miscanthus_floridulus_15wks vs miscanthus_sacchariflorus_4x_15wks,TRUE
19239,1.7411809704251837,17.126793813361406,2.3631030604024175,0.04408665957499978,0.2684412489780944,-3.9040142546651384,miscanthus_floridulus_15wks vs miscanthus_sacchariflorus_4x_15wks,TRUE
5045,2.4817479380293612,17.364016170510467,2.3626202353148504,0.04412069041213847,0.2684412489780944,-3.9047295658044905,miscanthus_floridulus_15wks vs miscanthus_sacchariflorus_4x_15wks,TRUE
13812,-1.4302714970104873,17.364437803094095,-2.362351138378107,0.04413966845612962,0.2684412489780944,-3.905128226622687,miscanthus_floridulus_15wks vs miscanthus_sacchariflorus_4x_15wks,TRUE
21446,1.4758704649246894,16.922835467091733,2.3586838566226285,0.044399115065265955,0.2694691708645469,-3.9105605368774006,miscanthus_floridulus_15wks vs miscanthus_sacchariflorus_4x_15wks,TRUE
263,-4.074823707955371,19.032699294475055,-2.355821781689404,0.0446026507581956,0.27015426678744486,-3.9147992123288833,miscanthus_floridulus_15wks vs miscanthus_sacchariflorus_4x_15wks,TRUE
4215,-1.3075555678324697,18.079903551769004,-2.352724852533361,0.04482393442499644,0.27023391939235986,-3.919384814388049,miscanthus_floridulus_15wks vs miscanthus_sacchariflorus_4x_15wks,TRUE
876,-1.354288320074371,22.536703448571537,-2.351446936862672,0.044915562976117526,0.27023391939235986,-3.9212767443867005,miscanthus_floridulus_15wks vs miscanthus_sacchariflorus_4x_15wks,TRUE
1290,2.3936375049898935,22.62280333305967,2.349522107655877,0.04505392815655159,0.27023391939235986,-3.92412611665373,miscanthus_floridulus_15wks vs miscanthus_sacchariflorus_4x_15wks,TRUE
1922,-3.6421600403840877,19.522714631764302,-2.3474425209028245,0.04520389462914763,0.27023391939235986,-3.927204171403735,miscanthus_floridulus_15wks vs miscanthus_sacchariflorus_4x_15wks,TRUE
655,-4.524625897450175,21.177500277143675,-2.347390320362989,0.04520766537987713,0.27023391939235986,-3.927281429399862,miscanthus_floridulus_15wks vs miscanthus_sacchariflorus_4x_15wks,TRUE
10937,2.545953332381867,16.939806742137897,2.3459278738560463,0.04531343372672784,0.27023391939235986,-3.9294457740890967,miscanthus_floridulus_15wks vs miscanthus_sacchariflorus_4x_15wks,TRUE
14152,-1.7768778607935545,17.95037462033045,-2.345673021651404,0.045331890541046804,0.27023391939235986,-3.9298229203711523,miscanthus_floridulus_15wks vs miscanthus_sacchariflorus_4x_15wks,TRUE
3225,2.5146805266962,19.197612875969693,2.344759334088498,0.045398122771370626,0.27023391939235986,-3.931174999434417,miscanthus_floridulus_15wks vs miscanthus_sacchariflorus_4x_15wks,TRUE
7096,-1.8151008558203472,18.73539948781594,-2.34429327205511,0.04543194416629943,0.27023391939235986,-3.9318646481293498,miscanthus_floridulus_15wks vs miscanthus_sacchariflorus_4x_15wks,TRUE
19789,1.6531050037157833,17.195597553558635,2.34108005804146,0.04566580497463214,0.2710085065497952,-3.9366187639593773,miscanthus_floridulus_15wks vs miscanthus_sacchariflorus_4x_15wks,TRUE
21220,1.5575978169367843,16.908740091833003,2.3400085896165104,0.04574405328676073,0.2710085065497952,-3.9382038256451954,miscanthus_floridulus_15wks vs miscanthus_sacchariflorus_4x_15wks,TRUE
605,-1.8549648851716327,21.936781025120087,-2.3354660268351353,0.04607727535983515,0.27244103288156496,-3.944922505907754,miscanthus_floridulus_15wks vs miscanthus_sacchariflorus_4x_15wks,TRUE
5787,2.9728938650065047,17.29816957480582,2.3334489961536526,0.04622600807587589,0.2727792159724953,-3.947905118625794,miscanthus_floridulus_15wks vs miscanthus_sacchariflorus_4x_15wks,TRUE
3985,-1.141515382906963,22.574329339249967,-2.330381406064727,0.046453122321707174,0.2732224338750508,-3.952440401796524,miscanthus_floridulus_15wks vs miscanthus_sacchariflorus_4x_15wks,TRUE
4841,-3.0399981830871887,18.735779377632067,-2.3299589282492668,0.046484487910956634,0.2732224338750508,-3.953064938022011,miscanthus_floridulus_15wks vs miscanthus_sacchariflorus_4x_15wks,TRUE
15085,-1.8000363924816707,17.246856631991868,-2.327469171115759,0.046669760157089804,0.2737714276931646,-3.9567450912831026,miscanthus_floridulus_15wks vs miscanthus_sacchariflorus_4x_15wks,TRUE
10329,2.6070547582382204,17.06663510446044,2.324510916475845,0.04689084863384334,0.2745279546735818,-3.961116889745734,miscanthus_floridulus_15wks vs miscanthus_sacchariflorus_4x_15wks,TRUE
1009,2.53060936525144,17.26392471744209,2.322992956850923,0.04700469846066554,0.2746549047309476,-3.9633598159845285,miscanthus_floridulus_15wks vs miscanthus_sacchariflorus_4x_15wks,TRUE
2103,2.5865986445389595,17.48089458659475,2.319721977118546,0.047250961707730264,0.2750448200689063,-3.968192154317435,miscanthus_floridulus_15wks vs miscanthus_sacchariflorus_4x_15wks,TRUE
3476,3.5222459202249965,17.635956093494816,2.3196549313081003,0.047256022776939605,0.2750448200689063,-3.9682911915229417,miscanthus_floridulus_15wks vs miscanthus_sacchariflorus_4x_15wks,TRUE
663,3.157721723672722,17.58854869099941,2.3135925055055373,0.047715885959855965,0.2753410495897488,-3.9772443313538037,miscanthus_floridulus_15wks vs miscanthus_sacchariflorus_4x_15wks,TRUE
629,3.4070469614473105,17.55799193717968,2.3127384858597635,0.047781023100353016,0.2753410495897488,-3.9785052458239223,miscanthus_floridulus_15wks vs miscanthus_sacchariflorus_4x_15wks,TRUE
20789,1.3506064557256714,17.276885748521632,2.3115691263106806,0.04787035469310341,0.2753410495897488,-3.980231612498245,miscanthus_floridulus_15wks vs miscanthus_sacchariflorus_4x_15wks,TRUE
9880,1.7819353937588147,16.890046449669374,2.3115610755093607,0.047870970296666995,0.2753410495897488,-3.9802434976564203,miscanthus_floridulus_15wks vs miscanthus_sacchariflorus_4x_15wks,TRUE
9178,-2.1356129899275125,18.939213480824368,-2.3106046373054956,0.047944160131182544,0.2753410495897488,-3.9816554078554494,miscanthus_floridulus_15wks vs miscanthus_sacchariflorus_4x_15wks,TRUE
2177,-1.582544508616742,17.423772357590636,-2.3104835747085275,0.047953432153138145,0.2753410495897488,-3.9818341152777705,miscanthus_floridulus_15wks vs miscanthus_sacchariflorus_4x_15wks,TRUE
9319,-2.584076592266669,17.977539674994453,-2.3104801709937104,0.04795369286479182,0.2753410495897488,-3.981839139672366,miscanthus_floridulus_15wks vs miscanthus_sacchariflorus_4x_15wks,TRUE
3569,-1.9435261354780629,19.305919069340504,-2.3081255198086614,0.04813438746693006,0.2758470666374069,-3.985314650108205,miscanthus_floridulus_15wks vs miscanthus_sacchariflorus_4x_15wks,TRUE
2340,3.0473052926364694,20.636753698597147,2.306441885236719,0.04826400242406792,0.27596742160355436,-3.9877993477403813,miscanthus_floridulus_15wks vs miscanthus_sacchariflorus_4x_15wks,TRUE
6754,1.6831772202114799,16.748901064908498,2.3054489999968,0.048340602039280325,0.27596742160355436,-3.9892644926989775,miscanthus_floridulus_15wks vs miscanthus_sacchariflorus_4x_15wks,TRUE
7510,2.8438817808349164,17.21824561996135,2.301141714647562,0.048674300372835065,0.2771960312427908,-3.995619222652435,miscanthus_floridulus_15wks vs miscanthus_sacchariflorus_4x_15wks,TRUE
154,3.139597184291514,17.62241143669293,2.3002733335253356,0.04874185247356456,0.2771960312427908,-3.996900128700654,miscanthus_floridulus_15wks vs miscanthus_sacchariflorus_4x_15wks,TRUE
7993,2.6748622166619853,17.25814242367397,2.296545894865774,0.04903286971498976,0.2778680546196217,-4.002397307566221,miscanthus_floridulus_15wks vs miscanthus_sacchariflorus_4x_15wks,TRUE
1794,-3.5105854278275928,19.201062291305686,-2.2956646640337697,0.04910192239869138,0.2778680546196217,-4.003696701583028,miscanthus_floridulus_15wks vs miscanthus_sacchariflorus_4x_15wks,TRUE
7808,-2.898681025975492,18.864346729615093,-2.2946971035512553,0.04917785075891947,0.2778680546196217,-4.005123286948836,miscanthus_floridulus_15wks vs miscanthus_sacchariflorus_4x_15wks,TRUE
2814,-3.8405302898128753,19.127645119193147,-2.293995290564204,0.049232997597033645,0.2778680546196217,-4.0061579822921365,miscanthus_floridulus_15wks vs miscanthus_sacchariflorus_4x_15wks,TRUE
8992,-3.1474695972877456,18.89876270381015,-2.2903172603063644,0.04952301166593144,0.27842661631512844,-4.011579627538549,miscanthus_floridulus_15wks vs miscanthus_sacchariflorus_4x_15wks,TRUE
11467,1.241431640388857,16.756334275901374,2.289557387197822,0.049583138438321385,0.27842661631512844,-4.01269952998405,miscanthus_floridulus_15wks vs miscanthus_sacchariflorus_4x_15wks,TRUE
13988,2.2329032363785757,17.585208526899272,2.2882678078240577,0.04968534491789196,0.27842661631512844,-4.0145999587063415,miscanthus_floridulus_15wks vs miscanthus_sacchariflorus_4x_15wks,TRUE
4421,2.948378744505902,17.00204295143401,2.288011403763056,0.049705691234781316,0.27842661631512844,-4.0149777930958175,miscanthus_floridulus_15wks vs miscanthus_sacchariflorus_4x_15wks,TRUE
1317,-2.6345450291553796,17.842061519400094,-2.2848801630380686,0.04995482945147657,0.27929717029155754,-4.0195913276534,miscanthus_floridulus_15wks vs miscanthus_sacchariflorus_4x_15wks,TRUE
20512,1.596104979161069,16.906718813928784,2.283318057560872,0.05007958051998661,0.27947031825760316,-4.021892478948962,miscanthus_floridulus_15wks vs miscanthus_sacchariflorus_4x_15wks,FALSE
1821,-3.0753100438267396,19.105434015075602,-2.279479124765121,0.05038747195860261,0.28066292791894537,-4.027546398186981,miscanthus_floridulus_15wks vs miscanthus_sacchariflorus_4x_15wks,FALSE
2513,-3.054951986199093,19.74818269528115,-2.2758355987417827,0.050681422787159876,0.2817735819136874,-4.032910872724999,miscanthus_floridulus_15wks vs miscanthus_sacchariflorus_4x_15wks,FALSE
3517,3.0903405373761927,18.174838722061516,2.2712823256295387,0.051051154232747226,0.28297793771562185,-4.0396125077063525,miscanthus_floridulus_15wks vs miscanthus_sacchariflorus_4x_15wks,FALSE
5472,-3.660809855399222,19.60341675726894,-2.270830805037181,0.05108796325201495,0.28297793771562185,-4.040276928731215,miscanthus_floridulus_15wks vs miscanthus_sacchariflorus_4x_15wks,FALSE
10784,2.316219208249109,17.61161926503078,2.2690701899044607,0.05123174344564361,0.28300488000538887,-4.042867464775354,miscanthus_floridulus_15wks vs miscanthus_sacchariflorus_4x_15wks,FALSE
387,-1.153663561152058,24.45072826780905,-2.268446613533875,0.05128276349090939,0.28300488000538887,-4.043784890656571,miscanthus_floridulus_15wks vs miscanthus_sacchariflorus_4x_15wks,FALSE
3682,1.9339836187885524,16.8791544396938,2.267210161165103,0.05138407660888586,0.2830185423339095,-4.045603855839459,miscanthus_floridulus_15wks vs miscanthus_sacchariflorus_4x_15wks,FALSE
709,-3.939098696714158,19.94132732806256,-2.2661003108156446,0.05147518454529495,0.2830185423339095,-4.047236411423029,miscanthus_floridulus_15wks vs miscanthus_sacchariflorus_4x_15wks,FALSE
16384,2.112000338485423,17.047535932937215,2.2628250597289825,0.05174498223243226,0.2837756182104818,-4.052053299280784,miscanthus_floridulus_15wks vs miscanthus_sacchariflorus_4x_15wks,FALSE
3081,-4.568155073696278,19.598867715203358,-2.262118904175185,0.05180333433104098,0.2837756182104818,-4.053091659057552,miscanthus_floridulus_15wks vs miscanthus_sacchariflorus_4x_15wks,FALSE
3312,3.5708771076809462,17.500602691224376,2.2597735476729253,0.05199760604130163,0.2841508885128756,-4.056539910609147,miscanthus_floridulus_15wks vs miscanthus_sacchariflorus_4x_15wks,FALSE
11880,-1.643614550265223,18.426156418741424,-2.2589914932948543,0.05206254534497654,0.2841508885128756,-4.057689566803638,miscanthus_floridulus_15wks vs miscanthus_sacchariflorus_4x_15wks,FALSE
5095,-1.0883823532767138,21.184729570426775,-2.2577447141356886,0.05216623953113804,0.2841963323634211,-4.059522227683507,miscanthus_floridulus_15wks vs miscanthus_sacchariflorus_4x_15wks,FALSE
5420,2.605061364318715,16.708441878520894,2.255769512387062,0.05233093386686547,0.2845733265022976,-4.062425198954426,miscanthus_floridulus_15wks vs miscanthus_sacchariflorus_4x_15wks,FALSE
3843,-2.0246011845890415,17.544076148865678,-2.253558373925913,0.05251590971361324,0.284579536280455,-4.065674329566189,miscanthus_floridulus_15wks vs miscanthus_sacchariflorus_4x_15wks,FALSE
23914,1.2503507598339816,16.938026636413145,2.2534432833551317,0.05252555542173807,0.284579536280455,-4.065843430622048,miscanthus_floridulus_15wks vs miscanthus_sacchariflorus_4x_15wks,FALSE
9153,-2.441442438766373,17.852518521454964,-2.249519429687513,0.052855460311865,0.284579536280455,-4.071607661973728,miscanthus_floridulus_15wks vs miscanthus_sacchariflorus_4x_15wks,FALSE
17598,1.7433220916481211,17.00728397667885,2.249088286782521,0.05289183382158984,0.284579536280455,-4.0722408977147575,miscanthus_floridulus_15wks vs miscanthus_sacchariflorus_4x_15wks,FALSE
3941,-1.2162727194365992,21.567915526052996,-2.248218155832666,0.05296531791551036,0.284579536280455,-4.073518817065952,miscanthus_floridulus_15wks vs miscanthus_sacchariflorus_4x_15wks,FALSE
7071,1.826106006462357,17.41279965240749,2.2479294496310707,0.05298972190572631,0.284579536280455,-4.07394280386908,miscanthus_floridulus_15wks vs miscanthus_sacchariflorus_4x_15wks,FALSE
5272,2.942454000679593,17.635951922733064,2.247801377745129,0.05300055122001763,0.284579536280455,-4.074130883555487,miscanthus_floridulus_15wks vs miscanthus_sacchariflorus_4x_15wks,FALSE
6916,2.754190131891484,17.730962993807722,2.2449263325248077,0.05324423035344875,0.28515090794639264,-4.07835245308935,miscanthus_floridulus_15wks vs miscanthus_sacchariflorus_4x_15wks,FALSE
11981,2.2445777635278503,17.386921575164465,2.2439735323236945,0.05332522996184081,0.28515090794639264,-4.079751253858592,miscanthus_floridulus_15wks vs miscanthus_sacchariflorus_4x_15wks,FALSE
614,-1.8011669256808815,22.21008370230654,-2.242211994450229,0.05347530217771709,0.28515090794639264,-4.082337038685123,miscanthus_floridulus_15wks vs miscanthus_sacchariflorus_4x_15wks,FALSE
9762,2.428589397075104,17.194159399620652,2.2420430473600916,0.053489717295984396,0.28515090794639264,-4.082585016526489,miscanthus_floridulus_15wks vs miscanthus_sacchariflorus_4x_15wks,FALSE
4557,1.6768590419901628,17.028570471577645,2.2358265041801926,0.05402280460960548,0.28558829891517545,-4.091706883012984,miscanthus_floridulus_15wks vs miscanthus_sacchariflorus_4x_15wks,FALSE
6491,2.351730075457418,18.033162587465142,2.234588918860912,0.05412955443537323,0.28558829891517545,-4.0935222321109475,miscanthus_floridulus_15wks vs miscanthus_sacchariflorus_4x_15wks,FALSE
153,-2.157490347263181,24.347110017861883,-2.233772459854838,0.05420009310254014,0.28558829891517545,-4.094719738448557,miscanthus_floridulus_15wks vs miscanthus_sacchariflorus_4x_15wks,FALSE
5526,-2.1519200311064353,18.032362692737525,-2.2335201143573014,0.05422191301794013,0.28558829891517545,-4.095089836946832,miscanthus_floridulus_15wks vs miscanthus_sacchariflorus_4x_15wks,FALSE
9639,1.8551698239613756,16.988675529348644,2.232621736444781,0.05429966459109019,0.28558829891517545,-4.096407357663759,miscanthus_floridulus_15wks vs miscanthus_sacchariflorus_4x_15wks,FALSE
9181,1.7876827955584211,16.74317040305555,2.229969016119985,0.05452988996434084,0.28558829891517545,-4.1002970699007415,miscanthus_floridulus_15wks vs miscanthus_sacchariflorus_4x_15wks,FALSE
16912,1.6693693003610584,17.118637994901576,2.2276534365882075,0.054731640971558124,0.28558829891517545,-4.103691633260521,miscanthus_floridulus_15wks vs miscanthus_sacchariflorus_4x_15wks,FALSE
7525,2.0222408147041335,17.450344418314838,2.2268225946040863,0.05480420928552943,0.28558829891517545,-4.104909438553351,miscanthus_floridulus_15wks vs miscanthus_sacchariflorus_4x_15wks,FALSE
4494,2.7681617456787393,17.30761535701725,2.2252603684386494,0.05494091553547928,0.28558829891517545,-4.107199008138595,miscanthus_floridulus_15wks vs miscanthus_sacchariflorus_4x_15wks,FALSE
1221,-3.5586562529008354,19.86956643872111,-2.22466817985215,0.05499282406743123,0.28558829891517545,-4.108066819451039,miscanthus_floridulus_15wks vs miscanthus_sacchariflorus_4x_15wks,FALSE
14719,2.109651808685612,17.06556374499842,2.22435717234203,0.05502010488670415,0.28558829891517545,-4.108522559700081,miscanthus_floridulus_15wks vs miscanthus_sacchariflorus_4x_15wks,FALSE
7515,1.702728139378813,16.838921227559407,2.2236284083222504,0.05508408246974523,0.28558829891517545,-4.1095904135015004,miscanthus_floridulus_15wks vs miscanthus_sacchariflorus_4x_15wks,FALSE
2465,1.422388445073583,17.154642119273422,2.222743897874895,0.05516183126143301,0.28558829891517545,-4.110886381327759,miscanthus_floridulus_15wks vs miscanthus_sacchariflorus_4x_15wks,FALSE
2076,2.4557607555547634,17.7126487086989,2.222594711106821,0.05517495547191728,0.28558829891517545,-4.111104956073561,miscanthus_floridulus_15wks vs miscanthus_sacchariflorus_4x_15wks,FALSE
8164,1.363776088754939,17.157892988688328,2.222537910623748,0.055179953113392355,0.28558829891517545,-4.111188174098059,miscanthus_floridulus_15wks vs miscanthus_sacchariflorus_4x_15wks,FALSE
3443,-2.1240737913854417,18.418157844721915,-2.22125432407548,0.05529300947128244,0.28558829891517545,-4.113068627123985,miscanthus_floridulus_15wks vs miscanthus_sacchariflorus_4x_15wks,FALSE
23472,1.4296562053435764,16.59604515179248,2.2206691350059415,0.0553446276474653,0.28558829891517545,-4.113925851233448,miscanthus_floridulus_15wks vs miscanthus_sacchariflorus_4x_15wks,FALSE
19453,-1.553904303462394,17.14004096691546,-2.2202348465751607,0.055382965872161245,0.28558829891517545,-4.1145619946334655,miscanthus_floridulus_15wks vs miscanthus_sacchariflorus_4x_15wks,FALSE
3350,-1.8128154092300832,17.726587795572364,-2.218309450916181,0.055553251360494854,0.28558829891517545,-4.117381981474471,miscanthus_floridulus_15wks vs miscanthus_sacchariflorus_4x_15wks,FALSE
1439,-1.2080646441813876,24.02319011144531,-2.218192020871058,0.055563653734716875,0.28558829891517545,-4.117553955645869,miscanthus_floridulus_15wks vs miscanthus_sacchariflorus_4x_15wks,FALSE
11994,2.133517496864858,17.622507965404985,2.217959016283408,0.05558429978885965,0.28558829891517545,-4.117895180818854,miscanthus_floridulus_15wks vs miscanthus_sacchariflorus_4x_15wks,FALSE
16691,-1.5901188716357773,17.69919409585647,-2.2154096031386725,0.05581069151806502,0.28625793584136616,-4.121628179635725,miscanthus_floridulus_15wks vs miscanthus_sacchariflorus_4x_15wks,FALSE
5782,-2.397435880552031,18.55598368722928,-2.212632396073439,0.05605834363851583,0.2867994537466992,-4.125693665721267,miscanthus_floridulus_15wks vs miscanthus_sacchariflorus_4x_15wks,FALSE
7402,1.5221926452574408,16.718259125892537,2.2120685849630437,0.05610875219272672,0.2867994537466992,-4.126518879267627,miscanthus_floridulus_15wks vs miscanthus_sacchariflorus_4x_15wks,FALSE
1541,-1.9346414538561199,17.321123157586783,-2.2078212602568232,0.05648992673171686,0.28738070816008027,-4.132733928271026,miscanthus_floridulus_15wks vs miscanthus_sacchariflorus_4x_15wks,FALSE
5563,1.2399063136228534,17.340512996829226,2.207800683140986,0.05649177959774759,0.28738070816008027,-4.132764032068616,miscanthus_floridulus_15wks vs miscanthus_sacchariflorus_4x_15wks,FALSE
10168,-2.3765565676591187,18.550235892645688,-2.207578644756821,0.05651177683953256,0.28738070816008027,-4.133088864642668,miscanthus_floridulus_15wks vs miscanthus_sacchariflorus_4x_15wks,FALSE
5375,2.144782225040551,17.387125020219194,2.206079601913065,0.056646965893682184,0.287577441845269,-4.135281710675805,miscanthus_floridulus_15wks vs miscanthus_sacchariflorus_4x_15wks,FALSE
5033,2.906069150094261,16.900789128179884,2.2046787914557835,0.05677358317187986,0.28773006437449317,-4.1373305610805815,miscanthus_floridulus_15wks vs miscanthus_sacchariflorus_4x_15wks,FALSE
9182,-2.5850009490661705,17.609502394571898,-2.2014933762757964,0.05706254416126041,0.2887035341265807,-4.141988528231954,miscanthus_floridulus_15wks vs miscanthus_sacchariflorus_4x_15wks,FALSE
1688,-2.413020435987928,21.19702021390187,-2.198461218760483,0.057338944171103134,0.2892506475375679,-4.146420990091148,miscanthus_floridulus_15wks vs miscanthus_sacchariflorus_4x_15wks,FALSE
429,-3.0862226580211036,21.99646985729163,-2.197070672152913,0.057466140389069054,0.2892506475375679,-4.148453256458953,miscanthus_floridulus_15wks vs miscanthus_sacchariflorus_4x_15wks,FALSE
23065,1.0935267189140276,17.225317785405796,2.1954424042846483,0.05761543356588303,0.2892506475375679,-4.150832580464398,miscanthus_floridulus_15wks vs miscanthus_sacchariflorus_4x_15wks,FALSE
19,-1.228468710891498,28.343977652525925,-2.195203673974594,0.057637354327918534,0.2892506475375679,-4.151181394161863,miscanthus_floridulus_15wks vs miscanthus_sacchariflorus_4x_15wks,FALSE
5282,-2.6273028908739278,18.674213364287752,-2.1950006645570235,0.05765600155614609,0.2892506475375679,-4.151478008578199,miscanthus_floridulus_15wks vs miscanthus_sacchariflorus_4x_15wks,FALSE
41,-3.4651042613517973,21.57617045427839,-2.1936550041176086,0.05777975564547143,0.28938432239244516,-4.153443978187907,miscanthus_floridulus_15wks vs miscanthus_sacchariflorus_4x_15wks,FALSE
1648,1.800374087974646,17.389776731033297,2.1919818231996535,0.05793399386914267,0.2896699693457134,-4.15588806308735,miscanthus_floridulus_15wks vs miscanthus_sacchariflorus_4x_15wks,FALSE
7862,-2.4625606984550856,19.200612814494008,-2.1898983534686463,0.05812661840607675,0.29014626943066785,-4.158930879066847,miscanthus_floridulus_15wks vs miscanthus_sacchariflorus_4x_15wks,FALSE
1269,-2.542425276002337,22.62049871230804,-2.188798263523905,0.05822857913686333,0.29016917362517175,-4.160537244890213,miscanthus_floridulus_15wks vs miscanthus_sacchariflorus_4x_15wks,FALSE
2440,2.2987292865736535,17.48723226266655,2.1865299043257487,0.05843937384445302,0.2907334458371786,-4.163848947391303,miscanthus_floridulus_15wks vs miscanthus_sacchariflorus_4x_15wks,FALSE
340,-1.0113059340954642,24.161999228617027,-2.1823931817172166,0.05882572075113864,0.2921677463973219,-4.169886334227843,miscanthus_floridulus_15wks vs miscanthus_sacchariflorus_4x_15wks,FALSE
10224,2.520700664742339,17.095049423269156,2.1807176192502977,0.05898292052245094,0.29246107014459866,-4.172330997473831,miscanthus_floridulus_15wks vs miscanthus_sacchariflorus_4x_15wks,FALSE
269,2.3356688859208035,22.492277207021694,2.177888031390576,0.05924932515885304,0.2931589809399757,-4.176458400342352,miscanthus_floridulus_15wks vs miscanthus_sacchariflorus_4x_15wks,FALSE
3064,2.1783563970437676,17.523225938739426,2.1771349633565187,0.0593204246667132,0.2931589809399757,-4.177556657991906,miscanthus_floridulus_15wks vs miscanthus_sacchariflorus_4x_15wks,FALSE
55,-1.5989484269855936,27.81131464831119,-2.174808687269336,0.05954058401638399,0.2932356033722057,-4.1809486829086975,miscanthus_floridulus_15wks vs miscanthus_sacchariflorus_4x_15wks,FALSE
360,1.9040530474298905,23.647608929249458,2.1731845846233866,0.05969476376947724,0.2932356033722057,-4.1833163367798,miscanthus_floridulus_15wks vs miscanthus_sacchariflorus_4x_15wks,FALSE
3782,-1.8556895201136001,21.619444714115268,-2.173180500565977,0.059695151970805785,0.2932356033722057,-4.18332229008445,miscanthus_floridulus_15wks vs miscanthus_sacchariflorus_4x_15wks,FALSE
1636,1.7950073863588898,17.64276532257262,2.17281888911911,0.05972953397547948,0.2932356033722057,-4.183849398299145,miscanthus_floridulus_15wks vs miscanthus_sacchariflorus_4x_15wks,FALSE
7204,-1.8966170716329387,18.40560221501281,-2.171616105921169,0.05984403415628122,0.2932694798867098,-4.185602503181211,miscanthus_floridulus_15wks vs miscanthus_sacchariflorus_4x_15wks,FALSE
19474,-1.258255264273636,17.45525523120817,-2.1706803872909455,0.05993325948020345,0.2932694798867098,-4.186966191273384,miscanthus_floridulus_15wks vs miscanthus_sacchariflorus_4x_15wks,FALSE
1461,-1.0351779386362345,24.123122012321023,-2.1685460228895135,0.060137269206929085,0.2937209074103151,-4.190076225702617,miscanthus_floridulus_15wks vs miscanthus_sacchariflorus_4x_15wks,FALSE
4961,2.5132705338626984,17.019564660590795,2.1662740245261842,0.06035518145536807,0.2937209074103151,-4.193386006325312,miscanthus_floridulus_15wks vs miscanthus_sacchariflorus_4x_15wks,FALSE
24138,1.110001968934803,16.58333173046804,2.16472147469367,0.060504534163508074,0.2937209074103151,-4.195647236606138,miscanthus_floridulus_15wks vs miscanthus_sacchariflorus_4x_15wks,FALSE
14610,1.9697456918868355,17.37757494062268,2.1644544378707566,0.060530259090673784,0.2937209074103151,-4.196036126364119,miscanthus_floridulus_15wks vs miscanthus_sacchariflorus_4x_15wks,FALSE
2194,-2.866099352763058,19.751296970636204,-2.163517030648662,0.060620648747153554,0.2937209074103151,-4.197401195137433,miscanthus_floridulus_15wks vs miscanthus_sacchariflorus_4x_15wks,FALSE
956,-2.9698221773512152,21.88758935314322,-2.163149682881449,0.06065610632914884,0.2937209074103151,-4.197936094475265,miscanthus_floridulus_15wks vs miscanthus_sacchariflorus_4x_15wks,FALSE
11038,2.527463255214773,16.976497629995208,2.1620291563793943,0.06076438853100021,0.2937209074103151,-4.199567570536433,miscanthus_floridulus_15wks vs miscanthus_sacchariflorus_4x_15wks,FALSE
2003,-1.841676740550497,20.894991404312776,-2.1615161422209472,0.06081402680273974,0.2937209074103151,-4.200314446091159,miscanthus_floridulus_15wks vs miscanthus_sacchariflorus_4x_15wks,FALSE
742,-4.804701948454198,20.074164888010536,-2.1594296830801287,0.061016317661747844,0.2942210786925705,-4.203351590560765,miscanthus_floridulus_15wks vs miscanthus_sacchariflorus_4x_15wks,FALSE
1299,-3.340840108655838,18.33059592729676,-2.1573297663471447,0.06122057778372969,0.2947291143707827,-4.206407604075472,miscanthus_floridulus_15wks vs miscanthus_sacchariflorus_4x_15wks,FALSE
9232,2.0480584613003288,18.8879847494237,2.155656358207462,0.0613838297781766,0.295038407643494,-4.208842398922748,miscanthus_floridulus_15wks vs miscanthus_sacchariflorus_4x_15wks,FALSE
5379,-1.1137046818642489,20.94539650695963,-2.1522644422711252,0.06171604025923302,0.2961574878784451,-4.213776186342899,miscanthus_floridulus_15wks vs miscanthus_sacchariflorus_4x_15wks,FALSE
5072,1.6564230430516922,16.677211956113933,2.1485311745422626,0.06208371490291359,0.29744287847376605,-4.219204278698884,miscanthus_floridulus_15wks vs miscanthus_sacchariflorus_4x_15wks,FALSE
4080,-2.546122111271668,18.856316039597854,-2.1445780115346738,0.062475378993612274,0.2980388020985943,-4.224949541822565,miscanthus_floridulus_15wks vs miscanthus_sacchariflorus_4x_15wks,FALSE
16921,-1.4858101471603042,16.974122452613948,-2.143359782702852,0.06259656210182875,0.2980388020985943,-4.226719501569543,miscanthus_floridulus_15wks vs miscanthus_sacchariflorus_4x_15wks,FALSE
423,-1.4190763910195479,24.192052499452856,-2.1432385512625287,0.06260863412974832,0.2980388020985943,-4.226895624455249,miscanthus_floridulus_15wks vs miscanthus_sacchariflorus_4x_15wks,FALSE
6227,-2.654501905052335,19.658306775700854,-2.1427815213211807,0.06265416486528032,0.2980388020985943,-4.227559566982314,miscanthus_floridulus_15wks vs miscanthus_sacchariflorus_4x_15wks,FALSE
3568,3.2403566478239476,19.46588833400778,2.1422399065474576,0.06270816406571095,0.2980388020985943,-4.228346342684169,miscanthus_floridulus_15wks vs miscanthus_sacchariflorus_4x_15wks,FALSE
4176,1.7397885543064433,16.82164280422609,2.1410056885759436,0.06283138588454344,0.29814893301901185,-4.230139040387634,miscanthus_floridulus_15wks vs miscanthus_sacchariflorus_4x_15wks,FALSE
15975,-1.6962510262299553,17.4080067357405,-2.1374702978237785,0.06318566187461287,0.29935337422312613,-4.235272741845785,miscanthus_floridulus_15wks vs miscanthus_sacchariflorus_4x_15wks,FALSE
2312,2.2435469284311758,17.435499709406983,2.1355693515589707,0.06337695794214507,0.29978307090094014,-4.23803219636788,miscanthus_floridulus_15wks vs miscanthus_sacchariflorus_4x_15wks,FALSE
1808,-3.329720454814602,18.887962374868277,-2.1325402545176946,0.06368295032893104,0.30075307762316084,-4.2424280071786615,miscanthus_floridulus_15wks vs miscanthus_sacchariflorus_4x_15wks,FALSE
3774,-1.0627234264100736,21.572246286492195,-2.1293018395305863,0.06401168142104459,0.3013847707335857,-4.247125813151804,miscanthus_floridulus_15wks vs miscanthus_sacchariflorus_4x_15wks,FALSE
20140,1.7028006176771875,16.951449366032517,2.1288076372941056,0.06406199314788642,0.3013847707335857,-4.247842566222772,miscanthus_floridulus_15wks vs miscanthus_sacchariflorus_4x_15wks,FALSE
15369,1.5243778960076568,17.801732010116886,2.1282371822427777,0.06412011565271589,0.3013847707335857,-4.248669857266533,miscanthus_floridulus_15wks vs miscanthus_sacchariflorus_4x_15wks,FALSE
7845,2.2223059711883906,18.998351801321494,2.127144687459222,0.06423157128126317,0.30143320065852636,-4.250254066408935,miscanthus_floridulus_15wks vs miscanthus_sacchariflorus_4x_15wks,FALSE
2673,2.1729855442663926,17.267693385359532,2.124764247452949,0.06447507676104974,0.3021002024338494,-4.253705175883558,miscanthus_floridulus_15wks vs miscanthus_sacchariflorus_4x_15wks,FALSE
2543,1.4115190723845394,17.141462780920154,2.1221694561794076,0.06474153410525767,0.3025974073638593,-4.257465904753523,miscanthus_floridulus_15wks vs miscanthus_sacchariflorus_4x_15wks,FALSE
10764,1.6103761524333073,17.085296678649108,2.1215059638021607,0.06480983977552268,0.3025974073638593,-4.258427337211386,miscanthus_floridulus_15wks vs miscanthus_sacchariflorus_4x_15wks,FALSE
7251,2.128177512777622,17.205019779117702,2.120768725009215,0.06488581990117655,0.3025974073638593,-4.259495539771022,miscanthus_floridulus_15wks vs miscanthus_sacchariflorus_4x_15wks,FALSE
4696,1.8490595141386876,16.976444649543755,2.1196803485693394,0.06499814706363548,0.30259906777892515,-4.26107233654015,miscanthus_floridulus_15wks vs miscanthus_sacchariflorus_4x_15wks,FALSE
3997,3.1093575701486884,18.067766856512613,2.118798844306862,0.06508926256586947,0.30259906777892515,-4.262349269780855,miscanthus_floridulus_15wks vs miscanthus_sacchariflorus_4x_15wks,FALSE
2538,2.880316116072027,19.37629062157832,2.117470121826389,0.06522683932672044,0.3027663258467709,-4.264273773055096,miscanthus_floridulus_15wks vs miscanthus_sacchariflorus_4x_15wks,FALSE
4705,2.3024454136362884,18.257878960473423,2.1148849432038626,0.06549532232867812,0.30353975200538225,-4.268017199930154,miscanthus_floridulus_15wks vs miscanthus_sacchariflorus_4x_15wks,FALSE
1210,-3.2726552814536056,19.530596982300224,-2.1118413997236516,0.06581278794899906,0.30427782371495926,-4.27242280621554,miscanthus_floridulus_15wks vs miscanthus_sacchariflorus_4x_15wks,FALSE
2946,3.5937208870704005,19.416195178101326,2.111401557193556,0.06585879070340561,0.30427782371495926,-4.27305935032949,miscanthus_floridulus_15wks vs miscanthus_sacchariflorus_4x_15wks,FALSE
16979,1.9649086891420424,16.9996078509129,2.1059164857564197,0.0664351045743317,0.30606606198125963,-4.280994426676423,miscanthus_floridulus_15wks vs miscanthus_sacchariflorus_4x_15wks,FALSE
3892,2.109713493102504,17.29351798876712,2.1057634347055565,0.06645125573888423,0.30606606198125963,-4.281215761535829,miscanthus_floridulus_15wks vs miscanthus_sacchariflorus_4x_15wks,FALSE
3570,-2.238708284914466,18.19970801833643,-2.1002344775252513,0.0670372829567455,0.30751237221742966,-4.2892085610336075,miscanthus_floridulus_15wks vs miscanthus_sacchariflorus_4x_15wks,FALSE
8088,-2.5194207680364507,18.295768023623925,-2.098842578507062,0.0671856035510231,0.30751237221742966,-4.2912198301034845,miscanthus_floridulus_15wks vs miscanthus_sacchariflorus_4x_15wks,FALSE
403,4.642033074827804,17.62136367494671,2.0983894876914264,0.0672339536388902,0.30751237221742966,-4.291874460112876,miscanthus_floridulus_15wks vs miscanthus_sacchariflorus_4x_15wks,FALSE
3452,-3.138229834465516,19.506345026211356,-2.097895965899174,0.06728665666694138,0.30751237221742966,-4.292587461485092,miscanthus_floridulus_15wks vs miscanthus_sacchariflorus_4x_15wks,FALSE
20035,1.3419200459391796,17.491262693248267,2.0957070445451884,0.06752089521734404,0.30751237221742966,-4.295749291971534,miscanthus_floridulus_15wks vs miscanthus_sacchariflorus_4x_15wks,FALSE
12421,-2.363471765067956,18.63848184188211,-2.0949389140427503,0.06760328126465374,0.30751237221742966,-4.296858619716206,miscanthus_floridulus_15wks vs miscanthus_sacchariflorus_4x_15wks,FALSE
2426,-3.590291228547091,19.063468106933602,-2.0948298251906765,0.0676149895373442,0.30751237221742966,-4.297016155925581,miscanthus_floridulus_15wks vs miscanthus_sacchariflorus_4x_15wks,FALSE
12058,1.9807241177235575,17.537903074704637,2.094286035020347,0.06767338276610399,0.30751237221742966,-4.297801414817599,miscanthus_floridulus_15wks vs miscanthus_sacchariflorus_4x_15wks,FALSE
2701,-3.479442839185168,18.920851830276373,-2.0940941567274556,0.06769399871632008,0.30751237221742966,-4.298078482891863,miscanthus_floridulus_15wks vs miscanthus_sacchariflorus_4x_15wks,FALSE
2530,-1.2725509235220898,17.271099400826703,-2.091654309259024,0.06795667550674471,0.3082357580062393,-4.301600962496978,miscanthus_floridulus_15wks vs miscanthus_sacchariflorus_4x_15wks,FALSE
3635,-1.0315121179195472,19.759285446654516,-2.09012342029642,0.06812199799039752,0.30851603953097967,-4.303810575681462,miscanthus_floridulus_15wks vs miscanthus_sacchariflorus_4x_15wks,FALSE
11050,2.0792852814083638,17.388076565345624,2.0867620118453245,0.06848637182238655,0.3095305739766357,-4.308660707820241,miscanthus_floridulus_15wks vs miscanthus_sacchariflorus_4x_15wks,FALSE
13366,1.7492277301860746,17.428656449919423,2.08535944869002,0.0686389673262638,0.3095305739766357,-4.310683808420697,miscanthus_floridulus_15wks vs miscanthus_sacchariflorus_4x_15wks,FALSE
15872,1.4789539834674272,16.916882875036436,2.085188206993014,0.06865762060354236,0.3095305739766357,-4.310930786881123,miscanthus_floridulus_15wks vs miscanthus_sacchariflorus_4x_15wks,FALSE
20134,-1.289846402295936,17.348623627358652,-2.082222572613351,0.06898144723421853,0.31038192462027064,-4.31520716585498,miscanthus_floridulus_15wks vs miscanthus_sacchariflorus_4x_15wks,FALSE
2515,-1.5537968733914767,17.494975480589996,-2.0809896138234363,0.06911651349391074,0.31038192462027064,-4.316984565039296,miscanthus_floridulus_15wks vs miscanthus_sacchariflorus_4x_15wks,FALSE
12484,2.1732056639980613,17.566408446993005,2.080602936174743,0.06915892548585896,0.31038192462027064,-4.317541928127435,miscanthus_floridulus_15wks vs miscanthus_sacchariflorus_4x_15wks,FALSE
6471,1.7466172866793563,17.0796245240439,2.0779864241877846,0.06944657668153424,0.3111257450660707,-4.321312645039335,miscanthus_floridulus_15wks vs miscanthus_sacchariflorus_4x_15wks,FALSE
18014,1.8478594026924853,16.855741592212254,2.0768877824262004,0.06956770356244502,0.3111257450660707,-4.3228955257844355,miscanthus_floridulus_15wks vs miscanthus_sacchariflorus_4x_15wks,FALSE
7606,2.9162817719729226,17.99315240084902,2.076252150129669,0.06963787649633194,0.3111257450660707,-4.323811212591641,miscanthus_floridulus_15wks vs miscanthus_sacchariflorus_4x_15wks,FALSE
1019,2.252992426108751,17.385391336930216,2.0752789292134572,0.06974545176759447,0.31113988962190353,-4.325213073571259,miscanthus_floridulus_15wks vs miscanthus_sacchariflorus_4x_15wks,FALSE
7903,2.3335269667195817,17.762533725049185,2.0742365323334004,0.06986085213552119,0.31118884807750846,-4.32671437192495,miscanthus_floridulus_15wks vs miscanthus_sacchariflorus_4x_15wks,FALSE
3118,1.7806993880831428,16.815047805684706,2.072802652206268,0.07001989482964537,0.311431771033348,-4.328779149807486,miscanthus_floridulus_15wks vs miscanthus_sacchariflorus_4x_15wks,FALSE
6225,-2.686282610957491,18.777084029543296,-2.069978512963842,0.07033416882865148,0.3118078908962269,-4.332844705253498,miscanthus_floridulus_15wks vs miscanthus_sacchariflorus_4x_15wks,FALSE
13321,1.580588144531582,16.707854710064485,2.069809741854291,0.07035299312860815,0.3118078908962269,-4.333087613656599,miscanthus_floridulus_15wks vs miscanthus_sacchariflorus_4x_15wks,FALSE
5838,-3.143090060338597,18.90611401636366,-2.069224035044857,0.07041835925273848,0.3118078908962269,-4.333930564259958,miscanthus_floridulus_15wks vs miscanthus_sacchariflorus_4x_15wks,FALSE
7415,2.8262014711096057,17.128689501531003,2.0673593206914402,0.07062685746579354,0.3122671146113721,-4.336613811504372,miscanthus_floridulus_15wks vs miscanthus_sacchariflorus_4x_15wks,FALSE
24462,1.1670931090613514,16.772804960857368,2.063687272351119,0.07103918774906366,0.31362485850697736,-4.341895709728355,miscanthus_floridulus_15wks vs miscanthus_sacchariflorus_4x_15wks,FALSE
8582,-1.9288318958682282,17.957878903155787,-2.0617725040886326,0.07125511874610484,0.31368245350472845,-4.344648852378921,miscanthus_floridulus_15wks vs miscanthus_sacchariflorus_4x_15wks,FALSE
11618,-2.050559887666555,17.794745091506755,-2.061704859456762,0.07126275873245005,0.31368245350472845,-4.344746101474762,miscanthus_floridulus_15wks vs miscanthus_sacchariflorus_4x_15wks,FALSE
597,3.354132174277421,19.62197448065707,2.0575214035960725,0.07173679478708733,0.3153033163208263,-4.350758636931085,miscanthus_floridulus_15wks vs miscanthus_sacchariflorus_4x_15wks,FALSE
7540,2.4219593341594177,16.808347772771484,2.053425318408438,0.07220388643823465,0.31676456078758414,-4.356642156250456,miscanthus_floridulus_15wks vs miscanthus_sacchariflorus_4x_15wks,FALSE
1542,3.1736734703305736,17.773045931731794,2.0519492231577305,0.07237293106335775,0.31676456078758414,-4.358761543370456,miscanthus_floridulus_15wks vs miscanthus_sacchariflorus_4x_15wks,FALSE
21606,1.5104422235387425,17.02075645994636,2.0518165570355626,0.0723881429182365,0.31676456078758414,-4.358952004344244,miscanthus_floridulus_15wks vs miscanthus_sacchariflorus_4x_15wks,FALSE
22756,1.418356969492411,16.53834201318428,2.048504810515959,0.07276888016586447,0.3176214052332782,-4.36370531023813,miscanthus_floridulus_15wks vs miscanthus_sacchariflorus_4x_15wks,FALSE
16772,1.8500344629874945,17.09075117226125,2.0482598349574457,0.0727971207296406,0.3176214052332782,-4.3640568304887175,miscanthus_floridulus_15wks vs miscanthus_sacchariflorus_4x_15wks,FALSE
4492,1.844515019021859,17.165428684213765,2.047230331058527,0.0729159168799077,0.3176746086288377,-4.365533950081598,miscanthus_floridulus_15wks vs miscanthus_sacchariflorus_4x_15wks,FALSE
1438,4.091162513801812,20.234692089950205,2.0453047786578082,0.07313861272413934,0.31814355806499695,-4.368296118886892,miscanthus_floridulus_15wks vs miscanthus_sacchariflorus_4x_15wks,FALSE
17385,1.6164061184354956,17.027795055150182,2.044455232455661,0.07323707410489527,0.31814355806499695,-4.369514531837936,miscanthus_floridulus_15wks vs miscanthus_sacchariflorus_4x_15wks,FALSE
9958,1.537750910816893,17.181711673641505,2.043411253713139,0.07335824540026065,0.31820607175076665,-4.37101159245993,miscanthus_floridulus_15wks vs miscanthus_sacchariflorus_4x_15wks,FALSE
16159,1.5617498968203947,16.75442023278784,2.037200596240939,0.0740831096327615,0.32044007293896903,-4.379912925048309,miscanthus_floridulus_15wks vs miscanthus_sacchariflorus_4x_15wks,FALSE
915,-2.8223396637199762,18.47411942127257,-2.0366603341445706,0.0741464912210441,0.32044007293896903,-4.380686863586986,miscanthus_floridulus_15wks vs miscanthus_sacchariflorus_4x_15wks,FALSE
1839,1.7336637974310598,17.192888187835912,2.0362398611195545,0.07419585581472773,0.32044007293896903,-4.381289158643315,miscanthus_floridulus_15wks vs miscanthus_sacchariflorus_4x_15wks,FALSE
243,-3.522390786040841,24.18794140298524,-2.0341252768673126,0.07444459470911181,0.3209938794095195,-4.384317568654284,miscanthus_floridulus_15wks vs miscanthus_sacchariflorus_4x_15wks,FALSE
19165,1.512894273785367,17.391627762267568,2.0332750443256327,0.07454483441168047,0.3209938794095195,-4.385534964694406,miscanthus_floridulus_15wks vs miscanthus_sacchariflorus_4x_15wks,FALSE
933,-3.230874957034869,18.375392499388322,-2.0323155664191845,0.07465811023409374,0.3209938794095195,-4.386908597583674,miscanthus_floridulus_15wks vs miscanthus_sacchariflorus_4x_15wks,FALSE
4756,2.0722782040209147,17.31399076443016,2.031496415970656,0.07475495043966662,0.3209938794095195,-4.388081175783589,miscanthus_floridulus_15wks vs miscanthus_sacchariflorus_4x_15wks,FALSE
22730,1.270481274668299,16.944671040144854,2.0287058761196737,0.07508575937061511,0.32167606263691056,-4.39207463443822,miscanthus_floridulus_15wks vs miscanthus_sacchariflorus_4x_15wks,FALSE
3745,-1.350886939322205,21.62488351958847,-2.0283360125788,0.07512971127358715,0.32167606263691056,-4.392603809790398,miscanthus_floridulus_15wks vs miscanthus_sacchariflorus_4x_15wks,FALSE
23580,-1.0313872416645982,16.39837694168753,-2.027373024576827,0.07524426223210949,0.3217043062434523,-4.393981448865027,miscanthus_floridulus_15wks vs miscanthus_sacchariflorus_4x_15wks,FALSE
3462,1.4306428480390068,16.8517255370623,2.0241530101833907,0.07562851923859815,0.3228839360043302,-4.398586510229614,miscanthus_floridulus_15wks vs miscanthus_sacchariflorus_4x_15wks,FALSE
21186,1.1276903363046316,17.3373126118289,2.0225718038343925,0.0758179027706267,0.3232154670434508,-4.400847030065945,miscanthus_floridulus_15wks vs miscanthus_sacchariflorus_4x_15wks,FALSE
16088,-1.2848090653250566,18.268441329797028,-2.0212567473650402,0.07597575722682558,0.3232154670434508,-4.402726643620834,miscanthus_floridulus_15wks vs miscanthus_sacchariflorus_4x_15wks,FALSE
620,-1.1569685115253918,22.584340761061032,-2.0200017572322384,0.07612669688632873,0.3232154670434508,-4.40452005284987,miscanthus_floridulus_15wks vs miscanthus_sacchariflorus_4x_15wks,FALSE
15940,1.8358909284550755,17.21273748150479,2.0198911020297037,0.07614001941761828,0.3232154670434508,-4.404678165142628,miscanthus_floridulus_15wks vs miscanthus_sacchariflorus_4x_15wks,FALSE
2049,-1.6980621643792624,21.725827911060126,-2.0170547806677237,0.07648227116064196,0.32406898511838667,-4.408729995258278,miscanthus_floridulus_15wks vs miscanthus_sacchariflorus_4x_15wks,FALSE
3731,-2.1083797591548468,17.87714328133746,-2.016424066424652,0.07655857903467926,0.32406898511838667,-4.409630763035783,miscanthus_floridulus_15wks vs miscanthus_sacchariflorus_4x_15wks,FALSE
18742,1.311639728604785,16.972794593777955,2.0137766185299086,0.07687968498969201,0.3249666117294783,-4.413410816021011,miscanthus_floridulus_15wks vs miscanthus_sacchariflorus_4x_15wks,FALSE
6240,1.9117448670550985,19.04103858205996,2.0087503458709666,0.07749288744487888,0.32641505885830197,-4.420583111790315,miscanthus_floridulus_15wks vs miscanthus_sacchariflorus_4x_15wks,FALSE
17455,1.8563440065133143,17.367169639957414,2.0070460076850463,0.07770188244802047,0.32641505885830197,-4.423013859594146,miscanthus_floridulus_15wks vs miscanthus_sacchariflorus_4x_15wks,FALSE
9751,1.886142956461434,17.411505725913347,2.0057078501708383,0.07786635439182318,0.32641505885830197,-4.424921900745896,miscanthus_floridulus_15wks vs miscanthus_sacchariflorus_4x_15wks,FALSE
8971,2.4175425228187635,17.470892981804504,2.0041212394578767,0.07806179750628783,0.32641505885830197,-4.427183683857279,miscanthus_floridulus_15wks vs miscanthus_sacchariflorus_4x_15wks,FALSE
5263,1.9956488001955748,19.338810005170476,2.0033561592332805,0.07815621075419525,0.32641505885830197,-4.428274136993576,miscanthus_floridulus_15wks vs miscanthus_sacchariflorus_4x_15wks,FALSE
4594,2.5997407049619454,17.509706817891466,2.0031747103850113,0.07817861820536004,0.32641505885830197,-4.428532732975128,miscanthus_floridulus_15wks vs miscanthus_sacchariflorus_4x_15wks,FALSE
4135,-2.4100686492315617,18.71471662742269,-2.002944948040708,0.07820700084385565,0.32641505885830197,-4.428860173396933,miscanthus_floridulus_15wks vs miscanthus_sacchariflorus_4x_15wks,FALSE
6517,2.390851447513942,17.059500793956165,2.0025732802388427,0.0782529341040844,0.32641505885830197,-4.429389821859572,miscanthus_floridulus_15wks vs miscanthus_sacchariflorus_4x_15wks,FALSE
5613,-1.2851098088032629,20.32031943315426,-1.9991965234408593,0.07867144708279165,0.32641505885830197,-4.43420046848953,miscanthus_floridulus_15wks vs miscanthus_sacchariflorus_4x_15wks,FALSE
950,-3.3977185614351058,18.906586695384718,-1.9990502871498042,0.07868962003806862,0.32641505885830197,-4.434408743504358,miscanthus_floridulus_15wks vs miscanthus_sacchariflorus_4x_15wks,FALSE
3043,2.233569406476832,17.13772307409754,1.9987295445798312,0.07872949322558281,0.32641505885830197,-4.434865539668079,miscanthus_floridulus_15wks vs miscanthus_sacchariflorus_4x_15wks,FALSE
2994,2.4325326144288724,17.248621522116515,1.998630513472752,0.07874180822416824,0.32641505885830197,-4.435006573380816,miscanthus_floridulus_15wks vs miscanthus_sacchariflorus_4x_15wks,FALSE
1211,-4.3496512067562705,20.35095151568376,-1.9966144814907425,0.07899291445205414,0.32641505885830197,-4.437877191045185,miscanthus_floridulus_15wks vs miscanthus_sacchariflorus_4x_15wks,FALSE
10692,1.5669359262969778,17.228561083331225,1.996607725903754,0.07899375718437952,0.32641505885830197,-4.437886808734758,miscanthus_floridulus_15wks vs miscanthus_sacchariflorus_4x_15wks,FALSE
1069,2.028959269240925,17.467259630927142,1.9965635770560197,0.0789992647884262,0.32641505885830197,-4.437949661627029,miscanthus_floridulus_15wks vs miscanthus_sacchariflorus_4x_15wks,FALSE
2544,-2.819225516553132,18.587202575389327,-1.9951698770258162,0.07917331979103157,0.32641505885830197,-4.439933586120436,miscanthus_floridulus_15wks vs miscanthus_sacchariflorus_4x_15wks,FALSE
17076,1.647994652222934,17.151888902239975,1.995056420838005,0.07918750520064273,0.32641505885830197,-4.440095070858549,miscanthus_floridulus_15wks vs miscanthus_sacchariflorus_4x_15wks,FALSE
2842,-2.4969360290209153,19.348053083546535,-1.9950045684296038,0.07919398911226588,0.32641505885830197,-4.440168872574855,miscanthus_floridulus_15wks vs miscanthus_sacchariflorus_4x_15wks,FALSE
459,0.9913052615861453,24.698221660482403,1.9938517634463904,0.07933827401550188,0.32655808917982815,-4.441809505057941,miscanthus_floridulus_15wks vs miscanthus_sacchariflorus_4x_15wks,FALSE
2233,-1.0293409970060985,23.98232020868778,-1.9924912218437876,0.07950888410639234,0.3265634047443834,-4.443745389226687,miscanthus_floridulus_15wks vs miscanthus_sacchariflorus_4x_15wks,FALSE
7684,-1.9338716352258913,17.988303431228076,-1.992094207806974,0.07955873551826252,0.3265634047443834,-4.444310211486785,miscanthus_floridulus_15wks vs miscanthus_sacchariflorus_4x_15wks,FALSE
3170,-1.0339670777515018,22.383910573017914,-1.9901104752696608,0.07980827467561931,0.32685596244498755,-4.447131876245836,miscanthus_floridulus_15wks vs miscanthus_sacchariflorus_4x_15wks,FALSE
9767,2.0245195967784255,17.567780805543737,1.9892141324738093,0.07992127446352146,0.32685596244498755,-4.448406538187655,miscanthus_floridulus_15wks vs miscanthus_sacchariflorus_4x_15wks,FALSE
13455,1.9914881195414829,17.457778003247892,1.9888439653673302,0.07996798534998538,0.32685596244498755,-4.4489328874524,miscanthus_floridulus_15wks vs miscanthus_sacchariflorus_4x_15wks,FALSE
5789,1.653225371938536,17.49225193980357,1.9880462073986676,0.08006874247813453,0.32685596244498755,-4.450067130380916,miscanthus_floridulus_15wks vs miscanthus_sacchariflorus_4x_15wks,FALSE
3629,-3.1179829221301887,18.300881270667837,-1.9843291964930894,0.08053981115083673,0.32832918909643427,-4.455349985906745,miscanthus_floridulus_15wks vs miscanthus_sacchariflorus_4x_15wks,FALSE
347,3.163211409265692,18.75225409910402,1.9830152451637624,0.08070696777733054,0.32856115297328553,-4.457216688597423,miscanthus_floridulus_15wks vs miscanthus_sacchariflorus_4x_15wks,FALSE
6552,-2.2713597514073847,18.767131277423438,-1.9810976037934247,0.08095152137019176,0.32897315399597427,-4.459940316355211,miscanthus_floridulus_15wks vs miscanthus_sacchariflorus_4x_15wks,FALSE
6734,2.433100701103278,17.050738969409355,1.980491550356592,0.08102895806478025,0.32897315399597427,-4.4608009153629276,miscanthus_floridulus_15wks vs miscanthus_sacchariflorus_4x_15wks,FALSE
3291,-1.2786126299372889,21.449341967324468,-1.9776785540796251,0.08138931144430561,0.32964341146872506,-4.464794253944309,miscanthus_floridulus_15wks vs miscanthus_sacchariflorus_4x_15wks,FALSE
11590,-1.8990966431956693,18.712853115226675,-1.9771393972557492,0.08145855434091372,0.32964341146872506,-4.465559429739949,miscanthus_floridulus_15wks vs miscanthus_sacchariflorus_4x_15wks,FALSE
17215,1.613871082788524,17.411961805127937,1.9762323936076058,0.08157516655312029,0.32964341146872506,-4.46684650181706,miscanthus_floridulus_15wks vs miscanthus_sacchariflorus_4x_15wks,FALSE
9088,1.2827097238643255,17.919325150980836,1.9751755586773805,0.08171124423807588,0.32964341146872506,-4.468345944534171,miscanthus_floridulus_15wks vs miscanthus_sacchariflorus_4x_15wks,FALSE
2012,1.9015396266499884,18.001761645626345,1.974548356028794,0.08179210547826446,0.32964341146872506,-4.469235697651413,miscanthus_floridulus_15wks vs miscanthus_sacchariflorus_4x_15wks,FALSE
10701,1.3495692299951898,16.736501478681937,1.9734820743367385,0.08192975043204621,0.32964341146872506,-4.470748116390894,miscanthus_floridulus_15wks vs miscanthus_sacchariflorus_4x_15wks,FALSE
2315,-1.0748027878709259,17.122876834775838,-1.9731442191330029,0.0819734100255028,0.32964341146872506,-4.471227275356376,miscanthus_floridulus_15wks vs miscanthus_sacchariflorus_4x_15wks,FALSE
382,-1.6558432295549537,22.359798339393375,-1.9716302171943583,0.08216933201526039,0.32964341146872506,-4.473374156144437,miscanthus_floridulus_15wks vs miscanthus_sacchariflorus_4x_15wks,FALSE
266,-2.8717304385778384,18.94470101567643,-1.9714736712942762,0.08218961567827608,0.32964341146872506,-4.473596109756203,miscanthus_floridulus_15wks vs miscanthus_sacchariflorus_4x_15wks,FALSE
850,3.167033617946778,17.958721148640155,1.9679665350192193,0.08264529501401129,0.3301934528717071,-4.4785670550636985,miscanthus_floridulus_15wks vs miscanthus_sacchariflorus_4x_15wks,FALSE
350,-4.704894958388611,20.446531192984693,-1.967624257583142,0.0826898962147758,0.3301934528717071,-4.479052034425905,miscanthus_floridulus_15wks vs miscanthus_sacchariflorus_4x_15wks,FALSE
3904,2.7182347711200023,17.046457087840025,1.9671294344512897,0.08275441596261288,0.3301934528717071,-4.479753108903933,miscanthus_floridulus_15wks vs miscanthus_sacchariflorus_4x_15wks,FALSE
20627,1.4039498948838371,17.04579658969796,1.966621679444397,0.08282067200270675,0.3301934528717071,-4.480472444295779,miscanthus_floridulus_15wks vs miscanthus_sacchariflorus_4x_15wks,FALSE
4129,1.541833879736707,17.137926604497213,1.9661085002603411,0.08288768744231034,0.3301934528717071,-4.481199401061193,miscanthus_floridulus_15wks vs miscanthus_sacchariflorus_4x_15wks,FALSE
6955,-2.3584219406933897,18.161225949237007,-1.965313745956073,0.08299157590634516,0.3301934528717071,-4.482325104861967,miscanthus_floridulus_15wks vs miscanthus_sacchariflorus_4x_15wks,FALSE
14512,1.8781172494065217,17.239810555415698,1.9631876745784007,0.08327010420321697,0.3308464808097696,-4.485335759714589,miscanthus_floridulus_15wks vs miscanthus_sacchariflorus_4x_15wks,FALSE
21522,1.4700918839082604,16.944244261266835,1.9622226826073497,0.08339681903242545,0.3308464808097696,-4.486701890011036,miscanthus_floridulus_15wks vs miscanthus_sacchariflorus_4x_15wks,FALSE
1658,-0.9282902709326919,22.069485871519063,-1.9606993813370093,0.08359722209264192,0.3308464808097696,-4.488857953856027,miscanthus_floridulus_15wks vs miscanthus_sacchariflorus_4x_15wks,FALSE
10685,2.1229915087430236,17.57963371965993,1.959008571619591,0.0838202018416528,0.3308464808097696,-4.491250446449996,miscanthus_floridulus_15wks vs miscanthus_sacchariflorus_4x_15wks,FALSE
3761,2.8680777112742,17.743943960532167,1.9583865040121278,0.08390238164430734,0.3308464808097696,-4.492130495598365,miscanthus_floridulus_15wks vs miscanthus_sacchariflorus_4x_15wks,FALSE
9407,1.4978946142014813,16.991135725992862,1.9560801804528893,0.08420773733511801,0.3308464808097696,-4.495392463632913,miscanthus_floridulus_15wks vs miscanthus_sacchariflorus_4x_15wks,FALSE
12710,1.9847490418706037,17.260893130574964,1.9559810144744665,0.08422089064677253,0.3308464808097696,-4.495532690661647,miscanthus_floridulus_15wks vs miscanthus_sacchariflorus_4x_15wks,FALSE
3910,1.4638820078374444,21.42416198690793,1.9553519620636755,0.08430437352477346,0.3308464808097696,-4.496422154778322,miscanthus_floridulus_15wks vs miscanthus_sacchariflorus_4x_15wks,FALSE
22926,1.422946784486328,16.58900042928534,1.9548604299275447,0.08436966085948111,0.3308464808097696,-4.497117101124962,miscanthus_floridulus_15wks vs miscanthus_sacchariflorus_4x_15wks,FALSE
15107,-1.8098160615715244,18.113591896190776,-1.9543603599160124,0.08443613183739303,0.3308464808097696,-4.497824057722792,miscanthus_floridulus_15wks vs miscanthus_sacchariflorus_4x_15wks,FALSE
2290,-2.4022792670299395,18.389843981652223,-1.954287365105629,0.08444583873837347,0.3308464808097696,-4.497927246457164,miscanthus_floridulus_15wks vs miscanthus_sacchariflorus_4x_15wks,FALSE
7899,1.5297692689244329,17.231995030836988,1.9536264814493651,0.08453377207896517,0.3308464808097696,-4.498861441544898,miscanthus_floridulus_15wks vs miscanthus_sacchariflorus_4x_15wks,FALSE
21298,1.6086675394638554,17.149495714888047,1.952468122067769,0.08468810785624586,0.3308464808097696,-4.500498586200898,miscanthus_floridulus_15wks vs miscanthus_sacchariflorus_4x_15wks,FALSE
18989,1.4992681838581348,17.104084424721254,1.952303811959002,0.0847100217643806,0.3308464808097696,-4.500730783898194,miscanthus_floridulus_15wks vs miscanthus_sacchariflorus_4x_15wks,FALSE
12696,2.1821594318983237,17.033954798626848,1.9512339733640143,0.08485283786776644,0.3309704932538534,-4.502242481977136,miscanthus_floridulus_15wks vs miscanthus_sacchariflorus_4x_15wks,FALSE
76,-2.669250095943841,20.014042063472182,-1.9452754912575332,0.08565247277093915,0.3329529724547938,-4.510656715607735,miscanthus_floridulus_15wks vs miscanthus_sacchariflorus_4x_15wks,FALSE
3481,1.9005922450868873,17.36355197423715,1.9450481029020843,0.08568313067869938,0.3329529724547938,-4.51097764556486,miscanthus_floridulus_15wks vs miscanthus_sacchariflorus_4x_15wks,FALSE
1642,1.8918464064972262,18.97962162019171,1.944950560273011,0.08569628519222379,0.3329529724547938,-4.511115310711734,miscanthus_floridulus_15wks vs miscanthus_sacchariflorus_4x_15wks,FALSE
8955,-2.3628990975681763,17.748959844229873,-1.9421211495627018,0.08607869735213376,0.3336328877752799,-4.51510751532554,miscanthus_floridulus_15wks vs miscanthus_sacchariflorus_4x_15wks,FALSE
7635,1.7047558311030606,17.370186423034827,1.9413309124933713,0.0861857934303873,0.3336328877752799,-4.516222154828083,miscanthus_floridulus_15wks vs miscanthus_sacchariflorus_4x_15wks,FALSE
7,-3.2139976372484256,26.60313804404431,-1.9411733983940775,0.0862071555660958,0.3336328877752799,-4.516444311716352,miscanthus_floridulus_15wks vs miscanthus_sacchariflorus_4x_15wks,FALSE
15663,-1.2369799265440626,18.126714874412478,-1.9365967174177288,0.08683005814882219,0.3354130877495145,-4.522896501417732,miscanthus_floridulus_15wks vs miscanthus_sacchariflorus_4x_15wks,FALSE
4120,-2.054437378264918,20.000765483524468,-1.9361414967235162,0.08689224957806214,0.3354130877495145,-4.52353798034564,miscanthus_floridulus_15wks vs miscanthus_sacchariflorus_4x_15wks,FALSE
611,-3.150946040383044,19.095768100522058,-1.929622214490069,0.08778757576675415,0.33783828655421183,-4.532718905588659,miscanthus_floridulus_15wks vs miscanthus_sacchariflorus_4x_15wks,FALSE
8857,1.4087693493741789,17.098999596552126,1.9284621972030294,0.0879478057154516,0.33783828655421183,-4.53435138662537,miscanthus_floridulus_15wks vs miscanthus_sacchariflorus_4x_15wks,FALSE
21784,1.333808657601164,17.203371077380115,1.9283503892238543,0.08796326415686313,0.33783828655421183,-4.534508714639438,miscanthus_floridulus_15wks vs miscanthus_sacchariflorus_4x_15wks,FALSE
2887,1.7801059629641252,17.62286392013283,1.9282007867339173,0.08798395207351509,0.33783828655421183,-4.534719219298207,miscanthus_floridulus_15wks vs miscanthus_sacchariflorus_4x_15wks,FALSE
13401,-1.512987843788153,17.38709408869494,-1.927453466932484,0.08808736531967201,0.33783828655421183,-4.535770681749661,miscanthus_floridulus_15wks vs miscanthus_sacchariflorus_4x_15wks,FALSE
8829,1.984508256365224,17.07309738791818,1.926030327969707,0.0882846179847281,0.33789839376143166,-4.537772608979367,miscanthus_floridulus_15wks vs miscanthus_sacchariflorus_4x_15wks,FALSE
470,-1.8671626287330483,23.85974440178248,-1.9257046669480173,0.08832981501347492,0.33789839376143166,-4.538230642343025,miscanthus_floridulus_15wks vs miscanthus_sacchariflorus_4x_15wks,FALSE
12530,-1.8414407094514154,18.531571583264952,-1.924549915329771,0.08849025550579542,0.33807815565034666,-4.539854548207651,miscanthus_floridulus_15wks vs miscanthus_sacchariflorus_4x_15wks,FALSE
478,-4.111765470196129,19.905519867079768,-1.9222601811843005,0.08880921098920913,0.33882301008690957,-4.5430735379224565,miscanthus_floridulus_15wks vs miscanthus_sacchariflorus_4x_15wks,FALSE
6523,-1.7397233022711376,17.72115661826232,-1.9215195369397073,0.0889126153986454,0.33882301008690957,-4.544114470683974,miscanthus_floridulus_15wks vs miscanthus_sacchariflorus_4x_15wks,FALSE
842,1.6391869892485396,17.290601107226056,1.9206784552035714,0.08903018130332255,0.33883772705479076,-4.545296389527723,miscanthus_floridulus_15wks vs miscanthus_sacchariflorus_4x_15wks,FALSE
10819,1.9065923656369712,17.60935111384057,1.9180402524153546,0.08939990852639886,0.33981087679677113,-4.549002492066684,miscanthus_floridulus_15wks vs miscanthus_sacchariflorus_4x_15wks,FALSE
6609,2.0625112042678637,17.451556576407032,1.9150263870551743,0.08982407051253885,0.3407213876287379,-4.553234090307944,miscanthus_floridulus_15wks vs miscanthus_sacchariflorus_4x_15wks,FALSE
4566,-2.310338278375113,18.963504630275246,-1.9144540118466378,0.08990484084846179,0.3407213876287379,-4.554037460538724,miscanthus_floridulus_15wks vs miscanthus_sacchariflorus_4x_15wks,FALSE
601,-1.9280701872842094,19.765059790137222,-1.9139044250617154,0.08998246042409956,0.3407213876287379,-4.554808764418722,miscanthus_floridulus_15wks vs miscanthus_sacchariflorus_4x_15wks,FALSE
4459,-3.247366536032139,18.71243462903045,-1.9100660609786055,0.0905263421666572,0.3423458117470031,-4.560193398418586,miscanthus_floridulus_15wks vs miscanthus_sacchariflorus_4x_15wks,FALSE
10400,1.9292811003660155,17.096656382188673,1.908768831083724,0.09071086038205253,0.34260882628455835,-4.562012330434083,miscanthus_floridulus_15wks vs miscanthus_sacchariflorus_4x_15wks,FALSE
5074,1.8603584228152599,17.520843023028778,1.907629676609166,0.09087318867471886,0.3427874712033699,-4.563609245767168,miscanthus_floridulus_15wks vs miscanthus_sacchariflorus_4x_15wks,FALSE
267,2.645134216065024,18.233016889378487,1.9059629061093448,0.09111119924522162,0.3431440891183056,-4.565945173118704,miscanthus_floridulus_15wks vs miscanthus_sacchariflorus_4x_15wks,FALSE
8756,2.1053028598545147,17.224582024622592,1.9046574773970943,0.09129802464237946,0.3431440891183056,-4.5677741734017285,miscanthus_floridulus_15wks vs miscanthus_sacchariflorus_4x_15wks,FALSE
14262,1.5859093155683048,17.34215711826025,1.904551723924218,0.09131317539289138,0.3431440891183056,-4.567922321738518,miscanthus_floridulus_15wks vs miscanthus_sacchariflorus_4x_15wks,FALSE
4944,-2.5074966188132386,19.252950600608802,-1.8944745786887838,0.09276788000037099,0.3479606892614531,-4.582025430016195,miscanthus_floridulus_15wks vs miscanthus_sacchariflorus_4x_15wks,FALSE
13639,1.2168877098857465,17.254916047915742,1.894046419470774,0.09283017224533509,0.3479606892614531,-4.582624036423232,miscanthus_floridulus_15wks vs miscanthus_sacchariflorus_4x_15wks,FALSE
9423,-1.8566903461882482,17.658645141969746,-1.8932564749738852,0.09294520424567673,0.3479606892614531,-4.583728321315805,miscanthus_floridulus_15wks vs miscanthus_sacchariflorus_4x_15wks,FALSE
16506,1.8326474835234094,17.08638973333749,1.891722787276739,0.09316892659821098,0.3481789322199289,-4.585871819223322,miscanthus_floridulus_15wks vs miscanthus_sacchariflorus_4x_15wks,FALSE
20341,-1.0345829638755824,17.4789908961374,-1.890580905629702,0.09333582692951495,0.3481789322199289,-4.587467307626908,miscanthus_floridulus_15wks vs miscanthus_sacchariflorus_4x_15wks,FALSE
19141,-1.773511402038551,17.059461219342573,-1.8901724865403096,0.09339559131215257,0.3481789322199289,-4.5880378825257395,miscanthus_floridulus_15wks vs miscanthus_sacchariflorus_4x_15wks,FALSE
4209,-2.8548130242740903,18.456687222003584,-1.8896585052373025,0.09347085428722923,0.3481789322199289,-4.588755866374063,miscanthus_floridulus_15wks vs miscanthus_sacchariflorus_4x_15wks,FALSE
4390,1.813262220221997,16.649860826947805,1.8876360525387539,0.09376756341158368,0.3488481135661915,-4.591580340070554,miscanthus_floridulus_15wks vs miscanthus_sacchariflorus_4x_15wks,FALSE
2542,-2.7251188316915673,18.27921636523908,-1.8849451546554312,0.09416372279046935,0.3488766787834896,-4.595336591799466,miscanthus_floridulus_15wks vs miscanthus_sacchariflorus_4x_15wks,FALSE
569,1.1587624182121523,17.01300160216203,1.883488215926725,0.0943788775236792,0.3488766787834896,-4.597369513257714,miscanthus_floridulus_15wks vs miscanthus_sacchariflorus_4x_15wks,FALSE
4022,2.7212133911080585,17.221536590418115,1.8833696799335842,0.09439640290549751,0.3488766787834896,-4.5975348851551106,miscanthus_floridulus_15wks vs miscanthus_sacchariflorus_4x_15wks,FALSE
7477,-1.963610477750965,17.793496414917165,-1.8813180718269202,0.09470021914731569,0.3488766787834896,-4.600396506846137,miscanthus_floridulus_15wks vs miscanthus_sacchariflorus_4x_15wks,FALSE
20004,1.545959478744642,17.250595028710126,1.8797937862125453,0.09492654523390898,0.3488766787834896,-4.602521852116498,miscanthus_floridulus_15wks vs miscanthus_sacchariflorus_4x_15wks,FALSE
10010,-1.8393408276807577,17.954889688147247,-1.8797131013202648,0.09493853959726285,0.3488766787834896,-4.602634334831472,miscanthus_floridulus_15wks vs miscanthus_sacchariflorus_4x_15wks,FALSE
19966,-1.1719914496149073,17.54188651372626,-1.8794554341479939,0.09497685320135536,0.3488766787834896,-4.602993536193342,miscanthus_floridulus_15wks vs miscanthus_sacchariflorus_4x_15wks,FALSE
5503,1.1720562950413829,17.10525816537709,1.878893301329177,0.09506048988283926,0.3488766787834896,-4.603777114182595,miscanthus_floridulus_15wks vs miscanthus_sacchariflorus_4x_15wks,FALSE
6563,1.934167052795729,17.44291763097228,1.8787430311034574,0.09508285958040473,0.3488766787834896,-4.603986566550275,miscanthus_floridulus_15wks vs miscanthus_sacchariflorus_4x_15wks,FALSE
2978,-2.151345278041255,17.791799982403887,-1.8785800366576473,0.09510712907979345,0.3488766787834896,-4.604213747297453,miscanthus_floridulus_15wks vs miscanthus_sacchariflorus_4x_15wks,FALSE
2955,-1.0492625280187013,21.872286524805872,-1.8783938827584894,0.09513485414239246,0.3488766787834896,-4.604473198491326,miscanthus_floridulus_15wks vs miscanthus_sacchariflorus_4x_15wks,FALSE
954,-2.03573671960557,19.034561219267836,-1.8756535683991886,0.09554387254852935,0.3488766787834896,-4.608291378869757,miscanthus_floridulus_15wks vs miscanthus_sacchariflorus_4x_15wks,FALSE
1432,-3.5885162687996512,19.940581112911186,-1.8744267485330428,0.09572752609001582,0.3488766787834896,-4.610000070126667,miscanthus_floridulus_15wks vs miscanthus_sacchariflorus_4x_15wks,FALSE
20448,-1.1441449675571178,17.18983898900428,-1.8738781409004714,0.0958097600671798,0.3488766787834896,-4.610764023573151,miscanthus_floridulus_15wks vs miscanthus_sacchariflorus_4x_15wks,FALSE
12669,1.5402317779254275,17.095857734557583,1.873489974232564,0.09586798498822548,0.3488766787834896,-4.611304506790437,miscanthus_floridulus_15wks vs miscanthus_sacchariflorus_4x_15wks,FALSE
16997,1.8073629697787474,17.0518081979305,1.8730392308287669,0.09593563841193667,0.3488766787834896,-4.611932068646312,miscanthus_floridulus_15wks vs miscanthus_sacchariflorus_4x_15wks,FALSE
19539,1.5454704369292998,17.027243364285532,1.8715728106933138,0.09615605039387497,0.3488766787834896,-4.61397334274977,miscanthus_floridulus_15wks vs miscanthus_sacchariflorus_4x_15wks,FALSE
5251,-2.719354251727573,18.61762467348193,-1.8713726798672752,0.0961861684091046,0.3488766787834896,-4.6142518801820085,miscanthus_floridulus_15wks vs miscanthus_sacchariflorus_4x_15wks,FALSE
1457,-1.1849857460940783,23.19356400801306,-1.87130864725242,0.09619580666588473,0.3488766787834896,-4.614340996899505,miscanthus_floridulus_15wks vs miscanthus_sacchariflorus_4x_15wks,FALSE
13647,1.0098298201498608,16.962227568887105,1.870726125212229,0.0962835304596929,0.3488766787834896,-4.615151662628621,miscanthus_floridulus_15wks vs miscanthus_sacchariflorus_4x_15wks,FALSE
2487,3.794593675808624,19.09157314266734,1.870562154632221,0.09630823693774195,0.3488766787834896,-4.615379834692898,miscanthus_floridulus_15wks vs miscanthus_sacchariflorus_4x_15wks,FALSE
5883,2.2796663477765335,17.032173671251,1.8698825737758074,0.09641069758560175,0.3488766787834896,-4.61632541942527,miscanthus_floridulus_15wks vs miscanthus_sacchariflorus_4x_15wks,FALSE
1877,2.708698295720332,18.991332282315504,1.869503377986383,0.09646791386496491,0.3488766787834896,-4.616852984534377,miscanthus_floridulus_15wks vs miscanthus_sacchariflorus_4x_15wks,FALSE
10088,-1.798339326147616,17.560624988242253,-1.8646189054957887,0.09720780027867171,0.35063455030895563,-4.6236449735327065,miscanthus_floridulus_15wks vs miscanthus_sacchariflorus_4x_15wks,FALSE
7722,1.5596309351704,17.167594704460036,1.863980216045536,0.09730494273770295,0.35063455030895563,-4.624532586003038,miscanthus_floridulus_15wks vs miscanthus_sacchariflorus_4x_15wks,FALSE
9270,2.2980820170645124,17.375961102095307,1.8636792216227362,0.09735075474136054,0.35063455030895563,-4.6249508496927145,miscanthus_floridulus_15wks vs miscanthus_sacchariflorus_4x_15wks,FALSE
145,-5.73992865277933,20.78052685143071,-1.8630602278113313,0.09744503099225683,0.35063455030895563,-4.625810925887173,miscanthus_floridulus_15wks vs miscanthus_sacchariflorus_4x_15wks,FALSE
17020,1.2222417016874267,17.242515474450467,1.862189032899906,0.09757786502366911,0.35063455030895563,-4.627021243387851,miscanthus_floridulus_15wks vs miscanthus_sacchariflorus_4x_15wks,FALSE
3489,2.553489415464071,17.228499673057147,1.8616511800384756,0.09765995864309839,0.35063455030895563,-4.62776835309781,miscanthus_floridulus_15wks vs miscanthus_sacchariflorus_4x_15wks,FALSE
10140,1.7674650407062202,16.96857375943803,1.859830706933063,0.09793830561153383,0.35076764882998834,-4.6302964829573225,miscanthus_floridulus_15wks vs miscanthus_sacchariflorus_4x_15wks,FALSE
3503,-1.08986177765469,21.23469609562289,-1.858823886329411,0.09809256818224389,0.35076764882998834,-4.631694267146388,miscanthus_floridulus_15wks vs miscanthus_sacchariflorus_4x_15wks,FALSE
7175,2.196046520196081,17.655150439948017,1.8572100909621532,0.09834030855972531,0.35076764882998834,-4.633934114354002,miscanthus_floridulus_15wks vs miscanthus_sacchariflorus_4x_15wks,FALSE
17615,-1.3905953883438684,17.46013036396155,-1.856808579528585,0.09840203792703464,0.35076764882998834,-4.634491270414641,miscanthus_floridulus_15wks vs miscanthus_sacchariflorus_4x_15wks,FALSE
1201,-1.3399498455241066,22.785542583967093,-1.8565081626476208,0.09844824868446019,0.35076764882998834,-4.634908112482172,miscanthus_floridulus_15wks vs miscanthus_sacchariflorus_4x_15wks,FALSE
12577,1.7152415177768319,17.156021797406236,1.8554635969389741,0.09860908545282994,0.35076764882998834,-4.636357291726805,miscanthus_floridulus_15wks vs miscanthus_sacchariflorus_4x_15wks,FALSE
17075,1.3437655351070994,17.124874916445293,1.8552983960790161,0.0986345449172757,0.35076764882998834,-4.636586454381966,miscanthus_floridulus_15wks vs miscanthus_sacchariflorus_4x_15wks,FALSE
719,-0.8754108069566335,26.1092674776168,-1.854636081912536,0.09873667789521808,0.35076764882998834,-4.637505121266275,miscanthus_floridulus_15wks vs miscanthus_sacchariflorus_4x_15wks,FALSE
6850,-1.6573701762052835,17.45161330362442,-1.8540208817068442,0.09883163499502011,0.35076764882998834,-4.638358324530395,miscanthus_floridulus_15wks vs miscanthus_sacchariflorus_4x_15wks,FALSE
11851,-2.11840889798167,18.25671130250126,-1.8537459281536965,0.09887410235476182,0.35076764882998834,-4.638739614108825,miscanthus_floridulus_15wks vs miscanthus_sacchariflorus_4x_15wks,FALSE
221,3.052256423123918,17.582935498787702,1.8498029324148744,0.09948500590013322,0.35157790661940225,-4.64420511236722,miscanthus_floridulus_15wks vs miscanthus_sacchariflorus_4x_15wks,FALSE
10288,1.2176620872227133,17.164118429817698,1.8497048914113132,0.0995002410328219,0.35157790661940225,-4.644340952037606,miscanthus_floridulus_15wks vs miscanthus_sacchariflorus_4x_15wks,FALSE
66,-1.646817912997797,25.143181255964144,-1.849469579706137,0.09953681639484872,0.35157790661940225,-4.644666974210822,miscanthus_floridulus_15wks vs miscanthus_sacchariflorus_4x_15wks,FALSE
4634,2.802460525510501,18.920225078515855,1.849227777401239,0.09957441382106559,0.35157790661940225,-4.645001972191637,miscanthus_floridulus_15wks vs miscanthus_sacchariflorus_4x_15wks,FALSE
4449,-2.775987822834246,18.45897575758906,-1.8470504410586095,0.09991356774496753,0.35235790755029966,-4.648017728860698,miscanthus_floridulus_15wks vs miscanthus_sacchariflorus_4x_15wks,FALSE
1856,2.1353755874991975,17.625498704947827,1.8431971915618819,0.10051644105512525,0.3537857359707525,-4.653351326221017,miscanthus_floridulus_15wks vs miscanthus_sacchariflorus_4x_15wks,FALSE
20856,1.5173988353581827,16.65665527524483,1.8426971272769357,0.10059493112077722,0.3537857359707525,-4.6540431853832684,miscanthus_floridulus_15wks vs miscanthus_sacchariflorus_4x_15wks,FALSE
21727,1.187121865315401,16.9524130273064,1.8421899367699954,0.10067459869234838,0.3537857359707525,-4.654744828522252,miscanthus_floridulus_15wks vs miscanthus_sacchariflorus_4x_15wks,FALSE
1112,2.116166156715945,17.118967438061283,1.838246969379444,0.10129597487168909,0.35555006492065194,-4.660196899148179,miscanthus_floridulus_15wks vs miscanthus_sacchariflorus_4x_15wks,FALSE
3072,-3.5823989403917693,18.23932335046509,-1.83489694266707,0.10182674418605034,0.3567434406038238,-4.664825459621275,miscanthus_floridulus_15wks vs miscanthus_sacchariflorus_4x_15wks,FALSE
5011,1.7943011999613532,17.298013824628523,1.833807069571439,0.10199998426552123,0.3567434406038238,-4.666330559133213,miscanthus_floridulus_15wks vs miscanthus_sacchariflorus_4x_15wks,FALSE
20952,-1.1345897250753936,17.223014134994568,-1.833154267752393,0.10210388271252811,0.3567434406038238,-4.667231899049732,miscanthus_floridulus_15wks vs miscanthus_sacchariflorus_4x_15wks,FALSE
3185,1.8571695403541781,17.875656526440803,1.8330856027750584,0.10211481705874553,0.3567434406038238,-4.667326699092094,miscanthus_floridulus_15wks vs miscanthus_sacchariflorus_4x_15wks,FALSE
21036,1.3008699087705367,17.07658905886708,1.8304930617002895,0.1025284651981291,0.3574109186375855,-4.670904970302069,miscanthus_floridulus_15wks vs miscanthus_sacchariflorus_4x_15wks,FALSE
14624,1.4823955115362963,17.64882155929704,1.8303849424815117,0.10254575014601866,0.3574109186375855,-4.671054154486686,miscanthus_floridulus_15wks vs miscanthus_sacchariflorus_4x_15wks,FALSE
3875,3.0828597344606017,18.830651881987208,1.8276964356838936,0.1029764421251805,0.35849275412738074,-4.674762655141302,miscanthus_floridulus_15wks vs miscanthus_sacchariflorus_4x_15wks,FALSE
164,2.7272776872730446,21.472108244682936,1.8267362611802407,0.10313067133372908,0.3586107357928969,-4.676086581759373,miscanthus_floridulus_15wks vs miscanthus_sacchariflorus_4x_15wks,FALSE
16645,1.5316195585765016,17.18882779364091,1.8244173841909848,0.10350403950317606,0.35948955445159053,-4.679282789650204,miscanthus_floridulus_15wks vs miscanthus_sacchariflorus_4x_15wks,FALSE
21746,1.448576327694596,16.690737123178696,1.8230844657787408,0.10371923049342077,0.35981758657787416,-4.681119269560297,miscanthus_floridulus_15wks vs miscanthus_sacchariflorus_4x_15wks,FALSE
7269,1.9394137873007153,17.258186889022234,1.8216621188308286,0.10394932261369198,0.3601964899869792,-4.683078366688746,miscanthus_floridulus_15wks vs miscanthus_sacchariflorus_4x_15wks,FALSE
8322,2.001728930882809,17.302893288636,1.818654736283539,0.10443740411772,0.36146743817747456,-4.6872186099923825,miscanthus_floridulus_15wks vs miscanthus_sacchariflorus_4x_15wks,FALSE
237,4.760279641208957,23.14212222112397,1.816084814288614,0.10485619217093824,0.3624958847672807,-4.690754408871333,miscanthus_floridulus_15wks vs miscanthus_sacchariflorus_4x_15wks,FALSE
1057,-0.8441724649020621,25.42250980658453,-1.8130029413966915,0.10536048447460376,0.36329863683354574,-4.694991890153903,miscanthus_floridulus_15wks vs miscanthus_sacchariflorus_4x_15wks,FALSE
606,-3.873445764278003,22.025586004182106,-1.8120654369314146,0.10551434074203467,0.36329863683354574,-4.696280348596624,miscanthus_floridulus_15wks vs miscanthus_sacchariflorus_4x_15wks,FALSE
22912,1.1634545919699804,17.187201214173147,1.8120457835960264,0.10551756835535243,0.36329863683354574,-4.696307356231525,miscanthus_floridulus_15wks vs miscanthus_sacchariflorus_4x_15wks,FALSE
2678,2.0572657994224848,17.087363815898236,1.811622577918035,0.10558709273091951,0.36329863683354574,-4.696888896928173,miscanthus_floridulus_15wks vs miscanthus_sacchariflorus_4x_15wks,FALSE
4186,-1.5074877534788769,18.33518659282298,-1.8097401843252612,0.10589685379956014,0.36329863683354574,-4.69947488274047,miscanthus_floridulus_15wks vs miscanthus_sacchariflorus_4x_15wks,FALSE
20858,1.4923722499888896,17.35292658904878,1.8097219364607753,0.10589986077941543,0.36329863683354574,-4.699499945825535,miscanthus_floridulus_15wks vs miscanthus_sacchariflorus_4x_15wks,FALSE
2795,-1.861966324251572,19.14532566772509,-1.8094675777377938,0.1059417836940776,0.36329863683354574,-4.699849291789638,miscanthus_floridulus_15wks vs miscanthus_sacchariflorus_4x_15wks,FALSE
106,-2.698457537080408,20.52684479111732,-1.8064431888734294,0.1064414513166743,0.36420722350207246,-4.704001560212879,miscanthus_floridulus_15wks vs miscanthus_sacchariflorus_4x_15wks,FALSE
20772,1.1105738849384466,17.575485636845254,1.8063844853640978,0.10645117170144466,0.36420722350207246,-4.7040821277093325,miscanthus_floridulus_15wks vs miscanthus_sacchariflorus_4x_15wks,FALSE
1754,2.0199335185705536,17.327150983661806,1.804478778481493,0.10676717917185928,0.36425138429528986,-4.706697025986028,miscanthus_floridulus_15wks vs miscanthus_sacchariflorus_4x_15wks,FALSE
5774,-0.9906403204552774,16.875517157292364,-1.8044350507479956,0.10677444048138088,0.36425138429528986,-4.70675701326717,miscanthus_floridulus_15wks vs miscanthus_sacchariflorus_4x_15wks,FALSE
920,2.724956282691519,17.915165123037617,1.8040958971460974,0.10683077512553132,0.36425138429528986,-4.707222256077273,miscanthus_floridulus_15wks vs miscanthus_sacchariflorus_4x_15wks,FALSE
1471,2.5143835888856394,18.06514478482644,1.8020094347601698,0.10717795704550893,0.3650174994235619,-4.710083622146877,miscanthus_floridulus_15wks vs miscanthus_sacchariflorus_4x_15wks,FALSE
22942,1.1043981727831742,16.748974817410236,1.8005650496639027,0.10741891759970836,0.3654205187752636,-4.712063645184111,miscanthus_floridulus_15wks vs miscanthus_sacchariflorus_4x_15wks,FALSE
708,2.426161236812625,19.370671963683794,1.797160640208812,0.10798886855170438,0.3659540906301456,-4.716727949895811,miscanthus_floridulus_15wks vs miscanthus_sacchariflorus_4x_15wks,FALSE
3248,-2.108535401513155,18.792238437317312,-1.797131801350662,0.10799370869135684,0.3659540906301456,-4.71676744572684,miscanthus_floridulus_15wks vs miscanthus_sacchariflorus_4x_15wks,FALSE
8633,2.009474818589286,16.899954070519225,1.7964959843236044,0.10810047196905158,0.3659540906301456,-4.717638152634173,miscanthus_floridulus_15wks vs miscanthus_sacchariflorus_4x_15wks,FALSE
5409,1.0876177228433157,16.931592270286725,1.7961362400290422,0.10816092220755102,0.3659540906301456,-4.718130740548672,miscanthus_floridulus_15wks vs miscanthus_sacchariflorus_4x_15wks,FALSE
4044,2.131953693033857,17.471661863023368,1.795964552437737,0.1081897831695162,0.3659540906301456,-4.718365813163563,miscanthus_floridulus_15wks vs miscanthus_sacchariflorus_4x_15wks,FALSE
3647,-3.0994822306153758,19.656580879133767,-1.7948423194715228,0.1083786098904508,0.3659713716751421,-4.719902130981618,miscanthus_floridulus_15wks vs miscanthus_sacchariflorus_4x_15wks,FALSE
2311,-3.252993217952298,18.79196105482904,-1.7944748307071152,0.10844051046615788,0.3659713716751421,-4.720405129960015,miscanthus_floridulus_15wks vs miscanthus_sacchariflorus_4x_15wks,FALSE
11597,1.19102230966298,16.31894128589866,1.7922907273662068,0.1088090882515474,0.36627283386964427,-4.7233937278426925,miscanthus_floridulus_15wks vs miscanthus_sacchariflorus_4x_15wks,FALSE
19961,1.331715737605382,16.830902299608056,1.7922655910918754,0.10881333692829526,0.36627283386964427,-4.723428113994248,miscanthus_floridulus_15wks vs miscanthus_sacchariflorus_4x_15wks,FALSE
999,2.917209160538679,19.124410879401257,1.7907642777842834,0.10906737899185796,0.36627283386964427,-4.725481528891588,miscanthus_floridulus_15wks vs miscanthus_sacchariflorus_4x_15wks,FALSE
23494,0.954164056416289,16.853734184477524,1.7898344593625586,0.10922499451630203,0.36627283386964427,-4.726752923144525,miscanthus_floridulus_15wks vs miscanthus_sacchariflorus_4x_15wks,FALSE
23803,0.9567673384027628,17.001652367664462,1.789819344421143,0.10922755844050432,0.36627283386964427,-4.726773588390724,miscanthus_floridulus_15wks vs miscanthus_sacchariflorus_4x_15wks,FALSE
358,-4.602020335421088,20.387787950538815,-1.7895851101766138,0.10926729842621268,0.36627283386964427,-4.727093825630644,miscanthus_floridulus_15wks vs miscanthus_sacchariflorus_4x_15wks,FALSE
6027,1.820547469155919,17.306977952845543,1.7888278971027638,0.10939585904382462,0.3662917527534802,-4.728128941922739,miscanthus_floridulus_15wks vs miscanthus_sacchariflorus_4x_15wks,FALSE
16366,0.9143917304615741,17.04090387590469,1.787550784792948,0.10961300916853123,0.3664202773374434,-4.729874348356667,miscanthus_floridulus_15wks vs miscanthus_sacchariflorus_4x_15wks,FALSE
22173,1.420956932226705,16.99193758943018,1.786323131205434,0.10982212936098872,0.3664202773374434,-4.73155166699909,miscanthus_floridulus_15wks vs miscanthus_sacchariflorus_4x_15wks,FALSE
9365,-1.9038196916525578,18.419764625058857,-1.785952763518983,0.10988529145442012,0.3664202773374434,-4.7320575978824015,miscanthus_floridulus_15wks vs miscanthus_sacchariflorus_4x_15wks,FALSE
14378,1.79234810914879,17.25982533028845,1.785534659442076,0.1099566352387807,0.3664202773374434,-4.73262868475855,miscanthus_floridulus_15wks vs miscanthus_sacchariflorus_4x_15wks,FALSE
1519,-3.567418722981351,21.08709484981316,-1.784967457417791,0.11005348973404067,0.3664202773374434,-4.7334033340360655,miscanthus_floridulus_15wks vs miscanthus_sacchariflorus_4x_15wks,FALSE
6911,2.2954911383634737,17.254863763663224,1.7842740515635884,0.11017200285045278,0.3664202773374434,-4.734350203847744,miscanthus_floridulus_15wks vs miscanthus_sacchariflorus_4x_15wks,FALSE
15438,-1.2532851622870282,17.31860284699622,-1.7831753885244954,0.11036002437551783,0.3666364243467593,-4.735850148901081,miscanthus_floridulus_15wks vs miscanthus_sacchariflorus_4x_15wks,FALSE
17875,1.5577023781209398,17.466180864957124,1.780341886085462,0.11084632430165024,0.3678200520718382,-4.739716775084185,miscanthus_floridulus_15wks vs miscanthus_sacchariflorus_4x_15wks,FALSE
14501,1.3982939196112376,17.361039980074672,1.7794094057527456,0.11100679824979597,0.3678200520718382,-4.740988678218137,miscanthus_floridulus_15wks vs miscanthus_sacchariflorus_4x_15wks,FALSE
2919,-2.859904634805414,20.793943176130178,-1.7784520230610958,0.11117178330664224,0.3678200520718382,-4.742294254335603,miscanthus_floridulus_15wks vs miscanthus_sacchariflorus_4x_15wks,FALSE
8401,-2.200059716903869,18.833801314814863,-1.7782303164901845,0.11121002245527727,0.3678200520718382,-4.74259655154755,miscanthus_floridulus_15wks vs miscanthus_sacchariflorus_4x_15wks,FALSE
6207,2.2386429304197897,19.925047895887655,1.7744535251161413,0.11186331780626081,0.36924509117182797,-4.747743750837685,miscanthus_floridulus_15wks vs miscanthus_sacchariflorus_4x_15wks,FALSE
4216,1.8172601095957397,17.545463639028444,1.7743072194742122,0.11188869708998679,0.36924509117182797,-4.747943049728557,miscanthus_floridulus_15wks vs miscanthus_sacchariflorus_4x_15wks,FALSE
11996,-1.606316090185608,17.951205995948875,-1.7713376977953799,0.1124049746264308,0.37053852255172987,-4.7519866436251625,miscanthus_floridulus_15wks vs miscanthus_sacchariflorus_4x_15wks,FALSE
3596,-2.664860366834777,19.48380061324136,-1.769681097245558,0.1126939533833457,0.3710688324329251,-4.754241176057033,miscanthus_floridulus_15wks vs miscanthus_sacchariflorus_4x_15wks,FALSE
513,-4.066189711794152,19.68645417059215,-1.768989009653703,0.11281488663900341,0.3710688324329251,-4.75518279750404,miscanthus_floridulus_15wks vs miscanthus_sacchariflorus_4x_15wks,FALSE
6989,2.0966934242468547,20.122326014987824,1.7669012842141538,0.11318042229411418,0.37186070389907416,-4.758022299932478,miscanthus_floridulus_15wks vs miscanthus_sacchariflorus_4x_15wks,FALSE
6528,1.7478682002251347,17.080587465982592,1.7640917212456144,0.11367408455743633,0.3730713347810135,-4.761841292983872,miscanthus_floridulus_15wks vs miscanthus_sacchariflorus_4x_15wks,FALSE
21207,1.2387234568291206,16.994542421100345,1.759077008538607,0.11456019456593027,0.37556587437455685,-4.768651188430807,miscanthus_floridulus_15wks vs miscanthus_sacchariflorus_4x_15wks,FALSE
3811,-1.7149059552728758,18.192128155716617,-1.7578332495390165,0.11478096194491583,0.37561626550114385,-4.770338892788443,miscanthus_floridulus_15wks vs miscanthus_sacchariflorus_4x_15wks,FALSE
10050,1.5630958737961933,19.177659959576324,1.7575704641196594,0.11482765700387318,0.37561626550114385,-4.770695410122128,miscanthus_floridulus_15wks vs miscanthus_sacchariflorus_4x_15wks,FALSE
13759,1.232048826047727,17.324464551455847,1.7554348480742175,0.11520779622244909,0.3759596459968002,-4.773591911586829,miscanthus_floridulus_15wks vs miscanthus_sacchariflorus_4x_15wks,FALSE
441,-3.8452233794357316,18.85859521201255,-1.7548994536426488,0.11530327961829602,0.3759596459968002,-4.77431781816724,miscanthus_floridulus_15wks vs miscanthus_sacchariflorus_4x_15wks,FALSE
3830,-2.3601938957415562,18.248932055647863,-1.754855549171453,0.11531111289968972,0.3759596459968002,-4.774377341113907,miscanthus_floridulus_15wks vs miscanthus_sacchariflorus_4x_15wks,FALSE
22851,0.934193126603116,16.90306126955678,1.7532783441970186,0.11559284061313488,0.3764663005761114,-4.776515186864147,miscanthus_floridulus_15wks vs miscanthus_sacchariflorus_4x_15wks,FALSE
6933,-0.8669575110930339,20.50345717915163,-1.7473970088732764,0.11664904200223815,0.37949142485444287,-4.784479717563542,miscanthus_floridulus_15wks vs miscanthus_sacchariflorus_4x_15wks,FALSE
16327,-1.1184942643550606,18.10289701026188,-1.7421685006131888,0.11759552386352692,0.3818253363535864,-4.791550312814028,miscanthus_floridulus_15wks vs miscanthus_sacchariflorus_4x_15wks,FALSE
169,4.747981520858083,22.40572345961701,1.7420189295542952,0.1176227042861048,0.3818253363535864,-4.7917524426824105,miscanthus_floridulus_15wks vs miscanthus_sacchariflorus_4x_15wks,FALSE
2844,2.8104351545385846,19.103156400820712,1.740564131649582,0.11788737799287297,0.38222844844164455,-4.793718051948052,miscanthus_floridulus_15wks vs miscanthus_sacchariflorus_4x_15wks,FALSE
9000,1.3615440672498806,16.919941807556803,1.7394276360889613,0.1180945267257548,0.38222844844164455,-4.795253090421007,miscanthus_floridulus_15wks vs miscanthus_sacchariflorus_4x_15wks,FALSE
3195,-0.9501148164595143,20.639756022815227,-1.7392240047940382,0.11813167819287068,0.38222844844164455,-4.795528083632364,miscanthus_floridulus_15wks vs miscanthus_sacchariflorus_4x_15wks,FALSE
8455,1.7535639321645533,17.6548425061152,1.7376343042588027,0.11842208358171989,0.3827525044181402,-4.797674398793397,miscanthus_floridulus_15wks vs miscanthus_sacchariflorus_4x_15wks,FALSE
1264,-1.7093045751802727,17.021079654107304,-1.7361085194743768,0.11870143533177062,0.38290809736437287,-4.7997335994152,miscanthus_floridulus_15wks vs miscanthus_sacchariflorus_4x_15wks,FALSE
201,-3.7947913170254424,21.23389587408763,-1.7357496024827057,0.11876723715468725,0.38290809736437287,-4.800217877333517,miscanthus_floridulus_15wks vs miscanthus_sacchariflorus_4x_15wks,FALSE
7869,1.7424845519428231,16.74638049158231,1.734201324956302,0.11905147733995591,0.38290809736437287,-4.802306419650463,miscanthus_floridulus_15wks vs miscanthus_sacchariflorus_4x_15wks,FALSE
14675,1.9933206761245899,17.084643579257648,1.7338891340208193,0.11910886716638416,0.38290809736437287,-4.8027274477178405,miscanthus_floridulus_15wks vs miscanthus_sacchariflorus_4x_15wks,FALSE
3741,-2.868600310320261,18.350430075290394,-1.7338073240731497,0.11912391046672648,0.38290809736437287,-4.802837772959683,miscanthus_floridulus_15wks vs miscanthus_sacchariflorus_4x_15wks,FALSE
13760,1.7504890300364089,17.345047448281385,1.733169909147781,0.11924117931346913,0.38290809736437287,-4.803697282783968,miscanthus_floridulus_15wks vs miscanthus_sacchariflorus_4x_15wks,FALSE
2625,-2.656546136138477,19.101374399276825,-1.731948178988952,0.11946624699109062,0.3832178859348225,-4.805344307051358,miscanthus_floridulus_15wks vs miscanthus_sacchariflorus_4x_15wks,FALSE
2399,-2.214115063542117,21.987879349354323,-1.7309991861493832,0.11964134237894748,0.3833668820314661,-4.806623294023081,miscanthus_floridulus_15wks vs miscanthus_sacchariflorus_4x_15wks,FALSE
2187,-0.9414271864348649,19.295308056957857,-1.7258765594746714,0.12059061125966679,0.38599357846810634,-4.813521793935903,miscanthus_floridulus_15wks vs miscanthus_sacchariflorus_4x_15wks,FALSE
21948,1.0250032630109445,16.87898233083365,1.7236400251634723,0.12100724350827102,0.38691157259082365,-4.816530792460513,miscanthus_floridulus_15wks vs miscanthus_sacchariflorus_4x_15wks,FALSE
6383,2.320310092243499,17.372296731111607,1.7224695554988512,0.12122581463321096,0.38716976062113956,-4.818104823508465,miscanthus_floridulus_15wks vs miscanthus_sacchariflorus_4x_15wks,FALSE
3653,-2.1977388113186684,18.842644878608503,-1.7218169587783405,0.12134783772488064,0.38716976062113956,-4.818982216918728,miscanthus_floridulus_15wks vs miscanthus_sacchariflorus_4x_15wks,FALSE
4828,-2.1248553460332715,17.722721769295784,-1.720866834090783,0.12152569594532962,0.38732253894875107,-4.820259357849846,miscanthus_floridulus_15wks vs miscanthus_sacchariflorus_4x_15wks,FALSE
5387,0.8715545397469135,16.79292280151442,1.717236771001897,0.12220744610397334,0.38907926216863303,-4.825135887389461,miscanthus_floridulus_15wks vs miscanthus_sacchariflorus_4x_15wks,FALSE
13176,1.9137095131186044,17.016564801658426,1.715577413076975,0.12252026037518064,0.38965888571829066,-4.8273634691991525,miscanthus_floridulus_15wks vs miscanthus_sacchariflorus_4x_15wks,FALSE
7453,-1.6029886811280356,18.434054915649547,-1.714378224207274,0.12274678609227763,0.3899631370522253,-4.828972694303823,miscanthus_floridulus_15wks vs miscanthus_sacchariflorus_4x_15wks,FALSE
723,1.2779336756910027,16.713348077345774,1.7117197159754463,0.12325035605462964,0.3901746285443484,-4.832538393680341,miscanthus_floridulus_15wks vs miscanthus_sacchariflorus_4x_15wks,FALSE
15346,1.0093901091823945,16.962423076314398,1.7116966434695224,0.1232547347464056,0.3901746285443484,-4.832569328420919,miscanthus_floridulus_15wks vs miscanthus_sacchariflorus_4x_15wks,FALSE
5475,-2.5060778242528308,18.762223383654327,-1.7113350568022965,0.12332337529872271,0.3901746285443484,-4.83305410524661,miscanthus_floridulus_15wks vs miscanthus_sacchariflorus_4x_15wks,FALSE
22975,1.0984710073440667,16.64101241334643,1.711262882054338,0.12333708056670342,0.3901746285443484,-4.833150863851717,miscanthus_floridulus_15wks vs miscanthus_sacchariflorus_4x_15wks,FALSE
612,1.5015577481176088,23.424328850895623,1.7104934364593167,0.12348327807411835,0.39022287238692754,-4.834182278918011,miscanthus_floridulus_15wks vs miscanthus_sacchariflorus_4x_15wks,FALSE
1321,-1.7905342779598108,18.61912263904642,-1.7083168529764097,0.12389770368646211,0.3911177510441282,-4.837098764875874,miscanthus_floridulus_15wks vs miscanthus_sacchariflorus_4x_15wks,FALSE
4373,2.7315033310375973,20.650238485788073,1.705251745628785,0.12448348245133761,0.3923802610117097,-4.841202931752678,miscanthus_floridulus_15wks vs miscanthus_sacchariflorus_4x_15wks,FALSE
9211,-2.0776251107801436,18.101835438489775,-1.7048472226614921,0.1245609821869387,0.3923802610117097,-4.841744333710073,miscanthus_floridulus_15wks vs miscanthus_sacchariflorus_4x_15wks,FALSE
19045,-1.4717166824209968,17.4385274662842,-1.7031075183545428,0.1248947874367302,0.3927659167092089,-4.844072030850899,miscanthus_floridulus_15wks vs miscanthus_sacchariflorus_4x_15wks,FALSE
2189,-0.8581347219446229,22.790257523484968,-1.7027405134193911,0.12496531167300415,0.3927659167092089,-4.844562938000858,miscanthus_floridulus_15wks vs miscanthus_sacchariflorus_4x_15wks,FALSE
18570,1.4753491985471108,17.015905027963854,1.7021502719846562,0.1250788103882682,0.3927659167092089,-4.845352344892756,miscanthus_floridulus_15wks vs miscanthus_sacchariflorus_4x_15wks,FALSE
21250,1.0976132253058495,17.040985362823243,1.7002932585764552,0.1254365193027975,0.3929535574968689,-4.847835147997959,miscanthus_floridulus_15wks vs miscanthus_sacchariflorus_4x_15wks,FALSE
8190,1.3258196784233576,17.27657710826678,1.699861747426317,0.1255197744184948,0.3929535574968689,-4.848411893747736,miscanthus_floridulus_15wks vs miscanthus_sacchariflorus_4x_15wks,FALSE
3614,1.2526898954506223,17.556155720463988,1.6997872311973328,0.1255341566231608,0.3929535574968689,-4.848511483211056,miscanthus_floridulus_15wks vs miscanthus_sacchariflorus_4x_15wks,FALSE
7408,1.7620524396339867,17.097962893961586,1.694625726323036,0.12653406926878677,0.3956679185949471,-4.855404812291026,miscanthus_floridulus_15wks vs miscanthus_sacchariflorus_4x_15wks,FALSE
1310,-3.1094089808432805,19.102138996437606,-1.6914133930406294,0.12716007556789674,0.3967858201345542,-4.859690054493134,miscanthus_floridulus_15wks vs miscanthus_sacchariflorus_4x_15wks,FALSE
19296,-0.9942984519171532,16.96262258343533,-1.6909162409088692,0.12725721282989447,0.3967858201345542,-4.860352915478033,miscanthus_floridulus_15wks vs miscanthus_sacchariflorus_4x_15wks,FALSE
329,-1.1340895378420441,24.727281691438453,-1.690743288821594,0.12729102149283014,0.3967858201345542,-4.860583493995262,miscanthus_floridulus_15wks vs miscanthus_sacchariflorus_4x_15wks,FALSE
18389,1.6706135848169268,17.116042811901764,1.6890997279267568,0.12761271731144036,0.3971496682010929,-4.8627741286438955,miscanthus_floridulus_15wks vs miscanthus_sacchariflorus_4x_15wks,FALSE
10729,1.4559076529260189,17.414743182024658,1.6887855879655402,0.12767428930759966,0.3971496682010929,-4.863192719610511,miscanthus_floridulus_15wks vs miscanthus_sacchariflorus_4x_15wks,FALSE
1151,2.8495879743002916,17.43680631534336,1.6871339156133696,0.12799846977376822,0.39715933086096855,-4.8653929713279345,miscanthus_floridulus_15wks vs miscanthus_sacchariflorus_4x_15wks,FALSE
3410,2.3090618238664256,20.162445597784735,1.6866316749174737,0.12809719657697907,0.39715933086096855,-4.866061824334332,miscanthus_floridulus_15wks vs miscanthus_sacchariflorus_4x_15wks,FALSE
5925,2.0726509827069997,19.550247903582594,1.6850218350804493,0.1284141191593764,0.39715933086096855,-4.8682050802664,miscanthus_floridulus_15wks vs miscanthus_sacchariflorus_4x_15wks,FALSE
1716,-0.8572848978322156,21.414211364592074,-1.6848506258552896,0.128447866788961,0.39715933086096855,-4.86843296274731,miscanthus_floridulus_15wks vs miscanthus_sacchariflorus_4x_15wks,FALSE
21961,0.8786725295095366,17.056010814864354,1.6846671294929159,0.1284840454281158,0.39715933086096855,-4.868677187561466,miscanthus_floridulus_15wks vs miscanthus_sacchariflorus_4x_15wks,FALSE
3416,1.0002618093438578,17.276228396665086,1.6841118649631224,0.12859357994353718,0.39715933086096855,-4.8694161418381405,miscanthus_floridulus_15wks vs miscanthus_sacchariflorus_4x_15wks,FALSE
8720,1.2485408690904656,17.364455873884566,1.6839153945511798,0.12863235732154515,0.39715933086096855,-4.8696775801852255,miscanthus_floridulus_15wks vs miscanthus_sacchariflorus_4x_15wks,FALSE
12451,1.9322171617149415,17.169698347810165,1.6833520960089798,0.12874359517170994,0.39715933086096855,-4.870427068283337,miscanthus_floridulus_15wks vs miscanthus_sacchariflorus_4x_15wks,FALSE
15427,-1.2966861401629863,17.69248743645814,-1.681998760675923,0.1290112075795704,0.3975733180838881,-4.872227245705109,miscanthus_floridulus_15wks vs miscanthus_sacchariflorus_4x_15wks,FALSE
3894,-1.3783686222198739,18.157673706227367,-1.6802845949673302,0.12935090519634915,0.3979422094486617,-4.874506413583805,miscanthus_floridulus_15wks vs miscanthus_sacchariflorus_4x_15wks,FALSE
14619,1.4215646556753292,17.2609048952276,1.6789492307344551,0.12961610446412775,0.3979422094486617,-4.876281164972268,miscanthus_floridulus_15wks vs miscanthus_sacchariflorus_4x_15wks,FALSE
17968,1.3996613478540496,17.76515349821208,1.678303676231611,0.1297444885626298,0.3979422094486617,-4.877138893418735,miscanthus_floridulus_15wks vs miscanthus_sacchariflorus_4x_15wks,FALSE
16112,1.4169968868139478,17.52199019648986,1.6782412217988854,0.12975691532656103,0.3979422094486617,-4.877221866441712,miscanthus_floridulus_15wks vs miscanthus_sacchariflorus_4x_15wks,FALSE
1206,-2.2574666171234092,20.603281920692048,-1.678031763757523,0.12979859986043596,0.3979422094486617,-4.877500128545111,miscanthus_floridulus_15wks vs miscanthus_sacchariflorus_4x_15wks,FALSE
21252,1.291582718216901,16.592250479009905,1.6770066731027735,0.1300027819303275,0.39815857158517565,-4.878861710513418,miscanthus_floridulus_15wks vs miscanthus_sacchariflorus_4x_15wks,FALSE
16456,1.3412620797831387,17.45452772327324,1.6757159255129828,0.130260298042394,0.3985376675219036,-4.880575592848675,miscanthus_floridulus_15wks vs miscanthus_sacchariflorus_4x_15wks,FALSE
18167,0.8320779281084683,17.11369764310012,1.6734431016358713,0.13071488559852368,0.39863433479277466,-4.88359197715064,miscanthus_floridulus_15wks vs miscanthus_sacchariflorus_4x_15wks,FALSE
18847,1.2339602632881785,16.88796701387445,1.6725702423955178,0.13088985265683176,0.39863433479277466,-4.884749878333216,miscanthus_floridulus_15wks vs miscanthus_sacchariflorus_4x_15wks,FALSE
108,-0.9940365990174165,23.968994054636003,-1.6722458480600266,0.130954933136666,0.39863433479277466,-4.885180134123326,miscanthus_floridulus_15wks vs miscanthus_sacchariflorus_4x_15wks,FALSE
1538,2.6246050667670104,18.490403814453803,1.6721152081323238,0.13098115069733895,0.39863433479277466,-4.885353395322489,miscanthus_floridulus_15wks vs miscanthus_sacchariflorus_4x_15wks,FALSE
4072,-2.0680163415742676,18.833482428209116,-1.671086911732704,0.13118768316737978,0.39863433479277466,-4.886716948673143,miscanthus_floridulus_15wks vs miscanthus_sacchariflorus_4x_15wks,FALSE
5166,-2.180278378706248,17.458998992909862,-1.6709573929422552,0.13121371807345067,0.39863433479277466,-4.886888666368723,miscanthus_floridulus_15wks vs miscanthus_sacchariflorus_4x_15wks,FALSE
3785,-2.246360707753258,18.12866137568973,-1.6708849469501916,0.13122828269520534,0.39863433479277466,-4.886984713444536,miscanthus_floridulus_15wks vs miscanthus_sacchariflorus_4x_15wks,FALSE
18917,1.4607893051957568,16.70377744932609,1.6691507590522365,0.13157736845414758,0.3991278096975194,-4.889283264260881,miscanthus_floridulus_15wks vs miscanthus_sacchariflorus_4x_15wks,FALSE
8877,2.0442842749884953,17.232920283986104,1.6678032157297198,0.13184921155206708,0.3991278096975194,-4.891068557720484,miscanthus_floridulus_15wks vs miscanthus_sacchariflorus_4x_15wks,FALSE
20623,1.433890887883237,16.684083311863652,1.6674311565915425,0.13192435854796103,0.3991278096975194,-4.891561359232755,miscanthus_floridulus_15wks vs miscanthus_sacchariflorus_4x_15wks,FALSE
2343,1.5634427582367394,17.471151442483155,1.6674206855670752,0.13192647401075724,0.3991278096975194,-4.891575227603596,miscanthus_floridulus_15wks vs miscanthus_sacchariflorus_4x_15wks,FALSE
5790,2.5534340556994053,17.80156300086398,1.6663690916238962,0.13213908609558164,0.39936559489334006,-4.892967801544353,miscanthus_floridulus_15wks vs miscanthus_sacchariflorus_4x_15wks,FALSE
4968,1.4649272514954497,18.41165090531338,1.6649042914741952,0.1324357637498116,0.39985671324664496,-4.8949068638966065,miscanthus_floridulus_15wks vs miscanthus_sacchariflorus_4x_15wks,FALSE
299,3.067033690735137,20.79687383525114,1.6638561204800548,0.13264843255718103,0.4000934504255056,-4.896293902852513,miscanthus_floridulus_15wks vs miscanthus_sacchariflorus_4x_15wks,FALSE
4126,1.6886602960136265,17.285131206499464,1.6628536198644108,0.13285212763668353,0.400302669724284,-4.897620114728226,miscanthus_floridulus_15wks vs miscanthus_sacchariflorus_4x_15wks,FALSE
19232,1.2097202617587541,16.642351101716848,1.6598471348468442,0.13346472475349963,0.4017423027933625,-4.901595103498738,miscanthus_floridulus_15wks vs miscanthus_sacchariflorus_4x_15wks,FALSE
7597,-2.474452722069369,18.375199611203023,-1.6582383808304528,0.133793582969475,0.40222469815160133,-4.903720677326442,miscanthus_floridulus_15wks vs miscanthus_sacchariflorus_4x_15wks,FALSE
6984,-1.3822242235560047,18.81413135591627,-1.6577433116910762,0.1338949330759693,0.40222469815160133,-4.904374589930143,miscanthus_floridulus_15wks vs miscanthus_sacchariflorus_4x_15wks,FALSE
6461,-2.5990095800096107,20.390014931084686,-1.6538918280287702,0.13468580673381425,0.40408036812854337,-4.909458606035038,miscanthus_floridulus_15wks vs miscanthus_sacchariflorus_4x_15wks,FALSE
2056,-2.8821158779515272,18.839993284473195,-1.6534157866634878,0.134783854335494,0.40408036812854337,-4.910086590658391,miscanthus_floridulus_15wks vs miscanthus_sacchariflorus_4x_15wks,FALSE
5329,2.4467479841616466,18.540585594053816,1.6527368901170558,0.13492379577136163,0.4040933782901082,-4.910982026468599,miscanthus_floridulus_15wks vs miscanthus_sacchariflorus_4x_15wks,FALSE
8802,-0.9651424144906144,20.036064472009755,-1.6510669173412995,0.13526859373609765,0.4047192864794889,-4.9131838911829036,miscanthus_floridulus_15wks vs miscanthus_sacchariflorus_4x_15wks,FALSE
2174,-3.016115888525615,19.116360395162324,-1.6497816075964256,0.13553451873485708,0.4051081904010773,-4.914877840548816,miscanthus_floridulus_15wks vs miscanthus_sacchariflorus_4x_15wks,FALSE
2384,-2.1691728566486574,18.105698830256927,-1.6480798886386594,0.13588733170242723,0.4057557599932196,-4.917119601763689,miscanthus_floridulus_15wks vs miscanthus_sacchariflorus_4x_15wks,FALSE
14393,1.3119143320131847,17.31509275595941,1.6474173073448692,0.1360249296874419,0.4057600505190959,-4.917992149342769,miscanthus_floridulus_15wks vs miscanthus_sacchariflorus_4x_15wks,FALSE
8951,2.3451512343897427,17.92156322467236,1.6448377772112932,0.13656183221966833,0.40649564519303305,-4.9213874808427125,miscanthus_floridulus_15wks vs miscanthus_sacchariflorus_4x_15wks,FALSE
9170,1.9006499314084238,17.52850996204912,1.6443146996486182,0.1366709410316967,0.40649564519303305,-4.922075670032397,miscanthus_floridulus_15wks vs miscanthus_sacchariflorus_4x_15wks,FALSE
5065,0.9303392302002855,17.10563765938979,1.6442676908508729,0.13668075049779166,0.40649564519303305,-4.922137512117351,miscanthus_floridulus_15wks vs miscanthus_sacchariflorus_4x_15wks,FALSE
1380,-0.8985635005440145,21.944526777540133,-1.6427838948719176,0.13699070902845437,0.40701127906759127,-4.924089064955829,miscanthus_floridulus_15wks vs miscanthus_sacchariflorus_4x_15wks,FALSE
6741,-2.0760509728403704,17.905477047253807,-1.6415615859467334,0.13724652566149795,0.4072270190505825,-4.92569605095862,miscanthus_floridulus_15wks vs miscanthus_sacchariflorus_4x_15wks,FALSE
4668,1.3194358512534876,17.517956604175563,1.6411315615128832,0.13733662890799847,0.4072270190505825,-4.926261270544638,miscanthus_floridulus_15wks vs miscanthus_sacchariflorus_4x_15wks,FALSE
71,-1.1359043923903123,24.549122925089176,-1.6403780773624042,0.13749463694074912,0.4072902764248831,-4.927251467133626,miscanthus_floridulus_15wks vs miscanthus_sacchariflorus_4x_15wks,FALSE
2738,-1.533264974757639,17.67778782000832,-1.6390603455637016,0.13777136805281823,0.40770474359225256,-4.928982637500934,miscanthus_floridulus_15wks vs miscanthus_sacchariflorus_4x_15wks,FALSE
985,-1.3780931233636977,17.378085448456034,-1.6377041629881974,0.1380567042266868,0.4081438279717527,-4.9307636089664575,miscanthus_floridulus_15wks vs miscanthus_sacchariflorus_4x_15wks,FALSE
210,-1.3386772800511153,17.76212582810531,-1.6361974219620947,0.13837434900614007,0.4084977007002637,-4.932741446995165,miscanthus_floridulus_15wks vs miscanthus_sacchariflorus_4x_15wks,FALSE
200,1.0959497204198598,23.883153090537874,1.6349692211949098,0.1386337656682904,0.4084977007002637,-4.934352993120383,miscanthus_floridulus_15wks vs miscanthus_sacchariflorus_4x_15wks,FALSE
8662,1.3849916459911569,17.116035290460527,1.6347701812924553,0.13867584794398125,0.4084977007002637,-4.934614101077602,miscanthus_floridulus_15wks vs miscanthus_sacchariflorus_4x_15wks,FALSE
5843,2.333726305677768,17.330351060627642,1.6345390843614462,0.13872472251968687,0.4084977007002637,-4.934917242969535,miscanthus_floridulus_15wks vs miscanthus_sacchariflorus_4x_15wks,FALSE
3871,0.8436621481277768,21.01197093611107,1.6322534187993027,0.13920896253279255,0.4087826982444301,-4.9379143300596935,miscanthus_floridulus_15wks vs miscanthus_sacchariflorus_4x_15wks,FALSE
684,-2.8432245374433514,18.27519809123279,-1.6316953815693402,0.13932742159543812,0.4087826982444301,-4.938645743579723,miscanthus_floridulus_15wks vs miscanthus_sacchariflorus_4x_15wks,FALSE
1707,-3.249276540953499,19.534631713760742,-1.631546537658892,0.13935903339480735,0.4087826982444301,-4.938840810828142,miscanthus_floridulus_15wks vs miscanthus_sacchariflorus_4x_15wks,FALSE
851,-3.569046402845103,19.91455182956295,-1.6311563622989136,0.13944193070121771,0.4087826982444301,-4.939352112992468,miscanthus_floridulus_15wks vs miscanthus_sacchariflorus_4x_15wks,FALSE
18848,-1.4356748091261906,17.235659286467737,-1.6308484406970416,0.13950738393106893,0.4087826982444301,-4.93975558365096,miscanthus_floridulus_15wks vs miscanthus_sacchariflorus_4x_15wks,FALSE
11932,1.2091416258218715,17.393840603816525,1.6287781983734129,0.139948170770128,0.40930955874686864,-4.942467248956564,miscanthus_floridulus_15wks vs miscanthus_sacchariflorus_4x_15wks,FALSE
18040,1.292320974785568,16.814660871841408,1.6281881237932787,0.14007403876338193,0.40930955874686864,-4.94323983348304,miscanthus_floridulus_15wks vs miscanthus_sacchariflorus_4x_15wks,FALSE
23058,1.101016894928648,16.394167020357784,1.6280700141398163,0.14009924494020337,0.40930955874686864,-4.943394457741091,miscanthus_floridulus_15wks vs miscanthus_sacchariflorus_4x_15wks,FALSE
2369,-1.380754933596826,18.081674972176163,-1.6262994111291302,0.14047761025710218,0.40990571350048016,-4.945711789876198,miscanthus_floridulus_15wks vs miscanthus_sacchariflorus_4x_15wks,FALSE
22414,1.0387573840637394,17.12693431682539,1.6256940275955571,0.14060718952386983,0.40990571350048016,-4.946503816967832,miscanthus_floridulus_15wks vs miscanthus_sacchariflorus_4x_15wks,FALSE
2911,-2.530938131142328,17.776597248924812,-1.6251862775012447,0.14071595466811784,0.40990571350048016,-4.947167996482658,miscanthus_floridulus_15wks vs miscanthus_sacchariflorus_4x_15wks,FALSE
14963,1.0621880908959653,16.896270401716336,1.6229741507616526,0.14119070765628935,0.41088702032787333,-4.950060436903247,miscanthus_floridulus_15wks vs miscanthus_sacchariflorus_4x_15wks,FALSE
8952,1.0824681828360845,17.05087411605296,1.6193374315136293,0.14197436316839476,0.412764489992016,-4.954811311438041,miscanthus_floridulus_15wks vs miscanthus_sacchariflorus_4x_15wks,FALSE
4927,-2.8141382946828273,18.776301227739694,-1.6176148677966529,0.14234692586334594,0.41333920875619923,-4.957059743100745,miscanthus_floridulus_15wks vs miscanthus_sacchariflorus_4x_15wks,FALSE
12445,1.1199167730648476,17.21976317590954,1.6171415504922764,0.14244945214517335,0.41333920875619923,-4.957677345646426,miscanthus_floridulus_15wks vs miscanthus_sacchariflorus_4x_15wks,FALSE
21142,-0.8380441158343892,17.232554927791945,-1.615226201083235,0.14286502514931493,0.4141418044211658,-4.960175640550761,miscanthus_floridulus_15wks vs miscanthus_sacchariflorus_4x_15wks,FALSE
6973,1.341933704923079,16.789093471764126,1.610069763083475,0.14398929100061478,0.41630955141360015,-4.966894057632669,miscanthus_floridulus_15wks vs miscanthus_sacchariflorus_4x_15wks,FALSE
12508,1.4684686579627702,17.821552261942127,1.6098356168715693,0.14404053222284394,0.41630955141360015,-4.9671988738412765,miscanthus_floridulus_15wks vs miscanthus_sacchariflorus_4x_15wks,FALSE
20441,1.2821340877851526,17.07695647463196,1.609245988793497,0.14416964136683638,0.41630955141360015,-4.967966364223918,miscanthus_floridulus_15wks vs miscanthus_sacchariflorus_4x_15wks,FALSE
8404,-1.6151865174003213,18.417784042932823,-1.6082669548828612,0.1443842493560068,0.41630955141360015,-4.96924041144476,miscanthus_floridulus_15wks vs miscanthus_sacchariflorus_4x_15wks,FALSE
10756,1.4159004975844844,19.472636268156982,1.6080030433380272,0.144442149317694,0.41630955141360015,-4.969583780628846,miscanthus_floridulus_15wks vs miscanthus_sacchariflorus_4x_15wks,FALSE
18082,1.566400990959071,16.885854573468613,1.6069250078643837,0.1446788798382174,0.41630955141360015,-4.970986091336423,miscanthus_floridulus_15wks vs miscanthus_sacchariflorus_4x_15wks,FALSE
8101,1.494913702767846,17.872175779312208,1.6069146031134827,0.14468116637541653,0.41630955141360015,-4.970999623537069,miscanthus_floridulus_15wks vs miscanthus_sacchariflorus_4x_15wks,FALSE
11552,0.950459869807176,17.164859815026496,1.6061606437635814,0.1448469428953123,0.41630955141360015,-4.971980089082846,miscanthus_floridulus_15wks vs miscanthus_sacchariflorus_4x_15wks,FALSE
2041,1.8275395046378193,17.6989944873721,1.6060552235132588,0.14487013584426287,0.41630955141360015,-4.972117161344464,miscanthus_floridulus_15wks vs miscanthus_sacchariflorus_4x_15wks,FALSE
16715,1.4473558517395446,17.006180938022364,1.6054038146774499,0.14501352349852192,0.41632013489941744,-4.972964051912321,miscanthus_floridulus_15wks vs miscanthus_sacchariflorus_4x_15wks,FALSE
1283,-2.698850049696098,18.67357637388416,-1.6047008832649199,0.14516839650747743,0.4163636396460854,-4.973877730997226,miscanthus_floridulus_15wks vs miscanthus_sacchariflorus_4x_15wks,FALSE
11222,-1.97802500161621,17.749362001123387,-1.6039497731741703,0.14533405005457722,0.4164379511179232,-4.9748538088526715,miscanthus_floridulus_15wks vs miscanthus_sacchariflorus_4x_15wks,FALSE
18722,-1.061464430335338,17.64948840154907,-1.6019868100274572,0.14576778044358338,0.41690819370231175,-4.977403609756481,miscanthus_floridulus_15wks vs miscanthus_sacchariflorus_4x_15wks,FALSE
20896,1.355664034204441,16.908519799549378,1.6019407774373882,0.14577796571738552,0.41690819370231175,-4.977463384964911,miscanthus_floridulus_15wks vs miscanthus_sacchariflorus_4x_15wks,FALSE
2649,1.6126942142985747,16.61409015197704,1.5987697506456329,0.14648114707798296,0.4180195075316937,-4.981578986746605,miscanthus_floridulus_15wks vs miscanthus_sacchariflorus_4x_15wks,FALSE
10208,1.3210415086794853,17.196901218379054,1.5979984946894958,0.14665263806134848,0.4180195075316937,-4.9825793529367814,miscanthus_floridulus_15wks vs miscanthus_sacchariflorus_4x_15wks,FALSE
4754,1.7464645347300838,17.52073226037821,1.5979260747551614,0.1466687501687984,0.4180195075316937,-4.982673273365426,miscanthus_floridulus_15wks vs miscanthus_sacchariflorus_4x_15wks,FALSE
19828,1.115868266427153,16.973708493556746,1.5976613839566607,0.14672765264367504,0.4180195075316937,-4.9830165287679895,miscanthus_floridulus_15wks vs miscanthus_sacchariflorus_4x_15wks,FALSE
9044,1.9876230420483232,17.753247354917903,1.5964777281504319,0.1469913172125075,0.4183707022858379,-4.984551157585974,miscanthus_floridulus_15wks vs miscanthus_sacchariflorus_4x_15wks,FALSE
1745,1.3739489170861283,17.059957999430427,1.5904595686100416,0.14833852787195664,0.4218023025366706,-4.992344780492841,miscanthus_floridulus_15wks vs miscanthus_sacchariflorus_4x_15wks,FALSE
10352,-2.0162479522632957,17.992530285176695,-1.5849126564708966,0.14959011584960386,0.4249557151876258,-4.999514711990669,miscanthus_floridulus_15wks vs miscanthus_sacchariflorus_4x_15wks,FALSE
17190,1.1614741431687534,17.01467714382446,1.5829944179311537,0.15002515455921436,0.4257856767490084,-5.001991212892135,miscanthus_floridulus_15wks vs miscanthus_sacchariflorus_4x_15wks,FALSE
1060,4.177892721498907,19.99465580756798,1.5815767690773128,0.15034739733985886,0.42629423793794424,-5.003820439923638,miscanthus_floridulus_15wks vs miscanthus_sacchariflorus_4x_15wks,FALSE
8240,-1.9993957547748238,18.274027634699145,-1.5790405741556903,0.15092545221490788,0.427526471103066,-5.007090832556393,miscanthus_floridulus_15wks vs miscanthus_sacchariflorus_4x_15wks,FALSE
1685,2.9414445226717305,17.874942096435348,1.5778682576463785,0.15119332559768933,0.42778157734436373,-5.008601598667713,miscanthus_floridulus_15wks vs miscanthus_sacchariflorus_4x_15wks,FALSE
244,-4.026428729175375,22.57267598908429,-1.577390517932658,0.15130261158421457,0.42778157734436373,-5.00921709515003,miscanthus_floridulus_15wks vs miscanthus_sacchariflorus_4x_15wks,FALSE
17759,1.2874245337572425,16.909418339165818,1.576317599423765,0.15154830799923555,0.4277891438444206,-5.010599037123555,miscanthus_floridulus_15wks vs miscanthus_sacchariflorus_4x_15wks,FALSE
16810,-1.360599173241667,17.98740683154176,-1.5761252458947337,0.15159239459721752,0.4277891438444206,-5.010846740793964,miscanthus_floridulus_15wks vs miscanthus_sacchariflorus_4x_15wks,FALSE
8965,1.5028202619037572,17.613090214553168,1.573456743085637,0.15220519698632287,0.42911209746380524,-5.014281484009468,miscanthus_floridulus_15wks vs miscanthus_sacchariflorus_4x_15wks,FALSE
947,-0.9122338866774413,24.030297783003373,-1.5701256450534125,0.15297328941786267,0.4305048048575003,-5.018564811665947,miscanthus_floridulus_15wks vs miscanthus_sacchariflorus_4x_15wks,FALSE
1263,-3.025440516638536,19.217611921874987,-1.5700614888304618,0.1529881168939909,0.4305048048575003,-5.018647260969638,miscanthus_floridulus_15wks vs miscanthus_sacchariflorus_4x_15wks,FALSE
12560,0.9527944495743803,16.471643896379657,1.5679099616894163,0.1534861169371878,0.43149870610643365,-5.021411237000496,miscanthus_floridulus_15wks vs miscanthus_sacchariflorus_4x_15wks,FALSE
8156,1.5692657975416182,17.163314583881895,1.5665064116127958,0.15381177302426388,0.43200667635467144,-5.023213245821344,miscanthus_floridulus_15wks vs miscanthus_sacchariflorus_4x_15wks,FALSE
2518,2.212019300558829,17.441949348281476,1.564836732197717,0.1541999864263193,0.4326892274486172,-5.025355830936836,miscanthus_floridulus_15wks vs miscanthus_sacchariflorus_4x_15wks,FALSE
13,-0.8071264732893297,21.07178122552203,-1.5641707421479885,0.15435507987192937,0.43271696897304757,-5.026210114693799,miscanthus_floridulus_15wks vs miscanthus_sacchariflorus_4x_15wks,FALSE
19873,-0.9464065999143401,17.150238375540365,-1.5631586560613926,0.1545910394078326,0.43297114420614763,-5.027507978437498,miscanthus_floridulus_15wks vs miscanthus_sacchariflorus_4x_15wks,FALSE
9189,1.4411645092461214,16.749927046089343,1.5610701928216877,0.15507897222844555,0.4336987416987812,-5.0301847494495595,miscanthus_floridulus_15wks vs miscanthus_sacchariflorus_4x_15wks,FALSE
1918,-1.15447411043667,21.083142991544157,-1.5605182687262478,0.15520815053470116,0.4336987416987812,-5.030891831527395,miscanthus_floridulus_15wks vs miscanthus_sacchariflorus_4x_15wks,FALSE
1947,-2.776888075188527,18.463949837105,-1.560179722578363,0.15528743536664413,0.4336987416987812,-5.031325485029124,miscanthus_floridulus_15wks vs miscanthus_sacchariflorus_4x_15wks,FALSE
815,-2.505128010455607,18.59773813316827,-1.5580098406355336,0.15579646878417594,0.4347129934240115,-5.03410376695118,miscanthus_floridulus_15wks vs miscanthus_sacchariflorus_4x_15wks,FALSE
18877,0.8753553396517084,16.688763074036938,1.5572760748693322,0.15596894182353888,0.43478713436309246,-5.03504280543502,miscanthus_floridulus_15wks vs miscanthus_sacchariflorus_4x_15wks,FALSE
3689,-2.7311846555403676,18.856270218718162,-1.5554026417490199,0.15641007344330818,0.43526212362950367,-5.037439271556201,miscanthus_floridulus_15wks vs miscanthus_sacchariflorus_4x_15wks,FALSE
720,-0.8506792090704707,24.370693995739828,-1.5553119594970468,0.15643145449905987,0.43526212362950367,-5.037555232009624,miscanthus_floridulus_15wks vs miscanthus_sacchariflorus_4x_15wks,FALSE
3057,1.5021775650736835,17.469331072985614,1.5522971497440377,0.15714378046720892,0.4366023651738715,-5.041408390946026,miscanthus_floridulus_15wks vs miscanthus_sacchariflorus_4x_15wks,FALSE
3713,2.150006471874697,17.24011878060912,1.5510417921406123,0.15744124765356882,0.4366023651738715,-5.043011660843877,miscanthus_floridulus_15wks vs miscanthus_sacchariflorus_4x_15wks,FALSE
712,-1.0566761937766564,17.22653242672399,-1.5503274267208418,0.15761074762382388,0.4366023651738715,-5.043923698201626,miscanthus_floridulus_15wks vs miscanthus_sacchariflorus_4x_15wks,FALSE
12376,1.3174710073939835,16.930751758777184,1.5493698211191549,0.1578382186227573,0.4366023651738715,-5.045145931013216,miscanthus_floridulus_15wks vs miscanthus_sacchariflorus_4x_15wks,FALSE
3960,2.320807769230033,18.2030707075844,1.549268582516712,0.1578622841734446,0.4366023651738715,-5.045275122590881,miscanthus_floridulus_15wks vs miscanthus_sacchariflorus_4x_15wks,FALSE
997,2.6968640358074154,21.24815152340297,1.549108669982774,0.15790030387449364,0.4366023651738715,-5.045479179366622,miscanthus_floridulus_15wks vs miscanthus_sacchariflorus_4x_15wks,FALSE
4446,1.778646965031811,17.584920668140498,1.5489471758261992,0.15793870793873607,0.4366023651738715,-5.0456852429592995,miscanthus_floridulus_15wks vs miscanthus_sacchariflorus_4x_15wks,FALSE
3437,-2.0521394724395705,18.567268889041557,-1.547858138170256,0.15819790477290288,0.43691358315407836,-5.047074535398077,miscanthus_floridulus_15wks vs miscanthus_sacchariflorus_4x_15wks,FALSE
2296,1.7097381164928116,17.12796995747873,1.5451037557406497,0.15885516409595282,0.43832258241290684,-5.050585985595782,miscanthus_floridulus_15wks vs miscanthus_sacchariflorus_4x_15wks,FALSE
461,-0.8879616778596997,23.700806647299782,-1.5443892305526277,0.159026065293134,0.43838822809763117,-5.051496357387169,miscanthus_floridulus_15wks vs miscanthus_sacchariflorus_4x_15wks,FALSE
47,-1.9031091064259833,19.013085793367118,-1.542602110492327,0.15945423219858051,0.43841343179070363,-5.053772325896347,miscanthus_floridulus_15wks vs miscanthus_sacchariflorus_4x_15wks,FALSE
19373,1.2077610925618956,16.969322748067725,1.542253206771031,0.1595379445277186,0.43841343179070363,-5.054216503571777,miscanthus_floridulus_15wks vs miscanthus_sacchariflorus_4x_15wks,FALSE
21481,-0.9583669304461608,16.970550645664094,-1.541730933095696,0.15966332693659285,0.43841343179070363,-5.054881291846469,miscanthus_floridulus_15wks vs miscanthus_sacchariflorus_4x_15wks,FALSE
4609,2.378820806499238,20.95885289412501,1.5415664258783035,0.15970283849337716,0.43841343179070363,-5.055090663644652,miscanthus_floridulus_15wks vs miscanthus_sacchariflorus_4x_15wks,FALSE
6294,1.7138033844732625,17.29680478751784,1.5412835477664706,0.15977080098144436,0.43841343179070363,-5.055450660484537,miscanthus_floridulus_15wks vs miscanthus_sacchariflorus_4x_15wks,FALSE
5241,1.9909599928740924,18.431014976819938,1.540181091173318,0.1600359171523403,0.4386115104305024,-5.05685333156889,miscanthus_floridulus_15wks vs miscanthus_sacchariflorus_4x_15wks,FALSE
13210,1.5203648539377852,17.482489930251496,1.5397596974736947,0.16013735682831767,0.4386115104305024,-5.05738933401823,miscanthus_floridulus_15wks vs miscanthus_sacchariflorus_4x_15wks,FALSE
1539,-3.3443537239090517,18.78225018855957,-1.5385691975577165,0.1604242498055105,0.43899330408717707,-5.058903193803849,miscanthus_floridulus_15wks vs miscanthus_sacchariflorus_4x_15wks,FALSE
21439,1.0949017011774878,17.105709707967808,1.5370766835290874,0.16078457296157928,0.43899330408717707,-5.060800207888527,miscanthus_floridulus_15wks vs miscanthus_sacchariflorus_4x_15wks,FALSE
20018,1.2543957096224716,17.31730354289939,1.5370466432656267,0.1607918327122316,0.43899330408717707,-5.060838379443641,miscanthus_floridulus_15wks vs miscanthus_sacchariflorus_4x_15wks,FALSE
7561,1.286532713038472,16.87774466584955,1.5367398032547064,0.16086600270577092,0.43899330408717707,-5.0612282517733505,miscanthus_floridulus_15wks vs miscanthus_sacchariflorus_4x_15wks,FALSE
21729,1.0041221490023169,16.989918281089032,1.5353961373226093,0.16119115665482048,0.4391260352172508,-5.062935024705231,miscanthus_floridulus_15wks vs miscanthus_sacchariflorus_4x_15wks,FALSE
24631,1.0458083342237572,16.447726603751242,1.534894008594654,0.16131281754357996,0.4391260352172508,-5.063572639606139,miscanthus_floridulus_15wks vs miscanthus_sacchariflorus_4x_15wks,FALSE
19267,0.9235227484957917,17.083221899203117,1.5343940416853896,0.16143403615560883,0.4391260352172508,-5.064207397312368,miscanthus_floridulus_15wks vs miscanthus_sacchariflorus_4x_15wks,FALSE
364,-2.6585642745455296,18.343430794269054,-1.5341053312180601,0.16150407201278755,0.4391260352172508,-5.06457389300168,miscanthus_floridulus_15wks vs miscanthus_sacchariflorus_4x_15wks,FALSE
17134,1.2182704849444939,16.730835451172375,1.52933603633847,0.1626649487214857,0.44187925906110065,-5.070622734987625,miscanthus_floridulus_15wks vs miscanthus_sacchariflorus_4x_15wks,FALSE
10730,-1.585698847556582,17.720514413249195,-1.5281159229916843,0.1629631260507139,0.44228607980976997,-5.072168547738775,miscanthus_floridulus_15wks vs miscanthus_sacchariflorus_4x_15wks,FALSE
2,-2.1092628167049625,26.36307238076234,-1.5272471315983494,0.16317574275779345,0.44246015779638265,-5.073268846856318,miscanthus_floridulus_15wks vs miscanthus_sacchariflorus_4x_15wks,FALSE
918,3.5684802289527973,19.96976631059676,1.5253393113974023,0.1636435063979706,0.44332513551450214,-5.075683849796801,miscanthus_floridulus_15wks vs miscanthus_sacchariflorus_4x_15wks,FALSE
694,-3.553903213026956,18.830236339413702,-1.5230334095643085,0.16421046828940716,0.44445703497042083,-5.078600563853195,miscanthus_floridulus_15wks vs miscanthus_sacchariflorus_4x_15wks,FALSE
7242,-1.7878628363799152,18.36599072536755,-1.5211175747578995,0.16468285365511143,0.4449685927872691,-5.081022051545785,miscanthus_floridulus_15wks vs miscanthus_sacchariflorus_4x_15wks,FALSE
10246,-1.0292720697789761,17.158024750797342,-1.5202242195586932,0.16490354093920515,0.4449685927872691,-5.082150622825188,miscanthus_floridulus_15wks vs miscanthus_sacchariflorus_4x_15wks,FALSE
10528,1.4336251743891388,17.201224359820184,1.5194772463734578,0.16508826936998044,0.4449685927872691,-5.083093991623066,miscanthus_floridulus_15wks vs miscanthus_sacchariflorus_4x_15wks,FALSE
20879,1.1151829575641088,17.110983063757324,1.5190154140298628,0.16520257390231335,0.4449685927872691,-5.083677122677429,miscanthus_floridulus_15wks vs miscanthus_sacchariflorus_4x_15wks,FALSE
13919,1.5480010002210065,17.363655268243892,1.5189970099327634,0.165207130417237,0.4449685927872691,-5.083700358535068,miscanthus_floridulus_15wks vs miscanthus_sacchariflorus_4x_15wks,FALSE
37,-3.155156359266474,24.028469328023746,-1.5186406527889098,0.16529537993808954,0.4449685927872691,-5.084150242257625,miscanthus_floridulus_15wks vs miscanthus_sacchariflorus_4x_15wks,FALSE
15294,-1.4393037347352369,18.27229110257438,-1.5171519760105041,0.16566449512320613,0.4452311764355741,-5.086028998533823,miscanthus_floridulus_15wks vs miscanthus_sacchariflorus_4x_15wks,FALSE
10496,1.0836239081657872,17.412719478352628,1.5165423322475238,0.16581586704093523,0.4452311764355741,-5.086798095848318,miscanthus_floridulus_15wks vs miscanthus_sacchariflorus_4x_15wks,FALSE
10117,-1.0971347142341017,18.468230824884902,-1.5154568785061049,0.16608568526564926,0.4452311764355741,-5.088167031650151,miscanthus_floridulus_15wks vs miscanthus_sacchariflorus_4x_15wks,FALSE
7859,1.3777089938459675,17.40973541945263,1.5152802003430828,0.16612964024892676,0.4452311764355741,-5.088389800885075,miscanthus_floridulus_15wks vs miscanthus_sacchariflorus_4x_15wks,FALSE
17567,1.3746577239816027,17.023651849040704,1.5150012729334525,0.1661990544432469,0.4452311764355741,-5.0887414646447064,miscanthus_floridulus_15wks vs miscanthus_sacchariflorus_4x_15wks,FALSE
15944,1.5706691139207294,17.261415029118503,1.5142438841015449,0.166387669283911,0.4452311764355741,-5.089696179263088,miscanthus_floridulus_15wks vs miscanthus_sacchariflorus_4x_15wks,FALSE
18929,1.1750999660160026,17.426549125333356,1.5138953650745839,0.16647452599436732,0.4452311764355741,-5.090135411158636,miscanthus_floridulus_15wks vs miscanthus_sacchariflorus_4x_15wks,FALSE
10004,-1.6063784682425073,18.23338258726222,-1.5128666789933263,0.16673112684433114,0.4452311764355741,-5.091431519816799,miscanthus_floridulus_15wks vs miscanthus_sacchariflorus_4x_15wks,FALSE
16292,-1.4067979983609185,17.519534172063473,-1.5128408210682975,0.16673758151077203,0.4452311764355741,-5.0914640936467706,miscanthus_floridulus_15wks vs miscanthus_sacchariflorus_4x_15wks,FALSE
6199,1.7098325063291497,17.123689929430245,1.511397192626682,0.16709829336997134,0.4457949097963425,-5.093282178861847,miscanthus_floridulus_15wks vs miscanthus_sacchariflorus_4x_15wks,FALSE
970,-3.0762059333535703,19.05147034734859,-1.5080659090986313,0.1679333123488448,0.4474561450926487,-5.097473890808908,miscanthus_floridulus_15wks vs miscanthus_sacchariflorus_4x_15wks,FALSE
13031,-1.4842414747431683,17.76401579438397,-1.507715806325158,0.1680212840129778,0.4474561450926487,-5.097914123612037,miscanthus_floridulus_15wks vs miscanthus_sacchariflorus_4x_15wks,FALSE
22263,0.9953793017428545,16.95971812141207,1.5065190550922165,0.16832230550140767,0.4477494454897569,-5.0994185375070815,miscanthus_floridulus_15wks vs miscanthus_sacchariflorus_4x_15wks,FALSE
152,-2.876402679877625,19.21177837950088,-1.5060837310314656,0.16843192227987167,0.4477494454897569,-5.099965611150793,miscanthus_floridulus_15wks vs miscanthus_sacchariflorus_4x_15wks,FALSE
10046,0.8559947778038719,17.05810214400749,1.502918980452569,0.16923072953811505,0.44915895660283833,-5.103940129005959,miscanthus_floridulus_15wks vs miscanthus_sacchariflorus_4x_15wks,FALSE
11081,1.1814981988955537,17.797828451276988,1.5027890632195584,0.16926359337751257,0.44915895660283833,-5.104103189018511,miscanthus_floridulus_15wks vs miscanthus_sacchariflorus_4x_15wks,FALSE
6508,2.3805757983834575,17.852871018676222,1.5019330155998578,0.16948028066522866,0.4493338401978482,-5.105177424258227,miscanthus_floridulus_15wks vs miscanthus_sacchariflorus_4x_15wks,FALSE
7421,1.5844976974722371,17.159527927424563,1.5010440070417304,0.16970557169153114,0.44953120323623363,-5.1062926609098795,miscanthus_floridulus_15wks vs miscanthus_sacchariflorus_4x_15wks,FALSE
13205,1.466810957546386,17.36251285531804,1.498023732225488,0.17047295006739135,0.45107646189876127,-5.110078763160694,miscanthus_floridulus_15wks vs miscanthus_sacchariflorus_4x_15wks,FALSE
23574,0.8202378545724507,17.237622357383984,1.4975575526706595,0.1705916686442631,0.45107646189876127,-5.110662769171128,miscanthus_floridulus_15wks vs miscanthus_sacchariflorus_4x_15wks,FALSE
1442,-1.743117191181895,18.461443061618517,-1.4965937789542039,0.170837338320996,0.4513255923728441,-5.111869813865333,miscanthus_floridulus_15wks vs miscanthus_sacchariflorus_4x_15wks,FALSE
77,-4.3975394988353855,24.020219390011484,-1.4957496086269597,0.17105277816934913,0.45149448976497825,-5.112926708633524,miscanthus_floridulus_15wks vs miscanthus_sacchariflorus_4x_15wks,FALSE
1197,-3.0430387785548163,19.31194896201765,-1.4951314151158963,0.17121069937025743,0.4515052817782768,-5.1137004705988165,miscanthus_floridulus_15wks vs miscanthus_sacchariflorus_4x_15wks,FALSE
1639,1.3884981827790526,17.401811876194298,1.4938765158831866,0.1715316681054385,0.4515052817782768,-5.115270614686638,miscanthus_floridulus_15wks vs miscanthus_sacchariflorus_4x_15wks,FALSE
22149,1.0737189198562547,16.8337534074956,1.4938557193899553,0.17153699176348938,0.4515052817782768,-5.115296629274214,miscanthus_floridulus_15wks vs miscanthus_sacchariflorus_4x_15wks,FALSE
2309,-1.5149531821389104,18.563701416533863,-1.4933521131243583,0.17166595374039895,0.4515052817782768,-5.11592653455322,miscanthus_floridulus_15wks vs miscanthus_sacchariflorus_4x_15wks,FALSE
16761,-1.1857172318333333,18.08327170808836,-1.4927727324089088,0.17181442601898184,0.4515052817782768,-5.1166510704364105,miscanthus_floridulus_15wks vs miscanthus_sacchariflorus_4x_15wks,FALSE
11644,-1.8022183745613347,18.086622762799532,-1.4888259875372654,0.1728288484768218,0.4537708973224044,-5.12158241279406,miscanthus_floridulus_15wks vs miscanthus_sacchariflorus_4x_15wks,FALSE
21762,-0.7171469635488847,16.993215179287773,-1.4870028497640775,0.17329923210284046,0.45422764641172647,-5.123857890727238,miscanthus_floridulus_15wks vs miscanthus_sacchariflorus_4x_15wks,FALSE
3380,-2.4606432881009788,20.055639337802134,-1.486970215092285,0.1733076624060849,0.45422764641172647,-5.123898608107323,miscanthus_floridulus_15wks vs miscanthus_sacchariflorus_4x_15wks,FALSE
2679,1.9268996160862457,19.483482801936617,1.4849259009068472,0.17383648023581327,0.45521327864914196,-5.126448238097739,miscanthus_floridulus_15wks vs miscanthus_sacchariflorus_4x_15wks,FALSE
1349,-1.8002051728100028,18.19156623078549,-1.4837259382390788,0.1741475473665375,0.4554219203327882,-5.127943886751112,miscanthus_floridulus_15wks vs miscanthus_sacchariflorus_4x_15wks,FALSE
715,-2.5719437179636557,18.254981999588484,-1.4834397511641209,0.1742218084494559,0.4554219203327882,-5.128300493069063,miscanthus_floridulus_15wks vs miscanthus_sacchariflorus_4x_15wks,FALSE
9481,0.8981917518266016,16.937198105584272,1.481812904690989,0.17464448159714052,0.4561266916384564,-5.130326902680899,miscanthus_floridulus_15wks vs miscanthus_sacchariflorus_4x_15wks,FALSE
13386,1.8154157785012934,17.22218387969312,1.4795755625412061,0.17522724778538276,0.45724798458882715,-5.1331116932459615,miscanthus_floridulus_15wks vs miscanthus_sacchariflorus_4x_15wks,FALSE
6545,-0.7172226038395699,19.678952112334805,-1.4764901655178375,0.17603372507954454,0.45895056932374695,-5.136948130785841,miscanthus_floridulus_15wks vs miscanthus_sacchariflorus_4x_15wks,FALSE
146,-4.54119344765266,20.437905884904588,-1.4745114055477277,0.17655266590543914,0.4599011751732593,-5.139406160242515,miscanthus_floridulus_15wks vs miscanthus_sacchariflorus_4x_15wks,FALSE
13358,-1.5749282882004962,18.37169509730733,-1.4727056474098,0.17702741295479768,0.46073510096532494,-5.141647647480021,miscanthus_floridulus_15wks vs miscanthus_sacchariflorus_4x_15wks,FALSE
52,-0.7581327398989863,20.16610064643916,-1.4718028830323113,0.1772651780230647,0.4609513355224545,-5.142767661588056,miscanthus_floridulus_15wks vs miscanthus_sacchariflorus_4x_15wks,FALSE
14199,1.211362911009818,17.27627827358107,1.4709379973964183,0.17749323074674986,0.4611419595687136,-5.143840313861306,miscanthus_floridulus_15wks vs miscanthus_sacchariflorus_4x_15wks,FALSE
11990,0.9597717596417432,17.035690009718508,1.4700412560615044,0.1777299561265436,0.46135476416123694,-5.144952094136992,miscanthus_floridulus_15wks vs miscanthus_sacchariflorus_4x_15wks,FALSE
2261,1.7842782639049837,17.659255258140796,1.4680898043522208,0.1782460696400225,0.46229180811772586,-5.147370165177875,miscanthus_floridulus_15wks vs miscanthus_sacchariflorus_4x_15wks,FALSE
13653,1.2209845365647531,16.863673801697992,1.466333981982181,0.17871157130848936,0.46308617179756895,-5.149544257646993,miscanthus_floridulus_15wks vs miscanthus_sacchariflorus_4x_15wks,FALSE
1232,-2.5282385137069205,18.26093003740646,-1.4647690552385078,0.17912736455948994,0.46308617179756895,-5.151480722453633,miscanthus_floridulus_15wks vs miscanthus_sacchariflorus_4x_15wks,FALSE
23,0.7069170138124434,22.70409218880935,1.4643859754387336,0.17922927657169063,0.46308617179756895,-5.15195457062067,miscanthus_floridulus_15wks vs miscanthus_sacchariflorus_4x_15wks,FALSE
1037,-1.916243893346337,18.96859446901908,-1.4640640761679005,0.1793149519640671,0.46308617179756895,-5.152352686898036,miscanthus_floridulus_15wks vs miscanthus_sacchariflorus_4x_15wks,FALSE
2352,1.5399800689714773,17.632688882935877,1.46401001935072,0.17932934303838743,0.46308617179756895,-5.152419537973289,miscanthus_floridulus_15wks vs miscanthus_sacchariflorus_4x_15wks,FALSE
571,-2.6671852648445764,18.78438449485958,-1.4612224561726348,0.18007283002930105,0.46403196890818543,-5.155864943115614,miscanthus_floridulus_15wks vs miscanthus_sacchariflorus_4x_15wks,FALSE
16473,-1.034227524349813,17.383753496072618,-1.4609788286878989,0.18013793793961635,0.46403196890818543,-5.156165885183668,miscanthus_floridulus_15wks vs miscanthus_sacchariflorus_4x_15wks,FALSE
2081,-2.4771514251309803,18.95568592533459,-1.4603105480268093,0.1803166379965471,0.46403196890818543,-5.156991233882513,miscanthus_floridulus_15wks vs miscanthus_sacchariflorus_4x_15wks,FALSE
2083,1.1635345650369473,17.074262796000532,1.460303725784888,0.18031846308579824,0.46403196890818543,-5.156999658455328,miscanthus_floridulus_15wks vs miscanthus_sacchariflorus_4x_15wks,FALSE
23695,1.106392575034267,17.12608791193673,1.4586861444006325,0.1807516577963618,0.4647454186653651,-5.158996518726743,miscanthus_floridulus_15wks vs miscanthus_sacchariflorus_4x_15wks,FALSE
11710,1.1861227004722643,16.846621701511587,1.4578391463881826,0.18097885182986204,0.4649284297008525,-5.160041605611145,miscanthus_floridulus_15wks vs miscanthus_sacchariflorus_4x_15wks,FALSE
7915,-1.4223325873439485,17.983028309278627,-1.4568080564509402,0.18125576423839973,0.4652387402501561,-5.161313365388974,miscanthus_floridulus_15wks vs miscanthus_sacchariflorus_4x_15wks,FALSE
7390,-1.927405403622462,18.075921174337928,-1.452528185110961,0.18240916002294655,0.4672092430606802,-5.166586650802843,miscanthus_floridulus_15wks vs miscanthus_sacchariflorus_4x_15wks,FALSE
21789,1.2401665920758589,16.797949882668775,1.4521225663865656,0.1825188049371345,0.4672092430606802,-5.167085952763614,miscanthus_floridulus_15wks vs miscanthus_sacchariflorus_4x_15wks,FALSE
7226,-2.0270654712108893,17.9856479626604,-1.4515695716835655,0.1826683809787231,0.4672092430606802,-5.167766538939484,miscanthus_floridulus_15wks vs miscanthus_sacchariflorus_4x_15wks,FALSE
170,-4.801930487390482,20.092000465417865,-1.4512275506605197,0.18276094589827763,0.4672092430606802,-5.168187398592448,miscanthus_floridulus_15wks vs miscanthus_sacchariflorus_4x_15wks,FALSE
343,1.052441559621137,23.103125117619147,1.450793388064831,0.18287850737354902,0.4672092430606802,-5.168721556303432,miscanthus_floridulus_15wks vs miscanthus_sacchariflorus_4x_15wks,FALSE
133,4.094712923458307,21.667364077419247,1.450410252128476,0.18298230706601665,0.4672092430606802,-5.169192857975522,miscanthus_floridulus_15wks vs miscanthus_sacchariflorus_4x_15wks,FALSE
7918,-1.6011758128649376,18.93003209494711,-1.4498988466745313,0.18312093821975653,0.4672092430606802,-5.1698218334047805,miscanthus_floridulus_15wks vs miscanthus_sacchariflorus_4x_15wks,FALSE
288,-5.018292489289642,20.06071908386922,-1.4492801793946373,0.18328876887802695,0.4672374091159284,-5.170582557470256,miscanthus_floridulus_15wks vs miscanthus_sacchariflorus_4x_15wks,FALSE
5152,2.0124969551651617,17.630566252399337,1.44786956444578,0.18367194170970372,0.46764945008670056,-5.172316368337726,miscanthus_floridulus_15wks vs miscanthus_sacchariflorus_4x_15wks,FALSE
1525,1.587705159313309,17.16554198267234,1.4475300750788553,0.18376426377568,0.46764945008670056,-5.1727334938716645,miscanthus_floridulus_15wks vs miscanthus_sacchariflorus_4x_15wks,FALSE
7279,-1.7434426497612172,18.124891667120213,-1.4465834216876592,0.18402191525984113,0.46790555245249704,-5.173896332032333,miscanthus_floridulus_15wks vs miscanthus_sacchariflorus_4x_15wks,FALSE
2124,0.9537467611823089,16.945040888462955,1.4443626921667747,0.18462757572007618,0.46898090568833833,-5.176622463911066,miscanthus_floridulus_15wks vs miscanthus_sacchariflorus_4x_15wks,FALSE
93,-4.03878666424318,23.359366415563432,-1.443236825162629,0.18493530031679042,0.46898090568833833,-5.178003626714913,miscanthus_floridulus_15wks vs miscanthus_sacchariflorus_4x_15wks,FALSE
7770,-1.4927684579146678,18.134124679522067,-1.4426937651913603,0.1850838912243072,0.46898090568833833,-5.178669603315285,miscanthus_floridulus_15wks vs miscanthus_sacchariflorus_4x_15wks,FALSE
4488,-1.1804559964164554,20.13131853294655,-1.4422730544816253,0.18519907703127308,0.46898090568833833,-5.17918543735489,miscanthus_floridulus_15wks vs miscanthus_sacchariflorus_4x_15wks,FALSE
7368,1.3141100318729038,17.022354812412267,1.4421538687549353,0.1852317201326088,0.46898090568833833,-5.179331555172715,miscanthus_floridulus_15wks vs miscanthus_sacchariflorus_4x_15wks,FALSE
1315,0.7884509408081222,22.30082653022242,1.4393831086738207,0.18599200845796784,0.4698874667938823,-5.182726425532689,miscanthus_floridulus_15wks vs miscanthus_sacchariflorus_4x_15wks,FALSE
946,-1.8697323372743568,19.288381614733147,-1.4393105956988628,0.1860119424117944,0.4698874667938823,-5.1828152206400375,miscanthus_floridulus_15wks vs miscanthus_sacchariflorus_4x_15wks,FALSE
6712,-2.4032557994549144,18.725783598185885,-1.4389903966651019,0.18609998807971542,0.4698874667938823,-5.183207286130121,miscanthus_floridulus_15wks vs miscanthus_sacchariflorus_4x_15wks,FALSE
17184,1.0163896608054905,16.571680753622573,1.4385523310150516,0.18622050277972316,0.4698874667938823,-5.183743589771739,miscanthus_floridulus_15wks vs miscanthus_sacchariflorus_4x_15wks,FALSE
13380,1.3736040381590406,17.47170476150762,1.4371522649535131,0.18660612780893845,0.4704621496367484,-5.185456984220213,miscanthus_floridulus_15wks vs miscanthus_sacchariflorus_4x_15wks,FALSE
11615,1.7379143317605354,17.51191025547412,1.4348277914567598,0.18724790745724348,0.4707728696218051,-5.188299500964297,miscanthus_floridulus_15wks vs miscanthus_sacchariflorus_4x_15wks,FALSE
9710,1.5403234467231819,17.511903087915957,1.4346073437707165,0.18730887238375712,0.4707728696218051,-5.1885689382887,miscanthus_floridulus_15wks vs miscanthus_sacchariflorus_4x_15wks,FALSE
2276,1.7183844454043289,18.096963074238637,1.4345981135103936,0.1873114253955021,0.4707728696218051,-5.188580219239923,miscanthus_floridulus_15wks vs miscanthus_sacchariflorus_4x_15wks,FALSE
3039,-2.718525716283313,18.584031391999545,-1.4329022801543208,0.18778099474554494,0.4707728696218051,-5.190652091912226,miscanthus_floridulus_15wks vs miscanthus_sacchariflorus_4x_15wks,FALSE
12184,1.4744664764313598,17.29006427754911,1.4327677786695623,0.18781828163341638,0.4707728696218051,-5.190816356428201,miscanthus_floridulus_15wks vs miscanthus_sacchariflorus_4x_15wks,FALSE
19916,1.1725657873127062,17.22167479427301,1.43221852310208,0.18797061496930187,0.4707728696218051,-5.191487059213154,miscanthus_floridulus_15wks vs miscanthus_sacchariflorus_4x_15wks,FALSE
3592,-2.103266362872393,18.14563879956337,-1.4313129800535345,0.18822199847654267,0.4707728696218051,-5.1925924981875005,miscanthus_floridulus_15wks vs miscanthus_sacchariflorus_4x_15wks,FALSE
18999,1.310716848808788,16.85210228052868,1.4302667324965153,0.1885128077374555,0.4707728696218051,-5.193869188428832,miscanthus_floridulus_15wks vs miscanthus_sacchariflorus_4x_15wks,FALSE
1625,2.8099542136430387,19.153355423028362,1.4301295222799864,0.1885509750175443,0.4707728696218051,-5.194036579217803,miscanthus_floridulus_15wks vs miscanthus_sacchariflorus_4x_15wks,FALSE
50,-4.55128972286337,20.1438925796281,-1.429633553400285,0.18868899318506158,0.4707728696218051,-5.19464156168596,miscanthus_floridulus_15wks vs miscanthus_sacchariflorus_4x_15wks,FALSE
3290,-1.666933332627245,18.87701963408391,-1.4295315234016537,0.18871739701537654,0.4707728696218051,-5.194766002439113,miscanthus_floridulus_15wks vs miscanthus_sacchariflorus_4x_15wks,FALSE
12946,-1.6155955863320202,17.884615949636547,-1.4293838631868105,0.18875851031498675,0.4707728696218051,-5.194946086739357,miscanthus_floridulus_15wks vs miscanthus_sacchariflorus_4x_15wks,FALSE
494,-2.355014066032048,18.965716623933556,-1.4292956325246071,0.18878308026780438,0.4707728696218051,-5.195053686358965,miscanthus_floridulus_15wks vs miscanthus_sacchariflorus_4x_15wks,FALSE
3341,-1.804734301607489,19.943647445462375,-1.4286690011470786,0.188957661180321,0.4708142393957831,-5.195817766980718,miscanthus_floridulus_15wks vs miscanthus_sacchariflorus_4x_15wks,FALSE
5939,1.5054466811729732,16.823943887626378,1.427866381207083,0.18918147866357155,0.47097811730780553,-5.19679614939511,miscanthus_floridulus_15wks vs miscanthus_sacchariflorus_4x_15wks,FALSE
11623,1.596521665489579,17.462746794872206,1.4261264568661736,0.18966746576560922,0.4717938630897458,-5.198915976146372,miscanthus_floridulus_15wks vs miscanthus_sacchariflorus_4x_15wks,FALSE
325,-0.9673591015775287,23.736802537105298,-1.422114377521741,0.19079225089469143,0.4732001381097807,-5.2037982315304525,miscanthus_floridulus_15wks vs miscanthus_sacchariflorus_4x_15wks,FALSE
8838,1.2113076965665073,17.222241227154694,1.4217297618897249,0.19090038245457813,0.4732001381097807,-5.204265837330643,miscanthus_floridulus_15wks vs miscanthus_sacchariflorus_4x_15wks,FALSE
13417,0.9683759644522141,17.504560528463387,1.4214710935974901,0.19097313496457125,0.4732001381097807,-5.204580277333512,miscanthus_floridulus_15wks vs miscanthus_sacchariflorus_4x_15wks,FALSE
3681,-2.839819736792993,18.948051351398767,-1.4214070793507276,0.19099114320704305,0.4732001381097807,-5.204658088504202,miscanthus_floridulus_15wks vs miscanthus_sacchariflorus_4x_15wks,FALSE
17589,1.0366973417252758,16.940027504735276,1.4212804616725596,0.19102676716310943,0.4732001381097807,-5.204811989826142,miscanthus_floridulus_15wks vs miscanthus_sacchariflorus_4x_15wks,FALSE
1984,0.9716593001621234,22.689969517952537,1.420099836712521,0.19135921532289557,0.4732548513995813,-5.206246624162334,miscanthus_floridulus_15wks vs miscanthus_sacchariflorus_4x_15wks,FALSE
19653,1.1463538230763284,16.948413195202328,1.4200740747963354,0.19136647514647498,0.4732548513995813,-5.206277920805577,miscanthus_floridulus_15wks vs miscanthus_sacchariflorus_4x_15wks,FALSE
531,2.3581194253031867,19.851455535133386,1.417626602334846,0.1920572783076758,0.4745693941599286,-5.209249670361778,miscanthus_floridulus_15wks vs miscanthus_sacchariflorus_4x_15wks,FALSE
802,3.233966775517704,20.060817973431103,1.4160733356298,0.1924968152460856,0.4752105361210564,-5.211134080198532,miscanthus_floridulus_15wks vs miscanthus_sacchariflorus_4x_15wks,FALSE
967,-1.0270871177562277,21.164537568797087,-1.415583245473661,0.1926356804141732,0.4752105361210564,-5.211728397588956,miscanthus_floridulus_15wks vs miscanthus_sacchariflorus_4x_15wks,FALSE
3413,-2.1165515968263904,18.880752291645884,-1.413137100576456,0.19333008958770379,0.47611791197882886,-5.2146929254862835,miscanthus_floridulus_15wks vs miscanthus_sacchariflorus_4x_15wks,FALSE
1231,2.6576136859630815,22.745005755206535,1.412912092086105,0.19339407393872143,0.47611791197882886,-5.214965463474924,miscanthus_floridulus_15wks vs miscanthus_sacchariflorus_4x_15wks,FALSE
21037,1.394837364407934,16.756292788302286,1.412600127606766,0.1934828159081751,0.47611791197882886,-5.215343282587041,miscanthus_floridulus_15wks vs miscanthus_sacchariflorus_4x_15wks,FALSE
468,3.9434767147126095,22.159649670527777,1.4105283180588073,0.19407306495466625,0.47717634782582957,-5.217851176665899,miscanthus_floridulus_15wks vs miscanthus_sacchariflorus_4x_15wks,FALSE
8663,0.9237335836012939,16.947765090013768,1.4089918799697885,0.19451179873807445,0.47732668071395784,-5.219709587076215,miscanthus_floridulus_15wks vs miscanthus_sacchariflorus_4x_15wks,FALSE
567,-2.2984603081744375,18.625682538037477,-1.4089785133657675,0.19451561938209036,0.47732668071395784,-5.219725749423871,miscanthus_floridulus_15wks vs miscanthus_sacchariflorus_4x_15wks,FALSE
3577,-0.9653089193017443,21.378069488038115,-1.4086318269845168,0.19461473727095932,0.47732668071395784,-5.220144916193268,miscanthus_floridulus_15wks vs miscanthus_sacchariflorus_4x_15wks,FALSE
841,-3.4501242632619054,20.532025369348403,-1.406109755784903,0.1953371199864201,0.47870445522987815,-5.223192402332135,miscanthus_floridulus_15wks vs miscanthus_sacchariflorus_4x_15wks,FALSE
21943,1.3204953670838684,16.857657009136393,1.403050319404413,0.19621653945633144,0.47975156641223415,-5.2268847908049665,miscanthus_floridulus_15wks vs miscanthus_sacchariflorus_4x_15wks,FALSE
11638,1.6592388774857803,17.443785090143326,1.4026945881558073,0.1963190150966227,0.47975156641223415,-5.227313803150924,miscanthus_floridulus_15wks vs miscanthus_sacchariflorus_4x_15wks,FALSE
15,-0.9168165591324495,24.231840934031272,-1.4023988916323102,0.19640423182424288,0.47975156641223415,-5.227670363621213,miscanthus_floridulus_15wks vs miscanthus_sacchariflorus_4x_15wks,FALSE
2052,-1.6870339515634356,17.911337697031318,-1.402384572023716,0.19640835940366635,0.47975156641223415,-5.2276876295195285,miscanthus_floridulus_15wks vs miscanthus_sacchariflorus_4x_15wks,FALSE
23031,1.2378849598535027,16.736161945887297,1.400535113037554,0.19694209222068149,0.4803004466305874,-5.2299167244135925,miscanthus_floridulus_15wks vs miscanthus_sacchariflorus_4x_15wks,FALSE
886,-1.9052795942286629,18.166366800028854,-1.4002736469141899,0.19701764969366475,0.4803004466305874,-5.230231718044275,miscanthus_floridulus_15wks vs miscanthus_sacchariflorus_4x_15wks,FALSE
1826,-3.041853642008128,19.474743990865615,-1.399730731066067,0.19717461965464017,0.4803004466305874,-5.230885666484437,miscanthus_floridulus_15wks vs miscanthus_sacchariflorus_4x_15wks,FALSE
9191,1.5030205316106198,17.544550843370835,1.399374175490077,0.1972777673408856,0.4803004466305874,-5.231315058444322,miscanthus_floridulus_15wks vs miscanthus_sacchariflorus_4x_15wks,FALSE
12791,-1.2215900445615588,18.443924589963157,-1.3967670232855218,0.19803340974660386,0.48101644159764223,-5.234452782856877,miscanthus_floridulus_15wks vs miscanthus_sacchariflorus_4x_15wks,FALSE
1336,-3.019078590577571,18.917472607934958,-1.396625933521507,0.19807437380214055,0.48101644159764223,-5.234622484263932,miscanthus_floridulus_15wks vs miscanthus_sacchariflorus_4x_15wks,FALSE
1086,-2.971896704224669,18.808860620330805,-1.3960031917774332,0.19825526853181386,0.48101644159764223,-5.235371387942275,miscanthus_floridulus_15wks vs miscanthus_sacchariflorus_4x_15wks,FALSE
6495,-0.6472447379775375,19.955297559156698,-1.3956315860115804,0.198363281110156,0.48101644159764223,-5.235818181300769,miscanthus_floridulus_15wks vs miscanthus_sacchariflorus_4x_15wks,FALSE
854,-3.4485582669892807,19.175589592074687,-1.39505622757307,0.19853061782047993,0.48101644159764223,-5.236509810675143,miscanthus_floridulus_15wks vs miscanthus_sacchariflorus_4x_15wks,FALSE
6164,2.1209394057933793,17.592466215105837,1.3948912218745153,0.1985786304593572,0.48101644159764223,-5.236708129532553,miscanthus_floridulus_15wks vs miscanthus_sacchariflorus_4x_15wks,FALSE
413,-4.0287472984619335,20.3938282185556,-1.3944682246068782,0.19870175825728106,0.48101644159764223,-5.237216461129305,miscanthus_floridulus_15wks vs miscanthus_sacchariflorus_4x_15wks,FALSE
406,0.6697276393941358,23.9200601175842,1.391229002830519,0.19964683567243321,0.4826124683466354,-5.241106050727161,miscanthus_floridulus_15wks vs miscanthus_sacchariflorus_4x_15wks,FALSE
384,-3.706173365709251,22.897941887658426,-1.3910986198262443,0.19968495754073876,0.4826124683466354,-5.2412624967939685,miscanthus_floridulus_15wks vs miscanthus_sacchariflorus_4x_15wks,FALSE
21373,1.0823137847894273,16.909736188085432,1.3898732118047095,0.20004355449956798,0.48308735203299236,-5.2427324231807395,miscanthus_floridulus_15wks vs miscanthus_sacchariflorus_4x_15wks,FALSE
2577,-2.389597170803853,19.319578340268254,-1.3875285625154272,0.20073123164953813,0.4843555225227722,-5.245542725150926,miscanthus_floridulus_15wks vs miscanthus_sacchariflorus_4x_15wks,FALSE
9994,2.0583951557591327,17.449885936502795,1.3860592010895776,0.20116323007492398,0.48491865232607567,-5.247302429933571,miscanthus_floridulus_15wks vs miscanthus_sacchariflorus_4x_15wks,FALSE
17894,1.0906449868747927,16.93471368474207,1.3851749477876647,0.2014235909807027,0.48491865232607567,-5.2483608614893305,miscanthus_floridulus_15wks vs miscanthus_sacchariflorus_4x_15wks,FALSE
61,-1.2821970132497746,18.64333390822082,-1.3850758676364097,0.20145278240928916,0.48491865232607567,-5.248479432519519,miscanthus_floridulus_15wks vs miscanthus_sacchariflorus_4x_15wks,FALSE
2525,-2.6711982440392106,18.635814456014845,-1.3836059752109755,0.20188627766592784,0.485569901085121,-5.250237870603176,miscanthus_floridulus_15wks vs miscanthus_sacchariflorus_4x_15wks,FALSE
6496,1.4221665544437307,17.91882576372641,1.3816698574871744,0.2024584985146669,0.48655348836589307,-5.252552312117352,miscanthus_floridulus_15wks vs miscanthus_sacchariflorus_4x_15wks,FALSE
23629,0.9429969023710036,16.916751149677847,1.3808042428497802,0.2027147836719861,0.48677683750404394,-5.253586428477975,miscanthus_floridulus_15wks vs miscanthus_sacchariflorus_4x_15wks,FALSE
2894,1.98334262409303,17.972404528959117,1.379653428823117,0.20305594180837266,0.48696469340366455,-5.254960646180595,miscanthus_floridulus_15wks vs miscanthus_sacchariflorus_4x_15wks,FALSE
1756,0.8665144674111787,20.99318172093055,1.37896224093968,0.20326108185655273,0.48696469340366455,-5.255785674126609,miscanthus_floridulus_15wks vs miscanthus_sacchariflorus_4x_15wks,FALSE
1797,0.7370026991964771,17.278253769078727,1.378887592025453,0.20328324785038884,0.48696469340366455,-5.255874762704247,miscanthus_floridulus_15wks vs miscanthus_sacchariflorus_4x_15wks,FALSE
10782,1.4113083794381325,16.989159905642257,1.3761521160930335,0.20409694863981165,0.48788621941339394,-5.259137329494848,miscanthus_floridulus_15wks vs miscanthus_sacchariflorus_4x_15wks,FALSE
16043,1.3912302222168513,17.64568049843593,1.3758281088024729,0.204193514155065,0.48788621941339394,-5.2595235049151,miscanthus_floridulus_15wks vs miscanthus_sacchariflorus_4x_15wks,FALSE
8186,1.3779136353779968,17.399459029880266,1.3750956597639312,0.20441195462009285,0.48788621941339394,-5.26039628461612,miscanthus_floridulus_15wks vs miscanthus_sacchariflorus_4x_15wks,FALSE
20483,1.1110594530831328,17.058361214673344,1.3747465234506697,0.20451614937847104,0.48788621941339394,-5.260812211609611,miscanthus_floridulus_15wks vs miscanthus_sacchariflorus_4x_15wks,FALSE
1903,-2.4536078683136395,18.208368040598625,-1.3745735657243277,0.2045677830819021,0.48788621941339394,-5.261018232504916,miscanthus_floridulus_15wks vs miscanthus_sacchariflorus_4x_15wks,FALSE
22726,1.058279530853838,16.47088895965185,1.3739879248469795,0.2047426999364886,0.48788621941339394,-5.261715707849173,miscanthus_floridulus_15wks vs miscanthus_sacchariflorus_4x_15wks,FALSE
1129,-0.7530240621724289,23.186050743523193,-1.3733311767880136,0.20493900791403752,0.48788621941339394,-5.262497651184858,miscanthus_floridulus_15wks vs miscanthus_sacchariflorus_4x_15wks,FALSE
1044,2.721511180692488,18.933445971956452,1.3730470953868916,0.20502397260865574,0.48788621941339394,-5.262835815355422,miscanthus_floridulus_15wks vs miscanthus_sacchariflorus_4x_15wks,FALSE
7526,-1.7026549301019358,19.92088435989333,-1.3726545726218302,0.20514142044462505,0.48788621941339394,-5.263302994722512,miscanthus_floridulus_15wks vs miscanthus_sacchariflorus_4x_15wks,FALSE
5189,1.7920761134029206,19.71371398734939,1.371035492964834,0.20562648182788473,0.4884516863118951,-5.265229147038594,miscanthus_floridulus_15wks vs miscanthus_sacchariflorus_4x_15wks,FALSE
2166,1.8330123203522213,17.730877803613744,1.3707670434100947,0.20570700212128468,0.4884516863118951,-5.265548374757314,miscanthus_floridulus_15wks vs miscanthus_sacchariflorus_4x_15wks,FALSE
1303,1.9538489057741693,19.241057258141602,1.3697974139402445,0.20599806421678452,0.48875336892198873,-5.266701091312586,miscanthus_floridulus_15wks vs miscanthus_sacchariflorus_4x_15wks,FALSE
1560,2.4203639478878323,19.535450330808974,1.367059747777914,0.2068217650143093,0.4903173108533347,-5.269952964854475,miscanthus_floridulus_15wks vs miscanthus_sacchariflorus_4x_15wks,FALSE
1255,-3.012993961550663,19.15695409774415,-1.3647553999391167,0.20751728227279906,0.49157512016926963,-5.2726870071905845,miscanthus_floridulus_15wks vs miscanthus_sacchariflorus_4x_15wks,FALSE
8566,-1.9880479388151215,17.674119069346933,-1.3624501771584296,0.20821507220589514,0.492836310701801,-5.275419223281764,miscanthus_floridulus_15wks vs miscanthus_sacchariflorus_4x_15wks,FALSE
389,-1.8798956522671126,19.23178996325083,-1.360485240873432,0.20881144631024515,0.49362240478646463,-5.277745855265229,miscanthus_floridulus_15wks vs miscanthus_sacchariflorus_4x_15wks,FALSE
6364,-1.4074152838388478,18.274158257406906,-1.3602646988579725,0.2088784739717221,0.49362240478646463,-5.278006863145038,miscanthus_floridulus_15wks vs miscanthus_sacchariflorus_4x_15wks,FALSE
12501,-1.4245313070775083,18.145323563467894,-1.359405920692689,0.2091396517536522,0.4938228805546791,-5.279022962051813,miscanthus_floridulus_15wks vs miscanthus_sacchariflorus_4x_15wks,FALSE
19698,1.2057841188133374,17.119024736993833,1.3588964402240138,0.2092947309196509,0.4938228805546791,-5.279625586028895,miscanthus_floridulus_15wks vs miscanthus_sacchariflorus_4x_15wks,FALSE
8108,1.436858563151869,16.824360771048372,1.3570647279671948,0.2098530946798649,0.49398548391510233,-5.281791009558583,miscanthus_floridulus_15wks vs miscanthus_sacchariflorus_4x_15wks,FALSE
13668,-0.9181109335821382,17.28285029822745,-1.35695118647628,0.2098877476942363,0.49398548391510233,-5.281925176685114,miscanthus_floridulus_15wks vs miscanthus_sacchariflorus_4x_15wks,FALSE
4364,1.0317184862188036,16.80312035652515,1.3556735249001046,0.21027802984540728,0.49398548391510233,-5.283434451614199,miscanthus_floridulus_15wks vs miscanthus_sacchariflorus_4x_15wks,FALSE
19343,0.83420715463539,17.032699425080096,1.3554442141467766,0.21034814224538756,0.49398548391510233,-5.283705237636563,miscanthus_floridulus_15wks vs miscanthus_sacchariflorus_4x_15wks,FALSE
10840,1.0693457995292732,16.405209153987954,1.3550371172313327,0.21047266258849917,0.49398548391510233,-5.284185895369717,miscanthus_floridulus_15wks vs miscanthus_sacchariflorus_4x_15wks,FALSE
13932,-1.0261773637689338,17.18772923938521,-1.355028823966151,0.21047519993835315,0.49398548391510233,-5.2841956862577275,miscanthus_floridulus_15wks vs miscanthus_sacchariflorus_4x_15wks,FALSE
125,-3.440463977103189,23.4913556085764,-1.3548692899535497,0.21052401495710737,0.49398548391510233,-5.284384022114049,miscanthus_floridulus_15wks vs miscanthus_sacchariflorus_4x_15wks,FALSE
6772,1.2915109011990822,16.83569025786109,1.3542366188156503,0.21071769833229728,0.49405093708123204,-5.28513077751682,miscanthus_floridulus_15wks vs miscanthus_sacchariflorus_4x_15wks,FALSE
5307,1.6890037575206058,17.25699150081594,1.3536583607955877,0.21089485733970023,0.4940540446050345,-5.2858131171657154,miscanthus_floridulus_15wks vs miscanthus_sacchariflorus_4x_15wks,FALSE
2884,1.5141753866436645,17.13688778308938,1.3531503386786825,0.21105060361819092,0.4940540446050345,-5.286412428594912,miscanthus_floridulus_15wks vs miscanthus_sacchariflorus_4x_15wks,FALSE
2609,1.1827310582801438,17.306170552472214,1.3517259518603073,0.21148780843352272,0.4946220254039038,-5.288092020399849,miscanthus_floridulus_15wks vs miscanthus_sacchariflorus_4x_15wks,FALSE
14126,1.151254040183126,16.985988991250085,1.351278873688783,0.2116251954328783,0.4946220254039038,-5.288618972351253,miscanthus_floridulus_15wks vs miscanthus_sacchariflorus_4x_15wks,FALSE
18158,1.1612884529816156,17.285106345769805,1.3492290311669672,0.2122560895042282,0.49570779523714736,-5.291033634785852,miscanthus_floridulus_15wks vs miscanthus_sacchariflorus_4x_15wks,FALSE
7249,-1.8458599079382338,17.885717693792905,-1.3486482882454278,0.21243512087813135,0.4957374003264146,-5.291717317071833,miscanthus_floridulus_15wks vs miscanthus_sacchariflorus_4x_15wks,FALSE
650,-2.5057558606586916,18.04987436887376,-1.3478517983240101,0.21268087267502986,0.4958541399720979,-5.2926546879299,miscanthus_floridulus_15wks vs miscanthus_sacchariflorus_4x_15wks,FALSE
6415,-2.1725059068128303,19.659439012670965,-1.3474079177617124,0.21281793457191717,0.4958541399720979,-5.293176929902071,miscanthus_floridulus_15wks vs miscanthus_sacchariflorus_4x_15wks,FALSE
10141,1.3921932336884488,17.46283785748636,1.3462439577586498,0.21317770192391308,0.49630433729161016,-5.294545858554886,miscanthus_floridulus_15wks vs miscanthus_sacchariflorus_4x_15wks,FALSE
952,-3.3843489036955,21.591849133306,-1.3433218945595082,0.21408317014575654,0.49802329979262644,-5.297979204036525,miscanthus_floridulus_15wks vs miscanthus_sacchariflorus_4x_15wks,FALSE
2266,-2.7247151074573672,19.711232707177302,-1.3427638841863332,0.21425645539061003,0.49803762641499055,-5.298634316676473,miscanthus_floridulus_15wks vs miscanthus_sacchariflorus_4x_15wks,FALSE
7015,1.4528796730208242,18.847250181100787,1.338810795716411,0.21548748368496765,0.5001940779304063,-5.303270381888903,miscanthus_floridulus_15wks vs miscanthus_sacchariflorus_4x_15wks,FALSE
21775,0.964306256788948,17.350201680462416,1.3384876099193863,0.21558839296999238,0.5001940779304063,-5.303649022671902,miscanthus_floridulus_15wks vs miscanthus_sacchariflorus_4x_15wks,FALSE
187,-1.0442659662110394,22.215360242562625,-1.3378218571755343,0.21579638996693543,0.5001940779304063,-5.304428828709579,miscanthus_floridulus_15wks vs miscanthus_sacchariflorus_4x_15wks,FALSE
16571,1.413133383088688,17.130135318325884,1.3367503367237958,0.21613151768959116,0.5001940779304063,-5.305683400787269,miscanthus_floridulus_15wks vs miscanthus_sacchariflorus_4x_15wks,FALSE
17130,1.1926424993984739,17.189610100962383,1.3365627340710742,0.21619023772472123,0.5001940779304063,-5.305902986786153,miscanthus_floridulus_15wks vs miscanthus_sacchariflorus_4x_15wks,FALSE
23527,0.9877238871330967,17.054466607647093,1.3365594495837274,0.21619126589743734,0.5001940779304063,-5.305906831053846,miscanthus_floridulus_15wks vs miscanthus_sacchariflorus_4x_15wks,FALSE
984,-0.8087600739849137,24.423496888727453,-1.335623193819819,0.21648452042746746,0.5004839960231598,-5.307002410330837,miscanthus_floridulus_15wks vs miscanthus_sacchariflorus_4x_15wks,FALSE
1052,-2.9046479791521307,18.580335172322435,-1.334962757108512,0.21669158656824694,0.5005743627700588,-5.30777494147498,miscanthus_floridulus_15wks vs miscanthus_sacchariflorus_4x_15wks,FALSE
6066,1.9868893257560103,18.327351292751345,1.3331748128328529,0.21725300590898364,0.5014825388139205,-5.309865133075106,miscanthus_floridulus_15wks vs miscanthus_sacchariflorus_4x_15wks,FALSE
3036,2.192901517347689,19.597978886658822,1.3316980518397283,0.21771764631873855,0.5021660882583908,-5.3115901952302345,miscanthus_floridulus_15wks vs miscanthus_sacchariflorus_4x_15wks,FALSE
646,-1.2626481007791774,22.044167948493463,-1.3308177271709276,0.21799502926704106,0.5024170048072563,-5.312617958698514,miscanthus_floridulus_15wks vs miscanthus_sacchariflorus_4x_15wks,FALSE
18971,0.9776006212661628,17.021803965789633,1.3302149724174526,0.2181851256382259,0.5024665180849406,-5.31332141489216,miscanthus_floridulus_15wks vs miscanthus_sacchariflorus_4x_15wks,FALSE
3238,-1.1812854115220581,20.706702165913043,-1.3287990021315823,0.218632248165272,0.5031074127664174,-5.314973151495487,miscanthus_floridulus_15wks vs miscanthus_sacchariflorus_4x_15wks,FALSE
91,-1.7359667250595443,24.11815158432594,-1.3267398762194018,0.2192838509372057,0.5041044805359408,-5.317373132169433,miscanthus_floridulus_15wks vs miscanthus_sacchariflorus_4x_15wks,FALSE
4802,-1.6972746488900405,20.092324589312142,-1.3256585038686728,0.21962670776855486,0.5041044805359408,-5.318632557356547,miscanthus_floridulus_15wks vs miscanthus_sacchariflorus_4x_15wks,FALSE
487,-0.6629872905990588,24.48338750682875,-1.3253531733564479,0.21972359741348135,0.5041044805359408,-5.318988043246206,miscanthus_floridulus_15wks vs miscanthus_sacchariflorus_4x_15wks,FALSE
3627,-2.1839606832703957,18.138288707818578,-1.3252946015295497,0.21974218799200912,0.5041044805359408,-5.319056230447557,miscanthus_floridulus_15wks vs miscanthus_sacchariflorus_4x_15wks,FALSE
23115,0.927334718684147,17.31593866035962,1.323972151669956,0.22016228668841198,0.5042071892828243,-5.320595266317011,miscanthus_floridulus_15wks vs miscanthus_sacchariflorus_4x_15wks,FALSE
11811,0.788366357955244,17.18254477030078,1.323656466620225,0.22026267020476303,0.5042071892828243,-5.320962507941614,miscanthus_floridulus_15wks vs miscanthus_sacchariflorus_4x_15wks,FALSE
4775,1.5059195678305528,17.120544778670062,1.3234427873953747,0.22033063932366856,0.5042071892828243,-5.321211052735132,miscanthus_floridulus_15wks vs miscanthus_sacchariflorus_4x_15wks,FALSE
627,1.2328294831173068,17.37742721819206,1.3230244880027398,0.220463747528698,0.5042071892828243,-5.321697530840329,miscanthus_floridulus_15wks vs miscanthus_sacchariflorus_4x_15wks,FALSE
2040,-2.238075073379882,18.869083252610274,-1.3220596348017262,0.22077103651084437,0.5044243172769366,-5.322819270509429,miscanthus_floridulus_15wks vs miscanthus_sacchariflorus_4x_15wks,FALSE
20944,0.8701880053120838,17.54685970606624,1.3212291281918562,0.22103582951254816,0.5044243172769366,-5.323784399166005,miscanthus_floridulus_15wks vs miscanthus_sacchariflorus_4x_15wks,FALSE
2794,0.7403466753227299,22.364143520827287,1.3211329989470588,0.22106649609519435,0.5044243172769366,-5.323896085529958,miscanthus_floridulus_15wks vs miscanthus_sacchariflorus_4x_15wks,FALSE
4517,-1.7221022779036943,18.64262720569788,-1.318853745511925,0.22179466824586927,0.5050757394879266,-5.326542677263852,miscanthus_floridulus_15wks vs miscanthus_sacchariflorus_4x_15wks,FALSE
2500,-2.4873478408684804,19.071723538611472,-1.3183738884903613,0.2219482311369813,0.5050757394879266,-5.327099497504596,miscanthus_floridulus_15wks vs miscanthus_sacchariflorus_4x_15wks,FALSE
316,-3.96668267600754,20.272771325420557,-1.318259373523485,0.22198489131121835,0.5050757394879266,-5.327232360060172,miscanthus_floridulus_15wks vs miscanthus_sacchariflorus_4x_15wks,FALSE
20728,1.1159360231561024,17.096271746973215,1.318118679996039,0.22202993917086705,0.5050757394879266,-5.3273955853656405,miscanthus_floridulus_15wks vs miscanthus_sacchariflorus_4x_15wks,FALSE
7372,-1.6157877348967702,18.860584411430764,-1.316474878353286,0.22255683315801703,0.5053952349071994,-5.3293018095618425,miscanthus_floridulus_15wks vs miscanthus_sacchariflorus_4x_15wks,FALSE
3473,-1.4372239878084407,20.278594764132155,-1.3162204992721191,0.22263846486538633,0.5053952349071994,-5.329596662123855,miscanthus_floridulus_15wks vs miscanthus_sacchariflorus_4x_15wks,FALSE
1635,2.4079512114509143,19.81446443393437,1.3160936666866847,0.22267917564870898,0.5053952349071994,-5.329743660975104,miscanthus_floridulus_15wks vs miscanthus_sacchariflorus_4x_15wks,FALSE
24038,1.0021335995906284,16.81670267392204,1.3138408609078789,0.22340333392724993,0.5066529186477966,-5.332353142674216,miscanthus_floridulus_15wks vs miscanthus_sacchariflorus_4x_15wks,FALSE
4279,-0.7601917772629037,20.3705394400417,-1.3106239833858417,0.22444084664428854,0.507349481148318,-5.336074341026456,miscanthus_floridulus_15wks vs miscanthus_sacchariflorus_4x_15wks,FALSE
14264,-1.5120018661084682,17.07809385412925,-1.3105498189247013,0.22446481429747142,0.507349481148318,-5.336160063130217,miscanthus_floridulus_15wks vs miscanthus_sacchariflorus_4x_15wks,FALSE
6389,1.1011595833008592,16.560366384918662,1.310355979748224,0.22452746733253148,0.507349481148318,-5.336384095037838,miscanthus_floridulus_15wks vs miscanthus_sacchariflorus_4x_15wks,FALSE
10,-0.7546795345833104,22.36773156202502,-1.3103359318229553,0.22453394810188515,0.507349481148318,-5.3364072644429825,miscanthus_floridulus_15wks vs miscanthus_sacchariflorus_4x_15wks,FALSE
925,2.71516516558761,19.544334641762063,1.3095492547816048,0.2247883773109119,0.507349481148318,-5.337316247146758,miscanthus_floridulus_15wks vs miscanthus_sacchariflorus_4x_15wks,FALSE
5406,1.4926646068008438,17.46955255262444,1.309540305447316,0.22479127313106959,0.507349481148318,-5.337326585817803,miscanthus_floridulus_15wks vs miscanthus_sacchariflorus_4x_15wks,FALSE
473,-3.4984107256876555,19.034678528167174,-1.3088385459939942,0.2250184462915963,0.507349481148318,-5.338137147629102,miscanthus_floridulus_15wks vs miscanthus_sacchariflorus_4x_15wks,FALSE
10637,1.6446376265576639,17.627678749952633,1.308671694419296,0.22507248794566323,0.507349481148318,-5.338329826947181,miscanthus_floridulus_15wks vs miscanthus_sacchariflorus_4x_15wks,FALSE
8821,-1.373105748786152,17.733530487743053,-1.3058975644034827,0.22597261166991398,0.5084731299160437,-5.341531050032925,miscanthus_floridulus_15wks vs miscanthus_sacchariflorus_4x_15wks,FALSE
10486,1.6816478024430275,17.195703092799413,1.305845728914926,0.22598945967542097,0.5084731299160437,-5.34159082405738,miscanthus_floridulus_15wks vs miscanthus_sacchariflorus_4x_15wks,FALSE
1312,3.044421883983812,19.03345660648031,1.3055584540975467,0.22608285138884493,0.5084731299160437,-5.3419220667819225,miscanthus_floridulus_15wks vs miscanthus_sacchariflorus_4x_15wks,FALSE
15468,1.3555124477927265,17.491640835175463,1.3048838377085101,0.2263022942532927,0.5085828332389233,-5.342699748818141,miscanthus_floridulus_15wks vs miscanthus_sacchariflorus_4x_15wks,FALSE
22542,0.7904687285956733,17.22367533496733,1.3036998862728324,0.2266878513177161,0.5088735165873591,-5.344063950752385,miscanthus_floridulus_15wks vs miscanthus_sacchariflorus_4x_15wks,FALSE
18257,1.2148648125900188,17.13661090621676,1.303249225645135,0.22683475588630916,0.5088735165873591,-5.344583011183805,miscanthus_floridulus_15wks vs miscanthus_sacchariflorus_4x_15wks,FALSE
922,-0.7547726329231601,24.693885292256002,-1.3029144787828735,0.22694392736395985,0.5088735165873591,-5.344968489498815,miscanthus_floridulus_15wks vs miscanthus_sacchariflorus_4x_15wks,FALSE
14276,0.7574712674164417,17.073531673422625,1.3015460409333282,0.2273906793602903,0.5092291563331689,-5.3465436480972865,miscanthus_floridulus_15wks vs miscanthus_sacchariflorus_4x_15wks,FALSE
532,0.830323833540195,24.462909445819857,1.3013819561937552,0.22744429767766705,0.5092291563331689,-5.346732447870812,miscanthus_floridulus_15wks vs miscanthus_sacchariflorus_4x_15wks,FALSE
2578,-1.995319069926282,18.154667859991378,-1.2986489882244154,0.22833892499986097,0.5108406243968797,-5.349874790489167,miscanthus_floridulus_15wks vs miscanthus_sacchariflorus_4x_15wks,FALSE
2457,-1.9266698917549334,17.726179715591716,-1.2981368640203697,0.22850689675202707,0.5108406243968797,-5.350463148402242,miscanthus_floridulus_15wks vs miscanthus_sacchariflorus_4x_15wks,FALSE
14476,1.5776349875371736,16.85575620176673,1.2972217729760176,0.2288072970716869,0.5111287445829288,-5.3515140817779825,miscanthus_floridulus_15wks vs miscanthus_sacchariflorus_4x_15wks,FALSE
24,-0.8767859922752628,26.414812277202252,-1.2963584450090608,0.22909101000677504,0.5113791833859098,-5.352505125482441,miscanthus_floridulus_15wks vs miscanthus_sacchariflorus_4x_15wks,FALSE
6767,1.4516705396404213,18.77808298517169,1.294853370909295,0.22958632690927536,0.5120088151292225,-5.354231823022828,miscanthus_floridulus_15wks vs miscanthus_sacchariflorus_4x_15wks,FALSE
1764,1.0150696846184815,17.167972486605997,1.2944576526967757,0.22971670665361424,0.5120088151292225,-5.354685593859699,miscanthus_floridulus_15wks vs miscanthus_sacchariflorus_4x_15wks,FALSE
10172,-1.550114581597665,17.52215083741773,-1.293533304114736,0.2300215004870902,0.5120298853333755,-5.355745193463025,miscanthus_floridulus_15wks vs miscanthus_sacchariflorus_4x_15wks,FALSE
369,-1.0538162450035458,21.91772929634475,-1.2933869081323413,0.23006980418167441,0.5120298853333755,-5.355912964828545,miscanthus_floridulus_15wks vs miscanthus_sacchariflorus_4x_15wks,FALSE
293,1.8973799323648386,22.169832740986937,1.288243519385484,0.23177230395149,0.5152341346807915,-5.361799459872713,miscanthus_floridulus_15wks vs miscanthus_sacchariflorus_4x_15wks,FALSE
6983,0.6766353298110914,16.840086597110076,1.28799341242434,0.23185536060635617,0.5152341346807915,-5.362085310212898,miscanthus_floridulus_15wks vs miscanthus_sacchariflorus_4x_15wks,FALSE
995,-1.5659436099829165,19.106560566071277,-1.2862157529856277,0.23244641488692588,0.5161626798532334,-5.364115970443122,miscanthus_floridulus_15wks vs miscanthus_sacchariflorus_4x_15wks,FALSE
2178,1.3315235706377102,19.843350691978884,1.2855579298286464,0.23266545529364455,0.5162643758563371,-5.364866950068779,miscanthus_floridulus_15wks vs miscanthus_sacchariflorus_4x_15wks,FALSE
4695,-1.6089940939020622,18.440004902292063,-1.2827257262982414,0.2336104965756212,0.5179756546096362,-5.368097348071221,miscanthus_floridulus_15wks vs miscanthus_sacchariflorus_4x_15wks,FALSE
15812,0.970078810696112,16.672013794080375,1.2802164015621742,0.23445049029892576,0.5190715510454856,-5.370955555090185,miscanthus_floridulus_15wks vs miscanthus_sacchariflorus_4x_15wks,FALSE
6057,-0.6964008387163609,17.19575354410533,-1.2802085475536835,0.23445312339168578,0.5190715510454856,-5.370964495288292,miscanthus_floridulus_15wks vs miscanthus_sacchariflorus_4x_15wks,FALSE
16805,1.1820187131212698,17.252939069484576,1.2791985426706165,0.2347919389181669,0.51927221982756,-5.3721138800340205,miscanthus_floridulus_15wks vs miscanthus_sacchariflorus_4x_15wks,FALSE
21170,1.030915753047374,16.719380759807176,1.2788997037437537,0.23489226588172846,0.51927221982756,-5.37245384382184,miscanthus_floridulus_15wks vs miscanthus_sacchariflorus_4x_15wks,FALSE
3244,1.3495789639964215,17.189928599728162,1.276912212929271,0.23556042595418972,0.520171383957428,-5.374713510531121,miscanthus_floridulus_15wks vs miscanthus_sacchariflorus_4x_15wks,FALSE
18106,0.9560448443658274,16.658842679054768,1.2766517405675573,0.23564811018205634,0.520171383957428,-5.375009481163456,miscanthus_floridulus_15wks vs miscanthus_sacchariflorus_4x_15wks,FALSE
8247,1.8742434153867578,18.229520717044483,1.2748164443046197,0.23626671126590956,0.521150850904819,-5.3770937681308695,miscanthus_floridulus_15wks vs miscanthus_sacchariflorus_4x_15wks,FALSE
28,0.6240313506825359,23.735838736679103,1.274190992798891,0.23647783505350253,0.5212307311090514,-5.377803620273299,miscanthus_floridulus_15wks vs miscanthus_sacchariflorus_4x_15wks,FALSE
23420,0.763649542538257,16.495271428220782,1.2713098188900738,0.23745242759695145,0.5223440667419263,-5.381070611095903,miscanthus_floridulus_15wks vs miscanthus_sacchariflorus_4x_15wks,FALSE
2197,-2.30935154201752,20.081715503536596,-1.2712157474408214,0.23748430498570636,0.5223440667419263,-5.381177197001141,miscanthus_floridulus_15wks vs miscanthus_sacchariflorus_4x_15wks,FALSE
6013,2.181560651867894,19.368076269029515,1.271143482280312,0.2375087954480907,0.5223440667419263,-5.381259072145107,miscanthus_floridulus_15wks vs miscanthus_sacchariflorus_4x_15wks,FALSE
24380,0.8961352956362845,16.855978274372816,1.268093228724882,0.23854444539651165,0.5239938425361782,-5.384712138310972,miscanthus_floridulus_15wks vs miscanthus_sacchariflorus_4x_15wks,FALSE
807,2.3441570677298955,20.68447892521798,1.2678987073378865,0.23861061889986374,0.5239938425361782,-5.384932161073412,miscanthus_floridulus_15wks vs miscanthus_sacchariflorus_4x_15wks,FALSE
23937,0.8162374872476157,16.81342755810508,1.266610376093874,0.23904927876458698,0.5241432051682406,-5.386388823622904,miscanthus_floridulus_15wks vs miscanthus_sacchariflorus_4x_15wks,FALSE
6819,-1.446285564165258,19.08864813550928,-1.2657420299125954,0.23934531906771137,0.5241432051682406,-5.387370070874534,miscanthus_floridulus_15wks vs miscanthus_sacchariflorus_4x_15wks,FALSE
3249,1.9631071893375562,17.58475513507978,1.2652213417749874,0.23952298107791214,0.5241432051682406,-5.387958243329629,miscanthus_floridulus_15wks vs miscanthus_sacchariflorus_4x_15wks,FALSE
2082,-2.9257712788439143,19.05322999451836,-1.2646033325702328,0.23973399251467606,0.5241432051682406,-5.388656141141433,miscanthus_floridulus_15wks vs miscanthus_sacchariflorus_4x_15wks,FALSE
11609,1.6173656185728014,17.532459465195775,1.26419422171166,0.23987376359262816,0.5241432051682406,-5.389118011884144,miscanthus_floridulus_15wks vs miscanthus_sacchariflorus_4x_15wks,FALSE
451,-3.022933092453563,22.515607440257288,-1.2632890582680902,0.24018325075218805,0.5241432051682406,-5.390139553427581,miscanthus_floridulus_15wks vs miscanthus_sacchariflorus_4x_15wks,FALSE
11502,1.3083297186796337,17.202660035109496,1.262953405307796,0.2402980995193727,0.5241432051682406,-5.390518237793914,miscanthus_floridulus_15wks vs miscanthus_sacchariflorus_4x_15wks,FALSE
4329,-1.6267368335405443,18.49806501135961,-1.2628872066380556,0.24032075580993928,0.5241432051682406,-5.3905929153499885,miscanthus_floridulus_15wks vs miscanthus_sacchariflorus_4x_15wks,FALSE
1612,-1.9957094569079636,21.440385236800672,-1.2625370176640829,0.24044063655702771,0.5241432051682406,-5.390987913952949,miscanthus_floridulus_15wks vs miscanthus_sacchariflorus_4x_15wks,FALSE
177,0.5979838298511879,22.68168381960082,1.2621668433960203,0.24056741313487062,0.5241432051682406,-5.3914053757032425,miscanthus_floridulus_15wks vs miscanthus_sacchariflorus_4x_15wks,FALSE
1379,2.771393342157989,18.475899878362306,1.262032633574094,0.24061339082891045,0.5241432051682406,-5.391556709833041,miscanthus_floridulus_15wks vs miscanthus_sacchariflorus_4x_15wks,FALSE
3677,-2.4281717650783428,18.858579503066377,-1.2608676742822373,0.24101279137142734,0.5243504551172721,-5.392869859224114,miscanthus_floridulus_15wks vs miscanthus_sacchariflorus_4x_15wks,FALSE
572,-2.8174654515700794,18.799103254241523,-1.260728789682631,0.24106044413109493,0.5243504551172721,-5.393026356803934,miscanthus_floridulus_15wks vs miscanthus_sacchariflorus_4x_15wks,FALSE
8334,1.0522495614156533,17.36491378765059,1.259794756248029,0.24138112486561636,0.5244309043826724,-5.394078542807957,miscanthus_floridulus_15wks vs miscanthus_sacchariflorus_4x_15wks,FALSE
2077,-2.4320362217582954,19.551483379794565,-1.2593683286753232,0.24152764798783952,0.5244309043826724,-5.3945587390259995,miscanthus_floridulus_15wks vs miscanthus_sacchariflorus_4x_15wks,FALSE
4778,0.6861049404183177,16.635206021528198,1.2590840188250305,0.24162537977094267,0.5244309043826724,-5.3948788373986325,miscanthus_floridulus_15wks vs miscanthus_sacchariflorus_4x_15wks,FALSE
4890,-1.397639321029505,17.451699036637226,-1.2580692805530456,0.24197446575555892,0.5247646368524398,-5.396020915467906,miscanthus_floridulus_15wks vs miscanthus_sacchariflorus_4x_15wks,FALSE
14388,1.01975433100057,16.87271990885764,1.2576136859151248,0.2421313341181559,0.5247646368524398,-5.3965334824652285,miscanthus_floridulus_15wks vs miscanthus_sacchariflorus_4x_15wks,FALSE
10016,-1.3208872858749245,17.643074972263467,-1.2553927787734778,0.24289724043005326,0.526041988722063,-5.399030335449075,miscanthus_floridulus_15wks vs miscanthus_sacchariflorus_4x_15wks,FALSE
24224,0.8241740486521856,16.871464547165267,1.2536003644220284,0.2435168455002587,0.526957733909442,-5.4010432989194115,miscanthus_floridulus_15wks vs miscanthus_sacchariflorus_4x_15wks,FALSE
9744,1.027673910843859,17.009791271882833,1.2521460510364264,0.2440205409632272,0.526957733909442,-5.402675141373051,miscanthus_floridulus_15wks vs miscanthus_sacchariflorus_4x_15wks,FALSE
3936,2.027466097199394,19.561721493176254,1.2513727769573806,0.2442887138755018,0.526957733909442,-5.403542291577546,miscanthus_floridulus_15wks vs miscanthus_sacchariflorus_4x_15wks,FALSE
7909,1.284170412629873,17.365573528545173,1.2505065011276433,0.24458943090490456,0.526957733909442,-5.404513306510423,miscanthus_floridulus_15wks vs miscanthus_sacchariflorus_4x_15wks,FALSE
3916,0.9717014480730874,17.276244811565345,1.250396544524581,0.2446276229872671,0.526957733909442,-5.404636525345549,miscanthus_floridulus_15wks vs miscanthus_sacchariflorus_4x_15wks,FALSE
149,-0.6413489961150596,23.281138354582886,-1.2497536000980152,0.2448510411044584,0.526957733909442,-5.405356871582036,miscanthus_floridulus_15wks vs miscanthus_sacchariflorus_4x_15wks,FALSE
1237,-1.2191607613963917,20.57934774389262,-1.2496583101992293,0.24488416801518773,0.526957733909442,-5.4054636118934525,miscanthus_floridulus_15wks vs miscanthus_sacchariflorus_4x_15wks,FALSE
4941,-1.9559831863315829,19.258846620004444,-1.2491215531264206,0.24507083767778806,0.526957733909442,-5.406064765537905,miscanthus_floridulus_15wks vs miscanthus_sacchariflorus_4x_15wks,FALSE
4125,-1.2832457125929935,17.57011656730956,-1.248301431260477,0.24535628226756934,0.526957733909442,-5.4069829445388855,miscanthus_floridulus_15wks vs miscanthus_sacchariflorus_4x_15wks,FALSE
10411,-0.6726845901851952,19.353712987457772,-1.2482571650678296,0.24537169703084807,0.526957733909442,-5.407032491832186,miscanthus_floridulus_15wks vs miscanthus_sacchariflorus_4x_15wks,FALSE
4911,-1.862210249517119,18.24938684676258,-1.24782886524977,0.24552088490718804,0.526957733909442,-5.407511828106538,miscanthus_floridulus_15wks vs miscanthus_sacchariflorus_4x_15wks,FALSE
20831,0.974318613885444,17.337849526535823,1.2476037355113387,0.2455993336017716,0.526957733909442,-5.407763740015407,miscanthus_floridulus_15wks vs miscanthus_sacchariflorus_4x_15wks,FALSE
773,-2.2484686892971517,17.975171956119134,-1.2475476222450725,0.2456188900671862,0.526957733909442,-5.407826523933015,miscanthus_floridulus_15wks vs miscanthus_sacchariflorus_4x_15wks,FALSE
17284,-0.6778547592695325,17.637841817682748,-1.2449838501221508,0.2465137898510814,0.5284971897526781,-5.410693042566197,miscanthus_floridulus_15wks vs miscanthus_sacchariflorus_4x_15wks,FALSE
1015,-0.6707794562891287,22.90773901619936,-1.2439206348783525,0.2468857042269213,0.5286476071533096,-5.41188064198274,miscanthus_floridulus_15wks vs miscanthus_sacchariflorus_4x_15wks,FALSE
15855,0.890734196075762,16.635036888606738,1.243495991802402,0.24703437505208395,0.5286476071533096,-5.412354772056035,miscanthus_floridulus_15wks vs miscanthus_sacchariflorus_4x_15wks,FALSE
10360,1.0053772521263937,17.107371347934997,1.2432625211362147,0.24711614656528869,0.5286476071533096,-5.412615404312709,miscanthus_floridulus_15wks vs miscanthus_sacchariflorus_4x_15wks,FALSE
4909,-1.8210007097599998,18.74017546853995,-1.242487767740412,0.24738765950759894,0.5288487986604339,-5.413480054315788,miscanthus_floridulus_15wks vs miscanthus_sacchariflorus_4x_15wks,FALSE
2931,1.3408625455320227,16.94466100464982,1.2412485796554915,0.2478224480489133,0.529130978978824,-5.414862271080884,miscanthus_floridulus_15wks vs miscanthus_sacchariflorus_4x_15wks,FALSE
4168,-2.0863442787927973,20.560131726124226,-1.2410995480548142,0.24787478075652292,0.529130978978824,-5.415028441265101,miscanthus_floridulus_15wks vs miscanthus_sacchariflorus_4x_15wks,FALSE
2770,-1.6716671972130932,18.23908750960287,-1.2404497332910343,0.24810307137428736,0.5292391930532401,-5.415752826748789,miscanthus_floridulus_15wks vs miscanthus_sacchariflorus_4x_15wks,FALSE
8366,-0.7556064677107095,16.78400713415081,-1.2391819902009404,0.24854895179495923,0.5297570651380318,-5.417165312839863,miscanthus_floridulus_15wks vs miscanthus_sacchariflorus_4x_15wks,FALSE
10880,1.7374704128078804,17.245953703730443,1.238749012224097,0.2487013872913109,0.5297570651380318,-5.417647501452059,miscanthus_floridulus_15wks vs miscanthus_sacchariflorus_4x_15wks,FALSE
7821,-1.1676630605664293,17.376349262816767,-1.2381511595926253,0.24891199627887503,0.5297802817571994,-5.418313116070354,miscanthus_floridulus_15wks vs miscanthus_sacchariflorus_4x_15wks,FALSE
13586,0.795674119685799,17.017664854169873,1.2377090268841375,0.2490678438730994,0.5297802817571994,-5.41880522102385,miscanthus_floridulus_15wks vs miscanthus_sacchariflorus_4x_15wks,FALSE
1239,-1.9754779323336713,18.355567536757157,-1.2350397609191395,0.25001045133193994,0.5314059521891448,-5.421773648792151,miscanthus_floridulus_15wks vs miscanthus_sacchariflorus_4x_15wks,FALSE
204,2.331396051893904,18.61497304175989,1.2327633393693593,0.25081666163608113,0.5327395949219684,-5.424301763944671,miscanthus_floridulus_15wks vs miscanthus_sacchariflorus_4x_15wks,FALSE
1235,-1.4655738518355648,19.696919828086553,-1.231131938211732,0.25139575434768985,0.5335892791710226,-5.426111590116683,miscanthus_floridulus_15wks vs miscanthus_sacchariflorus_4x_15wks,FALSE
672,1.116663168153167,22.960631663885135,1.2306137735539757,0.2515799163935183,0.5336001073684586,-5.426686084592145,miscanthus_floridulus_15wks vs miscanthus_sacchariflorus_4x_15wks,FALSE
7328,1.7029504462701226,19.8423041805974,1.2267492868449414,0.2529569184149133,0.5360591757329581,-5.430965479499816,miscanthus_floridulus_15wks vs miscanthus_sacchariflorus_4x_15wks,FALSE
9698,0.8136439087388148,17.261672177200595,1.2263513051257546,0.2530990806229101,0.5360591757329581,-5.4314056685713386,miscanthus_floridulus_15wks vs miscanthus_sacchariflorus_4x_15wks,FALSE
15808,1.1649922327479771,17.277154048866503,1.224765309283858,0.2536662654940024,0.5368788857756586,-5.433158895404288,miscanthus_floridulus_15wks vs miscanthus_sacchariflorus_4x_15wks,FALSE
321,3.5971231811243847,20.477535729213468,1.2234658406923173,0.2541317629139308,0.5374009600159244,-5.43459422657663,miscanthus_floridulus_15wks vs miscanthus_sacchariflorus_4x_15wks,FALSE
721,0.9087133685508064,17.002177456952857,1.221553113179512,0.25481822310842944,0.5374009600159244,-5.436705036866202,miscanthus_floridulus_15wks vs miscanthus_sacchariflorus_4x_15wks,FALSE
19166,1.0767732997248913,16.919172787553,1.221403727229497,0.25487190057803866,0.5374009600159244,-5.436869798047548,miscanthus_floridulus_15wks vs miscanthus_sacchariflorus_4x_15wks,FALSE
21127,0.8537925183288877,17.18774753497879,1.2212355606466536,0.2549323374587682,0.5374009600159244,-5.437055256298266,miscanthus_floridulus_15wks vs miscanthus_sacchariflorus_4x_15wks,FALSE
1191,-2.5786004746394475,19.12743874171773,-1.2208015233013576,0.25508837936559015,0.5374009600159244,-5.437533842498604,miscanthus_floridulus_15wks vs miscanthus_sacchariflorus_4x_15wks,FALSE
5823,-0.6127100904436311,17.44601776741532,-1.2203878722679495,0.2552371653107338,0.5374009600159244,-5.437989841438068,miscanthus_floridulus_15wks vs miscanthus_sacchariflorus_4x_15wks,FALSE
2162,-1.4794464665351619,20.85045324960155,-1.2203208818660587,0.25526126777732505,0.5374009600159244,-5.4380636800753335,miscanthus_floridulus_15wks vs miscanthus_sacchariflorus_4x_15wks,FALSE
326,-2.277990279406467,20.493461632129495,-1.2200586783655942,0.2553556239538755,0.5374009600159244,-5.438352661152782,miscanthus_floridulus_15wks vs miscanthus_sacchariflorus_4x_15wks,FALSE
15896,1.0469881571059751,17.06338388217666,1.2180547599666276,0.2560776995661653,0.538540257379797,-5.4405598227997904,miscanthus_floridulus_15wks vs miscanthus_sacchariflorus_4x_15wks,FALSE
3608,-2.151093083229121,18.50262361141753,-1.2170342078573086,0.25644608203860425,0.5389346434943869,-5.441682924813863,miscanthus_floridulus_15wks vs miscanthus_sacchariflorus_4x_15wks,FALSE
23749,1.1089764836967326,16.930357799568338,1.2151526394669627,0.2571264025470203,0.539983565602622,-5.443751865757765,miscanthus_floridulus_15wks vs miscanthus_sacchariflorus_4x_15wks,FALSE
6661,1.4191146128565073,17.543519396537206,1.2145743363477146,0.2573357979374095,0.5400427308827326,-5.444387315754704,miscanthus_floridulus_15wks vs miscanthus_sacchariflorus_4x_15wks,FALSE
4792,1.2201396941243559,17.196875540749144,1.2132926328889326,0.25780038403200545,0.5406369770692302,-5.445794932656437,miscanthus_floridulus_15wks vs miscanthus_sacchariflorus_4x_15wks,FALSE
7724,-1.3793531952220093,17.72358364987046,-1.212460955394115,0.2581022151129833,0.5408893115588539,-5.446707765787441,miscanthus_floridulus_15wks vs miscanthus_sacchariflorus_4x_15wks,FALSE
1786,1.8760573302172645,19.814382561436943,1.2096729161169988,0.25911616297565604,0.5426325830410786,-5.449764714755719,miscanthus_floridulus_15wks vs miscanthus_sacchariflorus_4x_15wks,FALSE
8954,0.8448772087664906,16.77564044912626,1.2078124407063722,0.25979459264257265,0.5436712683110018,-5.451801932209365,miscanthus_floridulus_15wks vs miscanthus_sacchariflorus_4x_15wks,FALSE
7473,1.2447708381665414,17.577466830010685,1.2044640810209566,0.2610192532806544,0.5453296593101333,-5.455462916382704,miscanthus_floridulus_15wks vs miscanthus_sacchariflorus_4x_15wks,FALSE
12675,1.4102186495146434,17.62283108806122,1.2041495800386168,0.2611345243652462,0.5453296593101333,-5.455806419717092,miscanthus_floridulus_15wks vs miscanthus_sacchariflorus_4x_15wks,FALSE
10007,1.0237651483900088,16.987598657478962,1.2038259885976035,0.2612531707941039,0.5453296593101333,-5.456159786934656,miscanthus_floridulus_15wks vs miscanthus_sacchariflorus_4x_15wks,FALSE
9919,0.9293006919452047,16.83836859825838,1.203078168888512,0.26152753150568886,0.5453296593101333,-5.456976166627633,miscanthus_floridulus_15wks vs miscanthus_sacchariflorus_4x_15wks,FALSE
8118,1.1984136391755378,17.43953541914842,1.2028859396406533,0.2615980948226913,0.5453296593101333,-5.45718596260318,miscanthus_floridulus_15wks vs miscanthus_sacchariflorus_4x_15wks,FALSE
3795,1.964136101591059,18.047549912766815,1.202471308523706,0.26175035024663507,0.5453296593101333,-5.457638405331291,miscanthus_floridulus_15wks vs miscanthus_sacchariflorus_4x_15wks,FALSE
22563,0.7457121479493871,17.18237482530237,1.202150959222439,0.2618680343868459,0.5453296593101333,-5.457987894286538,miscanthus_floridulus_15wks vs miscanthus_sacchariflorus_4x_15wks,FALSE
265,-0.7676308414032675,25.39254230383825,-1.2015739783550528,0.26208010440823837,0.5453901614082055,-5.458617195599811,miscanthus_floridulus_15wks vs miscanthus_sacchariflorus_4x_15wks,FALSE
19517,1.0303511845860918,17.085298304089974,1.1991580315872719,0.26296961477114816,0.5459531179742587,-5.461249941533902,miscanthus_floridulus_15wks vs miscanthus_sacchariflorus_4x_15wks,FALSE
22849,-0.6272692917346756,16.46371859858645,-1.1989486828620408,0.26304680947096626,0.5459531179742587,-5.461477903206834,miscanthus_floridulus_15wks vs miscanthus_sacchariflorus_4x_15wks,FALSE
3656,0.9871737017660465,17.589194421101777,1.1988215223013599,0.26309370736429716,0.5459531179742587,-5.46161635595721,miscanthus_floridulus_15wks vs miscanthus_sacchariflorus_4x_15wks,FALSE
1732,-1.3899261335025201,21.78381049961615,-1.1979895564764322,0.2634007120634731,0.5459531179742587,-5.462521950582869,miscanthus_floridulus_15wks vs miscanthus_sacchariflorus_4x_15wks,FALSE
8348,0.9529473143793936,16.603921627293676,1.1979869131632914,0.26340168794194296,0.5459531179742587,-5.462524827131938,miscanthus_floridulus_15wks vs miscanthus_sacchariflorus_4x_15wks,FALSE
21687,0.9730388741710385,17.006331177397893,1.1978564410981518,0.26344986028422285,0.5459531179742587,-5.462666806070809,miscanthus_floridulus_15wks vs miscanthus_sacchariflorus_4x_15wks,FALSE
2172,1.6381023984908545,18.811742064380066,1.1972835962718529,0.2636614488114742,0.5460118953844288,-5.463290045161723,miscanthus_floridulus_15wks vs miscanthus_sacchariflorus_4x_15wks,FALSE
20556,0.9325869781587848,17.2939602616616,1.1966003573034447,0.2639139945261115,0.546155349783203,-5.464033118702453,miscanthus_floridulus_15wks vs miscanthus_sacchariflorus_4x_15wks,FALSE
2972,-2.0934401766550117,18.667772560474933,-1.1959123256212578,0.2641685113921325,0.5463026814354995,-5.464781106275146,miscanthus_floridulus_15wks vs miscanthus_sacchariflorus_4x_15wks,FALSE
4034,1.4522570052055066,17.898435465021088,1.1931689717646363,0.2651853267927166,0.5480251552304407,-5.4677605383068375,miscanthus_floridulus_15wks vs miscanthus_sacchariflorus_4x_15wks,FALSE
1430,0.881026705502503,16.912151937640193,1.1912125119434527,0.2659124312630775,0.5491469474455793,-5.469882444138446,miscanthus_floridulus_15wks vs miscanthus_sacchariflorus_4x_15wks,FALSE
7977,0.743347032898857,16.61109528979535,1.1847969863484467,0.2683081227196175,0.5534955828986288,-5.47682340137208,miscanthus_floridulus_15wks vs miscanthus_sacchariflorus_4x_15wks,FALSE
1822,-0.5609851729581585,22.17151258039046,-1.184579518237231,0.2683896366739995,0.5534955828986288,-5.4770582199811875,miscanthus_floridulus_15wks vs miscanthus_sacchariflorus_4x_15wks,FALSE
3429,1.975533930042289,19.582960746715248,1.182644828263269,0.2691157069019255,0.5542411874637283,-5.47914593590579,miscanthus_floridulus_15wks vs miscanthus_sacchariflorus_4x_15wks,FALSE
21770,0.8941560954169532,17.367083570526535,1.1826250072811049,0.26912315377852847,0.5542411874637283,-5.479167312248606,miscanthus_floridulus_15wks vs miscanthus_sacchariflorus_4x_15wks,FALSE
677,-1.4911727575495455,19.78154776821446,-1.1813993644363054,0.269583961545589,0.5548067716891265,-5.480488642867389,miscanthus_floridulus_15wks vs miscanthus_sacchariflorus_4x_15wks,FALSE
3364,1.7676588934210677,17.893580373492142,1.1801234379348322,0.27006435545693425,0.5549624281494011,-5.481863159796002,miscanthus_floridulus_15wks vs miscanthus_sacchariflorus_4x_15wks,FALSE
2034,1.0834888430491496,17.16655699467112,1.1797584840384459,0.2702018905786943,0.5549624281494011,-5.482256121455112,miscanthus_floridulus_15wks vs miscanthus_sacchariflorus_4x_15wks,FALSE
3024,1.676887120369642,17.9038554460457,1.1797149963652007,0.27021828296804734,0.5549624281494011,-5.482302940814683,miscanthus_floridulus_15wks vs miscanthus_sacchariflorus_4x_15wks,FALSE
5539,1.2431853258355048,16.472623799965977,1.178035891201708,0.27085182822853016,0.5555836352327923,-5.484109757032625,miscanthus_floridulus_15wks vs miscanthus_sacchariflorus_4x_15wks,FALSE
804,-1.946040657900646,18.213527105640043,-1.17792521071458,0.2708936315413581,0.5555836352327923,-5.484228792115654,miscanthus_floridulus_15wks vs miscanthus_sacchariflorus_4x_15wks,FALSE
11852,1.167303137264451,17.307856317790677,1.176557347270461,0.2714106971324808,0.5562612637240665,-5.485699256801613,miscanthus_floridulus_15wks vs miscanthus_sacchariflorus_4x_15wks,FALSE
12882,1.3135042615967691,17.20263153632443,1.1759694000297356,0.27163319275502446,0.5563346490790191,-5.486330934976599,miscanthus_floridulus_15wks vs miscanthus_sacchariflorus_4x_15wks,FALSE
16386,1.2271127923100735,17.074285229307808,1.1753326007529301,0.2718743421955085,0.5564461124605874,-5.487014847586411,miscanthus_floridulus_15wks vs miscanthus_sacchariflorus_4x_15wks,FALSE
8890,0.9352901798779492,17.07326309702175,1.173067626058367,0.2727334720607584,0.5577360713511355,-5.489445276757363,miscanthus_floridulus_15wks vs miscanthus_sacchariflorus_4x_15wks,FALSE
4608,1.1743186761886193,17.12641311002052,1.172375618948892,0.27299639626881855,0.5577360713511355,-5.490187174067501,miscanthus_floridulus_15wks vs miscanthus_sacchariflorus_4x_15wks,FALSE
5898,1.6085293046360256,17.9249981776713,1.1721922958037805,0.27306608325547205,0.5577360713511355,-5.490383662050635,miscanthus_floridulus_15wks vs miscanthus_sacchariflorus_4x_15wks,FALSE
520,0.7085038939232895,22.63575954899779,1.1715600477480006,0.27330653148180184,0.5578448382299791,-5.4910611466068255,miscanthus_floridulus_15wks vs miscanthus_sacchariflorus_4x_15wks,FALSE
8604,1.0249814126946752,17.31400781564543,1.170875334512278,0.27356712591832427,0.5579945484165684,-5.491794558646606,miscanthus_floridulus_15wks vs miscanthus_sacchariflorus_4x_15wks,FALSE
11362,0.9132185918936209,17.185220731800317,1.1703752522624145,0.2737575788815292,0.5580010841771251,-5.492330016567274,miscanthus_floridulus_15wks vs miscanthus_sacchariflorus_4x_15wks,FALSE
20558,-0.8010375360977697,17.450485432969156,-1.168520589213087,0.2744648520138303,0.5590603274102627,-5.494314464138255,miscanthus_floridulus_15wks vs miscanthus_sacchariflorus_4x_15wks,FALSE
378,2.334414224454129,20.869537764376403,1.1676611348011736,0.2747931045811685,0.5593466199807938,-5.4952333051062245,miscanthus_floridulus_15wks vs miscanthus_sacchariflorus_4x_15wks,FALSE
7333,1.7115436482516948,17.271035048980725,1.1669623381660716,0.2750602308411634,0.559508182871445,-5.4959800339944245,miscanthus_floridulus_15wks vs miscanthus_sacchariflorus_4x_15wks,FALSE
8040,1.2203914742062487,17.423166097625035,1.1646143237541158,0.27595933505044967,0.5609541735677627,-5.498486781806214,miscanthus_floridulus_15wks vs miscanthus_sacchariflorus_4x_15wks,FALSE
4301,-1.8196540041214533,18.236369097383058,-1.16404841481038,0.27617638822267543,0.561012704092415,-5.499090412033958,miscanthus_floridulus_15wks vs miscanthus_sacchariflorus_4x_15wks,FALSE
3139,1.344488251558662,18.883438760064088,1.1622950201000712,0.2768497744708897,0.5614985215438587,-5.500959357603444,miscanthus_floridulus_15wks vs miscanthus_sacchariflorus_4x_15wks,FALSE
863,2.2988870244926574,20.693476486747386,1.1620734586118209,0.2769349587669362,0.5614985215438587,-5.501195377742079,miscanthus_floridulus_15wks vs miscanthus_sacchariflorus_4x_15wks,FALSE
319,-1.0270294354096556,24.70808388031315,-1.161857852119716,0.2770178738374512,0.5614985215438587,-5.5014250235541065,miscanthus_floridulus_15wks vs miscanthus_sacchariflorus_4x_15wks,FALSE
24476,0.6613705642953391,16.785310955630656,1.1613250606716725,0.27722285358861304,0.5614985215438587,-5.501992377980788,miscanthus_floridulus_15wks vs miscanthus_sacchariflorus_4x_15wks,FALSE
443,-1.856559947248389,18.97881504278558,-1.1604911148426462,0.2775439415012807,0.5614985215438587,-5.502880051379905,miscanthus_floridulus_15wks vs miscanthus_sacchariflorus_4x_15wks,FALSE
5741,1.0477779477242812,17.4058911447968,1.1598430273812521,0.2777936768438219,0.5614985215438587,-5.503569578904638,miscanthus_floridulus_15wks vs miscanthus_sacchariflorus_4x_15wks,FALSE
11061,-1.0416341298887382,19.317527398339674,-1.159703780987565,0.27784735797645654,0.5614985215438587,-5.503717693208727,miscanthus_floridulus_15wks vs miscanthus_sacchariflorus_4x_15wks,FALSE
10313,1.4324119637014086,17.638990080322188,1.1591440498371834,0.27806322535267036,0.5614985215438587,-5.504312943067683,miscanthus_floridulus_15wks vs miscanthus_sacchariflorus_4x_15wks,FALSE
16515,1.0607466035893367,17.404123473249896,1.1590193177988453,0.2781113482546092,0.5614985215438587,-5.504445562302108,miscanthus_floridulus_15wks vs miscanthus_sacchariflorus_4x_15wks,FALSE
877,1.6071126737644121,18.352570295412765,1.1578596685762814,0.2785590742634599,0.5620216935037986,-5.505678052922764,miscanthus_floridulus_15wks vs miscanthus_sacchariflorus_4x_15wks,FALSE
1759,-1.8049853835553868,18.183939251151767,-1.1570919843817482,0.27885578690096285,0.562156496899114,-5.506493473992472,miscanthus_floridulus_15wks vs miscanthus_sacchariflorus_4x_15wks,FALSE
5918,1.128076328770117,17.704057721537787,1.1567108942146271,0.27900317413214415,0.562156496899114,-5.5068981181998815,miscanthus_floridulus_15wks vs miscanthus_sacchariflorus_4x_15wks,FALSE
24757,-0.6991062137725983,16.295557590832207,-1.155187204828357,0.2795930904805926,0.5629644659676797,-5.508515031705108,miscanthus_floridulus_15wks vs miscanthus_sacchariflorus_4x_15wks,FALSE
118,-1.233678391037671,22.871943994379276,-1.152568271759113,0.2806093905100448,0.5640849514202823,-5.511290641470183,miscanthus_floridulus_15wks vs miscanthus_sacchariflorus_4x_15wks,FALSE
3735,1.6515995838693662,17.519612226774328,1.1525070616927942,0.28063317910868113,0.5640849514202823,-5.51135545954301,miscanthus_floridulus_15wks vs miscanthus_sacchariflorus_4x_15wks,FALSE
6606,1.1140948675705467,17.435768499669244,1.152290274743109,0.28071744394505993,0.5640849514202823,-5.511585005122268,miscanthus_floridulus_15wks vs miscanthus_sacchariflorus_4x_15wks,FALSE
1031,1.4766579620505844,18.73594948852799,1.1510487533209373,0.28120041388035366,0.5646746855548881,-5.51289899900032,miscanthus_floridulus_15wks vs miscanthus_sacchariflorus_4x_15wks,FALSE
4513,1.8566623818660517,18.026951527832022,1.1483900851849902,0.2822369210857257,0.566374427498628,-5.515709451216709,miscanthus_floridulus_15wks vs miscanthus_sacchariflorus_4x_15wks,FALSE
2778,-1.7825067661158016,17.913834081723213,-1.1471536403011284,0.28272000522216484,0.5665551182312525,-5.517014897692869,miscanthus_floridulus_15wks vs miscanthus_sacchariflorus_4x_15wks,FALSE
5336,-1.4700570387979148,19.820322000051704,-1.1469958994466012,0.28278168294301215,0.5665551182312525,-5.517181368935344,miscanthus_floridulus_15wks vs miscanthus_sacchariflorus_4x_15wks,FALSE
1701,-0.5483488583641396,22.77701808636641,-1.146700229928047,0.2828973207812428,0.5665551182312525,-5.517493358438996,miscanthus_floridulus_15wks vs miscanthus_sacchariflorus_4x_15wks,FALSE
9523,1.6888659998889288,18.728533659551335,1.1444825013345232,0.2837658958280547,0.5679129412811303,-5.519831656804761,miscanthus_floridulus_15wks vs miscanthus_sacchariflorus_4x_15wks,FALSE
2713,-1.587381623825273,18.551777377925507,-1.142676901932149,0.2844746384944828,0.5680925583206928,-5.52173301705622,miscanthus_floridulus_15wks vs miscanthus_sacchariflorus_4x_15wks,FALSE
1722,1.7812400247829494,19.2013713368456,1.1423359608655503,0.2846086254535487,0.5680925583206928,-5.522091797722166,miscanthus_floridulus_15wks vs miscanthus_sacchariflorus_4x_15wks,FALSE
2325,-1.0404691248581308,21.319639956133887,-1.1423142421693417,0.2846171624307159,0.5680925583206928,-5.5221146502299305,miscanthus_floridulus_15wks vs miscanthus_sacchariflorus_4x_15wks,FALSE
1566,1.7449399312837244,17.9014335092005,1.1423116421875934,0.2846181844204008,0.5680925583206928,-5.522117385921217,miscanthus_floridulus_15wks vs miscanthus_sacchariflorus_4x_15wks,FALSE
502,1.279122673536353,17.77868093832527,1.1409355160301933,0.28515951894276,0.5687920792834168,-5.523564711776373,miscanthus_floridulus_15wks vs miscanthus_sacchariflorus_4x_15wks,FALSE
563,2.731469230926251,21.220870173873706,1.1400882672361377,0.28549321593067306,0.5690767782430808,-5.52445517161282,miscanthus_floridulus_15wks vs miscanthus_sacchariflorus_4x_15wks,FALSE
298,2.5075936117068345,19.90676149115052,1.1393680985204744,0.28577710698448777,0.5692618842338059,-5.525211695284024,miscanthus_floridulus_15wks vs miscanthus_sacchariflorus_4x_15wks,FALSE
357,0.6184197752578697,24.42965359932483,1.138106997060879,0.2862747783613727,0.5698723042865002,-5.526535628347728,miscanthus_floridulus_15wks vs miscanthus_sacchariflorus_4x_15wks,FALSE
22065,0.872867899367133,16.521210166682547,1.1373772197786824,0.2865630886452981,0.5700654233397786,-5.527301282020204,miscanthus_floridulus_15wks vs miscanthus_sacchariflorus_4x_15wks,FALSE
586,1.4314237803268846,17.331354846283705,1.1366058026995018,0.28686810185200695,0.5702914900059911,-5.528110237131327,miscanthus_floridulus_15wks vs miscanthus_sacchariflorus_4x_15wks,FALSE
874,-1.2947843557146932,20.401090174898666,-1.1342878224494943,0.28778617790916544,0.5716328072584403,-5.530538627140413,miscanthus_floridulus_15wks vs miscanthus_sacchariflorus_4x_15wks,FALSE
1133,1.7581417271488462,17.16496993264767,1.1339341615346972,0.2879264576157446,0.5716328072584403,-5.530908818502311,miscanthus_floridulus_15wks vs miscanthus_sacchariflorus_4x_15wks,FALSE
11425,-1.4007220101645075,17.65533855289018,-1.1318854051157634,0.2887401723713696,0.5727106839404537,-5.5330516922231645,miscanthus_floridulus_15wks vs miscanthus_sacchariflorus_4x_15wks,FALSE
2270,0.5764379252323906,23.038839750713073,1.131599822505472,0.28885374428271876,0.5727106839404537,-5.533350171370998,miscanthus_floridulus_15wks vs miscanthus_sacchariflorus_4x_15wks,FALSE
283,0.528049441248374,21.758128139426272,1.1302118362755018,0.28940623332875887,0.5734245846540568,-5.5348000602159235,miscanthus_floridulus_15wks vs miscanthus_sacchariflorus_4x_15wks,FALSE
446,2.267649969416592,23.12769296334201,1.1295822396891826,0.2896571225371518,0.5735250420081273,-5.5354573109104965,miscanthus_floridulus_15wks vs miscanthus_sacchariflorus_4x_15wks,FALSE
11489,-1.3750768209549022,17.69960431052462,-1.1281294255080023,0.29023671929135675,0.5735250420081273,-5.536972924195965,miscanthus_floridulus_15wks vs miscanthus_sacchariflorus_4x_15wks,FALSE
2055,1.8122107038399555,17.329300462140864,1.128093774338864,0.2902509538540528,0.5735250420081273,-5.537010098626826,miscanthus_floridulus_15wks vs miscanthus_sacchariflorus_4x_15wks,FALSE
22277,0.9000185952978477,16.987778754601653,1.1278305760463745,0.29035605914411583,0.5735250420081273,-5.53728451616831,miscanthus_floridulus_15wks vs miscanthus_sacchariflorus_4x_15wks,FALSE
5435,1.2532366775587178,17.253920044004122,1.1276724382419545,0.2904192242920349,0.5735250420081273,-5.537449372499527,miscanthus_floridulus_15wks vs miscanthus_sacchariflorus_4x_15wks,FALSE
8863,1.204719612075337,16.835345072407552,1.1271086143176807,0.2906445221989787,0.5735515520353105,-5.538037014049716,miscanthus_floridulus_15wks vs miscanthus_sacchariflorus_4x_15wks,FALSE
70,-0.6514305731948618,26.266141696991,-1.1264795238687306,0.29089606425048853,0.5735515520353105,-5.5386924272808535,miscanthus_floridulus_15wks vs miscanthus_sacchariflorus_4x_15wks,FALSE
5750,-1.685637678389547,18.340568202736588,-1.126194597479825,0.2910100492206005,0.5735515520353105,-5.53898918828,miscanthus_floridulus_15wks vs miscanthus_sacchariflorus_4x_15wks,FALSE
7880,0.9146080821656923,17.07455054807674,1.1250609647561,0.29146391202758665,0.574066396458829,-5.540169366891161,miscanthus_floridulus_15wks vs miscanthus_sacchariflorus_4x_15wks,FALSE
5062,1.4262946837409274,17.262315783402343,1.1236526485589071,0.2920285322310038,0.5745741766542284,-5.541634303480372,miscanthus_floridulus_15wks vs miscanthus_sacchariflorus_4x_15wks,FALSE
814,2.594037977984531,19.510375337596184,1.1233086390956561,0.29216658423131714,0.5745741766542284,-5.54199194074962,miscanthus_floridulus_15wks vs miscanthus_sacchariflorus_4x_15wks,FALSE
230,-0.7097802854092166,24.450147412786738,-1.1227013304922866,0.2924104256857181,0.5745741766542284,-5.54262311310714,miscanthus_floridulus_15wks vs miscanthus_sacchariflorus_4x_15wks,FALSE
3913,-1.4872496717710604,18.421957056745633,-1.1223148901326148,0.29256567023741226,0.5745741766542284,-5.543024608998814,miscanthus_floridulus_15wks vs miscanthus_sacchariflorus_4x_15wks,FALSE
1689,-1.626037226061765,21.126890435186887,-1.1216100547771077,0.29284899230985006,0.5745741766542284,-5.543756645177744,miscanthus_floridulus_15wks vs miscanthus_sacchariflorus_4x_15wks,FALSE
1965,0.5697866922590222,23.030718929346953,1.1213207358566455,0.2929653527300073,0.5745741766542284,-5.544057032445911,miscanthus_floridulus_15wks vs miscanthus_sacchariflorus_4x_15wks,FALSE
21123,0.8810880999680286,16.99053020280484,1.12076819258235,0.29318768079746893,0.5745741766542284,-5.544630557230891,miscanthus_floridulus_15wks vs miscanthus_sacchariflorus_4x_15wks,FALSE
4480,-1.8390676456983286,18.39645204566816,-1.1205780938590564,0.29326420224532934,0.5745741766542284,-5.544827826868289,miscanthus_floridulus_15wks vs miscanthus_sacchariflorus_4x_15wks,FALSE
3405,-0.6603806946869604,21.839012921058423,-1.1199273716484022,0.29352626108303365,0.5747097621730882,-5.5455029109877065,miscanthus_floridulus_15wks vs miscanthus_sacchariflorus_4x_15wks,FALSE
19332,-0.762598173182603,17.058585214696738,-1.1181462652241445,0.2942444999180732,0.575737760837727,-5.547349235989557,miscanthus_floridulus_15wks vs miscanthus_sacchariflorus_4x_15wks,FALSE
5979,-0.7089558939625178,21.13821900920004,-1.1168960837529676,0.29474947408201047,0.5760274998165815,-5.548643913932465,miscanthus_floridulus_15wks vs miscanthus_sacchariflorus_4x_15wks,FALSE
820,-2.6017356113879195,18.743016812301168,-1.11682260870499,0.29477917356385464,0.5760274998165815,-5.548719971194932,miscanthus_floridulus_15wks vs miscanthus_sacchariflorus_4x_15wks,FALSE
18027,-0.727331050866642,17.58415846187126,-1.1156967554270516,0.2952345538208863,0.5763519698236975,-5.549884934353101,miscanthus_floridulus_15wks vs miscanthus_sacchariflorus_4x_15wks,FALSE
4650,0.8914411656686525,17.176219425179077,1.1147706158124873,0.29560957299630686,0.5763519698236975,-5.550842602307836,miscanthus_floridulus_15wks vs miscanthus_sacchariflorus_4x_15wks,FALSE
5054,1.9769210537938804,19.1255232267352,1.1146521848441986,0.2956575561572053,0.5763519698236975,-5.550965023052964,miscanthus_floridulus_15wks vs miscanthus_sacchariflorus_4x_15wks,FALSE
4045,0.8508011601990546,16.748361951869967,1.1143766062398417,0.29576923272364036,0.5763519698236975,-5.551249848698922,miscanthus_floridulus_15wks vs miscanthus_sacchariflorus_4x_15wks,FALSE
1795,0.5665762358497091,22.91012140802033,1.114023802908119,0.2959122529631736,0.5763519698236975,-5.55161441514843,miscanthus_floridulus_15wks vs miscanthus_sacchariflorus_4x_15wks,FALSE
253,2.900557407986014,19.889895768558606,1.1112920757970663,0.2970215032211552,0.5781346045715496,-5.554434362321347,miscanthus_floridulus_15wks vs miscanthus_sacchariflorus_4x_15wks,FALSE
4235,-1.0570186357572062,17.42117158524673,-1.1044409413712097,0.29981797156245665,0.5829598301899627,-5.561484400707618,miscanthus_floridulus_15wks vs miscanthus_sacchariflorus_4x_15wks,FALSE
327,-0.812599701657394,19.26725876430244,-1.1042608711850366,0.2998917515708768,0.5829598301899627,-5.561669266566906,miscanthus_floridulus_15wks vs miscanthus_sacchariflorus_4x_15wks,FALSE
11796,-1.2897146385071139,17.710700169214036,-1.102809281020839,0.30048703421654943,0.5837362203163737,-5.56315870551405,miscanthus_floridulus_15wks vs miscanthus_sacchariflorus_4x_15wks,FALSE
13752,0.8716331558587029,16.812139806200204,1.1012197062169087,0.30113997254913943,0.584377793526067,-5.564788071594583,miscanthus_floridulus_15wks vs miscanthus_sacchariflorus_4x_15wks,FALSE
12861,0.7895885697845202,17.396154144306955,1.100142333820084,0.3015831532102794,0.584377793526067,-5.565891428509943,miscanthus_floridulus_15wks vs miscanthus_sacchariflorus_4x_15wks,FALSE
10694,1.280464408416563,17.55199702040672,1.0998761765383962,0.3016927170702258,0.584377793526067,-5.566163882404659,miscanthus_floridulus_15wks vs miscanthus_sacchariflorus_4x_15wks,FALSE
1663,-2.3000729030845335,20.10833814628117,-1.0994905450563746,0.3018515182573559,0.584377793526067,-5.566558550687521,miscanthus_floridulus_15wks vs miscanthus_sacchariflorus_4x_15wks,FALSE
528,-0.758684320057391,22.26620933943238,-1.0994877286767206,0.3018526782712884,0.584377793526067,-5.56656143269001,miscanthus_floridulus_15wks vs miscanthus_sacchariflorus_4x_15wks,FALSE
12798,-1.1130848768481556,17.483140872539714,-1.0991449386484682,0.30199389329870574,0.584377793526067,-5.566912169192334,miscanthus_floridulus_15wks vs miscanthus_sacchariflorus_4x_15wks,FALSE
740,2.2152263066430677,18.968795749258735,1.096502229636436,0.3030843265582821,0.5861072635585208,-5.569613429599923,miscanthus_floridulus_15wks vs miscanthus_sacchariflorus_4x_15wks,FALSE
4960,1.4782670198720567,17.833822262678602,1.0955342431705357,0.3034845116819147,0.586500547867773,-5.570601660276948,miscanthus_floridulus_15wks vs miscanthus_sacchariflorus_4x_15wks,FALSE
7867,1.1112433220733244,16.946923544574002,1.0922971793080611,0.30482580027839823,0.5887108780490128,-5.573901732043315,miscanthus_floridulus_15wks vs miscanthus_sacchariflorus_4x_15wks,FALSE
496,-2.053434244040325,18.30448468816563,-1.0917953902528115,0.30503413495338183,0.5887123109227317,-5.574412640790999,miscanthus_floridulus_15wks vs miscanthus_sacchariflorus_4x_15wks,FALSE
2208,-2.179265048024625,18.150951199064522,-1.0912767355397532,0.30524958957674736,0.5887123109227317,-5.574940538879513,miscanthus_floridulus_15wks vs miscanthus_sacchariflorus_4x_15wks,FALSE
3168,-0.6316800718338023,20.2257428232481,-1.0908686284744242,0.30541920559951113,0.5887123109227317,-5.575355788448557,miscanthus_floridulus_15wks vs miscanthus_sacchariflorus_4x_15wks,FALSE
3387,-0.5852479220774249,22.10891607226187,-1.089980071219475,0.30578876075443245,0.5890436373938001,-5.576259498452551,miscanthus_floridulus_15wks vs miscanthus_sacchariflorus_4x_15wks,FALSE
4528,1.7429648822050012,17.811121167034557,1.0883108006187974,0.306483967744011,0.5896777801207217,-5.577955757990242,miscanthus_floridulus_15wks vs miscanthus_sacchariflorus_4x_15wks,FALSE
1118,-2.3825406982703647,17.943939545432194,-1.0882394318184208,0.30651371859295234,0.5896777801207217,-5.5780282376712345,miscanthus_floridulus_15wks vs miscanthus_sacchariflorus_4x_15wks,FALSE
8826,-1.3955171338153356,17.877505880504906,-1.0870948216222536,0.30699117133244896,0.5897368795754192,-5.579190181799474,miscanthus_floridulus_15wks vs miscanthus_sacchariflorus_4x_15wks,FALSE
144,0.5615589430945249,27.38654231263966,1.0869410804829258,0.30705534600002066,0.5897368795754192,-5.5793461819893135,miscanthus_floridulus_15wks vs miscanthus_sacchariflorus_4x_15wks,FALSE
5225,1.3459379763806858,19.172663244545916,1.086742787006488,0.3071381332553861,0.5897368795754192,-5.579547364952475,miscanthus_floridulus_15wks vs miscanthus_sacchariflorus_4x_15wks,FALSE
1228,-0.5576989412796678,16.83532414595535,-1.0847565716910952,0.30796834158188086,0.5907104959123958,-5.581561017224431,miscanthus_floridulus_15wks vs miscanthus_sacchariflorus_4x_15wks,FALSE
22338,0.6397356102726235,16.98024877852524,1.0845813932950212,0.30804164786841043,0.5907104959123958,-5.5817384840032105,miscanthus_floridulus_15wks vs miscanthus_sacchariflorus_4x_15wks,FALSE
22427,0.7517969100474886,16.89443120794855,1.0821111111960657,0.3090768345305187,0.5918593775614421,-5.584238763739191,miscanthus_floridulus_15wks vs miscanthus_sacchariflorus_4x_15wks,FALSE
1352,2.5204746389864674,20.936674885679597,1.0814314370921048,0.30936213340512525,0.5918593775614421,-5.584925946400302,miscanthus_floridulus_15wks vs miscanthus_sacchariflorus_4x_15wks,FALSE
175,2.8394916487248985,19.252742344097694,1.0811638045756367,0.3094745309349076,0.5918593775614421,-5.585196447228131,miscanthus_floridulus_15wks vs miscanthus_sacchariflorus_4x_15wks,FALSE
17251,0.8030657932351914,17.074305798106714,1.0801658510689496,0.30989392287385537,0.5918593775614421,-5.586204656032682,miscanthus_floridulus_15wks vs miscanthus_sacchariflorus_4x_15wks,FALSE
10705,0.9260281580470391,17.500381528927775,1.0799200342382917,0.3099972961061481,0.5918593775614421,-5.586452892373368,miscanthus_floridulus_15wks vs miscanthus_sacchariflorus_4x_15wks,FALSE
414,1.163414836327192,24.794764695961543,1.079636910441906,0.3101163914408629,0.5918593775614421,-5.586738750654718,miscanthus_floridulus_15wks vs miscanthus_sacchariflorus_4x_15wks,FALSE
2595,1.85147168356567,19.64888469786698,1.0793904033247328,0.31022011319914583,0.5918593775614421,-5.586987593061546,miscanthus_floridulus_15wks vs miscanthus_sacchariflorus_4x_15wks,FALSE
3287,1.311139716546581,17.8053125648829,1.0790695862794784,0.3103551426599632,0.5918593775614421,-5.587311385870161,miscanthus_floridulus_15wks vs miscanthus_sacchariflorus_4x_15wks,FALSE
3165,-0.5246085924274198,21.765524354144098,-1.078895918159064,0.31042825742568253,0.5918593775614421,-5.587486634894378,miscanthus_floridulus_15wks vs miscanthus_sacchariflorus_4x_15wks,FALSE
5770,0.9151030186590567,17.173719115505385,1.0773328497990717,0.31108691975782765,0.5924748929894137,-5.589062984048292,miscanthus_floridulus_15wks vs miscanthus_sacchariflorus_4x_15wks,FALSE
35,-0.5518927031060521,26.78428154819411,-1.0769069316662265,0.311266586873536,0.5924748929894137,-5.5894922250863095,miscanthus_floridulus_15wks vs miscanthus_sacchariflorus_4x_15wks,FALSE
11766,0.6574750324861931,16.635819202814687,1.0767150767684972,0.31134754443671875,0.5924748929894137,-5.589685535356386,miscanthus_floridulus_15wks vs miscanthus_sacchariflorus_4x_15wks,FALSE
3679,-1.7316882309031278,18.129579126124952,-1.0761158517018583,0.31160050708223824,0.5925138887775921,-5.590289140265866,miscanthus_floridulus_15wks vs miscanthus_sacchariflorus_4x_15wks,FALSE
14004,0.9319834879466526,17.72872432032723,1.0757247497587428,0.3117656971823035,0.5925138887775921,-5.59068296536588,miscanthus_floridulus_15wks vs miscanthus_sacchariflorus_4x_15wks,FALSE
2615,1.5292108060290204,21.764384707049313,1.0749463602269576,0.312094669785757,0.5927610681718011,-5.591466456091642,miscanthus_floridulus_15wks vs miscanthus_sacchariflorus_4x_15wks,FALSE
15109,0.7767885773750471,17.362992881571106,1.0734516544640118,0.3127271404817486,0.5935839991309623,-5.5929697676361165,miscanthus_floridulus_15wks vs miscanthus_sacchariflorus_4x_15wks,FALSE
6304,1.3768765534418392,17.778361887300736,1.0718976802414428,0.3133857498191314,0.593922585255894,-5.594531028161002,miscanthus_floridulus_15wks vs miscanthus_sacchariflorus_4x_15wks,FALSE
9780,1.1298336869052363,17.202997728777245,1.0708208306903306,0.313842776973675,0.593922585255894,-5.595611932701349,miscanthus_floridulus_15wks vs miscanthus_sacchariflorus_4x_15wks,FALSE
8335,-1.1050694008613569,17.972136764316602,-1.0708145581590773,0.31384544062795383,0.593922585255894,-5.59561822646669,miscanthus_floridulus_15wks vs miscanthus_sacchariflorus_4x_15wks,FALSE
948,-1.0608112478679637,21.2910819182225,-1.070416566750057,0.3140144852197079,0.593922585255894,-5.596017508654066,miscanthus_floridulus_15wks vs miscanthus_sacchariflorus_4x_15wks,FALSE
23770,0.9215088906388864,16.94165323591615,1.0702395777648508,0.31408968307355517,0.593922585255894,-5.596195035899903,miscanthus_floridulus_15wks vs miscanthus_sacchariflorus_4x_15wks,FALSE
21419,0.8408462641924963,16.99612293208845,1.070212143545745,0.31410134039036547,0.593922585255894,-5.596222551581451,miscanthus_floridulus_15wks vs miscanthus_sacchariflorus_4x_15wks,FALSE
2709,-1.4062708876346974,18.23048413955948,-1.068765110128515,0.31471669004014424,0.5942322487505394,-5.597673131687449,miscanthus_floridulus_15wks vs miscanthus_sacchariflorus_4x_15wks,FALSE
1629,-1.593134851726905,19.306656517405155,-1.0684333033261117,0.31485792280688146,0.5942322487505394,-5.598005544149673,miscanthus_floridulus_15wks vs miscanthus_sacchariflorus_4x_15wks,FALSE
5655,-2.0717231449485816,18.4517798539932,-1.0684206042464772,0.3148633291198328,0.5942322487505394,-5.598018264869931,miscanthus_floridulus_15wks vs miscanthus_sacchariflorus_4x_15wks,FALSE
7425,0.7925638995821735,17.34586007237435,1.0668837711579537,0.3155181307573052,0.5950911580106136,-5.59955687849034,miscanthus_floridulus_15wks vs miscanthus_sacchariflorus_4x_15wks,FALSE
24042,0.7730337488455916,17.222881856990632,1.0652597723333297,0.3162112221130171,0.5960211523698867,-5.6011809501158245,miscanthus_floridulus_15wks vs miscanthus_sacchariflorus_4x_15wks,FALSE
10020,0.8416356513569987,17.048621535061216,1.0647135540658057,0.3164446034011514,0.5960840190489451,-5.601726774775905,miscanthus_floridulus_15wks vs miscanthus_sacchariflorus_4x_15wks,FALSE
10163,-1.208254022999757,18.450032622187862,-1.0635676120207698,0.3169346622209268,0.5962574211051705,-5.602871206534182,miscanthus_floridulus_15wks vs miscanthus_sacchariflorus_4x_15wks,FALSE
2883,-1.365059002659553,19.641913073626114,-1.0635625447182178,0.3169368305471779,0.5962574211051705,-5.602876265098509,miscanthus_floridulus_15wks vs miscanthus_sacchariflorus_4x_15wks,FALSE
8235,-0.9212522612816691,18.56193333727174,-1.062366984080974,0.31744873963978126,0.5967172744235818,-5.604069256827765,miscanthus_floridulus_15wks vs miscanthus_sacchariflorus_4x_15wks,FALSE
323,2.6665090387668613,21.88499463431189,1.0611846324414445,0.3179556242408412,0.5967172744235818,-5.605248073801098,miscanthus_floridulus_15wks vs miscanthus_sacchariflorus_4x_15wks,FALSE
1977,-2.2247329489071,18.557605798026806,-1.0609054846084482,0.3180753890135433,0.5967172744235818,-5.605526242758482,miscanthus_floridulus_15wks vs miscanthus_sacchariflorus_4x_15wks,FALSE
2186,1.2498324813295376,17.389152820185746,1.0607871307466807,0.31812617777750885,0.5967172744235818,-5.605644164940428,miscanthus_floridulus_15wks vs miscanthus_sacchariflorus_4x_15wks,FALSE
2841,-1.6402755005433605,20.110287098093764,-1.0606559782436598,0.3181824661272052,0.5967172744235818,-5.60577482749717,miscanthus_floridulus_15wks vs miscanthus_sacchariflorus_4x_15wks,FALSE
23020,-0.5283296057150331,16.5686741707865,-1.0583778438430773,0.3191614347269576,0.5980234856055876,-5.608042507029924,miscanthus_floridulus_15wks vs miscanthus_sacchariflorus_4x_15wks,FALSE
23845,0.6170702708216851,16.80014509627938,1.0581015485648724,0.3192803240263389,0.5980234856055876,-5.608317284121709,miscanthus_floridulus_15wks vs miscanthus_sacchariflorus_4x_15wks,FALSE
206,-1.1691267463907593,17.167789554915394,-1.0572169811562093,0.3196611824882428,0.5982402641698461,-5.609196626654291,miscanthus_floridulus_15wks vs miscanthus_sacchariflorus_4x_15wks,FALSE
21268,0.7457260883008097,17.54413429157981,1.0569004251521161,0.3197975640344177,0.5982402641698461,-5.60951117789159,miscanthus_floridulus_15wks vs miscanthus_sacchariflorus_4x_15wks,FALSE
18646,-0.6737503748478773,17.381255054775554,-1.0553181077233384,0.32047994837790617,0.5982989995438589,-5.611082407120952,miscanthus_floridulus_15wks vs miscanthus_sacchariflorus_4x_15wks,FALSE
10086,1.1590120386075107,17.18855552101854,1.0550787884649155,0.32058325440616436,0.5982989995438589,-5.611319894389249,miscanthus_floridulus_15wks vs miscanthus_sacchariflorus_4x_15wks,FALSE
1186,-1.7840887927417342,21.711133369625102,-1.0545835070657186,0.32079713251751324,0.5982989995438589,-5.61181125501771,miscanthus_floridulus_15wks vs miscanthus_sacchariflorus_4x_15wks,FALSE
23514,0.7452539903477167,16.9204606243518,1.0545819739384874,0.32079779474158976,0.5982989995438589,-5.611812775737399,miscanthus_floridulus_15wks vs miscanthus_sacchariflorus_4x_15wks,FALSE
824,1.8994334466238456,21.54775385369539,1.0541378516709012,0.32098967494484315,0.5982989995438589,-5.6122532333219235,miscanthus_floridulus_15wks vs miscanthus_sacchariflorus_4x_15wks,FALSE
17736,1.0065348937945906,17.340404081142495,1.0540362340071665,0.3210335906948424,0.5982989995438589,-5.6123539927523876,miscanthus_floridulus_15wks vs miscanthus_sacchariflorus_4x_15wks,FALSE
471,-0.6224852294780696,24.881984548918386,-1.0524599765661176,0.3217153918634431,0.5991949173456628,-5.613915995977689,miscanthus_floridulus_15wks vs miscanthus_sacchariflorus_4x_15wks,FALSE
11289,0.7038464667528856,17.104506187937616,1.05128036481466,0.3222263583970162,0.5997717351799552,-5.615083782170724,miscanthus_floridulus_15wks vs miscanthus_sacchariflorus_4x_15wks,FALSE
1708,2.0973538596712693,18.87442393313191,1.0486400269301637,0.3233723333194123,0.6013405155307263,-5.6176940522853585,miscanthus_floridulus_15wks vs miscanthus_sacchariflorus_4x_15wks,FALSE
113,-0.4856100500168097,25.479481671987962,-1.0476845956096665,0.3237877898142444,0.6013405155307263,-5.618637376064074,miscanthus_floridulus_15wks vs miscanthus_sacchariflorus_4x_15wks,FALSE
16489,0.9054216223053793,16.924397301122337,1.0469247499588292,0.32411849249471536,0.6013405155307263,-5.619387126597706,miscanthus_floridulus_15wks vs miscanthus_sacchariflorus_4x_15wks,FALSE
23094,0.5844198666761962,17.022959855217994,1.046729276690682,0.32420360918399,0.6013405155307263,-5.619579936043141,miscanthus_floridulus_15wks vs miscanthus_sacchariflorus_4x_15wks,FALSE
14549,0.924842075540127,16.908454794496137,1.0463682941468155,0.3243608403952374,0.6013405155307263,-5.619935927382839,miscanthus_floridulus_15wks vs miscanthus_sacchariflorus_4x_15wks,FALSE
23731,0.6493505330752711,16.522193897303527,1.046361480187833,0.32436380887995886,0.6013405155307263,-5.619942646230008,miscanthus_floridulus_15wks vs miscanthus_sacchariflorus_4x_15wks,FALSE
4012,-1.9182180719394601,18.93148169048197,-1.0460908439561623,0.32448172784342544,0.6013405155307263,-5.62020947793549,miscanthus_floridulus_15wks vs miscanthus_sacchariflorus_4x_15wks,FALSE
22235,0.6780058868824419,16.597133967293928,1.0448748654048239,0.3250119500827554,0.6017850810743858,-5.621407715164282,miscanthus_floridulus_15wks vs miscanthus_sacchariflorus_4x_15wks,FALSE
4685,0.5335249856541715,17.08572364171374,1.0445976926671319,0.3251329034925819,0.6017850810743858,-5.621680695611127,miscanthus_floridulus_15wks vs miscanthus_sacchariflorus_4x_15wks,FALSE
542,-2.7787573411980624,19.107850746855537,-1.0437043721988757,0.32552296925648455,0.6017850810743858,-5.6225601295352154,miscanthus_floridulus_15wks vs miscanthus_sacchariflorus_4x_15wks,FALSE
15590,1.1208882138184109,17.493436766046486,1.043689698651078,0.32552937942681537,0.6017850810743858,-5.622574570206248,miscanthus_floridulus_15wks vs miscanthus_sacchariflorus_4x_15wks,FALSE
6,-0.7989759563559033,25.288258784297224,-1.0427631923284446,0.3259343226212967,0.6018958152569044,-5.623486059503103,miscanthus_floridulus_15wks vs miscanthus_sacchariflorus_4x_15wks,FALSE
929,1.8820531370503666,17.990727393074938,1.0426284709930815,0.32599323685390724,0.6018958152569044,-5.623618545929979,miscanthus_floridulus_15wks vs miscanthus_sacchariflorus_4x_15wks,FALSE
240,0.5264136577272218,26.296734529991497,1.041425791000737,0.32651953751112983,0.6022328436149137,-5.624800696879939,miscanthus_floridulus_15wks vs miscanthus_sacchariflorus_4x_15wks,FALSE
272,1.7819397282786866,18.180399602831297,1.040501975982692,0.3269242489659583,0.6022328436149137,-5.625708037015648,miscanthus_floridulus_15wks vs miscanthus_sacchariflorus_4x_15wks,FALSE
3008,0.8095011944065114,16.912348775323782,1.0404750048507327,0.3269360704675683,0.6022328436149137,-5.625734517937472,miscanthus_floridulus_15wks vs miscanthus_sacchariflorus_4x_15wks,FALSE
8961,-1.0345681743131863,16.967893691361063,-1.0403395302235348,0.3269954542451019,0.6022328436149137,-5.625867522349613,miscanthus_floridulus_15wks vs miscanthus_sacchariflorus_4x_15wks,FALSE
1406,-2.2505043392561497,17.926091297095173,-1.0399044273298075,0.32718623282300174,0.6022328436149137,-5.626294602376595,miscanthus_floridulus_15wks vs miscanthus_sacchariflorus_4x_15wks,FALSE
1179,0.8765742717262981,16.937648372458906,1.037652162724676,0.3281751468434596,0.603649162011696,-5.628503158853939,miscanthus_floridulus_15wks vs miscanthus_sacchariflorus_4x_15wks,FALSE
1331,-1.888039516785792,18.763677112497575,-1.0369491501449364,0.3284842923380261,0.603649162011696,-5.629191780103889,miscanthus_floridulus_15wks vs miscanthus_sacchariflorus_4x_15wks,FALSE
10684,-0.9702991780863783,18.478763662668534,-1.0363381645252556,0.3287531512005812,0.603649162011696,-5.629789968789315,miscanthus_floridulus_15wks vs miscanthus_sacchariflorus_4x_15wks,FALSE
9507,0.7504171727035498,17.113284030272894,1.0363090437057294,0.3287659697801955,0.603649162011696,-5.629818472957294,miscanthus_floridulus_15wks vs miscanthus_sacchariflorus_4x_15wks,FALSE
18310,-0.5728301176790467,16.86685102887686,-1.035222539635633,0.3292445081115365,0.6038947461499165,-5.630881532218916,miscanthus_floridulus_15wks vs miscanthus_sacchariflorus_4x_15wks,FALSE
2401,0.8498974023022825,16.81973779919819,1.0347618790333768,0.32944756216352156,0.6038947461499165,-5.631331995299973,miscanthus_floridulus_15wks vs miscanthus_sacchariflorus_4x_15wks,FALSE
717,-0.7979981479501284,22.420952107772784,-1.034625556104961,0.32950767021468597,0.6038947461499165,-5.631465271092285,miscanthus_floridulus_15wks vs miscanthus_sacchariflorus_4x_15wks,FALSE
2471,-1.4568873536841629,17.391292133204384,-1.032491982765802,0.3304495106886214,0.6050406799220354,-5.633549403802309,miscanthus_floridulus_15wks vs miscanthus_sacchariflorus_4x_15wks,FALSE
2660,1.5365523801808258,17.800578315438536,1.0322894979950694,0.3305390023198233,0.6050406799220354,-5.633747025399703,miscanthus_floridulus_15wks vs miscanthus_sacchariflorus_4x_15wks,FALSE
3199,1.8491163736626675,18.019339809263673,1.0311862080398946,0.3310269467502741,0.6055618792607839,-5.6348232956793085,miscanthus_floridulus_15wks vs miscanthus_sacchariflorus_4x_15wks,FALSE
22432,0.9302211043532651,16.86143067810362,1.0301824303006357,0.33147135994406624,0.6060028543762683,-5.635801724838442,miscanthus_floridulus_15wks vs miscanthus_sacchariflorus_4x_15wks,FALSE
7312,-1.0698711472412867,17.688727168649603,-1.0285485753718218,0.3321957109368436,0.6069547630850973,-5.637392757551855,miscanthus_floridulus_15wks vs miscanthus_sacchariflorus_4x_15wks,FALSE
18601,-0.9217626919472401,17.24834473575389,-1.026607802841163,0.3330577038316579,0.607908748527015,-5.639280146034976,miscanthus_floridulus_15wks vs miscanthus_sacchariflorus_4x_15wks,FALSE
875,1.5563840039197636,18.521737721365703,1.0259782794881183,0.3333376733538626,0.607908748527015,-5.6398917655047125,miscanthus_floridulus_15wks vs miscanthus_sacchariflorus_4x_15wks,FALSE
4366,-0.7171959915880741,17.295210155078486,-1.025298222206391,0.33364031908227454,0.607908748527015,-5.640552157885618,miscanthus_floridulus_15wks vs miscanthus_sacchariflorus_4x_15wks,FALSE
51,-0.5080269897892471,20.955818020550296,-1.0252520614407117,0.333660869605765,0.607908748527015,-5.640596971649022,miscanthus_floridulus_15wks vs miscanthus_sacchariflorus_4x_15wks,FALSE
6344,-1.0771885784101478,19.75958541812753,-1.0250792273145453,0.3337378230168445,0.607908748527015,-5.640764748589073,miscanthus_floridulus_15wks vs miscanthus_sacchariflorus_4x_15wks,FALSE
22169,0.8054563369580094,17.122542785820343,1.0242044905629122,0.3341275026074729,0.6082467671168413,-5.641613556782877,miscanthus_floridulus_15wks vs miscanthus_sacchariflorus_4x_15wks,FALSE
5080,-1.1857564392212687,17.781395219810175,-1.022698800886379,0.3347990743129423,0.6090972170040098,-5.643073310358646,miscanthus_floridulus_15wks vs miscanthus_sacchariflorus_4x_15wks,FALSE
22616,0.7751166104968519,16.89494202784361,1.0217520152203887,0.3352218895689638,0.6094782709262946,-5.643990364952831,miscanthus_floridulus_15wks vs miscanthus_sacchariflorus_4x_15wks,FALSE
4155,1.1442458933324886,19.124860196014577,1.0209571862388607,0.33557715856142123,0.6094782709262946,-5.644759729731401,miscanthus_floridulus_15wks vs miscanthus_sacchariflorus_4x_15wks,FALSE
3869,2.049387967789123,17.936037674135363,1.0208566978792444,0.3356220948288756,0.6094782709262946,-5.644856965882107,miscanthus_floridulus_15wks vs miscanthus_sacchariflorus_4x_15wks,FALSE
72,-1.025079252135253,18.90114068302091,-1.019270228168257,0.3363321387758847,0.6103767009924345,-5.64639111384281,miscanthus_floridulus_15wks vs miscanthus_sacchariflorus_4x_15wks,FALSE
19324,-0.8500545423792225,17.44561242876642,-1.0188364446128275,0.3365264831310637,0.6103767009924345,-5.6468102710747425,miscanthus_floridulus_15wks vs miscanthus_sacchariflorus_4x_15wks,FALSE
2832,-1.1527291853677184,17.93589371830898,-1.0181811992167424,0.33682020939779006,0.6104929226153993,-5.647443162034147,miscanthus_floridulus_15wks vs miscanthus_sacchariflorus_4x_15wks,FALSE
17644,-0.8968611548045331,17.17275751965241,-1.017456184133059,0.33714543882604125,0.6104929226153993,-5.648143076423131,miscanthus_floridulus_15wks vs miscanthus_sacchariflorus_4x_15wks,FALSE
22776,0.7055572018258189,16.54403472371932,1.0173231286527495,0.33720515121642525,0.6104929226153993,-5.648271483628183,miscanthus_floridulus_15wks vs miscanthus_sacchariflorus_4x_15wks,FALSE
282,1.4328643224545132,17.93560245637002,1.0168187483894227,0.3374315791807625,0.6105319404727821,-5.648758125766088,miscanthus_floridulus_15wks vs miscanthus_sacchariflorus_4x_15wks,FALSE
5450,0.6291785758574591,16.94425471814175,1.014295016152663,0.3385662796600222,0.6122132969580498,-5.651190303851216,miscanthus_floridulus_15wks vs miscanthus_sacchariflorus_4x_15wks,FALSE
10368,0.8968131406755262,17.56775033501731,1.0137087837960732,0.33883027172468416,0.6123191083926979,-5.651754600910268,miscanthus_floridulus_15wks vs miscanthus_sacchariflorus_4x_15wks,FALSE
8779,0.778118693406924,17.303492622827548,1.0132168025955528,0.33905194138172856,0.6123483547379098,-5.652227978804435,miscanthus_floridulus_15wks vs miscanthus_sacchariflorus_4x_15wks,FALSE
1961,-1.568963234283391,18.121350787171764,-1.0122542910984986,0.33948593441412406,0.6124385422634526,-5.653153580860508,miscanthus_floridulus_15wks vs miscanthus_sacchariflorus_4x_15wks,FALSE
6043,0.9625011513325639,17.829036550322755,1.0118865458998985,0.3396518608229915,0.6124385422634526,-5.653507044455834,miscanthus_floridulus_15wks vs miscanthus_sacchariflorus_4x_15wks,FALSE
673,-0.5579344124875263,24.547754572797967,-1.0112955434188873,0.33991864983057407,0.6124385422634526,-5.654074886794578,miscanthus_floridulus_15wks vs miscanthus_sacchariflorus_4x_15wks,FALSE
444,-0.74624275078164,24.986811299583582,-1.0110213423467769,0.3400424830973799,0.6124385422634526,-5.654338255302109,miscanthus_floridulus_15wks vs miscanthus_sacchariflorus_4x_15wks,FALSE
11677,1.3335372829412222,17.06527718218842,1.0108287992710387,0.34012945887450136,0.6124385422634526,-5.654523158745698,miscanthus_floridulus_15wks vs miscanthus_sacchariflorus_4x_15wks,FALSE
1157,-0.5115072566494767,23.839114318493603,-1.0102372350960875,0.34039678658650624,0.6125497729636404,-5.6550910805336585,miscanthus_floridulus_15wks vs miscanthus_sacchariflorus_4x_15wks,FALSE
10939,1.0326122501875403,19.274673813358525,1.008995841327299,0.34095829058753113,0.6131899251362962,-5.656282023666661,miscanthus_floridulus_15wks vs miscanthus_sacchariflorus_4x_15wks,FALSE
12364,1.1076101717131408,16.753527924135593,1.0081903021120429,0.3413230257596324,0.613378397940411,-5.657054218417563,miscanthus_floridulus_15wks vs miscanthus_sacchariflorus_4x_15wks,FALSE
216,0.8725003838267966,16.667994112751437,1.0077575096470603,0.3415191093717063,0.613378397940411,-5.65746889843892,miscanthus_floridulus_15wks vs miscanthus_sacchariflorus_4x_15wks,FALSE
7744,-1.1479890530686205,18.44801183001134,-1.007401246801226,0.34168058408761154,0.613378397940411,-5.657810148014635,miscanthus_floridulus_15wks vs miscanthus_sacchariflorus_4x_15wks,FALSE
1398,-0.8207254634947354,23.358767102346192,-1.0060947054298757,0.3422732640942553,0.6140724425050457,-5.659060829327,miscanthus_floridulus_15wks vs miscanthus_sacchariflorus_4x_15wks,FALSE
1760,1.2910384218732958,18.399355946964207,1.0043424858704741,0.34306933723137756,0.6151303399214832,-5.660736156240582,miscanthus_floridulus_15wks vs miscanthus_sacchariflorus_4x_15wks,FALSE
460,-2.5256773037779254,22.45991328129547,-1.0030965289040965,0.3436362559782321,0.6157763336230497,-5.661926056779619,miscanthus_floridulus_15wks vs miscanthus_sacchariflorus_4x_15wks,FALSE
24312,0.6219269994679557,16.63534118991441,0.9994222654091952,0.3453121966005176,0.6182561295071787,-5.665428322887268,miscanthus_floridulus_15wks vs miscanthus_sacchariflorus_4x_15wks,FALSE
1911,-1.5402941131375698,18.524016530348327,-0.9989729268942843,0.3455175762999427,0.6182561295071787,-5.6658559406753115,miscanthus_floridulus_15wks vs miscanthus_sacchariflorus_4x_15wks,FALSE
18679,0.9110812229988667,17.5343085228962,0.998699666793172,0.3456425207244831,0.6182561295071787,-5.666115918319808,miscanthus_floridulus_15wks vs miscanthus_sacchariflorus_4x_15wks,FALSE
1101,1.3029566009248477,17.627709015522598,0.9980721735385515,0.34592956249558376,0.6183983780664905,-5.666712701045661,miscanthus_floridulus_15wks vs miscanthus_sacchariflorus_4x_15wks,FALSE
3801,-1.3886205173172783,17.489310843146335,-0.9975680800041089,0.3461602863610775,0.6184398401414933,-5.6671919116988,miscanthus_floridulus_15wks vs miscanthus_sacchariflorus_4x_15wks,FALSE
23676,0.587047312197587,17.154224256873025,0.9953857124893357,0.34716049670484445,0.6198551708690452,-5.669264376027101,miscanthus_floridulus_15wks vs miscanthus_sacchariflorus_4x_15wks,FALSE
11408,1.109024797520945,17.527940033758668,0.994170530175544,0.3477183758177365,0.6204794969681766,-5.670416827043853,miscanthus_floridulus_15wks vs miscanthus_sacchariflorus_4x_15wks,FALSE
1267,-0.9160987776255567,17.320556387438632,-0.9923291847870903,0.3485650074753032,0.6216180264969501,-5.672161021335681,miscanthus_floridulus_15wks vs miscanthus_sacchariflorus_4x_15wks,FALSE
5047,-0.9908620983312026,17.469017618447825,-0.9917332784721006,0.3488393312103677,0.6217351716548419,-5.672724945864193,miscanthus_floridulus_15wks vs miscanthus_sacchariflorus_4x_15wks,FALSE
2144,-0.4742672931265304,21.94623397786318,-0.9904671723913495,0.3494227187247032,0.6224026908545222,-5.673922221812467,miscanthus_floridulus_15wks vs miscanthus_sacchariflorus_4x_15wks,FALSE
3029,-0.9025589203137443,21.16860737539906,-0.989829997583499,0.3497165891317688,0.6225540236634832,-5.6745243048895135,miscanthus_floridulus_15wks vs miscanthus_sacchariflorus_4x_15wks,FALSE
9432,1.0467943526425252,17.516065080762697,0.9890795913413302,0.35006292109442416,0.6227985103650053,-5.675232994453274,miscanthus_floridulus_15wks vs miscanthus_sacchariflorus_4x_15wks,FALSE
5757,1.7373272767033008,17.860433505911434,0.9879733812198752,0.35057393581589114,0.6232443968193061,-5.676276940562814,miscanthus_floridulus_15wks vs miscanthus_sacchariflorus_4x_15wks,FALSE
1985,1.920130500390318,17.818364797358804,0.9872286912371147,0.3509182614948093,0.6232443968193061,-5.676979199647594,miscanthus_floridulus_15wks vs miscanthus_sacchariflorus_4x_15wks,FALSE
1305,2.1290723371807125,18.51076862947032,0.9869271191130983,0.3510577729948974,0.6232443968193061,-5.6772634707785485,miscanthus_floridulus_15wks vs miscanthus_sacchariflorus_4x_15wks,FALSE
996,-0.9864166346221275,22.634870939006706,-0.9866419875891647,0.35118971714226027,0.6232443968193061,-5.677532181894063,miscanthus_floridulus_15wks vs miscanthus_sacchariflorus_4x_15wks,FALSE
11113,-1.0296769364872098,17.31775851381963,-0.9862757291378288,0.3513592572672598,0.6232443968193061,-5.67787725862734,miscanthus_floridulus_15wks vs miscanthus_sacchariflorus_4x_15wks,FALSE
16963,0.8962076554079346,18.4263686034396,0.9853753409790292,0.35177630585030506,0.623395498882854,-5.678725147859812,miscanthus_floridulus_15wks vs miscanthus_sacchariflorus_4x_15wks,FALSE
20616,0.8835422287793975,16.86773347120641,0.9851827224187615,0.3518655725812537,0.623395498882854,-5.678906456550797,miscanthus_floridulus_15wks vs miscanthus_sacchariflorus_4x_15wks,FALSE
3313,-1.8543277375373464,18.66850731955052,-0.9845586318927764,0.35215491648548236,0.623395498882854,-5.679493711725977,miscanthus_floridulus_15wks vs miscanthus_sacchariflorus_4x_15wks,FALSE
22024,0.8735058338686308,16.932492655565845,0.9842863375947258,0.3522812148049417,0.623395498882854,-5.679749843060111,miscanthus_floridulus_15wks vs miscanthus_sacchariflorus_4x_15wks,FALSE
2286,0.8437748465427788,19.269527224645984,0.9826725429619899,0.3530304387454434,0.6243505682263628,-5.6812667037957745,miscanthus_floridulus_15wks vs miscanthus_sacchariflorus_4x_15wks,FALSE
5104,0.8324760944306213,16.966519257554005,0.9798456732563992,0.3543457240780011,0.6263050164605238,-5.683919061822725,miscanthus_floridulus_15wks vs miscanthus_sacchariflorus_4x_15wks,FALSE
4524,1.2380583711352138,19.578652237940005,0.9791889124327244,0.35465182601860157,0.6264744763102742,-5.684534418597782,miscanthus_floridulus_15wks vs miscanthus_sacchariflorus_4x_15wks,FALSE
1931,1.0663619017243064,17.381685263338696,0.9774131638856629,0.3554804541696897,0.6272174180939213,-5.6861965930529905,miscanthus_floridulus_15wks vs miscanthus_sacchariflorus_4x_15wks,FALSE
1824,2.1875786192227906,19.180398490738703,0.9773855266337652,0.35549336213444066,0.6272174180939213,-5.686222443898074,miscanthus_floridulus_15wks vs miscanthus_sacchariflorus_4x_15wks,FALSE
2503,1.9825363422752318,18.138868248345652,0.9767744496437081,0.3557788548501744,0.627349696718059,-5.68679387522668,miscanthus_floridulus_15wks vs miscanthus_sacchariflorus_4x_15wks,FALSE
3554,0.8904350622770529,17.177001952790047,0.9758374188972734,0.35621696456434704,0.6277507713789202,-5.687669566101626,miscanthus_floridulus_15wks vs miscanthus_sacchariflorus_4x_15wks,FALSE
6499,1.5213606659087873,17.999947181604462,0.9745613916259342,0.35681422025080795,0.6282917714281,-5.688860996815986,miscanthus_floridulus_15wks vs miscanthus_sacchariflorus_4x_15wks,FALSE
1998,-1.012739709904345,17.483177267458608,-0.9737964667946235,0.3571726081663467,0.6282917714281,-5.689574620197704,miscanthus_floridulus_15wks vs miscanthus_sacchariflorus_4x_15wks,FALSE
3428,1.49605612800557,21.249268831413865,0.97367822513049,0.3572280315368036,0.6282917714281,-5.6896848922689776,miscanthus_floridulus_15wks vs miscanthus_sacchariflorus_4x_15wks,FALSE
21553,0.825169090787881,16.87691979140979,0.9725748915719953,0.3577455059536245,0.6282917714281,-5.690713350854534,miscanthus_floridulus_15wks vs miscanthus_sacchariflorus_4x_15wks,FALSE
2288,0.6964812558720901,16.972581708494406,0.9723644531837975,0.35784426710046346,0.6282917714281,-5.690909403859279,miscanthus_floridulus_15wks vs miscanthus_sacchariflorus_4x_15wks,FALSE
7114,1.3182390158670003,20.292299539111117,0.9721321138568181,0.35795333022029907,0.6282917714281,-5.691125821771632,miscanthus_floridulus_15wks vs miscanthus_sacchariflorus_4x_15wks,FALSE
1314,1.4228209203712971,22.006609701762464,0.9720100550584759,0.3580106361457652,0.6282917714281,-5.6912394999404565,miscanthus_floridulus_15wks vs miscanthus_sacchariflorus_4x_15wks,FALSE
22015,-0.6671814158211582,16.870864430536987,-0.9707904986282955,0.3585835866635323,0.6282917714281,-5.692374701865846,miscanthus_floridulus_15wks vs miscanthus_sacchariflorus_4x_15wks,FALSE
18617,-0.953636408491068,17.475515490621707,-0.970721705595926,0.35861592613980553,0.6282917714281,-5.6924387030654024,miscanthus_floridulus_15wks vs miscanthus_sacchariflorus_4x_15wks,FALSE
3263,0.9251653544812655,17.694968806955984,0.9706868415131265,0.358632316509798,0.6282917714281,-5.692471137294889,miscanthus_floridulus_15wks vs miscanthus_sacchariflorus_4x_15wks,FALSE
916,-0.8168151591904298,23.86214437988474,-0.9692567964379597,0.3593050930346515,0.6288934312566572,-5.693800721945536,miscanthus_floridulus_15wks vs miscanthus_sacchariflorus_4x_15wks,FALSE
19007,0.7363008183062263,17.243888057773322,0.9690598465808007,0.35939782329868697,0.6288934312566572,-5.693983714702936,miscanthus_floridulus_15wks vs miscanthus_sacchariflorus_4x_15wks,FALSE
10239,-1.2237486712516343,17.60456991347243,-0.9668930910588589,0.36041917698740766,0.629880416927317,-5.695994978182184,miscanthus_floridulus_15wks vs miscanthus_sacchariflorus_4x_15wks,FALSE
11902,0.926688035488894,17.27551556908274,0.9663330086276037,0.3606835364556813,0.629880416927317,-5.696514288073624,miscanthus_floridulus_15wks vs miscanthus_sacchariflorus_4x_15wks,FALSE
17951,0.7693379989412641,16.860897010331783,0.966259033685341,0.36071846347732417,0.629880416927317,-5.696582860022117,miscanthus_floridulus_15wks vs miscanthus_sacchariflorus_4x_15wks,FALSE
2790,1.1928968369363275,17.285524225146464,0.9656541746527691,0.36100413997519987,0.629880416927317,-5.697143385300991,miscanthus_floridulus_15wks vs miscanthus_sacchariflorus_4x_15wks,FALSE
22220,0.7371248334884477,17.01506932538256,0.9656233378896542,0.3610187087623683,0.629880416927317,-5.697171954405224,miscanthus_floridulus_15wks vs miscanthus_sacchariflorus_4x_15wks,FALSE
4326,0.7870732112682575,16.91808369145057,0.9645969061756711,0.36150389437960073,0.6298898488856457,-5.69812249244449,miscanthus_floridulus_15wks vs miscanthus_sacchariflorus_4x_15wks,FALSE
192,-1.1898390256436926,22.770505380522465,-0.9636034022916111,0.36197397641694584,0.6298898488856457,-5.699041774251291,miscanthus_floridulus_15wks vs miscanthus_sacchariflorus_4x_15wks,FALSE
9014,0.8021685477811218,17.323461303517465,0.9632410716156016,0.3621455281406748,0.6298898488856457,-5.69937684924989,miscanthus_floridulus_15wks vs miscanthus_sacchariflorus_4x_15wks,FALSE
1070,1.8955949351787957,18.127266910762728,0.963208612553074,0.36216089939013363,0.6298898488856457,-5.699406861760591,miscanthus_floridulus_15wks vs miscanthus_sacchariflorus_4x_15wks,FALSE
667,-1.512617495196288,18.44260468055514,-0.9630649035931992,0.36222895973948055,0.6298898488856457,-5.6995397292428365,miscanthus_floridulus_15wks vs miscanthus_sacchariflorus_4x_15wks,FALSE
6130,0.8193955058692737,16.931811545375982,0.962931074942669,0.36229234932550225,0.6298898488856457,-5.699663447653043,miscanthus_floridulus_15wks vs miscanthus_sacchariflorus_4x_15wks,FALSE
2022,-1.7996862433255068,20.724148534264092,-0.9623903991932256,0.36254853086242667,0.6299677096035169,-5.70016313858173,miscanthus_floridulus_15wks vs miscanthus_sacchariflorus_4x_15wks,FALSE
6436,0.928853931180825,17.187361974599597,0.9601418134351547,0.3636153914643372,0.6314533021933129,-5.702238885391012,miscanthus_floridulus_15wks vs miscanthus_sacchariflorus_4x_15wks,FALSE
6702,0.469108907478315,20.612630432978058,0.9584180207133888,0.36443483391172804,0.6323598779014663,-5.70382756612614,miscanthus_floridulus_15wks vs miscanthus_sacchariflorus_4x_15wks,FALSE
994,0.5185889573411622,22.35151765881656,0.9581511147787097,0.3645618356492346,0.6323598779014663,-5.70407334895679,miscanthus_floridulus_15wks vs miscanthus_sacchariflorus_4x_15wks,FALSE
2023,1.2734153389631793,17.307486909766794,0.9566361108722505,0.36528334020029285,0.6330671603699422,-5.705467423031544,miscanthus_floridulus_15wks vs miscanthus_sacchariflorus_4x_15wks,FALSE
2610,2.0961601909243583,18.511091977548304,0.9563231692904333,0.36543250688744566,0.6330671603699422,-5.705755166484821,miscanthus_floridulus_15wks vs miscanthus_sacchariflorus_4x_15wks,FALSE
22877,0.7993154506476294,17.30532958653192,0.9556865960718346,0.3657360748233437,0.6330671603699422,-5.706340251490853,miscanthus_floridulus_15wks vs miscanthus_sacchariflorus_4x_15wks,FALSE
4625,-1.470335774167875,18.026435669854866,-0.9548963426989756,0.36611318888138256,0.6330671603699422,-5.707066155024248,miscanthus_floridulus_15wks vs miscanthus_sacchariflorus_4x_15wks,FALSE
3088,1.431677151072524,18.450539485206505,0.954417879752538,0.3663416541765425,0.6330671603699422,-5.707505424650164,miscanthus_floridulus_15wks vs miscanthus_sacchariflorus_4x_15wks,FALSE
7326,1.3363600970202008,18.19553466238333,0.9541675212138473,0.3664612419627362,0.6330671603699422,-5.707735205178805,miscanthus_floridulus_15wks vs miscanthus_sacchariflorus_4x_15wks,FALSE
2110,1.4560457818548507,17.773824123294958,0.9536184403288598,0.3667236202882207,0.6330671603699422,-5.70823898667261,miscanthus_floridulus_15wks vs miscanthus_sacchariflorus_4x_15wks,FALSE
8549,0.8870715133039759,19.69841378898065,0.953550599134822,0.3667560478362697,0.6330671603699422,-5.708301214905679,miscanthus_floridulus_15wks vs miscanthus_sacchariflorus_4x_15wks,FALSE
2805,0.8526173515943043,17.41170295315721,0.9532881028534302,0.3668815389123792,0.6330671603699422,-5.70854195986389,miscanthus_floridulus_15wks vs miscanthus_sacchariflorus_4x_15wks,FALSE
291,0.5310280714677624,25.599496533162434,0.9520834944053035,0.3674578303780023,0.6336946380361381,-5.709646072910657,miscanthus_floridulus_15wks vs miscanthus_sacchariflorus_4x_15wks,FALSE
4227,-1.688760532180222,19.80397334515849,-0.9479762044238831,0.3694278028453828,0.6365766768224375,-5.713402334285556,miscanthus_floridulus_15wks vs miscanthus_sacchariflorus_4x_15wks,FALSE
1285,1.3721700735574274,18.384756399386475,0.9477089418663023,0.3695562586922204,0.6365766768224375,-5.713646305943912,miscanthus_floridulus_15wks vs miscanthus_sacchariflorus_4x_15wks,FALSE
7963,-1.2521205207810517,19.2656922007595,-0.9464230416664522,0.3701747677445739,0.6372737191674351,-5.714819376272776,miscanthus_floridulus_15wks vs miscanthus_sacchariflorus_4x_15wks,FALSE
4787,-0.6407160669515903,16.729155808319994,-0.9457462472267052,0.3705006070598714,0.6374621406870284,-5.7154362746611245,miscanthus_floridulus_15wks vs miscanthus_sacchariflorus_4x_15wks,FALSE
412,1.9969123907793147,20.12547366278447,0.9453073108947349,0.3707120435606108,0.6374621406870284,-5.715836176615332,miscanthus_floridulus_15wks vs miscanthus_sacchariflorus_4x_15wks,FALSE
5044,0.7243618837490686,17.087486048677064,0.9433712870121059,0.37164568914128615,0.63850080369329,-5.7175982582105975,miscanthus_floridulus_15wks vs miscanthus_sacchariflorus_4x_15wks,FALSE
69,-0.5666312989199014,28.048409816400035,-0.943166402691669,0.3717445954388786,0.63850080369329,-5.717784565463064,miscanthus_floridulus_15wks vs miscanthus_sacchariflorus_4x_15wks,FALSE
13214,-1.0983438861323052,18.062714282641895,-0.9424877197936308,0.37207236242387043,0.6386956451746163,-5.7184014800174845,miscanthus_floridulus_15wks vs miscanthus_sacchariflorus_4x_15wks,FALSE
4053,0.9673735474419729,17.300210953970385,0.9394760518611631,0.3735293951362454,0.6408276324156656,-5.721134755678933,miscanthus_floridulus_15wks vs miscanthus_sacchariflorus_4x_15wks,FALSE
9600,1.520393389210085,17.413870218614118,0.9376705713111656,0.37440488343901523,0.6414496457831275,-5.72276997682797,miscanthus_floridulus_15wks vs miscanthus_sacchariflorus_4x_15wks,FALSE
14376,1.2342735301462398,18.5367589409018,0.9366697232753478,0.3748908479609616,0.6414496457831275,-5.723675355453735,miscanthus_floridulus_15wks vs miscanthus_sacchariflorus_4x_15wks,FALSE
962,1.9937139831504282,20.28193376506165,0.9365799470973721,0.3749344615994986,0.6414496457831275,-5.723756530061939,miscanthus_floridulus_15wks vs miscanthus_sacchariflorus_4x_15wks,FALSE
7350,-1.0996997121002323,18.718791616568126,-0.9360303668013008,0.37520153097342424,0.6414496457831275,-5.724253318116711,miscanthus_floridulus_15wks vs miscanthus_sacchariflorus_4x_15wks,FALSE
1673,1.392956840184599,21.486452500237363,0.9356472495087792,0.3753877897678054,0.6414496457831275,-5.724599494874397,miscanthus_floridulus_15wks vs miscanthus_sacchariflorus_4x_15wks,FALSE
20900,0.5742134309089977,16.901016065923,0.9356297585726048,0.37539629489029736,0.6414496457831275,-5.724615296599475,miscanthus_floridulus_15wks vs miscanthus_sacchariflorus_4x_15wks,FALSE
4092,1.0843962405300722,17.580238514380305,0.9354621866306443,0.375477785378583,0.6414496457831275,-5.724766673019512,miscanthus_floridulus_15wks vs miscanthus_sacchariflorus_4x_15wks,FALSE
258,1.8120656675346254,18.772429818155977,0.9348970905098246,0.37575268791766847,0.6414496457831275,-5.725276992964058,miscanthus_floridulus_15wks vs miscanthus_sacchariflorus_4x_15wks,FALSE
637,2.175443652561505,21.11311602919049,0.9347345386980749,0.3758317918303872,0.6414496457831275,-5.725423742313615,miscanthus_floridulus_15wks vs miscanthus_sacchariflorus_4x_15wks,FALSE
26,-0.8366795478658418,22.09210162029825,-0.9341551220206723,0.3761138571988185,0.6414496457831275,-5.725946664126412,miscanthus_floridulus_15wks vs miscanthus_sacchariflorus_4x_15wks,FALSE
6076,-0.729901356104655,17.227879121336414,-0.9334244564039902,0.3764697726265247,0.6414496457831275,-5.726605715874809,miscanthus_floridulus_15wks vs miscanthus_sacchariflorus_4x_15wks,FALSE
23841,0.6958549325843784,17.034276399530217,0.9329408410714498,0.37670548247836455,0.6414496457831275,-5.727041703014853,miscanthus_floridulus_15wks vs miscanthus_sacchariflorus_4x_15wks,FALSE
15941,0.8015543406284351,16.975857603901208,0.9329272072689324,0.3767121290366505,0.6414496457831275,-5.727053991476179,miscanthus_floridulus_15wks vs miscanthus_sacchariflorus_4x_15wks,FALSE
13420,0.7528242947010746,18.99368182870694,0.9315624515790764,0.3773778891438484,0.6414496457831275,-5.728283345885993,miscanthus_floridulus_15wks vs miscanthus_sacchariflorus_4x_15wks,FALSE
4415,1.6249128175943852,18.27121454318616,0.9315483739066723,0.3773847610411726,0.6414496457831275,-5.728296019322908,miscanthus_floridulus_15wks vs miscanthus_sacchariflorus_4x_15wks,FALSE
763,-0.5107123509496567,25.459266690969883,-0.9310961743766637,0.37760554705660465,0.6414496457831275,-5.728703030302693,miscanthus_floridulus_15wks vs miscanthus_sacchariflorus_4x_15wks,FALSE
2421,0.5131892426743825,21.694670647180132,0.9307931789945477,0.37775353704519876,0.6414496457831275,-5.728975658136802,miscanthus_floridulus_15wks vs miscanthus_sacchariflorus_4x_15wks,FALSE
4506,1.172012236125962,17.300523125643263,0.9307666713211002,0.3777664860232848,0.6414496457831275,-5.728999505693244,miscanthus_floridulus_15wks vs miscanthus_sacchariflorus_4x_15wks,FALSE
1711,-1.3748731098822802,18.19885875585289,-0.9298115630293028,0.3782332718928987,0.641844746355281,-5.729858401232749,miscanthus_floridulus_15wks vs miscanthus_sacchariflorus_4x_15wks,FALSE
12183,0.7144719526458481,16.773979706925957,0.9294094117757353,0.3784299393779291,0.641844746355281,-5.730219829226812,miscanthus_floridulus_15wks vs miscanthus_sacchariflorus_4x_15wks,FALSE
24367,0.5981994557285972,17.142934770508422,0.9279186189442559,0.3791596454401127,0.6427165775947303,-5.73155855928118,miscanthus_floridulus_15wks vs miscanthus_sacchariflorus_4x_15wks,FALSE
141,0.7629584119097181,17.803091721527824,0.9261045252977251,0.3800489820257946,0.6435348306029012,-5.733185274502832,miscanthus_floridulus_15wks vs miscanthus_sacchariflorus_4x_15wks,FALSE
949,-0.80097620386654,24.03962613013337,-0.9260390367095218,0.38008111537457934,0.6435348306029012,-5.733243950700271,miscanthus_floridulus_15wks vs miscanthus_sacchariflorus_4x_15wks,FALSE
4751,1.555763588939044,18.426380838620013,0.9256129875074844,0.38029021365493587,0.6435348306029012,-5.733625598731048,miscanthus_floridulus_15wks vs miscanthus_sacchariflorus_4x_15wks,FALSE
7902,1.1296849370287134,17.510692429277697,0.9216945091126676,0.3822172687955889,0.6463835569003379,-5.737129053223231,miscanthus_floridulus_15wks vs miscanthus_sacchariflorus_4x_15wks,FALSE
5093,1.3429100437312087,18.68399871047996,0.9209669708754555,0.38257584218937624,0.6463835569003379,-5.737778211587604,miscanthus_floridulus_15wks vs miscanthus_sacchariflorus_4x_15wks,FALSE
6802,1.1730516469742476,17.578612045514248,0.9204275295054172,0.3828418681426551,0.6463835569003379,-5.738259269506366,miscanthus_floridulus_15wks vs miscanthus_sacchariflorus_4x_15wks,FALSE
3106,1.145984844728634,17.69244597316598,0.9202815943317304,0.38291385927152777,0.6463835569003379,-5.738389370988247,miscanthus_floridulus_15wks vs miscanthus_sacchariflorus_4x_15wks,FALSE
1377,-1.5161331637794788,19.666406810123792,-0.919768875546469,0.38316686596514826,0.6463835569003379,-5.738846328341329,miscanthus_floridulus_15wks vs miscanthus_sacchariflorus_4x_15wks,FALSE
3171,0.9864672457229489,17.431369527258585,0.9195496500115632,0.38327508222916007,0.6463835569003379,-5.739041648776995,miscanthus_floridulus_15wks vs miscanthus_sacchariflorus_4x_15wks,FALSE
3061,1.1209169628219513,18.407524186104613,0.9171856471490676,0.38444343373335965,0.6479872355912962,-5.741145476212124,miscanthus_floridulus_15wks vs miscanthus_sacchariflorus_4x_15wks,FALSE
22177,0.670270336227226,17.09981466465095,0.9167385975841833,0.38466466721664905,0.6479936169053783,-5.74154283127493,miscanthus_floridulus_15wks vs miscanthus_sacchariflorus_4x_15wks,FALSE
393,-1.7913783280840008,19.764891155940923,-0.9144351009721337,0.3858060714234183,0.6489189356994586,-5.743587777815767,miscanthus_floridulus_15wks vs miscanthus_sacchariflorus_4x_15wks,FALSE
2407,-1.4575447469285727,18.047580444962968,-0.9143120858116143,0.385867095480795,0.6489189356994586,-5.743696868024984,miscanthus_floridulus_15wks vs miscanthus_sacchariflorus_4x_15wks,FALSE
8957,-1.1537055328978276,18.10239129156857,-0.9143118087996199,0.38586723290585256,0.6489189356994586,-5.743697113666599,miscanthus_floridulus_15wks vs miscanthus_sacchariflorus_4x_15wks,FALSE
4529,-0.6265735827193346,17.93178408343417,-0.9130352679472136,0.3865008982714382,0.6491360584786164,-5.744828450170249,miscanthus_floridulus_15wks vs miscanthus_sacchariflorus_4x_15wks,FALSE
7923,-1.404595996416706,18.932360707617917,-0.9124623647411139,0.38678552770153307,0.6491360584786164,-5.745335769252066,miscanthus_floridulus_15wks vs miscanthus_sacchariflorus_4x_15wks,FALSE
4720,1.0562930125128212,18.216976859666723,0.91186834666081,0.3870808074012937,0.6491360584786164,-5.7458615128541535,miscanthus_floridulus_15wks vs miscanthus_sacchariflorus_4x_15wks,FALSE
7476,0.9310275265978802,18.0324744074022,0.9115680913644677,0.38723012290405145,0.6491360584786164,-5.7461271519384445,miscanthus_floridulus_15wks vs miscanthus_sacchariflorus_4x_15wks,FALSE
6595,1.378645792701942,18.413633009457236,0.9111663677828339,0.38742996318318457,0.6491360584786164,-5.746482449894255,miscanthus_floridulus_15wks vs miscanthus_sacchariflorus_4x_15wks,FALSE
2995,1.103944448968445,17.168727810669793,0.9104892150082231,0.38776698631856177,0.6491360584786164,-5.74708105857353,miscanthus_floridulus_15wks vs miscanthus_sacchariflorus_4x_15wks,FALSE
1863,1.1719453160452353,17.937093257375494,0.910209645304582,0.38790619163157103,0.6491360584786164,-5.747328094970779,miscanthus_floridulus_15wks vs miscanthus_sacchariflorus_4x_15wks,FALSE
5953,0.7038067620407169,16.508185798469242,0.9097744940375674,0.3881229369995258,0.6491360584786164,-5.747712485264306,miscanthus_floridulus_15wks vs miscanthus_sacchariflorus_4x_15wks,FALSE
1295,1.8799568285899149,18.163359364450738,0.909691251281442,0.3881644095116693,0.6491360584786164,-5.747786000606067,miscanthus_floridulus_15wks vs miscanthus_sacchariflorus_4x_15wks,FALSE
16317,0.704166420354948,17.242704029219713,0.9095236462992026,0.388247921973654,0.6491360584786164,-5.747934003341933,miscanthus_floridulus_15wks vs miscanthus_sacchariflorus_4x_15wks,FALSE
2364,1.349877405580333,18.52602185158984,0.9089896827897265,0.38851406621116447,0.6491360584786164,-5.748405369189164,miscanthus_floridulus_15wks vs miscanthus_sacchariflorus_4x_15wks,FALSE
4887,-1.410625460281608,18.071152266293037,-0.9087525994141235,0.3886322782317815,0.6491360584786164,-5.7486145865759015,miscanthus_floridulus_15wks vs miscanthus_sacchariflorus_4x_15wks,FALSE
4070,-1.7106544226679716,18.469780313650052,-0.9076520888817232,0.38918134301826524,0.6491360584786164,-5.749585165072787,miscanthus_floridulus_15wks vs miscanthus_sacchariflorus_4x_15wks,FALSE
481,-0.5249371008063655,24.96151043544453,-0.9073706031601058,0.38932187117866834,0.6491360584786164,-5.749833263336425,miscanthus_floridulus_15wks vs miscanthus_sacchariflorus_4x_15wks,FALSE
6673,1.4009144751367195,19.15631014982966,0.9073339435913528,0.3893401756935888,0.6491360584786164,-5.749865570044914,miscanthus_floridulus_15wks vs miscanthus_sacchariflorus_4x_15wks,FALSE
582,2.4655550857424977,21.384698907589087,0.9070506761306543,0.3894816350871698,0.6491360584786164,-5.750115167235451,miscanthus_floridulus_15wks vs miscanthus_sacchariflorus_4x_15wks,FALSE
251,0.4741111474349289,23.72959881186415,0.9063326510304062,0.38984037169142804,0.6493707700617416,-5.750747560683571,miscanthus_floridulus_15wks vs miscanthus_sacchariflorus_4x_15wks,FALSE
218,-0.8268240187429221,25.144910659187136,-0.9056681543179298,0.39017257674248285,0.6494931231197046,-5.751332445995149,miscanthus_floridulus_15wks vs miscanthus_sacchariflorus_4x_15wks,FALSE
3834,1.4793128883873017,18.21014681322995,0.9045181867531965,0.39074796725413397,0.6494931231197046,-5.75234381315396,miscanthus_floridulus_15wks vs miscanthus_sacchariflorus_4x_15wks,FALSE
3098,1.4584801155044254,18.051568753635138,0.9038381234023566,0.3910885267560479,0.6494931231197046,-5.752941418496505,miscanthus_floridulus_15wks vs miscanthus_sacchariflorus_4x_15wks,FALSE
1275,-1.4070845864053467,17.81850111018335,-0.903552743998914,0.3912315015556773,0.6494931231197046,-5.753192086309414,miscanthus_floridulus_15wks vs miscanthus_sacchariflorus_4x_15wks,FALSE
9779,0.7206159678414252,16.879921195028267,0.9032968197616789,0.39135975132621703,0.6494931231197046,-5.753416826758338,miscanthus_floridulus_15wks vs miscanthus_sacchariflorus_4x_15wks,FALSE
1332,-1.9568384116323578,21.051305611124533,-0.9025992075554824,0.39170949508751707,0.6494931231197046,-5.754029172705302,miscanthus_floridulus_15wks vs miscanthus_sacchariflorus_4x_15wks,FALSE
80,-0.5710715792182555,17.018015304889307,-0.9021719176535127,0.3919238253179034,0.6494931231197046,-5.754404046057492,miscanthus_floridulus_15wks vs miscanthus_sacchariflorus_4x_15wks,FALSE
16807,0.6333626137268631,16.88448737465997,0.9021609516977924,0.39192932699220095,0.6494931231197046,-5.754413664889496,miscanthus_floridulus_15wks vs miscanthus_sacchariflorus_4x_15wks,FALSE
1397,-1.8094341508018879,18.524728524014,-0.901775167020426,0.3921229124097938,0.6494931231197046,-5.754751996722498,miscanthus_floridulus_15wks vs miscanthus_sacchariflorus_4x_15wks,FALSE
4799,-1.3224979087575015,17.46100249698392,-0.9014882586237137,0.3922669266062556,0.6494931231197046,-5.755003537793018,miscanthus_floridulus_15wks vs miscanthus_sacchariflorus_4x_15wks,FALSE
1714,1.3472210854713857,21.348063627108196,0.9013665561337725,0.3923280268745578,0.6494931231197046,-5.755110218221085,miscanthus_floridulus_15wks vs miscanthus_sacchariflorus_4x_15wks,FALSE
3344,-1.7947033467575508,18.31991019336732,-0.9007815856801991,0.392621804477701,0.6494931231197046,-5.75562282007432,miscanthus_floridulus_15wks vs miscanthus_sacchariflorus_4x_15wks,FALSE
9320,0.5592227917721715,17.001367159004666,0.9005320258066924,0.39274718384621066,0.6494931231197046,-5.755841423369533,miscanthus_floridulus_15wks vs miscanthus_sacchariflorus_4x_15wks,FALSE
17163,0.630307245274917,16.217291585083036,0.8988177704648442,0.3936092062458669,0.6505576453758644,-5.757341696670215,miscanthus_floridulus_15wks vs miscanthus_sacchariflorus_4x_15wks,FALSE
1403,-0.532992259374069,23.533104751314212,-0.8978018324083217,0.3941207164110787,0.6510419816546644,-5.75822971726085,miscanthus_floridulus_15wks vs miscanthus_sacchariflorus_4x_15wks,FALSE
2757,1.3148333647549677,18.281173822602714,0.8954446669992263,0.395309350711182,0.6521589585682545,-5.760286925213483,miscanthus_floridulus_15wks vs miscanthus_sacchariflorus_4x_15wks,FALSE
2382,-1.6886741499670137,20.39203335459031,-0.8952714662148212,0.39539679085172974,0.6521589585682545,-5.760437910999782,miscanthus_floridulus_15wks vs miscanthus_sacchariflorus_4x_15wks,FALSE
9934,0.6574105030640318,17.155489725561313,0.8951592793262514,0.39545343561504553,0.6521589585682545,-5.760535695863533,miscanthus_floridulus_15wks vs miscanthus_sacchariflorus_4x_15wks,FALSE
24639,-0.5237391201203252,16.788908443910262,-0.8936334111587353,0.3962244452532434,0.6527162262337247,-5.761864683528683,miscanthus_floridulus_15wks vs miscanthus_sacchariflorus_4x_15wks,FALSE
1833,-1.874756646434669,20.69934905288061,-0.8927747452257588,0.3966587953118985,0.6527162262337247,-5.762611740122304,miscanthus_floridulus_15wks vs miscanthus_sacchariflorus_4x_15wks,FALSE
776,2.300694578199831,20.853113884121452,0.8924631744870923,0.3968164853233207,0.6527162262337247,-5.762882667353818,miscanthus_floridulus_15wks vs miscanthus_sacchariflorus_4x_15wks,FALSE
2347,-0.7397101236713546,17.970858279202897,-0.8924287161765414,0.39683392787582883,0.6527162262337247,-5.762912625915319,miscanthus_floridulus_15wks vs miscanthus_sacchariflorus_4x_15wks,FALSE
23781,0.6277196324030427,17.12445854443545,0.892324843674979,0.39688651071661385,0.6527162262337247,-5.763002928455907,miscanthus_floridulus_15wks vs miscanthus_sacchariflorus_4x_15wks,FALSE
2735,-0.8226633107846268,17.25830374351381,-0.8913680596934961,0.3973710927977554,0.6531527063085003,-5.763834312260681,miscanthus_floridulus_15wks vs miscanthus_sacchariflorus_4x_15wks,FALSE
6684,1.2872422086393698,18.94505145829617,0.8901223324162983,0.39800264925119533,0.6536193584683001,-5.764915672639149,miscanthus_floridulus_15wks vs miscanthus_sacchariflorus_4x_15wks,FALSE
22293,0.7726176527804647,17.20582987810915,0.8896605332709353,0.3982369533258011,0.6536193584683001,-5.765316224577917,miscanthus_floridulus_15wks vs miscanthus_sacchariflorus_4x_15wks,FALSE
1162,-2.0332554739112325,19.205511814170993,-0.8893700948233466,0.3983843641677238,0.6536193584683001,-5.765568055529879,miscanthus_floridulus_15wks vs miscanthus_sacchariflorus_4x_15wks,FALSE
2153,0.9495119488654176,17.590157754384762,0.8887538067884276,0.39869728761735956,0.6536193584683001,-5.7661021977999125,miscanthus_floridulus_15wks vs miscanthus_sacchariflorus_4x_15wks,FALSE
5796,1.5493808522007164,18.72629066088281,0.8876642418559701,0.39925094888586654,0.6536193584683001,-5.767045789189415,miscanthus_floridulus_15wks vs miscanthus_sacchariflorus_4x_15wks,FALSE
5470,-1.4082513012413784,17.959817896437244,-0.8875323549667736,0.3993180042527289,0.6536193584683001,-5.767159942121586,miscanthus_floridulus_15wks vs miscanthus_sacchariflorus_4x_15wks,FALSE
4821,1.2599579496299818,17.882173591108483,0.887052564449133,0.3995620123061068,0.6536193584683001,-5.76757510079529,miscanthus_floridulus_15wks vs miscanthus_sacchariflorus_4x_15wks,FALSE
836,0.8269897146380032,17.280677000879052,0.8870276663630716,0.3995746776774699,0.6536193584683001,-5.767596639862925,miscanthus_floridulus_15wks vs miscanthus_sacchariflorus_4x_15wks,FALSE
311,-2.123687771519819,20.370565243120126,-0.8869208500560531,0.399629017157464,0.6536193584683001,-5.76768903986759,miscanthus_floridulus_15wks vs miscanthus_sacchariflorus_4x_15wks,FALSE
22529,0.49951654081530705,17.00902559060326,0.8862264290425467,0.39998241071197416,0.65383849913422,-5.768289516358679,miscanthus_floridulus_15wks vs miscanthus_sacchariflorus_4x_15wks,FALSE
921,-1.615542965984762,17.779183107967096,-0.8843387657984183,0.4009441748490946,0.6544551005162733,-5.769919852746341,miscanthus_floridulus_15wks vs miscanthus_sacchariflorus_4x_15wks,FALSE
18822,1.064340521228818,17.222158717268215,0.8843107478315388,0.4009584623867777,0.6544551005162733,-5.7699440297550915,miscanthus_floridulus_15wks vs miscanthus_sacchariflorus_4x_15wks,FALSE
9140,0.9807984401110161,17.09480044969783,0.884193098020564,0.4010184609203742,0.6544551005162733,-5.770045544177591,miscanthus_floridulus_15wks vs miscanthus_sacchariflorus_4x_15wks,FALSE
6886,-0.8918307218645651,17.449093658866527,-0.8819077722074032,0.40218518872338427,0.655796086804418,-5.7720152370801125,miscanthus_floridulus_15wks vs miscanthus_sacchariflorus_4x_15wks,FALSE
3669,0.48603851697743394,22.26179475739693,0.8817217121434954,0.40228028412029404,0.655796086804418,-5.772175415038498,miscanthus_floridulus_15wks vs miscanthus_sacchariflorus_4x_15wks,FALSE
23070,0.6168498315058777,16.910925673256227,0.8782360387851741,0.4040647670031503,0.6583450003659858,-5.775171059051062,miscanthus_floridulus_15wks vs miscanthus_sacchariflorus_4x_15wks,FALSE
6894,1.1328067520990253,17.85721255707569,0.8770607799127432,0.4046677021952425,0.6589670778917064,-5.776178888730458,miscanthus_floridulus_15wks vs miscanthus_sacchariflorus_4x_15wks,FALSE
11982,1.083463531248114,17.88231289332296,0.875768262862583,0.4053315294868184,0.659391276870915,-5.777285985186082,miscanthus_floridulus_15wks vs miscanthus_sacchariflorus_4x_15wks,FALSE
14308,0.8567333470165295,17.61158929888175,0.8756699769540187,0.40538203994717004,0.659391276870915,-5.777370116124775,miscanthus_floridulus_15wks vs miscanthus_sacchariflorus_4x_15wks,FALSE
2774,1.4076986194908514,17.712323010032424,0.8751700509822845,0.4056390276736562,0.659391276870915,-5.7777979228569505,miscanthus_floridulus_15wks vs miscanthus_sacchariflorus_4x_15wks,FALSE
12474,1.1043802530411568,18.80555918594221,0.8747342508014317,0.40586314551417146,0.659391276870915,-5.778170689889197,miscanthus_floridulus_15wks vs miscanthus_sacchariflorus_4x_15wks,FALSE
2393,1.8279848596272572,19.54616307411889,0.8744010451750509,0.4060345614289024,0.659391276870915,-5.778455597901366,miscanthus_floridulus_15wks vs miscanthus_sacchariflorus_4x_15wks,FALSE
2063,-1.2549570669876218,20.48790238848922,-0.8728785420158403,0.40681845707826847,0.6601557164927587,-5.779756274831193,miscanthus_floridulus_15wks vs miscanthus_sacchariflorus_4x_15wks,FALSE
20109,-0.6389400195143722,17.043286382112175,-0.8726264816254485,0.40694833932791874,0.6601557164927587,-5.779971429574486,miscanthus_floridulus_15wks vs miscanthus_sacchariflorus_4x_15wks,FALSE
734,1.0027121816725426,18.591856583315376,0.8713723209954616,0.40759502178921125,0.6608450298867516,-5.7810411968524,miscanthus_floridulus_15wks vs miscanthus_sacchariflorus_4x_15wks,FALSE
9006,1.1176402457384178,17.66209842074531,0.8702827777203205,0.4081574116285469,0.6613970019864436,-5.781969515952801,miscanthus_floridulus_15wks vs miscanthus_sacchariflorus_4x_15wks,FALSE
6680,1.1014319926059741,17.75567945533175,0.8696323026760588,0.4084934285423749,0.6615817484001507,-5.782523279059442,miscanthus_floridulus_15wks vs miscanthus_sacchariflorus_4x_15wks,FALSE
2502,0.47061318622798964,23.47171586352166,0.8675735243783164,0.40955822117684304,0.6629459528011908,-5.78427369913257,miscanthus_floridulus_15wks vs miscanthus_sacchariflorus_4x_15wks,FALSE
2511,1.7575362599558346,20.405067661241524,0.8643673454186533,0.41122033752913345,0.6652750303131475,-5.786992813303786,miscanthus_floridulus_15wks vs miscanthus_sacchariflorus_4x_15wks,FALSE
14128,0.6706019754159165,17.30043299909731,0.8635587175175764,0.4116402870587107,0.6653812273160039,-5.787677279482661,miscanthus_floridulus_15wks vs miscanthus_sacchariflorus_4x_15wks,FALSE
4544,1.3131432595983306,18.668171143849957,0.8633811498678617,0.4117325446881581,0.6653812273160039,-5.787827511061979,miscanthus_floridulus_15wks vs miscanthus_sacchariflorus_4x_15wks,FALSE
15415,1.1137848209248205,16.721164355919868,0.86208250683741094,0.41240771380426156,0.6660098213114231,-5.788925451196514,miscanthus_floridulus_15wks vs miscanthus_sacchariflorus_4x_15wks,FALSE
2222,-0.7653678215258282,21.82159042137149,-0.8614029825249968,0.4127613107303614,0.6660098213114231,-5.7894994089411504,miscanthus_floridulus_15wks vs miscanthus_sacchariflorus_4x_15wks,FALSE
16547,0.7814546704226721,16.905629039893622,0.8609401030523196,0.4130022963307335,0.6660098213114231,-5.789890162984004,miscanthus_floridulus_15wks vs miscanthus_sacchariflorus_4x_15wks,FALSE
22839,0.7076073448905298,16.939487323527857,0.8605385744570211,0.4132114212564253,0.6660098213114231,-5.790228984340127,miscanthus_floridulus_15wks vs miscanthus_sacchariflorus_4x_15wks,FALSE
4095,-0.43658794578629667,20.962247470028373,-0.8604856716678564,0.4132389797331615,0.6660098213114231,-5.79027361543348,miscanthus_floridulus_15wks vs miscanthus_sacchariflorus_4x_15wks,FALSE
1800,1.2551532965683272,18.67495059348765,0.859524473377302,0.41373991823945677,0.6664567331640979,-5.791084126683372,miscanthus_floridulus_15wks vs miscanthus_sacchariflorus_4x_15wks,FALSE
12351,1.1066715195882182,17.107449833390085,0.8554789081607466,0.4158529737088126,0.669498574636554,-5.794487201520603,miscanthus_floridulus_15wks vs miscanthus_sacchariflorus_4x_15wks,FALSE
17175,-0.7372537033821978,17.42969828940518,-0.8548332535407809,0.41619090593729613,0.6696808313677876,-5.795029079752389,miscanthus_floridulus_15wks vs miscanthus_sacchariflorus_4x_15wks,FALSE
21096,0.7230533165279276,17.017542328303364,0.8524819448788005,0.41742319147269236,0.6710292485703544,-5.796999577603779,miscanthus_floridulus_15wks vs miscanthus_sacchariflorus_4x_15wks,FALSE
8719,0.9624906008972829,16.913543837447737,0.8515449917290109,0.4179149440192812,0.6710292485703544,-5.797783522797478,miscanthus_floridulus_15wks vs miscanthus_sacchariflorus_4x_15wks,FALSE
18,0.5163142330859252,22.40365707138128,0.8513347647138172,0.4180253355562872,0.6710292485703544,-5.797959320106607,miscanthus_floridulus_15wks vs miscanthus_sacchariflorus_4x_15wks,FALSE
8495,-0.6374146943004639,17.179667921688385,-0.850890485561687,0.4182586963017283,0.6710292485703544,-5.798330718689716,miscanthus_floridulus_15wks vs miscanthus_sacchariflorus_4x_15wks,FALSE
858,-2.0830876915206673,20.22148772652442,-0.8503135301726137,0.41856188182351584,0.6710292485703544,-5.79881278735619,miscanthus_floridulus_15wks vs miscanthus_sacchariflorus_4x_15wks,FALSE
5024,0.5849571820522783,17.33137842472394,0.8501868373343144,0.4186284784373071,0.6710292485703544,-5.798918607580986,miscanthus_floridulus_15wks vs miscanthus_sacchariflorus_4x_15wks,FALSE
2342,1.6499571183740436,18.537647379246273,0.8494515383297617,0.4190151373044444,0.6710292485703544,-5.7995325061812695,miscanthus_floridulus_15wks vs miscanthus_sacchariflorus_4x_15wks,FALSE
1548,1.3233124527370101,20.67039215613249,0.8494344363967881,0.419024133361801,0.6710292485703544,-5.799546779245164,miscanthus_floridulus_15wks vs miscanthus_sacchariflorus_4x_15wks,FALSE
6947,-0.775230841720127,17.961322857056135,-0.8490366434791684,0.4192334206754854,0.6710292485703544,-5.799878704593879,miscanthus_floridulus_15wks vs miscanthus_sacchariflorus_4x_15wks,FALSE
16868,1.0582793186021071,17.234424024159587,0.8489468147620949,0.4192806915563758,0.6710292485703544,-5.799953641259244,miscanthus_floridulus_15wks vs miscanthus_sacchariflorus_4x_15wks,FALSE
12617,0.4884174973128843,16.6330665702953,0.8479237687199324,0.4198193147142303,0.6715306268644156,-5.800806616352735,miscanthus_floridulus_15wks vs miscanthus_sacchariflorus_4x_15wks,FALSE
232,-1.4581851279382079,20.98603876321086,-0.8472396524960534,0.4201797636212983,0.671746617806582,-5.801376525441177,miscanthus_floridulus_15wks vs miscanthus_sacchariflorus_4x_15wks,FALSE
48,-1.027615361880212,19.635725355952836,-0.8463650785036937,0.42064087511114323,0.6721232213572155,-5.802104536727006,miscanthus_floridulus_15wks vs miscanthus_sacchariflorus_4x_15wks,FALSE
5496,1.247240932872792,17.681007952255428,0.8439085582914848,0.42193793670114477,0.6738222060717723,-5.804146022442798,miscanthus_floridulus_15wks vs miscanthus_sacchariflorus_4x_15wks,FALSE
10518,0.5473063141211512,17.079122794033104,0.8430461725983276,0.422393941424247,0.6738222060717723,-5.804861527688177,miscanthus_floridulus_15wks vs miscanthus_sacchariflorus_4x_15wks,FALSE
23110,0.6019740022440168,16.721239531879867,0.8427551121161396,0.4225479230463963,0.6738222060717723,-5.805102876779786,miscanthus_floridulus_15wks vs miscanthus_sacchariflorus_4x_15wks,FALSE
1116,1.6251703532717166,18.88792513580234,0.8422323625614957,0.42282457449100475,0.6738222060717723,-5.805536168480309,miscanthus_floridulus_15wks vs miscanthus_sacchariflorus_4x_15wks,FALSE
16860,0.9590767941897731,17.21692852951066,0.8422131586455199,0.4228347400517498,0.6738222060717723,-5.805552081749633,miscanthus_floridulus_15wks vs miscanthus_sacchariflorus_4x_15wks,FALSE
3112,-1.3395054997214082,18.515295154700485,-0.8405666639364275,0.42370693995488207,0.6744972919759463,-5.806915313649769,miscanthus_floridulus_15wks vs miscanthus_sacchariflorus_4x_15wks,FALSE
136,-1.015263026155175,22.807477117375846,-0.8405589097696913,0.42371105052985625,0.6744972919759463,-5.806921728497882,miscanthus_floridulus_15wks vs miscanthus_sacchariflorus_4x_15wks,FALSE
17317,0.7318272759012068,16.654649050896076,0.8391862105657042,0.42443917019367994,0.6751953402786313,-5.808056549416582,miscanthus_floridulus_15wks vs miscanthus_sacchariflorus_4x_15wks,FALSE
75,2.2651123285809796,21.3123259977071,0.8386510207017203,0.424723285234324,0.6751953402786313,-5.808498573248323,miscanthus_floridulus_15wks vs miscanthus_sacchariflorus_4x_15wks,FALSE
2534,0.9894178113053762,17.47103583979542,0.8384514155387124,0.42482928289343413,0.6751953402786313,-5.8086633704752835,miscanthus_floridulus_15wks vs miscanthus_sacchariflorus_4x_15wks,FALSE
2326,1.886138064083827,19.45151249943469,0.8351164706150366,0.42660296996520264,0.676413498808835,-5.811411880015546,miscanthus_floridulus_15wks vs miscanthus_sacchariflorus_4x_15wks,FALSE
913,2.0248025239057554,18.31484808094701,0.8349604446159734,0.4266860773926483,0.676413498808835,-5.811540244115857,miscanthus_floridulus_15wks vs miscanthus_sacchariflorus_4x_15wks,FALSE
3605,-1.1529063480368542,17.724847484840126,-0.8345962770948253,0.4268800951616275,0.676413498808835,-5.811839769802567,miscanthus_floridulus_15wks vs miscanthus_sacchariflorus_4x_15wks,FALSE
21926,-0.43227352857913814,17.002749696188246,-0.8344310661102936,0.42696813481811924,0.676413498808835,-5.811975618656882,miscanthus_floridulus_15wks vs miscanthus_sacchariflorus_4x_15wks,FALSE
15910,-0.48132340127132167,16.822513005662405,-0.8341951646310245,0.42709386662964055,0.676413498808835,-5.812169555332732,miscanthus_floridulus_15wks vs miscanthus_sacchariflorus_4x_15wks,FALSE
703,0.5230901247927839,21.780927507268974,0.833967373168625,0.42721530019209886,0.676413498808835,-5.812356780927187,miscanthus_floridulus_15wks vs miscanthus_sacchariflorus_4x_15wks,FALSE
4336,1.2863448313422943,18.361551059364743,0.8338774081246582,0.42726326630764133,0.676413498808835,-5.8124307128480375,miscanthus_floridulus_15wks vs miscanthus_sacchariflorus_4x_15wks,FALSE
3454,-0.645768019463361,17.390674656730475,-0.8335992065723918,0.42741161686477724,0.676413498808835,-5.812659292252912,miscanthus_floridulus_15wks vs miscanthus_sacchariflorus_4x_15wks,FALSE
3603,-0.7726234797880025,20.99378865382383,-0.8325523472548668,0.42797017161781503,0.6768959673349526,-5.81351885071011,miscanthus_floridulus_15wks vs miscanthus_sacchariflorus_4x_15wks,FALSE
11754,1.2279348860296295,19.900435558045235,0.8321766076956701,0.42817077128402203,0.6768959673349526,-5.813827142428,miscanthus_floridulus_15wks vs miscanthus_sacchariflorus_4x_15wks,FALSE
10244,0.6217311330284545,17.585044413538803,0.8308808748688898,0.42886303386655156,0.6776308806587081,-5.814889383621816,miscanthus_floridulus_15wks vs miscanthus_sacchariflorus_4x_15wks,FALSE
15529,-0.800766458673035,17.860234641904622,-0.8303679742016183,0.4291372708939373,0.6777048581154919,-5.8153094742757965,miscanthus_floridulus_15wks vs miscanthus_sacchariflorus_4x_15wks,FALSE
23908,0.5102967745219509,16.961521416625473,0.8285677925142633,0.4301007454433542,0.6788666427019043,-5.81678218104335,miscanthus_floridulus_15wks vs miscanthus_sacchariflorus_4x_15wks,FALSE
3502,1.177040192769109,17.191024061334183,0.8262725690201356,0.4313313283749557,0.6804485752024182,-5.8186559669376265,miscanthus_floridulus_15wks vs miscanthus_sacchariflorus_4x_15wks,FALSE
19342,-0.720189420793492,17.19545535636953,-0.8257667533292333,0.43160284627443735,0.6805166570887954,-5.819068317578266,miscanthus_floridulus_15wks vs miscanthus_sacchariflorus_4x_15wks,FALSE
5958,-1.1443394138266498,17.98407508629936,-0.8230009657173448,0.4330895747946376,0.682499700099429,-5.821319270408324,miscanthus_floridulus_15wks vs miscanthus_sacchariflorus_4x_15wks,FALSE
7562,1.4193913526228776,18.501938241746803,0.821490531261593,0.4339029785983576,0.6825733710985571,-5.822545852739184,miscanthus_floridulus_15wks vs miscanthus_sacchariflorus_4x_15wks,FALSE
1328,-2.079531759330294,20.71217730187827,-0.8204913298606735,0.434441646413087,0.6825733710985571,-5.823356229794017,miscanthus_floridulus_15wks vs miscanthus_sacchariflorus_4x_15wks,FALSE
23038,0.5963015321840324,16.778682840926056,0.82048892647308,0.4344429426270535,0.6825733710985571,-5.823358177995264,miscanthus_floridulus_15wks vs miscanthus_sacchariflorus_4x_15wks,FALSE
4226,-0.6945930653307393,17.539768209973015,-0.8204834036590497,0.43444592124473924,0.6825733710985571,-5.823362654805097,miscanthus_floridulus_15wks vs miscanthus_sacchariflorus_4x_15wks,FALSE
8028,0.7610822035565583,17.521132869464374,0.8201696734270886,0.43461514823284464,0.6825733710985571,-5.823616923634887,miscanthus_floridulus_15wks vs miscanthus_sacchariflorus_4x_15wks,FALSE
630,-0.9627929098541301,23.10132864512511,-0.8201457401698427,0.43462805975248886,0.6825733710985571,-5.823636317436524,miscanthus_floridulus_15wks vs miscanthus_sacchariflorus_4x_15wks,FALSE
5321,-1.1370786209902413,19.605381423743133,-0.8199388497188617,0.4347396840084099,0.6825733710985571,-5.823803946718564,miscanthus_floridulus_15wks vs miscanthus_sacchariflorus_4x_15wks,FALSE
885,1.9278865187662113,18.911061142427926,0.8177015472887789,0.43594803573975016,0.6841101350734362,-5.825614394545286,miscanthus_floridulus_15wks vs miscanthus_sacchariflorus_4x_15wks,FALSE
13138,0.7851729369735665,17.67073489454894,0.816741719282095,0.43646713521821023,0.684564243658035,-5.826389813181439,miscanthus_floridulus_15wks vs miscanthus_sacchariflorus_4x_15wks,FALSE
21625,0.7301842243617642,16.912528822327978,0.8157913500987838,0.4369815348592879,0.6850105070387575,-5.827156830114973,miscanthus_floridulus_15wks vs miscanthus_sacchariflorus_4x_15wks,FALSE
2619,-0.6181479640994496,17.284918173354576,-0.8131012102131665,0.43843985002019414,0.6869352013986217,-5.829323863631036,miscanthus_floridulus_15wks vs miscanthus_sacchariflorus_4x_15wks,FALSE
1994,0.7229853739171261,17.62321549815512,0.8121982100193419,0.43893010575345714,0.6872476694264498,-5.8300499114023046,miscanthus_floridulus_15wks vs miscanthus_sacchariflorus_4x_15wks,FALSE
1683,0.934363614676105,17.489456899586955,0.8118844775029349,0.439100524358376,0.6872476694264498,-5.8303020044585745,miscanthus_floridulus_15wks vs miscanthus_sacchariflorus_4x_15wks,FALSE
2386,1.2537901287363447,21.17075881450686,0.8113626875066091,0.439384058929012,0.6873304438889531,-5.830721094559752,miscanthus_floridulus_15wks vs miscanthus_sacchariflorus_4x_15wks,FALSE
3087,-1.0919990467009484,20.0222439260981,-0.8072671503152647,0.4416138505525544,0.6900276775352405,-5.834002589143451,miscanthus_floridulus_15wks vs miscanthus_sacchariflorus_4x_15wks,FALSE
9223,-0.427319564604165,19.941668200731332,-0.8070713938987701,0.44172062105208776,0.6900276775352405,-5.834159082883578,miscanthus_floridulus_15wks vs miscanthus_sacchariflorus_4x_15wks,FALSE
6393,0.9512896755790052,17.40498120670168,0.8069204604102174,0.4418029559520936,0.6900276775352405,-5.834279721749605,miscanthus_floridulus_15wks vs miscanthus_sacchariflorus_4x_15wks,FALSE
912,-1.3887458512585837,17.536457930029453,-0.805626910625149,0.44250902017982663,0.6906197318268595,-5.83531284944222,miscanthus_floridulus_15wks vs miscanthus_sacchariflorus_4x_15wks,FALSE
583,-0.4763788365986166,22.13075159109736,-0.8053769732024181,0.4426455328152019,0.6906197318268595,-5.835512305987301,miscanthus_floridulus_15wks vs miscanthus_sacchariflorus_4x_15wks,FALSE
5127,0.511850430424019,17.078744505252065,0.8043884623387848,0.4431857245103743,0.6911007111674073,-5.836300647111957,miscanthus_floridulus_15wks vs miscanthus_sacchariflorus_4x_15wks,FALSE
157,2.1182721425523106,19.074972347631434,0.8033094311051246,0.44377589242790083,0.6916326115643802,-5.837160237488327,miscanthus_floridulus_15wks vs miscanthus_sacchariflorus_4x_15wks,FALSE
4061,-1.2255008802894203,17.72835237804027,-0.8029163779464001,0.44399100198746955,0.6916326115643802,-5.837473111861282,miscanthus_floridulus_15wks vs miscanthus_sacchariflorus_4x_15wks,FALSE
14684,0.7400511250252819,17.296350923021983,0.8015842586329622,0.44472056697544704,0.6924071523442175,-5.838532522160755,miscanthus_floridulus_15wks vs miscanthus_sacchariflorus_4x_15wks,FALSE
18312,0.5335727391517047,17.149822677028737,0.800869343244872,0.4451124404533575,0.6925742283339633,-5.839100463120001,miscanthus_floridulus_15wks vs miscanthus_sacchariflorus_4x_15wks,FALSE
7443,0.6438025798287974,16.691212304724665,0.8005406441050509,0.4452926917744543,0.6925742283339633,-5.839361442324929,miscanthus_floridulus_15wks vs miscanthus_sacchariflorus_4x_15wks,FALSE
4477,-1.0516823038935215,17.809529858226504,-0.7996250032653552,0.44579506889317333,0.6929938994792156,-5.840087957354001,miscanthus_floridulus_15wks vs miscanthus_sacchariflorus_4x_15wks,FALSE
8691,0.8070445814891407,17.582371709822652,0.798904710635912,0.4461905347522338,0.693247024797527,-5.8406589749558675,miscanthus_floridulus_15wks vs miscanthus_sacchariflorus_4x_15wks,FALSE
1256,-1.3131409655374,18.482481981803303,-0.7958352584192375,0.44787842428181146,0.6945281922319065,-5.843087382216716,miscanthus_floridulus_15wks vs miscanthus_sacchariflorus_4x_15wks,FALSE
560,-0.7269559899306941,23.900752504773216,-0.7956682010606588,0.4479704122667618,0.6945281922319065,-5.843219321107574,miscanthus_floridulus_15wks vs miscanthus_sacchariflorus_4x_15wks,FALSE
6320,0.3997111276936671,19.954916746029117,0.7953487947692466,0.44814632464435267,0.6945281922319065,-5.84347151655902,miscanthus_floridulus_15wks vs miscanthus_sacchariflorus_4x_15wks,FALSE
3210,1.105727058103568,19.64272668644308,0.7952875235701156,0.44818007495073453,0.6945281922319065,-5.84351988491935,miscanthus_floridulus_15wks vs miscanthus_sacchariflorus_4x_15wks,FALSE
14055,1.057040614450532,17.568078007814727,0.795286859367208,0.4481804408261598,0.6945281922319065,-5.8435204092331725,miscanthus_floridulus_15wks vs miscanthus_sacchariflorus_4x_15wks,FALSE
3060,-1.0894168881985635,17.62604896731593,-0.7934446189842098,0.4491960104672673,0.6954093662053354,-5.8449732114369635,miscanthus_floridulus_15wks vs miscanthus_sacchariflorus_4x_15wks,FALSE
2441,1.5208931743553613,19.239209467736064,0.793269715709588,0.4492925095608167,0.6954093662053354,-5.845110991515497,miscanthus_floridulus_15wks vs miscanthus_sacchariflorus_4x_15wks,FALSE
2139,-0.8170187523791412,17.673780403130475,-0.7922084342317721,0.4498783474349264,0.6954093662053354,-5.845946459028068,miscanthus_floridulus_15wks vs miscanthus_sacchariflorus_4x_15wks,FALSE
27,0.48088149802571323,24.526375305147305,0.7915573112134888,0.4502380276872483,0.6954093662053354,-5.846458565816411,miscanthus_floridulus_15wks vs miscanthus_sacchariflorus_4x_15wks,FALSE
7393,-0.7031599809748172,17.58108555658933,-0.7913919753992944,0.450329389899761,0.6954093662053354,-5.846588544696743,miscanthus_floridulus_15wks vs miscanthus_sacchariflorus_4x_15wks,FALSE
19594,-0.4811360094179733,17.288093105104593,-0.7911412665452706,0.45046795178277255,0.6954093662053354,-5.8467855953243335,miscanthus_floridulus_15wks vs miscanthus_sacchariflorus_4x_15wks,FALSE
3150,0.5556674545256932,21.40659393606483,0.7905189203018976,0.4508120340732813,0.6954093662053354,-5.847274512264537,miscanthus_floridulus_15wks vs miscanthus_sacchariflorus_4x_15wks,FALSE
1277,0.3973712628147581,22.62046058466011,0.7899195822051468,0.45114356229519326,0.6954093662053354,-5.8477450425685165,miscanthus_floridulus_15wks vs miscanthus_sacchariflorus_4x_15wks,FALSE
7064,0.5906712097065459,17.213078398245365,0.7898924797997889,0.45115855805154637,0.6954093662053354,-5.847766312991409,miscanthus_floridulus_15wks vs miscanthus_sacchariflorus_4x_15wks,FALSE
18468,0.9100377603309546,17.13363885179319,0.7898722277487233,0.4511697637262623,0.6954093662053354,-5.847782206733224,miscanthus_floridulus_15wks vs miscanthus_sacchariflorus_4x_15wks,FALSE
7734,-1.1581156282501084,18.105142451422086,-0.789607944633379,0.4513160114903083,0.6954093662053354,-5.847989583244756,miscanthus_floridulus_15wks vs miscanthus_sacchariflorus_4x_15wks,FALSE
7965,0.9228659581863639,17.528696106355625,0.7885827558115416,0.451883626518927,0.6959241379981408,-5.848793461348684,miscanthus_floridulus_15wks vs miscanthus_sacchariflorus_4x_15wks,FALSE
3847,0.5266002635435427,17.071728826976212,0.7852855846289437,0.45371240864160134,0.6982341615799155,-5.8513727918611345,miscanthus_floridulus_15wks vs miscanthus_sacchariflorus_4x_15wks,FALSE
1153,1.7634272420246653,18.13856222826711,0.7850339072489486,0.453852205026945,0.6982341615799155,-5.851569294775139,miscanthus_floridulus_15wks vs miscanthus_sacchariflorus_4x_15wks,FALSE
2241,0.43534526297736775,17.049198564232427,0.7822104918077036,0.4554224683519025,0.70010176212320685,-5.853770035721224,miscanthus_floridulus_15wks vs miscanthus_sacchariflorus_4x_15wks,FALSE
23655,0.5382730347471743,16.99223206728197,0.7816835884800781,0.4557159104813836,0.70010176212320685,-5.854179982103829,miscanthus_floridulus_15wks vs miscanthus_sacchariflorus_4x_15wks,FALSE
21716,0.6341376975853059,17.189287163108755,0.7814358655537075,0.4558539154937852,0.70010176212320685,-5.854372635856366,miscanthus_floridulus_15wks vs miscanthus_sacchariflorus_4x_15wks,FALSE
1098,1.1794167515187404,18.51500017228625,0.7801774102817246,0.456555423948776,0.70010176212320685,-5.855350524216334,miscanthus_floridulus_15wks vs miscanthus_sacchariflorus_4x_15wks,FALSE
1628,-0.9128918974368752,20.602955209557756,-0.7801392580736999,0.4565767025966305,0.70010176212320685,-5.855380149404705,miscanthus_floridulus_15wks vs miscanthus_sacchariflorus_4x_15wks,FALSE
18988,0.6718817427488659,17.04152216026508,0.7799658809882614,0.45667340859812444,0.70010176212320685,-5.855514761016451,miscanthus_floridulus_15wks vs miscanthus_sacchariflorus_4x_15wks,FALSE
445,1.9110123928931024,19.776374353450397,0.7797000263564295,0.45682172308105207,0.70010176212320685,-5.855721123110122,miscanthus_floridulus_15wks vs miscanthus_sacchariflorus_4x_15wks,FALSE
5388,-1.1673382486185524,18.157336289250996,-0.7789841211635969,0.457221270406008,0.70010176212320685,-5.856276523364741,miscanthus_floridulus_15wks vs miscanthus_sacchariflorus_4x_15wks,FALSE
8378,0.7884852895852532,17.42053106739302,0.7787375144122255,0.45735895570550134,0.70010176212320685,-5.856467739626704,miscanthus_floridulus_15wks vs miscanthus_sacchariflorus_4x_15wks,FALSE
2376,-1.6904834524906533,20.502465284218566,-0.7785341555224865,0.4574725156487337,0.70010176212320685,-5.856625382778004,miscanthus_floridulus_15wks vs miscanthus_sacchariflorus_4x_15wks,FALSE
656,-0.4007558647169276,24.607703861542326,-0.778215650004894,0.4576504136295325,0.70010176212320685,-5.856872216046597,miscanthus_floridulus_15wks vs miscanthus_sacchariflorus_4x_15wks,FALSE
3846,-0.6992184075763426,20.232097436268752,-0.7771272924333529,0.45825865182199943,0.7006725410105481,-5.857715008237518,miscanthus_floridulus_15wks vs miscanthus_sacchariflorus_4x_15wks,FALSE
404,-1.608020910532602,20.887057045601885,-0.7762165842387506,0.4587680219019832,0.7007885365892237,-5.858419453801859,miscanthus_floridulus_15wks vs miscanthus_sacchariflorus_4x_15wks,FALSE
13692,0.8883754288722443,16.892992372861265,0.7761507758045971,0.458804843921334,0.7007885365892237,-5.858470329999752,miscanthus_floridulus_15wks vs miscanthus_sacchariflorus_4x_15wks,FALSE
1224,0.989034872470544,18.01559393069283,0.774931671177599,0.4594873287512562,0.7008785151130051,-5.859412142379169,miscanthus_floridulus_15wks vs miscanthus_sacchariflorus_4x_15wks,FALSE
6977,-1.028980970991796,18.673535487927957,-0.7748231774511795,0.4595480988549536,0.7008785151130051,-5.859495896804156,miscanthus_floridulus_15wks vs miscanthus_sacchariflorus_4x_15wks,FALSE
22773,0.6297613021090029,16.83491288460913,0.7743114437170271,0.45983480588452164,0.7008785151130051,-5.859890806158326,miscanthus_floridulus_15wks vs miscanthus_sacchariflorus_4x_15wks,FALSE
5672,1.0681562855487847,17.8731307856022,0.7736920154724481,0.4601820092216613,0.7008785151130051,-5.860368523545324,miscanthus_floridulus_15wks vs miscanthus_sacchariflorus_4x_15wks,FALSE
2771,0.8856688944447804,18.920211909820264,0.7736492877909311,0.460205965448086,0.7008785151130051,-5.860401463974649,miscanthus_floridulus_15wks vs miscanthus_sacchariflorus_4x_15wks,FALSE
3559,-1.4011340928561253,17.996446438977383,-0.7735263150402926,0.46027491747521854,0.7008785151130051,-5.860496259695074,miscanthus_floridulus_15wks vs miscanthus_sacchariflorus_4x_15wks,FALSE
1832,0.9279360619522414,17.22963398091605,0.7727124081556171,0.46073145573843866,0.7010850636840634,-5.861123346729102,miscanthus_floridulus_15wks vs miscanthus_sacchariflorus_4x_15wks,FALSE
15216,0.541539065457787,17.318073544628117,0.7720183169229667,0.4611210237729999,0.7010850636840634,-5.8616576702946155,miscanthus_floridulus_15wks vs miscanthus_sacchariflorus_4x_15wks,FALSE
12283,1.0186127863749093,17.357835182509323,0.7718127868290909,0.46123642216064864,0.7010850636840634,-5.861815811494694,miscanthus_floridulus_15wks vs miscanthus_sacchariflorus_4x_15wks,FALSE
8706,0.9983213136647464,18.297583875604943,0.7711076401404601,0.46163248418847624,0.7010850636840634,-5.862358097080232,miscanthus_floridulus_15wks vs miscanthus_sacchariflorus_4x_15wks,FALSE
3015,1.0614336966848654,18.271961370763783,0.770938715292839,0.46172739817329267,0.7010850636840634,-5.862487943458595,miscanthus_floridulus_15wks vs miscanthus_sacchariflorus_4x_15wks,FALSE
932,0.7239437597037899,17.26378284892198,0.7705843544501269,0.461926545241761,0.7010850636840634,-5.862760247985944,miscanthus_floridulus_15wks vs miscanthus_sacchariflorus_4x_15wks,FALSE
1861,0.7083191212228428,17.25297252933067,0.7700161495877655,0.46224598901384284,0.7010850636840634,-5.863196653011566,miscanthus_floridulus_15wks vs miscanthus_sacchariflorus_4x_15wks,FALSE
18151,0.698920617834137,17.59834216578491,0.7699331422334834,0.4622926678319411,0.7010850636840634,-5.863260382864332,miscanthus_floridulus_15wks vs miscanthus_sacchariflorus_4x_15wks,FALSE
1182,1.0964435646453268,21.02562236405872,0.769278371944087,0.46266098428311975,0.7012867411819415,-5.8637628824141945,miscanthus_floridulus_15wks vs miscanthus_sacchariflorus_4x_15wks,FALSE
1025,-0.4417910433028105,23.44758946632798,-0.7686183852505732,0.46303243128806504,0.7013124637326466,-5.864269011751361,miscanthus_floridulus_15wks vs miscanthus_sacchariflorus_4x_15wks,FALSE
2833,-1.4697569885343427,18.699923848339438,-0.7684119886448549,0.4631486337670633,0.7013124637326466,-5.864427215792397,miscanthus_floridulus_15wks vs miscanthus_sacchariflorus_4x_15wks,FALSE
5739,0.8971246233949621,17.206067977208953,0.7675767858079234,0.4636190544750022,0.7016682490276823,-5.865067028291309,miscanthus_floridulus_15wks vs miscanthus_sacchariflorus_4x_15wks,FALSE
965,-1.797680121695226,19.579635623473525,-0.7621891700685969,0.46666115688434295,0.705913831226062,-5.869179788473686,miscanthus_floridulus_15wks vs miscanthus_sacchariflorus_4x_15wks,FALSE
1194,1.669469958447575,18.60224085367383,0.7607049535785716,0.4675015180562959,0.7068262424189558,-5.870308394641291,miscanthus_floridulus_15wks vs miscanthus_sacchariflorus_4x_15wks,FALSE
3332,-1.2943085599104371,20.26777845773691,-0.7573262520491124,0.4694182384821708,0.7090983484728325,-5.872870468370905,miscanthus_floridulus_15wks vs miscanthus_sacchariflorus_4x_15wks,FALSE
2576,-1.529378000965064,21.34334988957266,-0.757217153512445,0.4694802152808384,0.7090983484728325,-5.872953033141134,miscanthus_floridulus_15wks vs miscanthus_sacchariflorus_4x_15wks,FALSE
10190,0.9706394030246166,17.746827944750304,0.7565636824225593,0.4698515519851655,0.7092997086706145,-5.873447358084272,miscanthus_floridulus_15wks vs miscanthus_sacchariflorus_4x_15wks,FALSE
17864,0.6503274833392823,17.153119147786587,0.7546474800008295,0.4709415478509893,0.7101925026329113,-5.874894754003913,miscanthus_floridulus_15wks vs miscanthus_sacchariflorus_4x_15wks,FALSE
6842,-1.0006848814412166,17.6510875615162,-0.7541832420540086,0.47120586964336697,0.7101925026329113,-5.8752449348413,miscanthus_floridulus_15wks vs miscanthus_sacchariflorus_4x_15wks,FALSE
8411,-0.6359876073542985,17.45718324192722,-0.7539614798754553,0.47133216795143973,0.7101925026329113,-5.8754121469573715,miscanthus_floridulus_15wks vs miscanthus_sacchariflorus_4x_15wks,FALSE
837,1.8383191552073868,18.71781409528036,0.7538490078883294,0.47139623161338884,0.7101925026329113,-5.875496936256969,miscanthus_floridulus_15wks vs miscanthus_sacchariflorus_4x_15wks,FALSE
4119,-1.615914375641168,20.320566671152413,-0.7532563450087688,0.47173390438809704,0.7102505279012382,-5.875943545787076,miscanthus_floridulus_15wks vs miscanthus_sacchariflorus_4x_15wks,FALSE
7083,-0.8109226682651034,17.640304416611944,-0.7529448834517743,0.4719114245786751,0.7102505279012382,-5.8761781297702775,miscanthus_floridulus_15wks vs miscanthus_sacchariflorus_4x_15wks,FALSE
23785,0.5505679883310926,16.72039704867421,0.7512911692297192,0.4728547039575345,0.7113109630456601,-5.877422248229286,miscanthus_floridulus_15wks vs miscanthus_sacchariflorus_4x_15wks,FALSE
732,0.38304541898821043,25.81228051944964,0.7503493219971568,0.47339248355747754,0.7117527007806572,-5.8781297538147355,miscanthus_floridulus_15wks vs miscanthus_sacchariflorus_4x_15wks,FALSE
2080,0.6351663257176554,16.514611052050476,0.7499404934187238,0.4736260421637729,0.7117527007806572,-5.878436621290917,miscanthus_floridulus_15wks vs miscanthus_sacchariflorus_4x_15wks,FALSE
3228,-1.00471983213329,19.947952269265897,-0.7494237361816471,0.47392136649502636,0.7117574002240616,-5.878824292097237,miscanthus_floridulus_15wks vs miscanthus_sacchariflorus_4x_15wks,FALSE
4482,-1.0504225153939792,19.45788765775756,-0.7490992696900344,0.4741068588740813,0.7117574002240616,-5.879067587770428,miscanthus_floridulus_15wks vs miscanthus_sacchariflorus_4x_15wks,FALSE
7542,0.845931404413097,18.004130589244955,0.7476609622714846,0.4749296858456955,0.7126336675831685,-5.880144974181386,miscanthus_floridulus_15wks vs miscanthus_sacchariflorus_4x_15wks,FALSE
6714,-1.0272466280900474,18.014654796932433,-0.746421862202854,0.47563929489504575,0.7130295892149817,-5.881071695987806,miscanthus_floridulus_15wks vs miscanthus_sacchariflorus_4x_15wks,FALSE
23367,0.5893999420531664,16.69399459975669,0.7463646281853276,0.47567208837563213,0.7130295892149817,-5.881114468919116,miscanthus_floridulus_15wks vs miscanthus_sacchariflorus_4x_15wks,FALSE
2253,1.14495947073139,17.472520456256944,0.7457332896993135,0.47603392506648845,0.7132132210649249,-5.881586100137616,miscanthus_floridulus_15wks vs miscanthus_sacchariflorus_4x_15wks,FALSE
4989,0.716990334110104,17.12567487606424,0.744223430621903,0.47689998998929717,0.7138030826328938,-5.882712605836449,miscanthus_floridulus_15wks vs miscanthus_sacchariflorus_4x_15wks,FALSE
2729,0.4155747154905498,21.778431638276118,0.7442117562900585,0.47690669044365486,0.7138030826328938,-5.882721308303313,miscanthus_floridulus_15wks vs miscanthus_sacchariflorus_4x_15wks,FALSE
4160,-0.7044245207858495,17.822369366381924,-0.7392335539224605,0.4797694816563782,0.7173390548500237,-5.886421387309968,miscanthus_floridulus_15wks vs miscanthus_sacchariflorus_4x_15wks,FALSE
1790,-0.9621046432503526,18.42576973404275,-0.7391345966409772,0.4798265010114179,0.7173390548500237,-5.886494718212619,miscanthus_floridulus_15wks vs miscanthus_sacchariflorus_4x_15wks,FALSE
843,1.6129947591777096,22.0639542768603,0.7388486293763287,0.47999130046004945,0.7173390548500237,-5.886706582055181,miscanthus_floridulus_15wks vs miscanthus_sacchariflorus_4x_15wks,FALSE
7460,0.7424221269282363,16.683683244633944,0.7372909770756814,0.48088959864861314,0.7181524435882449,-5.887859338585643,miscanthus_floridulus_15wks vs miscanthus_sacchariflorus_4x_15wks,FALSE
11936,-0.46340470964209857,17.17135156846427,-0.7370692744556904,0.48101754275239494,0.7181524435882449,-5.8880232390883664,miscanthus_floridulus_15wks vs miscanthus_sacchariflorus_4x_15wks,FALSE
557,0.8032939697296513,17.22204050039302,0.7362820819999651,0.48147200729922546,0.7184709973719038,-5.888604847372546,miscanthus_floridulus_15wks vs miscanthus_sacchariflorus_4x_15wks,FALSE
13228,0.5587457270086595,16.73397667330612,0.7356740953509804,0.48182320167373127,0.7186352056995591,-5.889053679639119,miscanthus_floridulus_15wks vs miscanthus_sacchariflorus_4x_15wks,FALSE
6435,-0.6229176989331897,19.731818909280815,-0.7334688675011294,0.4830984038275683,0.7200654122367964,-5.890678917621351,miscanthus_floridulus_15wks vs miscanthus_sacchariflorus_4x_15wks,FALSE
16927,-0.8091447999244501,17.498461002484245,-0.7331803951588909,0.48326537734013186,0.7200654122367964,-5.890891204074881,miscanthus_floridulus_15wks vs miscanthus_sacchariflorus_4x_15wks,FALSE
21501,-0.433717666904041,16.975209567349122,-0.7324245049156649,0.4837030777270894,0.7200825044243394,-5.891447116148653,miscanthus_floridulus_15wks vs miscanthus_sacchariflorus_4x_15wks,FALSE
4349,0.6285146785102604,18.012614768507078,0.7322053866223627,0.4838300064514456,0.7200825044243394,-5.891608170713439,miscanthus_floridulus_15wks vs miscanthus_sacchariflorus_4x_15wks,FALSE
2828,1.2842015870540138,17.75828291176098,0.7309438890513721,0.48456117105807817,0.7200825044243394,-5.892534565795001,miscanthus_floridulus_15wks vs miscanthus_sacchariflorus_4x_15wks,FALSE
846,1.4752845915547077,20.336428479468545,0.7309280576800851,0.4845703514369172,0.7200825044243394,-5.892546182854562,miscanthus_floridulus_15wks vs miscanthus_sacchariflorus_4x_15wks,FALSE
128,-0.34637108361187074,26.78628813629587,-0.7303518531051089,0.48490456000910187,0.7200825044243394,-5.892968851761934,miscanthus_floridulus_15wks vs miscanthus_sacchariflorus_4x_15wks,FALSE
9394,0.9524995474320299,17.356796483106596,0.7301785110442177,0.48500513034382453,0.7200825044243394,-5.893095947905536,miscanthus_floridulus_15wks vs miscanthus_sacchariflorus_4x_15wks,FALSE
2428,-1.5835538035162209,17.899953912488233,-0.7300380580831173,0.48508662876149067,0.7200825044243394,-5.893198910046883,miscanthus_floridulus_15wks vs miscanthus_sacchariflorus_4x_15wks,FALSE
1692,-1.2057510263092865,18.080610191917504,-0.7298255468571663,0.48520995600136696,0.7200825044243394,-5.893354663097165,miscanthus_floridulus_15wks vs miscanthus_sacchariflorus_4x_15wks,FALSE
3873,0.8953367371361196,17.454602680350355,0.7278300258166827,0.4863690037721764,0.7214206586130681,-5.894815275208985,miscanthus_floridulus_15wks vs miscanthus_sacchariflorus_4x_15wks,FALSE
38,-0.36158544017203553,27.330832287455546,-0.7274398867850211,0.48659581335982116,0.7214206586130681,-5.895100425879241,miscanthus_floridulus_15wks vs miscanthus_sacchariflorus_4x_15wks,FALSE
4195,-0.9670169854795958,20.427560068658167,-0.7267834364891724,0.4869775974434265,0.7216276680166142,-5.895579919510083,miscanthus_floridulus_15wks vs miscanthus_sacchariflorus_4x_15wks,FALSE
7033,-0.8594719369001496,17.437559667246386,-0.7261408484760331,0.4873515051049935,0.7218228057718094,-5.896048919873068,miscanthus_floridulus_15wks vs miscanthus_sacchariflorus_4x_15wks,FALSE
23293,0.5630791517635068,17.01049572310675,0.7252818520055738,0.48785162292162443,0.7222045883290814,-5.8966752999535235,miscanthus_floridulus_15wks vs miscanthus_sacchariflorus_4x_15wks,FALSE
453,1.2949886029246045,22.994492747281566,0.7240780975486558,0.4885530149356371,0.7227254734104549,-5.897551982537956,miscanthus_floridulus_15wks vs miscanthus_sacchariflorus_4x_15wks,FALSE
16559,-0.7183245620194008,17.22698326940549,-0.7238456435318016,0.48868853319532435,0.7227254734104549,-5.897721129241899,miscanthus_floridulus_15wks vs miscanthus_sacchariflorus_4x_15wks,FALSE
7074,0.9350882354680117,17.54425048621204,0.7231637280158478,0.48908622134110324,0.7227672675945529,-5.898217054407659,miscanthus_floridulus_15wks vs miscanthus_sacchariflorus_4x_15wks,FALSE
4703,1.261532619498965,18.84889963759364,0.7221899090927071,0.48965450355828677,0.7227672675945529,-5.89892455541299,miscanthus_floridulus_15wks vs miscanthus_sacchariflorus_4x_15wks,FALSE
23073,-0.5718008835223074,17.125456019621165,-0.7220637950726783,0.48972812951651046,0.7227672675945529,-5.8990161187821055,miscanthus_floridulus_15wks vs miscanthus_sacchariflorus_4x_15wks,FALSE
4192,0.7215099679678225,16.874400180323846,0.7220157630139714,0.4897561727154375,0.7227672675945529,-5.8990509881105,miscanthus_floridulus_15wks vs miscanthus_sacchariflorus_4x_15wks,FALSE
22597,0.4216588587105399,16.676339848477376,0.7211948086142351,0.49023563985882435,0.7227672675945529,-5.8996466525800075,miscanthus_floridulus_15wks vs miscanthus_sacchariflorus_4x_15wks,FALSE
2069,-1.0189780500713077,19.1074162297097,-0.720749491714077,0.4904958462274811,0.7227672675945529,-5.89996951448065,miscanthus_floridulus_15wks vs miscanthus_sacchariflorus_4x_15wks,FALSE
11,1.2378312438640506,17.394879069029738,0.7205631692249932,0.49060474379474495,0.7227672675945529,-5.900104549258966,miscanthus_floridulus_15wks vs miscanthus_sacchariflorus_4x_15wks,FALSE
318,1.6209151202960044,20.93213666838151,0.7203847576227418,0.4907090322222153,0.7227672675945529,-5.900233821960351,miscanthus_floridulus_15wks vs miscanthus_sacchariflorus_4x_15wks,FALSE
3198,-0.5251337248872616,17.616026352350094,-0.720058724596663,0.49089964752059567,0.7227672675945529,-5.900469984838654,miscanthus_floridulus_15wks vs miscanthus_sacchariflorus_4x_15wks,FALSE
1720,-0.6288212495504304,22.15277258887874,-0.7194401140278995,0.4912614479698465,0.7229427728148853,-5.9009178186253495,miscanthus_floridulus_15wks vs miscanthus_sacchariflorus_4x_15wks,FALSE
4338,-1.001245335681208,18.210283574925025,-0.7179702507011501,0.49212179253513044,0.7238514026429855,-5.901980545993862,miscanthus_floridulus_15wks vs miscanthus_sacchariflorus_4x_15wks,FALSE
9299,0.8623901027993384,17.705584571234613,0.7175501483191715,0.4923678640158644,0.723856060565997,-5.902283933245603,miscanthus_floridulus_15wks vs miscanthus_sacchariflorus_4x_15wks,FALSE
3516,-0.4448343437000766,22.396590275682044,-0.7165460220751646,0.4929563394225337,0.7243139118814331,-5.9030084544202,miscanthus_floridulus_15wks vs miscanthus_sacchariflorus_4x_15wks,FALSE
22921,0.5378353968536267,16.935830814469398,0.7154726529962978,0.4935858888696637,0.7243139118814331,-5.903781949499221,miscanthus_floridulus_15wks vs miscanthus_sacchariflorus_4x_15wks,FALSE
634,-1.6707525487109152,20.685583635891646,-0.7148436759103128,0.49395503175504263,0.7243139118814331,-5.904234730670078,miscanthus_floridulus_15wks vs miscanthus_sacchariflorus_4x_15wks,FALSE
3114,-0.5654084635716465,17.39880485567302,-0.7147439040110574,0.4940136033737388,0.7243139118814331,-5.904306521142792,miscanthus_floridulus_15wks vs miscanthus_sacchariflorus_4x_15wks,FALSE
231,1.3531301663860908,20.93563074757081,0.7145441710166841,0.4941308709143456,0.7243139118814331,-5.9044502116977755,miscanthus_floridulus_15wks vs miscanthus_sacchariflorus_4x_15wks,FALSE
20207,-0.3834050821486059,17.5848117084953,-0.7145326337123226,0.49413764525334014,0.7243139118814331,-5.904458510706082,miscanthus_floridulus_15wks vs miscanthus_sacchariflorus_4x_15wks,FALSE
1018,1.5724602320128263,21.370889685686613,0.7137595939254633,0.4945916838401899,0.7246230176223037,-5.905014304322691,miscanthus_floridulus_15wks vs miscanthus_sacchariflorus_4x_15wks,FALSE
1393,-0.6503350864576589,23.897831932081246,-0.7086108720827734,0.49762248095823103,0.728705156390923,-5.90870255229391,miscanthus_floridulus_15wks vs miscanthus_sacchariflorus_4x_15wks,FALSE
2634,0.7886737451230559,17.374777660880465,0.7078455990172805,0.4980739582467344,0.7290080528365759,-5.909248738181947,miscanthus_floridulus_15wks vs miscanthus_sacchariflorus_4x_15wks,FALSE
117,-2.3878186873600313,22.49595962447711,-0.7068327385954837,0.4986718982134024,0.7295249173666859,-5.9099708290728366,miscanthus_floridulus_15wks vs miscanthus_sacchariflorus_4x_15wks,FALSE
13815,0.3532027324049807,19.233108254074725,0.7062237688417061,0.4990316198600109,0.7296929475872583,-5.910404537547557,miscanthus_floridulus_15wks vs miscanthus_sacchariflorus_4x_15wks,FALSE
130,2.121840469294881,19.580188279417367,0.7057259463074113,0.49932580764448486,0.7297650352038082,-5.910758841539379,miscanthus_floridulus_15wks vs miscanthus_sacchariflorus_4x_15wks,FALSE
20266,0.6351549552573381,17.292946450630172,0.7033381843768862,0.5007383704707202,0.7314707568640912,-5.91245515892211,miscanthus_floridulus_15wks vs miscanthus_sacchariflorus_4x_15wks,FALSE
19697,0.6774173704682838,17.232694059485038,0.7019724625062571,0.5015474381330203,0.7320550535339263,-5.913423110963905,miscanthus_floridulus_15wks vs miscanthus_sacchariflorus_4x_15wks,FALSE
2031,1.1070997156570144,21.74949319166833,0.7018337294477535,0.5016296709115026,0.7320550535339263,-5.9135213445370365,miscanthus_floridulus_15wks vs miscanthus_sacchariflorus_4x_15wks,FALSE
2834,1.0822594118931192,17.898665135914108,0.7001945261410403,0.5026019344199208,0.733114911684466,-5.914680724044749,miscanthus_floridulus_15wks vs miscanthus_sacchariflorus_4x_15wks,FALSE
3528,0.6447427253896088,17.481926455167446,0.6993648102628812,0.5030945151812234,0.7334743910176349,-5.915266652334208,miscanthus_floridulus_15wks vs miscanthus_sacchariflorus_4x_15wks,FALSE
400,1.382349276441019,18.271952678369303,0.6986558342686432,0.5035156552829014,0.733729414544277,-5.915766829026698,miscanthus_floridulus_15wks vs miscanthus_sacchariflorus_4x_15wks,FALSE
791,-0.3907372992742282,23.741510237920146,-0.6978713323918069,0.503981915739748,0.734049906600415,-5.916319764735034,miscanthus_floridulus_15wks vs miscanthus_sacchariflorus_4x_15wks,FALSE
1838,-0.6709373480145864,23.474652336214124,-0.6957237457255241,0.5052596921532146,0.7355514814931997,-5.917830617980261,miscanthus_floridulus_15wks vs miscanthus_sacchariflorus_4x_15wks,FALSE
6483,-0.6962469984785145,17.405496423410415,-0.6944262314162817,0.5060326698866111,0.736317068487354,-5.91874143365455,miscanthus_floridulus_15wks vs miscanthus_sacchariflorus_4x_15wks,FALSE
137,-1.2653223088429826,20.725804014665002,-0.6925995156852268,0.5071221619872333,0.7375422365651317,-5.920021175170113,miscanthus_floridulus_15wks vs miscanthus_sacchariflorus_4x_15wks,FALSE
16690,0.5604250009387819,17.463578091020125,0.6903222534918455,0.5084824133999872,0.7390795148002846,-5.921612363881711,miscanthus_floridulus_15wks vs miscanthus_sacchariflorus_4x_15wks,FALSE
1452,-0.3498212716108213,21.361261183000167,-0.6899998130942493,0.5086751962601959,0.7390795148002846,-5.921837286010243,miscanthus_floridulus_15wks vs miscanthus_sacchariflorus_4x_15wks,FALSE
24197,0.4788739998208129,16.81368546565373,0.6892037071239447,0.5091513719712999,0.7392109990531338,-5.922392219241115,miscanthus_floridulus_15wks vs miscanthus_sacchariflorus_4x_15wks,FALSE
486,1.4438850129777414,18.582309993221074,0.6885992644682711,0.5095130927004375,0.7392109990531338,-5.922813171414356,miscanthus_floridulus_15wks vs miscanthus_sacchariflorus_4x_15wks,FALSE
1223,1.3104460317458368,18.228694579429934,0.6885514600647703,0.5095417074194583,0.7392109990531338,-5.922846449837369,miscanthus_floridulus_15wks vs miscanthus_sacchariflorus_4x_15wks,FALSE
100,1.1346279320612176,18.34609669471657,0.6880768514623176,0.5098258523301389,0.7392109990531338,-5.923176731096099,miscanthus_floridulus_15wks vs miscanthus_sacchariflorus_4x_15wks,FALSE
9367,0.5563489767880228,17.562445038981327,0.687776071894956,0.5100059778702158,0.7392109990531338,-5.92338593947741,miscanthus_floridulus_15wks vs miscanthus_sacchariflorus_4x_15wks,FALSE
735,0.7241871766940733,17.04836961747662,0.6872472061072146,0.5103227913435748,0.7393106068079013,-5.923753596824707,miscanthus_floridulus_15wks vs miscanthus_sacchariflorus_4x_15wks,FALSE
3419,1.2890626021268652,18.542058021264253,0.6866850945758073,0.5106596541712565,0.7393741971826451,-5.9241440901822315,miscanthus_floridulus_15wks vs miscanthus_sacchariflorus_4x_15wks,FALSE
635,-1.1796764158166724,19.744919126138985,-0.6863460395236616,0.5108629100668007,0.7393741971826451,-5.924379490951831,miscanthus_floridulus_15wks vs miscanthus_sacchariflorus_4x_15wks,FALSE
4145,-1.38772939064064,20.515987950117758,-0.6858261123103061,0.5111746920919076,0.7394663021523712,-5.924740267567974,miscanthus_floridulus_15wks vs miscanthus_sacchariflorus_4x_15wks,FALSE
10439,0.5133995260402031,16.850412349080443,0.6852367956447524,0.5115282269435726,0.7396186881571307,-5.92514889921385,miscanthus_floridulus_15wks vs miscanthus_sacchariflorus_4x_15wks,FALSE
1910,1.678163739740313,18.541106557492473,0.6847021567029057,0.5118490911537402,0.7397237107847457,-5.925519346862643,miscanthus_floridulus_15wks vs miscanthus_sacchariflorus_4x_15wks,FALSE
6670,1.0921740270068092,18.26715012284754,0.6831472280324867,0.5127829907640651,0.7401109953529331,-5.926595282932334,miscanthus_floridulus_15wks vs miscanthus_sacchariflorus_4x_15wks,FALSE
3152,1.3428072389139274,17.98592877562443,0.6827168103383603,0.51304168817239,0.7401109953529331,-5.926892726316106,miscanthus_floridulus_15wks vs miscanthus_sacchariflorus_4x_15wks,FALSE
754,0.6985098178448794,17.819104655772122,0.6823315253192809,0.5132733274738399,0.7401109953529331,-5.927158838767271,miscanthus_floridulus_15wks vs miscanthus_sacchariflorus_4x_15wks,FALSE
7760,0.4163263890075335,16.98463763673268,0.6818431877201862,0.5135670163335792,0.7401109953529331,-5.9274959362507715,miscanthus_floridulus_15wks vs miscanthus_sacchariflorus_4x_15wks,FALSE
12924,-1.0859206517933337,18.586863109983984,-0.6817226215282961,0.5136395414484942,0.7401109953529331,-5.927579129505765,miscanthus_floridulus_15wks vs miscanthus_sacchariflorus_4x_15wks,FALSE
1,-0.7858876041714993,28.00824715970737,-0.6816568764621261,0.5136790922495029,0.7401109953529331,-5.927624489485823,miscanthus_floridulus_15wks vs miscanthus_sacchariflorus_4x_15wks,FALSE
24175,-0.3445947826002538,16.376742890653706,-0.6813635282516542,0.5138555870420197,0.7401109953529331,-5.927826833879454,miscanthus_floridulus_15wks vs miscanthus_sacchariflorus_4x_15wks,FALSE
9166,-0.8608703695886852,18.831711208332425,-0.6802196967911216,0.5145441375787443,0.7407249600522804,-5.928615079156278,miscanthus_floridulus_15wks vs miscanthus_sacchariflorus_4x_15wks,FALSE
758,-0.681377780324965,21.63327862834412,-0.6793583625143518,0.5150630087709547,0.7407249600522804,-5.929207868537839,miscanthus_floridulus_15wks vs miscanthus_sacchariflorus_4x_15wks,FALSE
3094,1.3513907461021866,18.19581511847127,0.6789427556700821,0.5153134871807757,0.7407249600522804,-5.929493658802935,miscanthus_floridulus_15wks vs miscanthus_sacchariflorus_4x_15wks,FALSE
9103,0.5043863573597989,16.737608878999083,0.6788712333793694,0.515356599877466,0.7407249600522804,-5.929542825066635,miscanthus_floridulus_15wks vs miscanthus_sacchariflorus_4x_15wks,FALSE
4502,0.5719613558550982,16.887055146411406,0.6785924185870094,0.5155246869625603,0.7407249600522804,-5.92973444541737,miscanthus_floridulus_15wks vs miscanthus_sacchariflorus_4x_15wks,FALSE
6440,0.41538146967887357,16.56015143095478,0.6777529885977286,0.5160309517491823,0.7409082261110298,-5.930310934363267,miscanthus_floridulus_15wks vs miscanthus_sacchariflorus_4x_15wks,FALSE
8267,0.5459422556559304,17.520725210844432,0.6769960365575352,0.5164877356558866,0.7409082261110298,-5.930830234539135,miscanthus_floridulus_15wks vs miscanthus_sacchariflorus_4x_15wks,FALSE
45,0.9552627785760599,19.774299563116166,0.6768632788901653,0.5165678740829978,0.7409082261110298,-5.930921258362563,miscanthus_floridulus_15wks vs miscanthus_sacchariflorus_4x_15wks,FALSE
549,-0.6865045639224405,21.087932344330028,-0.676388212246037,0.5168547079922816,0.7409082261110298,-5.931246851998827,miscanthus_floridulus_15wks vs miscanthus_sacchariflorus_4x_15wks,FALSE
17324,-0.4099351323925404,17.41673439282148,-0.6762726972466906,0.5169244679750769,0.7409082261110298,-5.93132599099,miscanthus_floridulus_15wks vs miscanthus_sacchariflorus_4x_15wks,FALSE
8618,0.8924110351280277,17.383614684417818,0.67588373494601,0.517159406413348,0.7409082261110298,-5.931592379199656,miscanthus_floridulus_15wks vs miscanthus_sacchariflorus_4x_15wks,FALSE
1508,1.4877672534334678,19.09979124353179,0.6754977294853748,0.517392623670152,0.7409082261110298,-5.9318566070648355,miscanthus_floridulus_15wks vs miscanthus_sacchariflorus_4x_15wks,FALSE
1562,-0.8016525767047966,17.564692706467703,-0.6745704525926933,0.5179531306305587,0.7412048575105156,-5.932490794286132,miscanthus_floridulus_15wks vs miscanthus_sacchariflorus_4x_15wks,FALSE
227,1.4651462292334436,18.290640144767856,0.6743321757824811,0.5180972208706054,0.7412048575105156,-5.932653631914999,miscanthus_floridulus_15wks vs miscanthus_sacchariflorus_4x_15wks,FALSE
4213,1.1163869952756613,18.28319835901833,0.6735787614727242,0.5185529856020804,0.7412245447136506,-5.933168174691055,miscanthus_floridulus_15wks vs miscanthus_sacchariflorus_4x_15wks,FALSE
15119,0.3693891428396121,17.067834322753015,0.6729539281478246,0.5189311537869423,0.7412245447136506,-5.93359451341342,miscanthus_floridulus_15wks vs miscanthus_sacchariflorus_4x_15wks,FALSE
65,-0.9596708078054128,18.678218849606317,-0.6728741365568589,0.5189794582478198,0.7412245447136506,-5.933648931661057,miscanthus_floridulus_15wks vs miscanthus_sacchariflorus_4x_15wks,FALSE
5223,0.399845030078545,16.931211649326453,0.672504699740017,0.5192031448374784,0.7412245447136506,-5.933900814164686,miscanthus_floridulus_15wks vs miscanthus_sacchariflorus_4x_15wks,FALSE
23018,-0.34464623245713355,16.719893071575356,-0.6722118730296536,0.5193804874579593,0.7412245447136506,-5.934100375941767,miscanthus_floridulus_15wks vs miscanthus_sacchariflorus_4x_15wks,FALSE
8234,0.4617932436262677,16.90867283555813,0.6718439205723375,0.519603380505643,0.7412245447136506,-5.93435102584432,miscanthus_floridulus_15wks vs miscanthus_sacchariflorus_4x_15wks,FALSE
5899,1.0920094788834334,17.730713771899126,0.6700449892501504,0.5206939536457884,0.7424248717054781,-5.9355746942575225,miscanthus_floridulus_15wks vs miscanthus_sacchariflorus_4x_15wks,FALSE
3231,-1.0746085393375218,18.21081506208894,-0.6692765549991202,0.5211602303692295,0.742710650680081,-5.936096503615156,miscanthus_floridulus_15wks vs miscanthus_sacchariflorus_4x_15wks,FALSE
2131,0.3444121685446788,20.542993337456164,0.6688933561509044,0.5213928460478958,0.742710650680081,-5.936356516594001,miscanthus_floridulus_15wks vs miscanthus_sacchariflorus_4x_15wks,FALSE
7868,-0.6149240867522607,20.161523743698496,-0.6667482963284347,0.5226961446618084,0.7435225169315071,-5.937809547964234,miscanthus_floridulus_15wks vs miscanthus_sacchariflorus_4x_15wks,FALSE
21584,0.526427941304668,17.11724490565776,0.6666928581487368,0.5227298541553496,0.7435225169315071,-5.937847045551608,miscanthus_floridulus_15wks vs miscanthus_sacchariflorus_4x_15wks,FALSE
23755,0.46734739805142667,17.017642668025708,0.6662202400461144,0.5230172859592855,0.7435225169315071,-5.938166604243078,miscanthus_floridulus_15wks vs miscanthus_sacchariflorus_4x_15wks,FALSE
5415,-1.2032293984131215,19.970898823749955,-0.6649788526283786,0.5237727176086647,0.7435225169315071,-5.939004995939139,miscanthus_floridulus_15wks vs miscanthus_sacchariflorus_4x_15wks,FALSE
12140,-0.5890437060604512,17.17885482735076,-0.6638443541399194,0.5244636830738794,0.7435225169315071,-5.939769972779572,miscanthus_floridulus_15wks vs miscanthus_sacchariflorus_4x_15wks,FALSE
928,-0.6140895501946986,23.28527357198239,-0.6637427952274125,0.524525564443062,0.7435225169315071,-5.939838395464052,miscanthus_floridulus_15wks vs miscanthus_sacchariflorus_4x_15wks,FALSE
23319,0.49655838955156995,16.87245241368325,0.6634477691886024,0.5247053533815321,0.7435225169315071,-5.940037108372741,miscanthus_floridulus_15wks vs miscanthus_sacchariflorus_4x_15wks,FALSE
12599,-0.8130716902555122,17.760933127042147,-0.6633301647785506,0.5247770319654563,0.7435225169315071,-5.940116297991966,miscanthus_floridulus_15wks vs miscanthus_sacchariflorus_4x_15wks,FALSE
16380,0.4592405498704828,16.85149965861301,0.6628636448463365,0.5250614292409339,0.7435225169315071,-5.940430307905367,miscanthus_floridulus_15wks vs miscanthus_sacchariflorus_4x_15wks,FALSE
13892,-0.48137524135298193,16.77376910888729,-0.6620591790983783,0.525552062773581,0.7435225169315071,-5.940971320342246,miscanthus_floridulus_15wks vs miscanthus_sacchariflorus_4x_15wks,FALSE
1912,0.9216538317578049,18.20275529232178,0.6617043143749127,0.525768578636093,0.7435225169315071,-5.941209783611884,miscanthus_floridulus_15wks vs miscanthus_sacchariflorus_4x_15wks,FALSE
2289,-1.2584008862048321,19.245869310366107,-0.6616481679679694,0.5258028405527744,0.7435225169315071,-5.941247502566206,miscanthus_floridulus_15wks vs miscanthus_sacchariflorus_4x_15wks,FALSE
5868,-0.8452437691620496,17.2117355473712,-0.6615763838291752,0.5258466469686272,0.7435225169315071,-5.941295722709959,miscanthus_floridulus_15wks vs miscanthus_sacchariflorus_4x_15wks,FALSE
1687,-1.3360811392557395,20.405722208595915,-0.6614831938688751,0.5259035196299602,0.7435225169315071,-5.941358314958035,miscanthus_floridulus_15wks vs miscanthus_sacchariflorus_4x_15wks,FALSE
10192,0.7448592059340591,17.441468080420506,0.661129430609287,0.5261194508319453,0.7435225169315071,-5.941595852626434,miscanthus_floridulus_15wks vs miscanthus_sacchariflorus_4x_15wks,FALSE
3447,-0.6192109355135926,20.53044773011677,-0.6610215981285128,0.5261852806627534,0.7435225169315071,-5.941668235085038,miscanthus_floridulus_15wks vs miscanthus_sacchariflorus_4x_15wks,FALSE
1631,-1.1933145489989734,17.741475061242458,-0.6609903492927164,0.5262043584592444,0.7435225169315071,-5.94168920885876,miscanthus_floridulus_15wks vs miscanthus_sacchariflorus_4x_15wks,FALSE
963,1.648316460123418,21.08135756799935,0.6595055626630085,0.5271113216363777,0.7442822617420196,-5.9426847507200735,miscanthus_floridulus_15wks vs miscanthus_sacchariflorus_4x_15wks,FALSE
1154,-1.7995324044715808,20.5172923711659,-0.6592924736702511,0.5272415619253031,0.7442822617420196,-5.942827460883306,miscanthus_floridulus_15wks vs miscanthus_sacchariflorus_4x_15wks,FALSE
5154,-0.8483401743225834,20.4554290795221,-0.6580958632682447,0.5279732932843626,0.7446782654269388,-5.943628086657131,miscanthus_floridulus_15wks vs miscanthus_sacchariflorus_4x_15wks,FALSE
745,-1.5076331528112412,20.602460167331458,-0.657996229823836,0.5280342471382242,0.7446782654269388,-5.943694690297256,miscanthus_floridulus_15wks vs miscanthus_sacchariflorus_4x_15wks,FALSE
22745,0.40417939909066547,16.665071457212044,0.6573496071764633,0.5284299419319662,0.7446782654269388,-5.94412672880154,miscanthus_floridulus_15wks vs miscanthus_sacchariflorus_4x_15wks,FALSE
4102,0.6036804816968981,17.592246813823408,0.6569966154495823,0.5286460275027933,0.7446782654269388,-5.944362417868101,miscanthus_floridulus_15wks vs miscanthus_sacchariflorus_4x_15wks,FALSE
4764,-0.8923878145269839,18.626111013944346,-0.6567916103016372,0.5287715468602022,0.7446782654269388,-5.944499245550841,miscanthus_floridulus_15wks vs miscanthus_sacchariflorus_4x_15wks,FALSE
172,-0.3051884117326189,27.081500447439645,-0.6540217337159573,0.530469232618434,0.7464944731284664,-5.946344195770781,miscanthus_floridulus_15wks vs miscanthus_sacchariflorus_4x_15wks,FALSE
6463,-1.0378639166468915,18.26333632838819,-0.6538702400135135,0.5305621792235208,0.7464944731284664,-5.946444899966369,miscanthus_floridulus_15wks vs miscanthus_sacchariflorus_4x_15wks,FALSE
616,-0.7758277094001045,18.448461417847053,-0.6533571670788911,0.5308770399398194,0.7465849830206049,-5.946785805100278,miscanthus_floridulus_15wks vs miscanthus_sacchariflorus_4x_15wks,FALSE
23863,0.31002710042281123,17.10835924139291,0.6525350317420225,0.5313817992188073,0.7469423404113424,-5.947331561037304,miscanthus_floridulus_15wks vs miscanthus_sacchariflorus_4x_15wks,FALSE
4392,-0.9529172213820445,19.156158601981296,-0.6483836328977406,0.5339349984821055,0.7494943176981951,-5.950077922996927,miscanthus_floridulus_15wks vs miscanthus_sacchariflorus_4x_15wks,FALSE
109,0.3270915528642284,24.703826427035864,0.6481053381185921,0.5341064181841033,0.7494943176981951,-5.950261464472268,miscanthus_floridulus_15wks vs miscanthus_sacchariflorus_4x_15wks,FALSE
2452,-1.014027933264483,21.544060491795832,-0.6473546696227702,0.5345689675646506,0.7494943176981951,-5.9507561925946,miscanthus_floridulus_15wks vs miscanthus_sacchariflorus_4x_15wks,FALSE
252,1.4460105127825926,21.20775918164128,0.6472634111166788,0.5346252158639992,0.7494943176981951,-5.950816301287977,miscanthus_floridulus_15wks vs miscanthus_sacchariflorus_4x_15wks,FALSE
13569,0.34984995787114315,16.900009442552353,0.6472056299620478,0.5346608318175217,0.7494943176981951,-5.950854355705487,miscanthus_floridulus_15wks vs miscanthus_sacchariflorus_4x_15wks,FALSE
2867,-1.1998286211203535,19.064210135579565,-0.6471317893305297,0.5347063488007928,0.7494943176981951,-5.950902982367349,miscanthus_floridulus_15wks vs miscanthus_sacchariflorus_4x_15wks,FALSE
21591,0.5444924676117004,16.861977656421562,0.6447774557417645,0.5361588258388226,0.7511769163139123,-5.952450771266136,miscanthus_floridulus_15wks vs miscanthus_sacchariflorus_4x_15wks,FALSE
6154,1.032314320297715,18.74815064570116,0.642691374530556,0.5374477732278711,0.7526289305540675,-5.953817952393044,miscanthus_floridulus_15wks vs miscanthus_sacchariflorus_4x_15wks,FALSE
1497,-1.261958715018416,21.08573672025772,-0.6417082850854353,0.5380558436524928,0.7531265448963967,-5.954460865508187,miscanthus_floridulus_15wks vs miscanthus_sacchariflorus_4x_15wks,FALSE
10683,0.5570556333383436,17.355376069405242,0.6409422894541894,0.5385299186456047,0.7534362242084047,-5.954961189278575,miscanthus_floridulus_15wks vs miscanthus_sacchariflorus_4x_15wks,FALSE
10347,-0.7893749900357356,17.348963815001138,-0.6402874767201542,0.5389353793401788,0.753636533431192,-5.95538846400444,miscanthus_floridulus_15wks vs miscanthus_sacchariflorus_4x_15wks,FALSE
2647,-1.1121066761810887,18.23899500533836,-0.6398943530676926,0.5391788890185575,0.753636533431192,-5.955644793292377,miscanthus_floridulus_15wks vs miscanthus_sacchariflorus_4x_15wks,FALSE
2075,-0.34466440336358417,16.96222521138507,-0.6393233089480018,0.5395327230473699,0.7537775502490213,-5.956016879067625,miscanthus_floridulus_15wks vs miscanthus_sacchariflorus_4x_15wks,FALSE
1676,-1.2836566735347752,21.18596886384894,-0.6381092047845165,0.5402854719982073,0.7544754951052755,-5.9568069775609995,miscanthus_floridulus_15wks vs miscanthus_sacchariflorus_4x_15wks,FALSE
7248,0.5450503633101356,17.171251239852396,0.6355057352541782,0.5419017301170753,0.756378058898775,-5.958496649882323,miscanthus_floridulus_15wks vs miscanthus_sacchariflorus_4x_15wks,FALSE
4534,-0.34392252286560776,16.828531692297346,-0.6339179061295699,0.5428888718977356,0.7572288301800497,-5.95952409501211,miscanthus_floridulus_15wks vs miscanthus_sacchariflorus_4x_15wks,FALSE
12746,0.4627397167702796,16.97976552921574,0.6334857286794692,0.5431577372529118,0.7572288301800497,-5.959803343583833,miscanthus_floridulus_15wks vs miscanthus_sacchariflorus_4x_15wks,FALSE
8019,0.496800362752019,17.330858282736255,0.6332995764634475,0.5432735701090424,0.7572288301800497,-5.959923571465918,miscanthus_floridulus_15wks vs miscanthus_sacchariflorus_4x_15wks,FALSE
5502,-0.4613111606412943,17.260001282193507,-0.6326827670868175,0.5436574827264521,0.7574096767296995,-5.960321714035414,miscanthus_floridulus_15wks vs miscanthus_sacchariflorus_4x_15wks,FALSE
115,1.608293717107422,21.08187456250147,0.6319979155570474,0.544083933370749,0.7576495894602019,-5.960763365305987,miscanthus_floridulus_15wks vs miscanthus_sacchariflorus_4x_15wks,FALSE
17482,0.4051280725131008,16.756257217087164,0.6308288335181913,0.5448123652604681,0.7583095976068168,-5.96151628891279,miscanthus_floridulus_15wks vs miscanthus_sacchariflorus_4x_15wks,FALSE
22547,-0.35149929188063567,16.8856335966619,-0.629849099041709,0.5454232604889923,0.7588054697746017,-5.962146294116971,miscanthus_floridulus_15wks vs miscanthus_sacchariflorus_4x_15wks,FALSE
334,-0.6407031621691601,23.257782247260344,-0.6293152467517907,0.5457563037164779,0.7589145054013552,-5.962489207137982,miscanthus_floridulus_15wks vs miscanthus_sacchariflorus_4x_15wks,FALSE
2881,0.4582892839050352,19.49320958920934,0.6283346132816334,0.5463683823789236,0.7594112777468248,-5.963118417288393,miscanthus_floridulus_15wks vs miscanthus_sacchariflorus_4x_15wks,FALSE
1802,-0.5954994030307823,22.808675262725977,-0.6248477390309245,0.5485480351936958,0.7620853822271392,-5.965348512383305,miscanthus_floridulus_15wks vs miscanthus_sacchariflorus_4x_15wks,FALSE
1171,0.9085469574461591,17.966308702548762,0.6235589641493483,0.5493549382451317,0.7626270500506498,-5.966169920902358,miscanthus_floridulus_15wks vs miscanthus_sacchariflorus_4x_15wks,FALSE
1995,0.8235500633105488,17.147910341091297,0.6234075932809081,0.5494497572009212,0.7626270500506498,-5.966266296978084,miscanthus_floridulus_15wks vs miscanthus_sacchariflorus_4x_15wks,FALSE
1195,-0.46645536929893083,22.856124565196072,-0.6225935215473463,0.549959857082635,0.7628680952787851,-5.966784242497099,miscanthus_floridulus_15wks vs miscanthus_sacchariflorus_4x_15wks,FALSE
6927,-0.35884757011874413,20.07740842825813,-0.6223134495285816,0.5501354150181574,0.7628680952787851,-5.966962293547397,miscanthus_floridulus_15wks vs miscanthus_sacchariflorus_4x_15wks,FALSE
1257,0.8642825401510912,17.77485979736109,0.6212011382240689,0.5508329696214896,0.7634801160335066,-5.967668707976568,miscanthus_floridulus_15wks vs miscanthus_sacchariflorus_4x_15wks,FALSE
530,1.411455728923535,18.74716811115672,0.6183073048260129,0.5526501701054882,0.7655713169914612,-5.969501160818891,miscanthus_floridulus_15wks vs miscanthus_sacchariflorus_4x_15wks,FALSE
1614,0.9523271025318927,18.074019273852258,0.6178974682775134,0.5529078111582255,0.7655713169914612,-5.969760051189154,miscanthus_floridulus_15wks vs miscanthus_sacchariflorus_4x_15wks,FALSE
17422,0.445581322801587,17.258081975394006,0.6175720525062103,0.5531124313700053,0.7655713169914612,-5.969965502416824,miscanthus_floridulus_15wks vs miscanthus_sacchariflorus_4x_15wks,FALSE
1279,-0.3208069032071279,23.876760007568883,-0.6165982732898528,0.5537250028832303,0.7659847801540146,-5.970579709555523,miscanthus_floridulus_15wks vs miscanthus_sacchariflorus_4x_15wks,FALSE
2644,-0.9731529175961988,19.237645712044905,-0.6162801078822843,0.5539252353127186,0.7659847801540146,-5.970780199851702,miscanthus_floridulus_15wks vs miscanthus_sacchariflorus_4x_15wks,FALSE
1784,-0.392347506099167,20.3760787396274,-0.614979036270241,0.5547444815430425,0.7667618529676561,-5.971599083138644,miscanthus_floridulus_15wks vs miscanthus_sacchariflorus_4x_15wks,FALSE
2150,-0.3293667609108937,23.0604706847356,-0.6144953676412809,0.5550492123515803,0.7668273772868379,-5.971903098216622,miscanthus_floridulus_15wks vs miscanthus_sacchariflorus_4x_15wks,FALSE
2333,-0.43315632469442633,22.333294834302606,-0.6130571073678044,0.555955947240798,0.7677241532796932,-5.9728058447847685,miscanthus_floridulus_15wks vs miscanthus_sacchariflorus_4x_15wks,FALSE
23134,0.4477988514213038,16.70466934240126,0.6111833548937611,0.5571385176810725,0.7681772024184607,-5.9739790431819015,miscanthus_floridulus_15wks vs miscanthus_sacchariflorus_4x_15wks,FALSE
197,0.8016927420823876,22.73116832767342,0.6110536563001994,0.5572204273240523,0.7681772024184607,-5.974060129238224,miscanthus_floridulus_15wks vs miscanthus_sacchariflorus_4x_15wks,FALSE
15953,-0.4163029707267647,17.030866478562146,-0.6108157742632127,0.55737067703519,0.7681772024184607,-5.9742088095503725,miscanthus_floridulus_15wks vs miscanthus_sacchariflorus_4x_15wks,FALSE
11739,0.47283603039694455,16.893654566162997,0.6107750185575948,0.557396421270564,0.7681772024184607,-5.97423427726213,miscanthus_floridulus_15wks vs miscanthus_sacchariflorus_4x_15wks,FALSE
4217,0.8784478253050665,20.51692782491063,0.6101908766184964,0.5577654827414027,0.7681772024184607,-5.974599129718144,miscanthus_floridulus_15wks vs miscanthus_sacchariflorus_4x_15wks,FALSE
22403,0.4648990799663224,16.591369963172717,0.6100876860429897,0.5578306932998486,0.7681772024184607,-5.974663549005996,miscanthus_floridulus_15wks vs miscanthus_sacchariflorus_4x_15wks,FALSE
2146,-1.350607295918266,20.345783632867,-0.608183364003569,0.559034905171327,0.7691883276414082,-5.975850585424439,miscanthus_floridulus_15wks vs miscanthus_sacchariflorus_4x_15wks,FALSE
10664,0.6956510611480375,16.726821955512172,0.6077964837373171,0.5592797345259879,0.7691883276414082,-5.976091328806416,miscanthus_floridulus_15wks vs miscanthus_sacchariflorus_4x_15wks,FALSE
7620,-0.6700656946848476,19.271848420884155,-0.6073758098623566,0.5595460194892101,0.7691883276414082,-5.9763529422278365,miscanthus_floridulus_15wks vs miscanthus_sacchariflorus_4x_15wks,FALSE
3683,-0.6832935931366784,21.568707304969223,-0.6072946303525696,0.559597414203548,0.7691883276414082,-5.976403408029123,miscanthus_floridulus_15wks vs miscanthus_sacchariflorus_4x_15wks,FALSE
4808,0.6457538676403942,16.836980498647776,0.6060949356193565,0.5603572568762196,0.7697825740324356,-5.977148488584521,miscanthus_floridulus_15wks vs miscanthus_sacchariflorus_4x_15wks,FALSE
34,0.29125791609036966,22.03631597957909,0.6057964937828467,0.5605463710236191,0.7697825740324356,-5.9773336294696735,miscanthus_floridulus_15wks vs miscanthus_sacchariflorus_4x_15wks,FALSE
2631,0.48136596319476865,16.861387309774173,0.6045819510969634,0.5613163702876918,0.7701465701942255,-5.978086222087113,miscanthus_floridulus_15wks vs miscanthus_sacchariflorus_4x_15wks,FALSE
3874,0.7461810922154193,18.898757032938242,0.6045631328204192,0.5613283055241134,0.7701465701942255,-5.978097871998307,miscanthus_floridulus_15wks vs miscanthus_sacchariflorus_4x_15wks,FALSE
17840,0.5015955859160428,17.30478550092212,0.6029217008490809,0.5623699212331674,0.7712206006787109,-5.979112765462189,miscanthus_floridulus_15wks vs miscanthus_sacchariflorus_4x_15wks,FALSE
1973,-1.0178861827153654,19.42964360425648,-0.6023524050511867,0.5627314418525197,0.7713614060351925,-5.9794641707337135,miscanthus_floridulus_15wks vs miscanthus_sacchariflorus_4x_15wks,FALSE
23434,0.3821453813185194,16.881919014385552,0.601926711383051,0.563001857510519,0.7713772576465961,-5.979726737425725,miscanthus_floridulus_15wks vs miscanthus_sacchariflorus_4x_15wks,FALSE
24139,0.3749242686150964,16.889614109879652,0.6011441809676407,0.563499142305506,0.7715251644565502,-5.9802089573142805,miscanthus_floridulus_15wks vs miscanthus_sacchariflorus_4x_15wks,FALSE
8448,0.39104324851292915,17.131838436165918,0.60069728360013,0.5637832505777145,0.7715251644565502,-5.980484092205106,miscanthus_floridulus_15wks vs miscanthus_sacchariflorus_4x_15wks,FALSE
3346,-0.9240371075148488,19.467868352016225,-0.6002166184973329,0.5640889174902645,0.7715251644565502,-5.9807798075136,miscanthus_floridulus_15wks vs miscanthus_sacchariflorus_4x_15wks,FALSE
975,0.30954029082694134,23.23436721451668,0.6001277934992486,0.564145413876115,0.7715251644565502,-5.980834430823131,miscanthus_floridulus_15wks vs miscanthus_sacchariflorus_4x_15wks,FALSE
7283,0.43538975777762445,16.951450040199237,0.5980094946186738,0.5654936963736918,0.7726295825668638,-5.982134896114744,miscanthus_floridulus_15wks vs miscanthus_sacchariflorus_4x_15wks,FALSE
12439,0.30420792059980784,19.40001487886075,0.5974947391887812,0.5658216116815838,0.7726295825668638,-5.98245027898939,miscanthus_floridulus_15wks vs miscanthus_sacchariflorus_4x_15wks,FALSE
896,0.8675276678454935,19.967809096988592,0.5973018801294536,0.5659444968069505,0.7726295825668638,-5.982568376798186,miscanthus_floridulus_15wks vs miscanthus_sacchariflorus_4x_15wks,FALSE
15420,0.4568059253018646,16.38128384359002,0.5969341271302102,0.5661788622127293,0.7726295825668638,-5.982793474686784,miscanthus_floridulus_15wks vs miscanthus_sacchariflorus_4x_15wks,FALSE
5258,0.5389685326876261,16.877615939046887,0.5968235673912171,0.5662493316530304,0.7726295825668638,-5.982861122368701,miscanthus_floridulus_15wks vs miscanthus_sacchariflorus_4x_15wks,FALSE
3849,0.8818124246783228,18.793344812209615,0.5955657185375256,0.5670514204824808,0.7732201757268634,-5.983629948681551,miscanthus_floridulus_15wks vs miscanthus_sacchariflorus_4x_15wks,FALSE
11431,0.6744394607959023,17.296269420589397,0.5952748092716802,0.5672370156290719,0.7732201757268634,-5.98380754762596,miscanthus_floridulus_15wks vs miscanthus_sacchariflorus_4x_15wks,FALSE
14855,0.562142762096407,16.9941151872467,0.5949244594433987,0.5674605786290773,0.7732201757268634,-5.984021329289212,miscanthus_floridulus_15wks vs miscanthus_sacchariflorus_4x_15wks,FALSE
5660,-0.9326135994715301,19.31963930546729,-0.594313982152049,0.5678502520107287,0.7733975095941369,-5.984393563880915,miscanthus_floridulus_15wks vs miscanthus_sacchariflorus_4x_15wks,FALSE
5234,0.9425310979433021,18.62710695365695,0.5915119742579272,0.5696407457684173,0.7749357611073873,-5.986097576437315,miscanthus_floridulus_15wks vs miscanthus_sacchariflorus_4x_15wks,FALSE
219,0.300703817466367,25.20476238577034,0.5914211593607235,0.5696988302398045,0.7749357611073873,-5.986152681064692,miscanthus_floridulus_15wks vs miscanthus_sacchariflorus_4x_15wks,FALSE
752,0.5042600798048511,17.55662658978131,0.5913258134679219,0.5697598163041226,0.7749357611073873,-5.986210526658257,miscanthus_floridulus_15wks vs miscanthus_sacchariflorus_4x_15wks,FALSE
4470,0.8024801047267616,17.670369528990975,0.5891151946679039,0.5711748282798164,0.7760553329136592,-5.98754929270074,miscanthus_floridulus_15wks vs miscanthus_sacchariflorus_4x_15wks,FALSE
17906,0.5841949088892093,17.28492463833493,0.5887864726604042,0.5713854117457933,0.7760553329136592,-5.987747976072938,miscanthus_floridulus_15wks vs miscanthus_sacchariflorus_4x_15wks,FALSE
21873,-0.3873236082306555,17.08449899260453,-0.588680529900596,0.5714532893449598,0.7760553329136592,-5.9878119874127185,miscanthus_floridulus_15wks vs miscanthus_sacchariflorus_4x_15wks,FALSE
4096,-1.1614368245848823,18.633443962382994,-0.5884131039237305,0.5716246495790208,0.7760553329136592,-5.987973520990148,miscanthus_floridulus_15wks vs miscanthus_sacchariflorus_4x_15wks,FALSE
783,-0.5786155008330418,20.853446460159113,-0.5869742591562048,0.5725471242838858,0.7769537478897904,-5.988841471246456,miscanthus_floridulus_15wks vs miscanthus_sacchariflorus_4x_15wks,FALSE
20422,-0.517797239716355,17.21981445422331,-0.5860825973841384,0.5731192084285914,0.7772803547554129,-5.989378366535278,miscanthus_floridulus_15wks vs miscanthus_sacchariflorus_4x_15wks,FALSE
328,1.4440219571107669,23.66066152971928,0.5857861632971791,0.5733094697155696,0.7772803547554129,-5.989556692013394,miscanthus_floridulus_15wks vs miscanthus_sacchariflorus_4x_15wks,FALSE
8497,-0.5888480513952175,19.08545588404861,-0.5836754865861661,0.5746651983138498,0.7787641159505558,-5.990824012721971,miscanthus_floridulus_15wks vs miscanthus_sacchariflorus_4x_15wks,FALSE
6163,0.6114893463356026,17.30772519617232,0.5820921244953089,0.5756834020231777,0.7797893354677589,-5.991771955739369,miscanthus_floridulus_15wks vs miscanthus_sacchariflorus_4x_15wks,FALSE
162,1.9154832462285185,21.338970523886637,0.5815194837316419,0.576051895519073,0.7799339612207349,-5.9921142070016575,miscanthus_floridulus_15wks vs miscanthus_sacchariflorus_4x_15wks,FALSE
1632,1.2148383061248254,19.78211815582436,0.5802828332345986,0.5768481284187256,0.7806483883563403,-5.992852261075629,miscanthus_floridulus_15wks vs miscanthus_sacchariflorus_4x_15wks,FALSE
10090,0.580739604527821,17.354369911548876,0.579886426826311,0.5771034897815496,0.7806483883563403,-5.993088537224852,miscanthus_floridulus_15wks vs miscanthus_sacchariflorus_4x_15wks,FALSE
1520,0.7446486519062496,20.140158049105544,0.5784575665643661,0.578024472193092,0.7811909967627103,-5.993938969446405,miscanthus_floridulus_15wks vs miscanthus_sacchariflorus_4x_15wks,FALSE
7180,0.7107453593350677,17.86363167314676,0.5778061695972394,0.5784446068274667,0.7811909967627103,-5.9943260284159425,miscanthus_floridulus_15wks vs miscanthus_sacchariflorus_4x_15wks,FALSE
2216,-0.4652730208225151,21.957313748065587,-0.5777785924355684,0.5784623971568019,0.7811909967627103,-5.9943424058596735,miscanthus_floridulus_15wks vs miscanthus_sacchariflorus_4x_15wks,FALSE
103,0.8845801824392083,18.47892486453903,0.5776163561633477,0.5785670637282334,0.7811909967627103,-5.994438739688916,miscanthus_floridulus_15wks vs miscanthus_sacchariflorus_4x_15wks,FALSE
1347,-0.3477398772037361,21.134189962680715,-0.5772315820318548,0.5788153425678068,0.7811909967627103,-5.994667114060274,miscanthus_floridulus_15wks vs miscanthus_sacchariflorus_4x_15wks,FALSE
588,1.645163619950523,22.12874677715947,0.5767682270854555,0.5791144051013715,0.7812408000009448,-5.994941942382914,miscanthus_floridulus_15wks vs miscanthus_sacchariflorus_4x_15wks,FALSE
1272,-1.0864209089489307,20.88750994253477,-0.5758086739110607,0.5797340015779964,0.7817227713585653,-5.995510432898701,miscanthus_floridulus_15wks vs miscanthus_sacchariflorus_4x_15wks,FALSE
2869,-1.1143048891240177,18.849849986416473,-0.5742989641397072,0.5807095874158935,0.7826841114877263,-5.996403100024518,miscanthus_floridulus_15wks vs miscanthus_sacchariflorus_4x_15wks,FALSE
692,0.7082556704101464,21.08355760937244,0.5723175228413742,0.5819913916089712,0.7840571188945452,-5.997571416229613,miscanthus_floridulus_15wks vs miscanthus_sacchariflorus_4x_15wks,FALSE
8761,0.6276873472317384,17.488586468874253,0.5714583728161854,0.582547666841737,0.7841170271500718,-5.998076839162269,miscanthus_floridulus_15wks vs miscanthus_sacchariflorus_4x_15wks,FALSE
10295,0.7299630760871736,18.794435510560824,0.5714360665097639,0.5825621134598185,0.7841170271500718,-5.998089952244956,miscanthus_floridulus_15wks vs miscanthus_sacchariflorus_4x_15wks,FALSE
2916,-0.3364504080267743,22.287974878331426,-0.5706369179678481,0.5830798105694025,0.7843584724861546,-5.998559431710755,miscanthus_floridulus_15wks vs miscanthus_sacchariflorus_4x_15wks,FALSE
14816,-0.3502975456132589,17.68412644544733,-0.5694720992740887,0.5838348481198694,0.7843584724861546,-5.999242647326742,miscanthus_floridulus_15wks vs miscanthus_sacchariflorus_4x_15wks,FALSE
9568,0.8106198109832405,17.922946059644758,0.5693654058406064,0.5839040339770448,0.7843584724861546,-5.999305163148477,miscanthus_floridulus_15wks vs miscanthus_sacchariflorus_4x_15wks,FALSE
32,-1.7768379138295316,21.034001771873328,-0.5693456153187803,0.5839168677313871,0.7843584724861546,-5.999316757994346,miscanthus_floridulus_15wks vs miscanthus_sacchariflorus_4x_15wks,FALSE
16640,0.3833235487543547,16.99763542776098,0.5691287145578895,0.5840575337069722,0.7843584724861546,-5.999443811158552,miscanthus_floridulus_15wks vs miscanthus_sacchariflorus_4x_15wks,FALSE
1082,-0.6620618701396737,22.338462939542975,-0.567878625817924,0.5848686142465962,0.7850939056102958,-6.000175200038216,miscanthus_floridulus_15wks vs miscanthus_sacchariflorus_4x_15wks,FALSE
10341,-0.5835706643320542,17.800588195252804,-0.5667539644256481,0.5855988454226225,0.7857201978205381,-6.000831936204513,miscanthus_floridulus_15wks vs miscanthus_sacchariflorus_4x_15wks,FALSE
5396,0.666429469509584,18.01187655733453,0.5653395960261393,0.5865178923926827,0.7865991536139488,-6.001656137067665,miscanthus_floridulus_15wks vs miscanthus_sacchariflorus_4x_15wks,FALSE
1741,0.422261247731317,21.89963428138155,0.5648518790723924,0.5868349912875485,0.7866022185168439,-6.001939905233878,miscanthus_floridulus_15wks vs miscanthus_sacchariflorus_4x_15wks,FALSE
22387,0.32543796115273693,16.932652718663064,0.5644878623174572,0.5870717253926455,0.7866022185168439,-6.002151553461802,miscanthus_floridulus_15wks vs miscanthus_sacchariflorus_4x_15wks,FALSE
12985,-0.4476369841385406,17.799828503345513,-0.5628562932131889,0.5881334413829122,0.7866022185168439,-6.003098638073851,miscanthus_floridulus_15wks vs miscanthus_sacchariflorus_4x_15wks,FALSE
1517,-1.1230933845316713,19.533565698180325,-0.5627748902329179,0.5881864405475347,0.7866022185168439,-6.003145824066834,miscanthus_floridulus_15wks vs miscanthus_sacchariflorus_4x_15wks,FALSE
2459,-0.7274507172369553,17.969651690567947,-0.5627456605123932,0.5882054718255928,0.7866022185168439,-6.00316276580585,miscanthus_floridulus_15wks vs miscanthus_sacchariflorus_4x_15wks,FALSE
3839,0.5767242333766021,20.335614214820986,0.5623490474146368,0.5884637373413584,0.7866022185168439,-6.003392564951239,miscanthus_floridulus_15wks vs miscanthus_sacchariflorus_4x_15wks,FALSE
3918,1.0173861784830933,18.921102727541577,0.5616861380501492,0.5888955476093631,0.7866022185168439,-6.0037763226662415,miscanthus_floridulus_15wks vs miscanthus_sacchariflorus_4x_15wks,FALSE
11099,0.7324092740320047,17.634006500772234,0.5613793827095319,0.5890954226012683,0.7866022185168439,-6.003953761405651,miscanthus_floridulus_15wks vs miscanthus_sacchariflorus_4x_15wks,FALSE
2485,-1.1468643618752026,19.977006219646235,-0.5613661713504635,0.5891040316640996,0.7866022185168439,-6.003961401335009,miscanthus_floridulus_15wks vs miscanthus_sacchariflorus_4x_15wks,FALSE
6277,-0.46095235246518484,16.811034789493295,-0.5610264168734442,0.5893254532441969,0.7866022185168439,-6.0041578190793565,miscanthus_floridulus_15wks vs miscanthus_sacchariflorus_4x_15wks,FALSE
5485,-0.4975794508296971,18.969271487865377,-0.5608756212350426,0.5894237429356082,0.7866022185168439,-6.00424496131252,miscanthus_floridulus_15wks vs miscanthus_sacchariflorus_4x_15wks,FALSE
15277,0.4045808594514284,17.19587490308749,0.5598873321502037,0.5900681387266086,0.7870057116018726,-6.0048155402465015,miscanthus_floridulus_15wks vs miscanthus_sacchariflorus_4x_15wks,FALSE
9799,0.4985891112021932,17.459247299281806,0.5592005490930883,0.5905161695443466,0.7870057116018726,-6.00521149925363,miscanthus_floridulus_15wks vs miscanthus_sacchariflorus_4x_15wks,FALSE
24257,0.4231647566515484,16.41591480700965,0.5591971620546451,0.590518379577781,0.7870057116018726,-6.0052134509076085,miscanthus_floridulus_15wks vs miscanthus_sacchariflorus_4x_15wks,FALSE
6183,0.87258615992328,19.530291686958343,0.5581712849677669,0.591187969256401,0.7874108746435309,-6.005804070553268,miscanthus_floridulus_15wks vs miscanthus_sacchariflorus_4x_15wks,FALSE
8981,-0.7644838132540528,17.32690079533907,-0.5579218292096824,0.5913508514940342,0.7874108746435309,-6.005947535878711,miscanthus_floridulus_15wks vs miscanthus_sacchariflorus_4x_15wks,FALSE
6698,-0.8177144953575208,18.02858995076077,-0.5574919982574915,0.5916315671465331,0.7874328137993161,-6.006194598070121,miscanthus_floridulus_15wks vs miscanthus_sacchariflorus_4x_15wks,FALSE
9461,0.5038660670565918,19.30999904446255,0.5562935572091425,0.592414632734103,0.7875999600409078,-6.006882517767701,miscanthus_floridulus_15wks vs miscanthus_sacchariflorus_4x_15wks,FALSE
2523,0.8868180885517525,18.026370255122806,0.5559906203267048,0.5926126619855989,0.7875999600409078,-6.007056190095771,miscanthus_floridulus_15wks vs miscanthus_sacchariflorus_4x_15wks,FALSE
6213,0.8126193054451214,18.26637550563072,0.5554337726265014,0.5929767661034799,0.7875999600409078,-6.007375199721418,miscanthus_floridulus_15wks vs miscanthus_sacchariflorus_4x_15wks,FALSE
1412,-0.7836591997580022,19.03409942674596,-0.5550202438871072,0.5932472373693503,0.7875999600409078,-6.00761191243843,miscanthus_floridulus_15wks vs miscanthus_sacchariflorus_4x_15wks,FALSE
383,1.177914923664872,18.705062959953754,0.5543205669153083,0.5937050183518569,0.7875999600409078,-6.0080120504730985,miscanthus_floridulus_15wks vs miscanthus_sacchariflorus_4x_15wks,FALSE
1253,0.3606902199013504,23.510126786259143,0.5538705735304095,0.5939995389221862,0.7875999600409078,-6.008269149859855,miscanthus_floridulus_15wks vs miscanthus_sacchariflorus_4x_15wks,FALSE
3182,-0.70314874102907865,19.820892952351816,-0.553689190137226,0.5941182767164961,0.7875999600409078,-6.008372726787445,miscanthus_floridulus_15wks vs miscanthus_sacchariflorus_4x_15wks,FALSE
14565,0.45731995266394776,17.895593329783573,0.5531803030880211,0.5944514747235811,0.7875999600409078,-6.008663153069672,miscanthus_floridulus_15wks vs miscanthus_sacchariflorus_4x_15wks,FALSE
1284,0.7941267721492196,17.696318537090715,0.5531597235622762,0.594464951468578,0.7875999600409078,-6.008674892776345,miscanthus_floridulus_15wks vs miscanthus_sacchariflorus_4x_15wks,FALSE
2784,-0.2887940177200363,21.916665077761742,-0.5529422672979575,0.5946073653831296,0.7875999600409078,-6.008798917185439,miscanthus_floridulus_15wks vs miscanthus_sacchariflorus_4x_15wks,FALSE
22864,0.39656777736826143,17.0519025502446,0.5528551882467745,0.5946643993597458,0.7875999600409078,-6.008848569335269,miscanthus_floridulus_15wks vs miscanthus_sacchariflorus_4x_15wks,FALSE
2050,0.2895760025912608,16.6640438415229,0.5518731567098731,0.5953078034978889,0.7878109290475415,-6.009408018039319,miscanthus_floridulus_15wks vs miscanthus_sacchariflorus_4x_15wks,FALSE
1219,-0.7454815649046722,20.324386710989128,-0.5518050792687919,0.5953524202063971,0.7878109290475415,-6.009446766553348,miscanthus_floridulus_15wks vs miscanthus_sacchariflorus_4x_15wks,FALSE
14530,0.5296716933165584,16.637001305564525,0.5495874556487667,0.596806798649018,0.7891063686180856,-6.01070657484412,miscanthus_floridulus_15wks vs miscanthus_sacchariflorus_4x_15wks,FALSE
2154,1.3654139476067435,18.888922391298657,0.5495048791936911,0.5968609915654917,0.7891063686180856,-6.010753394741832,miscanthus_floridulus_15wks vs miscanthus_sacchariflorus_4x_15wks,FALSE
540,-0.784344082933778,19.391311167531864,-0.5490297578704633,0.5971728536973776,0.7891685605402152,-6.011022656191571,miscanthus_floridulus_15wks vs miscanthus_sacchariflorus_4x_15wks,FALSE
1108,-0.9346112958872723,20.741975244092647,-0.5475543330616298,0.5981418590084169,0.7899785814748971,-6.011857432876284,miscanthus_floridulus_15wks vs miscanthus_sacchariflorus_4x_15wks,FALSE
2687,0.686183988077044,19.832099820406512,0.5466860932850544,0.5987124826764287,0.7899785814748971,-6.012347697090775,miscanthus_floridulus_15wks vs miscanthus_sacchariflorus_4x_15wks,FALSE
806,0.5163802985532229,20.076125243810612,0.5466584976893033,0.5987306238252028,0.7899785814748971,-6.012363267497999,miscanthus_floridulus_15wks vs miscanthus_sacchariflorus_4x_15wks,FALSE
173,0.7972215629706056,21.00546279271664,0.546482729205643,0.5988461797153666,0.7899785814748971,-6.012462425135581,miscanthus_floridulus_15wks vs miscanthus_sacchariflorus_4x_15wks,FALSE
20325,0.549423273470353,17.00401001758844,0.5449121843600402,0.5998792386146535,0.790991208438791,-6.013347113901667,miscanthus_floridulus_15wks vs miscanthus_sacchariflorus_4x_15wks,FALSE
21610,-0.4187820590831244,16.457064761698373,-0.5434609899940873,0.6008346416203214,0.7919005891324891,-6.014162469278993,miscanthus_floridulus_15wks vs miscanthus_sacchariflorus_4x_15wks,FALSE
9,-0.5641341419037644,22.802479634521294,-0.5418315927181839,0.6019083362179816,0.7925151057858052,-6.015075539232797,miscanthus_floridulus_15wks vs miscanthus_sacchariflorus_4x_15wks,FALSE
511,-0.669517100144251,24.607562494064762,-0.5414684028461841,0.602147800662721,0.7925151057858052,-6.015278713497377,miscanthus_floridulus_15wks vs miscanthus_sacchariflorus_4x_15wks,FALSE
771,-0.43671170155047534,17.386059590503272,-0.5414153010404473,0.6021828169024699,0.7925151057858052,-6.0153084088861215,miscanthus_floridulus_15wks vs miscanthus_sacchariflorus_4x_15wks,FALSE
2759,-0.8957478481039516,17.048208409099516,-0.5411395500333318,0.6023646693304862,0.7925151057858052,-6.015462569754393,miscanthus_floridulus_15wks vs miscanthus_sacchariflorus_4x_15wks,FALSE
24637,-0.45182601014843016,16.7000907714208,-0.5404451914844074,0.6028227151881197,0.7927677366551618,-6.015850433027196,miscanthus_floridulus_15wks vs miscanthus_sacchariflorus_4x_15wks,FALSE
361,0.4550635547725541,19.889984816752673,0.5396285172523978,0.6033616865431939,0.7931041707550808,-6.0163060279502725,miscanthus_floridulus_15wks vs miscanthus_sacchariflorus_4x_15wks,FALSE
8222,0.337603839116003,16.841821442930172,0.5392511422689583,0.6036108252592359,0.7931041707550808,-6.01651633611996,miscanthus_floridulus_15wks vs miscanthus_sacchariflorus_4x_15wks,FALSE
492,0.3318216941912411,22.434034031850164,0.5376348323441185,0.6046785147345543,0.7933809262414866,-6.017415543879313,miscanthus_floridulus_15wks vs miscanthus_sacchariflorus_4x_15wks,FALSE
15472,0.46568032568587014,17.126208474407335,0.5371803277503038,0.6049789287306999,0.7933809262414866,-6.017667947460411,miscanthus_floridulus_15wks vs miscanthus_sacchariflorus_4x_15wks,FALSE
3355,0.9582020726357818,19.38806080602961,0.5370053297626974,0.6050946183393411,0.7933809262414866,-6.017765077460359,miscanthus_floridulus_15wks vs miscanthus_sacchariflorus_4x_15wks,FALSE
2639,-0.9127119001403692,19.885542231353757,-0.5369679533150848,0.6051193290992185,0.7933809262414866,-6.017785818876115,miscanthus_floridulus_15wks vs miscanthus_sacchariflorus_4x_15wks,FALSE
12152,0.29362242274566697,16.838198836923297,0.5369175810342339,0.6051526326667447,0.7933809262414866,-6.0178137699789405,miscanthus_floridulus_15wks vs miscanthus_sacchariflorus_4x_15wks,FALSE
8256,0.45112718168266497,17.010735484449636,0.5343396388902071,0.6068583349306365,0.7952672990735693,-6.019240984502713,miscanthus_floridulus_15wks vs miscanthus_sacchariflorus_4x_15wks,FALSE
16391,0.5175207921701919,17.16420898121495,0.5337287773394838,0.6072628861297562,0.7954476486446916,-6.019578235076549,miscanthus_floridulus_15wks vs miscanthus_sacchariflorus_4x_15wks,FALSE
4233,-0.5769802962279442,17.692203993481574,-0.531590384842773,0.6086801885483732,0.7969538496810862,-6.020755987437817,miscanthus_floridulus_15wks vs miscanthus_sacchariflorus_4x_15wks,FALSE
8940,0.37240608939927355,17.398540712435477,0.5309543245614701,0.6091020989239099,0.7971560187936985,-6.021105456646139,miscanthus_floridulus_15wks vs miscanthus_sacchariflorus_4x_15wks,FALSE
7696,-0.4648135899244785,16.960719340058855,-0.5302102339033429,0.609595863540557,0.7972438241920442,-6.021513785456712,miscanthus_floridulus_15wks vs miscanthus_sacchariflorus_4x_15wks,FALSE
23743,0.2946227687143761,16.57379976992778,0.5300469355843517,0.6097042534676741,0.7972438241920442,-6.02160332592028,miscanthus_floridulus_15wks vs miscanthus_sacchariflorus_4x_15wks,FALSE
6455,0.8730112672849586,17.956393469447004,0.5293519048880974,0.6101656964900184,0.797497269973796,-6.02198414042068,miscanthus_floridulus_15wks vs miscanthus_sacchariflorus_4x_15wks,FALSE
16693,-0.43961080796670515,17.635849565428863,-0.5283361338288542,0.6108404151801634,0.7980291263642643,-6.02253985321818,miscanthus_floridulus_15wks vs miscanthus_sacchariflorus_4x_15wks,FALSE
566,0.42777708144859616,16.73059577502994,0.5278035043386021,0.6111943672519946,0.7981416364640421,-6.0228308485277315,miscanthus_floridulus_15wks vs miscanthus_sacchariflorus_4x_15wks,FALSE
3909,0.6808334596051786,19.26429586686663,0.527259997547728,0.611555658750555,0.7982636281544694,-6.023127504083421,miscanthus_floridulus_15wks vs miscanthus_sacchariflorus_4x_15wks,FALSE
9640,0.5139137513716854,16.94641486345097,0.5256756045394465,0.6126095099475932,0.7986500020764834,-6.0239906650830815,miscanthus_floridulus_15wks vs miscanthus_sacchariflorus_4x_15wks,FALSE
432,1.0447045232168684,18.897455158488718,0.5254264958023603,0.6127752899448309,0.7986500020764834,-6.024126156265632,miscanthus_floridulus_15wks vs miscanthus_sacchariflorus_4x_15wks,FALSE
2736,-1.065013834104949,18.858384394059385,-0.5251054171402263,0.6129890000488791,0.7986500020764834,-6.02430070367753,miscanthus_floridulus_15wks vs miscanthus_sacchariflorus_4x_15wks,FALSE
3590,-0.8904238208056796,19.407337578742855,-0.5247519167528234,0.6132243351990105,0.7986500020764834,-6.024492761184128,miscanthus_floridulus_15wks vs miscanthus_sacchariflorus_4x_15wks,FALSE
21880,0.3590584727972903,17.29744324708048,0.5241383838724014,0.6136328935219265,0.7986500020764834,-6.024825808051865,miscanthus_floridulus_15wks vs miscanthus_sacchariflorus_4x_15wks,FALSE
2943,-0.7765256348127565,18.829824068695928,-0.5239866776628063,0.6137339383124998,0.7986500020764834,-6.024908103295596,miscanthus_floridulus_15wks vs miscanthus_sacchariflorus_4x_15wks,FALSE
1391,1.3703809404271823,21.38235792996727,0.52349451461186,0.6140618062181289,0.7986500020764834,-6.025174931062954,miscanthus_floridulus_15wks vs miscanthus_sacchariflorus_4x_15wks,FALSE
13471,-0.4374492989144869,17.376638698531703,-0.5227082526528858,0.6145857860150605,0.7986500020764834,-6.025600719288675,miscanthus_floridulus_15wks vs miscanthus_sacchariflorus_4x_15wks,FALSE
23327,0.38288444204549776,16.77270749953477,0.5226487427480666,0.61462545403862,0.7986500020764834,-6.025632921624481,miscanthus_floridulus_15wks vs miscanthus_sacchariflorus_4x_15wks,FALSE
94,1.6064993077563834,23.035648506362126,0.5225960300993346,0.6146605922735806,0.7986500020764834,-6.025661442928519,miscanthus_floridulus_15wks vs miscanthus_sacchariflorus_4x_15wks,FALSE
3937,0.2531134759205713,22.218369994468258,0.5223873636016458,0.6147996995850513,0.7986500020764834,-6.025774320002161,miscanthus_floridulus_15wks vs miscanthus_sacchariflorus_4x_15wks,FALSE
1359,-0.8409514081324474,21.51854987416435,-0.5216134392586301,0.6153157788843242,0.798699868238957,-6.0261926024151204,miscanthus_floridulus_15wks vs miscanthus_sacchariflorus_4x_15wks,FALSE
7277,-0.3413915450274807,16.86976425415178,-0.521525960883798,0.6153741266700151,0.798699868238957,-6.02623984532805,miscanthus_floridulus_15wks vs miscanthus_sacchariflorus_4x_15wks,FALSE
21997,-0.402265446287867,16.826494726186077,-0.5202628223689812,0.6162169571796031,0.7994455952961329,-6.0269211804960845,miscanthus_floridulus_15wks vs miscanthus_sacchariflorus_4x_15wks,FALSE
553,-1.3201503117040971,20.857744049703122,-0.5185369365411522,0.6173695266864034,0.8003638173898383,-6.02784962251353,miscanthus_floridulus_15wks vs miscanthus_sacchariflorus_4x_15wks,FALSE
15702,0.5090157844070298,17.593948913696945,0.5178171043777954,0.6178505708234016,0.8003638173898383,-6.028236003918276,miscanthus_floridulus_15wks vs miscanthus_sacchariflorus_4x_15wks,FALSE
12335,-0.43901143983450197,18.182362161534503,-0.5177479125255539,0.6178968200876089,0.8003638173898383,-6.0282731172881885,miscanthus_floridulus_15wks vs miscanthus_sacchariflorus_4x_15wks,FALSE
3842,-0.44886435089471277,17.532471171908824,-0.5174326951159655,0.6181075406431074,0.8003638173898383,-6.028442135975228,miscanthus_floridulus_15wks vs miscanthus_sacchariflorus_4x_15wks,FALSE
5312,0.7841205385735961,18.047914180296612,0.5171932692302709,0.6182676200105395,0.8003638173898383,-6.028570451081321,miscanthus_floridulus_15wks vs miscanthus_sacchariflorus_4x_15wks,FALSE
1885,1.0673024539582023,18.18998155757312,0.5162721122276331,0.6188837028913347,0.8008134757343366,-6.029063606795439,miscanthus_floridulus_15wks vs miscanthus_sacchariflorus_4x_15wks,FALSE
1423,0.9032813177831436,19.102813007981098,0.5150364653113843,0.6197106199283673,0.801198814470796,-6.0297238369248145,miscanthus_floridulus_15wks vs miscanthus_sacchariflorus_4x_15wks,FALSE
24373,0.27099775518237124,16.6815651232896,0.5150236229972217,0.6197192172332835,0.801198814470796,-6.029730691043553,miscanthus_floridulus_15wks vs miscanthus_sacchariflorus_4x_15wks,FALSE
939,-1.0636563116824433,21.232005064793896,-0.5110089159384371,0.6224098854824038,0.8039837626142794,-6.031865544987551,miscanthus_floridulus_15wks vs miscanthus_sacchariflorus_4x_15wks,FALSE
2706,0.9717751005223896,18.40311197004843,0.5110043738499578,0.6224129330037391,0.8039837626142794,-6.0318679514134255,miscanthus_floridulus_15wks vs miscanthus_sacchariflorus_4x_15wks,FALSE
5335,0.8549087100673738,17.953674331882667,0.5073119719554067,0.6248928901384042,0.8068374404733295,-6.0338175711785516,miscanthus_floridulus_15wks vs miscanthus_sacchariflorus_4x_15wks,FALSE
3255,-0.8569630770772996,18.590435236753898,-0.506801736637507,0.6252359809158792,0.8069308025679167,-6.034085936648307,miscanthus_floridulus_15wks vs miscanthus_sacchariflorus_4x_15wks,FALSE
826,0.45548090810654074,17.09511607810447,0.5058365000417431,0.6258852855148829,0.8069423169109653,-6.034592923207598,miscanthus_floridulus_15wks vs miscanthus_sacchariflorus_4x_15wks,FALSE
15323,0.4072616280085519,16.836594284612147,0.5057599004025151,0.62593682804016,0.8069423169109653,-6.034633117999304,miscanthus_floridulus_15wks vs miscanthus_sacchariflorus_4x_15wks,FALSE
833,-0.5129040453383489,23.104040322559882,-0.5053487313864149,0.6262135333418178,0.8069423169109653,-6.034848776613996,miscanthus_floridulus_15wks vs miscanthus_sacchariflorus_4x_15wks,FALSE
8548,0.32172948079234587,16.78716143274846,0.504852534382043,0.6265475432178286,0.8069423169109653,-6.035108813233887,miscanthus_floridulus_15wks vs miscanthus_sacchariflorus_4x_15wks,FALSE
5014,-0.7406036053013132,17.81641064098048,-0.5047763519749148,0.6265988326617361,0.8069423169109653,-6.035148716088384,miscanthus_floridulus_15wks vs miscanthus_sacchariflorus_4x_15wks,FALSE
2042,-1.0529574414594727,20.174135885350704,-0.5035998486956437,0.6273911796191911,0.80761369989857,-6.035764227486508,miscanthus_floridulus_15wks vs miscanthus_sacchariflorus_4x_15wks,FALSE
14118,-0.4634826728107555,17.82682355877978,-0.5030284599152401,0.627776180342663,0.8077603702163799,-6.036062674369796,miscanthus_floridulus_15wks vs miscanthus_sacchariflorus_4x_15wks,FALSE
22753,-0.429624608364211,17.30904861689392,-0.5009850231054653,0.6291540270062954,0.8089378644205723,-6.0371273941176575,miscanthus_floridulus_15wks vs miscanthus_sacchariflorus_4x_15wks,FALSE
7638,-0.6170136661973515,18.961838636157093,-0.5008661645805939,0.6292342180291565,0.8089378644205723,-6.037189199257429,miscanthus_floridulus_15wks vs miscanthus_sacchariflorus_4x_15wks,FALSE
1460,1.2600674850747424,20.783622037246023,0.4994491877228941,0.6301906177509052,0.8098180426467002,-6.0379249500207886,miscanthus_floridulus_15wks vs miscanthus_sacchariflorus_4x_15wks,FALSE
2627,0.27569438330151286,17.375133255219453,0.4984766322137356,0.6308474774844189,0.8103127081480899,-6.0384288053350454,miscanthus_floridulus_15wks vs miscanthus_sacchariflorus_4x_15wks,FALSE
17654,0.34068177425227475,17.326015303378814,0.4967981503677336,0.6319819304045673,0.8114128520999957,-6.039296209673342,miscanthus_floridulus_15wks vs miscanthus_sacchariflorus_4x_15wks,FALSE
11325,0.48455576354696817,17.990793886115423,0.49604442404788385,0.6324916939120708,0.8114128520999957,-6.039684824164963,miscanthus_floridulus_15wks vs miscanthus_sacchariflorus_4x_15wks,FALSE
20886,0.4016529974924943,17.270650341427498,0.4957451094550475,0.6326941851497956,0.8114128520999957,-6.0398389940489725,miscanthus_floridulus_15wks vs miscanthus_sacchariflorus_4x_15wks,FALSE
23087,0.3824990541968738,17.014009682803298,0.49559889993712175,0.6327931101612048,0.8114128520999957,-6.0399142712859195,miscanthus_floridulus_15wks vs miscanthus_sacchariflorus_4x_15wks,FALSE
695,-1.3763257468813492,21.30960423490746,-0.4947953833355498,0.6333369065738128,0.811760852296758,-6.0403275957537845,miscanthus_floridulus_15wks vs miscanthus_sacchariflorus_4x_15wks,FALSE
5003,0.3501519769265151,17.454129731010323,0.493397885916139,0.6342832513875631,0.8126242859565511,-6.041044956706219,miscanthus_floridulus_15wks vs miscanthus_sacchariflorus_4x_15wks,FALSE
1897,-0.9709906362621972,19.777912179922804,-0.4929771928029668,0.6345682715932979,0.812640072775259,-6.041260532054982,miscanthus_floridulus_15wks vs miscanthus_sacchariflorus_4x_15wks,FALSE
6365,0.7471253925426886,18.093334967097014,0.49155798738244993,0.6355302591812233,0.8135224108075796,-6.041986496432494,miscanthus_floridulus_15wks vs miscanthus_sacchariflorus_4x_15wks,FALSE
5376,-0.6963537040826253,19.03610243620242,-0.4887090016921523,0.6374636041052366,0.8153514705491306,-6.043437881400306,miscanthus_floridulus_15wks vs miscanthus_sacchariflorus_4x_15wks,FALSE
3765,-0.7704377495149544,19.330569298690467,-0.48864605828583646,0.6375063511340517,0.8153514705491306,-6.043469857460689,miscanthus_floridulus_15wks vs miscanthus_sacchariflorus_4x_15wks,FALSE
431,0.2489458894795149,25.362927375387347,0.48699101793474753,0.6386308585696154,0.8164392786518465,-6.044309245770072,miscanthus_floridulus_15wks vs miscanthus_sacchariflorus_4x_15wks,FALSE
12035,0.5928856981794794,17.450004700380514,0.48542441988389556,0.6396961830547017,0.8174505255158708,-6.045101304260244,miscanthus_floridulus_15wks vs miscanthus_sacchariflorus_4x_15wks,FALSE
1399,1.0507057346797701,18.27464081045383,0.48480380644974547,0.6401184591111871,0.8176395234253483,-6.045414415250804,miscanthus_floridulus_15wks vs miscanthus_sacchariflorus_4x_15wks,FALSE
3450,0.841117030435445,18.32691862395711,0.48389475264479676,0.6407372444890569,0.8180792581736888,-6.045872367434083,miscanthus_floridulus_15wks vs miscanthus_sacchariflorus_4x_15wks,FALSE
4750,0.5638411960057574,19.697080857385888,0.4831595902051285,0.6412378801353807,0.8183678298944046,-6.046242125432727,miscanthus_floridulus_15wks vs miscanthus_sacchariflorus_4x_15wks,FALSE
5412,-0.9407447606478918,18.510591723181086,-0.4798350839725251,0.6435042373265256,0.8209086589182562,-6.047907594051382,miscanthus_floridulus_15wks vs miscanthus_sacchariflorus_4x_15wks,FALSE
466,0.9055972675452537,18.349523998845026,0.4792984534720555,0.6438704347220918,0.8210243455164029,-6.04817541020598,miscanthus_floridulus_15wks vs miscanthus_sacchariflorus_4x_15wks,FALSE
1122,-0.6437635090480924,18.042784733586537,-0.47821702544519484,0.6446087141861271,0.8216141866016505,-6.048714258116708,miscanthus_floridulus_15wks vs miscanthus_sacchariflorus_4x_15wks,FALSE
6504,-0.567169630947717,19.716071141245855,-0.47701832764753127,0.6454275383471738,0.8223061412033253,-6.049310194309095,miscanthus_floridulus_15wks vs miscanthus_sacchariflorus_4x_15wks,FALSE
14758,-0.5547039602481512,17.58459622514203,-0.4761513724567885,0.6460200687378488,0.8227093183071749,-6.049740322575923,miscanthus_floridulus_15wks vs miscanthus_sacchariflorus_4x_15wks,FALSE
7485,0.7685998676008623,18.396224148723533,0.47522288114777855,0.6466549521461691,0.8230572975576835,-6.050200160680126,miscanthus_floridulus_15wks vs miscanthus_sacchariflorus_4x_15wks,FALSE
11109,0.40992186987929813,17.490015976309053,0.47478748008423655,0.6469527756404434,0.8230572975576835,-6.05041550201114,miscanthus_floridulus_15wks vs miscanthus_sacchariflorus_4x_15wks,FALSE
476,-0.23169977399657427,24.996741355227808,-0.4745402802785454,0.6471218953616283,0.8230572975576835,-6.050537679386453,miscanthus_floridulus_15wks vs miscanthus_sacchariflorus_4x_15wks,FALSE
398,-0.9080569177209163,22.636433447548708,-0.4738409796518822,0.647600433161498,0.8233145438657269,-6.050882979563268,miscanthus_floridulus_15wks vs miscanthus_sacchariflorus_4x_15wks,FALSE
3527,0.6879055835557004,17.54433700482225,0.471424895320339,0.6492551101136844,0.8250661953683496,-6.052072283660386,miscanthus_floridulus_15wks vs miscanthus_sacchariflorus_4x_15wks,FALSE
3688,-0.52864860680803,17.288343275760433,-0.47098690029009754,0.6495552951532492,0.8250958139627803,-6.052287268155054,miscanthus_floridulus_15wks vs miscanthus_sacchariflorus_4x_15wks,FALSE
8292,0.32577332444720497,16.844574283173362,0.46844178725522867,0.6513009522239036,0.8266877745022899,-6.053532761308281,miscanthus_floridulus_15wks vs miscanthus_sacchariflorus_4x_15wks,FALSE
2512,0.9838718505291872,20.995907920251263,0.4683508200274969,0.6513633874266365,0.8266877745022899,-6.053577159320401,miscanthus_floridulus_15wks vs miscanthus_sacchariflorus_4x_15wks,FALSE
9745,0.3438582935163659,17.42807164689388,0.4669357313423112,0.6523350042530671,0.8275684600571052,-6.054266764081947,miscanthus_floridulus_15wks vs miscanthus_sacchariflorus_4x_15wks,FALSE
6512,0.5941803364598712,19.928133859229355,0.4657397859067152,0.653156700626496,0.8279553942093638,-6.054848033601065,miscanthus_floridulus_15wks vs miscanthus_sacchariflorus_4x_15wks,FALSE
4288,0.3177852155616243,20.889632856395295,0.46568306844738155,0.6531956818074545,0.8279553942093638,-6.054875565095296,miscanthus_floridulus_15wks vs miscanthus_sacchariflorus_4x_15wks,FALSE
22897,-0.2612121646534895,16.676669176865897,-0.46217967990499165,0.6556056880014236,0.8306568666004431,-6.056569998401079,miscanthus_floridulus_15wks vs miscanthus_sacchariflorus_4x_15wks,FALSE
12286,0.5275828129876814,17.518681040463843,0.46119224137023296,0.6562857245938228,0.8311650910707998,-6.057045386093262,miscanthus_floridulus_15wks vs miscanthus_sacchariflorus_4x_15wks,FALSE
23272,0.343267394214287,17.420979014824436,0.4597952827343455,0.6572483695788431,0.8320306462807785,-6.0577162832440425,miscanthus_floridulus_15wks vs miscanthus_sacchariflorus_4x_15wks,FALSE
788,-0.9731183697988612,18.633155219081555,-0.4576769314772233,0.6587094135829761,0.8335261369330228,-6.058729947150714,miscanthus_floridulus_15wks vs miscanthus_sacchariflorus_4x_15wks,FALSE
5167,-0.4236455674484283,17.02098954404343,-0.45699059372822115,0.659183118229054,0.8337715162659511,-6.0590574171017595,miscanthus_floridulus_15wks vs miscanthus_sacchariflorus_4x_15wks,FALSE
4060,0.7554470022715414,17.555107982524095,0.4559672353658945,0.6598897328229896,0.8340220616217402,-6.059544821688161,miscanthus_floridulus_15wks vs miscanthus_sacchariflorus_4x_15wks,FALSE
20442,-0.2963048878973886,16.93786228933424,-0.455754445626382,0.6600367063751524,0.8340220616217402,-6.059646038725137,miscanthus_floridulus_15wks vs miscanthus_sacchariflorus_4x_15wks,FALSE
24293,0.28345756128657484,16.873028476524304,0.4554879160153803,0.6602208199213708,0.8340220616217402,-6.059772754722071,miscanthus_floridulus_15wks vs miscanthus_sacchariflorus_4x_15wks,FALSE
3336,0.5029078945665013,17.693607599808352,0.45424702643659637,0.6610783236911313,0.8342235108174736,-6.060361782756147,miscanthus_floridulus_15wks vs miscanthus_sacchariflorus_4x_15wks,FALSE
14186,0.5040146765853954,17.632694047105712,0.4541566529609582,0.6611407959676353,0.8342235108174736,-6.060404621772579,miscanthus_floridulus_15wks vs miscanthus_sacchariflorus_4x_15wks,FALSE
1413,0.7753363282153103,21.793664679972604,0.45404191943692773,0.6612201115942525,0.8342235108174736,-6.060458996318327,miscanthus_floridulus_15wks vs miscanthus_sacchariflorus_4x_15wks,FALSE
3372,-0.906076129346669,20.186219318414317,-0.45360609928158324,0.6615214364644579,0.8342504784867053,-6.0606654213406594,miscanthus_floridulus_15wks vs miscanthus_sacchariflorus_4x_15wks,FALSE
15630,0.3219359096339218,17.060975792881862,0.4531552846386596,0.6618331969120184,0.8342905781716644,-6.060878750211068,miscanthus_floridulus_15wks vs miscanthus_sacchariflorus_4x_15wks,FALSE
21722,0.33673595198272466,16.464728182703606,0.4524478817683976,0.6623225408576638,0.8345034487068087,-6.061213092108052,miscanthus_floridulus_15wks vs miscanthus_sacchariflorus_4x_15wks,FALSE
8279,0.5319809532992181,17.783613328019136,0.4515794591022908,0.6629235036220065,0.8345034487068087,-6.061622858241632,miscanthus_floridulus_15wks vs miscanthus_sacchariflorus_4x_15wks,FALSE
7095,-0.5962394423772963,17.02260303359364,-0.4515687083345395,0.6629309449436811,0.8345034487068087,-6.061627926311843,miscanthus_floridulus_15wks vs miscanthus_sacchariflorus_4x_15wks,FALSE
12683,0.54508796731254,17.54743622645541,0.4512924091337315,0.6631222035361486,0.8345034487068087,-6.061758138457955,miscanthus_floridulus_15wks vs miscanthus_sacchariflorus_4x_15wks,FALSE
2808,-1.134761444248248,21.072626659337153,-0.44970626584242057,0.6642206600278583,0.8353975379415456,-6.0625041772412,miscanthus_floridulus_15wks vs miscanthus_sacchariflorus_4x_15wks,FALSE
10888,0.4965560841867287,17.566757802820533,0.44945702712196456,0.6643933439333769,0.8353975379415456,-6.062621178940968,miscanthus_floridulus_15wks vs miscanthus_sacchariflorus_4x_15wks,FALSE
22818,0.3316900317788125,17.218565608045445,0.44768328902144594,0.6656228799396025,0.8365905450105505,-6.06345205350237,miscanthus_floridulus_15wks vs miscanthus_sacchariflorus_4x_15wks,FALSE
808,1.1149971336028308,21.68044197691864,0.4470362788846457,0.6660716460864029,0.8368016464323274,-6.063754355075457,miscanthus_floridulus_15wks vs miscanthus_sacchariflorus_4x_15wks,FALSE
5183,0.502391412465272,17.173965906307235,0.4455799799163106,0.6670822534559515,0.8377181269695473,-6.064433256775563,miscanthus_floridulus_15wks vs miscanthus_sacchariflorus_4x_15wks,FALSE
11921,0.3615575546506129,16.82130930208962,0.44450646535055865,0.6678276843012205,0.8382207475116117,-6.064932360404828,miscanthus_floridulus_15wks vs miscanthus_sacchariflorus_4x_15wks,FALSE
18385,0.303745754754992,16.527935473212985,0.44419352400105766,0.6680450588389523,0.8382207475116117,-6.065077638795141,miscanthus_floridulus_15wks vs miscanthus_sacchariflorus_4x_15wks,FALSE
3574,-0.5259634750758515,18.07738684330157,-0.44330528225910354,0.6686622269120934,0.8386420186018679,-6.065489461008785,miscanthus_floridulus_15wks vs miscanthus_sacchariflorus_4x_15wks,FALSE
33,-0.24134406816142473,27.78396211703099,-0.4424762543594362,0.6692384916915348,0.8387476521981099,-6.0658731209434595,miscanthus_floridulus_15wks vs miscanthus_sacchariflorus_4x_15wks,FALSE
6319,0.4857932922913655,18.214363356308414,0.4423743128777978,0.669309368096344,0.8387476521981099,-6.065920250477172,miscanthus_floridulus_15wks vs miscanthus_sacchariflorus_4x_15wks,FALSE
4740,0.5432244661701269,19.838395266453915,0.44114231800914283,0.6701662077832159,0.839304760560142,-6.066489007484772,miscanthus_floridulus_15wks vs miscanthus_sacchariflorus_4x_15wks,FALSE
13009,0.5544004436147283,17.690812033974705,0.44092525610772215,0.6703172248768919,0.839304760560142,-6.066589058640667,miscanthus_floridulus_15wks vs miscanthus_sacchariflorus_4x_15wks,FALSE
9352,0.5463046033437351,17.50746117130259,0.439824694289285,0.671083164897732,0.8396686152377276,-6.067095622403686,miscanthus_floridulus_15wks vs miscanthus_sacchariflorus_4x_15wks,FALSE
887,0.2772394027701779,24.125177555187623,0.43947489425525904,0.6713266944521453,0.8396686152377276,-6.067256374708952,miscanthus_floridulus_15wks vs miscanthus_sacchariflorus_4x_15wks,FALSE
10305,-0.27714616575966744,16.843169853660825,-0.4392933167705054,0.6714531241984916,0.8396686152377276,-6.067339771446522,miscanthus_floridulus_15wks vs miscanthus_sacchariflorus_4x_15wks,FALSE
4811,-0.4607267095588945,18.113872204555783,-0.4376234323360628,0.6726163568218972,0.8407704460273715,-6.068105191869713,miscanthus_floridulus_15wks vs miscanthus_sacchariflorus_4x_15wks,FALSE
7502,0.2785358829600142,16.84230245942839,0.4358842661683135,0.6738288392310394,0.8418746836824946,-6.068899412635637,miscanthus_floridulus_15wks vs miscanthus_sacchariflorus_4x_15wks,FALSE
5222,0.6074784438276701,18.239433587989396,0.43551742999748816,0.6740847123869129,0.8418746836824946,-6.069066549462147,miscanthus_floridulus_15wks vs miscanthus_sacchariflorus_4x_15wks,FALSE
1950,0.8748064701511993,20.3242230395624,0.4341820329670264,0.6750165471844873,0.8418746836824946,-6.069673844895665,miscanthus_floridulus_15wks vs miscanthus_sacchariflorus_4x_15wks,FALSE
697,-0.4378726317643533,20.804364528648957,-0.43408715793451164,0.6750827731170076,0.8418746836824946,-6.069716923272207,miscanthus_floridulus_15wks vs miscanthus_sacchariflorus_4x_15wks,FALSE
190,0.36408065238455833,16.83822787983063,0.43372436634215056,0.6753360412432554,0.8418746836824946,-6.069881567320262,miscanthus_floridulus_15wks vs miscanthus_sacchariflorus_4x_15wks,FALSE
9775,-0.5102402982467282,17.97911344292082,-0.43364078403965584,0.6753943969925612,0.8418746836824946,-6.069919480469335,miscanthus_floridulus_15wks vs miscanthus_sacchariflorus_4x_15wks,FALSE
10462,0.5792249692353657,17.991099172968465,0.4335220416073693,0.6754773049278002,0.8418746836824946,-6.069973330350574,miscanthus_floridulus_15wks vs miscanthus_sacchariflorus_4x_15wks,FALSE
2175,-0.5599623344614315,18.153723051160082,-0.4325143324899464,0.6761810919810693,0.8423995209463154,-6.070429761261928,miscanthus_floridulus_15wks vs miscanthus_sacchariflorus_4x_15wks,FALSE
4611,0.6044121094101982,17.694933147052083,0.43205910793511737,0.6764991322679114,0.8424435495856146,-6.070635617715115,miscanthus_floridulus_15wks vs miscanthus_sacchariflorus_4x_15wks,FALSE
23287,0.2833497529286113,17.000398089901626,0.4307056514899909,0.6774451216795248,0.8432691990831177,-6.071246439506032,miscanthus_floridulus_15wks vs miscanthus_sacchariflorus_4x_15wks,FALSE
591,0.7868143379060619,22.635728607700905,0.4300921773010387,0.6778741042818599,0.8434508687932954,-6.071522700614607,miscanthus_floridulus_15wks vs miscanthus_sacchariflorus_4x_15wks,FALSE
6863,0.3319991117284111,17.532762959822374,0.4290714439552759,0.678588144461338,0.8439869242465722,-6.0719815258643655,miscanthus_floridulus_15wks vs miscanthus_sacchariflorus_4x_15wks,FALSE
1467,0.3909790039907257,22.47689253557045,0.42820207981022684,0.6791965663313628,0.8440431886324895,-6.072371488318941,miscanthus_floridulus_15wks vs miscanthus_sacchariflorus_4x_15wks,FALSE
988,0.5820336286108478,21.523745461833037,0.42819738239539434,0.6791998544767482,0.8440431886324895,-6.072373593340783,miscanthus_floridulus_15wks vs miscanthus_sacchariflorus_4x_15wks,FALSE
5541,0.785602852639748,18.5729325924691,0.4273042295211455,0.6798251843989579,0.8444681323505188,-6.072773435035205,miscanthus_floridulus_15wks vs miscanthus_sacchariflorus_4x_15wks,FALSE
5123,0.5660859508748288,17.201324229803205,0.4251843521382214,0.6813104355478902,0.8459604574719637,-6.073719254369225,miscanthus_floridulus_15wks vs miscanthus_sacchariflorus_4x_15wks,FALSE
1492,0.7388590564436583,17.95974144177501,0.4246878796567754,0.6816584915306436,0.8460401102712695,-6.073940113906115,miscanthus_floridulus_15wks vs miscanthus_sacchariflorus_4x_15wks,FALSE
3183,0.7752331989253527,18.189705363593472,0.42355699515735906,0.6824516069770226,0.8465483886266287,-6.074442274998653,miscanthus_floridulus_15wks vs miscanthus_sacchariflorus_4x_15wks,FALSE
1792,-0.3944082087791365,23.216561123127644,-0.4232939204034151,0.6826361670703989,0.8465483886266287,-6.074558907799621,miscanthus_floridulus_15wks vs miscanthus_sacchariflorus_4x_15wks,FALSE
23294,-0.3015229144804472,16.707326503859328,-0.4228485633833574,0.6829486585818084,0.8465836117195462,-6.074756196451067,miscanthus_floridulus_15wks vs miscanthus_sacchariflorus_4x_15wks,FALSE
5595,0.23195488911171225,21.362482223774624,0.42131898221480407,0.6840224028819448,0.846897461115368,-6.075432272018814,miscanthus_floridulus_15wks vs miscanthus_sacchariflorus_4x_15wks,FALSE
10799,0.4548604685126243,17.38245035807686,0.42125757445339307,0.6840655261030293,0.846897461115368,-6.075459365320491,miscanthus_floridulus_15wks vs miscanthus_sacchariflorus_4x_15wks,FALSE
14811,0.45134028149435323,17.454447877113612,0.42065781474896613,0.6844867678686815,0.846897461115368,-6.075723782478981,miscanthus_floridulus_15wks vs miscanthus_sacchariflorus_4x_15wks,FALSE
372,1.0349793113035801,18.63286100537093,0.4204035336010279,0.6846653976105153,0.846897461115368,-6.075835779017771,miscanthus_floridulus_15wks vs miscanthus_sacchariflorus_4x_15wks,FALSE
1855,0.7685699656689131,19.809652647146425,0.4201108099500535,0.6848710586914177,0.846897461115368,-6.075964627044797,miscanthus_floridulus_15wks vs miscanthus_sacchariflorus_4x_15wks,FALSE
483,-0.28451064128375236,23.326124391500798,-0.4200596474771964,0.6849070071436365,0.846897461115368,-6.075987138384843,miscanthus_floridulus_15wks vs miscanthus_sacchariflorus_4x_15wks,FALSE
82,-0.3678573598266901,23.21380921560605,-0.41863183993126274,0.6859105731944817,0.8477866064369787,-6.0766143106933805,miscanthus_floridulus_15wks vs miscanthus_sacchariflorus_4x_15wks,FALSE
6391,0.31228904629841026,17.344382880433898,0.4177950676744727,0.6864990226674383,0.8481621424332364,-6.076980917082003,miscanthus_floridulus_15wks vs miscanthus_sacchariflorus_4x_15wks,FALSE
255,-1.062765846361689,21.95806805022881,-0.41711689974048993,0.6869761010644073,0.8483998264284848,-6.07727752034737,miscanthus_floridulus_15wks vs miscanthus_sacchariflorus_4x_15wks,FALSE
3095,0.6646842131906148,18.730293571784493,0.4163037453382981,0.6875483348585917,0.8487547795686011,-6.077632552685425,miscanthus_floridulus_15wks vs miscanthus_sacchariflorus_4x_15wks,FALSE
8204,0.23504700617635876,16.997811276130044,0.41466302787388354,0.6887035881258549,0.8492961410028229,-6.078346887273914,miscanthus_floridulus_15wks vs miscanthus_sacchariflorus_4x_15wks,FALSE
943,-0.19789159741824136,19.270060011763412,-0.41449572942213214,0.6888214338782656,0.8492961410028229,-6.078419573691864,miscanthus_floridulus_15wks vs miscanthus_sacchariflorus_4x_15wks,FALSE
62,-0.32999511173197504,24.75819985259085,-0.4144667186988457,0.688841870068397,0.8492961410028229,-6.078432175165656,miscanthus_floridulus_15wks vs miscanthus_sacchariflorus_4x_15wks,FALSE
2641,0.3295883964806343,17.218505322012966,0.4136301079146876,0.6894313244036062,0.8495898365568624,-6.0787952125302525,miscanthus_floridulus_15wks vs miscanthus_sacchariflorus_4x_15wks,FALSE
7484,-0.4741431583691522,19.162292401736025,-0.4128459333794189,0.6899840365451217,0.8495898365568624,-6.079134857320343,miscanthus_floridulus_15wks vs miscanthus_sacchariflorus_4x_15wks,FALSE
277,0.19876325506417558,26.559911752723593,0.4128066415346939,0.6900117358997586,0.8495898365568624,-6.0791518593035,miscanthus_floridulus_15wks vs miscanthus_sacchariflorus_4x_15wks,FALSE
4309,-0.2234433426368838,17.42655482480609,-0.41214411007442125,0.6904788711743404,0.8495898365568624,-6.079438309783717,miscanthus_floridulus_15wks vs miscanthus_sacchariflorus_4x_15wks,FALSE
3104,0.7028911349377545,18.90661525615342,0.4121062563752873,0.6905055651478929,0.8495898365568624,-6.079454662792606,miscanthus_floridulus_15wks vs miscanthus_sacchariflorus_4x_15wks,FALSE
2397,0.6962817786385287,18.136041542431016,0.41085092504204396,0.6913910680928764,0.8503282636883087,-6.079996156925609,miscanthus_floridulus_15wks vs miscanthus_sacchariflorus_4x_15wks,FALSE
799,0.7826974715680883,19.07984473214282,0.41001008722958127,0.691984470030226,0.8507069804827037,-6.080357970842282,miscanthus_floridulus_15wks vs miscanthus_sacchariflorus_4x_15wks,FALSE
6556,-0.7270653213447957,18.835770303652033,-0.408057299681515,0.6933634698182868,0.851934419681614,-6.081195514724259,miscanthus_floridulus_15wks vs miscanthus_sacchariflorus_4x_15wks,FALSE
354,-0.3423946710946417,22.853954971952042,-0.4077866847440067,0.6935546651501998,0.851934419681614,-6.081311277821386,miscanthus_floridulus_15wks vs miscanthus_sacchariflorus_4x_15wks,FALSE
7031,0.46729814921357615,17.952002391878978,0.4062460282399555,0.6946436129471527,0.8527618782067039,-6.081968932152244,miscanthus_floridulus_15wks vs miscanthus_sacchariflorus_4x_15wks,FALSE
4388,0.4491665573774348,17.043984163650293,0.40602398353758745,0.6948006175455963,0.8527618782067039,-6.082063518515711,miscanthus_floridulus_15wks vs miscanthus_sacchariflorus_4x_15wks,FALSE
8578,-0.44903750743011983,18.060744552536413,-0.40531077243670055,0.6953050237957992,0.852850272195312,-6.082366995535509,miscanthus_floridulus_15wks vs miscanthus_sacchariflorus_4x_15wks,FALSE
785,0.19004805701777272,19.823726444237376,0.4051128624035151,0.6954450206156403,0.852850272195312,-6.082451117026985,miscanthus_floridulus_15wks vs miscanthus_sacchariflorus_4x_15wks,FALSE
2643,0.8123695151688999,19.82257385259824,0.40384134005663697,0.6963447585536666,0.8536023778239106,-6.082990635390125,miscanthus_floridulus_15wks vs miscanthus_sacchariflorus_4x_15wks,FALSE
18354,-0.2693174144890591,17.00439348093757,-0.40294487746027835,0.6969794064367663,0.8540290424266297,-6.083370033340089,miscanthus_floridulus_15wks vs miscanthus_sacchariflorus_4x_15wks,FALSE
1089,-0.9689397317250403,20.707289782227345,-0.40019489616515,0.6989278146802356,0.8557329957619414,-6.08452881675005,miscanthus_floridulus_15wks vs miscanthus_sacchariflorus_4x_15wks,FALSE
3190,-0.5515411502245975,20.005147033107942,-0.4001715967597926,0.6989443327800555,0.8557329957619414,-6.084538602039477,miscanthus_floridulus_15wks vs miscanthus_sacchariflorus_4x_15wks,FALSE
22497,-0.27151605326618267,17.157867902080877,-0.39968145295711377,0.699291859106866,0.8558068748001891,-6.084744325801241,miscanthus_floridulus_15wks vs miscanthus_sacchariflorus_4x_15wks,FALSE
24725,0.23870221193138974,16.579025253751293,0.3974154001079612,0.7008995272125811,0.8562273130302838,-6.085692285033799,miscanthus_floridulus_15wks vs miscanthus_sacchariflorus_4x_15wks,FALSE
211,0.5525176974316146,23.470306879874247,0.3973395921776808,0.7009533372405401,0.8562273130302838,-6.085723908211694,miscanthus_floridulus_15wks vs miscanthus_sacchariflorus_4x_15wks,FALSE
12631,-0.39657438268340783,17.199951495516384,-0.39711656021928393,0.701111660228035,0.8562273130302838,-6.085816912051786,miscanthus_floridulus_15wks vs miscanthus_sacchariflorus_4x_15wks,FALSE
8356,0.3662177215992912,16.56771496448699,0.3971129500340942,0.7011142231053455,0.8562273130302838,-6.0858184170780705,miscanthus_floridulus_15wks vs miscanthus_sacchariflorus_4x_15wks,FALSE
13582,-0.31607560522463274,17.62068164278469,-0.39625040574407216,0.7017266604653721,0.8562273130302838,-6.086177620277865,miscanthus_floridulus_15wks vs miscanthus_sacchariflorus_4x_15wks,FALSE
2477,0.5769572472652555,20.339244807150802,0.3955067019301254,0.7022549013627695,0.8562273130302838,-6.0864867296083585,miscanthus_floridulus_15wks vs miscanthus_sacchariflorus_4x_15wks,FALSE
11915,0.39729164752655777,17.157477963484705,0.39540014111974575,0.7023306037786636,0.8562273130302838,-6.086530974250266,miscanthus_floridulus_15wks vs miscanthus_sacchariflorus_4x_15wks,FALSE
1215,0.18950856078169664,24.17234487094997,0.39529548423677086,0.7024049570243722,0.8562273130302838,-6.086574417205572,miscanthus_floridulus_15wks vs miscanthus_sacchariflorus_4x_15wks,FALSE
1840,0.5199534782555162,21.411695039918023,0.39481726234906106,0.7027447516460685,0.8562273130302838,-6.086772785774797,miscanthus_floridulus_15wks vs miscanthus_sacchariflorus_4x_15wks,FALSE
10430,-0.2849685729490048,17.49749647148855,-0.39466091965477984,0.7028558542891741,0.8562273130302838,-6.086837587303521,miscanthus_floridulus_15wks vs miscanthus_sacchariflorus_4x_15wks,FALSE
898,-0.6263347107874289,18.47565352019286,-0.3945421691741027,0.7029402476070065,0.8562273130302838,-6.086886790961478,miscanthus_floridulus_15wks vs miscanthus_sacchariflorus_4x_15wks,FALSE
497,-0.6342327344419871,17.735758304802943,-0.3943408925483203,0.7030833003305719,0.8562273130302838,-6.086970156364481,miscanthus_floridulus_15wks vs miscanthus_sacchariflorus_4x_15wks,FALSE
14293,0.5558356030329641,17.856774728481582,0.3933995616255283,0.703752495013861,0.8566921712178536,-6.087359496373189,miscanthus_floridulus_15wks vs miscanthus_sacchariflorus_4x_15wks,FALSE
4860,-0.4407316174986171,20.804952522969714,-0.3927600617576605,0.7042072724845863,0.8568957419371447,-6.08762348637714,miscanthus_floridulus_15wks vs miscanthus_sacchariflorus_4x_15wks,FALSE
533,-0.9227355349786173,20.488045392231943,-0.3912666161283097,0.7052698179822743,0.8576816421890512,-6.0882383808262714,miscanthus_floridulus_15wks vs miscanthus_sacchariflorus_4x_15wks,FALSE
17123,-0.29456799522357713,17.025021085534565,-0.39075483894009067,0.7056340904149672,0.8576816421890512,-6.088448575274325,miscanthus_floridulus_15wks vs miscanthus_sacchariflorus_4x_15wks,FALSE
17091,-0.35205142277474977,17.033862048000707,-0.39063897273282694,0.7057165727005212,0.8576816421890512,-6.088496126456525,miscanthus_floridulus_15wks vs miscanthus_sacchariflorus_4x_15wks,FALSE
818,-0.45752868295192783,19.88544203108016,-0.388719126438459,0.7070838599246698,0.8587512778345552,-6.0892820491412945,miscanthus_floridulus_15wks vs miscanthus_sacchariflorus_4x_15wks,FALSE
3223,0.6835483850219326,20.407339592757832,0.38859397195678386,0.707173032149664,0.8587512778345552,-6.089333153816654,miscanthus_floridulus_15wks vs miscanthus_sacchariflorus_4x_15wks,FALSE
14485,0.4341051030987515,16.741965350253665,0.38764981109752467,0.7078458976349339,0.8592182382696957,-6.089718174638024,miscanthus_floridulus_15wks vs miscanthus_sacchariflorus_4x_15wks,FALSE
7653,-0.726567287361533,19.850697925767406,-0.38607520955756774,0.7089686545996263,0.86003226254146,-6.090358276002482,miscanthus_floridulus_15wks vs miscanthus_sacchariflorus_4x_15wks,FALSE
315,-0.4685896545538135,23.995561460106927,-0.38589988553014404,0.70909371445113,0.86003226254146,-6.090429392735077,miscanthus_floridulus_15wks vs miscanthus_sacchariflorus_4x_15wks,FALSE
12769,0.34486698293933316,17.13008250932183,0.38515175223075565,0.7096274675988086,0.8602818861467446,-6.090732508317299,miscanthus_floridulus_15wks vs miscanthus_sacchariflorus_4x_15wks,FALSE
2004,0.21205048855706465,22.604467061689675,0.3848022192417945,0.7098768986694112,0.8602818861467446,-6.09087393163304,miscanthus_floridulus_15wks vs miscanthus_sacchariflorus_4x_15wks,FALSE
3882,-0.8153979306749726,19.981684795102186,-0.3843459607894472,0.7102025458259758,0.8603266612038243,-6.091058350497198,miscanthus_floridulus_15wks vs miscanthus_sacchariflorus_4x_15wks,FALSE
2317,0.36430428457079245,17.040708621729657,0.3831592628548088,0.7110498262283635,0.8610030402927766,-6.09153702373244,miscanthus_floridulus_15wks vs miscanthus_sacchariflorus_4x_15wks,FALSE
1042,-0.7485259190663065,20.205982364777082,-0.3817772896348884,0.7120370633265766,0.8618482732385045,-6.092092664969992,miscanthus_floridulus_15wks vs miscanthus_sacchariflorus_4x_15wks,FALSE
1222,-0.9632710684723662,20.858193576393276,-0.3808095604140965,0.7127287189220068,0.8619880630512449,-6.092480600770508,miscanthus_floridulus_15wks vs miscanthus_sacchariflorus_4x_15wks,FALSE
6311,0.5570185127346967,18.366329615064565,0.38008217440548886,0.713248780908561,0.8619880630512449,-6.0927715642686024,miscanthus_floridulus_15wks vs miscanthus_sacchariflorus_4x_15wks,FALSE
15208,0.2252051096914336,16.815101242148568,0.38007747458652097,0.7132521416706155,0.8619880630512449,-6.092773442509578,miscanthus_floridulus_15wks vs miscanthus_sacchariflorus_4x_15wks,FALSE
3866,-0.22700914803696293,20.72912390746842,-0.3799971449649665,0.7133095850618691,0.8619880630512449,-6.092805542065332,miscanthus_floridulus_15wks vs miscanthus_sacchariflorus_4x_15wks,FALSE
3606,-0.654342601707981,20.86990392227495,-0.37876253765554657,0.7141926901205429,0.8623837794072742,-6.093298064977211,miscanthus_floridulus_15wks vs miscanthus_sacchariflorus_4x_15wks,FALSE
20687,-0.25104755120548816,16.68745338527713,-0.3787301986842228,0.7142158280460245,0.8623837794072742,-6.093310945198905,miscanthus_floridulus_15wks vs miscanthus_sacchariflorus_4x_15wks,FALSE
23901,0.22482678146751311,16.644323772387068,0.3760755866397611,0.716116213643432,0.8641952014804772,-6.0943646243022664,miscanthus_floridulus_15wks vs miscanthus_sacchariflorus_4x_15wks,FALSE
2839,0.7477428413945013,17.849578793086838,0.37582456600791636,0.716296022703617,0.8641952014804772,-6.094463890052388,miscanthus_floridulus_15wks vs miscanthus_sacchariflorus_4x_15wks,FALSE
21739,0.2498874858749005,17.127043929156738,0.3747846598840274,0.7170411184461338,0.8646846818780716,-6.094874437547649,miscanthus_floridulus_15wks vs miscanthus_sacchariflorus_4x_15wks,FALSE
5432,0.7638291800616095,19.0520430713556,0.3744484833742206,0.7172820582559036,0.8646846818780716,-6.095006922610917,miscanthus_floridulus_15wks vs miscanthus_sacchariflorus_4x_15wks,FALSE
4256,-0.19826309241916462,17.05857041364575,-0.3738986056146241,0.7176762309964029,0.8647379734127445,-6.095223378436495,miscanthus_floridulus_15wks vs miscanthus_sacchariflorus_4x_15wks,FALSE
2699,0.6549546404107751,18.2525261608396,0.37357725786016527,0.7179066262493725,0.8647379734127445,-6.095349732631206,miscanthus_floridulus_15wks vs miscanthus_sacchariflorus_4x_15wks,FALSE
2691,-0.1886748524538362,23.744137568475107,-0.37111542428448263,0.7196726838717507,0.8663411145322264,-6.096314244632473,miscanthus_floridulus_15wks vs miscanthus_sacchariflorus_4x_15wks,FALSE
309,0.7486631536002903,22.206161026649195,0.3709115845341766,0.7198189931482525,0.8663411145322264,-6.096393829912361,miscanthus_floridulus_15wks vs miscanthus_sacchariflorus_4x_15wks,FALSE
24249,0.23685328950384132,16.833251850474877,0.36975868200054496,0.7206467365312337,0.8669871921126672,-6.096843162743245,miscanthus_floridulus_15wks vs miscanthus_sacchariflorus_4x_15wks,FALSE
22141,0.3520515619895086,16.810238253267684,0.36926478079259845,0.7210014590785313,0.8670639015552959,-6.097035242275258,miscanthus_floridulus_15wks vs miscanthus_sacchariflorus_4x_15wks,FALSE
5368,0.39448144266223295,19.551713861338392,0.36801386102575706,0.7219001948461233,0.8677945061078852,-6.097520617732905,miscanthus_floridulus_15wks vs miscanthus_sacchariflorus_4x_15wks,FALSE
5855,-0.44365851775618026,19.951539369860754,-0.36732790998425796,0.7223932166426978,0.8680370103206612,-6.097786100703752,miscanthus_floridulus_15wks vs miscanthus_sacchariflorus_4x_15wks,FALSE
442,-0.29373136341831696,24.049018167317154,-0.3663804590917296,0.7230744141911827,0.8685053423175028,-6.098152003828025,miscanthus_floridulus_15wks vs miscanthus_sacchariflorus_4x_15wks,FALSE
555,-0.23788205076514046,24.41795692907514,-0.36363130267139193,0.7250524722874518,0.870530365598955,-6.099208545147158,miscanthus_floridulus_15wks vs miscanthus_sacchariflorus_4x_15wks,FALSE
22391,0.2071074981827259,17.327180607393952,0.3620466226227682,0.7261936632409985,0.8715493823834779,-6.099814061566522,miscanthus_floridulus_15wks vs miscanthus_sacchariflorus_4x_15wks,FALSE
17,-0.31335288912292114,26.553996050579947,-0.3614094045731165,0.7266527526786515,0.8717492765629555,-6.100056824912792,miscanthus_floridulus_15wks vs miscanthus_sacchariflorus_4x_15wks,FALSE
7126,0.4652182711832644,19.649433053129194,0.36050643359083856,0.7273035055592537,0.8718407101751356,-6.100400123979759,miscanthus_floridulus_15wks vs miscanthus_sacchariflorus_4x_15wks,FALSE
12,-0.19140977389805514,23.788722561197357,-0.36009798671943083,0.7275979416112126,0.8718407101751356,-6.10055513754747,miscanthus_floridulus_15wks vs miscanthus_sacchariflorus_4x_15wks,FALSE
3928,0.5965996883464939,18.64446820364824,0.36008589370264465,0.7276066598005243,0.8718407101751356,-6.1005597244896075,miscanthus_floridulus_15wks vs miscanthus_sacchariflorus_4x_15wks,FALSE
150,0.5083893690919439,22.45122274141569,0.3579271493633944,0.7291636269244921,0.8729543195963085,-6.101376156216031,miscanthus_floridulus_15wks vs miscanthus_sacchariflorus_4x_15wks,FALSE
2176,-0.4653959468369173,18.95440471400925,-0.3576974561599724,0.7293293683992559,0.8729543195963085,-6.101462745662472,miscanthus_floridulus_15wks vs miscanthus_sacchariflorus_4x_15wks,FALSE
1007,0.853639957292522,19.225131580246405,0.35757899811346067,0.7294148509378551,0.8729543195963085,-6.101507380773705,miscanthus_floridulus_15wks vs miscanthus_sacchariflorus_4x_15wks,FALSE
18117,0.3496954967813437,17.19406521275253,0.3544128900641154,0.73170107485940306,0.8751248117466097,-6.1026950639888,miscanthus_floridulus_15wks vs miscanthus_sacchariflorus_4x_15wks,FALSE
23531,0.2837129461101249,16.98702463243919,0.3542541394590872,0.731815782171997,0.8751248117466097,-6.102754345587799,miscanthus_floridulus_15wks vs miscanthus_sacchariflorus_4x_15wks,FALSE
17694,-0.2327958101696339,17.528514684558402,-0.35258273493638254,0.7330239081023378,0.8761292430203362,-6.103376928520794,miscanthus_floridulus_15wks vs miscanthus_sacchariflorus_4x_15wks,FALSE
9623,-0.26953413160916995,17.688996207239228,-0.3520925749427283,0.7333783549022856,0.8761292430203362,-6.103558967190603,miscanthus_floridulus_15wks vs miscanthus_sacchariflorus_4x_15wks,FALSE
1580,-0.2324871964841293,21.12861066648726,-0.3518721954906801,0.733537738703268,0.8761292430203362,-6.1036407330437426,miscanthus_floridulus_15wks vs miscanthus_sacchariflorus_4x_15wks,FALSE
198,0.6709833919290951,21.8784097480459,0.3503794840401806,0.7346176623113198,0.8770675615736109,-6.1041932560469165,miscanthus_floridulus_15wks vs miscanthus_sacchariflorus_4x_15wks,FALSE
24417,0.224502953439071,16.853898284521843,0.34908745553811155,0.7355529017956834,0.8774980034453623,-6.104669656896944,miscanthus_floridulus_15wks vs miscanthus_sacchariflorus_4x_15wks,FALSE
7698,-0.2975524771883755,17.194406512426923,-0.3487428419954746,0.7358024301785657,0.8774980034453623,-6.104796435397133,miscanthus_floridulus_15wks vs miscanthus_sacchariflorus_4x_15wks,FALSE
5904,-0.4408010799577049,20.18500387357745,-0.3483505635213697,0.7360865121029783,0.8774980034453623,-6.104940601270872,miscanthus_floridulus_15wks vs miscanthus_sacchariflorus_4x_15wks,FALSE
3513,-0.2875593603978537,20.99991977228571,-0.3475422759031289,0.7366719962293926,0.8774980034453623,-6.1052371577258056,miscanthus_floridulus_15wks vs miscanthus_sacchariflorus_4x_15wks,FALSE
5145,-0.45006613895967007,17.798034955699766,-0.34740806129001345,0.7367692323147315,0.8774980034453623,-6.105286335625347,miscanthus_floridulus_15wks vs miscanthus_sacchariflorus_4x_15wks,FALSE
5501,-0.4206764602990596,17.87556329490615,-0.3472546588838324,0.7368803757341937,0.8774980034453623,-6.105342521590111,miscanthus_floridulus_15wks vs miscanthus_sacchariflorus_4x_15wks,FALSE
759,0.48418744696616045,17.70251732897303,0.3464382857012228,0.7374719658160049,0.8774980034453623,-6.105641125474358,miscanthus_floridulus_15wks vs miscanthus_sacchariflorus_4x_15wks,FALSE
60,0.1813511093819038,19.580186449381195,0.34625485858816984,0.7376049128517965,0.8774980034453623,-6.105708123526176,miscanthus_floridulus_15wks vs miscanthus_sacchariflorus_4x_15wks,FALSE
31,0.19683849511181606,20.69780868799682,0.34622251643482826,0.7376283552451788,0.8774980034453623,-6.105719933154269,miscanthus_floridulus_15wks vs miscanthus_sacchariflorus_4x_15wks,FALSE
11341,0.2335992442769168,16.74870601702801,0.3457829707610735,0.7379469775163614,0.8775267330402062,-6.105880325586189,miscanthus_floridulus_15wks vs miscanthus_sacchariflorus_4x_15wks,FALSE
21,0.17227516923305686,29.136270458907408,0.34448574885621186,0.7388876318666182,0.878294831656371,-6.106352534814697,miscanthus_floridulus_15wks vs miscanthus_sacchariflorus_4x_15wks,FALSE
10412,0.4505999326550558,17.275493802514347,0.34252402521213504,0.7403110165339533,0.8795482999237362,-6.107063358661379,miscanthus_floridulus_15wks vs miscanthus_sacchariflorus_4x_15wks,FALSE
17780,-0.28508155928240697,17.5581848421988,-0.3422189817512562,0.7405324444659913,0.8795482999237362,-6.107173535849884,miscanthus_floridulus_15wks vs miscanthus_sacchariflorus_4x_15wks,FALSE
140,0.5291418434060766,18.344131914739158,0.3414788326100421,0.7410698171101759,0.8798358784814041,-6.107440470330445,miscanthus_floridulus_15wks vs miscanthus_sacchariflorus_4x_15wks,FALSE
1477,-0.43925198635195173,22.293750313639876,-0.339556866232172,0.7424659269659013,0.879936811957836,-6.1081310039935115,miscanthus_floridulus_15wks vs miscanthus_sacchariflorus_4x_15wks,FALSE
4505,0.4191331520254238,18.783555776525443,0.33898338987357424,0.7428826932308491,0.879936811957836,-6.108336311670678,miscanthus_floridulus_15wks vs miscanthus_sacchariflorus_4x_15wks,FALSE
184,0.16494335415659833,26.785114833775094,0.3385108098162431,0.7432262016484217,0.879936811957836,-6.108505244386738,miscanthus_floridulus_15wks vs miscanthus_sacchariflorus_4x_15wks,FALSE
10213,-0.3989405694279853,17.16122148228665,-0.33846843082853184,0.7432570089989208,0.879936811957836,-6.108520382367191,miscanthus_floridulus_15wks vs miscanthus_sacchariflorus_4x_15wks,FALSE
24473,0.3163236637119944,16.617702067088775,0.33810778312246365,0.7435192011069741,0.879936811957836,-6.108649132923719,miscanthus_floridulus_15wks vs miscanthus_sacchariflorus_4x_15wks,FALSE
2078,0.7031645875488515,20.230325687684957,0.33768035416485026,0.7438299890876167,0.879936811957836,-6.108801551464879,miscanthus_floridulus_15wks vs miscanthus_sacchariflorus_4x_15wks,FALSE
21940,0.26407453449756346,16.651599916580242,0.3375237450881916,0.7439438735468854,0.879936811957836,-6.108857350375603,miscanthus_floridulus_15wks vs miscanthus_sacchariflorus_4x_15wks,FALSE
1900,-0.6137263472870558,20.591886276797627,-0.3375162905922524,0.7439492945428814,0.879936811957836,-6.108860005742043,miscanthus_floridulus_15wks vs miscanthus_sacchariflorus_4x_15wks,FALSE
777,-0.3142374822211238,22.3373997883425,-0.33697907079026956,0.7443400066232881,0.879936811957836,-6.109051218707327,miscanthus_floridulus_15wks vs miscanthus_sacchariflorus_4x_15wks,FALSE
2506,-0.6594980753470701,19.22407499726376,-0.33630848713943157,0.7448278217826617,0.879936811957836,-6.109289484344593,miscanthus_floridulus_15wks vs miscanthus_sacchariflorus_4x_15wks,FALSE
1166,0.4990433386183959,19.08123441604185,0.3362440362972993,0.7448747128579751,0.879936811957836,-6.109312360115706,miscanthus_floridulus_15wks vs miscanthus_sacchariflorus_4x_15wks,FALSE
2564,-0.34401980539946564,17.217925729282193,-0.336127426216767,0.7449595551276266,0.879936811957836,-6.10935373811852,miscanthus_floridulus_15wks vs miscanthus_sacchariflorus_4x_15wks,FALSE
24024,0.2016797121209457,16.973784634189844,0.3360807972926858,0.7449934820703423,0.879936811957836,-6.109370280052121,miscanthus_floridulus_15wks vs miscanthus_sacchariflorus_4x_15wks,FALSE
3760,-0.2406611399074272,17.01001165483099,-0.33541741770783084,0.745476216835528,0.8801581323969387,-6.109605376800774,miscanthus_floridulus_15wks vs miscanthus_sacchariflorus_4x_15wks,FALSE
674,0.48453036083019896,17.53246638645676,0.33455286309874244,0.7461055225691402,0.8805522602994209,-6.109911090364535,miscanthus_floridulus_15wks vs miscanthus_sacchariflorus_4x_15wks,FALSE
3286,0.6218209456039645,18.493636496756004,0.33370773331235953,0.7467208832447406,0.8809296247305333,-6.110209193289489,miscanthus_floridulus_15wks vs miscanthus_sacchariflorus_4x_15wks,FALSE
2583,0.577232140329027,18.489011845678334,0.3316868624937212,0.7481931070618952,0.8814404021685657,-6.110919041134962,miscanthus_floridulus_15wks vs miscanthus_sacchariflorus_4x_15wks,FALSE
5771,0.15354091965194527,20.3320945598325,0.3309876619792679,0.748702735380385,0.8814404021685657,-6.11116366411638,miscanthus_floridulus_15wks vs miscanthus_sacchariflorus_4x_15wks,FALSE
17787,0.2319508958069143,17.624016464581274,0.330902438973647,0.7487648610285367,0.8814404021685657,-6.111193445969248,miscanthus_floridulus_15wks vs miscanthus_sacchariflorus_4x_15wks,FALSE
11410,-0.3461652914755291,17.732951222564374,-0.3308790521149245,0.748781909859061,0.8814404021685657,-6.111201617386557,miscanthus_floridulus_15wks vs miscanthus_sacchariflorus_4x_15wks,FALSE
3229,-0.23484607762245702,17.875775440812895,-0.3301196552737587,0.7493355830952195,0.8814404021685657,-6.111466646728342,miscanthus_floridulus_15wks vs miscanthus_sacchariflorus_4x_15wks,FALSE
11512,0.4283614391637691,17.318768505290887,0.3298975873439973,0.7494975209190873,0.8814404021685657,-6.111544036369471,miscanthus_floridulus_15wks vs miscanthus_sacchariflorus_4x_15wks,FALSE
4547,-0.5594392320104262,17.60920415698309,-0.329569912712366,0.749736493870492,0.8814404021685657,-6.111658136860468,miscanthus_floridulus_15wks vs miscanthus_sacchariflorus_4x_15wks,FALSE
1475,-0.34151074142629767,17.056235365648696,-0.32874946137627736,0.750334973570093,0.8814404021685657,-6.111943344236662,miscanthus_floridulus_15wks vs miscanthus_sacchariflorus_4x_15wks,FALSE
7321,-0.27513784377267925,18.00856329000443,-0.3279894850822603,0.750889498678117,0.8814404021685657,-6.112206911572248,miscanthus_floridulus_15wks vs miscanthus_sacchariflorus_4x_15wks,FALSE
2198,0.47063397070058954,20.53028410195268,0.3277068148185218,0.7510957911238714,0.8814404021685657,-6.112304792871295,miscanthus_floridulus_15wks vs miscanthus_sacchariflorus_4x_15wks,FALSE
2225,-0.8265237450125689,19.899307081763148,-0.3274351617002492,0.7512940631529015,0.8814404021685657,-6.112398781777613,miscanthus_floridulus_15wks vs miscanthus_sacchariflorus_4x_15wks,FALSE
5177,0.5362974070050548,18.837719005940393,0.3271065837915101,0.7515339090199582,0.8814404021685657,-6.112512364580045,miscanthus_floridulus_15wks vs miscanthus_sacchariflorus_4x_15wks,FALSE
21659,-0.34431148842943315,17.046606221065105,-0.3270960312805502,0.7515416123108366,0.8814404021685657,-6.112516010531031,miscanthus_floridulus_15wks vs miscanthus_sacchariflorus_4x_15wks,FALSE
11259,0.39514075801408666,17.755759162004196,0.32694355909274764,0.7516529196758455,0.8814404021685657,-6.11256867773075,miscanthus_floridulus_15wks vs miscanthus_sacchariflorus_4x_15wks,FALSE
1453,0.3818249777058256,17.364484296113627,0.326595278970275,0.7519071932381959,0.8814404021685657,-6.112688891524943,miscanthus_floridulus_15wks vs miscanthus_sacchariflorus_4x_15wks,FALSE
4313,0.37674382368538417,17.969615483911973,0.32648302373155863,0.751989155740952,0.8814404021685657,-6.112727611408778,miscanthus_floridulus_15wks vs miscanthus_sacchariflorus_4x_15wks,FALSE
725,-0.17054424886190844,24.890361756550107,-0.3262186557916413,0.7521821955418331,0.8814404021685657,-6.112818747876412,miscanthus_floridulus_15wks vs miscanthus_sacchariflorus_4x_15wks,FALSE
53,-0.37814674535111337,23.029159870313354,-0.3252301060361619,0.7529041911386899,0.8816767118170001,-6.113158896772415,miscanthus_floridulus_15wks vs miscanthus_sacchariflorus_4x_15wks,FALSE
6719,0.22797563710528124,17.08079919463408,0.3251323786862892,0.7529755810651898,0.8816767118170001,-6.113192469033058,miscanthus_floridulus_15wks vs miscanthus_sacchariflorus_4x_15wks,FALSE
811,0.30542136905069484,16.96113230069761,0.3245696841477363,0.7533866787054393,0.8818115878013391,-6.113385580151232,miscanthus_floridulus_15wks vs miscanthus_sacchariflorus_4x_15wks,FALSE
9797,0.2403005483091789,17.106617121071547,0.3240964475462677,0.7537324836945369,0.8818699652177935,-6.113547737886969,miscanthus_floridulus_15wks vs miscanthus_sacchariflorus_4x_15wks,FALSE
2257,-0.5546946871953082,18.80665865615941,-0.32338412776179704,0.7542531027572872,0.8821327496925886,-6.1137913843950535,miscanthus_floridulus_15wks vs miscanthus_sacchariflorus_4x_15wks,FALSE
13731,-0.15652627709613398,16.99855417455631,-0.3205731215115183,0.7563088967339591,0.8841900793515881,-6.1147477795657075,miscanthus_floridulus_15wks vs miscanthus_sacchariflorus_4x_15wks,FALSE
9922,0.2737352678167504,17.312778713517663,0.31978499957474343,0.7568856479721877,0.8845173454733802,-6.115014463040218,miscanthus_floridulus_15wks vs miscanthus_sacchariflorus_4x_15wks,FALSE
1040,-0.282711184155783,24.686375334288186,-0.3193295107373031,0.7572190500479398,0.8845600819846572,-6.115168298777938,miscanthus_floridulus_15wks vs miscanthus_sacchariflorus_4x_15wks,FALSE
4889,-0.43176597666433025,18.317351963457487,-0.3157713633578718,0.7598253299088813,0.8872568507556686,-6.11636265800032,miscanthus_floridulus_15wks vs miscanthus_sacchariflorus_4x_15wks,FALSE
6008,0.48752000730248923,19.1671824488908,0.31519831190214287,0.7602453835302798,0.8873655000549726,-6.116553792816358,miscanthus_floridulus_15wks vs miscanthus_sacchariflorus_4x_15wks,FALSE
7685,-0.2595972933285431,17.90516101733735,-0.31432745162291353,0.7608838951255599,0.8873655000549726,-6.116843609756347,miscanthus_floridulus_15wks vs miscanthus_sacchariflorus_4x_15wks,FALSE
2017,-0.747790125370873,19.434875474175513,-0.31386106401688946,0.7612259283004437,0.8873655000549726,-6.11699849891999,miscanthus_floridulus_15wks vs miscanthus_sacchariflorus_4x_15wks,FALSE
775,0.8012784922429788,18.724437145519495,0.3136988614803897,0.7613448952263995,0.8873655000549726,-6.117052314414455,miscanthus_floridulus_15wks vs miscanthus_sacchariflorus_4x_15wks,FALSE
405,0.6131111489091197,20.530822098032143,0.31323630038662015,0.7616841959035471,0.8873655000549726,-6.117205633630852,miscanthus_floridulus_15wks vs miscanthus_sacchariflorus_4x_15wks,FALSE
1978,0.1580585629798783,22.97547497103733,0.3128817119979362,0.7619443325754717,0.8873655000549726,-6.117323014987066,miscanthus_floridulus_15wks vs miscanthus_sacchariflorus_4x_15wks,FALSE
14557,0.2673470560702107,17.169380041721634,0.312802035344763,0.7620027901478775,0.8873655000549726,-6.117349372933365,miscanthus_floridulus_15wks vs miscanthus_sacchariflorus_4x_15wks,FALSE
22303,0.22533386307816983,16.476113144340644,0.31220822399201625,0.762438511388021,0.8875260796626182,-6.117545606093948,miscanthus_floridulus_15wks vs miscanthus_sacchariflorus_4x_15wks,FALSE
9943,0.24474892944957105,17.11167424953683,0.3117029389422546,0.7628093449748562,0.8876110300761699,-6.117712297853759,miscanthus_floridulus_15wks vs miscanthus_sacchariflorus_4x_15wks,FALSE
7017,-0.22554102059082126,16.645852055846497,-0.30996879563070456,0.7640825400679419,0.8887454993764506,-6.118282380632385,miscanthus_floridulus_15wks vs miscanthus_sacchariflorus_4x_15wks,FALSE
2305,0.1479283479140321,23.04861179707162,0.3069454227909119,0.7663040858128161,0.8903798811077788,-6.119268855971377,miscanthus_floridulus_15wks vs miscanthus_sacchariflorus_4x_15wks,FALSE
590,-0.5973654713048404,18.131168629281543,-0.3068411577831522,0.7663807395553888,0.8903798811077788,-6.119302707384211,miscanthus_floridulus_15wks vs miscanthus_sacchariflorus_4x_15wks,FALSE
4912,0.5665927785648464,17.619386795456272,0.3068131680122892,0.7664013175890381,0.8903798811077788,-6.119311792827524,miscanthus_floridulus_15wks vs miscanthus_sacchariflorus_4x_15wks,FALSE
4153,-0.3740801269831273,18.499345662214196,-0.3060254972272805,0.766980491934605,0.8903798811077788,-6.119567137684182,miscanthus_floridulus_15wks vs miscanthus_sacchariflorus_4x_15wks,FALSE
11004,0.20908451846263176,17.210101332333327,0.30602399649347767,0.7669815955717008,0.8903798811077788,-6.119567623575607,miscanthus_floridulus_15wks vs miscanthus_sacchariflorus_4x_15wks,FALSE
4993,-0.5074734863378296,20.460840733024014,-0.30502680191183684,0.7677150545953155,0.8906528636860406,-6.119889969672301,miscanthus_floridulus_15wks vs miscanthus_sacchariflorus_4x_15wks,FALSE
300,0.6764459431266836,24.50051443074033,0.30489162545227827,0.7678144989293417,0.8906528636860406,-6.119933586726834,miscanthus_floridulus_15wks vs miscanthus_sacchariflorus_4x_15wks,FALSE
1853,-0.4852886485639658,18.729779219032416,-0.3036544994899538,0.7687248172244674,0.8913618503225342,-6.120331889251163,miscanthus_floridulus_15wks vs miscanthus_sacchariflorus_4x_15wks,FALSE
2813,-0.3621265718715776,18.29777820493604,-0.3027526547073272,0.7693886630211317,0.8917846035795303,-6.120621247706637,miscanthus_floridulus_15wks vs miscanthus_sacchariflorus_4x_15wks,FALSE
23854,0.1779899142661101,17.16379953004487,0.3016570599089434,0.770195397477692,0.8917891490216914,-6.120971639148848,miscanthus_floridulus_15wks vs miscanthus_sacchariflorus_4x_15wks,FALSE
2463,0.6140742433703998,18.394532852057395,0.30158631142549785,0.7702475028366038,0.8917891490216914,-6.120994223127725,miscanthus_floridulus_15wks vs miscanthus_sacchariflorus_4x_15wks,FALSE
1928,-0.5483302270054438,18.794232436722503,-0.30152812282919156,0.7702903589200784,0.8917891490216914,-6.121012793919881,miscanthus_floridulus_15wks vs miscanthus_sacchariflorus_4x_15wks,FALSE
2724,-0.6280555730104815,19.54084149561271,-0.2998844313437392,0.7715012859556869,0.8928442066593969,-6.121535927671419,miscanthus_floridulus_15wks vs miscanthus_sacchariflorus_4x_15wks,FALSE
5532,-0.3660178671364953,20.6067173073208,-0.2994205451693621,0.7718431560715869,0.8928930920393358,-6.1216830615946085,miscanthus_floridulus_15wks vs miscanthus_sacchariflorus_4x_15wks,FALSE
1544,0.7146932866310607,19.01467304300445,0.2978580422845696,0.7729950597026598,0.8932642495123116,-6.12217701202723,miscanthus_floridulus_15wks vs miscanthus_sacchariflorus_4x_15wks,FALSE
3617,0.5299328154324954,18.293653996907565,0.2978050274939069,0.7730341535294125,0.8932642495123116,-6.122193727123752,miscanthus_floridulus_15wks vs miscanthus_sacchariflorus_4x_15wks,FALSE
2520,-0.417686430863931,18.923738585064235,-0.2977655640354527,0.7730632548631717,0.8932642495123116,-6.122206167714679,miscanthus_floridulus_15wks vs miscanthus_sacchariflorus_4x_15wks,FALSE
1775,0.4322420410567851,18.17890717496428,0.2964648798316899,0.7740226231911096,0.8940253847428776,-6.122615296928222,miscanthus_floridulus_15wks vs miscanthus_sacchariflorus_4x_15wks,FALSE
21493,-0.18046478647114128,17.01323361674233,-0.2960591261059529,0.7743219859132104,0.8940253847428776,-6.122742567808397,miscanthus_floridulus_15wks vs miscanthus_sacchariflorus_4x_15wks,FALSE
1181,0.36499382827935634,20.177598692458364,0.2949614856170482,0.7751320179724772,0.8943889198125147,-6.1230860046577105,miscanthus_floridulus_15wks vs miscanthus_sacchariflorus_4x_15wks,FALSE
546,0.48259741253993127,22.975229325004722,0.29481911226963703,0.7752371073408475,0.8943889198125147,-6.123130459875475,miscanthus_floridulus_15wks vs miscanthus_sacchariflorus_4x_15wks,FALSE
10641,0.27635332164434345,17.181038401576156,0.2926283457841571,0.7768547818006039,0.8959083783923373,-6.123811864410148,miscanthus_floridulus_15wks vs miscanthus_sacchariflorus_4x_15wks,FALSE
2306,-0.34820587113700086,18.043413253577512,-0.2912662440879734,0.7778611449235708,0.8962263125140257,-6.124233016619379,miscanthus_floridulus_15wks vs miscanthus_sacchariflorus_4x_15wks,FALSE
3065,-0.6049123876737532,18.931104220545063,-0.2911706134138787,0.7779318164725899,0.8962263125140257,-6.124262512660191,miscanthus_floridulus_15wks vs miscanthus_sacchariflorus_4x_15wks,FALSE
10666,-0.2549175730552129,17.58402899971587,-0.290972644087089,0.7780781237230847,0.8962263125140257,-6.124323543587435,miscanthus_floridulus_15wks vs miscanthus_sacchariflorus_4x_15wks,FALSE
8414,0.3730644779307113,17.787275544790056,0.2906271834474552,0.7783334552974157,0.8962263125140257,-6.1244299464750105,miscanthus_floridulus_15wks vs miscanthus_sacchariflorus_4x_15wks,FALSE
2702,-0.49337114320607256,18.934129911022808,-0.2883736042011443,0.7799997814082548,0.8977911087095956,-6.125121017179469,miscanthus_floridulus_15wks vs miscanthus_sacchariflorus_4x_15wks,FALSE
895,0.48204775768881447,18.60578550408724,0.28797457119365577,0.7802949568986083,0.8977911087095956,-6.125242833347002,miscanthus_floridulus_15wks vs miscanthus_sacchariflorus_4x_15wks,FALSE
96,0.13665599592783195,27.083400300656592,0.28701743717203687,0.7810031277956955,0.898259097194586,-6.12553435206255,miscanthus_floridulus_15wks vs miscanthus_sacchariflorus_4x_15wks,FALSE
5565,0.4865154553992532,18.402194244322214,0.2865729641045654,0.7813320608856009,0.8982907181477975,-6.1256694039192015,miscanthus_floridulus_15wks vs miscanthus_sacchariflorus_4x_15wks,FALSE
2035,-0.3614498112881819,21.728656846683187,-0.2842891872137528,0.7830229044097352,0.8996164875764016,-6.126360088074771,miscanthus_floridulus_15wks vs miscanthus_sacchariflorus_4x_15wks,FALSE
6564,-0.407817185462239,18.19941843811604,-0.2841999703156562,0.7830889828097939,0.8996164875764016,-6.126386960062711,miscanthus_floridulus_15wks vs miscanthus_sacchariflorus_4x_15wks,FALSE
4099,-0.4985998609918383,18.888781162397624,-0.28233952805460744,0.7844673394352557,0.9005309644828867,-6.1269454382070725,miscanthus_floridulus_15wks vs miscanthus_sacchariflorus_4x_15wks,FALSE
11044,0.2873808878610298,17.960132971290335,0.28230977330953444,0.7844893905360987,0.9005309644828867,-6.1269543409375125,miscanthus_floridulus_15wks vs miscanthus_sacchariflorus_4x_15wks,FALSE
23768,0.13290524762566136,16.628587122290522,0.2813929625033544,0.7851689351589916,0.9005640161765912,-6.127228203215142,miscanthus_floridulus_15wks vs miscanthus_sacchariflorus_4x_15wks,FALSE
349,0.6576682691340494,19.44398048777959,0.2807810582142358,0.7856225897097248,0.9005640161765912,-6.127410500186606,miscanthus_floridulus_15wks vs miscanthus_sacchariflorus_4x_15wks,FALSE
11208,0.2677843794853487,16.90038707044946,0.28071295141029556,0.7856730881816264,0.9005640161765912,-6.127430766322577,miscanthus_floridulus_15wks vs miscanthus_sacchariflorus_4x_15wks,FALSE
5264,0.3069859428862145,20.59218358800669,0.2806402507702444,0.7857269939795762,0.9005640161765912,-6.12745239409844,miscanthus_floridulus_15wks vs miscanthus_sacchariflorus_4x_15wks,FALSE
4866,0.25933649556787586,17.570237984491786,0.279602582392349,0.7864965331134582,0.9009019096689633,-6.127760492055448,miscanthus_floridulus_15wks vs miscanthus_sacchariflorus_4x_15wks,FALSE
3001,-0.15757137609078242,21.55495612888993,-0.2794274552626843,0.7866264325364573,0.9009019096689633,-6.12781237928952,miscanthus_floridulus_15wks vs miscanthus_sacchariflorus_4x_15wks,FALSE
9172,0.19123103057624746,17.071617030687225,0.27781246000545273,0.7878246763382215,0.9015926483686704,-6.12828937216262,miscanthus_floridulus_15wks vs miscanthus_sacchariflorus_4x_15wks,FALSE
2718,0.4471561868009708,18.324505274003897,0.27747339883131983,0.7880763181567536,0.9015926483686704,-6.128389170192886,miscanthus_floridulus_15wks vs miscanthus_sacchariflorus_4x_15wks,FALSE
782,-0.2570362428714503,24.300847694871102,-0.27739137535702846,0.7881371976511363,0.9015926483686704,-6.128413294720206,miscanthus_floridulus_15wks vs miscanthus_sacchariflorus_4x_15wks,FALSE
1611,-0.3504501319505522,18.25071744682866,-0.276733087505094,0.788625847869566,0.9017450395260286,-6.128606655125752,miscanthus_floridulus_15wks vs miscanthus_sacchariflorus_4x_15wks,FALSE
1491,0.7156743628593567,19.353000732948928,0.2763966702888222,0.7888756100819988,0.9017450395260286,-6.128705297663728,miscanthus_floridulus_15wks vs miscanthus_sacchariflorus_4x_15wks,FALSE
1993,-0.698710437795647,20.241830471179856,-0.2746121360612243,0.7902009101906082,0.9024847372992808,-6.129226580534769,miscanthus_floridulus_15wks vs miscanthus_sacchariflorus_4x_15wks,FALSE
3307,-0.3056977158335634,18.32245630344356,-0.2742334538961229,0.790482234592535,0.9024847372992808,-6.129336771673898,miscanthus_floridulus_15wks vs miscanthus_sacchariflorus_4x_15wks,FALSE
6865,-0.1979792193205121,16.55734518235061,-0.274186594133565,0.7905170491383056,0.9024847372992808,-6.129350396822457,miscanthus_floridulus_15wks vs miscanthus_sacchariflorus_4x_15wks,FALSE
465,0.685009003821559,19.45975341870223,0.2738944485173605,0.7907341104323564,0.9024847372992808,-6.129435290808619,miscanthus_floridulus_15wks vs miscanthus_sacchariflorus_4x_15wks,FALSE
7488,0.4498047742597393,18.949270060668326,0.27318150403568203,0.7912639018869501,0.9025026079959928,-6.129642090892116,miscanthus_floridulus_15wks vs miscanthus_sacchariflorus_4x_15wks,FALSE
24668,-0.189239097499037,17.007894551362547,-0.2730582893592584,0.7913554747293723,0.9025026079959928,-6.129677777501463,miscanthus_floridulus_15wks vs miscanthus_sacchariflorus_4x_15wks,FALSE
155,0.1956561035208857,23.190712380778212,0.2720076674301005,0.7921364329107128,0.9030476549632457,-6.12998142661388,miscanthus_floridulus_15wks vs miscanthus_sacchariflorus_4x_15wks,FALSE
823,0.1811372928509094,16.76080791950474,0.26987868925654274,0.7937197228172691,0.9045066057344023,-6.130593215727858,miscanthus_floridulus_15wks vs miscanthus_sacchariflorus_4x_15wks,FALSE
2439,-0.5861857870551574,19.666789154916682,-0.26861861236010187,0.7946572992853065,0.9050724526579293,-6.130953090610921,miscanthus_floridulus_15wks vs miscanthus_sacchariflorus_4x_15wks,FALSE
18588,-0.18647055198913876,17.609990813943416,-0.2683950317005765,0.7948236941630205,0.9050724526579293,-6.131016771880161,miscanthus_floridulus_15wks vs miscanthus_sacchariflorus_4x_15wks,FALSE
3004,-0.4821584808231769,19.37506013753179,-0.2668612967299901,0.7959654399517663,0.906026360220116,-6.131452212833216,miscanthus_floridulus_15wks vs miscanthus_sacchariflorus_4x_15wks,FALSE
98,-0.3432384445910053,22.84169213471701,-0.2658931076116329,0.7966864480939029,0.9065008076822568,-6.131725827818306,miscanthus_floridulus_15wks vs miscanthus_sacchariflorus_4x_15wks,FALSE
9131,-0.21630909574722068,18.34710038228845,-0.2652300565577293,0.797180339447734,0.9067165692955143,-6.131912645462865,miscanthus_floridulus_15wks vs miscanthus_sacchariflorus_4x_15wks,FALSE
4274,-0.4795396535145535,18.192553613563312,-0.2639358777894968,0.7981446205082224,0.9068964106202129,-6.132275965512542,miscanthus_floridulus_15wks vs miscanthus_sacchariflorus_4x_15wks,FALSE
14272,-0.19874232329135566,18.31574653400329,-0.2634096145623953,0.7985368391327183,0.9068964106202129,-6.132423205928024,miscanthus_floridulus_15wks vs miscanthus_sacchariflorus_4x_15wks,FALSE
295,0.2596129916984715,16.283123655851387,0.26340547442102635,0.7985399249771507,0.9068964106202129,-6.13242436313109,miscanthus_floridulus_15wks vs miscanthus_sacchariflorus_4x_15wks,FALSE
23598,-0.20673916588669172,16.958059226215486,-0.2633842218441081,0.7985557655931002,0.9068964106202129,-6.132430303117115,miscanthus_floridulus_15wks vs miscanthus_sacchariflorus_4x_15wks,FALSE
1080,0.3408440536624546,17.488760755769206,0.2600285016628782,0.8010581818109213,0.909391764493922,-6.133362297974687,miscanthus_floridulus_15wks vs miscanthus_sacchariflorus_4x_15wks,FALSE
2133,-0.20289757389013374,16.513921971887324,-0.25876975826895027,0.8019974741888314,0.9097870290382184,-6.133708861786918,miscanthus_floridulus_15wks vs miscanthus_sacchariflorus_4x_15wks,FALSE
718,-0.4182979050070763,17.846907317530338,-0.25874365718092207,0.8020169547930872,0.9097870290382184,-6.133716030569783,miscanthus_floridulus_15wks vs miscanthus_sacchariflorus_4x_15wks,FALSE
4804,-0.4114145666107838,18.195093649172584,-0.2571622567102644,0.8031975083180234,0.9107795185645775,-6.1341490422430685,miscanthus_floridulus_15wks vs miscanthus_sacchariflorus_4x_15wks,FALSE
1063,0.45431870932509,19.8883058100249,0.25636426565038406,0.8037934303068013,0.9111085668749591,-6.134366552979685,miscanthus_floridulus_15wks vs miscanthus_sacchariflorus_4x_15wks,FALSE
23977,0.18591927343276993,16.686410951350535,0.2551657646511985,0.804688698269147,0.9117765478486912,-6.134691982169486,miscanthus_floridulus_15wks vs miscanthus_sacchariflorus_4x_15wks,FALSE
1905,-0.42475825316900995,18.21789260178796,-0.25414048121842675,0.8054548156934147,0.9122626841953616,-6.134969186540776,miscanthus_floridulus_15wks vs miscanthus_sacchariflorus_4x_15wks,FALSE
8012,0.17347064337006657,17.12516197611064,0.2537264737963803,0.8057642352351654,0.9122626841953616,-6.135080809794245,miscanthus_floridulus_15wks vs miscanthus_sacchariflorus_4x_15wks,FALSE
242,-0.5213569641154727,22.13623046947696,-0.2532677772797399,0.8061070964898218,0.9122626841953616,-6.135204272797538,miscanthus_floridulus_15wks vs miscanthus_sacchariflorus_4x_15wks,FALSE
5323,-0.19744410958856307,17.449691906997153,-0.25260003401991976,0.8066062926238541,0.9122626841953616,-6.1353836098694154,miscanthus_floridulus_15wks vs miscanthus_sacchariflorus_4x_15wks,FALSE
1969,0.43760695688081697,17.989297031345405,0.25131880179749067,0.8075643865877118,0.9122626841953616,-6.135726407722609,miscanthus_floridulus_15wks vs miscanthus_sacchariflorus_4x_15wks,FALSE
13522,0.2628152629672762,17.706273285165175,0.2512052481541833,0.8076493175284539,0.9122626841953616,-6.135756706579716,miscanthus_floridulus_15wks vs miscanthus_sacchariflorus_4x_15wks,FALSE
2392,-0.45578621843183953,18.578381691404683,-0.2509485013000509,0.8078413578427378,0.9122626841953616,-6.135825163145192,miscanthus_floridulus_15wks vs miscanthus_sacchariflorus_4x_15wks,FALSE
3908,-0.2129940238422634,17.946723390252753,-0.2508232307765947,0.8079350620905257,0.9122626841953616,-6.13585853908056,miscanthus_floridulus_15wks vs miscanthus_sacchariflorus_4x_15wks,FALSE
4952,0.375150635570499,17.373118888132755,0.25048613720388946,0.8081872294102375,0.9122626841953616,-6.135948269731089,miscanthus_floridulus_15wks vs miscanthus_sacchariflorus_4x_15wks,FALSE
8630,0.18631084599688563,18.157367080935906,0.2504847237378078,0.8081882868220736,0.9122626841953616,-6.135948645730265,miscanthus_floridulus_15wks vs miscanthus_sacchariflorus_4x_15wks,FALSE
594,-0.3322424044662178,19.085633075793684,-0.2500879211559602,0.8084851506577013,0.9122626841953616,-6.136054117427239,miscanthus_floridulus_15wks vs miscanthus_sacchariflorus_4x_15wks,FALSE
10745,0.17717925490440223,16.799078318396475,0.24880068422309437,0.8094484088073459,0.9128513248300689,-6.136395136567425,miscanthus_floridulus_15wks vs miscanthus_sacchariflorus_4x_15wks,FALSE
15967,0.19621926493580943,17.128238527533657,0.2481256037164882,0.8099537184050271,0.9128513248300689,-6.136573288362504,miscanthus_floridulus_15wks vs miscanthus_sacchariflorus_4x_15wks,FALSE
20511,-0.15211512818002504,16.91130723676416,-0.24771244784570357,0.8102630191885704,0.9128513248300689,-6.136682083830672,miscanthus_floridulus_15wks vs miscanthus_sacchariflorus_4x_15wks,FALSE
21971,0.21578082080805316,16.867530438275796,0.2475182335149844,0.8104084259639966,0.9128513248300689,-6.136733164178049,miscanthus_floridulus_15wks vs miscanthus_sacchariflorus_4x_15wks,FALSE
503,0.2616184318199686,17.347010343101203,0.247344563124742,0.8105384582215981,0.9128513248300689,-6.136778807837126,miscanthus_floridulus_15wks vs miscanthus_sacchariflorus_4x_15wks,FALSE
22656,0.15802379887864504,17.243295488505755,0.2467864739715082,0.8109563583601935,0.9129769353658393,-6.1369252699171595,miscanthus_floridulus_15wks vs miscanthus_sacchariflorus_4x_15wks,FALSE
3797,-0.17267207923125838,17.028321246953404,-0.2457333098537172,0.8117451472513169,0.9133170190285629,-6.137200769112888,miscanthus_floridulus_15wks vs miscanthus_sacchariflorus_4x_15wks,FALSE
7644,-0.21727411353119663,17.8262791791133,-0.2455647644887285,0.8118714038277393,0.9133170190285629,-6.1372447514666115,miscanthus_floridulus_15wks vs miscanthus_sacchariflorus_4x_15wks,FALSE
409,0.47408560878493233,21.23620327150901,0.24456097929445839,0.8126234548586548,0.9137307359059699,-6.137506075992681,miscanthus_floridulus_15wks vs miscanthus_sacchariflorus_4x_15wks,FALSE
8591,0.363834441116218,17.19638308448241,0.24397511352616624,0.8130624891419681,0.9137307359059699,-6.1376581123087375,miscanthus_floridulus_15wks vs miscanthus_sacchariflorus_4x_15wks,FALSE
15744,0.23325271296654293,16.666368209601416,0.24384629683762565,0.8131590307458497,0.9137307359059699,-6.137691492961716,miscanthus_floridulus_15wks vs miscanthus_sacchariflorus_4x_15wks,FALSE
18814,-0.18164915803577486,17.03949074160692,-0.2417119718573267,0.8147590884130546,0.9149155268054365,-6.138242038143138,miscanthus_floridulus_15wks vs miscanthus_sacchariflorus_4x_15wks,FALSE
18405,0.16626326690813897,16.225789433473413,0.24087970580369716,0.8153832693295313,0.9149155268054365,-6.138455426788981,miscanthus_floridulus_15wks vs miscanthus_sacchariflorus_4x_15wks,FALSE
711,0.6814766891010038,19.85671355897565,0.24083722087011758,0.815415135811273,0.9149155268054365,-6.138466300239254,miscanthus_floridulus_15wks vs miscanthus_sacchariflorus_4x_15wks,FALSE
1149,0.4898174854178663,18.286622056884333,0.24048900222518427,0.8156763362352571,0.9149155268054365,-6.138555350883834,miscanthus_floridulus_15wks vs miscanthus_sacchariflorus_4x_15wks,FALSE
4512,-0.24528371951386774,17.379278083784573,-0.24039279194815,0.8157485082959882,0.9149155268054365,-6.1385799325327,miscanthus_floridulus_15wks vs miscanthus_sacchariflorus_4x_15wks,FALSE
4201,0.384170716781032,17.574554109169476,0.23943904817742578,0.8164640585745597,0.9153735494929225,-6.1388230887548945,miscanthus_floridulus_15wks vs miscanthus_sacchariflorus_4x_15wks,FALSE
408,-0.592304075545254,20.17285251959483,-0.2374264368329641,0.8179746235502953,0.9167222181947648,-6.139333074584403,miscanthus_floridulus_15wks vs miscanthus_sacchariflorus_4x_15wks,FALSE
13256,-0.16934757535974398,17.211831772371724,-0.23535620713538472,0.8195292706743751,0.9181192581239239,-6.1398532309503375,miscanthus_floridulus_15wks vs miscanthus_sacchariflorus_4x_15wks,FALSE
1245,0.5902604259987712,19.19188508701603,0.23426802208773828,0.8203467854495368,0.9186897484553249,-6.140124841562128,miscanthus_floridulus_15wks vs miscanthus_sacchariflorus_4x_15wks,FALSE
1119,-0.6062785350309774,20.65354436759295,-0.23366340077537334,0.820801116107032,0.9188532404203438,-6.140275218163526,miscanthus_floridulus_15wks vs miscanthus_sacchariflorus_4x_15wks,FALSE
3667,-0.20882287411189182,16.975180696770654,-0.23280155776547404,0.821448854133736,0.919233039924346,-6.14048890610318,miscanthus_floridulus_15wks vs miscanthus_sacchariflorus_4x_15wks,FALSE
1943,-0.11606546969879616,21.654831124935406,-0.23166932080799393,0.8223000323816007,0.9194591875143567,-6.140768452130284,miscanthus_floridulus_15wks vs miscanthus_sacchariflorus_4x_15wks,FALSE
1373,-0.12449243152653011,21.281139001799737,-0.2315342258958074,0.8224016088531431,0.9194591875143567,-6.1408017168625655,miscanthus_floridulus_15wks vs miscanthus_sacchariflorus_4x_15wks,FALSE
1463,0.19578588591960866,17.839605206994886,0.23097417830932157,0.8228227404921085,0.9194591875143567,-6.14093941443306,miscanthus_floridulus_15wks vs miscanthus_sacchariflorus_4x_15wks,FALSE
4653,0.12907320938783684,21.06789585492507,0.23089123093693836,0.8228851184901979,0.9194591875143567,-6.1409597805250025,miscanthus_floridulus_15wks vs miscanthus_sacchariflorus_4x_15wks,FALSE
6148,0.25799249927062107,17.434540430026818,0.2296837254088169,0.8237933356594533,0.9201106071812393,-6.141255442104432,miscanthus_floridulus_15wks vs miscanthus_sacchariflorus_4x_15wks,FALSE
10509,0.21531833648092658,16.60959873716741,0.2292951746151508,0.8240856411297744,0.9201106071812393,-6.141350254584776,miscanthus_floridulus_15wks vs miscanthus_sacchariflorus_4x_15wks,FALSE
64,-0.4907171185020047,22.908056309469607,-0.2268927775069354,0.8258935974211047,0.9212463264367579,-6.141932957916061,miscanthus_floridulus_15wks vs miscanthus_sacchariflorus_4x_15wks,FALSE
9145,0.3261311175799513,18.263081953211877,0.22688607820738008,0.8258986406061029,0.9212463264367579,-6.1419345743642495,miscanthus_floridulus_15wks vs miscanthus_sacchariflorus_4x_15wks,FALSE
21850,0.2011235223451635,17.07468930264665,0.2265561977335893,0.8261469828114789,0.9212463264367579,-6.142014111658933,miscanthus_floridulus_15wks vs miscanthus_sacchariflorus_4x_15wks,FALSE
85,0.13056920472002886,21.53572062591231,0.2263006147202203,0.826339406230018,0.9212463264367579,-6.142075656570097,miscanthus_floridulus_15wks vs miscanthus_sacchariflorus_4x_15wks,FALSE
14135,0.10769515676872032,19.160713206641805,0.22487601077320665,0.8274121887716389,0.9215988692499932,-6.142417447219477,miscanthus_floridulus_15wks vs miscanthus_sacchariflorus_4x_15wks,FALSE
1909,0.3282973255183599,21.311777533349897,0.22486327787472446,0.8274217788687601,0.9215988692499932,-6.1424204924824695,miscanthus_floridulus_15wks vs miscanthus_sacchariflorus_4x_15wks,FALSE
1493,-0.11978781672644345,23.811396107522768,-0.22464867869837812,0.8275834141318732,0.9215988692499932,-6.142471791461059,miscanthus_floridulus_15wks vs miscanthus_sacchariflorus_4x_15wks,FALSE
19675,-0.1578656721826981,17.030546502149775,-0.2224117108805525,0.8292688038676874,0.9231307566401601,-6.143003648034159,miscanthus_floridulus_15wks vs miscanthus_sacchariflorus_4x_15wks,FALSE
8564,0.13180672231742818,16.71344021964097,0.22192879661151274,0.8296327667132088,0.9231910548190301,-6.143117774633117,miscanthus_floridulus_15wks vs miscanthus_sacchariflorus_4x_15wks,FALSE
3166,0.3218204231115216,17.698367865276424,0.22080029195628828,0.8304834670776549,0.9237927330688359,-6.143383517338979,miscanthus_floridulus_15wks vs miscanthus_sacchariflorus_4x_15wks,FALSE
23334,0.16055691411946427,17.05742732776722,0.21870091301406636,0.8320666675811599,0.9252084587283046,-6.143874322032885,miscanthus_floridulus_15wks vs miscanthus_sacchariflorus_4x_15wks,FALSE
12795,-0.1730350675759169,16.936106765793298,-0.21826022575569184,0.8323991051016361,0.9252328732573202,-6.1439767599636745,miscanthus_floridulus_15wks vs miscanthus_sacchariflorus_4x_15wks,FALSE
10387,0.11491564306595947,16.898135470581558,0.217640990073295,0.8328662927549179,0.9254069919499087,-6.144120356463909,miscanthus_floridulus_15wks vs miscanthus_sacchariflorus_4x_15wks,FALSE
1469,0.3314998605564199,18.239602199707857,0.21561620335478135,0.8343943981954816,0.9266483775058947,-6.144587075385564,miscanthus_floridulus_15wks vs miscanthus_sacchariflorus_4x_15wks,FALSE
16719,0.19406692745622678,17.091992319971865,0.21451782558902607,0.8352236541826218,0.9266483775058947,-6.144838450229075,miscanthus_floridulus_15wks vs miscanthus_sacchariflorus_4x_15wks,FALSE
5383,-0.27296424345590253,18.146088370698056,-0.21450262067452378,0.8352351351544133,0.9266483775058947,-6.144841921120305,miscanthus_floridulus_15wks vs miscanthus_sacchariflorus_4x_15wks,FALSE
19736,0.18657530960427948,17.214449728411424,0.21394038960581147,0.8356596954684808,0.9266483775058947,-6.144970093226831,miscanthus_floridulus_15wks vs miscanthus_sacchariflorus_4x_15wks,FALSE
1254,0.33400636993368593,21.027864135227727,0.21360474262334658,0.8359131813115367,0.9266483775058947,-6.145046452285804,miscanthus_floridulus_15wks vs miscanthus_sacchariflorus_4x_15wks,FALSE
564,-0.37119820263620795,20.016234103925655,-0.21314533182920853,0.8362601682799726,0.9266483775058947,-6.145150775196698,miscanthus_floridulus_15wks vs miscanthus_sacchariflorus_4x_15wks,FALSE
19920,0.13912515191982067,17.944589453671178,0.2131391682914989,0.8362648237765352,0.9266483775058947,-6.145152173301688,miscanthus_floridulus_15wks vs miscanthus_sacchariflorus_4x_15wks,FALSE
203,0.746119995248808,20.58972470691548,0.21260051794374915,0.8366717080644565,0.9266483775058947,-6.14527420353551,miscanthus_floridulus_15wks vs miscanthus_sacchariflorus_4x_15wks,FALSE
4618,0.21579841461906568,16.918355128131378,0.21245433243504377,0.8367821422377055,0.9266483775058947,-6.145307268908351,miscanthus_floridulus_15wks vs miscanthus_sacchariflorus_4x_15wks,FALSE
2375,-0.4412688795227595,20.964145002282926,-0.21114329309821783,0.837772722166437,0.9270391906567127,-6.145602804511448,miscanthus_floridulus_15wks vs miscanthus_sacchariflorus_4x_15wks,FALSE
9035,-0.2475653905882247,17.826565176761942,-0.21094565169121696,0.8379220802774133,0.9270391906567127,-6.1456472000668265,miscanthus_floridulus_15wks vs miscanthus_sacchariflorus_4x_15wks,FALSE
2297,-0.23425857305557685,18.217099978565894,-0.21032413042885967,0.8383918105786995,0.9270391906567127,-6.145786542398037,miscanthus_floridulus_15wks vs miscanthus_sacchariflorus_4x_15wks,FALSE
9165,-0.2771998842534664,17.846960753519983,-0.21001199625934275,0.8386277395941815,0.9270391906567127,-6.145856368093868,miscanthus_floridulus_15wks vs miscanthus_sacchariflorus_4x_15wks,FALSE
1354,-0.41356753153282,17.94058990520338,-0.20992898225574866,0.8386904892652676,0.9270391906567127,-6.1458749213986295,miscanthus_floridulus_15wks vs miscanthus_sacchariflorus_4x_15wks,FALSE
4427,0.33285838331038065,20.40368464722233,0.20804332831296976,0.8401161678883269,0.9282707379707875,-6.146294403165221,miscanthus_floridulus_15wks vs miscanthus_sacchariflorus_4x_15wks,FALSE
1212,0.3415874290146732,20.214610430645397,0.20738364402423126,0.8406150798941996,0.928477738356084,-6.146440272064245,miscanthus_floridulus_15wks vs miscanthus_sacchariflorus_4x_15wks,FALSE
8166,0.3468117152264725,19.333009815443603,0.2063758067071657,0.8413774427827012,0.9288822283983622,-6.146662239181625,miscanthus_floridulus_15wks vs miscanthus_sacchariflorus_4x_15wks,FALSE
8,-0.11271517725855773,21.194815429463166,-0.2059206822489708,0.8417217724897561,0.9288822283983622,-6.146762125544049,miscanthus_floridulus_15wks vs miscanthus_sacchariflorus_4x_15wks,FALSE
23625,0.12752935122128406,17.092702730991338,0.205663438635081,0.8419164090281799,0.9288822283983622,-6.146818486378994,miscanthus_floridulus_15wks vs miscanthus_sacchariflorus_4x_15wks,FALSE
12396,0.15137454400326078,17.111162188488954,0.2049264705711845,0.8424740796960121,0.928932313844707,-6.146979566529219,miscanthus_floridulus_15wks vs miscanthus_sacchariflorus_4x_15wks,FALSE
638,0.45417510387988,22.628465710023438,0.20440655348685466,0.8428675622446364,0.928932313844707,-6.147092861253817,miscanthus_floridulus_15wks vs miscanthus_sacchariflorus_4x_15wks,FALSE
1333,-0.44236475388731833,19.888064216141714,-0.20436769617224584,0.8428969720255328,0.928932313844707,-6.147101317180754,miscanthus_floridulus_15wks vs miscanthus_sacchariflorus_4x_15wks,FALSE
21822,-0.11915151295382742,16.9661065895913,-0.2036427719169289,0.8434456901558137,0.9289929942569056,-6.1472587796825895,miscanthus_floridulus_15wks vs miscanthus_sacchariflorus_4x_15wks,FALSE
5120,0.2620669213711082,17.646387583002127,0.20288446887172013,0.8440197702102639,0.9289929942569056,-6.14742289977584,miscanthus_floridulus_15wks vs miscanthus_sacchariflorus_4x_15wks,FALSE
8344,-0.20189831736391994,17.539590470819025,-0.20268938700651162,0.8441674745782752,0.9289929942569056,-6.147465023472254,miscanthus_floridulus_15wks vs miscanthus_sacchariflorus_4x_15wks,FALSE
18746,0.16831823967276804,16.425194869154947,0.20255205507353952,0.8442714580359671,0.9289929942569056,-6.147494653263978,miscanthus_floridulus_15wks vs miscanthus_sacchariflorus_4x_15wks,FALSE
16486,0.20718033985523476,18.061322921594105,0.2013365621910547,0.845191931431069,0.9289929942569056,-6.147756032936472,miscanthus_floridulus_15wks vs miscanthus_sacchariflorus_4x_15wks,FALSE
17089,0.14463988562516406,16.55420926471638,0.20121690951150784,0.845282556077319,0.9289929942569056,-6.147781678848232,miscanthus_floridulus_15wks vs miscanthus_sacchariflorus_4x_15wks,FALSE
7124,-0.1638216691349612,16.97478460603155,-0.20118563835519945,0.8453062411747528,0.9289929942569056,-6.147788378904027,miscanthus_floridulus_15wks vs miscanthus_sacchariflorus_4x_15wks,FALSE
22074,0.17028050672308126,17.012223140264563,0.2010011561281493,0.8454459732968886,0.9289929942569056,-6.1478278844809635,miscanthus_floridulus_15wks vs miscanthus_sacchariflorus_4x_15wks,FALSE
700,0.25262437710284047,23.80580609612246,0.19929327858187898,0.8467398418031808,0.9297892436566286,-6.148191910597398,miscanthus_floridulus_15wks vs miscanthus_sacchariflorus_4x_15wks,FALSE
3302,0.4337628275491241,18.348108596149693,0.19922096932252156,0.8467946333168088,0.9297892436566286,-6.148207255106935,miscanthus_floridulus_15wks vs miscanthus_sacchariflorus_4x_15wks,FALSE
1615,-0.14182486660916638,20.121934390160817,-0.1985386262327135,0.8473117141986226,0.9300143308699431,-6.148351781348191,miscanthus_floridulus_15wks vs miscanthus_sacchariflorus_4x_15wks,FALSE
2529,-0.17974087710759434,20.306121954295904,-0.1962576388104938,0.849040815317349,0.9315690830801547,-6.14883134957266,miscanthus_floridulus_15wks vs miscanthus_sacchariflorus_4x_15wks,FALSE
6138,0.2567530575867032,17.799605498087963,0.1949734173985942,0.8500146983819874,0.9319558828224834,-6.149098936621194,miscanthus_floridulus_15wks vs miscanthus_sacchariflorus_4x_15wks,FALSE
2921,-0.2140271289725817,17.94418411994119,-0.19471682156752881,0.8502093191791202,0.9319558828224834,-6.149152193662912,miscanthus_floridulus_15wks vs miscanthus_sacchariflorus_4x_15wks,FALSE
7023,0.11219355457303593,16.897478871053014,0.19455566319233034,0.8503315588571585,0.9319558828224834,-6.149185606922094,miscanthus_floridulus_15wks vs miscanthus_sacchariflorus_4x_15wks,FALSE
1455,0.339612420626203,21.72150872430706,0.1925610662106186,0.8518448258084416,0.933230700588907,-6.149596881249416,miscanthus_floridulus_15wks vs miscanthus_sacchariflorus_4x_15wks,FALSE
574,-0.33526915105710486,18.0498095278533,-0.19189183850991587,0.852352702853951,0.933230700588907,-6.14973393123558,miscanthus_floridulus_15wks vs miscanthus_sacchariflorus_4x_15wks,FALSE
1627,-0.15477367243182627,17.425574511530066,-0.1917844363890852,0.8524342171151023,0.933230700588907,-6.149755881901435,miscanthus_floridulus_15wks vs miscanthus_sacchariflorus_4x_15wks,FALSE
11941,0.12330687661042816,16.993897050392697,0.1910883726580889,0.852962549169133,0.9334661757341229,-6.149897847013039,miscanthus_floridulus_15wks vs miscanthus_sacchariflorus_4x_15wks,FALSE
1501,0.48612758104783893,19.87439028890723,0.1887171263308826,0.8547629778677366,0.9342982020512528,-6.150377632524239,miscanthus_floridulus_15wks vs miscanthus_sacchariflorus_4x_15wks,FALSE
2332,0.2988717839476074,18.028622006899905,0.18868135454304877,0.854790145399307,0.9342982020512528,-6.15038482493315,miscanthus_floridulus_15wks vs miscanthus_sacchariflorus_4x_15wks,FALSE
2388,-0.10376497658779371,23.09161175631779,-0.18844060016522046,0.8549729959776701,0.9342982020512528,-6.150433196746236,miscanthus_floridulus_15wks vs miscanthus_sacchariflorus_4x_15wks,FALSE
3525,0.35830458451748015,18.651026791455863,0.18776037416714,0.8554896708058888,0.9342982020512528,-6.150569535318495,miscanthus_floridulus_15wks vs miscanthus_sacchariflorus_4x_15wks,FALSE
16508,0.1867469262350916,17.15961692877916,0.18748336648367753,0.8557000967976562,0.9342982020512528,-6.150624916276529,miscanthus_floridulus_15wks vs miscanthus_sacchariflorus_4x_15wks,FALSE
15194,-0.16345734430056424,16.29709204224434,-0.18704221260630552,0.8560352398466464,0.9342982020512528,-6.150712946935534,miscanthus_floridulus_15wks vs miscanthus_sacchariflorus_4x_15wks,FALSE
8485,-0.17332453034237716,17.4665909131413,-0.18698064279790394,0.8560820166641175,0.9342982020512528,-6.150725216618197,miscanthus_floridulus_15wks vs miscanthus_sacchariflorus_4x_15wks,FALSE
4097,0.2224305520364318,17.423412077650568,0.18665866312677007,0.856326646066838,0.9342982020512528,-6.150789315760342,miscanthus_floridulus_15wks vs miscanthus_sacchariflorus_4x_15wks,FALSE
1704,-0.20847402485084743,21.30816263376723,-0.1863719088504008,0.8565445261758465,0.9342982020512528,-6.150846310083004,miscanthus_floridulus_15wks vs miscanthus_sacchariflorus_4x_15wks,FALSE
15250,0.19567141796378706,17.493945217465125,0.18543560761957167,0.8572560317928476,0.9344869090319167,-6.151031801218588,miscanthus_floridulus_15wks vs miscanthus_sacchariflorus_4x_15wks,FALSE
662,-0.5865594288000651,19.84909572094528,-0.18531893651382797,0.8573447011051208,0.9344869090319167,-6.151054850088232,miscanthus_floridulus_15wks vs miscanthus_sacchariflorus_4x_15wks,FALSE
2816,-0.2590399650999231,17.407248034631042,-0.18461618360829546,0.8578788340442567,0.9347272122310365,-6.15119337763179,miscanthus_floridulus_15wks vs miscanthus_sacchariflorus_4x_15wks,FALSE
1318,-0.5007915276404873,19.961819523349128,-0.1839415335516627,0.8583916798079652,0.9349441541768042,-6.151325874481169,miscanthus_floridulus_15wks vs miscanthus_sacchariflorus_4x_15wks,FALSE
10762,-0.1306726074922402,16.68750131129441,-0.18312123603166122,0.8590153372307527,0.9352815874854377,-6.151486327493471,miscanthus_floridulus_15wks vs miscanthus_sacchariflorus_4x_15wks,FALSE
1034,0.3063831882397423,18.507108363199546,0.18231554559629673,0.8596279907315522,0.9356067978013242,-6.151643230940196,miscanthus_floridulus_15wks vs miscanthus_sacchariflorus_4x_15wks,FALSE
23368,0.09799054655355377,16.932526242576486,0.18149298972569064,0.860253572254861,0.935945836188202,-6.151802710907947,miscanthus_floridulus_15wks vs miscanthus_sacchariflorus_4x_15wks,FALSE
12317,-0.162580162296738,17.60507425880128,-0.1786212280750573,0.8624384566884008,0.9376570934838963,-6.152353889152209,miscanthus_floridulus_15wks vs miscanthus_sacchariflorus_4x_15wks,FALSE
5402,0.3257235202022599,20.921763266862268,0.17830501035910729,0.8626791171080446,0.9376570934838963,-6.152414047883481,miscanthus_floridulus_15wks vs miscanthus_sacchariflorus_4x_15wks,FALSE
2249,0.3327359862674193,18.606740646271493,0.17800789979676238,0.8629052496261446,0.9376570934838963,-6.152470475210631,miscanthus_floridulus_15wks vs miscanthus_sacchariflorus_4x_15wks,FALSE
704,0.3923485624110796,22.812510293251677,0.17777169484573224,0.8630850360491031,0.9376570934838963,-6.152515268703269,miscanthus_floridulus_15wks vs miscanthus_sacchariflorus_4x_15wks,FALSE
17092,-0.17607696601772105,17.567436791279967,-0.17611626611529635,0.8643452942118457,0.9386840294283164,-6.15282754501174,miscanthus_floridulus_15wks vs miscanthus_sacchariflorus_4x_15wks,FALSE
1813,-0.1416391747788026,23.575969029890558,-0.17568502881693232,0.8646736573945168,0.9386985424537924,-6.152908416638959,miscanthus_floridulus_15wks vs miscanthus_sacchariflorus_4x_15wks,FALSE
4592,0.1439204566641763,16.43039125875071,0.17289496262698012,0.866798804310203,0.940351698843828,-6.153426893501775,miscanthus_floridulus_15wks vs miscanthus_sacchariflorus_4x_15wks,FALSE
8042,0.18010622876991533,17.49361167892903,0.17285722546665228,0.8668275559476495,0.940351698843828,-6.153433849714649,miscanthus_floridulus_15wks vs miscanthus_sacchariflorus_4x_15wks,FALSE
504,0.3448624507701936,20.287365464730268,0.17220133897621837,0.8673273039055969,0.9405514430999558,-6.153554510623314,miscanthus_floridulus_15wks vs miscanthus_sacchariflorus_4x_15wks,FALSE
598,-0.3357950329622028,19.644447205476943,-0.16980075415935375,0.8691569467697153,0.9421926887500006,-6.1539922532633895,miscanthus_floridulus_15wks vs miscanthus_sacchariflorus_4x_15wks,FALSE
3891,0.2534949446378363,18.03828594981312,0.16915102115920946,0.8696522942487397,0.9423868497677252,-6.15410968180026,miscanthus_floridulus_15wks vs miscanthus_sacchariflorus_4x_15wks,FALSE
20715,-0.07984957923616776,17.404529621926798,-0.16736549092897268,0.8710138696699267,0.9429959266987747,-6.154430084601318,miscanthus_floridulus_15wks vs miscanthus_sacchariflorus_4x_15wks,FALSE
13121,0.1480136474544267,16.88155538610488,0.1672895160853172,0.8710718152029719,0.9429959266987747,-6.154443642942845,miscanthus_floridulus_15wks vs miscanthus_sacchariflorus_4x_15wks,FALSE
11810,-0.1120905055690713,17.354215375947557,-0.16716906175057913,0.8711636866448748,0.9429959266987747,-6.154465126488176,miscanthus_floridulus_15wks vs miscanthus_sacchariflorus_4x_15wks,FALSE
2395,0.32287629984903177,20.570156561251906,0.16608049749421153,0.8719940362610634,0.9433431676528644,-6.154658579541188,miscanthus_floridulus_15wks vs miscanthus_sacchariflorus_4x_15wks,FALSE
2827,0.20549562006031508,21.42924292290531,0.16556495237291857,0.8723873491254026,0.9433431676528644,-6.154749761076438,miscanthus_floridulus_15wks vs miscanthus_sacchariflorus_4x_15wks,FALSE
4353,-0.20396800282125227,18.01765894795251,-0.16526902556743284,0.8726131306008993,0.9433431676528644,-6.154801972767906,miscanthus_floridulus_15wks vs miscanthus_sacchariflorus_4x_15wks,FALSE
2314,-0.3256807023845312,18.45421248359338,-0.1650887123265622,0.8727507091338749,0.9433431676528644,-6.154833740751868,miscanthus_floridulus_15wks vs miscanthus_sacchariflorus_4x_15wks,FALSE
2420,0.32273380769087723,21.134821867006604,0.1640098172849187,0.873573998443104,0.9438906872227883,-6.155023103154276,miscanthus_floridulus_15wks vs miscanthus_sacchariflorus_4x_15wks,FALSE
6676,0.19159924670092465,17.240819660017248,0.16138530326231937,0.8755774033631254,0.9454794401889078,-6.155478595216706,miscanthus_floridulus_15wks vs miscanthus_sacchariflorus_4x_15wks,FALSE
5514,0.31003721729194567,17.999698827075076,0.16125231467930973,0.8756789446044919,0.9454794401889078,-6.155501481442348,miscanthus_floridulus_15wks vs miscanthus_sacchariflorus_4x_15wks,FALSE
10805,-0.15775582841614622,17.051918475813704,-0.1598954957201682,0.8767150597478861,0.9462552980980443,-6.155733907307866,miscanthus_floridulus_15wks vs miscanthus_sacchariflorus_4x_15wks,FALSE
2355,-0.26713838306189785,18.486336253611178,-0.15916819666560228,0.8772705544435291,0.946512039189615,-6.155857691680528,miscanthus_floridulus_15wks vs miscanthus_sacchariflorus_4x_15wks,FALSE
5148,-0.24501680038626716,18.95779569185365,-0.15818725456218005,0.8780198895106057,0.9469776586107872,-6.156023757116544,miscanthus_floridulus_15wks vs miscanthus_sacchariflorus_4x_15wks,FALSE
1531,0.2815879469298821,21.952672940400113,0.15749923331485166,0.8785455417102036,0.9470228409428357,-6.1561396246765385,miscanthus_floridulus_15wks vs miscanthus_sacchariflorus_4x_15wks,FALSE
2836,0.13360950846307418,16.84322204966511,0.1573005254203924,0.8786973675191077,0.9470228409428357,-6.156172995044599,miscanthus_floridulus_15wks vs miscanthus_sacchariflorus_4x_15wks,FALSE
6558,-0.17658719234513498,19.682836825297578,-0.15630413731039822,0.8794587527626123,0.9475007531571167,-6.15633969387084,miscanthus_floridulus_15wks vs miscanthus_sacchariflorus_4x_15wks,FALSE
1013,0.14635135568309465,17.339708004134508,0.1558320639314132,0.8798195316061911,0.9475468753836103,-6.156418305612585,miscanthus_floridulus_15wks vs miscanthus_sacchariflorus_4x_15wks,FALSE
4151,0.19683328639765207,19.297572660608427,0.15273029233477287,0.8821907713025269,0.94954348671782,-6.1569289469932516,miscanthus_floridulus_15wks vs miscanthus_sacchariflorus_4x_15wks,FALSE
8369,-0.19975727872038362,17.388585984613414,-0.15257344718322965,0.8823107096381353,0.94954348671782,-6.156954497134022,miscanthus_floridulus_15wks vs miscanthus_sacchariflorus_4x_15wks,FALSE
1346,-0.08794288449329102,22.949863681610076,-0.15176955313024756,0.8829254916904465,0.949862081313188,-6.157085042066669,miscanthus_floridulus_15wks vs miscanthus_sacchariflorus_4x_15wks,FALSE
4453,-0.18914973036535443,18.585474524945067,-0.1501858771756635,0.8841368602154515,0.95082202939085,-6.157340210148867,miscanthus_floridulus_15wks vs miscanthus_sacchariflorus_4x_15wks,FALSE
3507,-0.09977071021095085,17.267361216100415,-0.1494971172941684,0.8846637995463125,0.9510454987907688,-6.157450355304712,miscanthus_floridulus_15wks vs miscanthus_sacchariflorus_4x_15wks,FALSE
4648,-0.1574883949183672,17.3599295160776,-0.14818069634546072,0.8856711023734765,0.9517850288759322,-6.1576594739152055,miscanthus_floridulus_15wks vs miscanthus_sacchariflorus_4x_15wks,FALSE
2835,-0.19729689466980105,18.15115570603396,-0.1474492055364855,0.8862309214976879,0.9518848059801687,-6.157774878988615,miscanthus_floridulus_15wks vs miscanthus_sacchariflorus_4x_15wks,FALSE
280,-0.22938429750373857,19.11112505969229,-0.14703135174032816,0.8865507405127312,0.9518848059801687,-6.157840547580849,miscanthus_floridulus_15wks vs miscanthus_sacchariflorus_4x_15wks,FALSE
15102,0.1796128706604243,17.3821089735266,0.14680072369388492,0.8867272691431387,0.9518848059801687,-6.157876712970255,miscanthus_floridulus_15wks vs miscanthus_sacchariflorus_4x_15wks,FALSE
5903,0.14000468237654573,19.507921921991887,0.14639002316162816,0.8870416463781639,0.9518848059801687,-6.15794097617397,miscanthus_floridulus_15wks vs miscanthus_sacchariflorus_4x_15wks,FALSE
3844,-0.09772188810231697,17.18476747282297,-0.14583598967052389,0.8874657734915593,0.9519971220319823,-6.158027383243465,miscanthus_floridulus_15wks vs miscanthus_sacchariflorus_4x_15wks,FALSE
3451,-0.21015286230013785,19.240869495552293,-0.1449191925959764,0.8881676894993383,0.9522824844305721,-6.158169651008445,miscanthus_floridulus_15wks vs miscanthus_sacchariflorus_4x_15wks,FALSE
3663,0.25017714261442237,20.31837517138081,0.14465378681048055,0.8883709082942921,0.9522824844305721,-6.158210669852369,miscanthus_floridulus_15wks vs miscanthus_sacchariflorus_4x_15wks,FALSE
20432,0.11239507888115696,16.846826546368533,0.14368407874392086,0.8891134788070995,0.9524368632523211,-6.158359903653718,miscanthus_floridulus_15wks vs miscanthus_sacchariflorus_4x_15wks,FALSE
5482,0.2172826688422198,18.557498873884757,0.14327188623267656,0.889429157263715,0.9524368632523211,-6.158423035791097,miscanthus_floridulus_15wks vs miscanthus_sacchariflorus_4x_15wks,FALSE
5623,-0.24524026006953648,18.828081041692876,-0.14321365535113886,0.8894737551782583,0.9524368632523211,-6.158431939989254,miscanthus_floridulus_15wks vs miscanthus_sacchariflorus_4x_15wks,FALSE
6328,0.15721276692499586,18.929002880209026,0.14270848888288332,0.889860669874288,0.9525089066901503,-6.158509034836594,miscanthus_floridulus_15wks vs miscanthus_sacchariflorus_4x_15wks,FALSE
9525,-0.19001165151765775,17.251968080546828,-0.14181453090071472,0.890545442102046,0.952899611297701,-6.158644799957468,miscanthus_floridulus_15wks vs miscanthus_sacchariflorus_4x_15wks,FALSE
2480,-0.31291821132180786,19.357144679616162,-0.1410128360742304,0.8911596230994243,0.9532145286562399,-6.15876583107783,miscanthus_floridulus_15wks vs miscanthus_sacchariflorus_4x_15wks,FALSE
21500,0.13225766152008944,17.229770653414278,0.1403719204995408,0.891650686330166,0.9532483801272301,-6.158862098380972,miscanthus_floridulus_15wks vs miscanthus_sacchariflorus_4x_15wks,FALSE
9042,0.16854491770968494,17.136202578019237,0.14013655320373683,0.8918310348304421,0.9532483801272301,-6.158897341642739,miscanthus_floridulus_15wks vs miscanthus_sacchariflorus_4x_15wks,FALSE
25,0.10102624725277565,25.46963293918744,0.13912476954230543,0.8926063822403413,0.953644151133952,-6.159048173040198,miscanthus_floridulus_15wks vs miscanthus_sacchariflorus_4x_15wks,FALSE
3347,-0.15479190364331075,17.172170585624766,-0.13881819968597406,0.892841336128767,0.953644151133952,-6.159093660142005,miscanthus_floridulus_15wks vs miscanthus_sacchariflorus_4x_15wks,FALSE
4311,-0.2017901132505706,19.37818556618074,-0.13831104767835042,0.8932300398407774,0.953717491481733,-6.15916868922947,miscanthus_floridulus_15wks vs miscanthus_sacchariflorus_4x_15wks,FALSE
2941,-0.14718455120072704,17.3745368502127,-0.1376396798807863,0.8937446525639298,0.953925166418521,-6.159267592329529,miscanthus_floridulus_15wks vs miscanthus_sacchariflorus_4x_15wks,FALSE
11368,0.103659060716911,17.010407531351802,0.1361313568278664,0.8949009962133141,0.9544885280439076,-6.159488045171109,miscanthus_floridulus_15wks vs miscanthus_sacchariflorus_4x_15wks,FALSE
3202,0.23386993510355225,20.261939224331694,0.13588750304514682,0.8950879696950065,0.9544885280439076,-6.1595234591843635,miscanthus_floridulus_15wks vs miscanthus_sacchariflorus_4x_15wks,FALSE
3686,0.1179134268681814,17.90334625880618,0.13509801906586322,0.8956933493416401,0.9544885280439076,-6.159637679545416,miscanthus_floridulus_15wks vs miscanthus_sacchariflorus_4x_15wks,FALSE
7138,-0.09073164153702606,17.67358468501126,-0.13500080407687465,0.8957678991958702,0.9544885280439076,-6.159651698526753,miscanthus_floridulus_15wks vs miscanthus_sacchariflorus_4x_15wks,FALSE
20143,0.12398958054146547,17.537707959653417,0.13463817185794788,0.8960459953520998,0.9544885280439076,-6.1597039036233765,miscanthus_floridulus_15wks vs miscanthus_sacchariflorus_4x_15wks,FALSE
797,0.162467224924022,20.86682401050695,0.13444484267261714,0.8961942622371992,0.9544885280439076,-6.159731678462623,miscanthus_floridulus_15wks vs miscanthus_sacchariflorus_4x_15wks,FALSE
6215,-0.21476529605130779,18.46612923369931,-0.13251988770968723,0.8976707709898245,0.9554872578141896,-6.160006061606093,miscanthus_floridulus_15wks vs miscanthus_sacchariflorus_4x_15wks,FALSE
7221,-0.16192606694200506,18.552761016741083,-0.13225551346749193,0.8978735883774341,0.9554872578141896,-6.160043437822595,miscanthus_floridulus_15wks vs miscanthus_sacchariflorus_4x_15wks,FALSE
10383,-0.11923555989552881,17.67048931308229,-0.13196835264949663,0.8980938956837401,0.9554872578141896,-6.160083951315093,miscanthus_floridulus_15wks vs miscanthus_sacchariflorus_4x_15wks,FALSE
831,0.2501724426082852,20.410547462017583,0.1313034913630623,0.898604007259384,0.9556887728882815,-6.1601774153707805,miscanthus_floridulus_15wks vs miscanthus_sacchariflorus_4x_15wks,FALSE
2961,0.06794245151436584,22.276062038504527,0.13027400716996645,0.8993939719426309,0.9561876690649447,-6.160321209480477,miscanthus_floridulus_15wks vs miscanthus_sacchariflorus_4x_15wks,FALSE
13769,-0.11396602672859757,18.48803602824516,-0.12916130996594125,0.9002479222544721,0.9566625718033606,-6.160475358948432,miscanthus_floridulus_15wks vs miscanthus_sacchariflorus_4x_15wks,FALSE
1529,0.2012151712394683,18.52059606075326,0.12885539622816577,0.9004827227880624,0.9566625718033606,-6.160517508461755,miscanthus_floridulus_15wks vs miscanthus_sacchariflorus_4x_15wks,FALSE
489,0.31676439412892776,18.744370907639315,0.12824514597319406,0.9009511441092841,0.9568191052906867,-6.160601292833889,miscanthus_floridulus_15wks vs miscanthus_sacchariflorus_4x_15wks,FALSE
2550,-0.12444291194014312,17.302509583096942,-0.12737943346234953,0.9016157255672761,0.9568287646728485,-6.160719471331839,miscanthus_floridulus_15wks vs miscanthus_sacchariflorus_4x_15wks,FALSE
4020,0.10608206641918372,16.68615598860689,0.1266791243807062,0.9021533916593895,0.9568287646728485,-6.160814487259689,miscanthus_floridulus_15wks vs miscanthus_sacchariflorus_4x_15wks,FALSE
11847,0.1597669471755303,17.853236957580915,0.12614236140416246,0.90256553039866,0.9568287646728485,-6.160886960509764,miscanthus_floridulus_15wks vs miscanthus_sacchariflorus_4x_15wks,FALSE
760,0.18479952997597238,18.115338147780946,0.12608251489827862,0.902611483830142,0.9568287646728485,-6.160895021937255,miscanthus_floridulus_15wks vs miscanthus_sacchariflorus_4x_15wks,FALSE
22920,0.10517465338936915,16.403641074084454,0.12591699670970494,0.9027385797933953,0.9568287646728485,-6.1609172976791164,miscanthus_floridulus_15wks vs miscanthus_sacchariflorus_4x_15wks,FALSE
1526,0.09135093337794231,22.96672420376566,0.12562660212095234,0.9029615713710224,0.9568287646728485,-6.160956309085587,miscanthus_floridulus_15wks vs miscanthus_sacchariflorus_4x_15wks,FALSE
5997,0.1462677174641236,17.099276387245336,0.1253059293841403,0.9032078238337996,0.9568287646728485,-6.160999283792801,miscanthus_floridulus_15wks vs miscanthus_sacchariflorus_4x_15wks,FALSE
23329,-0.10558216856107094,16.92476400003326,-0.12397427798806465,0.9042305494624712,0.9572646398976097,-6.16117657340314,miscanthus_floridulus_15wks vs miscanthus_sacchariflorus_4x_15wks,FALSE
500,0.24162369061388134,18.130532816416103,0.12393368030369327,0.9042617319838159,0.9572646398976097,-6.16118194874153,miscanthus_floridulus_15wks vs miscanthus_sacchariflorus_4x_15wks,FALSE
2018,0.12218597933310704,23.089370531598718,0.12288118204685775,0.9050702023325872,0.9577802567297976,-6.161320692667951,miscanthus_floridulus_15wks vs miscanthus_sacchariflorus_4x_15wks,FALSE
6778,0.22866069592391014,18.09230863192506,0.12154490804294285,0.906096821393284,0.9585262789321924,-6.161495146308336,miscanthus_floridulus_15wks vs miscanthus_sacchariflorus_4x_15wks,FALSE
4308,0.24700966408892455,18.440066222510787,0.11959506564100872,0.9075951599830578,0.9597706092084857,-6.1617462927141045,miscanthus_floridulus_15wks vs miscanthus_sacchariflorus_4x_15wks,FALSE
23192,0.08651652467072068,17.190616081224594,0.1179773839030103,0.908838549080495,0.9601176460547608,-6.161951583870043,miscanthus_floridulus_15wks vs miscanthus_sacchariflorus_4x_15wks,FALSE
2768,0.14296031678802024,20.707940526693584,0.11788920777714593,0.9089063310184057,0.9601176460547608,-6.1619626937496506,miscanthus_floridulus_15wks vs miscanthus_sacchariflorus_4x_15wks,FALSE
1115,0.17977276221684235,18.98401492055796,0.1170889431243993,0.909521538971999,0.9601176460547608,-6.162063145753674,miscanthus_floridulus_15wks vs miscanthus_sacchariflorus_4x_15wks,FALSE
2799,-0.14034555507383573,18.674795009333927,-0.11672711300908596,0.9097997190623008,0.9601176460547608,-6.162108340069508,miscanthus_floridulus_15wks vs miscanthus_sacchariflorus_4x_15wks,FALSE
2394,-0.12090907434307496,17.431033522996415,-0.1166059635384719,0.909892863415265,0.9601176460547608,-6.1621234410664405,miscanthus_floridulus_15wks vs miscanthus_sacchariflorus_4x_15wks,FALSE
6526,0.16103864850438043,19.29356988443181,0.11643394834023972,0.9100251178110186,0.9601176460547608,-6.1621448555076155,miscanthus_floridulus_15wks vs miscanthus_sacchariflorus_4x_15wks,FALSE
193,-0.09683888195661439,22.79024857831512,-0.11581540239115992,0.910500713105044,0.9601176460547608,-6.1622215989019615,miscanthus_floridulus_15wks vs miscanthus_sacchariflorus_4x_15wks,FALSE
4581,0.07201569128060115,17.032878885587422,0.11581525283236013,0.9105008281042799,0.9601176460547608,-6.162221617408551,miscanthus_floridulus_15wks vs miscanthus_sacchariflorus_4x_15wks,FALSE
739,-0.19471934135246727,17.782615462092682,-0.11309466779352245,0.9125931142733231,0.9615444920352377,-6.162554324405066,miscanthus_floridulus_15wks vs miscanthus_sacchariflorus_4x_15wks,FALSE
8656,0.23358011271668033,18.594571230831065,0.11296380943727262,0.9126937701223921,0.9615444920352377,-6.162570128684756,miscanthus_floridulus_15wks vs miscanthus_sacchariflorus_4x_15wks,FALSE
14,0.055048115061829606,23.270099893199415,0.11099948246056397,0.9142049230282617,0.9615444920352377,-6.1628051761763105,miscanthus_floridulus_15wks vs miscanthus_sacchariflorus_4x_15wks,FALSE
474,0.06543721568991501,22.892230262976,0.11078582327295643,0.9143693129255787,0.9615444920352377,-6.162830494349369,miscanthus_floridulus_15wks vs miscanthus_sacchariflorus_4x_15wks,FALSE
22228,0.0888758335559352,17.36988443483606,0.10983271536696282,0.9151026892657096,0.9615444920352377,-6.162942843290855,miscanthus_floridulus_15wks vs miscanthus_sacchariflorus_4x_15wks,FALSE
29,-0.16690108841810058,23.790813497179386,-0.10973023402196345,0.9151815494563451,0.9615444920352377,-6.162954865796893,miscanthus_floridulus_15wks vs miscanthus_sacchariflorus_4x_15wks,FALSE
5976,0.13544963691805734,17.67075745535369,0.10958622518107133,0.9152923670506738,0.9615444920352377,-6.162971741153438,miscanthus_floridulus_15wks vs miscanthus_sacchariflorus_4x_15wks,FALSE
666,0.1887544150076046,17.655387846956707,0.10945965952109724,0.9153897633915965,0.9615444920352377,-6.1629865542259425,miscanthus_floridulus_15wks vs miscanthus_sacchariflorus_4x_15wks,FALSE
2051,0.19700281602669634,22.074198334550054,0.10921855647364813,0.9155753040987773,0.9615444920352377,-6.163014725373236,miscanthus_floridulus_15wks vs miscanthus_sacchariflorus_4x_15wks,FALSE
2275,-0.07534151571709202,16.699018291634818,-0.1090559690417426,0.9157004262412867,0.9615444920352377,-6.163033687571997,miscanthus_floridulus_15wks vs miscanthus_sacchariflorus_4x_15wks,FALSE
16280,0.08585442698013779,16.758222707746505,0.1090339907935148,0.9157173401957734,0.9615444920352377,-6.16303624868354,miscanthus_floridulus_15wks vs miscanthus_sacchariflorus_4x_15wks,FALSE
1932,-0.06418411071079078,20.221626346839873,-0.10902283040440336,0.9157259289919478,0.9615444920352377,-6.163037548999682,miscanthus_floridulus_15wks vs miscanthus_sacchariflorus_4x_15wks,FALSE
21062,0.08075322498562088,17.092647636391977,0.10791835590567964,0.9165759664153525,0.9620980556244279,-6.163165576749788,miscanthus_floridulus_15wks vs miscanthus_sacchariflorus_4x_15wks,FALSE
1989,0.18528697123361226,18.937536125480577,0.10563550105049907,0.9183332788064884,0.9636032291701885,-6.1634260790518915,miscanthus_floridulus_15wks vs miscanthus_sacchariflorus_4x_15wks,FALSE
3967,-0.1362712451109438,20.072470286872655,-0.10410548950257278,0.9195113276040346,0.9639409841590152,-6.163597563792201,miscanthus_floridulus_15wks vs miscanthus_sacchariflorus_4x_15wks,FALSE
16838,-0.08506309440609883,16.84107024681358,-0.10362041077181458,0.9198848630723818,0.9639409841590152,-6.163651410804483,miscanthus_floridulus_15wks vs miscanthus_sacchariflorus_4x_15wks,FALSE
2331,-0.08939236065647904,21.61993272628499,-0.10350035930969897,0.9199773120878635,0.9639409841590152,-6.163664698607864,miscanthus_floridulus_15wks vs miscanthus_sacchariflorus_4x_15wks,FALSE
4826,-0.04821119931637696,21.456157093148818,-0.1029961453393106,0.9203656102731045,0.9639409841590152,-6.163720339375746,miscanthus_floridulus_15wks vs miscanthus_sacchariflorus_4x_15wks,FALSE
21589,0.06051556736336394,17.03382150164746,0.10277246718022402,0.9205378733750041,0.9639409841590152,-6.163744935816024,miscanthus_floridulus_15wks vs miscanthus_sacchariflorus_4x_15wks,FALSE
10331,0.15605157604140274,18.207867333272272,0.10177067856366141,0.9213094432126891,0.9639409841590152,-6.16385444165608,miscanthus_floridulus_15wks vs miscanthus_sacchariflorus_4x_15wks,FALSE
12988,-0.09232408830926175,18.152174843729156,-0.10118774976972736,0.9217584509480035,0.9639409841590152,-6.163917669372672,miscanthus_floridulus_15wks vs miscanthus_sacchariflorus_4x_15wks,FALSE
58,0.23579466782181413,19.557087791366225,0.10093199845309934,0.9219554557427698,0.9639409841590152,-6.163945295249463,miscanthus_floridulus_15wks vs miscanthus_sacchariflorus_4x_15wks,FALSE
24703,0.05227432571160051,16.666517066735757,0.10082253293207374,0.9220397785799592,0.9639409841590152,-6.163957098240096,miscanthus_floridulus_15wks vs miscanthus_sacchariflorus_4x_15wks,FALSE
6935,0.12481886315238455,18.0460144429348,0.10071256603311711,0.9221244886821865,0.9639409841590152,-6.1639689424275,miscanthus_floridulus_15wks vs miscanthus_sacchariflorus_4x_15wks,FALSE
3597,0.1303145472841365,19.12016969502986,0.10059722786049252,0.9222133375293129,0.9639409841590152,-6.163981351284591,miscanthus_floridulus_15wks vs miscanthus_sacchariflorus_4x_15wks,FALSE
2586,0.10386320969707796,17.627246462620587,0.09781841026030579,0.9243542985489639,0.9655549876100359,-6.164276027520159,miscanthus_floridulus_15wks vs miscanthus_sacchariflorus_4x_15wks,FALSE
3,-0.04877707573135481,28.42320963194752,-0.09775196928946792,0.9244054965273262,0.9655549876100359,-6.164282972377215,miscanthus_floridulus_15wks vs miscanthus_sacchariflorus_4x_15wks,FALSE
2726,0.12535553969369673,21.597097863249346,0.09667552029612579,0.9252350364695066,0.9660828341552662,-6.164394834055448,miscanthus_floridulus_15wks vs miscanthus_sacchariflorus_4x_15wks,FALSE
5431,0.11921926743415057,17.25973444357599,0.09539560936955686,0.9262214949395849,0.9666595772275787,-6.164526230681043,miscanthus_floridulus_15wks vs miscanthus_sacchariflorus_4x_15wks,FALSE
335,0.23878474941718508,23.37599426538153,0.0943779081237348,0.9270059581427342,0.9666595772275787,-6.164629461655178,miscanthus_floridulus_15wks vs miscanthus_sacchariflorus_4x_15wks,FALSE
4214,-0.1196110246897426,17.76291077495765,-0.09413841109102301,0.9271905792138337,0.9666595772275787,-6.164653594558431,miscanthus_floridulus_15wks vs miscanthus_sacchariflorus_4x_15wks,FALSE
21032,-0.0799374151824992,17.182678712960534,-0.09392680764442088,0.927353701826177,0.9666595772275787,-6.164674865855618,miscanthus_floridulus_15wks vs miscanthus_sacchariflorus_4x_15wks,FALSE
798,0.11298463769085743,22.594209412476967,0.09377711318473557,0.9274691017151195,0.9666595772275787,-6.16468988494637,miscanthus_floridulus_15wks vs miscanthus_sacchariflorus_4x_15wks,FALSE
17234,-0.09023821171868818,17.10850678042271,-0.09343390565465085,0.9277336882117031,0.9666595772275787,-6.1647242292926245,miscanthus_floridulus_15wks vs miscanthus_sacchariflorus_4x_15wks,FALSE
6727,-0.06570577764497187,17.291109353788872,-0.09213073700431389,0.9287384166088708,0.9671449456261355,-6.164853491353891,miscanthus_floridulus_15wks vs miscanthus_sacchariflorus_4x_15wks,FALSE
447,0.17839987433153226,18.63431176074969,0.09198783310783545,0.9288486021416107,0.9671449456261355,-6.164867555846121,miscanthus_floridulus_15wks vs miscanthus_sacchariflorus_4x_15wks,FALSE
5082,0.09904727318998141,17.592686353413455,0.08884710082599577,0.9312706565796439,0.9693281720598459,-6.165171162674332,miscanthus_floridulus_15wks vs miscanthus_sacchariflorus_4x_15wks,FALSE
4,0.04212972004911464,23.683823821894755,0.0880530666130409,0.9318831166031791,0.9696269858510732,-6.165246253121045,miscanthus_floridulus_15wks vs miscanthus_sacchariflorus_4x_15wks,FALSE
936,0.1842129359348874,22.673840186020307,0.08725981457902793,0.9324950210809511,0.9699250132011289,-6.165320597771757,miscanthus_floridulus_15wks vs miscanthus_sacchariflorus_4x_15wks,FALSE
7858,-0.1266670662981184,17.261360558416516,-0.08497178682913616,0.9342602400259016,0.9714220220785718,-6.165531272813437,miscanthus_floridulus_15wks vs miscanthus_sacchariflorus_4x_15wks,FALSE
7297,-0.13785837174458848,18.441108652344234,-0.08447582283901414,0.9346429283661629,0.9714809649568069,-6.165576202908746,miscanthus_floridulus_15wks vs miscanthus_sacchariflorus_4x_15wks,FALSE
713,-0.16336339626998608,18.474936655397947,-0.08307937044832767,0.9357205340305474,0.9722619216914337,-6.165701299155556,miscanthus_floridulus_15wks vs miscanthus_sacchariflorus_4x_15wks,FALSE
4812,-0.10839855641928864,18.896214144118602,-0.08249334315139566,0.9361727976626066,0.9723927978510171,-6.1657531762588675,miscanthus_floridulus_15wks vs miscanthus_sacchariflorus_4x_15wks,FALSE
12426,-0.06983254059189292,17.203639859178605,-0.08181780107304315,0.936694174179401,0.9725953446183327,-6.165812522620026,miscanthus_floridulus_15wks vs miscanthus_sacchariflorus_4x_15wks,FALSE
1513,0.06495404841768959,17.597317143668842,0.0804467910982817,0.937752404463156,0.9731596763337464,-6.165931468106089,miscanthus_floridulus_15wks vs miscanthus_sacchariflorus_4x_15wks,FALSE
5604,-0.06661105125123612,17.531575440987222,-0.08026749993850062,0.9378908021578924,0.9731596763337464,-6.165946874595236,miscanthus_floridulus_15wks vs miscanthus_sacchariflorus_4x_15wks,FALSE
11875,-0.04416935880304962,17.873158926465884,-0.0789573965103724,0.9389021590374003,0.9738699735229561,-6.166058410120579,miscanthus_floridulus_15wks vs miscanthus_sacchariflorus_4x_15wks,FALSE
6110,-0.06995711450422704,17.56270106154245,-0.07659290474660901,0.9407277637146304,0.9750932307946052,-6.166255072250344,miscanthus_floridulus_15wks vs miscanthus_sacchariflorus_4x_15wks,FALSE
23342,0.059361373181644694,17.36243123951644,0.07658234328293474,0.9407359189713053,0.9750932307946052,-6.166255937287294,miscanthus_floridulus_15wks vs miscanthus_sacchariflorus_4x_15wks,FALSE
15166,-0.0715860927330425,17.2553746084861,-0.07477470465912411,0.9421318329610188,0.9762005779637816,-6.166402237035754,miscanthus_floridulus_15wks vs miscanthus_sacchariflorus_4x_15wks,FALSE
4923,-0.04190646641528062,17.09429073059071,-0.07373565674096466,0.9429343133929483,0.9762771108315703,-6.166484752072203,miscanthus_floridulus_15wks vs miscanthus_sacchariflorus_4x_15wks,FALSE
2156,0.06404114447072828,22.260961826904513,0.07359056466795996,0.9430463768027537,0.9762771108315703,-6.166496182676742,miscanthus_floridulus_15wks vs miscanthus_sacchariflorus_4x_15wks,FALSE
19756,0.04943485684236393,17.41344582840135,0.0731495305984639,0.9433870223679388,0.9762771108315703,-6.166530790055254,miscanthus_floridulus_15wks vs miscanthus_sacchariflorus_4x_15wks,FALSE
139,0.11961937824571223,23.352134740654197,0.07298237388601536,0.9435161339580276,0.9762771108315703,-6.166543852336089,miscanthus_floridulus_15wks vs miscanthus_sacchariflorus_4x_15wks,FALSE
23697,0.06669241057838349,17.38930890893555,0.0722556270973668,0.9440774924806963,0.9765188919099184,-6.166600296235895,miscanthus_floridulus_15wks vs miscanthus_sacchariflorus_4x_15wks,FALSE
869,-0.06481893474040135,23.26393871258711,-0.07132213652239029,0.9447985936819299,0.9769256797960275,-6.166671969495943,miscanthus_floridulus_15wks vs miscanthus_sacchariflorus_4x_15wks,FALSE
3694,-0.07697406941871421,17.585725117715587,-0.07032698222993117,0.9455673878363743,0.9770552547669072,-6.166747352196275,miscanthus_floridulus_15wks vs miscanthus_sacchariflorus_4x_15wks,FALSE
1323,0.16749916769243,19.49777589097126,0.07025889153104121,0.9456199926721138,0.9770552547669072,-6.166752471382119,miscanthus_floridulus_15wks vs miscanthus_sacchariflorus_4x_15wks,FALSE
14726,0.06432979835199859,17.262763992377756,0.06977555960272507,0.9459934085196346,0.9770552547669072,-6.166788666822508,miscanthus_floridulus_15wks vs miscanthus_sacchariflorus_4x_15wks,FALSE
4575,-0.10621439917075293,18.883207919834607,-0.06946235855070401,0.9462353910259376,0.9770552547669072,-6.166811988361009,miscanthus_floridulus_15wks vs miscanthus_sacchariflorus_4x_15wks,FALSE
5459,0.11003469376396424,17.494947419735322,0.06849292885898535,0.9469844200190589,0.9774899797910618,-6.166883509739344,miscanthus_floridulus_15wks vs miscanthus_sacchariflorus_4x_15wks,FALSE
2587,0.06309094226259049,16.823469467578477,0.06663886076038009,0.948417118242707,0.978629851926339,-6.167017500452276,miscanthus_floridulus_15wks vs miscanthus_sacchariflorus_4x_15wks,FALSE
6018,0.08391169667633847,19.517186924286566,0.06600979340759029,0.9489032641020578,0.9787925673326869,-6.167062127732288,miscanthus_floridulus_15wks vs miscanthus_sacchariflorus_4x_15wks,FALSE
22465,-0.04378330079832082,17.25918226568244,-0.0644029130020731,0.9501451698636348,0.9794536023320204,-6.16717420350047,miscanthus_floridulus_15wks vs miscanthus_sacchariflorus_4x_15wks,FALSE
619,-0.18753722401525863,19.507661534388852,-0.06419612630201468,0.9503049991066205,0.9794536023320204,-6.1671884259665335,miscanthus_floridulus_15wks vs miscanthus_sacchariflorus_4x_15wks,FALSE
8963,0.09200107998038831,18.125429482257,0.06390484442095365,0.9505301402497326,0.9794536023320204,-6.167208382365615,miscanthus_floridulus_15wks vs miscanthus_sacchariflorus_4x_15wks,FALSE
5576,-0.050350552918523306,17.277742945434387,-0.0631697155950263,0.9510983657649749,0.9797003560247581,-6.1672583446001505,miscanthus_floridulus_15wks vs miscanthus_sacchariflorus_4x_15wks,FALSE
1481,-0.05794631396961947,22.119792228259797,-0.0621780828605242,0.9518649053205088,0.9798850313727208,-6.167324824931657,miscanthus_floridulus_15wks vs miscanthus_sacchariflorus_4x_15wks,FALSE
1017,-0.17825985370828334,20.073658091608024,-0.06172351275983858,0.9522163091333022,0.9798850313727208,-6.167354948624407,miscanthus_floridulus_15wks vs miscanthus_sacchariflorus_4x_15wks,FALSE
1123,-0.08413032555198541,20.927670326927853,-0.061661678134845924,0.9522641110253018,0.9798850313727208,-6.167359029251635,miscanthus_floridulus_15wks vs miscanthus_sacchariflorus_4x_15wks,FALSE
19731,0.07298681240031257,17.219795036170137,0.05960718462012813,0.9538524729250062,0.9805934311253781,-6.167492287194217,miscanthus_floridulus_15wks vs miscanthus_sacchariflorus_4x_15wks,FALSE
5487,-0.08149483292172377,18.019707258854336,-0.0595826539690482,0.9538714392933219,0.9805934311253781,-6.167493851040547,miscanthus_floridulus_15wks vs miscanthus_sacchariflorus_4x_15wks,FALSE
24090,-0.03742621518665601,17.140197598984226,-0.059494345458953754,0.9539397170578763,0.9805934311253781,-6.167499475445316,miscanthus_floridulus_15wks vs miscanthus_sacchariflorus_4x_15wks,FALSE
545,-0.12556777286124188,19.633706334443428,-0.05740227433210694,0.9555573661315204,0.9812737378356071,-6.1676302825555,miscanthus_floridulus_15wks vs miscanthus_sacchariflorus_4x_15wks,FALSE
13221,-0.05630758221612453,17.464640109089046,-0.05730433205649505,0.9556331032753327,0.9812737378356071,-6.16763629177984,miscanthus_floridulus_15wks vs miscanthus_sacchariflorus_4x_15wks,FALSE
4187,0.10072534813534517,19.863588070083708,0.05668169738475448,0.9561145874589805,0.9812737378356071,-6.167674253590819,miscanthus_floridulus_15wks vs miscanthus_sacchariflorus_4x_15wks,FALSE
112,-0.14253179266814442,18.228818197295922,-0.05583030950786756,0.9567729974893637,0.9812737378356071,-6.167725491664128,miscanthus_floridulus_15wks vs miscanthus_sacchariflorus_4x_15wks,FALSE
235,-0.09143292739305053,22.38201657041968,-0.0557160104385754,0.9568613919020021,0.9812737378356071,-6.1677323113960405,miscanthus_floridulus_15wks vs miscanthus_sacchariflorus_4x_15wks,FALSE
1937,-0.03230845487846423,22.28393393924062,-0.05524677444511965,0.957224287176473,0.9812737378356071,-6.16776016232989,miscanthus_floridulus_15wks vs miscanthus_sacchariflorus_4x_15wks,FALSE
558,0.09384776340061407,20.242430540988522,0.05523491047369636,0.9572334626092165,0.9812737378356071,-6.167760863450775,miscanthus_floridulus_15wks vs miscanthus_sacchariflorus_4x_15wks,FALSE
95,0.028521309318978894,26.805700540347573,0.055126785343722215,0.9573170854109974,0.9812737378356071,-6.167767246348511,miscanthus_floridulus_15wks vs miscanthus_sacchariflorus_4x_15wks,FALSE
21167,-0.03540433946639965,17.2918348378661,-0.0548060904764649,0.9575651106127334,0.9812737378356071,-6.167786104266352,miscanthus_floridulus_15wks vs miscanthus_sacchariflorus_4x_15wks,FALSE
1103,-0.043587546447586334,17.24336377575636,-0.05330767424843139,0.9587240488623991,0.9817050865292986,-6.167872759116864,miscanthus_floridulus_15wks vs miscanthus_sacchariflorus_4x_15wks,FALSE
2118,-0.08122896433949478,17.96289790788048,-0.05292526854036272,0.9590198342405006,0.9817050865292986,-6.167894489551807,miscanthus_floridulus_15wks vs miscanthus_sacchariflorus_4x_15wks,FALSE
2140,-0.08563461712629916,20.043709179462944,-0.052246110085693846,0.9595451701141302,0.9817050865292986,-6.167932697746411,miscanthus_floridulus_15wks vs miscanthus_sacchariflorus_4x_15wks,FALSE
17342,0.03190232699656548,17.019914675563893,0.052140701633844676,0.9596267064832357,0.9817050865292986,-6.167938583622466,miscanthus_floridulus_15wks vs miscanthus_sacchariflorus_4x_15wks,FALSE
3033,-0.0786834321558949,20.440441028722802,-0.051845175955050234,0.9598553064826173,0.9817050865292986,-6.167955022067962,miscanthus_floridulus_15wks vs miscanthus_sacchariflorus_4x_15wks,FALSE
22278,-0.030678655153963064,16.88995434498651,-0.05170644042040532,0.9599626248813342,0.9817050865292986,-6.167962706945697,miscanthus_floridulus_15wks vs miscanthus_sacchariflorus_4x_15wks,FALSE
2470,-0.09218307054682384,19.069887404610924,-0.05029853449342075,0.9610517539822389,0.9824817244827005,-6.1680395300028055,miscanthus_floridulus_15wks vs miscanthus_sacchariflorus_4x_15wks,FALSE
2996,0.02700071151289407,22.513217408697702,0.04829885826781098,0.9625988128871263,0.9837258101521387,-6.1681450004597735,miscanthus_floridulus_15wks vs miscanthus_sacchariflorus_4x_15wks,FALSE
2213,0.10993544743598349,18.70997543268892,0.047800899400219185,0.9629840873498164,0.9837821667132166,-6.168170599756414,miscanthus_floridulus_15wks vs miscanthus_sacchariflorus_4x_15wks,FALSE
1721,-0.043525110008278745,17.428419792723037,-0.04565820798066715,0.9646420191931528,0.9851203104845532,-6.168277727058607,miscanthus_floridulus_15wks vs miscanthus_sacchariflorus_4x_15wks,FALSE
902,-0.058560284042744826,23.229896063798655,-0.04525361777353762,0.9649550960753057,0.9851203104845532,-6.168297404154321,miscanthus_floridulus_15wks vs miscanthus_sacchariflorus_4x_15wks,FALSE
7948,0.06406739477872136,17.782036025845844,0.04443975809657203,0.9655848900625583,0.9854256754748028,-6.168336455687701,miscanthus_floridulus_15wks vs miscanthus_sacchariflorus_4x_15wks,FALSE
1884,-0.07387241651874987,19.714098071157153,-0.04254594705154181,0.9670504871637107,0.9862816720775436,-6.168424584736888,miscanthus_floridulus_15wks vs miscanthus_sacchariflorus_4x_15wks,FALSE
2019,-0.08901902351425761,19.49065860444062,-0.042500595463612664,0.9670855858424773,0.9862816720775436,-6.168426648159678,miscanthus_floridulus_15wks vs miscanthus_sacchariflorus_4x_15wks,FALSE
1043,-0.1046221727041825,20.493784494282338,-0.041640003851897846,0.9677516325203606,0.9866232859769669,-6.168465386750033,miscanthus_floridulus_15wks vs miscanthus_sacchariflorus_4x_15wks,FALSE
10833,-0.04497406682788352,18.12617425100137,-0.040871585044015085,0.9683463655014868,0.9868919867286013,-6.1684993068930245,miscanthus_floridulus_15wks vs miscanthus_sacchariflorus_4x_15wks,FALSE
97,0.04336347435971177,18.043890046925885,0.039846917156904006,0.9691394599625347,0.9873625951071293,-6.168543556036485,miscanthus_floridulus_15wks vs miscanthus_sacchariflorus_4x_15wks,FALSE
3468,0.053468976867588225,21.238934334997285,0.03916757444696242,0.969665292240663,0.9875606872444209,-6.168572273624934,miscanthus_floridulus_15wks vs miscanthus_sacchariflorus_4x_15wks,FALSE
11037,-0.03708580660964245,17.313656325734673,-0.03818580135323882,0.9704252425609728,0.9876615357699254,-6.168612903563351,miscanthus_floridulus_15wks vs miscanthus_sacchariflorus_4x_15wks,FALSE
22741,-0.023799049799581695,17.043099275108034,-0.038158706251841444,0.9704462162240751,0.9876615357699254,-6.168614010254493,miscanthus_floridulus_15wks vs miscanthus_sacchariflorus_4x_15wks,FALSE
940,0.07014923134098083,18.495984756490916,0.03775514842197693,0.9707586034463461,0.9876615357699254,-6.168630400503504,miscanthus_floridulus_15wks vs miscanthus_sacchariflorus_4x_15wks,FALSE
1750,-0.06870013991840196,18.177339979102303,-0.037195596585176946,0.9711917517568068,0.987764989841394,-6.1686528381319254,miscanthus_floridulus_15wks vs miscanthus_sacchariflorus_4x_15wks,FALSE
1809,-0.05672243235487073,18.3171557704727,-0.03647203969971046,0.9717518710720657,0.9878121752039558,-6.168681355709824,miscanthus_floridulus_15wks vs miscanthus_sacchariflorus_4x_15wks,FALSE
8024,0.05205392560695543,17.84720823143969,0.0361737086302269,0.9719828197268506,0.9878121752039558,-6.168692950794217,miscanthus_floridulus_15wks vs miscanthus_sacchariflorus_4x_15wks,FALSE
223,-0.12202532331983207,21.04119821874843,-0.035851072138830355,0.9722325872057727,0.9878121752039558,-6.168705383391327,miscanthus_floridulus_15wks vs miscanthus_sacchariflorus_4x_15wks,FALSE
3117,0.041212606968016985,18.133894724896383,0.03497595439420694,0.9729100715528738,0.9881636036903763,-6.168738544894565,miscanthus_floridulus_15wks vs miscanthus_sacchariflorus_4x_15wks,FALSE
621,0.055530944697132156,18.18587722448385,0.03350808525285902,0.9740464942492306,0.9885442336568665,-6.168792328482287,miscanthus_floridulus_15wks vs miscanthus_sacchariflorus_4x_15wks,FALSE
57,0.017303465169604237,21.559254887634417,0.03277302325637782,0.9746156021038717,0.9885442336568665,-6.1688183954663085,miscanthus_floridulus_15wks vs miscanthus_sacchariflorus_4x_15wks,FALSE
1817,-0.022686989796170565,17.41032072286436,-0.031919070732739585,0.9752767779262812,0.9885442336568665,-6.168847952767039,miscanthus_floridulus_15wks vs miscanthus_sacchariflorus_4x_15wks,FALSE
3704,0.026527737779883154,16.909729698135056,0.03177663456318979,0.9753870616197495,0.9885442336568665,-6.168852806903635,miscanthus_floridulus_15wks vs miscanthus_sacchariflorus_4x_15wks,FALSE
5568,-0.021039393365263948,20.74857409545838,-0.03176305622624375,0.9753975749135995,0.9885442336568665,-6.16885326851182,miscanthus_floridulus_15wks vs miscanthus_sacchariflorus_4x_15wks,FALSE
9390,0.028021565667529558,17.460339667589608,0.03152672650242717,0.9755805586502276,0.9885442336568665,-6.1688612711687245,miscanthus_floridulus_15wks vs miscanthus_sacchariflorus_4x_15wks,FALSE
5807,-0.05079810592430789,18.43552014537825,-0.03136854100099464,0.9757030382735744,0.9885442336568665,-6.168866594304655,miscanthus_floridulus_15wks vs miscanthus_sacchariflorus_4x_15wks,FALSE
331,-0.04660548534093678,20.16381555222862,-0.031064263039810483,0.9759386360464769,0.9885442336568665,-6.168876758360098,miscanthus_floridulus_15wks vs miscanthus_sacchariflorus_4x_15wks,FALSE
18033,0.022950758769670898,17.762772211547645,0.028637471069662586,0.9778177510537521,0.9900403757026252,-6.168954277254147,miscanthus_floridulus_15wks vs miscanthus_sacchariflorus_4x_15wks,FALSE
6355,0.02699699450104731,17.1709816542129,0.027776264760413463,0.9784846365800974,0.9900403757026252,-6.168980271984335,miscanthus_floridulus_15wks vs miscanthus_sacchariflorus_4x_15wks,FALSE
1177,-0.05855646129900549,18.24487701008714,-0.027169934063677254,0.9789541668241439,0.9900403757026252,-6.1689980975225565,miscanthus_floridulus_15wks vs miscanthus_sacchariflorus_4x_15wks,FALSE
2418,0.06018249899246442,19.339351214203877,0.026657034875725037,0.979351352354976,0.9900403757026252,-6.169012869172574,miscanthus_floridulus_15wks vs miscanthus_sacchariflorus_4x_15wks,FALSE
2024,0.020423324553625832,22.341254760146022,0.026349359782041278,0.9795896167088926,0.9900403757026252,-6.169021595245853,miscanthus_floridulus_15wks vs miscanthus_sacchariflorus_4x_15wks,FALSE
181,-0.04427793843986194,20.720761816310834,-0.0262222317322548,0.9796880656172291,0.9900403757026252,-6.1690251711953215,miscanthus_floridulus_15wks vs miscanthus_sacchariflorus_4x_15wks,FALSE
9092,0.029583388882421957,17.5324981735414,0.02615349246728667,0.979741297968806,0.9900403757026252,-6.169027097540296,miscanthus_floridulus_15wks vs miscanthus_sacchariflorus_4x_15wks,FALSE
6287,-0.03143286130550749,17.450198009444332,-0.023548332022539413,0.981758835737834,0.9917428238978798,-6.169096377800109,miscanthus_floridulus_15wks vs miscanthus_sacchariflorus_4x_15wks,FALSE
4015,0.028358979013635377,20.610098915804866,0.020458039039644833,0.984152257269274,0.9933668737605278,-6.1691691432163704,miscanthus_floridulus_15wks vs miscanthus_sacchariflorus_4x_15wks,FALSE
11201,0.013013053237383332,16.373522960955576,0.020346715252965313,0.9842384804784818,0.9933668737605278,-6.169171573809718,miscanthus_floridulus_15wks vs miscanthus_sacchariflorus_4x_15wks,FALSE
135,0.044393797740909235,21.029880848222557,0.019897636978910237,0.9845863056522224,0.9933668737605278,-6.169181244136694,miscanthus_floridulus_15wks vs miscanthus_sacchariflorus_4x_15wks,FALSE
3796,0.01595587035158985,16.86313553484206,0.019750957235742037,0.9846999144592614,0.9933668737605278,-6.1691843559443615,miscanthus_floridulus_15wks vs miscanthus_sacchariflorus_4x_15wks,FALSE
5961,-0.032125997992849875,18.415759115109644,-0.018542533069760527,0.9856358967729009,0.9937508800515102,-6.1692091165099185,miscanthus_floridulus_15wks vs miscanthus_sacchariflorus_4x_15wks,FALSE
10187,-0.019495950776700965,16.96098395203381,-0.018018489108318943,0.9860418012648331,0.9937508800515102,-6.169219368401573,miscanthus_floridulus_15wks vs miscanthus_sacchariflorus_4x_15wks,FALSE
1443,0.0103155051959547,23.002590457519698,0.01796789377871799,0.9860809907088308,0.9937508800515102,-6.169220342644237,miscanthus_floridulus_15wks vs miscanthus_sacchariflorus_4x_15wks,FALSE
2230,-0.010118208995528732,21.775413443179588,-0.017068612020687043,0.9867775507146275,0.9939935574389459,-6.169237201806173,miscanthus_floridulus_15wks vs miscanthus_sacchariflorus_4x_15wks,FALSE
2856,0.015403149935504956,17.272903436627125,0.016795750002258882,0.9869889048529668,0.9939935574389459,-6.169242146125222,miscanthus_floridulus_15wks vs miscanthus_sacchariflorus_4x_15wks,FALSE
9665,-0.010384148317971409,16.719285113385382,-0.015650993907043352,0.9878756244650406,0.9942651558957861,-6.169262021065335,miscanthus_floridulus_15wks vs miscanthus_sacchariflorus_4x_15wks,FALSE
2358,-0.008959059318808471,21.436159847279278,-0.015190598826118869,0.9882322481744332,0.9942651558957861,-6.169269618913143,miscanthus_floridulus_15wks vs miscanthus_sacchariflorus_4x_15wks,FALSE
2424,0.026421705122679384,19.583202390941647,0.015155381916043814,0.9882595274373551,0.9942651558957861,-6.169270190755015,miscanthus_floridulus_15wks vs miscanthus_sacchariflorus_4x_15wks,FALSE
2892,0.027045652317863045,20.149608401186214,0.013554835524568973,0.9894993383707552,0.9950419916594873,-6.169294779113298,miscanthus_floridulus_15wks vs miscanthus_sacchariflorus_4x_15wks,FALSE
3396,0.023107798889711262,19.701189432701014,0.013296458856603426,0.9896994843217182,0.9950419916594873,-6.169298491427434,miscanthus_floridulus_15wks vs miscanthus_sacchariflorus_4x_15wks,FALSE
2712,0.013950802622783698,20.528948745780145,0.012542342167589968,0.9902836490025481,0.9952935156922742,-6.169308917909893,miscanthus_floridulus_15wks vs miscanthus_sacchariflorus_4x_15wks,FALSE
22287,0.008811347289302773,16.870817319323386,0.011249328490477477,0.9912852759663222,0.9959643028926635,-6.169325378913509,miscanthus_floridulus_15wks vs miscanthus_sacchariflorus_4x_15wks,FALSE
2524,-0.005376287486303255,16.9222660964488,-0.010513331231048275,0.9918554201775753,0.9960629932117395,-6.169333949640727,miscanthus_floridulus_15wks vs miscanthus_sacchariflorus_4x_15wks,FALSE
16,-0.005607862708682632,21.132439032449224,-0.010259566824442826,0.992052001292766,0.9960629932117395,-6.1693367703470425,miscanthus_floridulus_15wks vs miscanthus_sacchariflorus_4x_15wks,FALSE
3438,0.019335452687986532,19.028743626801827,0.009451739887572065,0.9926777961859551,0.9963556189404331,-6.1693452908334425,miscanthus_floridulus_15wks vs miscanthus_sacchariflorus_4x_15wks,FALSE
1076,0.014033401184295968,22.997353529728798,0.00855889545080902,0.9933694573199844,0.9967141356274591,-6.169353895545224,miscanthus_floridulus_15wks vs miscanthus_sacchariflorus_4x_15wks,FALSE
127,-0.007226860760166431,18.677007116158315,-0.007268182005442739,0.9943693465190959,0.9973815727455084,-6.169364826624324,miscanthus_floridulus_15wks vs miscanthus_sacchariflorus_4x_15wks,FALSE
225,0.0028907164247797823,21.09211727839779,0.006020211731016271,0.9953361334544798,0.9980153693453399,-6.169373700435732,miscanthus_floridulus_15wks vs miscanthus_sacchariflorus_4x_15wks,FALSE
3548,0.004371749047699325,20.28049001089511,0.0051992589532895706,0.9959721198189125,0.9983171601279378,-6.169378629048534,miscanthus_floridulus_15wks vs miscanthus_sacchariflorus_4x_15wks,FALSE
24677,-0.002379413999783253,16.69206365795971,-0.0037110495580413272,0.9971250326171891,0.9988093781871664,-6.169385724688006,miscanthus_floridulus_15wks vs miscanthus_sacchariflorus_4x_15wks,FALSE
18591,0.0015479707481595995,17.2172489687417,0.002410472972324907,0.9981325925869278,0.9988093781871664,-6.169389984895079,miscanthus_floridulus_15wks vs miscanthus_sacchariflorus_4x_15wks,FALSE
9384,0.0021930469557958077,17.068190809690066,0.00225053339959742,0.9982564984607144,0.9988093781871664,-6.169390383801646,miscanthus_floridulus_15wks vs miscanthus_sacchariflorus_4x_15wks,FALSE
1743,-0.0015746649502439425,16.718048866856343,-0.0021224370698172835,0.9983557352735875,0.9988093781871664,-6.169390683544491,miscanthus_floridulus_15wks vs miscanthus_sacchariflorus_4x_15wks,FALSE
1871,-9.026367386937295e-4,21.443075446665162,-0.0016184909642886513,0.9987461449032169,0.9988093781871664,-6.16939169233063,miscanthus_floridulus_15wks vs miscanthus_sacchariflorus_4x_15wks,FALSE
21486,0.0014479337738997344,16.85512483281592,0.0015751660852450341,0.9987797089271604,0.9988093781871664,-6.169391766369767,miscanthus_floridulus_15wks vs miscanthus_sacchariflorus_4x_15wks,FALSE
9681,0.0017557216637129613,18.29038149841984,0.0015368686209497856,0.9988093781871664,0.9988093781871664,-6.169391830144723,miscanthus_floridulus_15wks vs miscanthus_sacchariflorus_4x_15wks,FALSE
