ID,logFC,AveExpr,t,P.Value,adj.P.Val,B,comparison,pass
13,-8.802697569856385,20.331014831675905,-10.108367415501194,5.627435833867401e-4,0.1621678198229673,-0.6177010086416299,miscanthus_sinensis_ssp_transmorrisonensis_6wks vs miscanthus_floridulus_6wks,TRUE
5750,-8.5266160341599,20.40139042683718,-10.041178268582168,5.773474988963018e-4,0.1621678198229673,-0.6264713764000485,miscanthus_sinensis_ssp_transmorrisonensis_6wks vs miscanthus_floridulus_6wks,TRUE
1110,9.045408252566563,20.580653988901734,9.84872984049203,6.218672545073147e-4,0.1621678198229673,-0.6523596687586606,miscanthus_sinensis_ssp_transmorrisonensis_6wks vs miscanthus_floridulus_6wks,TRUE
219,-8.267886217778301,20.475131097228715,-9.83151331721457,6.260548614313262e-4,0.1621678198229673,-0.6547325895651497,miscanthus_sinensis_ssp_transmorrisonensis_6wks vs miscanthus_floridulus_6wks,TRUE
72,9.930915659554383,21.791457420649706,9.541722499487257,7.021044461635368e-4,0.1621678198229673,-0.6961471043815886,miscanthus_sinensis_ssp_transmorrisonensis_6wks vs miscanthus_floridulus_6wks,TRUE
1491,-8.396441021162703,19.2814101282071,-9.13850501665483,8.28078898340146e-4,0.1621678198229673,-0.7587349005591895,miscanthus_sinensis_ssp_transmorrisonensis_6wks vs miscanthus_floridulus_6wks,TRUE
163,-9.3253066580039,20.818694492427213,-9.029306523435778,8.669324117101038e-4,0.1621678198229673,-0.7767601778003828,miscanthus_sinensis_ssp_transmorrisonensis_6wks vs miscanthus_floridulus_6wks,TRUE
1122,7.801348060426715,20.085667547325315,8.944818102061522,8.985572745260375e-4,0.1621678198229673,-0.7910402032121233,miscanthus_sinensis_ssp_transmorrisonensis_6wks vs miscanthus_floridulus_6wks,TRUE
118,7.029291075854637,20.007546053536515,8.553973742697005,0.0010649668076516913,0.1621678198229673,-0.8611183345595403,miscanthus_sinensis_ssp_transmorrisonensis_6wks vs miscanthus_floridulus_6wks,TRUE
2638,-9.692267824086848,21.928543615887286,-8.330158187264452,0.001177590291154618,0.1621678198229673,-0.9044435014283376,miscanthus_sinensis_ssp_transmorrisonensis_6wks vs miscanthus_floridulus_6wks,TRUE
202,-6.883366736753741,18.81664995446493,-8.197263313444042,0.0012514844245136649,0.1621678198229673,-0.9313565133185859,miscanthus_sinensis_ssp_transmorrisonensis_6wks vs miscanthus_floridulus_6wks,TRUE
707,7.270921251635041,19.865712800061054,8.165493237456712,0.0012699942848032038,0.1621678198229673,-0.937926789577606,miscanthus_sinensis_ssp_transmorrisonensis_6wks vs miscanthus_floridulus_6wks,TRUE
1586,6.933920718192013,20.091039573125705,7.736694154875547,0.001556435411214587,0.1621678198229673,-1.032084125733979,miscanthus_sinensis_ssp_transmorrisonensis_6wks vs miscanthus_floridulus_6wks,TRUE
1137,-7.282303736274432,19.003821283002587,-7.418228952216607,0.0018223168300446878,0.1621678198229673,-1.1091791254379162,miscanthus_sinensis_ssp_transmorrisonensis_6wks vs miscanthus_floridulus_6wks,TRUE
145,-6.838438898912278,18.103569255234664,-7.390554932313013,0.001847986843630752,0.1621678198229673,-1.116191115034372,miscanthus_sinensis_ssp_transmorrisonensis_6wks vs miscanthus_floridulus_6wks,TRUE
4051,6.934965866921019,18.41093790745582,7.35156764185653,0.0018849147282994645,0.1621678198229673,-1.1261579368704373,miscanthus_sinensis_ssp_transmorrisonensis_6wks vs miscanthus_floridulus_6wks,TRUE
2258,6.233235200104577,19.450529957458066,7.257636333193475,0.001977704087763702,0.1621678198229673,-1.1506022608724642,miscanthus_sinensis_ssp_transmorrisonensis_6wks vs miscanthus_floridulus_6wks,TRUE
3747,-6.7828107736314305,18.5385561249283,-7.213110150956946,0.0020236607636890266,0.1621678198229673,-1.1624066708197844,miscanthus_sinensis_ssp_transmorrisonensis_6wks vs miscanthus_floridulus_6wks,TRUE
168,-6.983482373678289,19.94238156782628,-7.1790083080909675,0.002059753748617972,0.1621678198229673,-1.1715436251683613,miscanthus_sinensis_ssp_transmorrisonensis_6wks vs miscanthus_floridulus_6wks,TRUE
988,-7.330236672676422,19.468845160412027,-7.133918550406941,0.002108706788336718,0.1621678198229673,-1.1837543313156988,miscanthus_sinensis_ssp_transmorrisonensis_6wks vs miscanthus_floridulus_6wks,TRUE
331,7.553777537130644,19.206776252541164,7.067474812050351,0.0021834941151869817,0.1621678198229673,-1.2020213564924562,miscanthus_sinensis_ssp_transmorrisonensis_6wks vs miscanthus_floridulus_6wks,TRUE
2160,6.521530346736057,19.21030547390732,7.034292306864994,0.0022220705442534856,0.1621678198229673,-1.211267930001453,miscanthus_sinensis_ssp_transmorrisonensis_6wks vs miscanthus_floridulus_6wks,TRUE
370,-6.279784616609746,19.252013803279933,-7.032398432763317,0.002224297581140431,0.1621678198229673,-1.2117981897090768,miscanthus_sinensis_ssp_transmorrisonensis_6wks vs miscanthus_floridulus_6wks,TRUE
347,-5.882371263036918,18.555126593824195,-6.947254333984743,0.0023273325839030007,0.1621678198229673,-1.2359217489128058,miscanthus_sinensis_ssp_transmorrisonensis_6wks vs miscanthus_floridulus_6wks,TRUE
1939,5.935644433296019,20.052655799576364,6.886664546562746,0.0024042606358300037,0.1621678198229673,-1.2534325913772069,miscanthus_sinensis_ssp_transmorrisonensis_6wks vs miscanthus_floridulus_6wks,TRUE
1311,7.68207313422095,19.439186411063165,6.865353658016194,0.0024320627064341404,0.1621678198229673,-1.2596608249221157,miscanthus_sinensis_ssp_transmorrisonensis_6wks vs miscanthus_floridulus_6wks,TRUE
2442,-5.861019409363717,18.973193168497122,-6.815905502395546,0.0024981176523144583,0.1621678198229673,-1.2742531176860394,miscanthus_sinensis_ssp_transmorrisonensis_6wks vs miscanthus_floridulus_6wks,TRUE
2652,7.009001309460464,19.293010332141378,6.744332074965913,0.0025977009688893916,0.1621678198229673,-1.2957284849010762,miscanthus_sinensis_ssp_transmorrisonensis_6wks vs miscanthus_floridulus_6wks,TRUE
842,-5.577898533909909,19.499759210691337,-6.673694298555526,0.0027008310718402303,0.1621678198229673,-1.317341955312962,miscanthus_sinensis_ssp_transmorrisonensis_6wks vs miscanthus_floridulus_6wks,TRUE
5948,7.351735713213115,19.222091081978732,6.66820089804439,0.0027090613244928545,0.1621678198229673,-1.319040518467414,miscanthus_sinensis_ssp_transmorrisonensis_6wks vs miscanthus_floridulus_6wks,TRUE
50,5.594423163234076,19.144878910303998,6.5750806348808055,0.0028534008973147462,0.1621678198229673,-1.3482294105180639,miscanthus_sinensis_ssp_transmorrisonensis_6wks vs miscanthus_floridulus_6wks,TRUE
1625,-5.977052940972726,19.96227965628924,-6.549470062573017,0.002894751112622416,0.1621678198229673,-1.356390033821115,miscanthus_sinensis_ssp_transmorrisonensis_6wks vs miscanthus_floridulus_6wks,TRUE
451,-6.199863366870073,18.75834668576808,-6.545773641670021,0.002900780138961259,0.1621678198229673,-1.3575726682187543,miscanthus_sinensis_ssp_transmorrisonensis_6wks vs miscanthus_floridulus_6wks,TRUE
2007,-5.453596235497837,18.9075611898225,-6.497840544737617,0.002980381553503183,0.1621678198229673,-1.373018887538965,miscanthus_sinensis_ssp_transmorrisonensis_6wks vs miscanthus_floridulus_6wks,TRUE
5130,6.074438549280131,19.227808968864206,6.375596129052124,0.003195921261935938,0.16633274822281827,-1.413357795014453,miscanthus_sinensis_ssp_transmorrisonensis_6wks vs miscanthus_floridulus_6wks,TRUE
2866,-6.375668825116694,19.217519213714297,-6.340860732375447,0.0032606426889812,0.16633274822281827,-1.4250734719668383,miscanthus_sinensis_ssp_transmorrisonensis_6wks vs miscanthus_floridulus_6wks,TRUE
3546,-5.5297266159277285,18.422716566279604,-6.306296909349074,0.0033266549644563655,0.16633274822281827,-1.4368449262518839,miscanthus_sinensis_ssp_transmorrisonensis_6wks vs miscanthus_floridulus_6wks,TRUE
404,-5.423577604855737,18.468984368705854,-6.190243820506189,0.0035606884821439955,0.1733493076833261,-1.4772152412071975,miscanthus_sinensis_ssp_transmorrisonensis_6wks vs miscanthus_floridulus_6wks,TRUE
262,-5.510786930653195,18.662091220274405,-6.088615674146703,0.003782483497283229,0.1794254992301019,-1.5136675369064925,miscanthus_sinensis_ssp_transmorrisonensis_6wks vs miscanthus_floridulus_6wks,TRUE
1899,6.32585995799705,18.389779517408414,5.95300207947935,0.004105585955740075,0.18548823213080579,-1.5639706633012027,miscanthus_sinensis_ssp_transmorrisonensis_6wks vs miscanthus_floridulus_6wks,TRUE
5850,5.520243933475461,18.00359432220369,5.950914191710851,0.004110820279655696,0.18548823213080579,-1.5647603455617283,miscanthus_sinensis_ssp_transmorrisonensis_6wks vs miscanthus_floridulus_6wks,TRUE
483,-5.450039448687033,18.99949592030668,-5.899960337150658,0.004241142839926632,0.1863441916226997,-1.5841781271949928,miscanthus_sinensis_ssp_transmorrisonensis_6wks vs miscanthus_floridulus_6wks,TRUE
154,-6.651070824351024,20.96390054566357,-5.865844833374846,0.004331243372851939,0.1863441916226997,-1.5973372671137822,miscanthus_sinensis_ssp_transmorrisonensis_6wks vs miscanthus_floridulus_6wks,TRUE
3569,5.070684840231376,18.621202617507045,5.719857427074076,0.004744427939969875,0.19756029768396177,-1.6551168410828598,miscanthus_sinensis_ssp_transmorrisonensis_6wks vs miscanthus_floridulus_6wks,TRUE
4580,8.968455019066994,22.92215167393543,5.65679455533052,0.004937819868499117,0.19756029768396177,-1.6808317729288351,miscanthus_sinensis_ssp_transmorrisonensis_6wks vs miscanthus_floridulus_6wks,TRUE
1860,-5.3468238000083375,19.65035660815731,-5.636829656995387,0.005001053340203725,0.19756029768396177,-1.6890701071110499,miscanthus_sinensis_ssp_transmorrisonensis_6wks vs miscanthus_floridulus_6wks,TRUE
1662,7.2901167718898225,18.58118991529407,5.631188661358386,0.005019099454673623,0.19756029768396177,-1.691406371690234,miscanthus_sinensis_ssp_transmorrisonensis_6wks vs miscanthus_floridulus_6wks,TRUE
2632,-4.977033308007579,18.394393473761667,-5.581855706370335,0.005180374757910957,0.19804753182964813,-1.711999985441671,miscanthus_sinensis_ssp_transmorrisonensis_6wks vs miscanthus_floridulus_6wks,TRUE
89,-4.723630399847128,19.197895742063714,-5.548830062328238,0.005291899372937572,0.19804753182964813,-1.7259501941850877,miscanthus_sinensis_ssp_transmorrisonensis_6wks vs miscanthus_floridulus_6wks,TRUE
3829,5.6797302537934264,19.353830240794096,5.522796676219324,0.0053818926272946105,0.19804753182964813,-1.7370405595966663,miscanthus_sinensis_ssp_transmorrisonensis_6wks vs miscanthus_floridulus_6wks,TRUE
5558,5.732032734913053,17.682826257094632,5.500718206055646,0.0054596887153038134,0.19804753182964813,-1.746511410423584,miscanthus_sinensis_ssp_transmorrisonensis_6wks vs miscanthus_floridulus_6wks,TRUE
4119,4.661671430784569,18.507226160052447,5.399448724896904,0.005834696023153581,0.20417257726217822,-1.7907322278365116,miscanthus_sinensis_ssp_transmorrisonensis_6wks vs miscanthus_floridulus_6wks,TRUE
83,-5.25932911011984,18.643380118392816,-5.395675545789751,0.005849268429673213,0.20417257726217822,-1.7924049171530267,miscanthus_sinensis_ssp_transmorrisonensis_6wks vs miscanthus_floridulus_6wks,TRUE
1209,4.629376690388206,18.571885006191966,5.3477919851591045,0.006038129521009052,0.20511829197134696,-1.8137911688842494,miscanthus_sinensis_ssp_transmorrisonensis_6wks vs miscanthus_floridulus_6wks,TRUE
1024,-5.81197432258007,19.266874653123725,-5.305412408999408,0.006211544789914233,0.20511829197134696,-1.8329674221841907,miscanthus_sinensis_ssp_transmorrisonensis_6wks vs miscanthus_floridulus_6wks,TRUE
1484,4.995672740913337,17.84541733057274,5.280267305887213,0.00631732151039496,0.20511829197134696,-1.844456782156192,miscanthus_sinensis_ssp_transmorrisonensis_6wks vs miscanthus_floridulus_6wks,TRUE
2777,-5.1054738685281436,18.53806729250787,-5.275410040437557,0.00633800767947641,0.20511829197134696,-1.8466858163998232,miscanthus_sinensis_ssp_transmorrisonensis_6wks vs miscanthus_floridulus_6wks,TRUE
4283,4.4196659154673625,22.072476815218533,5.223458111516681,0.006564529354577764,0.20511829197134696,-1.8707238267195576,miscanthus_sinensis_ssp_transmorrisonensis_6wks vs miscanthus_floridulus_6wks,TRUE
5684,5.59094736938119,19.209878022045082,5.208026450915944,0.006633714806244612,0.20511829197134696,-1.8779338963290124,miscanthus_sinensis_ssp_transmorrisonensis_6wks vs miscanthus_floridulus_6wks,TRUE
1897,6.147702976318108,18.90222759047711,5.195396604161235,0.0066910033319472215,0.20511829197134696,-1.8838588994959498,miscanthus_sinensis_ssp_transmorrisonensis_6wks vs miscanthus_floridulus_6wks,TRUE
3994,-4.420428027172807,18.225135059431256,-5.154201433311556,0.0068821159245683735,0.20511829197134696,-1.9033359644594552,miscanthus_sinensis_ssp_transmorrisonensis_6wks vs miscanthus_floridulus_6wks,TRUE
2054,-5.0191204506577645,18.23970596752989,-5.107986420258699,0.007104522757170189,0.20511829197134696,-1.9254648513277868,miscanthus_sinensis_ssp_transmorrisonensis_6wks vs miscanthus_floridulus_6wks,TRUE
1441,4.754033602529677,18.55256233990266,5.103704120744124,0.0071255726698380845,0.20511829197134696,-1.9275303652571614,miscanthus_sinensis_ssp_transmorrisonensis_6wks vs miscanthus_floridulus_6wks,TRUE
5495,-4.537850895713749,18.63935269514178,-5.088131034728956,0.007202768470242506,0.20511829197134696,-1.9350635036211208,miscanthus_sinensis_ssp_transmorrisonensis_6wks vs miscanthus_floridulus_6wks,TRUE
2070,-6.396632927701159,20.196530751585904,-5.087311545366829,0.00720685890710138,0.20511829197134696,-1.9354608563079068,miscanthus_sinensis_ssp_transmorrisonensis_6wks vs miscanthus_floridulus_6wks,TRUE
3514,-4.5288959348524624,17.90726196193796,-5.051979000733039,0.007385949777637661,0.20703041043378292,-1.952682947969297,miscanthus_sinensis_ssp_transmorrisonensis_6wks vs miscanthus_floridulus_6wks,TRUE
2649,4.5288576483588905,17.88119419184315,4.9983919647892145,0.007668061930343564,0.2075215642258126,-1.9791419505465222,miscanthus_sinensis_ssp_transmorrisonensis_6wks vs miscanthus_floridulus_6wks,TRUE
4454,4.452569759614679,21.722394264125207,4.9967628098629024,0.007676842873965454,0.2075215642258126,-1.9799528187363618,miscanthus_sinensis_ssp_transmorrisonensis_6wks vs miscanthus_floridulus_6wks,TRUE
3470,-4.4976888359689315,18.053477428139367,-4.965830945930076,0.00784591423961667,0.2075215642258126,-1.9954212812509402,miscanthus_sinensis_ssp_transmorrisonensis_6wks vs miscanthus_floridulus_6wks,TRUE
1204,-4.16900466210056,17.717631761028585,-4.962578145337524,0.007863956670398565,0.2075215642258126,-1.9970560309390928,miscanthus_sinensis_ssp_transmorrisonensis_6wks vs miscanthus_floridulus_6wks,TRUE
4582,-5.796831752843673,19.568801878551067,-4.944644990772416,0.007964341113531186,0.2075215642258126,-2.0060964008254296,miscanthus_sinensis_ssp_transmorrisonensis_6wks vs miscanthus_floridulus_6wks,TRUE
4204,-4.1330919698928685,17.486026373036356,-4.90607361705127,0.008185601796233214,0.21032449059765895,-2.0257009954439833,miscanthus_sinensis_ssp_transmorrisonensis_6wks vs miscanthus_floridulus_6wks,TRUE
5318,-4.115101431201527,20.08027994424355,-4.854739361844631,0.008491825525073687,0.2152037975532373,-2.052135386969662,miscanthus_sinensis_ssp_transmorrisonensis_6wks vs miscanthus_floridulus_6wks,TRUE
5710,-5.113291085964834,17.198032573338846,-4.7673927976822705,0.009045637631020885,0.2236433133578313,-2.098029678292843,miscanthus_sinensis_ssp_transmorrisonensis_6wks vs miscanthus_floridulus_6wks,TRUE
36,4.236235179132255,25.06183285584919,4.743101692284654,0.009207407938925598,0.2236433133578313,-2.111001093863524,miscanthus_sinensis_ssp_transmorrisonensis_6wks vs miscanthus_floridulus_6wks,TRUE
4043,4.007577756793069,23.079061201136852,4.742384747759995,0.009212235820240337,0.2236433133578313,-2.111385332630798,miscanthus_sinensis_ssp_transmorrisonensis_6wks vs miscanthus_floridulus_6wks,TRUE
3484,-4.202104591245838,18.83942209965369,-4.717146113625653,0.009384172799906372,0.2236433133578313,-2.1249627912783255,miscanthus_sinensis_ssp_transmorrisonensis_6wks vs miscanthus_floridulus_6wks,TRUE
2210,-4.194448184029714,19.008302540011474,-4.69479836604337,0.00953968581432302,0.2236433133578313,-2.137068366097764,miscanthus_sinensis_ssp_transmorrisonensis_6wks vs miscanthus_floridulus_6wks,TRUE
1558,-3.9656640565194277,17.216089681975664,-4.679718156658477,0.009646399394748581,0.2236433133578313,-2.145281658538527,miscanthus_sinensis_ssp_transmorrisonensis_6wks vs miscanthus_floridulus_6wks,TRUE
3145,-3.9865823845775914,17.44018520589499,-4.6635273031287605,0.009762593442149848,0.2236433133578313,-2.1541399533114367,miscanthus_sinensis_ssp_transmorrisonensis_6wks vs miscanthus_floridulus_6wks,TRUE
5431,3.9398153648570187,22.826043460151347,4.659473666189745,0.009791950476748289,0.2236433133578313,-2.156364289160093,miscanthus_sinensis_ssp_transmorrisonensis_6wks vs miscanthus_floridulus_6wks,TRUE
1436,-4.8486309659909,19.28651874418431,-4.635233512334246,0.009969759315878516,0.22492749676067386,-2.16972022025296,miscanthus_sinensis_ssp_transmorrisonensis_6wks vs miscanthus_floridulus_6wks,TRUE
453,-7.014098263414326,19.71353984487149,-4.5844141766680995,0.010355448317360235,0.22680806755792202,-2.1980274943136267,miscanthus_sinensis_ssp_transmorrisonensis_6wks vs miscanthus_floridulus_6wks,TRUE
4968,4.070627467695525,17.63856226571589,4.564975801642748,0.010507754115482158,0.22680806755792202,-2.2089657701307592,miscanthus_sinensis_ssp_transmorrisonensis_6wks vs miscanthus_floridulus_6wks,TRUE
4614,-3.774087769561877,18.509124340722355,-4.540774437441073,0.010701201141416972,0.22680806755792202,-2.2226706533823806,miscanthus_sinensis_ssp_transmorrisonensis_6wks vs miscanthus_floridulus_6wks,TRUE
4564,4.831845839424156,18.02949945321899,4.518971842104885,0.010879188996589509,0.22680806755792202,-2.235099694018875,miscanthus_sinensis_ssp_transmorrisonensis_6wks vs miscanthus_floridulus_6wks,TRUE
4953,4.128475839841862,19.254069111322526,4.491898561137556,0.011105234598012994,0.22680806755792202,-2.2506430291530743,miscanthus_sinensis_ssp_transmorrisonensis_6wks vs miscanthus_floridulus_6wks,TRUE
2565,4.328424082383819,22.866875157907526,4.486078800434138,0.011154568095763588,0.22680806755792202,-2.2540002133033537,miscanthus_sinensis_ssp_transmorrisonensis_6wks vs miscanthus_floridulus_6wks,TRUE
3083,-4.354488762373277,17.535293374097584,-4.482122804917468,0.01118825453663041,0.22680806755792202,-2.2562854973975397,miscanthus_sinensis_ssp_transmorrisonensis_6wks vs miscanthus_floridulus_6wks,TRUE
131,3.8285762000365615,30.596143323292445,4.47355941316844,0.011261598110052623,0.22680806755792202,-2.261241334738409,miscanthus_sinensis_ssp_transmorrisonensis_6wks vs miscanthus_floridulus_6wks,TRUE
1147,-4.249716977875053,18.723567561844995,-4.4529495748167855,0.011440522258159263,0.22680806755792202,-2.2732191946924845,miscanthus_sinensis_ssp_transmorrisonensis_6wks vs miscanthus_floridulus_6wks,TRUE
3501,-4.5112119305431015,18.79090310420177,-4.449632898795056,0.011469637154738066,0.22680806755792202,-2.2751534329716745,miscanthus_sinensis_ssp_transmorrisonensis_6wks vs miscanthus_floridulus_6wks,TRUE
2595,-5.686162621865648,18.378933632775766,-4.411086490434704,0.011814690702189613,0.22680806755792202,-2.2977697259533283,miscanthus_sinensis_ssp_transmorrisonensis_6wks vs miscanthus_floridulus_6wks,TRUE
5056,-3.8209465395065756,16.647243974166692,-4.406831955918562,0.01185354225323412,0.22680806755792202,-2.300281459742886,miscanthus_sinensis_ssp_transmorrisonensis_6wks vs miscanthus_floridulus_6wks,TRUE
362,-3.908212214772462,18.557728250079588,-4.386640116931482,0.012040055590394356,0.22680806755792202,-2.312244223748079,miscanthus_sinensis_ssp_transmorrisonensis_6wks vs miscanthus_floridulus_6wks,TRUE
4109,-4.297372912655707,18.123758115785904,-4.384974156962962,0.01205560246309386,0.22680806755792202,-2.3132343496924688,miscanthus_sinensis_ssp_transmorrisonensis_6wks vs miscanthus_floridulus_6wks,TRUE
3193,-3.706770581107218,18.416748927797777,-4.381003981598751,0.012092750643549584,0.22680806755792202,-2.315595855314971,miscanthus_sinensis_ssp_transmorrisonensis_6wks vs miscanthus_floridulus_6wks,TRUE
2314,-3.760236732314466,16.723324198587992,-4.376655189938991,0.01213360078222643,0.22680806755792202,-2.31818567464162,miscanthus_sinensis_ssp_transmorrisonensis_6wks vs miscanthus_floridulus_6wks,TRUE
2199,3.7710922059487473,23.09780257531449,4.375894215695399,0.012140766132689865,0.22680806755792202,-2.3186391890941045,miscanthus_sinensis_ssp_transmorrisonensis_6wks vs miscanthus_floridulus_6wks,TRUE
4428,-3.9919562554675956,17.14054545850486,-4.363321607973431,0.01225989554367146,0.22680806755792202,-2.3261464677716113,miscanthus_sinensis_ssp_transmorrisonensis_6wks vs miscanthus_floridulus_6wks,TRUE
5788,4.210314309421436,16.858991291763118,4.34527961247737,0.012433333570897511,0.2277392782788158,-2.3369672930105794,miscanthus_sinensis_ssp_transmorrisonensis_6wks vs miscanthus_floridulus_6wks,TRUE
1219,-3.975792737950771,17.594363323951562,-4.3195852852635745,0.012685493290429044,0.2298675859602938,-2.3524751825431833,miscanthus_sinensis_ssp_transmorrisonensis_6wks vs miscanthus_floridulus_6wks,TRUE
5877,-4.000563034543486,17.5148686887077,-4.308316630242735,0.012798033164275819,0.2298675859602938,-2.3593127302318795,miscanthus_sinensis_ssp_transmorrisonensis_6wks vs miscanthus_floridulus_6wks,TRUE
5222,3.522328325718039,17.153352716980343,4.280794926653199,0.01307801270246725,0.23219843151380298,-2.376105830928002,miscanthus_sinensis_ssp_transmorrisonensis_6wks vs miscanthus_floridulus_6wks,TRUE
1666,4.787662620509181,18.506612966193885,4.2710588100815094,0.013178829896729357,0.23219843151380298,-2.3820785154036686,miscanthus_sinensis_ssp_transmorrisonensis_6wks vs miscanthus_floridulus_6wks,TRUE
3464,-3.8060044589835478,17.925145080223015,-4.2222821442238345,0.013698296626695703,0.23698811644364523,-2.412253955261981,miscanthus_sinensis_ssp_transmorrisonensis_6wks vs miscanthus_floridulus_6wks,TRUE
4440,5.471238080496708,17.944923601350652,4.204927098808147,0.013889075946299937,0.23698811644364523,-2.423092982227064,miscanthus_sinensis_ssp_transmorrisonensis_6wks vs miscanthus_floridulus_6wks,TRUE
4038,4.489214573041783,17.93081674950921,4.204493972789583,0.013893878117166037,0.23698811644364523,-2.423364180707367,miscanthus_sinensis_ssp_transmorrisonensis_6wks vs miscanthus_floridulus_6wks,TRUE
2161,-4.220903920323927,19.126216529786777,-4.193124685500882,0.014020652783348197,0.23698811644364523,-2.430495039881181,miscanthus_sinensis_ssp_transmorrisonensis_6wks vs miscanthus_floridulus_6wks,TRUE
5338,-3.51240898919753,17.101419485837905,-4.181002145201831,0.014157369890630364,0.23698811644364523,-2.4381240052825177,miscanthus_sinensis_ssp_transmorrisonensis_6wks vs miscanthus_floridulus_6wks,TRUE
436,-5.010463309915497,18.29976996491561,-4.148893792284944,0.014527342872254899,0.23698811644364523,-2.4584590149847236,miscanthus_sinensis_ssp_transmorrisonensis_6wks vs miscanthus_floridulus_6wks,TRUE
1654,3.84227982886123,17.22480574383745,4.130594804773305,0.014743419610433184,0.23698811644364523,-2.4701321336586686,miscanthus_sinensis_ssp_transmorrisonensis_6wks vs miscanthus_floridulus_6wks,TRUE
862,3.6463279195105045,18.708259993615954,4.118105755343694,0.014893121431694951,0.23698811644364523,-2.478134189751897,miscanthus_sinensis_ssp_transmorrisonensis_6wks vs miscanthus_floridulus_6wks,TRUE
3275,3.7565052670184436,21.783072577635266,4.112353813072864,0.014962684701524676,0.23698811644364523,-2.4818292289504877,miscanthus_sinensis_ssp_transmorrisonensis_6wks vs miscanthus_floridulus_6wks,TRUE
3675,3.9164271814343703,17.92993825238125,4.11230807415501,0.014963239431853619,0.23698811644364523,-2.481858635916028,miscanthus_sinensis_ssp_transmorrisonensis_6wks vs miscanthus_floridulus_6wks,TRUE
3050,-5.933076815979941,19.545805132433728,-4.104319991899603,0.015060502241694588,0.23698811644364523,-2.487000320960529,miscanthus_sinensis_ssp_transmorrisonensis_6wks vs miscanthus_floridulus_6wks,TRUE
3733,-3.53582043412246,18.230067481671743,-4.10369493710139,0.015068145038760763,0.23698811644364523,-2.4874031449555116,miscanthus_sinensis_ssp_transmorrisonensis_6wks vs miscanthus_floridulus_6wks,TRUE
695,-4.374165341176676,18.121451360284105,-4.099211985709052,0.015123097256420649,0.23698811644364523,-2.4902943450330914,miscanthus_sinensis_ssp_transmorrisonensis_6wks vs miscanthus_floridulus_6wks,TRUE
3462,3.480981080225959,17.251147678200894,4.089409568463529,0.015244100463131774,0.23698811644364523,-2.4966291508448415,miscanthus_sinensis_ssp_transmorrisonensis_6wks vs miscanthus_floridulus_6wks,TRUE
3313,4.465216472823595,21.42087705137907,4.051307611711358,0.01572567099637097,0.2424374278607191,-2.5214214839127536,miscanthus_sinensis_ssp_transmorrisonensis_6wks vs miscanthus_floridulus_6wks,TRUE
792,-3.3017466416749883,18.103512880702908,-3.9923366256033415,0.016507693455825125,0.2523903544898883,-2.5603272386032976,miscanthus_sinensis_ssp_transmorrisonensis_6wks vs miscanthus_floridulus_6wks,TRUE
4581,3.548101127213098,21.47114854248717,3.9764062300382426,0.016726931219708637,0.25364608816771295,-2.5709495349383276,miscanthus_sinensis_ssp_transmorrisonensis_6wks vs miscanthus_floridulus_6wks,TRUE
3961,-4.426288844752968,18.54715757014087,-3.9288852528363005,0.017402063992233617,0.2617383608587983,-2.6029226276839763,miscanthus_sinensis_ssp_transmorrisonensis_6wks vs miscanthus_floridulus_6wks,TRUE
5345,3.8448933868212496,17.487610966961505,3.9167545330153994,0.01757962792250953,0.2622767069084083,-2.6111535260991112,miscanthus_sinensis_ssp_transmorrisonensis_6wks vs miscanthus_floridulus_6wks,TRUE
448,-3.3410828134057198,18.66125909361964,-3.9025886558182825,0.01778974722247685,0.2631044053750933,-2.6208010716285925,miscanthus_sinensis_ssp_transmorrisonensis_6wks vs miscanthus_floridulus_6wks,TRUE
5693,-3.22851260629243,18.538020387829988,-3.8922572057367923,0.017944897133000886,0.2631044053750933,-2.627861571463951,miscanthus_sinensis_ssp_transmorrisonensis_6wks vs miscanthus_floridulus_6wks,TRUE
1557,3.616160944323873,25.29005658252492,3.8826510880709733,0.018090615876906645,0.2631044053750933,-2.6344448551958854,miscanthus_sinensis_ssp_transmorrisonensis_6wks vs miscanthus_floridulus_6wks,TRUE
5099,3.600633753309289,18.096033660094143,3.875241917150138,0.018203980480006453,0.2631044053750933,-2.639534707039538,miscanthus_sinensis_ssp_transmorrisonensis_6wks vs miscanthus_floridulus_6wks,TRUE
2705,-4.3521163999118855,17.6754066473065,-3.859126997818124,0.01845350916624675,0.26363288789401773,-2.650641835930251,miscanthus_sinensis_ssp_transmorrisonensis_6wks vs miscanthus_floridulus_6wks,TRUE
1207,-4.628807215769768,18.372128529656347,-3.85452287061597,0.01852555428444449,0.26363288789401773,-2.653824465665654,miscanthus_sinensis_ssp_transmorrisonensis_6wks vs miscanthus_floridulus_6wks,TRUE
4169,-3.6758536182775607,17.940507023159874,-3.816445786422737,0.0191345137713867,0.2702202326493542,-2.6803038113431374,miscanthus_sinensis_ssp_transmorrisonensis_6wks vs miscanthus_floridulus_6wks,TRUE
3780,-3.876115770657268,18.124804254286207,-3.786929746000031,0.019623140209748778,0.2743075855782093,-2.701024985561391,miscanthus_sinensis_ssp_transmorrisonensis_6wks vs miscanthus_floridulus_6wks,TRUE
5071,3.214630559313701,19.004396248121733,3.759841173766518,0.020084805869466236,0.2743075855782093,-2.720193014433672,miscanthus_sinensis_ssp_transmorrisonensis_6wks vs miscanthus_floridulus_6wks,TRUE
1760,5.1250432165419895,18.664991589828038,3.755455834838949,0.020160763644206818,0.2743075855782093,-2.7233097507856274,miscanthus_sinensis_ssp_transmorrisonensis_6wks vs miscanthus_floridulus_6wks,TRUE
5189,-3.655093463416149,17.81805676018478,-3.7549917190528026,0.020168822654035624,0.2743075855782093,-2.7236398288655757,miscanthus_sinensis_ssp_transmorrisonensis_6wks vs miscanthus_floridulus_6wks,TRUE
557,-3.3188301342315683,17.48708734152922,-3.753824385638766,0.020189109566760902,0.2743075855782093,-2.7244702224248942,miscanthus_sinensis_ssp_transmorrisonensis_6wks vs miscanthus_floridulus_6wks,TRUE
3778,-3.23062863700358,17.655541013735117,-3.739449658007977,0.02044094164303244,0.2743075855782093,-2.7347179800807533,miscanthus_sinensis_ssp_transmorrisonensis_6wks vs miscanthus_floridulus_6wks,TRUE
3552,3.3100136711199895,22.4546816680343,3.738265002422303,0.020461863140428582,0.2743075855782093,-2.7355643524182334,miscanthus_sinensis_ssp_transmorrisonensis_6wks vs miscanthus_floridulus_6wks,TRUE
6004,3.3093076048431698,18.264886109417766,3.7293016691952245,0.020620993416388993,0.27445207064978155,-2.7419772140505416,miscanthus_sinensis_ssp_transmorrisonensis_6wks vs miscanthus_floridulus_6wks,TRUE
3894,-3.4389646081351106,17.544863004378396,-3.7139872635618825,0.020896321516024295,0.27612996289032105,-2.752971009392066,miscanthus_sinensis_ssp_transmorrisonensis_6wks vs miscanthus_floridulus_6wks,TRUE
1460,-3.076911434637399,18.29282819940905,-3.6909421654036025,0.021318978993284818,0.2797171002665029,-2.7696027407595847,miscanthus_sinensis_ssp_transmorrisonensis_6wks vs miscanthus_floridulus_6wks,TRUE
3891,-3.6509790521108023,21.107343413407918,-3.6772142130056547,0.021575620213939765,0.28030403540723847,-2.779560820750181,miscanthus_sinensis_ssp_transmorrisonensis_6wks vs miscanthus_floridulus_6wks,TRUE
5916,-4.0383649680038864,18.4471363331243,-3.672386843361632,0.021666744358505463,0.28030403540723847,-2.7830715262032917,miscanthus_sinensis_ssp_transmorrisonensis_6wks vs miscanthus_floridulus_6wks,TRUE
5201,3.3291758493808743,18.309309460561735,3.652760747356513,0.022041990988588753,0.2818711493996586,-2.7973928980762546,miscanthus_sinensis_ssp_transmorrisonensis_6wks vs miscanthus_floridulus_6wks,TRUE
889,3.1821582334449197,24.983379082268346,3.6385392125050413,0.02231876573224503,0.2818711493996586,-2.8078190417834614,miscanthus_sinensis_ssp_transmorrisonensis_6wks vs miscanthus_floridulus_6wks,TRUE
4776,4.03871846096723,17.854851990210893,3.630108310166301,0.022484806944537517,0.2818711493996586,-2.814019237147588,miscanthus_sinensis_ssp_transmorrisonensis_6wks vs miscanthus_floridulus_6wks,TRUE
3832,-3.1690715871248756,20.620219926218837,-3.629705788881802,0.022492771205230876,0.2818711493996586,-2.814315616333426,miscanthus_sinensis_ssp_transmorrisonensis_6wks vs miscanthus_floridulus_6wks,TRUE
3468,-3.202292016809988,17.332296074089705,-3.6268339107421323,0.022549691951972692,0.2818711493996586,-2.8164311520662233,miscanthus_sinensis_ssp_transmorrisonensis_6wks vs miscanthus_floridulus_6wks,TRUE
4623,-3.4104396881326586,16.998771096255233,-3.6093918906555755,0.022899114803570337,0.28383312360430873,-2.829315527891022,miscanthus_sinensis_ssp_transmorrisonensis_6wks vs miscanthus_floridulus_6wks,TRUE
890,4.074544773375699,25.062891021210675,3.603751310138708,0.023013496508457465,0.28383312360430873,-2.8334954253376483,miscanthus_sinensis_ssp_transmorrisonensis_6wks vs miscanthus_floridulus_6wks,TRUE
5239,3.252004339195036,19.770743119453748,3.593055771665858,0.02323226396618445,0.2846336975989486,-2.841439015121516,miscanthus_sinensis_ssp_transmorrisonensis_6wks vs miscanthus_floridulus_6wks,TRUE
563,3.0694671536791454,27.294955387727768,3.5833599990192884,0.023432731249043964,0.28520100533375875,-2.8486602058263855,miscanthus_sinensis_ssp_transmorrisonensis_6wks vs miscanthus_floridulus_6wks,TRUE
3300,4.41266756036263,18.155627536561163,3.5720453487518897,0.023669287261125858,0.2861972642685153,-2.8571113400301478,miscanthus_sinensis_ssp_transmorrisonensis_6wks vs miscanthus_floridulus_6wks,TRUE
390,5.358033513550211,17.915014538983826,3.5623209197344616,0.023874876918976756,0.28680858636433115,-2.864395600000011,miscanthus_sinensis_ssp_transmorrisonensis_6wks vs miscanthus_floridulus_6wks,TRUE
4875,-3.129854939206526,17.22369802039526,-3.553912954868511,0.024054354083660964,0.2871003551920825,-2.870709329658852,miscanthus_sinensis_ssp_transmorrisonensis_6wks vs miscanthus_floridulus_6wks,TRUE
5620,4.657996099733287,18.064607881919986,3.545460698225741,0.02423640142045738,0.2874188629990138,-2.8770709108969137,miscanthus_sinensis_ssp_transmorrisonensis_6wks vs miscanthus_floridulus_6wks,TRUE
3027,4.668631709442344,20.328194033663884,3.532562740576904,0.024517379140667768,0.28767341598963325,-2.886806779682916,miscanthus_sinensis_ssp_transmorrisonensis_6wks vs miscanthus_floridulus_6wks,TRUE
234,3.0731574264731165,25.703360626901436,3.530218463023915,0.024568864716952462,0.28767341598963325,-2.8885799973123207,miscanthus_sinensis_ssp_transmorrisonensis_6wks vs miscanthus_floridulus_6wks,TRUE
3412,-3.958130589537827,18.132817923424035,-3.497970404996933,0.025290352565434427,0.2942588191575704,-2.9130872626424087,miscanthus_sinensis_ssp_transmorrisonensis_6wks vs miscanthus_floridulus_6wks,TRUE
2643,-2.8157905718229337,19.65921852873214,-3.42644267977381,0.026982712590756037,0.309172708843517,-2.968212522194437,miscanthus_sinensis_ssp_transmorrisonensis_6wks vs miscanthus_floridulus_6wks,TRUE
109,-4.856895132894387,18.898355262619305,-3.4074025771183916,0.027455689339820292,0.309172708843517,-2.983065462176211,miscanthus_sinensis_ssp_transmorrisonensis_6wks vs miscanthus_floridulus_6wks,TRUE
5539,3.740253258731469,17.57651627564628,3.405806712024474,0.027495778120216776,0.309172708843517,-2.984313806804729,miscanthus_sinensis_ssp_transmorrisonensis_6wks vs miscanthus_floridulus_6wks,TRUE
5845,3.172620781041914,18.82062162036641,3.39988515750997,0.027645139111525503,0.309172708843517,-2.9889505070299434,miscanthus_sinensis_ssp_transmorrisonensis_6wks vs miscanthus_floridulus_6wks,TRUE
3319,-3.0853351299381515,18.06645252052536,-3.385327502916142,0.02801644755172408,0.309172708843517,-3.0003805614975856,miscanthus_sinensis_ssp_transmorrisonensis_6wks vs miscanthus_floridulus_6wks,TRUE
5790,3.458566624973983,18.831745805013348,3.3832318950561984,0.02807038464336369,0.309172708843517,-3.0020295883088224,miscanthus_sinensis_ssp_transmorrisonensis_6wks vs miscanthus_floridulus_6wks,TRUE
2155,2.9258225145470185,17.706087586361754,3.3830088852259115,0.02807613176280626,0.309172708843517,-3.002205128020647,miscanthus_sinensis_ssp_transmorrisonensis_6wks vs miscanthus_floridulus_6wks,TRUE
3978,-3.4495581557559163,18.13726094227724,-3.377630270030602,0.02821516661237391,0.309172708843517,-3.006441993815759,miscanthus_sinensis_ssp_transmorrisonensis_6wks vs miscanthus_floridulus_6wks,TRUE
5208,-3.1500701185362026,17.751741612013305,-3.372884002029586,0.02833853499881132,0.309172708843517,-3.0101857678998396,miscanthus_sinensis_ssp_transmorrisonensis_6wks vs miscanthus_floridulus_6wks,TRUE
5384,2.776889431406783,18.110076358673606,3.3714302268344603,0.028376450607623085,0.309172708843517,-3.011333423189061,miscanthus_sinensis_ssp_transmorrisonensis_6wks vs miscanthus_floridulus_6wks,TRUE
1983,-3.1269201142620773,17.670302881484535,-3.3611181837355986,0.02864713224403139,0.309172708843517,-3.019486764381465,miscanthus_sinensis_ssp_transmorrisonensis_6wks vs miscanthus_floridulus_6wks,TRUE
175,3.927353606096002,24.09630144423967,3.3564740431374713,0.02877003686944181,0.309172708843517,-3.0231659807469815,miscanthus_sinensis_ssp_transmorrisonensis_6wks vs miscanthus_floridulus_6wks,TRUE
14,2.893026299066392,25.43237066207972,3.352977598949373,0.0288629813394276,0.309172708843517,-3.0259389413158195,miscanthus_sinensis_ssp_transmorrisonensis_6wks vs miscanthus_floridulus_6wks,TRUE
2051,2.8707179618315948,17.816842235599314,3.3483993448614884,0.028985222321853528,0.309172708843517,-3.029573736969736,miscanthus_sinensis_ssp_transmorrisonensis_6wks vs miscanthus_floridulus_6wks,TRUE
3840,-3.6302640080055966,19.635445861101697,-3.3449046019701076,0.029078946669606462,0.309172708843517,-3.0323512615508954,miscanthus_sinensis_ssp_transmorrisonensis_6wks vs miscanthus_floridulus_6wks,TRUE
2682,-3.0355970674877444,15.810466242514691,-3.3282689512124386,0.029530051109332607,0.3121748260129447,-3.0456079347189378,miscanthus_sinensis_ssp_transmorrisonensis_6wks vs miscanthus_floridulus_6wks,TRUE
1047,-3.7027492069610943,22.96657963723177,-3.2978030156021387,0.030377885452308243,0.3193130004930128,-3.0700364177308845,miscanthus_sinensis_ssp_transmorrisonensis_6wks vs miscanthus_floridulus_6wks,TRUE
601,3.042086990533363,23.37601331102389,3.2889155017881087,0.03063062785446639,0.32015063011730405,-3.0771994636720676,miscanthus_sinensis_ssp_transmorrisonensis_6wks vs miscanthus_floridulus_6wks,TRUE
734,4.476682094444943,17.69806335326059,3.242787217248184,0.03198311361566777,0.3324087651066594,-3.114644672837647,miscanthus_sinensis_ssp_transmorrisonensis_6wks vs miscanthus_floridulus_6wks,TRUE
3500,-2.750113959404942,18.736242691033432,-3.2300906117796573,0.03236769794894233,0.33385157884005157,-3.1250300675119584,miscanthus_sinensis_ssp_transmorrisonensis_6wks vs miscanthus_floridulus_6wks,TRUE
2207,-2.79601783260512,17.520113980011228,-3.2263234525758775,0.03248285631957258,0.33385157884005157,-3.128118023858306,miscanthus_sinensis_ssp_transmorrisonensis_6wks vs miscanthus_floridulus_6wks,TRUE
5636,-3.971064904756396,19.11157384192633,-3.2180550091034896,0.03273731660676373,0.3346079321685796,-3.134906210741748,miscanthus_sinensis_ssp_transmorrisonensis_6wks vs miscanthus_floridulus_6wks,TRUE
1044,3.2931039177609414,25.338577588744098,3.19895398810607,0.033334206861076535,0.33883671809336036,-3.1506429007365178,miscanthus_sinensis_ssp_transmorrisonensis_6wks vs miscanthus_floridulus_6wks,TRUE
5325,4.731224654723416,19.478934914354028,3.1896149789934216,0.03363071635136464,0.33998265163947855,-3.1583650651085327,miscanthus_sinensis_ssp_transmorrisonensis_6wks vs miscanthus_floridulus_6wks,TRUE
5417,2.7195008090473216,18.460825299788592,3.095332665635577,0.036805212213476685,0.37005240540723844,-3.237357627184641,miscanthus_sinensis_ssp_transmorrisonensis_6wks vs miscanthus_floridulus_6wks,TRUE
3673,6.228102568379224,20.47962029220906,3.087857603495147,0.03707167132744708,0.37071671327447075,-3.2437009071572525,miscanthus_sinensis_ssp_transmorrisonensis_6wks vs miscanthus_floridulus_6wks,TRUE
4946,-3.1748136278243173,17.49253357837729,-3.0738522953885297,0.03757704323265843,0.3737501611850435,-3.2556175063074364,miscanthus_sinensis_ssp_transmorrisonensis_6wks vs miscanthus_floridulus_6wks,TRUE
2549,3.1501317153441715,17.28330890142783,3.0408975598434935,0.03879847898162237,0.38383521987166513,-3.283820981258179,miscanthus_sinensis_ssp_transmorrisonensis_6wks vs miscanthus_floridulus_6wks,TRUE
963,-3.353658263029951,16.786502797716537,-3.0246016640718443,0.039419670659588096,0.38675082732390453,-3.2978521372804894,miscanthus_sinensis_ssp_transmorrisonensis_6wks vs miscanthus_floridulus_6wks,TRUE
1250,3.3138451026849367,16.676061667854647,3.022223426337285,0.039511300737415114,0.38675082732390453,-3.299904541364719,miscanthus_sinensis_ssp_transmorrisonensis_6wks vs miscanthus_floridulus_6wks,TRUE
4305,3.338499605600724,16.97107363546898,3.0091662746919683,0.040018848610733,0.3896572101571371,-3.3111940261512602,miscanthus_sinensis_ssp_transmorrisonensis_6wks vs miscanthus_floridulus_6wks,TRUE
1638,3.0422738803636946,24.65961831436442,2.9998688020514037,0.040384916381880374,0.39032580450339743,-3.319254712656478,miscanthus_sinensis_ssp_transmorrisonensis_6wks vs miscanthus_floridulus_6wks,TRUE
6267,-2.6182932205971436,16.86870522919433,-2.996727391374557,0.04050948889981206,0.39032580450339743,-3.321982355304573,miscanthus_sinensis_ssp_transmorrisonensis_6wks vs miscanthus_floridulus_6wks,TRUE
3880,-2.922281633772931,17.163060739538743,-2.9898160443236197,0.04078514702595547,0.39094570983428817,-3.3279906933135823,miscanthus_sinensis_ssp_transmorrisonensis_6wks vs miscanthus_floridulus_6wks,TRUE
1,2.460015416640452,22.786448319668505,2.971966544046205,0.04150730067216352,0.395817042492281,-3.343554533651099,miscanthus_sinensis_ssp_transmorrisonensis_6wks vs miscanthus_floridulus_6wks,TRUE
4259,3.3892495453241125,17.797864912455985,2.9603069247218112,0.04198711235114107,0.398171649824307,-3.3537572690303006,miscanthus_sinensis_ssp_transmorrisonensis_6wks vs miscanthus_floridulus_6wks,TRUE
2907,-2.5926350512075214,16.32492869846153,-2.955551389735919,0.04218467208949415,0.398171649824307,-3.3579267876462904,miscanthus_sinensis_ssp_transmorrisonensis_6wks vs miscanthus_floridulus_6wks,TRUE
5474,2.604930825291518,17.42880300766346,2.9394666436412598,0.04286099007222121,0.4025016834193363,-3.3720645854923568,miscanthus_sinensis_ssp_transmorrisonensis_6wks vs miscanthus_floridulus_6wks,TRUE
5908,-2.657861471110909,17.212849552326404,-2.9034953601232507,0.0444198886085261,0.4137694963637038,-3.4038777244944964,miscanthus_sinensis_ssp_transmorrisonensis_6wks vs miscanthus_floridulus_6wks,TRUE
5039,3.241907887450889,18.136668538560656,2.9015023752449216,0.04450817825750111,0.4137694963637038,-3.4056482279396407,miscanthus_sinensis_ssp_transmorrisonensis_6wks vs miscanthus_floridulus_6wks,TRUE
5742,-2.4048216422913633,17.37780802720099,-2.8912256803580476,0.04496670279508072,0.414732405125402,-3.4147908502017343,miscanthus_sinensis_ssp_transmorrisonensis_6wks vs miscanthus_floridulus_6wks,TRUE
3474,-4.034619663542909,19.105552572332478,-2.8891470638560115,0.04506011536767881,0.414732405125402,-3.41664275758939,miscanthus_sinensis_ssp_transmorrisonensis_6wks vs miscanthus_floridulus_6wks,TRUE
5553,-2.635195970295765,16.6152898679496,-2.8805921019146594,0.04544696482811049,0.4148645046974048,-3.424274115815777,miscanthus_sinensis_ssp_transmorrisonensis_6wks vs miscanthus_floridulus_6wks,TRUE
5249,3.287435603409122,18.953360817531404,2.87490586163044,0.04570623636398148,0.4148645046974048,-3.429354879889681,miscanthus_sinensis_ssp_transmorrisonensis_6wks vs miscanthus_floridulus_6wks,TRUE
1540,-2.4980174945074864,18.036152243215913,-2.869147579790161,0.045970552316530404,0.4148645046974048,-3.43450685729774,miscanthus_sinensis_ssp_transmorrisonensis_6wks vs miscanthus_floridulus_6wks,TRUE
1745,-4.40091407307683,19.76987315398096,-2.8691276082948938,0.045971472142144865,0.4148645046974048,-3.4345247379180073,miscanthus_sinensis_ssp_transmorrisonensis_6wks vs miscanthus_floridulus_6wks,TRUE
4034,-2.8517058065339675,18.102347437746303,-2.858305032035494,0.046473097899454294,0.4155407348689178,-3.4442264331678483,miscanthus_sinensis_ssp_transmorrisonensis_6wks vs miscanthus_floridulus_6wks,TRUE
1382,-3.7153901969548855,17.757059148878284,-2.857821908390833,0.04649563898263026,0.4155407348689178,-3.444660086259014,miscanthus_sinensis_ssp_transmorrisonensis_6wks vs miscanthus_floridulus_6wks,TRUE
3404,-3.081945129322815,21.30786704179837,-2.8459501121263435,0.04705356411133807,0.4165519991693392,-3.4553314214860227,miscanthus_sinensis_ssp_transmorrisonensis_6wks vs miscanthus_floridulus_6wks,TRUE
1054,5.3729512531244055,20.462231891816877,2.8413461687689656,0.04727202615963452,0.4165519991693392,-3.4594776620091956,miscanthus_sinensis_ssp_transmorrisonensis_6wks vs miscanthus_floridulus_6wks,TRUE
5787,2.457127982678095,16.888533153855622,2.841088640645695,0.047284280986789856,0.4165519991693392,-3.4597097171809144,miscanthus_sinensis_ssp_transmorrisonensis_6wks vs miscanthus_floridulus_6wks,TRUE
444,-4.8253193769530185,17.777927286300333,-2.827788546907021,0.04792224169812349,0.4196512661698071,-3.4717128584690546,miscanthus_sinensis_ssp_transmorrisonensis_6wks vs miscanthus_floridulus_6wks,TRUE
4856,-3.581822435519708,17.66036066045262,-2.8243301543358226,0.048089766717837344,0.4196512661698071,-3.474839980696092,miscanthus_sinensis_ssp_transmorrisonensis_6wks vs miscanthus_floridulus_6wks,TRUE
5593,-2.7351422462244788,17.28243971104574,-2.816572191318927,0.048468048252888724,0.42096661628095844,-3.4818637828664616,miscanthus_sinensis_ssp_transmorrisonensis_6wks vs miscanthus_floridulus_6wks,TRUE
180,-3.5014777889563575,18.508885378446166,-2.7607841470878864,0.05129251286453239,0.4434165831746959,-3.532735535931343,miscanthus_sinensis_ssp_transmorrisonensis_6wks vs miscanthus_floridulus_6wks,FALSE
6281,-2.2945998284641806,16.042364201137776,-2.7519768320926246,0.05175566927198773,0.44533947978221994,-3.540824668115522,miscanthus_sinensis_ssp_transmorrisonensis_6wks vs miscanthus_floridulus_6wks,FALSE
1189,-3.5927321251681903,19.421648052575303,-2.7458803450557454,0.052079110383569056,0.4460479361555683,-3.5464332275053216,miscanthus_sinensis_ssp_transmorrisonensis_6wks vs miscanthus_floridulus_6wks,FALSE
4987,2.38626600215102,16.671066119318148,2.7119754631185247,0.05392120213298579,0.459696884543888,-3.577761343838708,miscanthus_sinensis_ssp_transmorrisonensis_6wks vs miscanthus_floridulus_6wks,FALSE
3559,-2.57319595514765,18.140044430586997,-2.707098534084094,0.05419233012019307,0.4598890400108127,-3.5822866229531956,miscanthus_sinensis_ssp_transmorrisonensis_6wks vs miscanthus_floridulus_6wks,FALSE
2568,2.887384644320859,17.04616480039261,2.6958740633173375,0.05482235693165137,0.4631112343541326,-3.5927198184755156,miscanthus_sinensis_ssp_transmorrisonensis_6wks vs miscanthus_floridulus_6wks,FALSE
1698,-2.9402998772407205,16.43271987751681,-2.6794194652958767,0.05576131976799471,0.4689020071399555,-3.608059806168353,miscanthus_sinensis_ssp_transmorrisonensis_6wks vs miscanthus_floridulus_6wks,FALSE
4869,2.280246587248735,16.45290110426213,2.6749349829770424,0.05602043503457897,0.46894934304964303,-3.6122498371903915,miscanthus_sinensis_ssp_transmorrisonensis_6wks vs miscanthus_floridulus_6wks,FALSE
526,2.517334923650889,22.13338022437906,2.666935214538125,0.05648612585701937,0.47071771547516145,-3.619734222306117,miscanthus_sinensis_ssp_transmorrisonensis_6wks vs miscanthus_floridulus_6wks,FALSE
5282,2.3547276704018625,16.99587284457987,2.653127866230941,0.0573004474162536,0.47536245614380784,-3.632681737730368,miscanthus_sinensis_ssp_transmorrisonensis_6wks vs miscanthus_floridulus_6wks,FALSE
3877,-2.857871860191185,17.73105992520357,-2.643147804103701,0.057897482364626295,0.4781711713149939,-3.6420636365540573,miscanthus_sinensis_ssp_transmorrisonensis_6wks vs miscanthus_floridulus_6wks,FALSE
1904,2.415838018710904,24.97091280260622,2.62692061170438,0.058883616291581085,0.4830391512393881,-3.657359827185862,miscanthus_sinensis_ssp_transmorrisonensis_6wks vs miscanthus_floridulus_6wks,FALSE
705,-4.200205062004855,17.702387287390792,-2.624878093258837,0.05900910712437931,0.4830391512393881,-3.659288796482951,miscanthus_sinensis_ssp_transmorrisonensis_6wks vs miscanthus_floridulus_6wks,FALSE
638,2.3116473693186688,16.271423477277146,2.6184410098895823,0.05940661651132257,0.48324632025831427,-3.665373326426316,miscanthus_sinensis_ssp_transmorrisonensis_6wks vs miscanthus_floridulus_6wks,FALSE
711,2.4056242200879954,16.935644960786696,2.616021201535807,0.05955684379399765,0.48324632025831427,-3.667662682560835,miscanthus_sinensis_ssp_transmorrisonensis_6wks vs miscanthus_floridulus_6wks,FALSE
518,-3.0869064379318374,17.316782956047234,-2.5989193995803657,0.06063111599311108,0.48981469252076637,-3.6838747876771687,miscanthus_sinensis_ssp_transmorrisonensis_6wks vs miscanthus_floridulus_6wks,FALSE
3856,-2.935446068322584,18.04554961410301,-2.5931332853771427,0.060999612893346884,0.49064906022909444,-3.68937264038787,miscanthus_sinensis_ssp_transmorrisonensis_6wks vs miscanthus_floridulus_6wks,FALSE
5028,2.381240781389984,16.65231834948861,2.5794566313321585,0.06188091135936232,0.49353784389345157,-3.7023934274208,miscanthus_sinensis_ssp_transmorrisonensis_6wks vs miscanthus_floridulus_6wks,FALSE
1124,-2.3345396697514538,16.50029628064721,-2.57541945711693,0.06214385000673244,0.49353784389345157,-3.7062438241954814,miscanthus_sinensis_ssp_transmorrisonensis_6wks vs miscanthus_floridulus_6wks,FALSE
781,-3.006647399875259,17.701450917080955,-2.5742650815801746,0.062219269545701714,0.49353784389345157,-3.707345363642607,miscanthus_sinensis_ssp_transmorrisonensis_6wks vs miscanthus_floridulus_6wks,FALSE
3067,-3.1735517562983144,17.508110587527874,-2.567186470967657,0.06268404589839861,0.49353784389345157,-3.7141055204932933,miscanthus_sinensis_ssp_transmorrisonensis_6wks vs miscanthus_floridulus_6wks,FALSE
2766,-3.654019312126314,17.341964129798846,-2.5669226469500264,0.06270144529041943,0.49353784389345157,-3.7143576593235967,miscanthus_sinensis_ssp_transmorrisonensis_6wks vs miscanthus_floridulus_6wks,FALSE
3498,-2.4809152137461936,22.7499513837468,-2.5630208181284706,0.0629594222480295,0.49353784389345157,-3.718088209146612,miscanthus_sinensis_ssp_transmorrisonensis_6wks vs miscanthus_floridulus_6wks,FALSE
5902,2.53733730054444,17.76541761588249,2.548193399489662,0.06395093644646944,0.4956075064672352,-3.7322909653781404,miscanthus_sinensis_ssp_transmorrisonensis_6wks vs miscanthus_floridulus_6wks,FALSE
1933,-2.0932939219231983,21.534470855929218,-2.547356712703861,0.0640074176481373,0.4956075064672352,-3.7330936368617844,miscanthus_sinensis_ssp_transmorrisonensis_6wks vs miscanthus_floridulus_6wks,FALSE
776,2.551658066452145,16.900056085034052,2.5470648738164567,0.06402713191657795,0.4956075064672352,-3.7333736420203265,miscanthus_sinensis_ssp_transmorrisonensis_6wks vs miscanthus_floridulus_6wks,FALSE
4551,2.241432086968402,19.66015569909556,2.5380553529087426,0.06463918054061729,0.4982603500005916,-3.7420256890611383,miscanthus_sinensis_ssp_transmorrisonensis_6wks vs miscanthus_floridulus_6wks,FALSE
3866,2.4534064016560073,18.65479930692394,2.5210164552522056,0.0658151145306923,0.5039418572452903,-3.7584299245135937,miscanthus_sinensis_ssp_transmorrisonensis_6wks vs miscanthus_floridulus_6wks,FALSE
4088,2.7320912629340803,16.479975689078238,2.5164338253856435,0.0661355508224744,0.5039418572452903,-3.7628510525096908,miscanthus_sinensis_ssp_transmorrisonensis_6wks vs miscanthus_floridulus_6wks,FALSE
1941,6.724201963714279,21.67943850068006,2.507813581264103,0.06674316407916844,0.5039418572452903,-3.771177999599801,miscanthus_sinensis_ssp_transmorrisonensis_6wks vs miscanthus_floridulus_6wks,FALSE
2399,-2.647281550095064,16.13129781925372,-2.5041751640452032,0.0670015392066452,0.5039418572452903,-3.7746967240938396,miscanthus_sinensis_ssp_transmorrisonensis_6wks vs miscanthus_floridulus_6wks,FALSE
423,4.9812597677096235,20.427302199509683,2.5030318837224095,0.06708296310334944,0.5039418572452903,-3.7758028954555685,miscanthus_sinensis_ssp_transmorrisonensis_6wks vs miscanthus_floridulus_6wks,FALSE
4373,2.2982955422865334,16.71039671022153,2.502846262536144,0.06709619363328186,0.5039418572452903,-3.7759825142938714,miscanthus_sinensis_ssp_transmorrisonensis_6wks vs miscanthus_floridulus_6wks,FALSE
3790,2.675591775195489,28.497489624820954,2.500229201581768,0.06728304796734416,0.5039418572452903,-3.7785156201627195,miscanthus_sinensis_ssp_transmorrisonensis_6wks vs miscanthus_floridulus_6wks,FALSE
747,-3.1615483738392456,17.850223739187808,-2.4936370158257413,0.06775636289534426,0.5054406103080116,-3.7849018779662686,miscanthus_sinensis_ssp_transmorrisonensis_6wks vs miscanthus_floridulus_6wks,FALSE
4648,-3.9564354923859497,18.54999079897117,-2.4832787418119695,0.0685077883943413,0.5082434924447333,-3.794952563999505,miscanthus_sinensis_ssp_transmorrisonensis_6wks vs miscanthus_floridulus_6wks,FALSE
4494,2.08285586903342,17.423418957757015,2.480901897390968,0.06868155303307207,0.5082434924447333,-3.7972615734836355,miscanthus_sinensis_ssp_transmorrisonensis_6wks vs miscanthus_floridulus_6wks,FALSE
77,8.563228627701545,24.421435532909946,2.476180181266384,0.06902823997309687,0.5087738802797976,-3.801851561193332,miscanthus_sinensis_ssp_transmorrisonensis_6wks vs miscanthus_floridulus_6wks,FALSE
2148,-2.2972587710681758,23.742853255204974,-2.4718702736742895,0.06934643528754028,0.5090908939759902,-3.8060447385244682,miscanthus_sinensis_ssp_transmorrisonensis_6wks vs miscanthus_floridulus_6wks,FALSE
1085,-3.552213884118352,18.857065654328245,-2.4650903004026588,0.0698503864710677,0.5106604653614217,-3.8126478380080617,miscanthus_sinensis_ssp_transmorrisonensis_6wks vs miscanthus_floridulus_6wks,FALSE
2229,-3.5591645531676726,19.249324813889395,-2.4615885920462066,0.0701123017307033,0.5106604653614217,-3.8160614199278684,miscanthus_sinensis_ssp_transmorrisonensis_6wks vs miscanthus_floridulus_6wks,FALSE
1400,3.4098489253364193,17.41602562243501,2.4505900366352416,0.07094226618624698,0.514679186057086,-3.8267973975117497,miscanthus_sinensis_ssp_transmorrisonensis_6wks vs miscanthus_floridulus_6wks,FALSE
1028,-3.535307991659243,17.333799955877936,-2.4269223730858407,0.0727665041180367,0.5258516899154996,-3.849972549871834,miscanthus_sinensis_ssp_transmorrisonensis_6wks vs miscanthus_floridulus_6wks,FALSE
1205,-2.9238926779571646,16.32490693411735,-2.4230173560566834,0.07307259602459433,0.5260089597101149,-3.853805738390724,miscanthus_sinensis_ssp_transmorrisonensis_6wks vs miscanthus_floridulus_6wks,FALSE
3694,-2.5214741932873697,16.25984890328862,-2.413806577185218,0.07380039495088764,0.5291888785238067,-3.862857584995148,miscanthus_sinensis_ssp_transmorrisonensis_6wks vs miscanthus_floridulus_6wks,FALSE
2510,2.142628814919785,16.31995853548059,2.3868245398651435,0.07598027259533055,0.5411039239556003,-3.889457988669264,miscanthus_sinensis_ssp_transmorrisonensis_6wks vs miscanthus_floridulus_6wks,FALSE
3836,-2.28456823533228,20.120919367205406,-2.385328805986234,0.07610323504133767,0.5411039239556003,-3.890936192433997,miscanthus_sinensis_ssp_transmorrisonensis_6wks vs miscanthus_floridulus_6wks,FALSE
3765,-2.3085531163683246,15.694332641820038,-2.38246220205186,0.07633952656887116,0.5411039239556003,-3.893770254989736,miscanthus_sinensis_ssp_transmorrisonensis_6wks vs miscanthus_floridulus_6wks,FALSE
5293,1.9871318804022682,16.014116294641834,2.3770270598826846,0.07678982877968207,0.5419749880134708,-3.899147495966389,miscanthus_sinensis_ssp_transmorrisonensis_6wks vs miscanthus_floridulus_6wks,FALSE
1406,-2.8508011998176954,19.6829977908844,-2.3739231844966944,0.07704833613380692,0.5419749880134708,-3.9022205292314385,miscanthus_sinensis_ssp_transmorrisonensis_6wks vs miscanthus_floridulus_6wks,FALSE
60,-5.812242180110346,17.98784106115643,-2.368879512586588,0.07747050700275496,0.5428804467996086,-3.907217518688535,miscanthus_sinensis_ssp_transmorrisonensis_6wks vs miscanthus_floridulus_6wks,FALSE
224,-3.224781788424785,17.7398618794529,-2.3619003748065523,0.07805901267847203,0.544940277189333,-3.9141390430624736,miscanthus_sinensis_ssp_transmorrisonensis_6wks vs miscanthus_floridulus_6wks,FALSE
1883,3.766528924017784,17.483447489156447,2.3501220462770545,0.07906372329718546,0.5498792785706508,-3.9258383991376204,miscanthus_sinensis_ssp_transmorrisonensis_6wks vs miscanthus_floridulus_6wks,FALSE
4741,2.4590524634035162,16.588361476091034,2.34172983368918,0.07978852379576974,0.5528418315437229,-3.9341882189976993,miscanthus_sinensis_ssp_transmorrisonensis_6wks vs miscanthus_floridulus_6wks,FALSE
6157,-2.00228190586167,16.036706902140292,-2.3335235396767127,0.08050454277900684,0.5557216572431443,-3.942364128078718,miscanthus_sinensis_ssp_transmorrisonensis_6wks vs miscanthus_floridulus_6wks,FALSE
1945,2.7112369284518714,17.961827277820685,2.3172104417866985,0.08194957135324457,0.5618284035900203,-3.95864898864162,miscanthus_sinensis_ssp_transmorrisonensis_6wks vs miscanthus_floridulus_6wks,FALSE
5796,-2.125653414815993,16.595037380029922,-2.3166852481285143,0.0819965778212462,0.5618284035900203,-3.9591739785299254,miscanthus_sinensis_ssp_transmorrisonensis_6wks vs miscanthus_floridulus_6wks,FALSE
2107,-1.986593182129976,18.907059194675355,-2.3123841448905713,0.08238268732475558,0.5623910389328334,-3.9634750569394814,miscanthus_sinensis_ssp_transmorrisonensis_6wks vs miscanthus_floridulus_6wks,FALSE
2026,-3.935503297884493,17.367032340147333,-2.2953089198865735,0.08393589521151358,0.5708875225783093,-3.980578873112358,miscanthus_sinensis_ssp_transmorrisonensis_6wks vs miscanthus_floridulus_6wks,FALSE
2415,1.9301310490561043,16.30093640825988,2.287276060651526,0.08467798359706308,0.5738251635698414,-3.9886408724060405,miscanthus_sinensis_ssp_transmorrisonensis_6wks vs miscanthus_floridulus_6wks,FALSE
2486,2.504194200954739,17.513201207096632,2.28310349930066,0.0850663661663932,0.5743532022183482,-3.9928324901366485,miscanthus_sinensis_ssp_transmorrisonensis_6wks vs miscanthus_floridulus_6wks,FALSE
254,-1.962969865811477,23.041344086207083,-2.2796255864662123,0.08539162389526735,0.5744527425681621,-3.9963283229798714,miscanthus_sinensis_ssp_transmorrisonensis_6wks vs miscanthus_floridulus_6wks,FALSE
2993,-2.0121450333500697,21.01423876906305,-2.2627440317870917,0.08699041800084832,0.5822467319714992,-4.013322917579251,miscanthus_sinensis_ssp_transmorrisonensis_6wks vs miscanthus_floridulus_6wks,FALSE
589,2.0680769537200234,24.78984069187755,2.2566993547198786,0.08757105121700931,0.5822467319714992,-4.019418469164096,miscanthus_sinensis_ssp_transmorrisonensis_6wks vs miscanthus_floridulus_6wks,FALSE
3339,-3.8299776663300342,20.717684588643248,-2.2553555765871107,0.08770072137372499,0.5822467319714992,-4.02077429493324,miscanthus_sinensis_ssp_transmorrisonensis_6wks vs miscanthus_floridulus_6wks,FALSE
6245,-1.890540951890646,17.270728932087714,-2.254234137043589,0.08780910174056664,0.5822467319714992,-4.021905993480986,miscanthus_sinensis_ssp_transmorrisonensis_6wks vs miscanthus_floridulus_6wks,FALSE
5354,3.531981479665367,16.758864888394772,2.2442472101229307,0.08878094085690008,0.5840106691404445,-4.031992455445398,miscanthus_sinensis_ssp_transmorrisonensis_6wks vs miscanthus_floridulus_6wks,FALSE
2437,-2.0707563637312507,16.229529789139484,-2.2441594400171567,0.08878953522918644,0.5840106691404445,-4.03208116516398,miscanthus_sinensis_ssp_transmorrisonensis_6wks vs miscanthus_floridulus_6wks,FALSE
3817,3.1904313844204353,17.846877130305753,2.236122216974085,0.08958050489375328,0.5840106691404445,-4.040209182324313,miscanthus_sinensis_ssp_transmorrisonensis_6wks vs miscanthus_floridulus_6wks,FALSE
461,-2.256275501729144,16.52309097784067,-2.2354114152099642,0.08965083687791459,0.5840106691404445,-4.040928464629625,miscanthus_sinensis_ssp_transmorrisonensis_6wks vs miscanthus_floridulus_6wks,FALSE
5038,-1.9166779309071753,16.33102586164616,-2.2335437150687425,0.08983593631299559,0.5840106691404445,-4.042818795767054,miscanthus_sinensis_ssp_transmorrisonensis_6wks vs miscanthus_floridulus_6wks,FALSE
133,2.584448559729399,16.78848925169645,2.228181890862997,0.09036970839193446,0.5840106691404445,-4.048248377205349,miscanthus_sinensis_ssp_transmorrisonensis_6wks vs miscanthus_floridulus_6wks,FALSE
1736,-1.8728917353675598,16.56057903434437,-2.2260564969769456,0.09058227561939439,0.5840106691404445,-4.050401769367227,miscanthus_sinensis_ssp_transmorrisonensis_6wks vs miscanthus_floridulus_6wks,FALSE
3853,-1.8321788049041992,16.02283808100598,-2.2258737977469774,0.09060057407746355,0.5840106691404445,-4.050586905432437,miscanthus_sinensis_ssp_transmorrisonensis_6wks vs miscanthus_floridulus_6wks,FALSE
1663,-2.727646444870846,15.782083714058775,-2.212073538463454,0.09199480145636496,0.5882649383772325,-4.064584905294151,miscanthus_sinensis_ssp_transmorrisonensis_6wks vs miscanthus_floridulus_6wks,FALSE
2851,-2.500542260131656,18.69114758078094,-2.2107261059540204,0.09213221385024108,0.5882649383772325,-4.065953080906081,miscanthus_sinensis_ssp_transmorrisonensis_6wks vs miscanthus_floridulus_6wks,FALSE
3135,3.484813736008345,20.624842599216368,2.2047170535062066,0.09274782555390078,0.5882649383772325,-4.072057719513771,miscanthus_sinensis_ssp_transmorrisonensis_6wks vs miscanthus_floridulus_6wks,FALSE
1333,-3.407220591202922,19.63576957392599,-2.202517381901542,0.09297432581840409,0.5882649383772325,-4.074293633528769,miscanthus_sinensis_ssp_transmorrisonensis_6wks vs miscanthus_floridulus_6wks,FALSE
2776,-2.5594515022190407,16.426780260962115,-2.200950482396848,0.09313604686653865,0.5882649383772325,-4.075886757065233,miscanthus_sinensis_ssp_transmorrisonensis_6wks vs miscanthus_floridulus_6wks,FALSE
4230,1.9244513600668007,21.702270913705405,2.1965397975369543,0.09359296910337767,0.5882649383772325,-4.080373072801512,miscanthus_sinensis_ssp_transmorrisonensis_6wks vs miscanthus_floridulus_6wks,FALSE
2504,3.902118262295737,20.382369511249664,2.1933323650940384,0.09392681509323336,0.5882649383772325,-4.083637175935202,miscanthus_sinensis_ssp_transmorrisonensis_6wks vs miscanthus_floridulus_6wks,FALSE
5719,-1.9309230065535612,16.609982539804026,-2.192892438142359,0.09397270865887121,0.5882649383772325,-4.084084985132321,miscanthus_sinensis_ssp_transmorrisonensis_6wks vs miscanthus_floridulus_6wks,FALSE
1367,-4.968331616405813,20.572320169995653,-2.1914592869571803,0.0941223901403572,0.5882649383772325,-4.0855439968419125,miscanthus_sinensis_ssp_transmorrisonensis_6wks vs miscanthus_floridulus_6wks,FALSE
2987,-1.9099230793597641,20.941339523941938,-2.1793256992289645,0.09540037654430848,0.5910622410438126,-4.0979076421856355,miscanthus_sinensis_ssp_transmorrisonensis_6wks vs miscanthus_floridulus_6wks,FALSE
5904,-2.354717221081941,16.704925959050946,-2.1753014793548373,0.09582850237129098,0.5910622410438126,-4.102012512835991,miscanthus_sinensis_ssp_transmorrisonensis_6wks vs miscanthus_floridulus_6wks,FALSE
1244,-2.5316848740149176,22.370945549727416,-2.1725555657543705,0.09612186322108514,0.5910622410438126,-4.104814689622231,miscanthus_sinensis_ssp_transmorrisonensis_6wks vs miscanthus_floridulus_6wks,FALSE
2201,2.468379563882772,16.7728417065497,2.170590486730193,0.09633241835557481,0.5910622410438126,-4.106820643042814,miscanthus_sinensis_ssp_transmorrisonensis_6wks vs miscanthus_floridulus_6wks,FALSE
3061,1.9628779556659914,16.45369770510848,2.169530818232018,0.09644617365831812,0.5910622410438126,-4.107902563716324,miscanthus_sinensis_ssp_transmorrisonensis_6wks vs miscanthus_floridulus_6wks,FALSE
1206,-1.945261251633486,16.508786489223677,-2.160543126580438,0.0974170470242149,0.5910622410438126,-4.11708488599616,miscanthus_sinensis_ssp_transmorrisonensis_6wks vs miscanthus_floridulus_6wks,FALSE
276,-3.6039302470024843,17.43368799282163,-2.1599061827734563,0.09748626361137104,0.5910622410438126,-4.117736020911286,miscanthus_sinensis_ssp_transmorrisonensis_6wks vs miscanthus_floridulus_6wks,FALSE
1893,3.060308594242855,19.810060752245732,2.156553161155966,0.09785154071733708,0.5910622410438126,-4.12116461000225,miscanthus_sinensis_ssp_transmorrisonensis_6wks vs miscanthus_floridulus_6wks,FALSE
1968,-1.833340586271781,17.432655046782884,-2.1509954495089754,0.09846035887728015,0.5910622410438126,-4.126850750706715,miscanthus_sinensis_ssp_transmorrisonensis_6wks vs miscanthus_floridulus_6wks,FALSE
2899,-1.9738166362038552,16.322780128967185,-2.150751195442188,0.09848721223576173,0.5910622410438126,-4.127100739418088,miscanthus_sinensis_ssp_transmorrisonensis_6wks vs miscanthus_floridulus_6wks,FALSE
1563,-2.6906996806292494,16.83629085452457,-2.148683334283931,0.09871488047572301,0.5910622410438126,-4.1292174536831325,miscanthus_sinensis_ssp_transmorrisonensis_6wks vs miscanthus_floridulus_6wks,FALSE
623,-2.4056557139657873,16.731021071912146,-2.1476697456948677,0.09882668890835619,0.5910622410438126,-4.130255186101147,miscanthus_sinensis_ssp_transmorrisonensis_6wks vs miscanthus_floridulus_6wks,FALSE
2655,-3.5896275068924517,16.916219060187764,-2.1420267303474314,0.09945174951542508,0.5910622410438126,-4.136034986273735,miscanthus_sinensis_ssp_transmorrisonensis_6wks vs miscanthus_floridulus_6wks,FALSE
5231,-2.2062107596325014,18.414922071272642,-2.1411940451922375,0.09954435556264025,0.5910622410438126,-4.136888193772854,miscanthus_sinensis_ssp_transmorrisonensis_6wks vs miscanthus_floridulus_6wks,FALSE
863,-6.104050663172867,23.014583140789874,-2.1388184586042978,0.099809081123991,0.5910622410438126,-4.13932280470863,miscanthus_sinensis_ssp_transmorrisonensis_6wks vs miscanthus_floridulus_6wks,FALSE
4290,-2.824865911965327,16.891439274835253,-2.1364188498346657,0.10007727880202878,0.5910622410438126,-4.141782747433287,miscanthus_sinensis_ssp_transmorrisonensis_6wks vs miscanthus_floridulus_6wks,FALSE
5364,2.681945657053337,17.08038661790754,2.1334346303642495,0.10041193545638497,0.5910622410438126,-4.144842994528528,miscanthus_sinensis_ssp_transmorrisonensis_6wks vs miscanthus_floridulus_6wks,FALSE
4210,3.6028832118645937,19.256617517454934,2.132293817988129,0.10054019712000437,0.5910622410438126,-4.146013161042443,miscanthus_sinensis_ssp_transmorrisonensis_6wks vs miscanthus_floridulus_6wks,FALSE
4301,-1.9054208275398707,19.398391570955162,-2.1305461126938154,0.10073704517139662,0.5910622410438126,-4.147806146534743,miscanthus_sinensis_ssp_transmorrisonensis_6wks vs miscanthus_floridulus_6wks,FALSE
373,-5.119158556573236,20.317180097816312,-2.1248635814672556,0.101380047799745,0.5910622410438126,-4.153638483098616,miscanthus_sinensis_ssp_transmorrisonensis_6wks vs miscanthus_floridulus_6wks,FALSE
1052,2.4792502669871013,16.752993664412873,2.122421822271179,0.10165774270085126,0.5910622410438126,-4.156145817738707,miscanthus_sinensis_ssp_transmorrisonensis_6wks vs miscanthus_floridulus_6wks,FALSE
3656,1.9771380058931527,17.099210898757466,2.1222118353387294,0.10168166338766332,0.5910622410438126,-4.156361477679432,miscanthus_sinensis_ssp_transmorrisonensis_6wks vs miscanthus_floridulus_6wks,FALSE
6238,-2.024544549730903,16.427731655501393,-2.1170586663751823,0.10227065033399381,0.5910622410438126,-4.161655525816482,miscanthus_sinensis_ssp_transmorrisonensis_6wks vs miscanthus_floridulus_6wks,FALSE
5618,2.88290724690998,16.9065801523901,2.1148113066033036,0.10252869989186021,0.5910622410438126,-4.163965319411201,miscanthus_sinensis_ssp_transmorrisonensis_6wks vs miscanthus_floridulus_6wks,FALSE
5577,2.9950008189273056,16.20926684696543,2.110076137582723,0.10307477651390712,0.5910622410438126,-4.168833997689553,miscanthus_sinensis_ssp_transmorrisonensis_6wks vs miscanthus_floridulus_6wks,FALSE
266,2.486821534885994,17.63423526200868,2.109318503710021,0.10316244862395708,0.5910622410438126,-4.169613238872987,miscanthus_sinensis_ssp_transmorrisonensis_6wks vs miscanthus_floridulus_6wks,FALSE
3748,-4.040082272950409,17.919833157830013,-2.1087407366767064,0.10322936243693012,0.5910622410438126,-4.17020752886709,miscanthus_sinensis_ssp_transmorrisonensis_6wks vs miscanthus_floridulus_6wks,FALSE
2694,-1.8690519940092045,24.508375225387006,-2.105768712530686,0.10357432750285664,0.5910622410438126,-4.173265165230191,miscanthus_sinensis_ssp_transmorrisonensis_6wks vs miscanthus_floridulus_6wks,FALSE
241,-1.756735541729423,22.27257391211647,-2.10352795951396,0.10383525856175085,0.5910622410438126,-4.175571147386273,miscanthus_sinensis_ssp_transmorrisonensis_6wks vs miscanthus_floridulus_6wks,FALSE
784,-2.018038511679059,16.55750925458594,-2.0969499982047757,0.1046054670144632,0.5923133302755338,-4.182343954836721,miscanthus_sinensis_ssp_transmorrisonensis_6wks vs miscanthus_floridulus_6wks,FALSE
4636,3.314010592289712,19.642991609812675,2.0961855691823787,0.10469538324329707,0.5923133302755338,-4.183131349912713,miscanthus_sinensis_ssp_transmorrisonensis_6wks vs miscanthus_floridulus_6wks,FALSE
4133,2.2747892596732626,17.618125648710304,2.0918824416795205,0.10520314018697358,0.5933713699570157,-4.187565002090542,miscanthus_sinensis_ssp_transmorrisonensis_6wks vs miscanthus_floridulus_6wks,FALSE
5621,-1.7432227812676224,17.86288440833746,-2.0828692693311193,0.1062755286606866,0.5969321564479798,-4.1968583446787076,miscanthus_sinensis_ssp_transmorrisonensis_6wks vs miscanthus_floridulus_6wks,FALSE
5404,4.134849412477056,17.385221588563574,2.0810536624756626,0.10649301039234407,0.5969321564479798,-4.1987314868655234,miscanthus_sinensis_ssp_transmorrisonensis_6wks vs miscanthus_floridulus_6wks,FALSE
85,-1.7514363812783422,17.557119545374512,-2.0758230889868114,0.10712230910692376,0.5969321564479798,-4.204129847355892,miscanthus_sinensis_ssp_transmorrisonensis_6wks vs miscanthus_floridulus_6wks,FALSE
116,-4.5275875777169645,20.975082580670676,-2.075799784186998,0.10712512213012394,0.5969321564479798,-4.204153906450163,miscanthus_sinensis_ssp_transmorrisonensis_6wks vs miscanthus_floridulus_6wks,FALSE
2953,-2.01616180359278,16.750041700754565,-2.0701554792304955,0.10780883301857608,0.5989379612143115,-4.209982638778133,miscanthus_sinensis_ssp_transmorrisonensis_6wks vs miscanthus_floridulus_6wks,FALSE
2244,1.7965573916975366,25.811117102096333,2.0608610241661824,0.10894522741272855,0.6010930868124561,-4.219588258235006,miscanthus_sinensis_ssp_transmorrisonensis_6wks vs miscanthus_floridulus_6wks,FALSE
4360,1.9825242602701252,19.30101481079327,2.0572421467977167,0.1093912644963201,0.6010930868124561,-4.223330766703074,miscanthus_sinensis_ssp_transmorrisonensis_6wks vs miscanthus_floridulus_6wks,FALSE
2520,-1.7519776353984007,17.183918721141488,-2.0563968622645192,0.10949573835923831,0.6010930868124561,-4.224205126280194,miscanthus_sinensis_ssp_transmorrisonensis_6wks vs miscanthus_floridulus_6wks,FALSE
33,-4.736608379907864,22.51524790178436,-2.0530172398574806,0.10991454783166034,0.6010930868124561,-4.227701740048977,miscanthus_sinensis_ssp_transmorrisonensis_6wks vs miscanthus_floridulus_6wks,FALSE
181,1.7144253778910539,29.660322985134147,2.0495417222502015,0.1103470845066125,0.6010930868124561,-4.231298800871027,miscanthus_sinensis_ssp_transmorrisonensis_6wks vs miscanthus_floridulus_6wks,FALSE
6153,-1.743044819297097,16.93867731953,-2.047160971512368,0.11064445786841547,0.6010930868124561,-4.233763524915585,miscanthus_sinensis_ssp_transmorrisonensis_6wks vs miscanthus_floridulus_6wks,FALSE
385,-1.8084541565652579,27.063378918077866,-2.0459054544853195,0.11080163694590119,0.6010930868124561,-4.235063559103304,miscanthus_sinensis_ssp_transmorrisonensis_6wks vs miscanthus_floridulus_6wks,FALSE
2997,-2.698572288726732,16.653928045032156,-2.0412566515307655,0.11138577004541546,0.6010930868124561,-4.239878585576388,miscanthus_sinensis_ssp_transmorrisonensis_6wks vs miscanthus_floridulus_6wks,FALSE
324,-1.9200780876733212,17.271050773245392,-2.039782187526607,0.11157174805705647,0.6010930868124561,-4.241406224999184,miscanthus_sinensis_ssp_transmorrisonensis_6wks vs miscanthus_floridulus_6wks,FALSE
170,-3.4185049273532577,18.071476842197576,-2.038700891725285,0.11170835213490363,0.6010930868124561,-4.242526655041283,miscanthus_sinensis_ssp_transmorrisonensis_6wks vs miscanthus_floridulus_6wks,FALSE
2171,-1.6878148002077502,17.08443571526415,-2.03438136037537,0.11225589498545394,0.6010930868124561,-4.247003677685294,miscanthus_sinensis_ssp_transmorrisonensis_6wks vs miscanthus_floridulus_6wks,FALSE
2941,2.5715176496550978,16.030342230761928,2.033187600150705,0.11240773646334928,0.6010930868124561,-4.248241287720386,miscanthus_sinensis_ssp_transmorrisonensis_6wks vs miscanthus_floridulus_6wks,FALSE
1049,1.6939749656811252,17.164809711833946,2.0330861338157433,0.11242065299303233,0.6010930868124561,-4.248346487624655,miscanthus_sinensis_ssp_transmorrisonensis_6wks vs miscanthus_floridulus_6wks,FALSE
6125,-2.384495660781443,16.345557822909267,-2.029058480285461,0.11293468969881834,0.6017558361131005,-4.252523156211124,miscanthus_sinensis_ssp_transmorrisonensis_6wks vs miscanthus_floridulus_6wks,FALSE
3140,-1.6783928027824047,19.60991036497898,-2.027025363283231,0.11319515187424808,0.6017558361131005,-4.2546320933360695,miscanthus_sinensis_ssp_transmorrisonensis_6wks vs miscanthus_floridulus_6wks,FALSE
3315,2.3850566308897534,18.29954592494621,2.0108176575908843,0.11529529579231972,0.611164175403414,-4.271458292266409,miscanthus_sinensis_ssp_transmorrisonensis_6wks vs miscanthus_floridulus_6wks,FALSE
380,-4.510572331451209,16.40185349475026,-2.0075219919007083,0.11572755432210552,0.6117027871311291,-4.274882715991477,miscanthus_sinensis_ssp_transmorrisonensis_6wks vs miscanthus_floridulus_6wks,FALSE
2209,3.6626467648569037,15.85865798485129,1.9973129791046416,0.11707789384682996,0.6152314937635059,-4.285496812815498,miscanthus_sinensis_ssp_transmorrisonensis_6wks vs miscanthus_floridulus_6wks,FALSE
583,4.0439207912181185,17.4534043784934,1.9946393619335339,0.11743438072515845,0.6152314937635059,-4.288278046216428,miscanthus_sinensis_ssp_transmorrisonensis_6wks vs miscanthus_floridulus_6wks,FALSE
3996,-2.199303055004794,16.748116725164,-1.992724181363401,0.11769047291356222,0.6152314937635059,-4.290270699093557,miscanthus_sinensis_ssp_transmorrisonensis_6wks vs miscanthus_floridulus_6wks,FALSE
418,-1.6859297169488165,20.487391191010207,-1.9924635001674678,0.11772537772555736,0.6152314937635059,-4.290541949939826,miscanthus_sinensis_ssp_transmorrisonensis_6wks vs miscanthus_floridulus_6wks,FALSE
3619,-2.873512814572928,16.559861264279732,-1.983515294840388,0.1189304331253808,0.6197783134702943,-4.299856508636179,miscanthus_sinensis_ssp_transmorrisonensis_6wks vs miscanthus_floridulus_6wks,FALSE
4723,2.611593644822255,16.916829146036736,1.9757840521045005,0.1199824812007001,0.6235044669137505,-4.307909708458935,miscanthus_sinensis_ssp_transmorrisonensis_6wks vs miscanthus_floridulus_6wks,FALSE
2683,1.7808716413523165,17.701366795640837,1.9689596945220196,0.12091958642659538,0.6266141033310966,-4.315022322847141,miscanthus_sinensis_ssp_transmorrisonensis_6wks vs miscanthus_floridulus_6wks,FALSE
1504,-3.4936410977343275,17.349406394730895,-1.9622357969853097,0.12185072745955387,0.6266449651182372,-4.322033865349672,miscanthus_sinensis_ssp_transmorrisonensis_6wks vs miscanthus_floridulus_6wks,FALSE
1155,-2.1730083335738346,17.054419446787524,-1.9610555796612799,0.12201497349505616,0.6266449651182372,-4.323264936712239,miscanthus_sinensis_ssp_transmorrisonensis_6wks vs miscanthus_floridulus_6wks,FALSE
2221,3.796710906432441,18.51163505858445,1.959677744382082,0.12220702721040523,0.6266449651182372,-4.3247022773487895,miscanthus_sinensis_ssp_transmorrisonensis_6wks vs miscanthus_floridulus_6wks,FALSE
4865,-3.6466069949355706,17.210334546153323,-1.959151618334636,0.12228044995009925,0.6266449651182372,-4.3252511640581375,miscanthus_sinensis_ssp_transmorrisonensis_6wks vs miscanthus_floridulus_6wks,FALSE
1844,-3.2997838208303527,19.027610100799368,-1.9490620506194452,0.12369784148836979,0.6268524024630139,-4.3357812717118795,miscanthus_sinensis_ssp_transmorrisonensis_6wks vs miscanthus_floridulus_6wks,FALSE
152,-3.1199222470339016,18.117110113055322,-1.9455370532219574,0.12419725330872791,0.6268524024630139,-4.339461963340439,miscanthus_sinensis_ssp_transmorrisonensis_6wks vs miscanthus_floridulus_6wks,FALSE
2212,-1.8872489442695386,16.60061252433906,-1.9441705073362436,0.12439145273027623,0.6268524024630139,-4.340889110737007,miscanthus_sinensis_ssp_transmorrisonensis_6wks vs miscanthus_floridulus_6wks,FALSE
5597,-2.2865822254305748,16.551370577595215,-1.9428845494011133,0.12457450217030858,0.6268524024630139,-4.342232219327828,miscanthus_sinensis_ssp_transmorrisonensis_6wks vs miscanthus_floridulus_6wks,FALSE
3353,-1.6142048650220637,20.371795201640197,-1.9360390165486736,0.12555388159695913,0.6268524024630139,-4.349383960362429,miscanthus_sinensis_ssp_transmorrisonensis_6wks vs miscanthus_floridulus_6wks,FALSE
4619,2.332952618151003,17.050199468612675,1.934740398754182,0.12574061754642718,0.6268524024630139,-4.35074103737847,miscanthus_sinensis_ssp_transmorrisonensis_6wks vs miscanthus_floridulus_6wks,FALSE
4810,-2.678798760461726,16.419134557250594,-1.9338216224627016,0.12587291650680618,0.6268524024630139,-4.351701244172682,miscanthus_sinensis_ssp_transmorrisonensis_6wks vs miscanthus_floridulus_6wks,FALSE
1991,2.1753793853745336,18.214125065411807,1.9332770391627412,0.12595140517809067,0.6268524024630139,-4.352270411867128,miscanthus_sinensis_ssp_transmorrisonensis_6wks vs miscanthus_floridulus_6wks,FALSE
502,-4.160770461667825,17.40055341944653,-1.9307014197344077,0.12632334177721835,0.6268524024630139,-4.354962578610953,miscanthus_sinensis_ssp_transmorrisonensis_6wks vs miscanthus_floridulus_6wks,FALSE
4413,-2.058185150793843,17.756637876296065,-1.927837962697784,0.1267382478693364,0.6268524024630139,-4.357956135340423,miscanthus_sinensis_ssp_transmorrisonensis_6wks vs miscanthus_floridulus_6wks,FALSE
1319,-1.6225051138130855,16.115381488009184,-1.9272821593073464,0.12681895378496758,0.6268524024630139,-4.358537255146622,miscanthus_sinensis_ssp_transmorrisonensis_6wks vs miscanthus_floridulus_6wks,FALSE
3370,-1.7438388117168966,16.350462000760675,-1.9264933507793363,0.1269335894169498,0.6268524024630139,-4.359362028647997,miscanthus_sinensis_ssp_transmorrisonensis_6wks vs miscanthus_floridulus_6wks,FALSE
4938,2.903416861652781,16.56549351682333,1.9216740869366726,0.12763641382691496,0.6268524024630139,-4.364401914097943,miscanthus_sinensis_ssp_transmorrisonensis_6wks vs miscanthus_floridulus_6wks,FALSE
1466,3.5236188874843215,17.18942102619612,1.9206904702765994,0.12778038034469225,0.6268524024630139,-4.36543074616949,miscanthus_sinensis_ssp_transmorrisonensis_6wks vs miscanthus_floridulus_6wks,FALSE
5734,-2.2539520876532713,18.04568182916123,-1.920228718690849,0.12784802524553798,0.6268524024630139,-4.365913745355249,miscanthus_sinensis_ssp_transmorrisonensis_6wks vs miscanthus_floridulus_6wks,FALSE
1775,-4.572512391675318,17.372859591018532,-1.9190835637770451,0.12801595424724985,0.6268524024630139,-4.3671116540041925,miscanthus_sinensis_ssp_transmorrisonensis_6wks vs miscanthus_floridulus_6wks,FALSE
2156,-1.8738169373725384,16.79600937070508,-1.9178276118572748,0.12820040656624382,0.6268524024630139,-4.368425560250769,miscanthus_sinensis_ssp_transmorrisonensis_6wks vs miscanthus_floridulus_6wks,FALSE
1916,1.7325013050490767,24.591839537493918,1.9154752324090327,0.12854666058057543,0.6268524024630139,-4.370886756760347,miscanthus_sinensis_ssp_transmorrisonensis_6wks vs miscanthus_floridulus_6wks,FALSE
1435,1.6960839850929297,17.646004633770062,1.9104725383415573,0.1292864050246831,0.6268524024630139,-4.376122017625807,miscanthus_sinensis_ssp_transmorrisonensis_6wks vs miscanthus_floridulus_6wks,FALSE
1313,-4.0751216887138,17.27332503548653,-1.9014211533002678,0.1306365985724899,0.6268524024630139,-4.385598049235417,miscanthus_sinensis_ssp_transmorrisonensis_6wks vs miscanthus_floridulus_6wks,FALSE
1859,-3.0252856432684734,16.917824051401645,-1.9011213259679411,0.13068158475458608,0.6268524024630139,-4.385912025899449,miscanthus_sinensis_ssp_transmorrisonensis_6wks vs miscanthus_floridulus_6wks,FALSE
2366,-2.9747550986054296,16.750777575593954,-1.8994525841118532,0.13093227044478817,0.6268524024630139,-4.387659613465576,miscanthus_sinensis_ssp_transmorrisonensis_6wks vs miscanthus_floridulus_6wks,FALSE
4252,-1.6243007234686395,20.13877162457478,-1.8964659228551735,0.13138224246714325,0.6268524024630139,-4.390787788961985,miscanthus_sinensis_ssp_transmorrisonensis_6wks vs miscanthus_floridulus_6wks,FALSE
5614,2.41848391973304,16.61542480749367,1.8928298491357722,0.13193231915598713,0.6268524024630139,-4.394596826666017,miscanthus_sinensis_ssp_transmorrisonensis_6wks vs miscanthus_floridulus_6wks,FALSE
3296,3.4935020595424504,20.167517598243816,1.8915042088456429,0.13213348654118917,0.6268524024630139,-4.395985708755257,miscanthus_sinensis_ssp_transmorrisonensis_6wks vs miscanthus_floridulus_6wks,FALSE
4626,3.002958753695154,17.56516116768009,1.8905452797045368,0.13227921221725808,0.6268524024630139,-4.396990445220376,miscanthus_sinensis_ssp_transmorrisonensis_6wks vs miscanthus_floridulus_6wks,FALSE
1798,-3.177056956586444,17.635939874050777,-1.8896343138261122,0.13241781030673763,0.6268524024630139,-4.397944973650495,miscanthus_sinensis_ssp_transmorrisonensis_6wks vs miscanthus_floridulus_6wks,FALSE
2676,-1.8074204335002975,16.860969495440663,-1.8892269323915016,0.13247984187909828,0.6268524024630139,-4.398371850697047,miscanthus_sinensis_ssp_transmorrisonensis_6wks vs miscanthus_floridulus_6wks,FALSE
2986,-1.5880267095958764,23.552714874894548,-1.8862734956255192,0.1329305009338266,0.6268524024630139,-4.401466893530915,miscanthus_sinensis_ssp_transmorrisonensis_6wks vs miscanthus_floridulus_6wks,FALSE
4811,-1.692696265367017,16.749281824861487,-1.8813404121729995,0.13368693546994265,0.6268524024630139,-4.406637526185643,miscanthus_sinensis_ssp_transmorrisonensis_6wks vs miscanthus_floridulus_6wks,FALSE
1843,3.4800985520589585,20.0144989635167,1.8799381375393356,0.13390280824181272,0.6268524024630139,-4.408107556049973,miscanthus_sinensis_ssp_transmorrisonensis_6wks vs miscanthus_floridulus_6wks,FALSE
325,-1.5533521887143706,26.117915307556185,-1.8790425995400102,0.1340408688746863,0.6268524024630139,-4.409046417072489,miscanthus_sinensis_ssp_transmorrisonensis_6wks vs miscanthus_floridulus_6wks,FALSE
1167,3.067323357891482,17.664866096062273,1.8785092643127475,0.13412316365705995,0.6268524024630139,-4.409605572466383,miscanthus_sinensis_ssp_transmorrisonensis_6wks vs miscanthus_floridulus_6wks,FALSE
5157,-1.9029610169235713,16.26921524197929,-1.8783271853809078,0.13415127134245253,0.6268524024630139,-4.409796469599657,miscanthus_sinensis_ssp_transmorrisonensis_6wks vs miscanthus_floridulus_6wks,FALSE
4888,2.121263223282016,16.141972864480543,1.8774109726734238,0.1342928046197275,0.6268524024630139,-4.410757080325301,miscanthus_sinensis_ssp_transmorrisonensis_6wks vs miscanthus_floridulus_6wks,FALSE
185,-3.003839974966482,19.545072324738825,-1.8759479814657638,0.13451913717719813,0.6268524024630139,-4.412291052237927,miscanthus_sinensis_ssp_transmorrisonensis_6wks vs miscanthus_floridulus_6wks,FALSE
2382,-2.3535671953926762,16.503440242591296,-1.8702904769972744,0.13539827172087018,0.6271175456044926,-4.418224030297469,miscanthus_sinensis_ssp_transmorrisonensis_6wks vs miscanthus_floridulus_6wks,FALSE
2770,-4.3085325252592455,18.345013273213514,-1.8702670052269275,0.13540193196905143,0.6271175456044926,-4.418248648154849,miscanthus_sinensis_ssp_transmorrisonensis_6wks vs miscanthus_floridulus_6wks,FALSE
125,-2.5024272152615445,18.209395843684227,-1.8690428199391467,0.13559298283340382,0.6271175456044926,-4.419532644456327,miscanthus_sinensis_ssp_transmorrisonensis_6wks vs miscanthus_floridulus_6wks,FALSE
1837,-3.3699463172580195,16.761269116829872,-1.8622891107764459,0.1366522387757684,0.6292592215631386,-4.426617573348561,miscanthus_sinensis_ssp_transmorrisonensis_6wks vs miscanthus_floridulus_6wks,FALSE
4216,4.592924664909649,17.288835380655666,1.8617553887986964,0.1367363281450712,0.6292592215631386,-4.427177558610282,miscanthus_sinensis_ssp_transmorrisonensis_6wks vs miscanthus_floridulus_6wks,FALSE
1354,-2.0930310000481995,21.00229162579197,-1.8578132783678585,0.13735915054037837,0.630428649884652,-4.431314039710039,miscanthus_sinensis_ssp_transmorrisonensis_6wks vs miscanthus_floridulus_6wks,FALSE
3028,-1.87685431708681,22.372075741439257,-1.8554522703299612,0.13773363608455372,0.630428649884652,-4.433791781434422,miscanthus_sinensis_ssp_transmorrisonensis_6wks vs miscanthus_floridulus_6wks,FALSE
3001,3.4971898722741166,20.327332654481623,1.8491865233323705,0.13873280993085826,0.630428649884652,-4.44036844739565,miscanthus_sinensis_ssp_transmorrisonensis_6wks vs miscanthus_floridulus_6wks,FALSE
4160,-2.9156807812851486,16.909617895495487,-1.8470576009643376,0.1390740764889301,0.630428649884652,-4.442603371833973,miscanthus_sinensis_ssp_transmorrisonensis_6wks vs miscanthus_floridulus_6wks,FALSE
2751,-3.1265130568665747,19.4977023889071,-1.8467427752970824,0.13912461979952906,0.630428649884652,-4.4429338882380724,miscanthus_sinensis_ssp_transmorrisonensis_6wks vs miscanthus_floridulus_6wks,FALSE
4276,-1.830676933432395,16.14598729792744,-1.8437100771515305,0.1396125151709,0.630428649884652,-4.446117930498661,miscanthus_sinensis_ssp_transmorrisonensis_6wks vs miscanthus_floridulus_6wks,FALSE
3906,-1.7717139936986293,15.956403387494406,-1.8390494576182497,0.1403659022871816,0.630428649884652,-4.451011809219414,miscanthus_sinensis_ssp_transmorrisonensis_6wks vs miscanthus_floridulus_6wks,FALSE
2911,-1.9336242949538445,21.932909619254033,-1.836244802604072,0.14082138135089706,0.630428649884652,-4.453957215027535,miscanthus_sinensis_ssp_transmorrisonensis_6wks vs miscanthus_floridulus_6wks,FALSE
1905,2.0334769301437845,24.54919049041705,1.8348076557336481,0.1410553914735328,0.630428649884652,-4.455466592191719,miscanthus_sinensis_ssp_transmorrisonensis_6wks vs miscanthus_floridulus_6wks,FALSE
2147,-1.5122782196376896,26.83340595536739,-1.8307839461970776,0.14171279795349753,0.630428649884652,-4.459692907590379,miscanthus_sinensis_ssp_transmorrisonensis_6wks vs miscanthus_floridulus_6wks,FALSE
2405,-2.510045687738822,17.007750236023924,-1.8305538364711458,0.1417504934587728,0.630428649884652,-4.4599346204447325,miscanthus_sinensis_ssp_transmorrisonensis_6wks vs miscanthus_floridulus_6wks,FALSE
5862,-1.8700128625316452,15.98998268757113,-1.8217921595018869,0.14319383623500387,0.630428649884652,-4.469139355933008,miscanthus_sinensis_ssp_transmorrisonensis_6wks vs miscanthus_floridulus_6wks,FALSE
2106,2.6101565187850166,16.548345430097775,1.8198208485251286,0.14352074761801198,0.630428649884652,-4.471210674672138,miscanthus_sinensis_ssp_transmorrisonensis_6wks vs miscanthus_floridulus_6wks,FALSE
342,-4.711492955646229,17.83617379432494,-1.819684028193423,0.14354346686318226,0.630428649884652,-4.471354440322958,miscanthus_sinensis_ssp_transmorrisonensis_6wks vs miscanthus_floridulus_6wks,FALSE
4316,-2.783967630997946,19.232798443824514,-1.8189034282135579,0.14367316065416805,0.630428649884652,-4.472174675686396,miscanthus_sinensis_ssp_transmorrisonensis_6wks vs miscanthus_floridulus_6wks,FALSE
4129,-3.2505029352827393,17.929931867273115,-1.8181475281535342,0.1437988705073091,0.630428649884652,-4.472968973572753,miscanthus_sinensis_ssp_transmorrisonensis_6wks vs miscanthus_floridulus_6wks,FALSE
354,4.333634192218113,19.794639843992073,1.8173277576177473,0.1439353357597478,0.630428649884652,-4.473830404656752,miscanthus_sinensis_ssp_transmorrisonensis_6wks vs miscanthus_floridulus_6wks,FALSE
1237,-2.0201654548906056,19.918774305056658,-1.8168760290381931,0.14401059332191546,0.630428649884652,-4.474305098024214,miscanthus_sinensis_ssp_transmorrisonensis_6wks vs miscanthus_floridulus_6wks,FALSE
5005,4.102077038524154,17.62995181984871,1.8157947347373,0.14419090747897528,0.630428649884652,-4.475441385684559,miscanthus_sinensis_ssp_transmorrisonensis_6wks vs miscanthus_floridulus_6wks,FALSE
920,-3.235504886712441,19.375978958586828,-1.8147907148985023,0.14435855239355413,0.630428649884652,-4.476496497472495,miscanthus_sinensis_ssp_transmorrisonensis_6wks vs miscanthus_floridulus_6wks,FALSE
5200,2.715787413884444,16.82581266095886,1.8095073841992162,0.14524418059087776,0.630428649884652,-4.48204912242721,miscanthus_sinensis_ssp_transmorrisonensis_6wks vs miscanthus_floridulus_6wks,FALSE
3557,-2.6215143543412616,17.8026863810838,-1.8089208270244568,0.1453428619915634,0.630428649884652,-4.4826656207614395,miscanthus_sinensis_ssp_transmorrisonensis_6wks vs miscanthus_floridulus_6wks,FALSE
4395,-2.4688443840567444,17.247326132039348,-1.808748802979361,0.14537181665598356,0.630428649884652,-4.482846427493795,miscanthus_sinensis_ssp_transmorrisonensis_6wks vs miscanthus_floridulus_6wks,FALSE
4379,-4.693022704482313,21.145324159951358,-1.80846155243184,0.14542017974337326,0.630428649884652,-4.483148345243957,miscanthus_sinensis_ssp_transmorrisonensis_6wks vs miscanthus_floridulus_6wks,FALSE
4117,-1.5932298982774356,23.3861221265446,-1.8033235258384384,0.14628816461214195,0.630428649884652,-4.488549056464172,miscanthus_sinensis_ssp_transmorrisonensis_6wks vs miscanthus_floridulus_6wks,FALSE
314,1.7086570457375174,22.41293398440562,1.8011758654497318,0.14665261949591563,0.630428649884652,-4.490806696831285,miscanthus_sinensis_ssp_transmorrisonensis_6wks vs miscanthus_floridulus_6wks,FALSE
2024,-3.146749757050106,17.370895000754622,-1.7954966193585482,0.14762107106713387,0.630428649884652,-4.496777245227891,miscanthus_sinensis_ssp_transmorrisonensis_6wks vs miscanthus_floridulus_6wks,FALSE
1418,2.9336210589239293,17.798730876014677,1.7938550933412398,0.1479022648833383,0.630428649884652,-4.498503089424628,miscanthus_sinensis_ssp_transmorrisonensis_6wks vs miscanthus_floridulus_6wks,FALSE
222,-2.6696257037769655,17.171736911356245,-1.7932251226556695,0.14801033109538264,0.630428649884652,-4.499165432594308,miscanthus_sinensis_ssp_transmorrisonensis_6wks vs miscanthus_floridulus_6wks,FALSE
137,-1.4902329799499583,25.048705221682162,-1.7903309060909247,0.14850789596982858,0.630428649884652,-4.502208468423419,miscanthus_sinensis_ssp_transmorrisonensis_6wks vs miscanthus_floridulus_6wks,FALSE
808,-1.5264708175165325,22.002246443043976,-1.7902935352312677,0.1485143323370164,0.630428649884652,-4.502247761851893,miscanthus_sinensis_ssp_transmorrisonensis_6wks vs miscanthus_floridulus_6wks,FALSE
5037,3.9586958062063005,21.062744879174655,1.7896971026695556,0.14861709603059606,0.630428649884652,-4.502874881566542,miscanthus_sinensis_ssp_transmorrisonensis_6wks vs miscanthus_floridulus_6wks,FALSE
5475,2.2315042400614473,17.237774348790616,1.7879014024946622,0.14892694939798856,0.630428649884652,-4.5047630092149085,miscanthus_sinensis_ssp_transmorrisonensis_6wks vs miscanthus_floridulus_6wks,FALSE
1947,-5.135112709474498,17.78829846454257,-1.7878154836136075,0.14894179225213686,0.630428649884652,-4.504853351824898,miscanthus_sinensis_ssp_transmorrisonensis_6wks vs miscanthus_floridulus_6wks,FALSE
5182,-1.7295193271866722,16.616930635483694,-1.7854072782315213,0.14935846376699394,0.630428649884652,-4.507385597611416,miscanthus_sinensis_ssp_transmorrisonensis_6wks vs miscanthus_floridulus_6wks,FALSE
394,-3.132150571603729,17.219667259742423,-1.78073380676701,0.15017063230579708,0.630428649884652,-4.512300038737802,miscanthus_sinensis_ssp_transmorrisonensis_6wks vs miscanthus_floridulus_6wks,FALSE
62,-1.8370172504185973,27.175569400618667,-1.7801326569665545,0.15027544357203496,0.630428649884652,-4.512932206971736,miscanthus_sinensis_ssp_transmorrisonensis_6wks vs miscanthus_floridulus_6wks,FALSE
2141,-2.3830732388363742,17.071767114919684,-1.7783595061517912,0.15058504987600088,0.630428649884652,-4.514796877535737,miscanthus_sinensis_ssp_transmorrisonensis_6wks vs miscanthus_floridulus_6wks,FALSE
1572,4.773373866697696,17.89918461563499,1.778255881983322,0.15060316452783182,0.630428649884652,-4.514905851434374,miscanthus_sinensis_ssp_transmorrisonensis_6wks vs miscanthus_floridulus_6wks,FALSE
3834,1.6880772593625792,22.59664793492805,1.7781519719574896,0.1506213314859547,0.630428649884652,-4.51501512608411,miscanthus_sinensis_ssp_transmorrisonensis_6wks vs miscanthus_floridulus_6wks,FALSE
81,-1.5270655871062324,22.04382783279315,-1.775282788679143,0.15112388583371517,0.6311042636396682,-4.5180324903922,miscanthus_sinensis_ssp_transmorrisonensis_6wks vs miscanthus_floridulus_6wks,FALSE
4893,4.1533847272981355,20.1490277255594,1.7702731981707023,0.15200563780956608,0.6325163140721406,-4.523301024178452,miscanthus_sinensis_ssp_transmorrisonensis_6wks vs miscanthus_floridulus_6wks,FALSE
5498,-1.6728537677375428,16.76248545028233,-1.7662012490546302,0.15272639365098759,0.6325163140721406,-4.527583625864182,miscanthus_sinensis_ssp_transmorrisonensis_6wks vs miscanthus_floridulus_6wks,FALSE
5499,-4.9937399747286655,22.045479786086304,-1.7639445283026296,0.153127412292044,0.6325163140721406,-4.529957149407603,miscanthus_sinensis_ssp_transmorrisonensis_6wks vs miscanthus_floridulus_6wks,FALSE
5366,2.523557205067025,16.253217114672143,1.762343334057065,0.1534126241387465,0.6325163140721406,-4.531641239042835,miscanthus_sinensis_ssp_transmorrisonensis_6wks vs miscanthus_floridulus_6wks,FALSE
5287,-2.361112997804831,19.043877411311666,-1.760779502208049,0.15369172689954422,0.6325163140721406,-4.533286047114158,miscanthus_sinensis_ssp_transmorrisonensis_6wks vs miscanthus_floridulus_6wks,FALSE
2159,3.932986276124524,20.97666925442015,1.760334502904486,0.15377124630766018,0.6325163140721406,-4.533754091277094,miscanthus_sinensis_ssp_transmorrisonensis_6wks vs miscanthus_floridulus_6wks,FALSE
2364,1.7093944771060077,16.630284964559742,1.7598642856772768,0.15385531963916935,0.6325163140721406,-4.534248660440008,miscanthus_sinensis_ssp_transmorrisonensis_6wks vs miscanthus_floridulus_6wks,FALSE
250,-4.50029926767364,17.57545880040711,-1.7557314719725832,0.1545963613880297,0.6335544503932875,-4.538595550637334,miscanthus_sinensis_ssp_transmorrisonensis_6wks vs miscanthus_floridulus_6wks,FALSE
4595,3.5586134297947396,17.887541847829922,1.754639666651791,0.15479276301500863,0.6335544503932875,-4.53974392139448,miscanthus_sinensis_ssp_transmorrisonensis_6wks vs miscanthus_floridulus_6wks,FALSE
2935,4.444550929097929,17.050576035506143,1.743873119902204,0.15674379196361865,0.635755774066833,-4.551068371921204,miscanthus_sinensis_ssp_transmorrisonensis_6wks vs miscanthus_floridulus_6wks,FALSE
332,-1.9125374299309357,27.0768908081902,-1.7423408930215403,0.15702356678605284,0.635755774066833,-4.552679993008722,miscanthus_sinensis_ssp_transmorrisonensis_6wks vs miscanthus_floridulus_6wks,FALSE
5512,2.6591587925086557,17.605419371354078,1.7406752374992185,0.15732830637189485,0.635755774066833,-4.554431950369917,miscanthus_sinensis_ssp_transmorrisonensis_6wks vs miscanthus_floridulus_6wks,FALSE
857,-1.5737063848962407,26.295511304972763,-1.7337757332100001,0.1585973033613697,0.635755774066833,-4.561688824978393,miscanthus_sinensis_ssp_transmorrisonensis_6wks vs miscanthus_floridulus_6wks,FALSE
1879,-2.5611150991346037,19.367170763647465,-1.72915124199366,0.15945393955851678,0.635755774066833,-4.566552698861279,miscanthus_sinensis_ssp_transmorrisonensis_6wks vs miscanthus_floridulus_6wks,FALSE
3895,3.340713413455264,17.180598291922465,1.7283714876134841,0.15959886296693868,0.635755774066833,-4.567372800956299,miscanthus_sinensis_ssp_transmorrisonensis_6wks vs miscanthus_floridulus_6wks,FALSE
3811,3.7307689484969693,17.885680941710092,1.7272449750788434,0.15980848055776128,0.635755774066833,-4.568557594956842,miscanthus_sinensis_ssp_transmorrisonensis_6wks vs miscanthus_floridulus_6wks,FALSE
459,-3.4325498884395795,17.392612762433444,-1.7271171310545577,0.15983228775655797,0.635755774066833,-4.568692052451905,miscanthus_sinensis_ssp_transmorrisonensis_6wks vs miscanthus_floridulus_6wks,FALSE
435,4.276918000890593,17.90343324245749,1.7263091001108906,0.15998284674995977,0.635755774066833,-4.569541880088947,miscanthus_sinensis_ssp_transmorrisonensis_6wks vs miscanthus_floridulus_6wks,FALSE
3208,2.449968562463031,19.014412797817723,1.7224907743544382,0.16069634322905846,0.635755774066833,-4.573557629909898,miscanthus_sinensis_ssp_transmorrisonensis_6wks vs miscanthus_floridulus_6wks,FALSE
1314,-1.4667588459584842,22.264535591275674,-1.722034497113452,0.16078182875901303,0.635755774066833,-4.574037488571477,miscanthus_sinensis_ssp_transmorrisonensis_6wks vs miscanthus_floridulus_6wks,FALSE
5544,4.072095714954022,17.37181892207229,1.7197621922968278,0.1612082722520277,0.635755774066833,-4.576427196083313,miscanthus_sinensis_ssp_transmorrisonensis_6wks vs miscanthus_floridulus_6wks,FALSE
256,-3.3264414006299816,17.756443211051824,-1.7182088481740765,0.16150047698260347,0.635755774066833,-4.578060761046784,miscanthus_sinensis_ssp_transmorrisonensis_6wks vs miscanthus_floridulus_6wks,FALSE
3013,3.574113065959782,20.915071698082947,1.7165380950557856,0.161815393417178,0.635755774066833,-4.579817764157719,miscanthus_sinensis_ssp_transmorrisonensis_6wks vs miscanthus_floridulus_6wks,FALSE
94,4.5014751113952265,18.246452967850296,1.7132547641469922,0.1624361544770388,0.635755774066833,-4.5832704804557025,miscanthus_sinensis_ssp_transmorrisonensis_6wks vs miscanthus_floridulus_6wks,FALSE
5889,-1.6621564417765775,18.907448553275977,-1.7096449610215185,0.16312154594477313,0.635755774066833,-4.587066325413174,miscanthus_sinensis_ssp_transmorrisonensis_6wks vs miscanthus_floridulus_6wks,FALSE
3207,1.6231857389221709,16.997996439593408,1.7082748405338901,0.16338248942090278,0.635755774066833,-4.588507003897167,miscanthus_sinensis_ssp_transmorrisonensis_6wks vs miscanthus_floridulus_6wks,FALSE
213,3.964338574783671,17.646081649664737,1.7055768967522642,0.1638976104090433,0.635755774066833,-4.5913437904242205,miscanthus_sinensis_ssp_transmorrisonensis_6wks vs miscanthus_floridulus_6wks,FALSE
1118,-1.4414666415336743,15.450835978450007,-1.7054368312040449,0.16392440004205688,0.635755774066833,-4.59149106051939,miscanthus_sinensis_ssp_transmorrisonensis_6wks vs miscanthus_floridulus_6wks,FALSE
1320,-4.719670088009146,21.014203351636876,-1.704603793271528,0.16408382655719753,0.635755774066833,-4.592366939901144,miscanthus_sinensis_ssp_transmorrisonensis_6wks vs miscanthus_floridulus_6wks,FALSE
902,4.956792705834314,20.925928448678604,1.7020160233080495,0.1645801178106406,0.635755774066833,-4.595087709415391,miscanthus_sinensis_ssp_transmorrisonensis_6wks vs miscanthus_floridulus_6wks,FALSE
1119,-1.6133922699930707,15.650254572054521,-1.7008867330221558,0.16479719316375743,0.635755774066833,-4.596274998704336,miscanthus_sinensis_ssp_transmorrisonensis_6wks vs miscanthus_floridulus_6wks,FALSE
2417,-2.9604162538604797,19.103889764020067,-1.7003246381403763,0.16490535320050229,0.635755774066833,-4.596865952437476,miscanthus_sinensis_ssp_transmorrisonensis_6wks vs miscanthus_floridulus_6wks,FALSE
5023,-2.0947770578252207,16.902056008118446,-1.6994773359644189,0.16506853525226853,0.635755774066833,-4.59775674408782,miscanthus_sinensis_ssp_transmorrisonensis_6wks vs miscanthus_floridulus_6wks,FALSE
4434,-3.4241885940967585,17.725301698782317,-1.6986197691989726,0.16523386760513029,0.635755774066833,-4.598658311776955,miscanthus_sinensis_ssp_transmorrisonensis_6wks vs miscanthus_floridulus_6wks,FALSE
277,2.0957259191717856,16.50272804986664,1.6967866800479148,0.1655878591542046,0.635755774066833,-4.600585401694968,miscanthus_sinensis_ssp_transmorrisonensis_6wks vs miscanthus_floridulus_6wks,FALSE
529,-1.5423834745594256,21.203573870857728,-1.6904744824896871,0.1668129488026954,0.635755774066833,-4.607220698343421,miscanthus_sinensis_ssp_transmorrisonensis_6wks vs miscanthus_floridulus_6wks,FALSE
2860,1.5444093328111173,27.97835786590192,1.689118422947334,0.16707738072082087,0.635755774066833,-4.608646042918678,miscanthus_sinensis_ssp_transmorrisonensis_6wks vs miscanthus_floridulus_6wks,FALSE
5020,1.8513618448453144,22.21503230625593,1.6840859935331074,0.16806257002175928,0.635755774066833,-4.613935170495219,miscanthus_sinensis_ssp_transmorrisonensis_6wks vs miscanthus_floridulus_6wks,FALSE
4965,-2.9702976870202153,16.950452486327393,-1.6798777895132273,0.16889109518895193,0.635755774066833,-4.618357486354722,miscanthus_sinensis_ssp_transmorrisonensis_6wks vs miscanthus_floridulus_6wks,FALSE
1574,-1.3860195133946647,25.7221463894423,-1.6782737001002181,0.16920804341809564,0.635755774066833,-4.620043053131593,miscanthus_sinensis_ssp_transmorrisonensis_6wks vs miscanthus_floridulus_6wks,FALSE
4542,3.0333684303902864,18.15135779460007,1.674276928522323,0.17000047866245005,0.635755774066833,-4.62424248629797,miscanthus_sinensis_ssp_transmorrisonensis_6wks vs miscanthus_floridulus_6wks,FALSE
4845,2.250488989148966,17.483437965541345,1.6742308636801269,0.1700096345836102,0.635755774066833,-4.6242908839376655,miscanthus_sinensis_ssp_transmorrisonensis_6wks vs miscanthus_floridulus_6wks,FALSE
2747,2.121342364724132,16.32841707435588,1.6728379341180262,0.1702867402775815,0.635755774066833,-4.625754320753419,miscanthus_sinensis_ssp_transmorrisonensis_6wks vs miscanthus_floridulus_6wks,FALSE
1890,-1.849026460162257,24.278773890976346,-1.670608369695737,0.17073127164576685,0.635755774066833,-4.6280966061686595,miscanthus_sinensis_ssp_transmorrisonensis_6wks vs miscanthus_floridulus_6wks,FALSE
2012,3.613708629482307,17.56303681138063,1.664987103368081,0.17185745779708292,0.635755774066833,-4.634001299540283,miscanthus_sinensis_ssp_transmorrisonensis_6wks vs miscanthus_floridulus_6wks,FALSE
3341,-2.58806950905711,16.54423492979363,-1.6611666860849588,0.1726273010892345,0.635755774066833,-4.6380136820876885,miscanthus_sinensis_ssp_transmorrisonensis_6wks vs miscanthus_floridulus_6wks,FALSE
82,-2.1521898797352,24.542538257020553,-1.6595418379315692,0.1729558155110429,0.635755774066833,-4.639720004192628,miscanthus_sinensis_ssp_transmorrisonensis_6wks vs miscanthus_floridulus_6wks,FALSE
5405,3.4987689319190984,18.382651711546544,1.6558800284956234,0.17369857025649488,0.635755774066833,-4.643565039739225,miscanthus_sinensis_ssp_transmorrisonensis_6wks vs miscanthus_floridulus_6wks,FALSE
273,-4.107972216100993,21.258753265156514,-1.6548520493528196,0.1739076838107659,0.635755774066833,-4.6446443573262925,miscanthus_sinensis_ssp_transmorrisonensis_6wks vs miscanthus_floridulus_6wks,FALSE
1621,1.435350769594912,15.453044798787442,1.6540449482800177,0.17407205066096734,0.635755774066833,-4.645491735004733,miscanthus_sinensis_ssp_transmorrisonensis_6wks vs miscanthus_floridulus_6wks,FALSE
466,-3.5344410250474887,19.755691830259252,-1.6523093528180388,0.17442605743459685,0.635755774066833,-4.647313848105263,miscanthus_sinensis_ssp_transmorrisonensis_6wks vs miscanthus_floridulus_6wks,FALSE
4718,-2.1991933084135162,17.542558510134562,-1.6518057181471821,0.17452892405580597,0.635755774066833,-4.647842564290641,miscanthus_sinensis_ssp_transmorrisonensis_6wks vs miscanthus_floridulus_6wks,FALSE
4729,1.7210397567732727,19.397660241657842,1.6512632762709434,0.1746397880191243,0.635755774066833,-4.648412008040358,miscanthus_sinensis_ssp_transmorrisonensis_6wks vs miscanthus_floridulus_6wks,FALSE
3620,-1.9421673585806598,16.667492434765478,-1.650087075950073,0.17488043242102716,0.635755774066833,-4.649646713594751,miscanthus_sinensis_ssp_transmorrisonensis_6wks vs miscanthus_floridulus_6wks,FALSE
4929,2.322708674768432,17.56294635820973,1.6454918686947837,0.17582391794814023,0.635755774066833,-4.65446989841007,miscanthus_sinensis_ssp_transmorrisonensis_6wks vs miscanthus_floridulus_6wks,FALSE
2834,-1.4355172520831907,17.57808305018041,-1.645144443262927,0.1758954672760177,0.635755774066833,-4.6548345211409705,miscanthus_sinensis_ssp_transmorrisonensis_6wks vs miscanthus_floridulus_6wks,FALSE
4416,1.9977185378777484,15.96563766302254,1.6408933576173164,0.17677341111696795,0.635755774066833,-4.6592955717804445,miscanthus_sinensis_ssp_transmorrisonensis_6wks vs miscanthus_floridulus_6wks,FALSE
329,-3.5804462752065724,20.448887608814456,-1.63741513124562,0.17749514756680043,0.635755774066833,-4.662944939916938,miscanthus_sinensis_ssp_transmorrisonensis_6wks vs miscanthus_floridulus_6wks,FALSE
2006,-3.199324804182428,17.022131499974364,-1.63598724803121,0.177792325495493,0.635755774066833,-4.664442905479328,miscanthus_sinensis_ssp_transmorrisonensis_6wks vs miscanthus_floridulus_6wks,FALSE
6057,-1.6286026132293507,16.9632036159623,-1.635777024489013,0.17783612208017077,0.635755774066833,-4.6646634383246015,miscanthus_sinensis_ssp_transmorrisonensis_6wks vs miscanthus_floridulus_6wks,FALSE
4424,-1.4298698340978344,16.20139175443466,-1.6355178338881098,0.1778901356415066,0.635755774066833,-4.664935336452791,miscanthus_sinensis_ssp_transmorrisonensis_6wks vs miscanthus_floridulus_6wks,FALSE
5516,3.0338373607867126,17.42639699983533,1.630893591484202,0.17885667919375398,0.635755774066833,-4.66978570896707,miscanthus_sinensis_ssp_transmorrisonensis_6wks vs miscanthus_floridulus_6wks,FALSE
73,-2.536882954306762,23.470856084617004,-1.6306212148555324,0.17891378102396338,0.635755774066833,-4.670071369912821,miscanthus_sinensis_ssp_transmorrisonensis_6wks vs miscanthus_floridulus_6wks,FALSE
2792,-1.7831774379278507,16.158952114218092,-1.630000375779111,0.17904400660817893,0.635755774066833,-4.670722473594438,miscanthus_sinensis_ssp_transmorrisonensis_6wks vs miscanthus_floridulus_6wks,FALSE
3351,2.77018153902368,16.57645468710023,1.6298918810253922,0.17906677432952375,0.635755774066833,-4.6708362551109674,miscanthus_sinensis_ssp_transmorrisonensis_6wks vs miscanthus_floridulus_6wks,FALSE
438,-2.441964372508785,18.99883940533573,-1.628841370077231,0.17928738119575527,0.635755774066833,-4.671937922709715,miscanthus_sinensis_ssp_transmorrisonensis_6wks vs miscanthus_floridulus_6wks,FALSE
4711,1.54089771410424,23.15063885032911,1.6283959166861508,0.1793810117662861,0.635755774066833,-4.672405050192517,miscanthus_sinensis_ssp_transmorrisonensis_6wks vs miscanthus_floridulus_6wks,FALSE
2584,5.2345130157014275,18.14463328849858,1.6280286821184884,0.17945823973264755,0.635755774066833,-4.672790144857137,miscanthus_sinensis_ssp_transmorrisonensis_6wks vs miscanthus_floridulus_6wks,FALSE
3276,3.991094855731868,17.203230169696553,1.6253470296554593,0.18002323216568655,0.635755774066833,-4.675601990976334,miscanthus_sinensis_ssp_transmorrisonensis_6wks vs miscanthus_floridulus_6wks,FALSE
1940,2.444595760590662,16.95162194015802,1.6203807589656007,0.18107446618365883,0.635755774066833,-4.680808298364063,miscanthus_sinensis_ssp_transmorrisonensis_6wks vs miscanthus_floridulus_6wks,FALSE
2165,-1.408981474023701,16.59104485072069,-1.6202714429167908,0.18109767740606514,0.635755774066833,-4.6809228819712665,miscanthus_sinensis_ssp_transmorrisonensis_6wks vs miscanthus_floridulus_6wks,FALSE
1429,-1.4631812389862269,21.363418380793505,-1.6199418977297317,0.181167668921319,0.635755774066833,-4.681268302538845,miscanthus_sinensis_ssp_transmorrisonensis_6wks vs miscanthus_floridulus_6wks,FALSE
1513,-1.672010995927451,17.35069451329771,-1.619401111563896,0.18128258656103238,0.635755774066833,-4.68183512645412,miscanthus_sinensis_ssp_transmorrisonensis_6wks vs miscanthus_floridulus_6wks,FALSE
203,4.5598275187143855,21.462773033769,1.6193834311502961,0.18128634494859971,0.635755774066833,-4.6818536578517955,miscanthus_sinensis_ssp_transmorrisonensis_6wks vs miscanthus_floridulus_6wks,FALSE
375,-1.4444001191397717,24.37029998516512,-1.6181252399860553,0.1815540114179225,0.635755774066833,-4.683172359917831,miscanthus_sinensis_ssp_transmorrisonensis_6wks vs miscanthus_floridulus_6wks,FALSE
1573,-2.8628184772840033,17.330713200462256,-1.6168216151865926,0.1818317772744853,0.635755774066833,-4.684538580785866,miscanthus_sinensis_ssp_transmorrisonensis_6wks vs miscanthus_floridulus_6wks,FALSE
4621,3.08767360028493,19.57048922819728,1.6160754840613305,0.18199095580867178,0.635755774066833,-4.685320492669586,miscanthus_sinensis_ssp_transmorrisonensis_6wks vs miscanthus_floridulus_6wks,FALSE
5438,2.789407514477105,17.458995878460616,1.6156461107176106,0.18208262340763517,0.635755774066833,-4.685770441292592,miscanthus_sinensis_ssp_transmorrisonensis_6wks vs miscanthus_floridulus_6wks,FALSE
3069,-1.4171188910204364,17.209745422005035,-1.6139542594781784,0.1824442871404475,0.635755774066833,-4.687543254940771,miscanthus_sinensis_ssp_transmorrisonensis_6wks vs miscanthus_floridulus_6wks,FALSE
3584,4.21229129420194,20.76115313204712,1.6131481733966813,0.18261686528675833,0.635755774066833,-4.688387853545123,miscanthus_sinensis_ssp_transmorrisonensis_6wks vs miscanthus_floridulus_6wks,FALSE
158,-1.589928795640386,22.830523457301922,-1.612598118205892,0.1827347261999504,0.635755774066833,-4.688964165594415,miscanthus_sinensis_ssp_transmorrisonensis_6wks vs miscanthus_floridulus_6wks,FALSE
530,-3.9298075565410215,18.049012831646433,-1.6105178521806438,0.18318118258788557,0.635755774066833,-4.691143561041493,miscanthus_sinensis_ssp_transmorrisonensis_6wks vs miscanthus_floridulus_6wks,FALSE
1688,1.9256232755217368,17.10446167633618,1.6101805342455964,0.18325368285242613,0.635755774066833,-4.691496927110434,miscanthus_sinensis_ssp_transmorrisonensis_6wks vs miscanthus_floridulus_6wks,FALSE
2470,1.4669486720897726,15.663877026248116,1.6087614304033862,0.1835590197986854,0.635755774066833,-4.692983466026016,miscanthus_sinensis_ssp_transmorrisonensis_6wks vs miscanthus_floridulus_6wks,FALSE
239,3.4734237716103245,18.21096927813918,1.6079588160447738,0.1837319457421412,0.635755774066833,-4.693824162743814,miscanthus_sinensis_ssp_transmorrisonensis_6wks vs miscanthus_floridulus_6wks,FALSE
427,3.3790732979729654,17.557306405072605,1.6070880189310817,0.1839197533155503,0.635755774066833,-4.694736230010574,miscanthus_sinensis_ssp_transmorrisonensis_6wks vs miscanthus_floridulus_6wks,FALSE
5848,1.9676893713405956,16.638253765138785,1.6061995668774527,0.18411157410376,0.635755774066833,-4.6956667378367705,miscanthus_sinensis_ssp_transmorrisonensis_6wks vs miscanthus_floridulus_6wks,FALSE
1432,3.048812396117256,18.1753255344993,1.6046314301100835,0.18445064901457112,0.635755774066833,-4.6973089768793646,miscanthus_sinensis_ssp_transmorrisonensis_6wks vs miscanthus_floridulus_6wks,FALSE
482,-4.1640489769119675,21.363836326205337,-1.604602948850665,0.18445681344919365,0.635755774066833,-4.6973388025107505,miscanthus_sinensis_ssp_transmorrisonensis_6wks vs miscanthus_floridulus_6wks,FALSE
2072,-3.837940353794931,20.58679446172324,-1.6042404226087073,0.18453529669430477,0.635755774066833,-4.69771843598193,miscanthus_sinensis_ssp_transmorrisonensis_6wks vs miscanthus_floridulus_6wks,FALSE
598,1.6754925819329785,16.373829861674743,1.603574101706497,0.1846796388240023,0.635755774066833,-4.698416176929788,miscanthus_sinensis_ssp_transmorrisonensis_6wks vs miscanthus_floridulus_6wks,FALSE
3021,1.7468274807546642,16.242903128155586,1.6021669474969529,0.18498484958614242,0.635755774066833,-4.699889586623856,miscanthus_sinensis_ssp_transmorrisonensis_6wks vs miscanthus_floridulus_6wks,FALSE
4315,2.5264971283707283,17.27793659428854,1.5991469728894117,0.18564164837964942,0.635755774066833,-4.7030513001258525,miscanthus_sinensis_ssp_transmorrisonensis_6wks vs miscanthus_floridulus_6wks,FALSE
5244,1.88803163708765,21.861264805504234,1.5980450589660646,0.18588189995276647,0.635755774066833,-4.704204774065444,miscanthus_sinensis_ssp_transmorrisonensis_6wks vs miscanthus_floridulus_6wks,FALSE
40,4.703176134516649,23.152912338677705,1.5958192181147748,0.18636818655421888,0.635755774066833,-4.7065345049084275,miscanthus_sinensis_ssp_transmorrisonensis_6wks vs miscanthus_floridulus_6wks,FALSE
3106,-2.931996914690938,18.100541377877637,-1.594296204203091,0.18670168406639356,0.635755774066833,-4.708128401881147,miscanthus_sinensis_ssp_transmorrisonensis_6wks vs miscanthus_floridulus_6wks,FALSE
3849,-2.2534573016413297,17.77982553367444,-1.593112165696772,0.18696138271240445,0.635755774066833,-4.709367431857061,miscanthus_sinensis_ssp_transmorrisonensis_6wks vs miscanthus_floridulus_6wks,FALSE
2163,-2.0855379386501127,17.100663471817967,-1.592337367168052,0.18713152412430298,0.635755774066833,-4.71017816010011,miscanthus_sinensis_ssp_transmorrisonensis_6wks vs miscanthus_floridulus_6wks,FALSE
4438,2.3609182119887144,17.029432302139963,1.5922327973090362,0.18715449936163378,0.635755774066833,-4.710287575824897,miscanthus_sinensis_ssp_transmorrisonensis_6wks vs miscanthus_floridulus_6wks,FALSE
663,1.5821406249796048,16.393773714418543,1.5858270762516558,0.1885674971777311,0.635755774066833,-4.716988598505244,miscanthus_sinensis_ssp_transmorrisonensis_6wks vs miscanthus_floridulus_6wks,FALSE
1098,5.607662768308865,18.457434279724556,1.584875881867505,0.18877825486019167,0.635755774066833,-4.7179833787624785,miscanthus_sinensis_ssp_transmorrisonensis_6wks vs miscanthus_floridulus_6wks,FALSE
3820,1.7714451049946227,23.407535293859937,1.5838304453582999,0.1890101750597675,0.635755774066833,-4.719076639296065,miscanthus_sinensis_ssp_transmorrisonensis_6wks vs miscanthus_floridulus_6wks,FALSE
6124,1.9658506142227896,16.89586122877065,1.5836989121211136,0.18903937533079276,0.635755774066833,-4.719214183608528,miscanthus_sinensis_ssp_transmorrisonensis_6wks vs miscanthus_floridulus_6wks,FALSE
5746,2.1682739885974733,17.264118210350077,1.5816114838904491,0.1895034077485086,0.635755774066833,-4.721396827182752,miscanthus_sinensis_ssp_transmorrisonensis_6wks vs miscanthus_floridulus_6wks,FALSE
4842,-1.9840088788172459,16.14148345292102,-1.5786412250049833,0.19016572320766298,0.635755774066833,-4.724501979240914,miscanthus_sinensis_ssp_transmorrisonensis_6wks vs miscanthus_floridulus_6wks,FALSE
225,-2.564953339419965,21.137445846470012,-1.5744110495153432,0.19111310951790897,0.635755774066833,-4.7289230427080575,miscanthus_sinensis_ssp_transmorrisonensis_6wks vs miscanthus_floridulus_6wks,FALSE
1901,-3.0329015275650626,17.755192355512907,-1.5722445441984345,0.19160020421228827,0.635755774066833,-4.731186743988927,miscanthus_sinensis_ssp_transmorrisonensis_6wks vs miscanthus_floridulus_6wks,FALSE
2893,3.0516276714797606,17.26972656164806,1.5719578849585802,0.19166474965180272,0.635755774066833,-4.731486234376471,miscanthus_sinensis_ssp_transmorrisonensis_6wks vs miscanthus_floridulus_6wks,FALSE
2435,1.5464577353284419,17.61941624437972,1.5716327436285775,0.19173798704987102,0.635755774066833,-4.731825921027039,miscanthus_sinensis_ssp_transmorrisonensis_6wks vs miscanthus_floridulus_6wks,FALSE
1923,1.3222977096942543,23.341215917072525,1.5712847460476236,0.19181640476950462,0.635755774066833,-4.732189476590388,miscanthus_sinensis_ssp_transmorrisonensis_6wks vs miscanthus_floridulus_6wks,FALSE
287,-3.851319825195251,17.992188198533867,-1.5711945372678005,0.191836737803005,0.635755774066833,-4.732283716688253,miscanthus_sinensis_ssp_transmorrisonensis_6wks vs miscanthus_floridulus_6wks,FALSE
637,-2.910869321803405,16.622878816425764,-1.570874990717115,0.19190878140116582,0.635755774066833,-4.7326175378691,miscanthus_sinensis_ssp_transmorrisonensis_6wks vs miscanthus_floridulus_6wks,FALSE
26,-1.9261754893613592,21.468390914258467,-1.56654163796919,0.19288852097346035,0.635755774066833,-4.737143611516104,miscanthus_sinensis_ssp_transmorrisonensis_6wks vs miscanthus_floridulus_6wks,FALSE
1227,3.341757775462222,17.069454507254,1.5658067769871677,0.19305517857617321,0.635755774066833,-4.737910994590718,miscanthus_sinensis_ssp_transmorrisonensis_6wks vs miscanthus_floridulus_6wks,FALSE
1867,-1.336275976447645,21.937416944198414,-1.5651665077356685,0.19320050493032945,0.635755774066833,-4.738579561398511,miscanthus_sinensis_ssp_transmorrisonensis_6wks vs miscanthus_floridulus_6wks,FALSE
5422,1.644555712929586,16.81496450914805,1.5646834598994286,0.1933102202782285,0.635755774066833,-4.739083934502414,miscanthus_sinensis_ssp_transmorrisonensis_6wks vs miscanthus_floridulus_6wks,FALSE
5292,-1.8929444656997347,16.272235103468674,-1.5608075711712879,0.1941928841876146,0.635755774066833,-4.7431301885503085,miscanthus_sinensis_ssp_transmorrisonensis_6wks vs miscanthus_floridulus_6wks,FALSE
2895,1.407243705367872,24.917101924798775,1.5605744015958798,0.19424611658369134,0.635755774066833,-4.743373564501256,miscanthus_sinensis_ssp_transmorrisonensis_6wks vs miscanthus_floridulus_6wks,FALSE
3481,-2.2303192270006775,17.521011400962234,-1.5593984011493967,0.19451482550844376,0.635755774066833,-4.7446009667043,miscanthus_sinensis_ssp_transmorrisonensis_6wks vs miscanthus_floridulus_6wks,FALSE
78,-5.288386877807806,22.140307708809544,-1.5582127600685098,0.19478612474944923,0.635755774066833,-4.745838304353182,miscanthus_sinensis_ssp_transmorrisonensis_6wks vs miscanthus_floridulus_6wks,FALSE
2967,1.898737917682844,22.377111618636356,1.556554179301945,0.19516629613269537,0.635755774066833,-4.747568987955416,miscanthus_sinensis_ssp_transmorrisonensis_6wks vs miscanthus_floridulus_6wks,FALSE
1596,-3.474587291648888,17.464329742573305,-1.5555702867709373,0.1953921797235783,0.635755774066833,-4.748595533501035,miscanthus_sinensis_ssp_transmorrisonensis_6wks vs miscanthus_floridulus_6wks,FALSE
1496,-1.3538759100223174,22.13340648526322,-1.5553983389114057,0.19543168338980912,0.635755774066833,-4.748774926347939,miscanthus_sinensis_ssp_transmorrisonensis_6wks vs miscanthus_floridulus_6wks,FALSE
2255,-2.7877198569766897,16.933296220238354,-1.5535672930665272,0.19585286173349187,0.635755774066833,-4.75068508239681,miscanthus_sinensis_ssp_transmorrisonensis_6wks vs miscanthus_floridulus_6wks,FALSE
3548,-2.359041755490061,20.06180148414694,-1.5534191257546395,0.1958869840824926,0.635755774066833,-4.750839637592566,miscanthus_sinensis_ssp_transmorrisonensis_6wks vs miscanthus_floridulus_6wks,FALSE
479,-2.6142709454548925,16.984589066859744,-1.5530741172050115,0.1959664618910589,0.635755774066833,-4.7511995124015955,miscanthus_sinensis_ssp_transmorrisonensis_6wks vs miscanthus_floridulus_6wks,FALSE
644,-1.3983484167253515,17.20181424232907,-1.5487457484859024,0.1969663874270386,0.635755774066833,-4.755713432207441,miscanthus_sinensis_ssp_transmorrisonensis_6wks vs miscanthus_floridulus_6wks,FALSE
1602,2.6489673102897324,17.309330756634406,1.5483433836971252,0.19705960644076964,0.635755774066833,-4.75613295494016,miscanthus_sinensis_ssp_transmorrisonensis_6wks vs miscanthus_floridulus_6wks,FALSE
5160,3.746851474066913,17.747825383588054,1.547537147151582,0.1972465300431867,0.635755774066833,-4.75697352462627,miscanthus_sinensis_ssp_transmorrisonensis_6wks vs miscanthus_floridulus_6wks,FALSE
216,-4.221080583505355,18.2884564215539,-1.5465640625747135,0.19747237950729268,0.635755774066833,-4.757987963601991,miscanthus_sinensis_ssp_transmorrisonensis_6wks vs miscanthus_floridulus_6wks,FALSE
2507,1.5243310913559895,16.14637757561315,1.543647876947559,0.19815080777529911,0.635755774066833,-4.761027527751997,miscanthus_sinensis_ssp_transmorrisonensis_6wks vs miscanthus_floridulus_6wks,FALSE
5423,1.4193272949472338,17.021934628096368,1.543571839625767,0.198168529255941,0.635755774066833,-4.7611067708732415,miscanthus_sinensis_ssp_transmorrisonensis_6wks vs miscanthus_floridulus_6wks,FALSE
4887,-1.7245920735263276,17.730266103106167,-1.541454770877952,0.1986625932555247,0.635755774066833,-4.763312866311653,miscanthus_sinensis_ssp_transmorrisonensis_6wks vs miscanthus_floridulus_6wks,FALSE
4717,1.8818198609074983,19.913358743989804,1.5412332268499773,0.19871436838365997,0.635755774066833,-4.763543700813549,miscanthus_sinensis_ssp_transmorrisonensis_6wks vs miscanthus_floridulus_6wks,FALSE
4410,-1.4432693177312714,16.610803747423464,-1.5407293814842542,0.1988321692597284,0.635755774066833,-4.764068656649979,miscanthus_sinensis_ssp_transmorrisonensis_6wks vs miscanthus_floridulus_6wks,FALSE
718,-1.404712051308282,16.53795798015768,-1.5397050866493887,0.1990718740515279,0.635755774066833,-4.765135789311959,miscanthus_sinensis_ssp_transmorrisonensis_6wks vs miscanthus_floridulus_6wks,FALSE
2337,1.7773168373297636,23.891128559717348,1.53865455602897,0.1993180264641963,0.635755774066833,-4.766230144731596,miscanthus_sinensis_ssp_transmorrisonensis_6wks vs miscanthus_floridulus_6wks,FALSE
2424,-2.9799767650991775,19.391740680146405,-1.5353007200931286,0.20010596284607302,0.6361208219523711,-4.769723137454555,miscanthus_sinensis_ssp_transmorrisonensis_6wks vs miscanthus_floridulus_6wks,FALSE
1820,1.2878171897024462,16.560932651525512,1.5352403630461284,0.20012017209528649,0.6361208219523711,-4.76978598821388,miscanthus_sinensis_ssp_transmorrisonensis_6wks vs miscanthus_floridulus_6wks,FALSE
2773,1.848103545804074,16.26794702694712,1.5315663517068376,0.2009870572439501,0.6365303944241733,-4.773611079493605,miscanthus_sinensis_ssp_transmorrisonensis_6wks vs miscanthus_floridulus_6wks,FALSE
3729,-4.683680415615541,21.938535246339388,-1.5310996073127732,0.20109746091866168,0.6365303944241733,-4.7740969154520965,miscanthus_sinensis_ssp_transmorrisonensis_6wks vs miscanthus_floridulus_6wks,FALSE
56,-5.155433228559927,18.33701426752808,-1.5303232717804445,0.20128123283142776,0.6365303944241733,-4.774904954818751,miscanthus_sinensis_ssp_transmorrisonensis_6wks vs miscanthus_floridulus_6wks,FALSE
2937,-2.7935418718765845,19.766598456866223,-1.523840535733067,0.20282253417740567,0.6403100481709906,-4.781649903509832,miscanthus_sinensis_ssp_transmorrisonensis_6wks vs miscanthus_floridulus_6wks,FALSE
2055,1.563377344308762,16.146828976826523,1.5223880013169793,0.2031695337055619,0.6403128404689771,-4.783160561209373,miscanthus_sinensis_ssp_transmorrisonensis_6wks vs miscanthus_floridulus_6wks,FALSE
357,-3.212545674596978,19.419877457360847,-1.5199122654737278,0.20376236770485934,0.6410276638311508,-4.785734823946913,miscanthus_sinensis_ssp_transmorrisonensis_6wks vs miscanthus_floridulus_6wks,FALSE
1535,-2.9011617839561374,20.729783161731074,-1.518549909311773,0.20408934810624207,0.6410276638311508,-4.787151104945738,miscanthus_sinensis_ssp_transmorrisonensis_6wks vs miscanthus_floridulus_6wks,FALSE
5194,-2.5410534237882825,16.60188277822415,-1.5145434524518362,0.20505405062514334,0.6429660909432461,-4.791314924831628,miscanthus_sinensis_ssp_transmorrisonensis_6wks vs miscanthus_floridulus_6wks,FALSE
150,-1.8486589737060513,22.434291984704025,-1.5090939317435432,0.20637369978906997,0.6437566328125417,-4.7969755110448835,miscanthus_sinensis_ssp_transmorrisonensis_6wks vs miscanthus_floridulus_6wks,FALSE
4099,-1.5339127897146945,16.133912462529146,-1.508968157518056,0.2064042591818469,0.6437566328125417,-4.797106115481336,miscanthus_sinensis_ssp_transmorrisonensis_6wks vs miscanthus_floridulus_6wks,FALSE
2471,-1.700975179298288,16.558431939913294,-1.5085578656526675,0.20650397996939357,0.6437566328125417,-4.79753215108903,miscanthus_sinensis_ssp_transmorrisonensis_6wks vs miscanthus_floridulus_6wks,FALSE
5689,-1.2413428160316933,15.756129281586503,-1.5069830563394881,0.20688719113938506,0.6437566328125417,-4.799167203192004,miscanthus_sinensis_ssp_transmorrisonensis_6wks vs miscanthus_floridulus_6wks,FALSE
1800,2.0830481736170086,17.06004639235913,1.5051260504628403,0.20734000283740878,0.6437566328125417,-4.801094865737488,miscanthus_sinensis_ssp_transmorrisonensis_6wks vs miscanthus_floridulus_6wks,FALSE
966,2.702462623418363,17.106972336007896,1.503790669235018,0.20766624576950338,0.6437566328125417,-4.802480799496918,miscanthus_sinensis_ssp_transmorrisonensis_6wks vs miscanthus_floridulus_6wks,FALSE
2910,3.506945429463112,20.928259809057757,1.5021967960177212,0.20805632462169416,0.6437566328125417,-4.804134727180841,miscanthus_sinensis_ssp_transmorrisonensis_6wks vs miscanthus_floridulus_6wks,FALSE
1305,-1.496615594541364,22.658915550182815,-1.4995500899201484,0.20870571870219826,0.6437566328125417,-4.806880468940063,miscanthus_sinensis_ssp_transmorrisonensis_6wks vs miscanthus_floridulus_6wks,FALSE
2445,2.7906015347256634,17.00759299124313,1.499265209231397,0.20877573970786545,0.6437566328125417,-4.807175957882673,miscanthus_sinensis_ssp_transmorrisonensis_6wks vs miscanthus_floridulus_6wks,FALSE
261,1.302118845807037,23.634697738703217,1.4979170444398016,0.20910743035503465,0.6437566328125417,-4.808574188219945,miscanthus_sinensis_ssp_transmorrisonensis_6wks vs miscanthus_floridulus_6wks,FALSE
2409,2.400549231723133,16.9614392032041,1.4966186847241343,0.20942737414875212,0.6437566328125417,-4.809920549458276,miscanthus_sinensis_ssp_transmorrisonensis_6wks vs miscanthus_floridulus_6wks,FALSE
2791,-3.1023772097092674,16.31707550515671,-1.4955540969509102,0.20969008295381547,0.6437566328125417,-4.811024338089711,miscanthus_sinensis_ssp_transmorrisonensis_6wks vs miscanthus_floridulus_6wks,FALSE
2970,-2.1495033358150994,16.022030933459977,-1.494855616036251,0.20986262943272577,0.6437566328125417,-4.811748461200293,miscanthus_sinensis_ssp_transmorrisonensis_6wks vs miscanthus_floridulus_6wks,FALSE
5708,-1.6889662857788608,17.072858315154395,-1.4922758108683545,0.21050117337453994,0.6437566328125417,-4.81442243761237,miscanthus_sinensis_ssp_transmorrisonensis_6wks vs miscanthus_floridulus_6wks,FALSE
5510,1.6592442504397287,16.687082924466285,1.4911501240351037,0.21078041764683514,0.6437566328125417,-4.815588949044984,miscanthus_sinensis_ssp_transmorrisonensis_6wks vs miscanthus_floridulus_6wks,FALSE
6118,-1.9357881937143038,16.65492996482662,-1.4907740428951903,0.210873794315892,0.6437566328125417,-4.815978632966358,miscanthus_sinensis_ssp_transmorrisonensis_6wks vs miscanthus_floridulus_6wks,FALSE
4399,2.0510275611834725,16.270521085903248,1.4888770499680128,0.21134543694401609,0.6441335392857163,-4.817943961000998,miscanthus_sinensis_ssp_transmorrisonensis_6wks vs miscanthus_floridulus_6wks,FALSE
446,-1.4190710804009683,23.054835791310882,-1.485028397120956,0.21230560711413635,0.6452154982224764,-4.821929810567045,miscanthus_sinensis_ssp_transmorrisonensis_6wks vs miscanthus_floridulus_6wks,FALSE
339,1.6892814904042766,23.16254921240914,1.4839434558533748,0.21257707957775365,0.6452154982224764,-4.823053074992,miscanthus_sinensis_ssp_transmorrisonensis_6wks vs miscanthus_floridulus_6wks,FALSE
2094,-1.3881765880038728,21.301278631411325,-1.483266152952771,0.21274673184633006,0.6452154982224764,-4.82375422279406,miscanthus_sinensis_ssp_transmorrisonensis_6wks vs miscanthus_floridulus_6wks,FALSE
2529,-2.2363160263736894,19.154331609409425,-1.4809711703208988,0.21332260548074844,0.6453341135850651,-4.826129545728495,miscanthus_sinensis_ssp_transmorrisonensis_6wks vs miscanthus_floridulus_6wks,FALSE
2053,-2.29604769802045,16.308147534642927,-1.480026230521717,0.21356017567784466,0.6453341135850651,-4.827107359087564,miscanthus_sinensis_ssp_transmorrisonensis_6wks vs miscanthus_floridulus_6wks,FALSE
408,-4.116629711860028,21.16063460543201,-1.477439451304285,0.2142118982848631,0.6453341135850651,-4.829783510281276,miscanthus_sinensis_ssp_transmorrisonensis_6wks vs miscanthus_floridulus_6wks,FALSE
2052,-3.687479462285566,18.07853262091223,-1.4766709495316648,0.21440590538208862,0.6453341135850651,-4.830578387438536,miscanthus_sinensis_ssp_transmorrisonensis_6wks vs miscanthus_floridulus_6wks,FALSE
4277,-3.373640343347976,18.16055015756738,-1.4730769608388505,0.21531556672009572,0.6453341135850651,-4.834294642868365,miscanthus_sinensis_ssp_transmorrisonensis_6wks vs miscanthus_floridulus_6wks,FALSE
5252,-3.547216874887436,19.475740366866255,-1.468421180447597,0.21649978379329066,0.6453341135850651,-4.839106129700853,miscanthus_sinensis_ssp_transmorrisonensis_6wks vs miscanthus_floridulus_6wks,FALSE
710,-1.381048587845271,23.8230674693146,-1.4671401562796187,0.21682677155296243,0.6453341135850651,-4.840429457717208,miscanthus_sinensis_ssp_transmorrisonensis_6wks vs miscanthus_floridulus_6wks,FALSE
1576,2.483001447733738,19.073098217201995,1.4649606566317541,0.21738424708179716,0.6453341135850651,-4.8426803920013715,miscanthus_sinensis_ssp_transmorrisonensis_6wks vs miscanthus_floridulus_6wks,FALSE
322,-3.8863415035538864,17.677261882511655,-1.4630876651443088,0.21786448031498026,0.6453341135850651,-4.844614224624076,miscanthus_sinensis_ssp_transmorrisonensis_6wks vs miscanthus_floridulus_6wks,FALSE
975,-2.555713385897805,17.177827065186257,-1.4616668417718364,0.21822949260470825,0.6453341135850651,-4.846080861041199,miscanthus_sinensis_ssp_transmorrisonensis_6wks vs miscanthus_floridulus_6wks,FALSE
1469,-1.6035722859411123,16.944721447855173,-1.4599505717136243,0.2186712291193689,0.6453341135850651,-4.847852076505064,miscanthus_sinensis_ssp_transmorrisonensis_6wks vs miscanthus_floridulus_6wks,FALSE
2438,-2.784511562692117,18.33286180206892,-1.4583333148351865,0.2190883072167228,0.6453341135850651,-4.849520711811712,miscanthus_sinensis_ssp_transmorrisonensis_6wks vs miscanthus_floridulus_6wks,FALSE
1717,3.569160999203625,17.309441629902746,1.4549262757373425,0.2199695841152646,0.6453341135850651,-4.8530347160884695,miscanthus_sinensis_ssp_transmorrisonensis_6wks vs miscanthus_floridulus_6wks,FALSE
2228,-3.4902045856204396,22.0517552161821,-1.4511083805287606,0.22096138114318403,0.6453341135850651,-4.856970400027992,miscanthus_sinensis_ssp_transmorrisonensis_6wks vs miscanthus_floridulus_6wks,FALSE
5504,-3.738485146755437,17.936393864676134,-1.4502449481733077,0.2211863039477827,0.6453341135850651,-4.8578601633362934,miscanthus_sinensis_ssp_transmorrisonensis_6wks vs miscanthus_floridulus_6wks,FALSE
507,-1.2326640292272728,21.292755099569572,-1.4489989886040568,0.22151128097517234,0.6453341135850651,-4.859143917790274,miscanthus_sinensis_ssp_transmorrisonensis_6wks vs miscanthus_floridulus_6wks,FALSE
2004,-4.059915645549225,18.114189283629354,-1.4483462427708065,0.22168172505816403,0.6453341135850651,-4.85981636862135,miscanthus_sinensis_ssp_transmorrisonensis_6wks vs miscanthus_floridulus_6wks,FALSE
4637,-2.5776371180444606,18.675785419734268,-1.446367638075535,0.22219918250103646,0.6453341135850651,-4.861854300469442,miscanthus_sinensis_ssp_transmorrisonensis_6wks vs miscanthus_floridulus_6wks,FALSE
1598,3.045077708379445,20.12862623745506,1.44615190143612,0.222255676776386,0.6453341135850651,-4.862076469076868,miscanthus_sinensis_ssp_transmorrisonensis_6wks vs miscanthus_floridulus_6wks,FALSE
4018,-1.8774890550468868,18.67034442219857,-1.4440994750270089,0.22279386240151328,0.6453341135850651,-4.864189723052744,miscanthus_sinensis_ssp_transmorrisonensis_6wks vs miscanthus_floridulus_6wks,FALSE
255,-3.8426162076116626,21.749771851439114,-1.4439876752008765,0.22282321607989625,0.6453341135850651,-4.864304817330818,miscanthus_sinensis_ssp_transmorrisonensis_6wks vs miscanthus_floridulus_6wks,FALSE
5013,2.625603143521314,17.81477367679322,1.442970233984129,0.22309052984614766,0.6453341135850651,-4.8653521495575225,miscanthus_sinensis_ssp_transmorrisonensis_6wks vs miscanthus_floridulus_6wks,FALSE
2614,3.5173582445235425,21.269688666378677,1.4416599821068028,0.22343524918373142,0.6453341135850651,-4.866700654207032,miscanthus_sinensis_ssp_transmorrisonensis_6wks vs miscanthus_floridulus_6wks,FALSE
481,-1.2012050773013279,24.002233432351574,-1.4392782857734459,0.22406323067170852,0.6453341135850651,-4.869151186145408,miscanthus_sinensis_ssp_transmorrisonensis_6wks vs miscanthus_floridulus_6wks,FALSE
970,-3.1060180635550516,20.327921430019803,-1.4386660906351831,0.2242249343600899,0.6453341135850651,-4.869780928603388,miscanthus_sinensis_ssp_transmorrisonensis_6wks vs miscanthus_floridulus_6wks,FALSE
3316,-1.824398173847463,19.009690447000377,-1.4354505892879659,0.2250761952010615,0.6453341135850651,-4.873087605399734,miscanthus_sinensis_ssp_transmorrisonensis_6wks vs miscanthus_floridulus_6wks,FALSE
859,-2.1027424793241636,16.879093269190445,-1.4353781252201698,0.2250954164287062,0.6453341135850651,-4.873162104917401,miscanthus_sinensis_ssp_transmorrisonensis_6wks vs miscanthus_floridulus_6wks,FALSE
147,-3.449489554999012,20.144930654392518,-1.4304952449804504,0.22639441120975823,0.6453341135850651,-4.8781801637055935,miscanthus_sinensis_ssp_transmorrisonensis_6wks vs miscanthus_floridulus_6wks,FALSE
2974,-1.2106510600154259,17.670345648586178,-1.4285562043161473,0.22691233805642994,0.6453341135850651,-4.880171794763745,miscanthus_sinensis_ssp_transmorrisonensis_6wks vs miscanthus_floridulus_6wks,FALSE
411,3.2701175722451232,18.234820125112435,1.4284661245914967,0.2269364276192557,0.6453341135850651,-4.880264302420197,miscanthus_sinensis_ssp_transmorrisonensis_6wks vs miscanthus_floridulus_6wks,FALSE
5362,2.1936515203189018,17.47230355621261,1.4274811002471106,0.22720001496225542,0.6453341135850651,-4.881275787880037,miscanthus_sinensis_ssp_transmorrisonensis_6wks vs miscanthus_floridulus_6wks,FALSE
3113,-1.8794934793261042,16.248468722717725,-1.4266783675795445,0.22741504884572028,0.6453341135850651,-4.882099964627885,miscanthus_sinensis_ssp_transmorrisonensis_6wks vs miscanthus_floridulus_6wks,FALSE
6011,-1.3561363634029249,16.470954779493738,-1.4260766578989323,0.22757636690446004,0.6453341135850651,-4.8827176773820495,miscanthus_sinensis_ssp_transmorrisonensis_6wks vs miscanthus_floridulus_6wks,FALSE
5435,-4.488239113757562,18.425968075684356,-1.4258943312502588,0.22762527121003298,0.6453341135850651,-4.88290484117255,miscanthus_sinensis_ssp_transmorrisonensis_6wks vs miscanthus_floridulus_6wks,FALSE
953,-1.4783649884338423,20.81712022141414,-1.4257233030636305,0.22767115456910783,0.6453341135850651,-4.88308040166482,miscanthus_sinensis_ssp_transmorrisonensis_6wks vs miscanthus_floridulus_6wks,FALSE
2570,4.4285924394601075,22.330587996125185,1.4227487609323777,0.22847064612932058,0.6453341135850651,-4.886132979325524,miscanthus_sinensis_ssp_transmorrisonensis_6wks vs miscanthus_floridulus_6wks,FALSE
1240,-1.2759731066303033,26.648595771952706,-1.4214512612524108,0.22882026522129242,0.6453341135850651,-4.8874640471221245,miscanthus_sinensis_ssp_transmorrisonensis_6wks vs miscanthus_floridulus_6wks,FALSE
5716,-1.2232208385202448,16.787827230068732,-1.4213954386949752,0.22883531895099374,0.6453341135850651,-4.887521307431577,miscanthus_sinensis_ssp_transmorrisonensis_6wks vs miscanthus_floridulus_6wks,FALSE
97,-3.3640889825307827,17.358143806636974,-1.4201562104898549,0.22916975822434754,0.6453341135850651,-4.888792315328161,miscanthus_sinensis_ssp_transmorrisonensis_6wks vs miscanthus_floridulus_6wks,FALSE
84,-4.573498669210203,17.850792305947085,-1.4150025453469721,0.23056586522839098,0.6453341135850651,-4.8940752983941485,miscanthus_sinensis_ssp_transmorrisonensis_6wks vs miscanthus_floridulus_6wks,FALSE
447,-1.2448111398194293,22.4912574048654,-1.4142608536913854,0.23076748494636845,0.6453341135850651,-4.8948352198188605,miscanthus_sinensis_ssp_transmorrisonensis_6wks vs miscanthus_floridulus_6wks,FALSE
63,3.8479965799338487,19.094002240279426,1.4102764239267802,0.23185362033236728,0.6453341135850651,-4.898915920606565,miscanthus_sinensis_ssp_transmorrisonensis_6wks vs miscanthus_floridulus_6wks,FALSE
5762,-1.9407129669249201,17.39382515634774,-1.408637678150372,0.23230181364266447,0.6453341135850651,-4.9005934424817985,miscanthus_sinensis_ssp_transmorrisonensis_6wks vs miscanthus_floridulus_6wks,FALSE
2968,2.18687026846181,19.37850699971176,1.407940048248133,0.23249287607462055,0.6453341135850651,-4.901307433790978,miscanthus_sinensis_ssp_transmorrisonensis_6wks vs miscanthus_floridulus_6wks,FALSE
156,-1.7286127564420788,21.930890711258037,-1.4065436397313829,0.2328757865055359,0.6453341135850651,-4.902736329054694,miscanthus_sinensis_ssp_transmorrisonensis_6wks vs miscanthus_floridulus_6wks,FALSE
536,-1.3052627613538164,21.377345025858176,-1.405974613097562,0.23303200008748945,0.6453341135850651,-4.903318492899353,miscanthus_sinensis_ssp_transmorrisonensis_6wks vs miscanthus_floridulus_6wks,FALSE
419,-4.1742135620239225,17.73212968509797,-1.404991822471856,0.23330204942069813,0.6453341135850651,-4.904323835284426,miscanthus_sinensis_ssp_transmorrisonensis_6wks vs miscanthus_floridulus_6wks,FALSE
1971,-2.5521192542712594,16.769191525540307,-1.4046941692996393,0.2333838995197973,0.6453341135850651,-4.904628284017965,miscanthus_sinensis_ssp_transmorrisonensis_6wks vs miscanthus_floridulus_6wks,FALSE
2384,1.426915004807345,16.645404764921437,1.397544657145375,0.23535852482536054,0.6453341135850651,-4.911936143394205,miscanthus_sinensis_ssp_transmorrisonensis_6wks vs miscanthus_floridulus_6wks,FALSE
2947,3.5219465301045716,23.096900309803416,1.3947110546953942,0.2361457315240321,0.6453341135850651,-4.914829880676495,miscanthus_sinensis_ssp_transmorrisonensis_6wks vs miscanthus_floridulus_6wks,FALSE
318,3.384601629937805,22.077531593795193,1.3933775021421697,0.23651711298467445,0.6453341135850651,-4.916191211735173,miscanthus_sinensis_ssp_transmorrisonensis_6wks vs miscanthus_floridulus_6wks,FALSE
4537,-1.3966962241015182,16.710154474204437,-1.3894674612817017,0.23760937070575353,0.6453341135850651,-4.920180755955681,miscanthus_sinensis_ssp_transmorrisonensis_6wks vs miscanthus_floridulus_6wks,FALSE
1908,-1.2608827500357407,16.85424558285746,-1.3891325031818884,0.23770317288149911,0.6453341135850651,-4.920522389081534,miscanthus_sinensis_ssp_transmorrisonensis_6wks vs miscanthus_floridulus_6wks,FALSE
245,-2.6941560797239195,16.899480697570212,-1.388841114366247,0.237784803755804,0.6453341135850651,-4.920819567166444,miscanthus_sinensis_ssp_transmorrisonensis_6wks vs miscanthus_floridulus_6wks,FALSE
6108,-1.990315731755567,16.785642077668655,-1.3876877193976644,0.23810819383344797,0.6453341135850651,-4.921995717411033,miscanthus_sinensis_ssp_transmorrisonensis_6wks vs miscanthus_floridulus_6wks,FALSE
2872,3.496985514281917,21.18236181872544,1.3874173409617943,0.23818406596872324,0.6453341135850651,-4.922271393050276,miscanthus_sinensis_ssp_transmorrisonensis_6wks vs miscanthus_floridulus_6wks,FALSE
2631,-2.4942496238762057,16.42290214632351,-1.3867310593832842,0.2383767543650605,0.6453341135850651,-4.922971056737523,miscanthus_sinensis_ssp_transmorrisonensis_6wks vs miscanthus_floridulus_6wks,FALSE
3400,1.7970634145500188,16.817482409230742,1.3864583029082793,0.23845337959923638,0.6453341135850651,-4.923249106520225,miscanthus_sinensis_ssp_transmorrisonensis_6wks vs miscanthus_floridulus_6wks,FALSE
1359,3.041689851099701,20.184255634802557,1.3864381606138685,0.23845903912517796,0.6453341135850651,-4.923269639139392,miscanthus_sinensis_ssp_transmorrisonensis_6wks vs miscanthus_floridulus_6wks,FALSE
473,-1.6559819181080258,18.376965606215705,-1.3862907927302894,0.23850045019919008,0.6453341135850651,-4.923419860381187,miscanthus_sinensis_ssp_transmorrisonensis_6wks vs miscanthus_floridulus_6wks,FALSE
1196,-2.566846145652711,17.252726106535356,-1.3850637434843145,0.23884553402952147,0.6453341135850651,-4.92467050435376,miscanthus_sinensis_ssp_transmorrisonensis_6wks vs miscanthus_floridulus_6wks,FALSE
6107,1.3125601040591004,16.21278479046218,1.3846865203138239,0.23895172025218528,0.6453341135850651,-4.925054922272758,miscanthus_sinensis_ssp_transmorrisonensis_6wks vs miscanthus_floridulus_6wks,FALSE
5486,-1.4391996225018033,17.4985323647364,-1.3830858400564892,0.23940282395777449,0.6453341135850651,-4.92668582338614,miscanthus_sinensis_ssp_transmorrisonensis_6wks vs miscanthus_floridulus_6wks,FALSE
412,3.2857277351443948,17.831436791299197,1.382620476471287,0.23953413109718122,0.6453341135850651,-4.927159879006399,miscanthus_sinensis_ssp_transmorrisonensis_6wks vs miscanthus_floridulus_6wks,FALSE
5943,-1.633004141574716,22.666238493194644,-1.3818674568568914,0.23974675461285463,0.6453341135850651,-4.927926873465733,miscanthus_sinensis_ssp_transmorrisonensis_6wks vs miscanthus_floridulus_6wks,FALSE
3854,-1.2570579999240437,23.083137886324554,-1.380920166497441,0.2400144983692147,0.6453341135850651,-4.92889158561788,miscanthus_sinensis_ssp_transmorrisonensis_6wks vs miscanthus_floridulus_6wks,FALSE
846,1.1575182120360648,16.14880935848887,1.3764688274452648,0.24127660434746545,0.6453341135850651,-4.933422410437629,miscanthus_sinensis_ssp_transmorrisonensis_6wks vs miscanthus_floridulus_6wks,FALSE
91,3.279215494139187,19.783515158959872,1.374070135084158,0.24195943742584342,0.6453341135850651,-4.935862294135425,miscanthus_sinensis_ssp_transmorrisonensis_6wks vs miscanthus_floridulus_6wks,FALSE
491,-3.674760873729049,18.136379409568413,-1.3717773041521137,0.2426139221409908,0.6453341135850651,-4.938193413266381,miscanthus_sinensis_ssp_transmorrisonensis_6wks vs miscanthus_floridulus_6wks,FALSE
802,-1.9600716072475137,17.7546031160651,-1.3676304774128107,0.24380207517373165,0.6453341135850651,-4.942406768016702,miscanthus_sinensis_ssp_transmorrisonensis_6wks vs miscanthus_floridulus_6wks,FALSE
5,-1.1470279695552783,28.83373970749361,-1.3672353453658705,0.24391558838211203,0.6453341135850651,-4.942808055036291,miscanthus_sinensis_ssp_transmorrisonensis_6wks vs miscanthus_floridulus_6wks,FALSE
3989,-1.1492883706038626,16.91510697378584,-1.3667967276224362,0.24404165525993182,0.6453341135850651,-4.943253467397756,miscanthus_sinensis_ssp_transmorrisonensis_6wks vs miscanthus_floridulus_6wks,FALSE
2950,-1.9217987936168939,19.418890542799335,-1.3640010168653725,0.24484670766371772,0.6453341135850651,-4.946091549850719,miscanthus_sinensis_ssp_transmorrisonensis_6wks vs miscanthus_floridulus_6wks,FALSE
5190,-1.298641256344757,16.339577135992805,-1.362009167336851,0.24542187872999968,0.6453341135850651,-4.948112594476334,miscanthus_sinensis_ssp_transmorrisonensis_6wks vs miscanthus_floridulus_6wks,FALSE
285,-2.085132072329724,19.359956278200286,-1.360555252384002,0.24584255586866485,0.6453341135850651,-4.949587294539341,miscanthus_sinensis_ssp_transmorrisonensis_6wks vs miscanthus_floridulus_6wks,FALSE
4876,1.7828724973285315,16.682909293932152,1.3585957882879207,0.24641063407027364,0.6453341135850651,-4.951574065673041,miscanthus_sinensis_ssp_transmorrisonensis_6wks vs miscanthus_floridulus_6wks,FALSE
6251,-1.2006099479427483,16.973087402753244,-1.358291213975296,0.2464990508725122,0.6453341135850651,-4.951882811513377,miscanthus_sinensis_ssp_transmorrisonensis_6wks vs miscanthus_floridulus_6wks,FALSE
998,-2.5884137737840796,20.197046618031564,-1.3581464244008603,0.2465410937168508,0.6453341135850651,-4.952029577256403,miscanthus_sinensis_ssp_transmorrisonensis_6wks vs miscanthus_floridulus_6wks,FALSE
887,-2.17024266783657,17.0577536690613,-1.3580630237801437,0.24656531413277516,0.6453341135850651,-4.952114114153847,miscanthus_sinensis_ssp_transmorrisonensis_6wks vs miscanthus_floridulus_6wks,FALSE
4435,1.6174227755202057,16.05556413738414,1.357946298716325,0.24659921625418121,0.6453341135850651,-4.95223242703533,miscanthus_sinensis_ssp_transmorrisonensis_6wks vs miscanthus_floridulus_6wks,FALSE
1722,-3.8913309292992615,21.23766957145936,-1.356900991232752,0.24690302459481367,0.6453341135850651,-4.953291824668015,miscanthus_sinensis_ssp_transmorrisonensis_6wks vs miscanthus_floridulus_6wks,FALSE
4351,-3.0386026381671716,17.07312633604353,-1.3540619482958944,0.24773002616419268,0.6453341135850651,-4.956167958096415,miscanthus_sinensis_ssp_transmorrisonensis_6wks vs miscanthus_floridulus_6wks,FALSE
4013,1.2052384307350685,24.362621923631636,1.3539986908087562,0.24774848384020787,0.6453341135850651,-4.9562320223108065,miscanthus_sinensis_ssp_transmorrisonensis_6wks vs miscanthus_floridulus_6wks,FALSE
4050,3.447913511332425,16.781386876456285,1.3534951003863966,0.2478954729838804,0.6453341135850651,-4.956742004323852,miscanthus_sinensis_ssp_transmorrisonensis_6wks vs miscanthus_floridulus_6wks,FALSE
5735,2.8578033818949784,17.443680331530096,1.3533877505031129,0.24792681761543103,0.6453341135850651,-4.95685070963022,miscanthus_sinensis_ssp_transmorrisonensis_6wks vs miscanthus_floridulus_6wks,FALSE
221,1.6959954593281985,23.20660448557997,1.3527601947856092,0.24811013298543727,0.6453341135850651,-4.9574861392494896,miscanthus_sinensis_ssp_transmorrisonensis_6wks vs miscanthus_floridulus_6wks,FALSE
377,-4.796812611636874,18.050113221047656,-1.3512270688963641,0.24855853568572017,0.6453341135850651,-4.95903814296018,miscanthus_sinensis_ssp_transmorrisonensis_6wks vs miscanthus_floridulus_6wks,FALSE
4488,2.005993879529843,17.444841967018295,1.351082516617519,0.2486008548819055,0.6453341135850651,-4.959184448865504,miscanthus_sinensis_ssp_transmorrisonensis_6wks vs miscanthus_floridulus_6wks,FALSE
3876,2.8930744936314774,17.374926016155595,1.349754042476501,0.248990111623605,0.6453341135850651,-4.960528826520594,miscanthus_sinensis_ssp_transmorrisonensis_6wks vs miscanthus_floridulus_6wks,FALSE
954,-2.599110774595488,21.29951215803836,-1.3493502918025877,0.2491085334928042,0.6453341135850651,-4.960937334403444,miscanthus_sinensis_ssp_transmorrisonensis_6wks vs miscanthus_floridulus_6wks,FALSE
5826,-1.3920774043307347,17.19450460274061,-1.3480170490244816,0.249499973003612,0.6453341135850651,-4.962286033061034,miscanthus_sinensis_ssp_transmorrisonensis_6wks vs miscanthus_floridulus_6wks,FALSE
1938,-2.8854323329941067,17.132784347317113,-1.3458410627265252,0.25014014054579964,0.6453341135850651,-4.964486406946348,miscanthus_sinensis_ssp_transmorrisonensis_6wks vs miscanthus_floridulus_6wks,FALSE
5488,1.5030788872323804,17.14847965248957,1.3457304475715237,0.2501727262064649,0.6453341135850651,-4.964598233971823,miscanthus_sinensis_ssp_transmorrisonensis_6wks vs miscanthus_floridulus_6wks,FALSE
1732,-1.927676091480329,18.320628601685357,-1.3456676928475266,0.25019121471476147,0.6453341135850651,-4.964661675018741,miscanthus_sinensis_ssp_transmorrisonensis_6wks vs miscanthus_floridulus_6wks,FALSE
2292,1.1570495410145103,15.806246082928798,1.343711790530569,0.25076812686907457,0.6453341135850651,-4.966638531339337,miscanthus_sinensis_ssp_transmorrisonensis_6wks vs miscanthus_floridulus_6wks,FALSE
364,4.785942340880478,22.989570537836165,1.3430903557021852,0.25095169833446673,0.6453341135850651,-4.967266446019575,miscanthus_sinensis_ssp_transmorrisonensis_6wks vs miscanthus_floridulus_6wks,FALSE
4344,-1.2186876381203078,16.37273372672374,-1.3429215814514948,0.2510015769197631,0.6453341135850651,-4.967436965280739,miscanthus_sinensis_ssp_transmorrisonensis_6wks vs miscanthus_floridulus_6wks,FALSE
1288,-3.1020926289549138,17.744407307551597,-1.3421941094797147,0.25121668125556196,0.6453341135850651,-4.9681718861564,miscanthus_sinensis_ssp_transmorrisonensis_6wks vs miscanthus_floridulus_6wks,FALSE
2297,2.2028324580585945,17.338796689667024,1.3397663742747892,0.25193584208244857,0.6453341135850651,-4.970623623458008,miscanthus_sinensis_ssp_transmorrisonensis_6wks vs miscanthus_floridulus_6wks,FALSE
2363,-4.456108546513342,22.43098237148307,-1.3395706821938338,0.25199389925207166,0.6453341135850651,-4.97082119266924,miscanthus_sinensis_ssp_transmorrisonensis_6wks vs miscanthus_floridulus_6wks,FALSE
359,-2.8471307035453375,17.178941029018695,-1.3388058657463309,0.25222092791480094,0.6453341135850651,-4.971593262729053,miscanthus_sinensis_ssp_transmorrisonensis_6wks vs miscanthus_floridulus_6wks,FALSE
2425,3.354039232178838,20.261424224636723,1.3386402433515003,0.25227011779952935,0.6453341135850651,-4.971760438536811,miscanthus_sinensis_ssp_transmorrisonensis_6wks vs miscanthus_floridulus_6wks,FALSE
5842,-1.2980839113948566,16.38256627325994,-1.338042814189289,0.25244763255592556,0.6453341135850651,-4.972363419668855,miscanthus_sinensis_ssp_transmorrisonensis_6wks vs miscanthus_floridulus_6wks,FALSE
1865,2.7668446249804965,17.125153599173952,1.3339852432544503,0.2536565064192983,0.6453341135850651,-4.976456555285054,miscanthus_sinensis_ssp_transmorrisonensis_6wks vs miscanthus_floridulus_6wks,FALSE
429,1.3966999927245887,22.84355050506552,1.3309520836150297,0.2545638785593008,0.6453341135850651,-4.979513841779491,miscanthus_sinensis_ssp_transmorrisonensis_6wks vs miscanthus_floridulus_6wks,FALSE
2697,-2.5200016625047006,17.591267635540017,-1.3299835252543857,0.2548542921972984,0.6453341135850651,-4.980489657701431,miscanthus_sinensis_ssp_transmorrisonensis_6wks vs miscanthus_floridulus_6wks,FALSE
615,-2.419710881498059,17.38798263891526,-1.3291821109941133,0.2550948341983062,0.6453341135850651,-4.9812969128188325,miscanthus_sinensis_ssp_transmorrisonensis_6wks vs miscanthus_floridulus_6wks,FALSE
96,-3.421148308309343,17.43649636119661,-1.3289487176944594,0.2551649282179268,0.6453341135850651,-4.981531979107924,miscanthus_sinensis_ssp_transmorrisonensis_6wks vs miscanthus_floridulus_6wks,FALSE
2429,-2.298067585362416,15.726885672807514,-1.3286351483398682,0.2552591308287282,0.6453341135850651,-4.981847776234896,miscanthus_sinensis_ssp_transmorrisonensis_6wks vs miscanthus_floridulus_6wks,FALSE
102,1.5432532861056778,16.887444698224737,1.3278185333180887,0.2555046182376617,0.6453341135850651,-4.982670085566266,miscanthus_sinensis_ssp_transmorrisonensis_6wks vs miscanthus_floridulus_6wks,FALSE
1523,-2.357536579579607,16.88851199605748,-1.3262881018971622,0.2559653119880931,0.6453341135850651,-4.984210769758121,miscanthus_sinensis_ssp_transmorrisonensis_6wks vs miscanthus_floridulus_6wks,FALSE
4698,2.035153015081283,16.42439841703396,1.3254625135119176,0.2562141694077244,0.6453341135850651,-4.9850416613610165,miscanthus_sinensis_ssp_transmorrisonensis_6wks vs miscanthus_floridulus_6wks,FALSE
2129,1.83895265037917,19.46515420511647,1.324730760886659,0.2564349395124897,0.6453341135850651,-4.985777980679797,miscanthus_sinensis_ssp_transmorrisonensis_6wks vs miscanthus_floridulus_6wks,FALSE
1920,-1.106520190526286,22.83893409876091,-1.3238469275943656,0.2567018402336694,0.6453341135850651,-4.986667161753939,miscanthus_sinensis_ssp_transmorrisonensis_6wks vs miscanthus_floridulus_6wks,FALSE
293,1.7199526291795664,24.17609839967593,1.3211798858958073,0.257508881288126,0.6453341135850651,-4.989349221835581,miscanthus_sinensis_ssp_transmorrisonensis_6wks vs miscanthus_floridulus_6wks,FALSE
2696,-1.6011470862893447,16.915651385348696,-1.3207358046854623,0.2576434996408684,0.6453341135850651,-4.989795639825082,miscanthus_sinensis_ssp_transmorrisonensis_6wks vs miscanthus_floridulus_6wks,FALSE
1254,3.0592028166498153,17.08501767672165,1.3206155755545539,0.25767995759773704,0.6453341135850651,-4.989916493534562,miscanthus_sinensis_ssp_transmorrisonensis_6wks vs miscanthus_floridulus_6wks,FALSE
3029,-1.4213557348431571,21.261599742911095,-1.3197835205373243,0.25793240573095605,0.6453341135850651,-4.990752776579594,miscanthus_sinensis_ssp_transmorrisonensis_6wks vs miscanthus_floridulus_6wks,FALSE
74,-4.386187823892341,17.90851284048003,-1.3197265305367105,0.2579497055060398,0.6453341135850651,-4.990810050127424,miscanthus_sinensis_ssp_transmorrisonensis_6wks vs miscanthus_floridulus_6wks,FALSE
1906,-1.8723064990260987,16.336098646213028,-1.3191822542957456,0.2581149819991062,0.6453341135850651,-4.99135699526383,miscanthus_sinensis_ssp_transmorrisonensis_6wks vs miscanthus_floridulus_6wks,FALSE
2635,-2.550180846491168,16.983385770415296,-1.3182728611309442,0.25839136147690156,0.6453341135850651,-4.992270689567454,miscanthus_sinensis_ssp_transmorrisonensis_6wks vs miscanthus_floridulus_6wks,FALSE
3246,-1.10474317296881,19.290567912933497,-1.3181685131976477,0.2584230929776442,0.6453341135850651,-4.9923755183603165,miscanthus_sinensis_ssp_transmorrisonensis_6wks vs miscanthus_floridulus_6wks,FALSE
2265,-2.717106647306963,20.15860305461753,-1.3180594622175308,0.25845625870433075,0.6453341135850651,-4.992485069081752,miscanthus_sinensis_ssp_transmorrisonensis_6wks vs miscanthus_floridulus_6wks,FALSE
1492,2.1190889356184535,20.02768465933238,1.316416447522817,0.2589564521858675,0.6453341135850651,-4.994135267252829,miscanthus_sinensis_ssp_transmorrisonensis_6wks vs miscanthus_floridulus_6wks,FALSE
309,-1.9226668613915692,20.29696491122741,-1.3156525604772915,0.25918932847186593,0.6453341135850651,-4.994902272668489,miscanthus_sinensis_ssp_transmorrisonensis_6wks vs miscanthus_floridulus_6wks,FALSE
3800,1.3627169287749563,16.642915863767215,1.3141936714810942,0.25963464818153476,0.6453341135850651,-4.996366725169154,miscanthus_sinensis_ssp_transmorrisonensis_6wks vs miscanthus_floridulus_6wks,FALSE
2553,-2.8212626466129453,17.19146284066206,-1.313723634872365,0.2597782835905847,0.6453341135850651,-4.996838444377587,miscanthus_sinensis_ssp_transmorrisonensis_6wks vs miscanthus_floridulus_6wks,FALSE
5270,-1.1031814079320412,17.267969589787352,-1.3123421568082494,0.26020088860805096,0.6453341135850651,-4.998224556728005,miscanthus_sinensis_ssp_transmorrisonensis_6wks vs miscanthus_floridulus_6wks,FALSE
2200,2.276067856699914,19.360191201622936,1.3121564853183205,0.26025773799278057,0.6453341135850651,-4.998410815618311,miscanthus_sinensis_ssp_transmorrisonensis_6wks vs miscanthus_floridulus_6wks,FALSE
4417,-2.2075993073679,17.088614209707046,-1.3117980231482693,0.26036752709717526,0.6453341135850651,-4.998770388030907,miscanthus_sinensis_ssp_transmorrisonensis_6wks vs miscanthus_floridulus_6wks,FALSE
2041,1.891896477674944,25.779630084763777,1.3116643183934125,0.2604084894779472,0.6453341135850651,-4.998904498863839,miscanthus_sinensis_ssp_transmorrisonensis_6wks vs miscanthus_floridulus_6wks,FALSE
1675,1.6721952456901885,15.906873615628214,1.3112536077351504,0.2605343558539265,0.6453341135850651,-4.999316429568279,miscanthus_sinensis_ssp_transmorrisonensis_6wks vs miscanthus_floridulus_6wks,FALSE
4568,2.2760217975859582,18.92659950923196,1.3104823483891515,0.2607708760105324,0.6453341135850651,-5.0000898684175805,miscanthus_sinensis_ssp_transmorrisonensis_6wks vs miscanthus_floridulus_6wks,FALSE
230,3.8051656395226665,17.90568618418121,1.3096348246534055,0.26103102497204084,0.6453341135850651,-5.000939618920025,miscanthus_sinensis_ssp_transmorrisonensis_6wks vs miscanthus_floridulus_6wks,FALSE
2465,-2.6527328552576215,19.45332092584355,-1.30876487140043,0.2612983213553504,0.6453341135850651,-5.001811674199507,miscanthus_sinensis_ssp_transmorrisonensis_6wks vs miscanthus_floridulus_6wks,FALSE
3560,-1.7752765831470079,18.68423565753288,-1.3068068459119948,0.26190090634783353,0.6453341135850651,-5.003773747691397,miscanthus_sinensis_ssp_transmorrisonensis_6wks vs miscanthus_floridulus_6wks,FALSE
912,-1.6913694477082153,16.409901051910058,-1.30660096969887,0.2619643434885488,0.6453341135850651,-5.003979994415377,miscanthus_sinensis_ssp_transmorrisonensis_6wks vs miscanthus_floridulus_6wks,FALSE
494,2.717605736590343,17.871840826243933,1.3065866452588726,0.2619687578690981,0.6453341135850651,-5.003994344243706,miscanthus_sinensis_ssp_transmorrisonensis_6wks vs miscanthus_floridulus_6wks,FALSE
3414,-1.1074247019263659,16.05854608099969,-1.3063475035347714,0.2620424651554944,0.6453341135850651,-5.00423390229962,miscanthus_sinensis_ssp_transmorrisonensis_6wks vs miscanthus_floridulus_6wks,FALSE
764,-2.817078537900457,17.55418939107988,-1.3058434949099715,0.2621978746638255,0.6453341135850651,-5.004738741885422,miscanthus_sinensis_ssp_transmorrisonensis_6wks vs miscanthus_floridulus_6wks,FALSE
4651,1.9591807317873062,17.37374510290232,1.3048332384661332,0.26250965393442616,0.6453341135850651,-5.005750473752796,miscanthus_sinensis_ssp_transmorrisonensis_6wks vs miscanthus_floridulus_6wks,FALSE
1434,-3.436648594774148,21.329643199304375,-1.3030614025307463,0.263057337471973,0.6453341135850651,-5.007524282602333,miscanthus_sinensis_ssp_transmorrisonensis_6wks vs miscanthus_floridulus_6wks,FALSE
149,-1.1222062894163258,24.153881124468572,-1.301989382195242,0.2633892431895884,0.6453341135850651,-5.008597115025941,miscanthus_sinensis_ssp_transmorrisonensis_6wks vs miscanthus_floridulus_6wks,FALSE
641,1.3544656324377442,15.96034100966051,1.3011042213891724,0.2636636022321382,0.6453341135850651,-5.009482728764089,miscanthus_sinensis_ssp_transmorrisonensis_6wks vs miscanthus_floridulus_6wks,FALSE
5777,-2.557988979557525,16.387737542149367,-1.2966164566955363,0.265058875565685,0.6453341135850651,-5.0139697427329395,miscanthus_sinensis_ssp_transmorrisonensis_6wks vs miscanthus_floridulus_6wks,FALSE
2604,2.0733539073556706,20.955407600645515,1.2963602413792925,0.2651387502073966,0.6453341135850651,-5.014225760777151,miscanthus_sinensis_ssp_transmorrisonensis_6wks vs miscanthus_floridulus_6wks,FALSE
4528,1.7671763078355163,16.672033522809784,1.2960086514212685,0.26524839569767794,0.6453341135850651,-5.014577052752798,miscanthus_sinensis_ssp_transmorrisonensis_6wks vs miscanthus_floridulus_6wks,FALSE
1795,-2.479953034186149,16.2900138717668,-1.2949870773760537,0.2655672292962366,0.6453341135850651,-5.015597581657961,miscanthus_sinensis_ssp_transmorrisonensis_6wks vs miscanthus_floridulus_6wks,FALSE
1222,-2.1616994088141492,17.01146519983841,-1.2921350844426365,0.2664593040277081,0.6453341135850651,-5.018445238995666,miscanthus_sinensis_ssp_transmorrisonensis_6wks vs miscanthus_floridulus_6wks,FALSE
258,-2.6746954800023133,16.659154930190667,-1.289997815070048,0.26712972197842866,0.6453341135850651,-5.02057788312388,miscanthus_sinensis_ssp_transmorrisonensis_6wks vs miscanthus_floridulus_6wks,FALSE
2564,2.6652188684801583,17.297150375031084,1.2887923224363667,0.2675085803290737,0.6453341135850651,-5.021780243930647,miscanthus_sinensis_ssp_transmorrisonensis_6wks vs miscanthus_floridulus_6wks,FALSE
113,-1.6929876675583522,24.034162137747856,-1.2885467389635454,0.2675858252326882,0.6453341135850651,-5.022025142979696,miscanthus_sinensis_ssp_transmorrisonensis_6wks vs miscanthus_floridulus_6wks,FALSE
6029,1.7671880556101875,17.93588433008398,1.288038332606545,0.2677458060382884,0.6453341135850651,-5.022532082435075,miscanthus_sinensis_ssp_transmorrisonensis_6wks vs miscanthus_floridulus_6wks,FALSE
4224,2.427342681451986,18.739946899875473,1.28669279629049,0.26816965401098486,0.6453341135850651,-5.02387341042191,miscanthus_sinensis_ssp_transmorrisonensis_6wks vs miscanthus_floridulus_6wks,FALSE
967,2.187445893978367,16.99162813450836,1.2858308393085536,0.26844151389748583,0.6453341135850651,-5.024732422198874,miscanthus_sinensis_ssp_transmorrisonensis_6wks vs miscanthus_floridulus_6wks,FALSE
4368,2.8685744248940903,16.524086093307787,1.2857628241648866,0.26846297710538664,0.6453341135850651,-5.024800196637323,miscanthus_sinensis_ssp_transmorrisonensis_6wks vs miscanthus_floridulus_6wks,FALSE
111,-1.0712561905423783,26.479945943143452,-1.2852931461938937,0.26861123638182716,0.6453341135850651,-5.025268179217288,miscanthus_sinensis_ssp_transmorrisonensis_6wks vs miscanthus_floridulus_6wks,FALSE
1833,-3.4181650353621453,17.14885012512538,-1.2841779753737153,0.26896356999194765,0.6453341135850651,-5.026379091900242,miscanthus_sinensis_ssp_transmorrisonensis_6wks vs miscanthus_floridulus_6wks,FALSE
3110,-1.0661732263420056,21.9298048497542,-1.2837001548919154,0.26911467202392114,0.6453341135850651,-5.026854987471294,miscanthus_sinensis_ssp_transmorrisonensis_6wks vs miscanthus_floridulus_6wks,FALSE
3350,2.3961108688913857,16.85078121964439,1.282689982987411,0.269434390502443,0.6453341135850651,-5.027860891109176,miscanthus_sinensis_ssp_transmorrisonensis_6wks vs miscanthus_floridulus_6wks,FALSE
3550,-1.1432719749401272,17.812469018349912,-1.27924214994302,0.2705283910757863,0.6453341135850651,-5.0312921144285285,miscanthus_sinensis_ssp_transmorrisonensis_6wks vs miscanthus_floridulus_6wks,FALSE
4120,2.396962253552184,16.607249436046658,1.2775802806289978,0.2710572335950528,0.6453341135850651,-5.03294484358965,miscanthus_sinensis_ssp_transmorrisonensis_6wks vs miscanthus_floridulus_6wks,FALSE
4562,1.623824134614761,16.984809944489392,1.2763713010026623,0.27144258325508225,0.6453341135850651,-5.034146707692931,miscanthus_sinensis_ssp_transmorrisonensis_6wks vs miscanthus_floridulus_6wks,FALSE
205,-5.359499402378461,18.65904518770529,-1.274316945426603,0.27209859916306944,0.6453341135850651,-5.0361880676941535,miscanthus_sinensis_ssp_transmorrisonensis_6wks vs miscanthus_floridulus_6wks,FALSE
1106,-3.1655887105492795,17.0517793488649,-1.2740666270113894,0.27217863751375243,0.6453341135850651,-5.036436724545416,miscanthus_sinensis_ssp_transmorrisonensis_6wks vs miscanthus_floridulus_6wks,FALSE
3004,2.2973126474247003,15.935156497746261,1.273643634382496,0.2723139393329123,0.6453341135850651,-5.036856870790714,miscanthus_sinensis_ssp_transmorrisonensis_6wks vs miscanthus_floridulus_6wks,FALSE
1719,-1.0699894452470886,17.469342501899447,-1.2731153570435974,0.27248300935790143,0.6453341135850651,-5.037381525011539,miscanthus_sinensis_ssp_transmorrisonensis_6wks vs miscanthus_floridulus_6wks,FALSE
249,-3.642075218001331,20.695398963480333,-1.27153409012768,0.2729896828647549,0.6453341135850651,-5.038951492917529,miscanthus_sinensis_ssp_transmorrisonensis_6wks vs miscanthus_floridulus_6wks,FALSE
121,5.371194202195529,18.37285262760836,1.2709840539757364,0.2731661393863511,0.6453341135850651,-5.039497438796274,miscanthus_sinensis_ssp_transmorrisonensis_6wks vs miscanthus_floridulus_6wks,FALSE
86,-3.3402800455106796,17.642997515248524,-1.2685673676235656,0.2739427355750283,0.6453341135850651,-5.041895171468084,miscanthus_sinensis_ssp_transmorrisonensis_6wks vs miscanthus_floridulus_6wks,FALSE
1791,-1.8039178227989918,16.729758971971087,-1.2675688646770984,0.27426422174675974,0.6453341135850651,-5.0428853744620366,miscanthus_sinensis_ssp_transmorrisonensis_6wks vs miscanthus_floridulus_6wks,FALSE
228,3.984201934725398,18.184916603809988,1.2659611925266179,0.27478260346181005,0.6453341135850651,-5.044479104369602,miscanthus_sinensis_ssp_transmorrisonensis_6wks vs miscanthus_floridulus_6wks,FALSE
2038,-2.8251329552685256,17.848031006005144,-1.2658193880266289,0.27482837242692215,0.6453341135850651,-5.044619644751742,miscanthus_sinensis_ssp_transmorrisonensis_6wks vs miscanthus_floridulus_6wks,FALSE
3098,-1.1571333310741423,16.22780549828129,-1.2650868142495637,0.2750649354107577,0.6453341135850651,-5.045345599121328,miscanthus_sinensis_ssp_transmorrisonensis_6wks vs miscanthus_floridulus_6wks,FALSE
4531,1.0658421505030056,21.59942286054988,1.2643292264744648,0.2753097817321744,0.6453341135850651,-5.046096184613197,miscanthus_sinensis_ssp_transmorrisonensis_6wks vs miscanthus_floridulus_6wks,FALSE
1982,2.4602969703520365,16.63718475075271,1.264134427812677,0.2753727729414781,0.6453341135850651,-5.046289156961909,miscanthus_sinensis_ssp_transmorrisonensis_6wks vs miscanthus_floridulus_6wks,FALSE
3236,1.2022863022972494,21.838144358614827,1.263209175118459,0.275672157049376,0.6453341135850651,-5.047205590613604,miscanthus_sinensis_ssp_transmorrisonensis_6wks vs miscanthus_floridulus_6wks,FALSE
407,-2.9682624450384907,20.028980550223647,-1.262534741379276,0.27589058060577965,0.6453341135850651,-5.047873445383346,miscanthus_sinensis_ssp_transmorrisonensis_6wks vs miscanthus_floridulus_6wks,FALSE
3107,-2.220860510682048,18.732725485144798,-1.2617241554868341,0.2761533185866213,0.6453341135850651,-5.048675955777844,miscanthus_sinensis_ssp_transmorrisonensis_6wks vs miscanthus_floridulus_6wks,FALSE
3042,-1.842063708232299,18.13889953055458,-1.2614808251674399,0.2762322369453093,0.6453341135850651,-5.048916825979054,miscanthus_sinensis_ssp_transmorrisonensis_6wks vs miscanthus_floridulus_6wks,FALSE
2401,-1.0977357613565744,16.34556509457952,-1.2614660394577648,0.27623703303365504,0.6453341135850651,-5.04893146166706,miscanthus_sinensis_ssp_transmorrisonensis_6wks vs miscanthus_floridulus_6wks,FALSE
2379,-1.149585795933028,16.386594292965725,-1.2613558857465517,0.27627276646452514,0.6453341135850651,-5.049040495784489,miscanthus_sinensis_ssp_transmorrisonensis_6wks vs miscanthus_floridulus_6wks,FALSE
402,-2.705320911641884,19.919071897757597,-1.2573240957209306,0.27758371979674573,0.6469170824133311,-5.053028955933923,miscanthus_sinensis_ssp_transmorrisonensis_6wks vs miscanthus_floridulus_6wks,FALSE
2829,1.0676884216221936,16.955921861893884,1.2571212967914158,0.2776498180736135,0.6469170824133311,-5.05322945400968,miscanthus_sinensis_ssp_transmorrisonensis_6wks vs miscanthus_floridulus_6wks,FALSE
2452,-1.1451906883980882,23.22723878298191,-1.254467977451614,0.27851600584810754,0.6481190073194956,-5.055851592760758,miscanthus_sinensis_ssp_transmorrisonensis_6wks vs miscanthus_floridulus_6wks,FALSE
5556,1.9788321300052836,16.6548364233535,1.2531944778486832,0.2789326643752618,0.6481772600296598,-5.057109413286849,miscanthus_sinensis_ssp_transmorrisonensis_6wks vs miscanthus_floridulus_6wks,FALSE
204,-1.0937898912293171,23.839680057548712,-1.2514272617202122,0.27951184405671536,0.6481772600296598,-5.0588541013404855,miscanthus_sinensis_ssp_transmorrisonensis_6wks vs miscanthus_floridulus_6wks,FALSE
1330,-1.9523631403648736,16.9714595239,-1.250603149803355,0.2797823283062703,0.6481772600296598,-5.059667400454071,miscanthus_sinensis_ssp_transmorrisonensis_6wks vs miscanthus_floridulus_6wks,FALSE
6112,2.1832725283076453,16.745303458873963,1.248284086997755,0.2805448194278743,0.6481772600296598,-5.061954982857847,miscanthus_sinensis_ssp_transmorrisonensis_6wks vs miscanthus_floridulus_6wks,FALSE
5591,1.8374715175903056,16.81550467506778,1.2457623741347654,0.28137619539364955,0.6481772600296598,-5.06444069240098,miscanthus_sinensis_ssp_transmorrisonensis_6wks vs miscanthus_floridulus_6wks,FALSE
2838,-1.2285378059176821,20.849013300628087,-1.2444405123739295,0.28181293606609475,0.6481772600296598,-5.065742940097186,miscanthus_sinensis_ssp_transmorrisonensis_6wks vs miscanthus_floridulus_6wks,FALSE
2088,-1.045052345553156,17.02688872922647,-1.243965957201115,0.28196988611842166,0.6481772600296598,-5.066210328859532,miscanthus_sinensis_ssp_transmorrisonensis_6wks vs miscanthus_floridulus_6wks,FALSE
3855,2.0803636021900385,16.755922367030482,1.2420395864946234,0.28260785390245813,0.6481772600296598,-5.068106929274692,miscanthus_sinensis_ssp_transmorrisonensis_6wks vs miscanthus_floridulus_6wks,FALSE
5432,-4.634783031218863,18.777514424355502,-1.241551169989901,0.2827698245647491,0.6481772600296598,-5.068587624037926,miscanthus_sinensis_ssp_transmorrisonensis_6wks vs miscanthus_floridulus_6wks,FALSE
2036,-1.1449160395069704,16.874210230499838,-1.2410318494292987,0.28294214092752473,0.6481772600296598,-5.069098656999947,miscanthus_sinensis_ssp_transmorrisonensis_6wks vs miscanthus_floridulus_6wks,FALSE
1811,-1.9757645703859872,17.051020598376045,-1.240364037302124,0.2831638757151984,0.6481772600296598,-5.069755694598754,miscanthus_sinensis_ssp_transmorrisonensis_6wks vs miscanthus_floridulus_6wks,FALSE
5940,2.7842286233323286,22.792616773234084,1.240192068234662,0.2832210017304991,0.6481772600296598,-5.069924867727118,miscanthus_sinensis_ssp_transmorrisonensis_6wks vs miscanthus_floridulus_6wks,FALSE
393,-3.824901960222485,17.680918739804927,-1.2397398200221106,0.28337128551537294,0.6481772600296598,-5.070369721280197,miscanthus_sinensis_ssp_transmorrisonensis_6wks vs miscanthus_floridulus_6wks,FALSE
535,-1.9037477411238974,17.16859776301144,-1.2394308962602973,0.28347398576474203,0.6481772600296598,-5.07067355899086,miscanthus_sinensis_ssp_transmorrisonensis_6wks vs miscanthus_floridulus_6wks,FALSE
4751,-2.285166481741822,16.665836881632508,-1.2360185360933724,0.28461077228902565,0.6481772600296598,-5.0740278489529,miscanthus_sinensis_ssp_transmorrisonensis_6wks vs miscanthus_floridulus_6wks,FALSE
4748,1.15694678484342,21.768795705290866,1.2335973105268685,0.28542000728499006,0.6481772600296598,-5.076405758091622,miscanthus_sinensis_ssp_transmorrisonensis_6wks vs miscanthus_floridulus_6wks,FALSE
3826,-1.5073367859319848,16.068573437015182,-1.2330898502457017,0.2855898908716343,0.6481772600296598,-5.076903916252576,miscanthus_sinensis_ssp_transmorrisonensis_6wks vs miscanthus_floridulus_6wks,FALSE
3807,1.074561865547338,17.38645594488332,1.2330491260817487,0.28560352836028297,0.6481772600296598,-5.0769438905469775,miscanthus_sinensis_ssp_transmorrisonensis_6wks vs miscanthus_floridulus_6wks,FALSE
2563,-1.249975473220161,16.3855881963332,-1.2326598986374162,0.2857339020268961,0.6481772600296598,-5.077325925748439,miscanthus_sinensis_ssp_transmorrisonensis_6wks vs miscanthus_floridulus_6wks,FALSE
1822,-1.110656617360732,22.550269691151072,-1.2302658504011441,0.28653704660431994,0.6481772600296598,-5.079674728438154,miscanthus_sinensis_ssp_transmorrisonensis_6wks vs miscanthus_floridulus_6wks,FALSE
4369,-2.2844107776352054,17.77809216835298,-1.2297136391098715,0.2867226045162131,0.6481772600296598,-5.080216256655721,miscanthus_sinensis_ssp_transmorrisonensis_6wks vs miscanthus_floridulus_6wks,FALSE
4680,-1.8131509293249604,16.73784413944793,-1.2288505972185009,0.28701283875677036,0.6481772600296598,-5.081062416330203,miscanthus_sinensis_ssp_transmorrisonensis_6wks vs miscanthus_floridulus_6wks,FALSE
3056,-1.9849579185104425,16.525277856642145,-1.2283636559997209,0.28717671650583826,0.6481772600296598,-5.081539732184921,miscanthus_sinensis_ssp_transmorrisonensis_6wks vs miscanthus_floridulus_6wks,FALSE
655,2.423112613988785,17.975829341838615,1.2276817212893247,0.2874063678799186,0.6481772600296598,-5.082208065437327,miscanthus_sinensis_ssp_transmorrisonensis_6wks vs miscanthus_floridulus_6wks,FALSE
4602,-1.4540695836944053,16.86594565163701,-1.226444344219475,0.28782351817653257,0.6481772600296598,-5.0834203993349165,miscanthus_sinensis_ssp_transmorrisonensis_6wks vs miscanthus_floridulus_6wks,FALSE
1231,-2.6047022960033566,21.928860611202087,-1.2239148149751116,0.2886780749088485,0.6481772600296598,-5.085897271103507,miscanthus_sinensis_ssp_transmorrisonensis_6wks vs miscanthus_floridulus_6wks,FALSE
6259,1.9868229695245567,18.188719720259694,1.2225929153577737,0.2891256130070611,0.6481772600296598,-5.087190867871675,miscanthus_sinensis_ssp_transmorrisonensis_6wks vs miscanthus_floridulus_6wks,FALSE
5810,-1.9137503657374921,18.683525346014576,-1.2218988185229385,0.2893608677192774,0.6481772600296598,-5.08786988709687,miscanthus_sinensis_ssp_transmorrisonensis_6wks vs miscanthus_floridulus_6wks,FALSE
5586,-1.3225536518135144,19.005795106100116,-1.221095874307969,0.2896332412984108,0.6481772600296598,-5.088655202856484,miscanthus_sinensis_ssp_transmorrisonensis_6wks vs miscanthus_floridulus_6wks,FALSE
1639,-2.081589501056925,17.732827572869738,-1.2197082580640206,0.29010451970794954,0.6481772600296598,-5.090011881851103,miscanthus_sinensis_ssp_transmorrisonensis_6wks vs miscanthus_floridulus_6wks,FALSE
4753,2.5622248346463117,17.414020682610065,1.2194067508615947,0.29020701720091824,0.6481772600296598,-5.090306587556765,miscanthus_sinensis_ssp_transmorrisonensis_6wks vs miscanthus_floridulus_6wks,FALSE
4755,-2.5651268120162385,16.057410315360766,-1.2192805641955642,0.29024992459653404,0.6481772600296598,-5.090429919245358,miscanthus_sinensis_ssp_transmorrisonensis_6wks vs miscanthus_floridulus_6wks,FALSE
38,1.9623933926049872,17.43309805409475,1.2177719085337104,0.2907633803365539,0.6481772600296598,-5.091904056216558,miscanthus_sinensis_ssp_transmorrisonensis_6wks vs miscanthus_floridulus_6wks,FALSE
1461,1.2972599162945926,23.06703841526108,1.2170105570072336,0.29102282526665496,0.6481772600296598,-5.0926477171733735,miscanthus_sinensis_ssp_transmorrisonensis_6wks vs miscanthus_floridulus_6wks,FALSE
3867,-2.6822490429587162,17.877455452913054,-1.2164698608660973,0.29120721084030393,0.6481772600296598,-5.093175739389788,miscanthus_sinensis_ssp_transmorrisonensis_6wks vs miscanthus_floridulus_6wks,FALSE
134,-3.4866742194972,21.795330598989622,-1.2162790579990475,0.2912723039126507,0.6481772600296598,-5.093362047912194,miscanthus_sinensis_ssp_transmorrisonensis_6wks vs miscanthus_floridulus_6wks,FALSE
4228,-1.370073308017055,16.047651525175915,-1.2127660303512333,0.2924732498540102,0.6481772600296598,-5.096790275709605,miscanthus_sinensis_ssp_transmorrisonensis_6wks vs miscanthus_floridulus_6wks,FALSE
5290,1.4068299687192418,16.4338667503363,1.2127510501042802,0.29247838094368195,0.6481772600296598,-5.096804885998283,miscanthus_sinensis_ssp_transmorrisonensis_6wks vs miscanthus_floridulus_6wks,FALSE
4672,1.2694706759487353,18.0831717676206,1.2126143952324893,0.29252519240785707,0.6481772600296598,-5.096938162700284,miscanthus_sinensis_ssp_transmorrisonensis_6wks vs miscanthus_floridulus_6wks,FALSE
107,-3.1547758763122893,17.657487438774922,-1.2109453546855204,0.29309749840283406,0.6481772600296598,-5.098565465274179,miscanthus_sinensis_ssp_transmorrisonensis_6wks vs miscanthus_floridulus_6wks,FALSE
3908,1.5246760284497576,16.143835237300525,1.2095439744775935,0.2935788422841702,0.6481772600296598,-5.09993111595244,miscanthus_sinensis_ssp_transmorrisonensis_6wks vs miscanthus_floridulus_6wks,FALSE
4287,1.0041363748087058,19.666463191551287,1.2095247572072494,0.29358544819170573,0.6481772600296598,-5.099949838903326,miscanthus_sinensis_ssp_transmorrisonensis_6wks vs miscanthus_floridulus_6wks,FALSE
2080,2.1134157074586497,28.650479862542955,1.207775944783564,0.29418718802390625,0.6481772600296598,-5.101653172514758,miscanthus_sinensis_ssp_transmorrisonensis_6wks vs miscanthus_floridulus_6wks,FALSE
4873,1.355161822104236,18.51652673018946,1.2070209362073907,0.294447334874796,0.6481772600296598,-5.102388243622629,miscanthus_sinensis_ssp_transmorrisonensis_6wks vs miscanthus_floridulus_6wks,FALSE
120,-1.0436728529751953,23.796399741311276,-1.2065786381416754,0.2945998346161,0.6481772600296598,-5.102818776851038,miscanthus_sinensis_ssp_transmorrisonensis_6wks vs miscanthus_floridulus_6wks,FALSE
472,-2.8917779507114574,21.137089099664816,-1.2058734436428589,0.29484313251164246,0.6481772600296598,-5.103505083409804,miscanthus_sinensis_ssp_transmorrisonensis_6wks vs miscanthus_floridulus_6wks,FALSE
3760,-1.0269419354544453,16.394899311235182,-1.2053951813696415,0.29500824483512084,0.6481772600296598,-5.1039704446906935,miscanthus_sinensis_ssp_transmorrisonensis_6wks vs miscanthus_floridulus_6wks,FALSE
3646,4.1944991676259065,22.36111016342057,1.202734101883744,0.29592853372956907,0.6484082013568139,-5.106558391966434,miscanthus_sinensis_ssp_transmorrisonensis_6wks vs miscanthus_floridulus_6wks,FALSE
478,-1.121340048282116,16.03424654283999,-1.2026213708105966,0.2959675795636561,0.6484082013568139,-5.106667974272522,miscanthus_sinensis_ssp_transmorrisonensis_6wks vs miscanthus_floridulus_6wks,FALSE
824,-1.2800634594875682,17.373952654794135,-1.202052102346733,0.2961648271062204,0.6484082013568139,-5.107221279034814,miscanthus_sinensis_ssp_transmorrisonensis_6wks vs miscanthus_floridulus_6wks,FALSE
1426,1.278168387119818,16.638836183288262,1.196248713585021,0.29818274023036695,0.6520544555864999,-5.112855886348207,miscanthus_sinensis_ssp_transmorrisonensis_6wks vs miscanthus_floridulus_6wks,FALSE
1043,-2.8920952854609148,17.61018044443121,-1.19394377097896,0.2989877834707818,0.6530429745229591,-5.11509072051817,miscanthus_sinensis_ssp_transmorrisonensis_6wks vs miscanthus_floridulus_6wks,FALSE
1564,1.5841564742051162,23.34468290322716,1.1888215178676644,0.30078414415646826,0.6540216720497916,-5.120050851434325,miscanthus_sinensis_ssp_transmorrisonensis_6wks vs miscanthus_floridulus_6wks,FALSE
4280,-1.8987280839754082,16.118349330900205,-1.1883034347721637,0.3009663978599992,0.6540216720497916,-5.120552048395641,miscanthus_sinensis_ssp_transmorrisonensis_6wks vs miscanthus_floridulus_6wks,FALSE
5070,1.8257334054981236,20.096381737458927,1.1875714806021644,0.3012240647813769,0.6540216720497916,-5.121259991911108,miscanthus_sinensis_ssp_transmorrisonensis_6wks vs miscanthus_floridulus_6wks,FALSE
2058,-2.8299913971272783,17.213324632490092,-1.1871878794789055,0.3013591850109638,0.6540216720497916,-5.121630937593612,miscanthus_sinensis_ssp_transmorrisonensis_6wks vs miscanthus_floridulus_6wks,FALSE
4148,1.0211209871544114,16.92570824559977,1.1856079582116716,0.30191629835115447,0.6540216720497916,-5.123158212525777,miscanthus_sinensis_ssp_transmorrisonensis_6wks vs miscanthus_floridulus_6wks,FALSE
4829,-2.5850893782078685,20.024215412754074,-1.1846626719473419,0.3022500877181427,0.6540216720497916,-5.12407159656934,miscanthus_sinensis_ssp_transmorrisonensis_6wks vs miscanthus_floridulus_6wks,FALSE
4990,-1.822493415568733,17.369100537474623,-1.1846573451879399,0.302251969626232,0.6540216720497916,-5.124076742700183,miscanthus_sinensis_ssp_transmorrisonensis_6wks vs miscanthus_floridulus_6wks,FALSE
20,-1.011815943107539,21.974521951225626,-1.1839205626213873,0.30251237576896617,0.6540216720497916,-5.124788448552687,miscanthus_sinensis_ssp_transmorrisonensis_6wks vs miscanthus_floridulus_6wks,FALSE
5545,2.0109760903159106,17.49962146586123,1.1828114642196679,0.3029047685358152,0.6540216720497916,-5.125859450822179,miscanthus_sinensis_ssp_transmorrisonensis_6wks vs miscanthus_floridulus_6wks,FALSE
278,-2.7877534029467697,21.517210606125285,-1.1816510095599757,0.3033158412533915,0.6540216720497916,-5.126979597267933,miscanthus_sinensis_ssp_transmorrisonensis_6wks vs miscanthus_floridulus_6wks,FALSE
4059,2.245663501533457,17.227046234296548,1.181626170687463,0.3033246457398493,0.6540216720497916,-5.127003568348531,miscanthus_sinensis_ssp_transmorrisonensis_6wks vs miscanthus_floridulus_6wks,FALSE
2963,-2.2738507113736084,17.444795199925974,-1.1777074916075783,0.3047166763075312,0.6549166185792515,-5.130782697213508,miscanthus_sinensis_ssp_transmorrisonensis_6wks vs miscanthus_floridulus_6wks,FALSE
3440,-2.4646264039985564,16.682056195062035,-1.1763419112114968,0.3052031733092135,0.6549166185792515,-5.13209840757519,miscanthus_sinensis_ssp_transmorrisonensis_6wks vs miscanthus_floridulus_6wks,FALSE
4430,-2.175578533001392,16.274196426922675,-1.1753397700262134,0.3055606545332778,0.6549166185792515,-5.133063541710559,miscanthus_sinensis_ssp_transmorrisonensis_6wks vs miscanthus_floridulus_6wks,FALSE
1807,-4.324730809633262,18.654189801047966,-1.1750377095918465,0.305668481477161,0.6549166185792515,-5.133354379527373,miscanthus_sinensis_ssp_transmorrisonensis_6wks vs miscanthus_floridulus_6wks,FALSE
3985,-1.0749591003430634,16.15560781787367,-1.174908636383246,0.30571456776565176,0.6549166185792515,-5.13347864757292,miscanthus_sinensis_ssp_transmorrisonensis_6wks vs miscanthus_floridulus_6wks,FALSE
489,-3.1246784192256882,18.29364955152396,-1.1742550541052788,0.30594803253913194,0.6549166185792515,-5.134107809518756,miscanthus_sinensis_ssp_transmorrisonensis_6wks vs miscanthus_floridulus_6wks,FALSE
1864,2.3540356593215854,18.526735796344372,1.173500505764982,0.3062177703086771,0.6549166185792515,-5.134833980717225,miscanthus_sinensis_ssp_transmorrisonensis_6wks vs miscanthus_floridulus_6wks,FALSE
51,-3.943808094573937,17.7614911632104,-1.1684450065722305,0.30803075650470135,0.6580333712860248,-5.139694231358085,miscanthus_sinensis_ssp_transmorrisonensis_6wks vs miscanthus_floridulus_6wks,FALSE
471,2.7962609662092213,18.177994715663647,1.1635310476381466,0.30980257070097333,0.6601715208836362,-5.144409798343522,miscanthus_sinensis_ssp_transmorrisonensis_6wks vs miscanthus_floridulus_6wks,FALSE
1402,-0.9930947104745265,23.837817136091566,-1.1622924306360007,0.3102506708268952,0.6601715208836362,-5.145597057901641,miscanthus_sinensis_ssp_transmorrisonensis_6wks vs miscanthus_floridulus_6wks,FALSE
6063,-1.2745401777929857,17.080605288793993,-1.1621259561867343,0.31031094300089385,0.6601715208836362,-5.145756588080443,miscanthus_sinensis_ssp_transmorrisonensis_6wks vs miscanthus_floridulus_6wks,FALSE
3150,-2.0006647287226738,16.84548819218741,-1.1617170345938586,0.31045903955068294,0.6601715208836362,-5.14614841007493,miscanthus_sinensis_ssp_transmorrisonensis_6wks vs miscanthus_floridulus_6wks,FALSE
2879,-1.6456596740494351,16.68681367392877,-1.1594545950639272,0.3112796015221902,0.6609197916741951,-5.14831516280921,miscanthus_sinensis_ssp_transmorrisonensis_6wks vs miscanthus_floridulus_6wks,FALSE
284,-2.3469649888581827,20.312678015259834,-1.157753442544481,0.3118979181135673,0.6609197916741951,-5.149943158733266,miscanthus_sinensis_ssp_transmorrisonensis_6wks vs miscanthus_floridulus_6wks,FALSE
2256,2.1008367983437104,17.198020510531734,1.1572369412342716,0.3120858761363678,0.6609197916741951,-5.1504372423458,miscanthus_sinensis_ssp_transmorrisonensis_6wks vs miscanthus_floridulus_6wks,FALSE
6077,-1.2696301962286967,16.805757804800145,-1.1568137819155344,0.3122399448233765,0.6609197916741951,-5.150841963635048,miscanthus_sinensis_ssp_transmorrisonensis_6wks vs miscanthus_floridulus_6wks,FALSE
442,2.5850808227661233,19.326223810318353,1.1552710658810996,0.3128022327724394,0.6609451191297455,-5.152316912454673,miscanthus_sinensis_ssp_transmorrisonensis_6wks vs miscanthus_floridulus_6wks,FALSE
2458,-3.2825400211102718,17.308554625841555,-1.154821010546741,0.31296644559873354,0.6609451191297455,-5.1527470359144125,miscanthus_sinensis_ssp_transmorrisonensis_6wks vs miscanthus_floridulus_6wks,FALSE
2512,-2.6222045106100715,17.57521646992415,-1.1531488782518025,0.3135772616442097,0.6613180236094076,-5.154344469971593,miscanthus_sinensis_ssp_transmorrisonensis_6wks vs miscanthus_floridulus_6wks,FALSE
4258,1.0170353000401882,20.349642494843096,1.1518974928885801,0.31403510547124563,0.6613180236094076,-5.155539287828315,miscanthus_sinensis_ssp_transmorrisonensis_6wks vs miscanthus_floridulus_6wks,FALSE
103,-3.275984106299063,20.969479545564766,-1.1509963522465285,0.3143651891437031,0.6613180236094076,-5.156399339785302,miscanthus_sinensis_ssp_transmorrisonensis_6wks vs miscanthus_floridulus_6wks,FALSE
709,2.9429810867253714,21.092228644617943,1.150343028287649,0.31460469973405125,0.6613180236094076,-5.157022689068896,miscanthus_sinensis_ssp_transmorrisonensis_6wks vs miscanthus_floridulus_6wks,FALSE
206,-3.0455941355077876,21.245137876547417,-1.1484265244399532,0.3153082716267624,0.6613180236094076,-5.158850361261312,miscanthus_sinensis_ssp_transmorrisonensis_6wks vs miscanthus_floridulus_6wks,FALSE
2124,-0.970401450444335,25.14246288805323,-1.147470963943283,0.31565961358798483,0.6613180236094076,-5.159761126788101,miscanthus_sinensis_ssp_transmorrisonensis_6wks vs miscanthus_floridulus_6wks,FALSE
3580,1.4962048711007085,17.152104760359077,1.1474657163363084,0.31566154403639074,0.6613180236094076,-5.159766127468965,miscanthus_sinensis_ssp_transmorrisonensis_6wks vs miscanthus_floridulus_6wks,FALSE
1692,-1.0948650503145458,17.03015094810022,-1.1455789173510504,0.31635635340215923,0.6613180236094076,-5.161563484954679,miscanthus_sinensis_ssp_transmorrisonensis_6wks vs miscanthus_floridulus_6wks,FALSE
415,-1.1029714993091897,15.976095685866792,-1.1455683637250935,0.31636024372666255,0.6613180236094076,-5.16157353460142,miscanthus_sinensis_ssp_transmorrisonensis_6wks vs miscanthus_floridulus_6wks,FALSE
4687,-0.9613738121686026,18.556102468869884,-1.1438231402003618,0.31700418471056985,0.6619161870367428,-5.163234849270887,miscanthus_sinensis_ssp_transmorrisonensis_6wks vs miscanthus_floridulus_6wks,FALSE
1268,3.408297984639397,21.698353250211383,1.1389659275732344,0.31880274864249086,0.663840012797902,-5.167852566393938,miscanthus_sinensis_ssp_transmorrisonensis_6wks vs miscanthus_floridulus_6wks,FALSE
350,-3.324417890457891,20.387172999281447,-1.1387915566941074,0.31886749080339494,0.663840012797902,-5.168018175549177,miscanthus_sinensis_ssp_transmorrisonensis_6wks vs miscanthus_floridulus_6wks,FALSE
3947,-2.1822249037029593,16.750029683738422,-1.1370120104447132,0.3195289124316948,0.663840012797902,-5.169707650734963,miscanthus_sinensis_ssp_transmorrisonensis_6wks vs miscanthus_floridulus_6wks,FALSE
166,1.7463859542709237,24.36248566213412,1.1368884495848703,0.31957488447337934,0.663840012797902,-5.169824913376141,miscanthus_sinensis_ssp_transmorrisonensis_6wks vs miscanthus_floridulus_6wks,FALSE
2440,0.9508395478214737,22.435105475349175,1.1364993210211443,0.31971970346104356,0.663840012797902,-5.17019416945563,miscanthus_sinensis_ssp_transmorrisonensis_6wks vs miscanthus_floridulus_6wks,FALSE
1583,-0.9736418633558106,15.964961228121858,-1.1331100480008347,0.3209836233064016,0.6647921795191782,-5.173407935485844,miscanthus_sinensis_ssp_transmorrisonensis_6wks vs miscanthus_floridulus_6wks,FALSE
1203,-0.9574171996886669,21.07786609888748,-1.1322060202915976,0.32132152791259705,0.6647921795191782,-5.174264414094398,miscanthus_sinensis_ssp_transmorrisonensis_6wks vs miscanthus_floridulus_6wks,FALSE
3030,2.0304949527239273,18.936521400283958,1.13181740457676,0.3214668840823416,0.6647921795191782,-5.174632494262532,miscanthus_sinensis_ssp_transmorrisonensis_6wks vs miscanthus_floridulus_6wks,FALSE
869,2.3010068528441394,17.723158459377235,1.1314197706326192,0.32161567603765645,0.6647921795191782,-5.175009056576095,miscanthus_sinensis_ssp_transmorrisonensis_6wks vs miscanthus_floridulus_6wks,FALSE
728,1.0049324717299815,16.09778948457421,1.1294779041525693,0.3223432202711347,0.665552407925892,-5.1768471518414,miscanthus_sinensis_ssp_transmorrisonensis_6wks vs miscanthus_floridulus_6wks,FALSE
247,-0.940052972883116,22.973937218798202,-1.1259242160818603,0.3236785735282797,0.666271541953183,-5.180207192996106,miscanthus_sinensis_ssp_transmorrisonensis_6wks vs miscanthus_floridulus_6wks,FALSE
3649,-2.589478001289443,17.320686728258774,-1.1252330411428089,0.3239388828817683,0.666271541953183,-5.180860139975556,miscanthus_sinensis_ssp_transmorrisonensis_6wks vs miscanthus_floridulus_6wks,FALSE
1431,-3.009519075789747,20.209080822437215,-1.1242343202553566,0.3243153593390431,0.666271541953183,-5.181803296976887,miscanthus_sinensis_ssp_transmorrisonensis_6wks vs miscanthus_floridulus_6wks,FALSE
3574,-0.9594085387498339,16.109130200549004,-1.124084565592167,0.3243718452689271,0.666271541953183,-5.1819446867706365,miscanthus_sinensis_ssp_transmorrisonensis_6wks vs miscanthus_floridulus_6wks,FALSE
4519,2.7706607262081633,16.98489841516028,1.1231940758970436,0.32470791541329436,0.666271541953183,-5.182785256844678,miscanthus_sinensis_ssp_transmorrisonensis_6wks vs miscanthus_floridulus_6wks,FALSE
5793,-1.303403435075996,16.541366575287643,-1.122434015404864,0.3249950143738736,0.666271541953183,-5.183502466129566,miscanthus_sinensis_ssp_transmorrisonensis_6wks vs miscanthus_floridulus_6wks,FALSE
4747,-2.78514111481282,20.41965065833929,-1.1204055422273156,0.3257623732838806,0.666271541953183,-5.185415476978782,miscanthus_sinensis_ssp_transmorrisonensis_6wks vs miscanthus_floridulus_6wks,FALSE
1013,2.2741304130295,19.41369089750845,1.1196990339205268,0.32603003081225096,0.666271541953183,-5.186081393684115,miscanthus_sinensis_ssp_transmorrisonensis_6wks vs miscanthus_floridulus_6wks,FALSE
1045,4.41928022915409,18.227187799639108,1.1192043723801204,0.3262175510719372,0.666271541953183,-5.186547518971124,miscanthus_sinensis_ssp_transmorrisonensis_6wks vs miscanthus_floridulus_6wks,FALSE
2211,-2.6586052770775552,18.323085726421525,-1.1190054654286385,0.32629298216734265,0.666271541953183,-5.186734924317779,miscanthus_sinensis_ssp_transmorrisonensis_6wks vs miscanthus_floridulus_6wks,FALSE
3415,-2.8500004902760416,17.127152008121232,-1.1163903456367104,0.32728619579440954,0.6668386182067519,-5.189197385166119,miscanthus_sinensis_ssp_transmorrisonensis_6wks vs miscanthus_floridulus_6wks,FALSE
3478,0.9736471850881223,15.557285931752755,1.1149934410685682,0.3278178687017526,0.6668386182067519,-5.190511643216687,miscanthus_sinensis_ssp_transmorrisonensis_6wks vs miscanthus_floridulus_6wks,FALSE
1713,1.5624283281209372,17.07752187499321,1.1136094493900035,0.32834540596358297,0.6668386182067519,-5.191812993082987,miscanthus_sinensis_ssp_transmorrisonensis_6wks vs miscanthus_floridulus_6wks,FALSE
3387,-1.1325425245107468,16.73631025108215,-1.1134128052130656,0.328420423945562,0.6668386182067519,-5.191997833669733,miscanthus_sinensis_ssp_transmorrisonensis_6wks vs miscanthus_floridulus_6wks,FALSE
30,2.5301990883116616,20.61406663638653,1.1103196866637137,0.32960248377849305,0.6668386182067519,-5.194903269338725,miscanthus_sinensis_ssp_transmorrisonensis_6wks vs miscanthus_floridulus_6wks,FALSE
1181,-2.4854171754118344,16.792542965068833,-1.1101860337340184,0.32965364780016115,0.6668386182067519,-5.19502872680242,miscanthus_sinensis_ssp_transmorrisonensis_6wks vs miscanthus_floridulus_6wks,FALSE
4321,-2.320562645822264,17.363850208458565,-1.1085832036330319,0.3302677965004834,0.6668386182067519,-5.196532717804651,miscanthus_sinensis_ssp_transmorrisonensis_6wks vs miscanthus_floridulus_6wks,FALSE
184,-3.264022784739918,18.070567361202272,-1.1081610031785618,0.3304297427052576,0.6668386182067519,-5.196928712336002,miscanthus_sinensis_ssp_transmorrisonensis_6wks vs miscanthus_floridulus_6wks,FALSE
2847,-1.004484573497912,17.232738483981983,-1.1079139120198105,0.33052455469704006,0.6668386182067519,-5.197160433495919,miscanthus_sinensis_ssp_transmorrisonensis_6wks vs miscanthus_floridulus_6wks,FALSE
17,-2.13619446754139,20.1064454165398,-1.107897533949552,0.3305308400461401,0.6668386182067519,-5.197175791924956,miscanthus_sinensis_ssp_transmorrisonensis_6wks vs miscanthus_floridulus_6wks,FALSE
2338,3.274035517954676,21.11593587825841,1.107865257739584,0.3305432268824621,0.6668386182067519,-5.197206058416894,miscanthus_sinensis_ssp_transmorrisonensis_6wks vs miscanthus_floridulus_6wks,FALSE
108,-0.9357181802469441,23.72270948267277,-1.1066449603986994,0.33101185856549675,0.6668386182067519,-5.198350066172078,miscanthus_sinensis_ssp_transmorrisonensis_6wks vs miscanthus_floridulus_6wks,FALSE
3423,1.6775417499851457,17.380928873102512,1.1060083180466656,0.33125658926054324,0.6668386182067519,-5.198946670236353,miscanthus_sinensis_ssp_transmorrisonensis_6wks vs miscanthus_floridulus_6wks,FALSE
1697,2.8840061783581064,21.463539850908827,1.1022109315473336,0.3327197652977878,0.669056049783595,-5.202501848800461,miscanthus_sinensis_ssp_transmorrisonensis_6wks vs miscanthus_floridulus_6wks,FALSE
371,-2.77335211070325,21.147800962815708,-1.097997497798145,0.33435013350075876,0.669845450454092,-5.206439699807532,miscanthus_sinensis_ssp_transmorrisonensis_6wks vs miscanthus_floridulus_6wks,FALSE
1440,-2.087395523063943,17.56166351371582,-1.0975557700361125,0.3345214780565965,0.669845450454092,-5.206852117050515,miscanthus_sinensis_ssp_transmorrisonensis_6wks vs miscanthus_floridulus_6wks,FALSE
1819,1.9327450467182352,17.53515887308548,1.096155385899325,0.33506520947110274,0.669845450454092,-5.20815905195389,miscanthus_sinensis_ssp_transmorrisonensis_6wks vs miscanthus_floridulus_6wks,FALSE
129,-1.081682079343068,23.14222914185858,-1.0936539962206808,0.33603842947267065,0.669845450454092,-5.210491518397096,miscanthus_sinensis_ssp_transmorrisonensis_6wks vs miscanthus_floridulus_6wks,FALSE
809,-2.317501733862187,21.107154119749563,-1.0936074546054333,0.3360565617912413,0.669845450454092,-5.210534892578034,miscanthus_sinensis_ssp_transmorrisonensis_6wks vs miscanthus_floridulus_6wks,FALSE
297,-3.9898479777372753,17.697698038501606,-1.0933915606846902,0.3361406843079761,0.669845450454092,-5.2107360819523505,miscanthus_sinensis_ssp_transmorrisonensis_6wks vs miscanthus_floridulus_6wks,FALSE
3863,-1.9869028968624747,17.479333362267695,-1.0920360009902208,0.33666931141969575,0.669845450454092,-5.211998874851519,miscanthus_sinensis_ssp_transmorrisonensis_6wks vs miscanthus_floridulus_6wks,FALSE
850,-1.5478760506233868,16.717776355971004,-1.0918117828877323,0.3367568223144036,0.669845450454092,-5.212207675564523,miscanthus_sinensis_ssp_transmorrisonensis_6wks vs miscanthus_floridulus_6wks,FALSE
3349,-1.3927545699058719,16.953648511404438,-1.0914012992130957,0.3369170849251505,0.669845450454092,-5.212589880205934,miscanthus_sinensis_ssp_transmorrisonensis_6wks vs miscanthus_floridulus_6wks,FALSE
4377,-0.9432099400809442,20.421732319930584,-1.0913392252255592,0.3369413261083623,0.669845450454092,-5.212647671722567,miscanthus_sinensis_ssp_transmorrisonensis_6wks vs miscanthus_floridulus_6wks,FALSE
1201,-2.6232004400567526,17.74413440262962,-1.0909453051390348,0.33709519695824847,0.669845450454092,-5.213014378150511,miscanthus_sinensis_ssp_transmorrisonensis_6wks vs miscanthus_floridulus_6wks,FALSE
3502,1.596494612901088,16.616593832756163,1.0880451808357152,0.33822998894079576,0.6708799745877159,-5.215712166911965,miscanthus_sinensis_ssp_transmorrisonensis_6wks vs miscanthus_floridulus_6wks,FALSE
1351,1.869639598557658,19.52254888053963,1.0877617202752612,0.33834108988666967,0.6708799745877159,-5.215975663284611,miscanthus_sinensis_ssp_transmorrisonensis_6wks vs miscanthus_floridulus_6wks,FALSE
3682,-1.7199512591660913,17.237758264877144,-1.0864136213917985,0.3388699228299943,0.6712091619223656,-5.217228356298424,miscanthus_sinensis_ssp_transmorrisonensis_6wks vs miscanthus_floridulus_6wks,FALSE
549,-1.0458123695238069,15.66329303397098,-1.0834168386870697,0.3400481823986989,0.6725981804473052,-5.220010329232114,miscanthus_sinensis_ssp_transmorrisonensis_6wks vs miscanthus_floridulus_6wks,FALSE
1620,-0.9160991269378975,16.257514140649413,-1.082738093855053,0.34031556175995514,0.6725981804473052,-5.220639897615433,miscanthus_sinensis_ssp_transmorrisonensis_6wks vs miscanthus_floridulus_6wks,FALSE
19,-0.8967546992024218,27.27507781210994,-1.078450334909149,0.3420090411313848,0.6725981804473052,-5.224612503789778,miscanthus_sinensis_ssp_transmorrisonensis_6wks vs miscanthus_floridulus_6wks,FALSE
5885,1.4664779085349,16.32574397865531,1.0782624393797882,0.34208342540639947,0.6725981804473052,-5.224786410740435,miscanthus_sinensis_ssp_transmorrisonensis_6wks vs miscanthus_floridulus_6wks,FALSE
162,2.7960941940947492,20.273674627291882,1.0781179966235852,0.3421406174744969,0.6725981804473052,-5.2249200897205235,miscanthus_sinensis_ssp_transmorrisonensis_6wks vs miscanthus_floridulus_6wks,FALSE
4358,-1.118249538320832,16.369152557154376,-1.0779106594826136,0.34222272763250255,0.6725981804473052,-5.2251119607350605,miscanthus_sinensis_ssp_transmorrisonensis_6wks vs miscanthus_floridulus_6wks,FALSE
1184,-2.108325946648984,16.920419247472157,-1.0731546290719085,0.34411110617510815,0.6725981804473052,-5.229508184858028,miscanthus_sinensis_ssp_transmorrisonensis_6wks vs miscanthus_floridulus_6wks,FALSE
942,1.010922344798395,22.57226734408027,1.0721799484427956,0.34449925926231945,0.6725981804473052,-5.230407932423938,miscanthus_sinensis_ssp_transmorrisonensis_6wks vs miscanthus_floridulus_6wks,FALSE
4186,1.911901641861462,17.24161954813432,1.0711909932332309,0.3448934996745491,0.6725981804473052,-5.23132043954499,miscanthus_sinensis_ssp_transmorrisonensis_6wks vs miscanthus_floridulus_6wks,FALSE
130,-0.9500620878927819,25.051619897107603,-1.0711839777122838,0.3448962978146189,0.6725981804473052,-5.231326911248555,miscanthus_sinensis_ssp_transmorrisonensis_6wks vs miscanthus_floridulus_6wks,FALSE
1809,-1.2970087325196076,16.41608773327622,-1.0711572893277923,0.3449069426616372,0.6725981804473052,-5.231351530653827,miscanthus_sinensis_ssp_transmorrisonensis_6wks vs miscanthus_floridulus_6wks,FALSE
4278,1.7281919199541491,17.069582144292628,1.0709043350874272,0.3450078498885607,0.6725981804473052,-5.231584859730967,miscanthus_sinensis_ssp_transmorrisonensis_6wks vs miscanthus_floridulus_6wks,FALSE
1283,1.4223983595129788,17.462245509462424,1.0700832426191595,0.345335578949842,0.6725981804473052,-5.2323420585012395,miscanthus_sinensis_ssp_transmorrisonensis_6wks vs miscanthus_floridulus_6wks,FALSE
1530,-1.5891816061231534,16.746371654517468,-1.0699440041267378,0.3453911820523057,0.6725981804473052,-5.2324704332254885,miscanthus_sinensis_ssp_transmorrisonensis_6wks vs miscanthus_floridulus_6wks,FALSE
2291,-0.9451801041931667,17.74349918807463,-1.0689466916937749,0.34578968130101956,0.6725981804473052,-5.233389687664726,miscanthus_sinensis_ssp_transmorrisonensis_6wks vs miscanthus_floridulus_6wks,FALSE
4153,-1.6100524328123171,18.988381770765606,-1.068618904252357,0.34592074656102895,0.6725981804473052,-5.233691725773017,miscanthus_sinensis_ssp_transmorrisonensis_6wks vs miscanthus_floridulus_6wks,FALSE
141,2.7312600307236146,17.554915107133642,1.0674625247930072,0.34638347954215293,0.6725981804473052,-5.234756894043123,miscanthus_sinensis_ssp_transmorrisonensis_6wks vs miscanthus_floridulus_6wks,FALSE
1977,-4.3234961236365095,18.481809348282376,-1.0666113271984645,0.346724447149556,0.6725981804473052,-5.235540581345234,miscanthus_sinensis_ssp_transmorrisonensis_6wks vs miscanthus_floridulus_6wks,FALSE
4453,-1.0415917570394875,16.444167632375517,-1.0656712269754776,0.34710137704320104,0.6725981804473052,-5.236405754126261,miscanthus_sinensis_ssp_transmorrisonensis_6wks vs miscanthus_floridulus_6wks,FALSE
1720,1.1135583585080795,17.073271175973815,1.0650988010538407,0.3473310693409354,0.6725981804473052,-5.2369323683065945,miscanthus_sinensis_ssp_transmorrisonensis_6wks vs miscanthus_floridulus_6wks,FALSE
2257,1.5263547033845146,16.427930006643805,1.063772708422194,0.3478637028630665,0.6725981804473052,-5.238151783442997,miscanthus_sinensis_ssp_transmorrisonensis_6wks vs miscanthus_floridulus_6wks,FALSE
5092,0.943479704492237,22.866674522272792,1.0635388881075298,0.34795769422393313,0.6725981804473052,-5.238366714418791,miscanthus_sinensis_ssp_transmorrisonensis_6wks vs miscanthus_floridulus_6wks,FALSE
4263,-1.3364426378443284,16.995552871419846,-1.0629063440239301,0.3482120791795612,0.6725981804473052,-5.238948038113863,miscanthus_sinensis_ssp_transmorrisonensis_6wks vs miscanthus_floridulus_6wks,FALSE
4270,0.9705170930918037,19.11648880285093,1.0626958034580936,0.3482967874964964,0.6725981804473052,-5.239141491260777,miscanthus_sinensis_ssp_transmorrisonensis_6wks vs miscanthus_floridulus_6wks,FALSE
1805,1.8379176743928198,22.75199119428428,1.0602187075615113,0.3492948033206471,0.6729507086609587,-5.241416086337001,miscanthus_sinensis_ssp_transmorrisonensis_6wks vs miscanthus_floridulus_6wks,FALSE
2887,2.1045462890421867,17.539394862286894,1.0601871331849906,0.3493075410785877,0.6729507086609587,-5.241445062125634,miscanthus_sinensis_ssp_transmorrisonensis_6wks vs miscanthus_floridulus_6wks,FALSE
3203,-2.290476742303138,17.596792203252882,-1.0595352645440304,0.3495706113638818,0.6729507086609587,-5.2420431835390024,miscanthus_sinensis_ssp_transmorrisonensis_6wks vs miscanthus_floridulus_6wks,FALSE
5622,-1.6093541462099434,16.574954256612397,-1.0568728904237275,0.35064689021432993,0.6741809596930608,-5.244484095246541,miscanthus_sinensis_ssp_transmorrisonensis_6wks vs miscanthus_floridulus_6wks,FALSE
5617,2.2285508808046117,17.360156438500248,1.0549099461741953,0.35144231811590904,0.6741809596930608,-5.2462817471605865,miscanthus_sinensis_ssp_transmorrisonensis_6wks vs miscanthus_floridulus_6wks,FALSE
5798,-2.164324815883173,18.914457819906076,-1.0545925618811196,0.35157108053115527,0.6741809596930608,-5.2465722449480445,miscanthus_sinensis_ssp_transmorrisonensis_6wks vs miscanthus_floridulus_6wks,FALSE
5551,2.3807257183445163,16.731364185086576,1.0511160980922696,0.3529842386415829,0.6741809596930608,-5.249751267860781,miscanthus_sinensis_ssp_transmorrisonensis_6wks vs miscanthus_floridulus_6wks,FALSE
3105,-0.9083647663875283,19.923472504107288,-1.0505094765483167,0.35323134493192077,0.6741809596930608,-5.250305434143484,miscanthus_sinensis_ssp_transmorrisonensis_6wks vs miscanthus_floridulus_6wks,FALSE
1446,-0.9492935973367409,16.412194586348,-1.0502828087012646,0.35332371730472895,0.6741809596930608,-5.250512459426123,miscanthus_sinensis_ssp_transmorrisonensis_6wks vs miscanthus_floridulus_6wks,FALSE
3505,-2.0359692605691997,17.02064352295454,-1.0489659846902775,0.35386077969511814,0.6741809596930608,-5.251714714021455,miscanthus_sinensis_ssp_transmorrisonensis_6wks vs miscanthus_floridulus_6wks,FALSE
5203,1.8740462195758845,16.262983142590492,1.0486753118779089,0.35397942767697577,0.6741809596930608,-5.25197999204085,miscanthus_sinensis_ssp_transmorrisonensis_6wks vs miscanthus_floridulus_6wks,FALSE
161,1.7611110898865405,19.474142044026003,1.0477249752722224,0.3543675873555129,0.6741809596930608,-5.252847036518868,miscanthus_sinensis_ssp_transmorrisonensis_6wks vs miscanthus_floridulus_6wks,FALSE
104,2.7252649766210304,20.900411940710583,1.0476711375257832,0.35438958843065477,0.6741809596930608,-5.252896143485479,miscanthus_sinensis_ssp_transmorrisonensis_6wks vs miscanthus_floridulus_6wks,FALSE
3704,-1.507999011425511,17.009376972289587,-1.047275913679303,0.3545511359749012,0.6741809596930608,-5.253256598581232,miscanthus_sinensis_ssp_transmorrisonensis_6wks vs miscanthus_floridulus_6wks,FALSE
388,-2.791167175383926,20.386720232838044,-1.0471986073087745,0.3545827425845125,0.6741809596930608,-5.253327095894288,miscanthus_sinensis_ssp_transmorrisonensis_6wks vs miscanthus_floridulus_6wks,FALSE
3535,-2.116641323520774,18.02749683631687,-1.0459563753416914,0.355090971801402,0.6744276421645241,-5.254459543408164,miscanthus_sinensis_ssp_transmorrisonensis_6wks vs miscanthus_floridulus_6wks,FALSE
243,-0.9256675253833926,24.63327336317291,-1.042972253247827,0.35631450409923093,0.6744276421645241,-5.257177083362269,miscanthus_sinensis_ssp_transmorrisonensis_6wks vs miscanthus_floridulus_6wks,FALSE
3553,4.784420291187459,19.094631418812224,1.0427033219176953,0.356424953760299,0.6744276421645241,-5.257421791505283,miscanthus_sinensis_ssp_transmorrisonensis_6wks vs miscanthus_floridulus_6wks,FALSE
369,-2.6503894492866404,16.532142420622286,-1.0420828146436505,0.35667991124639253,0.6744276421645241,-5.257986282843835,miscanthus_sinensis_ssp_transmorrisonensis_6wks vs miscanthus_floridulus_6wks,FALSE
106,-1.9512692881093976,17.15127220799257,-1.0417423699175097,0.35681986393899817,0.6744276421645241,-5.258295919613527,miscanthus_sinensis_ssp_transmorrisonensis_6wks vs miscanthus_floridulus_6wks,FALSE
5521,2.0068237980276074,16.61144099536466,1.0413695402696794,0.35697318567083497,0.6744276421645241,-5.258634950073986,miscanthus_sinensis_ssp_transmorrisonensis_6wks vs miscanthus_floridulus_6wks,FALSE
4509,-1.5007704462930533,19.005298141103545,-1.040661857915592,0.35726437260607224,0.6744276421645241,-5.259278302441569,miscanthus_sinensis_ssp_transmorrisonensis_6wks vs miscanthus_floridulus_6wks,FALSE
406,-0.8899217847032226,22.053544177744378,-1.0395967931259738,0.3577030078749337,0.6744452362133875,-5.2602461190317396,miscanthus_sinensis_ssp_transmorrisonensis_6wks vs miscanthus_floridulus_6wks,FALSE
5654,-1.2356211640035575,20.18530383246874,-1.038869470003243,0.358002822681917,0.6744452362133875,-5.260906733972122,miscanthus_sinensis_ssp_transmorrisonensis_6wks vs miscanthus_floridulus_6wks,FALSE
236,2.9513775938895854,22.035833831453044,1.0357447748887845,0.35929341313113355,0.6761880104705972,-5.2637420779146735,miscanthus_sinensis_ssp_transmorrisonensis_6wks vs miscanthus_floridulus_6wks,FALSE
1243,1.8893317710638602,16.588115556208784,1.0338975103134622,0.36005832628593654,0.6762588385106659,-5.265416167933972,miscanthus_sinensis_ssp_transmorrisonensis_6wks vs miscanthus_floridulus_6wks,FALSE
2032,-1.8875684843448077,24.235136970008657,-1.0331016292405326,0.3603883282678157,0.6762588385106659,-5.2661369517462235,miscanthus_sinensis_ssp_transmorrisonensis_6wks vs miscanthus_floridulus_6wks,FALSE
1587,3.1345922759504425,18.21327542372225,1.0323214737766029,0.3607120697564937,0.6762588385106659,-5.266843208990591,miscanthus_sinensis_ssp_transmorrisonensis_6wks vs miscanthus_floridulus_6wks,FALSE
41,-0.8683772095977034,25.56071404838277,-1.0321259926614883,0.3607932289783931,0.6762588385106659,-5.267020129437871,miscanthus_sinensis_ssp_transmorrisonensis_6wks vs miscanthus_floridulus_6wks,FALSE
238,-2.353562948701132,17.646325362512044,-1.0298639475221154,0.3617335537169731,0.6773350955226722,-5.269066104897623,miscanthus_sinensis_ssp_transmorrisonensis_6wks vs miscanthus_floridulus_6wks,FALSE
2196,1.295244704366631,16.80567380037869,1.028416664465798,0.36233632098596,0.677777749063727,-5.270373893768028,miscanthus_sinensis_ssp_transmorrisonensis_6wks vs miscanthus_floridulus_6wks,FALSE
4578,-1.451384711773862,17.132845291680884,-1.027336922200015,0.3627865921773307,0.6779345409374362,-5.271348929388044,miscanthus_sinensis_ssp_transmorrisonensis_6wks vs miscanthus_floridulus_6wks,FALSE
2988,1.439439797657414,17.396230508688618,1.025254057732902,0.36365657912340077,0.6787782755191116,-5.2732282677148925,miscanthus_sinensis_ssp_transmorrisonensis_6wks vs miscanthus_floridulus_6wks,FALSE
3108,1.2703372546593297,16.20178924414522,1.023923996446378,0.3642130923802254,0.6787782755191116,-5.274427296460598,miscanthus_sinensis_ssp_transmorrisonensis_6wks vs miscanthus_floridulus_6wks,FALSE
1950,2.670886502507802,18.682364835944572,1.0236237432912456,0.3643388257245826,0.6787782755191116,-5.274697854589389,miscanthus_sinensis_ssp_transmorrisonensis_6wks vs miscanthus_floridulus_6wks,FALSE
4299,1.9637464615429643,17.15134153376842,1.022251788997994,0.36491382942363465,0.679165577901131,-5.275933581582194,miscanthus_sinensis_ssp_transmorrisonensis_6wks vs miscanthus_floridulus_6wks,FALSE
2233,2.0873713209714886,20.246793512308535,1.0213687605950739,0.3652843409799166,0.6791718902641665,-5.276728459915381,miscanthus_sinensis_ssp_transmorrisonensis_6wks vs miscanthus_floridulus_6wks,FALSE
2449,2.1997635708759375,19.59432251157943,1.01998396282172,0.3658660583784186,0.6795704899599141,-5.277974274038171,miscanthus_sinensis_ssp_transmorrisonensis_6wks vs miscanthus_floridulus_6wks,FALSE
3175,2.1202168908377157,16.931852233366833,1.0188606932572206,0.3663385136814143,0.6797655469514708,-5.278984139629434,miscanthus_sinensis_ssp_transmorrisonensis_6wks vs miscanthus_floridulus_6wks,FALSE
3323,2.3457405698365896,17.2513392299396,1.017105622382486,0.3670777840838084,0.6804548101753963,-5.280560819159135,miscanthus_sinensis_ssp_transmorrisonensis_6wks vs miscanthus_floridulus_6wks,FALSE
67,3.410891128171503,21.786493777468305,1.015343743929117,0.3678212413374485,0.6811504469212009,-5.282142136474402,miscanthus_sinensis_ssp_transmorrisonensis_6wks vs miscanthus_floridulus_6wks,FALSE
1301,-1.2502897916184956,17.353670352564844,-1.0138285766556774,0.36846165222656707,0.6813519191259189,-5.283500838297036,miscanthus_sinensis_ssp_transmorrisonensis_6wks vs miscanthus_floridulus_6wks,FALSE
231,3.488889682976108,17.853216897565495,1.0131002639925333,0.3687698341616232,0.6813519191259189,-5.2841535491113945,miscanthus_sinensis_ssp_transmorrisonensis_6wks vs miscanthus_floridulus_6wks,FALSE
971,0.8948539917383904,16.488302607376177,1.0118330848511508,0.3693065741833364,0.6813519191259189,-5.2852885821982065,miscanthus_sinensis_ssp_transmorrisonensis_6wks vs miscanthus_floridulus_6wks,FALSE
5144,-1.0460514939451766,15.227891119737532,-1.0115031467511422,0.36944643875135136,0.6813519191259189,-5.285583986345775,miscanthus_sinensis_ssp_transmorrisonensis_6wks vs miscanthus_floridulus_6wks,FALSE
2175,-0.8704340655443232,16.524668999882763,-1.0107366899540724,0.36977152800130947,0.6813519191259189,-5.2862700171557355,miscanthus_sinensis_ssp_transmorrisonensis_6wks vs miscanthus_floridulus_6wks,FALSE
4588,1.7578985816139117,16.9423286294841,1.0098592221816773,0.3701440100466612,0.6813596204839037,-5.2870550622909365,miscanthus_sinensis_ssp_transmorrisonensis_6wks vs miscanthus_floridulus_6wks,FALSE
4124,-0.9376993148732744,16.72205958107465,-1.0082100396800648,0.37084497241266484,0.6816947503318566,-5.28852953104198,miscanthus_sinensis_ssp_transmorrisonensis_6wks vs miscanthus_floridulus_6wks,FALSE
4934,-1.7548704369777468,17.80481190255809,-1.0073780460531616,0.3711990410332795,0.6816947503318566,-5.289272883553311,miscanthus_sinensis_ssp_transmorrisonensis_6wks vs miscanthus_floridulus_6wks,FALSE
2712,-2.4660275663011184,20.988284730245343,-1.0068321474294042,0.3714315180186548,0.6816947503318566,-5.28976043927033,miscanthus_sinensis_ssp_transmorrisonensis_6wks vs miscanthus_floridulus_6wks,FALSE
3585,-1.640580840667882,16.36447677474572,-1.0050720612794926,0.3721819383529571,0.6823950306768788,-5.291331429490022,miscanthus_sinensis_ssp_transmorrisonensis_6wks vs miscanthus_floridulus_6wks,FALSE
847,2.71869560952873,20.452843199561926,1.002492828374504,0.37328400093062253,0.6826413750397986,-5.29363083202224,miscanthus_sinensis_ssp_transmorrisonensis_6wks vs miscanthus_floridulus_6wks,FALSE
233,-2.091232047696913,19.54791135888228,-1.0000573404649218,0.37432726017299767,0.6826413750397986,-5.295799095105078,miscanthus_sinensis_ssp_transmorrisonensis_6wks vs miscanthus_floridulus_6wks,FALSE
3726,-1.5516567266840973,17.01609134800888,-0.9996756079187633,0.3744910086877862,0.6826413750397986,-5.296138679361903,miscanthus_sinensis_ssp_transmorrisonensis_6wks vs miscanthus_floridulus_6wks,FALSE
421,3.116225574279504,18.15298950624055,0.9992524508455892,0.37467259977548445,0.6826413750397986,-5.296515030528305,miscanthus_sinensis_ssp_transmorrisonensis_6wks vs miscanthus_floridulus_6wks,FALSE
189,1.5369837424131028,28.27375819065822,0.998300258601145,0.37508149879272057,0.6826413750397986,-5.297361577089454,miscanthus_sinensis_ssp_transmorrisonensis_6wks vs miscanthus_floridulus_6wks,FALSE
396,1.6196352888313292,19.248251317480133,0.9981888237543092,0.3751293775863117,0.6826413750397986,-5.297460619025911,miscanthus_sinensis_ssp_transmorrisonensis_6wks vs miscanthus_floridulus_6wks,FALSE
5081,-2.199767525478098,19.851061077872686,-0.9980990407612892,0.3751679573802894,0.6826413750397986,-5.297540412601306,miscanthus_sinensis_ssp_transmorrisonensis_6wks vs miscanthus_floridulus_6wks,FALSE
2919,2.7610550917031134,17.337419011845824,0.9978656571754917,0.37526825860295954,0.6826413750397986,-5.2977478108979,miscanthus_sinensis_ssp_transmorrisonensis_6wks vs miscanthus_floridulus_6wks,FALSE
22,-0.8261215166484881,27.347681189308172,-0.9952097661772307,0.37641132796675714,0.6831540680864284,-5.300106094061113,miscanthus_sinensis_ssp_transmorrisonensis_6wks vs miscanthus_floridulus_6wks,FALSE
1023,-0.8450443701829222,21.01643679979619,-0.9945064182485477,0.37671454952349165,0.6831540680864284,-5.300730042548326,miscanthus_sinensis_ssp_transmorrisonensis_6wks vs miscanthus_floridulus_6wks,FALSE
46,-0.8271903079234839,25.359107532137763,-0.9942390015720737,0.37682989178502635,0.6831540680864284,-5.300967206686983,miscanthus_sinensis_ssp_transmorrisonensis_6wks vs miscanthus_floridulus_6wks,FALSE
3211,-0.8761621276027718,20.782765536740527,-0.9935882213967211,0.3771107149799325,0.6831540680864284,-5.301544216384347,miscanthus_sinensis_ssp_transmorrisonensis_6wks vs miscanthus_floridulus_6wks,FALSE
923,-1.4236485143413091,17.601373045736285,-0.9929028643781668,0.37740665557786784,0.6831540680864284,-5.302151655651297,miscanthus_sinensis_ssp_transmorrisonensis_6wks vs miscanthus_floridulus_6wks,FALSE
1210,-1.549152418625436,17.135397437110008,-0.9919123437711704,0.3778347243488319,0.6831540680864284,-5.30302915126598,miscanthus_sinensis_ssp_transmorrisonensis_6wks vs miscanthus_floridulus_6wks,FALSE
4261,-1.1543665476853455,18.246207598460707,-0.9912180899199049,0.37813500849756904,0.6831540680864284,-5.303643894433995,miscanthus_sinensis_ssp_transmorrisonensis_6wks vs miscanthus_floridulus_6wks,FALSE
1458,1.880803880277277,17.36036129967311,0.9903278179862036,0.3785203795091189,0.6831831239920683,-5.304431854028283,miscanthus_sinensis_ssp_transmorrisonensis_6wks vs miscanthus_floridulus_6wks,FALSE
5643,-0.8251761859919569,15.723792414748209,-0.9892334312222659,0.3789945730540267,0.6833722808479038,-5.305399927725773,miscanthus_sinensis_ssp_transmorrisonensis_6wks vs miscanthus_floridulus_6wks,FALSE
4065,-1.9102007869480992,18.512064728920286,-0.987776855532875,0.37962650190380537,0.6835837603275662,-5.306687455509016,miscanthus_sinensis_ssp_transmorrisonensis_6wks vs miscanthus_floridulus_6wks,FALSE
119,-0.9642813627139368,24.739366973984318,-0.9872602054045915,0.37985086790093947,0.6835837603275662,-5.3071438880404616,miscanthus_sinensis_ssp_transmorrisonensis_6wks vs miscanthus_floridulus_6wks,FALSE
246,-3.7522121640281068,17.364017741767018,-0.9853956113633425,0.3806615634990789,0.6839477594536665,-5.308790038963835,miscanthus_sinensis_ssp_transmorrisonensis_6wks vs miscanthus_floridulus_6wks,FALSE
6034,-1.3396465312024688,16.954996394693506,-0.9850946979391455,0.38079253634447374,0.6839477594536665,-5.309055535181207,miscanthus_sinensis_ssp_transmorrisonensis_6wks vs miscanthus_floridulus_6wks,FALSE
5476,-0.8264235189719962,20.028198916219626,-0.9841478323119865,0.3812049153461418,0.6839871231103835,-5.309890657351353,miscanthus_sinensis_ssp_transmorrisonensis_6wks vs miscanthus_floridulus_6wks,FALSE
3178,-1.989500186017274,17.163692866176206,-0.982009060867065,0.3821378174882106,0.6839871231103835,-5.311775354049902,miscanthus_sinensis_ssp_transmorrisonensis_6wks vs miscanthus_floridulus_6wks,FALSE
4281,-0.8469074474314944,16.644677422166946,-0.9817868763233327,0.3822348445254706,0.6839871231103835,-5.311971011276785,miscanthus_sinensis_ssp_transmorrisonensis_6wks vs miscanthus_floridulus_6wks,FALSE
1332,-1.4761287454173448,16.824360708441787,-0.9816529419251937,0.382293343403317,0.6839871231103835,-5.3120889427151905,miscanthus_sinensis_ssp_transmorrisonensis_6wks vs miscanthus_floridulus_6wks,FALSE
217,-1.8050628433098943,16.79885327353592,-0.9807560420900396,0.38268528439272476,0.6840268368372374,-5.312878442896889,miscanthus_sinensis_ssp_transmorrisonensis_6wks vs miscanthus_floridulus_6wks,FALSE
834,-2.8349265058762576,17.471873049911945,-0.9793957199370033,0.38328040216291437,0.6844292895766328,-5.314075091621157,miscanthus_sinensis_ssp_transmorrisonensis_6wks vs miscanthus_floridulus_6wks,FALSE
2874,-1.4900312284996424,16.797168208761775,-0.9768569588645105,0.3843932068617567,0.6857545156164416,-5.316305864998816,miscanthus_sinensis_ssp_transmorrisonensis_6wks vs miscanthus_floridulus_6wks,FALSE
4,-1.0279796604609501,23.82519548858497,-0.9744345640242753,0.38545760528496215,0.6868115290717568,-5.318431312439345,miscanthus_sinensis_ssp_transmorrisonensis_6wks vs miscanthus_floridulus_6wks,FALSE
1593,-1.582894218741865,16.40001595911741,-0.9734547445913874,0.38588885891018615,0.6868115290717568,-5.31929016517666,miscanthus_sinensis_ssp_transmorrisonensis_6wks vs miscanthus_floridulus_6wks,FALSE
2783,-1.0390304560614414,15.740619756082886,-0.9718221910567448,0.38660832808814277,0.6868115290717568,-5.32072006802192,miscanthus_sinensis_ssp_transmorrisonensis_6wks vs miscanthus_floridulus_6wks,FALSE
3091,-1.1892155613670603,18.692477056274,-0.968956070654399,0.38787422729923526,0.6868115290717568,-5.323227081851458,miscanthus_sinensis_ssp_transmorrisonensis_6wks vs miscanthus_floridulus_6wks,FALSE
3523,-1.3219557090075789,20.578421391206962,-0.9674766264260033,0.38852905823929723,0.6868115290717568,-5.324519494223752,miscanthus_sinensis_ssp_transmorrisonensis_6wks vs miscanthus_floridulus_6wks,FALSE
1902,-2.623829324624772,20.813918709261053,-0.9664891915360332,0.38896664494036826,0.6868115290717568,-5.325381463757445,miscanthus_sinensis_ssp_transmorrisonensis_6wks vs miscanthus_floridulus_6wks,FALSE
2943,-0.8246857034798154,21.694658375240245,-0.9662791960104108,0.38905976010135956,0.6868115290717568,-5.3255647113580284,miscanthus_sinensis_ssp_transmorrisonensis_6wks vs miscanthus_floridulus_6wks,FALSE
1419,-2.1418379390267397,17.544097656316268,-0.9654317862994277,0.38943570885304657,0.6868115290717568,-5.32630394963092,miscanthus_sinensis_ssp_transmorrisonensis_6wks vs miscanthus_floridulus_6wks,FALSE
5412,-1.0565828840358655,16.08684986666703,-0.9653419765085822,0.3894755707645268,0.6868115290717568,-5.326382273282853,miscanthus_sinensis_ssp_transmorrisonensis_6wks vs miscanthus_floridulus_6wks,FALSE
389,2.2169085567935554,18.018513505696305,0.9644828809032573,0.3898570558727539,0.6868115290717568,-5.3271312827381205,miscanthus_sinensis_ssp_transmorrisonensis_6wks vs miscanthus_floridulus_6wks,FALSE
1334,0.9701862666299057,16.868670301313454,0.9642494412289728,0.3899607711793169,0.6868115290717568,-5.327334742348141,miscanthus_sinensis_ssp_transmorrisonensis_6wks vs miscanthus_floridulus_6wks,FALSE
366,-0.8347681207741999,21.315283334036003,-0.9635642491322007,0.39026533311634065,0.6868115290717568,-5.32793177228663,miscanthus_sinensis_ssp_transmorrisonensis_6wks vs miscanthus_floridulus_6wks,FALSE
5009,-1.1506005076090382,16.909733361023616,-0.9633044697186053,0.39038085616354934,0.6868115290717568,-5.32815806218739,miscanthus_sinensis_ssp_transmorrisonensis_6wks vs miscanthus_floridulus_6wks,FALSE
5205,-1.239596985108328,17.26546039300422,-0.9621628941113654,0.39088885883762753,0.6868115290717568,-5.3291520520511,miscanthus_sinensis_ssp_transmorrisonensis_6wks vs miscanthus_floridulus_6wks,FALSE
4392,-0.8531521962075992,23.25368922522717,-0.9608714558066067,0.3914642338779,0.6868115290717568,-5.330275705183723,miscanthus_sinensis_ssp_transmorrisonensis_6wks vs miscanthus_floridulus_6wks,FALSE
274,1.1521089140106255,22.62527039615056,0.9598024771941017,0.3919410452630319,0.6868115290717568,-5.331205137192916,miscanthus_sinensis_ssp_transmorrisonensis_6wks vs miscanthus_floridulus_6wks,FALSE
4547,-0.8083326555438433,18.547099922071546,-0.9594325423636983,0.39210616826778766,0.6868115290717568,-5.331526639772762,miscanthus_sinensis_ssp_transmorrisonensis_6wks vs miscanthus_floridulus_6wks,FALSE
3740,-1.9727665582985985,17.029628168075003,-0.9589966590216821,0.392300804300518,0.6868115290717568,-5.331905364196118,miscanthus_sinensis_ssp_transmorrisonensis_6wks vs miscanthus_floridulus_6wks,FALSE
1759,2.041639471489315,17.001896792295057,0.95875900031695,0.3924069614548272,0.6868115290717568,-5.332111815642429,miscanthus_sinensis_ssp_transmorrisonensis_6wks vs miscanthus_floridulus_6wks,FALSE
4103,-2.8670508250313222,17.126920648771286,-0.958750642287287,0.3924106952588362,0.6868115290717568,-5.332119075626148,miscanthus_sinensis_ssp_transmorrisonensis_6wks vs miscanthus_floridulus_6wks,FALSE
1707,0.8642348279115097,17.348603088726563,0.9562640181455904,0.39352290219411146,0.6872381365615751,-5.334277376553358,miscanthus_sinensis_ssp_transmorrisonensis_6wks vs miscanthus_floridulus_6wks,FALSE
6037,1.0633197742213554,17.394064063384246,0.9554769006950812,0.39387552213204796,0.6872381365615751,-5.334959883954142,miscanthus_sinensis_ssp_transmorrisonensis_6wks vs miscanthus_floridulus_6wks,FALSE
5058,0.8585977053615217,16.72206890304512,0.9551702281603206,0.3940129811415458,0.6872381365615751,-5.335225709863575,miscanthus_sinensis_ssp_transmorrisonensis_6wks vs miscanthus_floridulus_6wks,FALSE
1165,0.8450468593820002,15.216007877830629,0.9548861299082864,0.3941403583199087,0.6872381365615751,-5.335471923654564,miscanthus_sinensis_ssp_transmorrisonensis_6wks vs miscanthus_floridulus_6wks,FALSE
3251,-0.7931756802034329,16.830623628142444,-0.9502229432049903,0.39623615720911437,0.6902418934433725,-5.339507130625551,miscanthus_sinensis_ssp_transmorrisonensis_6wks vs miscanthus_floridulus_6wks,FALSE
5811,1.920173964899739,16.305701753612976,0.9490403674802411,0.39676915647628364,0.6905201688439555,-5.34052860436358,miscanthus_sinensis_ssp_transmorrisonensis_6wks vs miscanthus_floridulus_6wks,FALSE
3949,-0.8162747164645374,15.941820574543668,-0.946423972622882,0.39795056378397226,0.6916447662451569,-5.342785899728214,miscanthus_sinensis_ssp_transmorrisonensis_6wks vs miscanthus_floridulus_6wks,FALSE
3929,1.9848059914266258,17.418198902149275,0.9459540532154969,0.3981630681357255,0.6916447662451569,-5.3431909325112015,miscanthus_sinensis_ssp_transmorrisonensis_6wks vs miscanthus_floridulus_6wks,FALSE
4770,-2.3083065630173003,19.8101191457628,-0.9436932927065934,0.3991867662598953,0.6918088811614898,-5.3451378602011035,miscanthus_sinensis_ssp_transmorrisonensis_6wks vs miscanthus_floridulus_6wks,FALSE
4923,-1.4617863167132104,16.617130251592236,-0.9422738349306098,0.39983065535018797,0.6918088811614898,-5.346358859389723,miscanthus_sinensis_ssp_transmorrisonensis_6wks vs miscanthus_floridulus_6wks,FALSE
4149,0.8553030003002622,16.38015425078957,0.9416541324196616,0.40011203894142566,0.6918088811614898,-5.346891576802774,miscanthus_sinensis_ssp_transmorrisonensis_6wks vs miscanthus_floridulus_6wks,FALSE
5557,-1.299038250547806,18.930892280939176,-0.9413293332557142,0.4002595851524888,0.6918088811614898,-5.347170701949141,miscanthus_sinensis_ssp_transmorrisonensis_6wks vs miscanthus_floridulus_6wks,FALSE
3588,-1.1169507583629432,17.451648607930775,-0.9385484475640165,0.40152474613864386,0.6918088811614898,-5.3495581833223405,miscanthus_sinensis_ssp_transmorrisonensis_6wks vs miscanthus_floridulus_6wks,FALSE
5920,-1.335636065822074,16.232186672537342,-0.9372786081304704,0.4021035847462265,0.6918088811614898,-5.350646979279939,miscanthus_sinensis_ssp_transmorrisonensis_6wks vs miscanthus_floridulus_6wks,FALSE
2958,-1.8807121499912185,19.03410998279634,-0.9363481342756872,0.4025281768706044,0.6918088811614898,-5.351444233832295,miscanthus_sinensis_ssp_transmorrisonensis_6wks vs miscanthus_floridulus_6wks,FALSE
6197,0.9453677176793338,16.370008439814306,0.9354886101230773,0.40292073056012817,0.6918088811614898,-5.352180275399824,miscanthus_sinensis_ssp_transmorrisonensis_6wks vs miscanthus_floridulus_6wks,FALSE
383,-1.8345977068541366,21.27763244353889,-0.9350416144940945,0.4031250061727583,0.6918088811614898,-5.352562893743519,miscanthus_sinensis_ssp_transmorrisonensis_6wks vs miscanthus_floridulus_6wks,FALSE
3759,-1.1346889394276474,16.890253250578724,-0.934526983127649,0.40336029961144904,0.6918088811614898,-5.353003270932137,miscanthus_sinensis_ssp_transmorrisonensis_6wks vs miscanthus_floridulus_6wks,FALSE
282,1.9477798483352018,17.591287360043772,0.9339559025737098,0.4036215380169295,0.6918088811614898,-5.353491782132779,miscanthus_sinensis_ssp_transmorrisonensis_6wks vs miscanthus_floridulus_6wks,FALSE
4302,-0.7845280392006835,19.037174035192574,-0.9338010023181129,0.40369242115173243,0.6918088811614898,-5.3536242553088815,miscanthus_sinensis_ssp_transmorrisonensis_6wks vs miscanthus_floridulus_6wks,FALSE
374,-0.7917505164073617,20.231675478614623,-0.9337350714677422,0.4037225946332038,0.6918088811614898,-5.353680636422316,miscanthus_sinensis_ssp_transmorrisonensis_6wks vs miscanthus_floridulus_6wks,FALSE
1086,1.652941861878599,18.014038587267333,0.9336125546495937,0.4037786699422526,0.6918088811614898,-5.3537854009726225,miscanthus_sinensis_ssp_transmorrisonensis_6wks vs miscanthus_floridulus_6wks,FALSE
469,-1.4120754020382407,16.546585003878995,-0.9309588426803355,0.4049948763733274,0.6918088811614898,-5.356052569444915,miscanthus_sinensis_ssp_transmorrisonensis_6wks vs miscanthus_floridulus_6wks,FALSE
1335,-2.0370251622388693,20.11745184366237,-0.9307780374685021,0.4050778525643112,0.6918088811614898,-5.3562068968914875,miscanthus_sinensis_ssp_transmorrisonensis_6wks vs miscanthus_floridulus_6wks,FALSE
2905,1.0504943975854282,16.661933665244597,0.9290629446685362,0.4058656668864946,0.6918088811614898,-5.357669925880164,miscanthus_sinensis_ssp_transmorrisonensis_6wks vs miscanthus_floridulus_6wks,FALSE
2467,-0.9399605103501685,16.542403055731683,-0.9288026203134894,0.4059853577387754,0.6918088811614898,-5.357891848463347,miscanthus_sinensis_ssp_transmorrisonensis_6wks vs miscanthus_floridulus_6wks,FALSE
2166,-0.7693459549334705,22.137745535501036,-0.9278911620855343,0.4064046587971952,0.6918088811614898,-5.358668556610765,miscanthus_sinensis_ssp_transmorrisonensis_6wks vs miscanthus_floridulus_6wks,FALSE
3614,-1.5762535513298488,17.669270639039382,-0.9277475343519638,0.4064707656120456,0.6918088811614898,-5.35879090834376,miscanthus_sinensis_ssp_transmorrisonensis_6wks vs miscanthus_floridulus_6wks,FALSE
1762,-2.034887985151464,17.414933263621773,-0.9275337746854613,0.4065691684817184,0.6918088811614898,-5.3589729819406555,miscanthus_sinensis_ssp_transmorrisonensis_6wks vs miscanthus_floridulus_6wks,FALSE
4019,-1.9423391191541768,17.172064800554086,-0.9274528813356392,0.40660641244466106,0.6918088811614898,-5.359041877667955,miscanthus_sinensis_ssp_transmorrisonensis_6wks vs miscanthus_floridulus_6wks,FALSE
291,1.5609697766679034,16.774675034629603,0.9262178071700183,0.40717540785340217,0.6918088811614898,-5.360093321044484,miscanthus_sinensis_ssp_transmorrisonensis_6wks vs miscanthus_floridulus_6wks,FALSE
3049,-1.5882742652537125,17.222421849202767,-0.9244281079281444,0.40800110732828515,0.6918088811614898,-5.361615420206275,miscanthus_sinensis_ssp_transmorrisonensis_6wks vs miscanthus_floridulus_6wks,FALSE
4015,-1.2345025899091908,16.840329534832392,-0.9238541456375083,0.4082662100547559,0.6918088811614898,-5.362103183736658,miscanthus_sinensis_ssp_transmorrisonensis_6wks vs miscanthus_floridulus_6wks,FALSE
2555,-1.938346239709663,16.881237606190165,-0.9236916894869437,0.4083412718984112,0.6918088811614898,-5.362241208482548,miscanthus_sinensis_ssp_transmorrisonensis_6wks vs miscanthus_floridulus_6wks,FALSE
4566,1.8818893645802532,17.285667241569495,0.9236636787458683,0.40835421525856586,0.6918088811614898,-5.362265005261767,miscanthus_sinensis_ssp_transmorrisonensis_6wks vs miscanthus_floridulus_6wks,FALSE
5315,-0.7973833739711971,16.09853111061392,-0.922817585292718,0.40874534551326497,0.6918379590114732,-5.362983604787539,miscanthus_sinensis_ssp_transmorrisonensis_6wks vs miscanthus_floridulus_6wks,FALSE
363,-0.7567376723069259,22.2167910459236,-0.9193183322539834,0.4103663179577025,0.6934556784828059,-5.365951308943717,miscanthus_sinensis_ssp_transmorrisonensis_6wks vs miscanthus_floridulus_6wks,FALSE
3360,-1.0156133962996812,15.52522274668092,-0.9182738237991058,0.4108512142414119,0.6934556784828059,-5.366835818627456,miscanthus_sinensis_ssp_transmorrisonensis_6wks vs miscanthus_floridulus_6wks,FALSE
3538,-0.9834646050212807,16.461128386106907,-0.917631856768203,0.41114947552958314,0.6934556784828059,-5.367379143348504,miscanthus_sinensis_ssp_transmorrisonensis_6wks vs miscanthus_floridulus_6wks,FALSE
4047,-0.8485582212564644,21.5906408234597,-0.9175221257786297,0.4112004752949395,0.6934556784828059,-5.367471990200136,miscanthus_sinensis_ssp_transmorrisonensis_6wks vs miscanthus_floridulus_6wks,FALSE
3991,-0.9460496063866977,24.4687251867156,-0.9142042134611785,0.41274504961315933,0.6954265407871992,-5.370276164555708,miscanthus_sinensis_ssp_transmorrisonensis_6wks vs miscanthus_floridulus_6wks,FALSE
263,1.7857116063357097,17.454935492844857,0.9107104322160945,0.414376741140685,0.6963296446980953,-5.3732222224670485,miscanthus_sinensis_ssp_transmorrisonensis_6wks vs miscanthus_floridulus_6wks,FALSE
5797,-3.27214911169116,18.6062777092405,-0.9085522360010988,0.41538736841305013,0.6963296446980953,-5.375038598032054,miscanthus_sinensis_ssp_transmorrisonensis_6wks vs miscanthus_floridulus_6wks,FALSE
505,-1.621870756183366,16.93050784020454,-0.9085467502131155,0.4153899398843475,0.6963296446980953,-5.375043211572326,miscanthus_sinensis_ssp_transmorrisonensis_6wks vs miscanthus_floridulus_6wks,FALSE
4469,-0.7636412881404979,17.508236476788845,-0.9084599063219756,0.41543064985745715,0.6963296446980953,-5.3751162448714505,miscanthus_sinensis_ssp_transmorrisonensis_6wks vs miscanthus_floridulus_6wks,FALSE
1232,-2.663977066085206,18.07879357808342,-0.906507262043154,0.41634687361110156,0.6963296446980953,-5.376757222974605,miscanthus_sinensis_ssp_transmorrisonensis_6wks vs miscanthus_floridulus_6wks,FALSE
3497,-0.7666990311524096,17.022356679985958,-0.9063144494268497,0.41643743686816537,0.6963296446980953,-5.376919141604527,miscanthus_sinensis_ssp_transmorrisonensis_6wks vs miscanthus_floridulus_6wks,FALSE
31,0.7870323254570586,23.844733199015856,0.906225201752513,0.41647936167552974,0.6963296446980953,-5.376994082067316,miscanthus_sinensis_ssp_transmorrisonensis_6wks vs miscanthus_floridulus_6wks,FALSE
5382,0.8048942035895301,17.021754742730497,0.9058649884479067,0.4166486105007827,0.6963296446980953,-5.37729650338323,miscanthus_sinensis_ssp_transmorrisonensis_6wks vs miscanthus_floridulus_6wks,FALSE
4955,0.7524372774206967,23.571476137333136,0.9047873838322393,0.41715527298731103,0.6963296446980953,-5.378200773372147,miscanthus_sinensis_ssp_transmorrisonensis_6wks vs miscanthus_floridulus_6wks,FALSE
1818,-0.7560693855908518,18.87323473251663,-0.9047473053744457,0.417174126759918,0.6963296446980953,-5.378234392244599,miscanthus_sinensis_ssp_transmorrisonensis_6wks vs miscanthus_floridulus_6wks,FALSE
2250,-2.292147996108463,17.014677486173788,-0.9042218192901057,0.4174213924163177,0.6963296446980953,-5.378675098279048,miscanthus_sinensis_ssp_transmorrisonensis_6wks vs miscanthus_floridulus_6wks,FALSE
143,1.7682929243787768,17.423574546595617,0.9015856720869181,0.4186636637580659,0.6975230240721101,-5.38088353384976,miscanthus_sinensis_ssp_transmorrisonensis_6wks vs miscanthus_floridulus_6wks,FALSE
3340,-0.7668004648596423,19.36087422602383,-0.9009022956597885,0.41898620284835675,0.6975230240721101,-5.381455377387829,miscanthus_sinensis_ssp_transmorrisonensis_6wks vs miscanthus_floridulus_6wks,FALSE
69,1.1308770124186687,27.832878538822143,0.898899356352332,0.4199327369661176,0.6975230240721101,-5.383129859838553,miscanthus_sinensis_ssp_transmorrisonensis_6wks vs miscanthus_floridulus_6wks,FALSE
188,-0.7764228289289186,22.945238348112937,-0.8987769424196597,0.41999064395825403,0.6975230240721101,-5.383232123883624,miscanthus_sinensis_ssp_transmorrisonensis_6wks vs miscanthus_floridulus_6wks,FALSE
2383,-0.9809825658736813,21.218353459083325,-0.8984319791979636,0.42015386187762294,0.6975230240721101,-5.38352025772438,miscanthus_sinensis_ssp_transmorrisonensis_6wks vs miscanthus_floridulus_6wks,FALSE
1888,-0.8454793965701892,16.087321117588985,-0.8972240801165627,0.4207257891900034,0.6975230240721101,-5.38452862124235,miscanthus_sinensis_ssp_transmorrisonensis_6wks vs miscanthus_floridulus_6wks,FALSE
2852,-1.244490802376145,17.05527008795281,-0.897117992711767,0.42077605127809453,0.6975230240721101,-5.384617143234837,miscanthus_sinensis_ssp_transmorrisonensis_6wks vs miscanthus_floridulus_6wks,FALSE
3615,-1.2229237619656903,16.239471345239238,-0.8944128218823264,0.4220593897216785,0.6990240563877397,-5.386872186360847,miscanthus_sinensis_ssp_transmorrisonensis_6wks vs miscanthus_floridulus_6wks,FALSE
384,-0.849637757064519,16.294581092268658,-0.891069641649556,0.4236498769013534,0.7010306549798783,-5.389653157642467,miscanthus_sinensis_ssp_transmorrisonensis_6wks vs miscanthus_floridulus_6wks,FALSE
4286,0.8060467637066608,18.609029486646463,0.8888821621448377,0.42469322938220927,0.7015149655608192,-5.391469221081216,miscanthus_sinensis_ssp_transmorrisonensis_6wks vs miscanthus_floridulus_6wks,FALSE
6046,-1.228722723771277,20.690774182698267,-0.8888659872996653,0.4247009521233068,0.7015149655608192,-5.391482639062424,miscanthus_sinensis_ssp_transmorrisonensis_6wks vs miscanthus_floridulus_6wks,FALSE
1613,1.587461964499969,18.223536927163806,0.8874991659944548,0.4253539649895757,0.7019202089741555,-5.39261593908505,miscanthus_sinensis_ssp_transmorrisonensis_6wks vs miscanthus_floridulus_6wks,FALSE
2769,-0.7576305478883185,20.152847299976845,-0.8867648762453888,0.4257051213345959,0.7019202089741555,-5.393224319355529,miscanthus_sinensis_ssp_transmorrisonensis_6wks vs miscanthus_floridulus_6wks,FALSE
387,2.7596117811517686,20.178327712745755,0.8854245814446127,0.4263467012818884,0.7023520902684715,-5.39433396879099,miscanthus_sinensis_ssp_transmorrisonensis_6wks vs miscanthus_floridulus_6wks,FALSE
1875,2.1042290687103993,17.405769003311356,0.8828926885414237,0.4275608558324719,0.7030013537052672,-5.396427249070985,miscanthus_sinensis_ssp_transmorrisonensis_6wks vs miscanthus_floridulus_6wks,FALSE
4317,-0.8187721998683308,17.610928683760942,-0.8820147174208082,0.42798254571140826,0.7030013537052672,-5.397152233938323,miscanthus_sinensis_ssp_transmorrisonensis_6wks vs miscanthus_floridulus_6wks,FALSE
1401,-0.7403937307737252,19.561987815691687,-0.8814768304528777,0.428241061965358,0.7030013537052672,-5.397596167157267,miscanthus_sinensis_ssp_transmorrisonensis_6wks vs miscanthus_floridulus_6wks,FALSE
5803,-1.2826573233687952,18.514442931890912,-0.8795925303353898,0.42914769642274564,0.7030013537052672,-5.399149969821909,miscanthus_sinensis_ssp_transmorrisonensis_6wks vs miscanthus_floridulus_6wks,FALSE
1872,-0.846406200157805,20.884376127783984,-0.8792803102801628,0.42929807384478585,0.7030013537052672,-5.39940722283207,miscanthus_sinensis_ssp_transmorrisonensis_6wks vs miscanthus_floridulus_6wks,FALSE
3703,-0.7478273231096892,26.199304371585193,-0.8787261388780728,0.4295650910733065,0.7030013537052672,-5.399863687316897,miscanthus_sinensis_ssp_transmorrisonensis_6wks vs miscanthus_floridulus_6wks,FALSE
486,-2.5620686569272237,17.32024968026636,-0.8783630551199635,0.4297401101716827,0.7030013537052672,-5.4001626553481765,miscanthus_sinensis_ssp_transmorrisonensis_6wks vs miscanthus_floridulus_6wks,FALSE
5281,0.8948483225474568,19.136186604719857,0.8758015777484717,0.4309764948900142,0.7030013537052672,-5.402269561340483,miscanthus_sinensis_ssp_transmorrisonensis_6wks vs miscanthus_floridulus_6wks,FALSE
10,3.6600739700719167,23.27509428191612,0.8744406692624667,0.43163456909086695,0.7030013537052672,-5.403387350982077,miscanthus_sinensis_ssp_transmorrisonensis_6wks vs miscanthus_floridulus_6wks,FALSE
1158,0.7269431041229648,16.183762494042735,0.8740465030145151,0.4318253238030993,0.7030013537052672,-5.403710893026459,miscanthus_sinensis_ssp_transmorrisonensis_6wks vs miscanthus_floridulus_6wks,FALSE
1269,-1.328611910048675,17.181033790982458,-0.873804530546905,0.43194245930993846,0.7030013537052672,-5.403909463952161,miscanthus_sinensis_ssp_transmorrisonensis_6wks vs miscanthus_floridulus_6wks,FALSE
6010,1.4497536411796563,16.413920146384118,0.87310866113011,0.4322794649655625,0.7030013537052672,-5.404480321240516,miscanthus_sinensis_ssp_transmorrisonensis_6wks vs miscanthus_floridulus_6wks,FALSE
5623,0.8699553594082623,17.1174152000048,0.8729303793083144,0.43236584046732773,0.7030013537052672,-5.404626527852493,miscanthus_sinensis_ssp_transmorrisonensis_6wks vs miscanthus_floridulus_6wks,FALSE
1548,-0.7813040227290884,16.7630492390249,-0.8727158278456322,0.4324698069162762,0.7030013537052672,-5.40480245324713,miscanthus_sinensis_ssp_transmorrisonensis_6wks vs miscanthus_floridulus_6wks,FALSE
3627,-1.8826049106563794,19.61419924104198,-0.8717996334070578,0.43291400271109615,0.7030013537052672,-5.405553390233344,miscanthus_sinensis_ssp_transmorrisonensis_6wks vs miscanthus_floridulus_6wks,FALSE
268,-0.8059100129199521,20.911327804096455,-0.871225955661266,0.43319232704611044,0.7030013537052672,-5.406023332780758,miscanthus_sinensis_ssp_transmorrisonensis_6wks vs miscanthus_floridulus_6wks,FALSE
2636,-0.8342873012053182,16.512605851029367,-0.8711587038254155,0.43322496438723257,0.7030013537052672,-5.4060784107523645,miscanthus_sinensis_ssp_transmorrisonensis_6wks vs miscanthus_floridulus_6wks,FALSE
3289,-0.7152136691722824,16.133449650317818,-0.8704256729091705,0.43358083490687016,0.7030013537052672,-5.406678571229381,miscanthus_sinensis_ssp_transmorrisonensis_6wks vs miscanthus_floridulus_6wks,FALSE
93,1.2461999915129187,16.604114974863254,0.8693004014479564,0.4341275943072679,0.7032714969075705,-5.407599239421263,miscanthus_sinensis_ssp_transmorrisonensis_6wks vs miscanthus_floridulus_6wks,FALSE
3561,1.7867219959189349,17.174245741252655,0.8675545358254253,0.43497700890289914,0.7037279079989428,-5.40902613778807,miscanthus_sinensis_ssp_transmorrisonensis_6wks vs miscanthus_floridulus_6wks,FALSE
5755,1.7520412191439938,17.083586397546178,0.8665592766790858,0.43546183793754184,0.7037279079989428,-5.409838733417171,miscanthus_sinensis_ssp_transmorrisonensis_6wks vs miscanthus_floridulus_6wks,FALSE
1255,1.9095452867367726,17.727376957949073,0.8663773356439799,0.43555051603177813,0.7037279079989428,-5.409987216817556,miscanthus_sinensis_ssp_transmorrisonensis_6wks vs miscanthus_floridulus_6wks,FALSE
5060,1.3121105801246102,17.093430868775915,0.8648288889775578,0.4363058249408922,0.7043331379935869,-5.4112500969201784,miscanthus_sinensis_ssp_transmorrisonensis_6wks vs miscanthus_floridulus_6wks,FALSE
2282,1.7672250031214993,17.456667755042357,0.8617045722149378,0.4378330659887378,0.7061823644979641,-5.413793752879922,miscanthus_sinensis_ssp_transmorrisonensis_6wks vs miscanthus_floridulus_6wks,FALSE
4427,-0.8886276872607528,16.204387353481504,-0.8605037932338264,0.43842119075321434,0.706514985098821,-5.414769769768937,miscanthus_sinensis_ssp_transmorrisonensis_6wks vs miscanthus_floridulus_6wks,FALSE
1415,-1.2372532176924835,16.800732554775507,-0.8570709574146538,0.44010608480857905,0.7079059042240432,-5.417555143491624,miscanthus_sinensis_ssp_transmorrisonensis_6wks vs miscanthus_floridulus_6wks,FALSE
2930,-0.9230579801594168,17.086847862807648,-0.8564078797426933,0.44043213895954375,0.7079059042240432,-5.418092319733995,miscanthus_sinensis_ssp_transmorrisonensis_6wks vs miscanthus_floridulus_6wks,FALSE
801,0.7042930396774629,16.20434160732924,0.8564076174411647,0.4404322679793912,0.7079059042240432,-5.418092532177319,miscanthus_sinensis_ssp_transmorrisonensis_6wks vs miscanthus_floridulus_6wks,FALSE
2380,-1.0088423391924053,16.48288592390274,-0.8555811871437188,0.4408389213389893,0.7079444483308421,-5.418761663106619,miscanthus_sinensis_ssp_transmorrisonensis_6wks vs miscanthus_floridulus_6wks,FALSE
678,-0.7214501321334268,16.68972203628386,-0.8513174343215837,0.4429417753497789,0.710704496441536,-5.422207128555616,miscanthus_sinensis_ssp_transmorrisonensis_6wks vs miscanthus_floridulus_6wks,FALSE
142,2.2731838442885177,18.24050956413653,0.849986136863223,0.4436000207514392,0.7108522753642107,-5.423280606064001,miscanthus_sinensis_ssp_transmorrisonensis_6wks vs miscanthus_floridulus_6wks,FALSE
2733,-1.1724260546194891,22.453855150102836,-0.8481349727210153,0.4445166205548416,0.7108522753642107,-5.424771430130037,miscanthus_sinensis_ssp_transmorrisonensis_6wks vs miscanthus_floridulus_6wks,FALSE
577,1.0495886256192968,16.17933456253227,0.8480106058464609,0.4445782552583064,0.7108522753642107,-5.424871511296887,miscanthus_sinensis_ssp_transmorrisonensis_6wks vs miscanthus_floridulus_6wks,FALSE
4405,1.5138764004041754,18.448917470128276,0.8464208619746812,0.44536671989207127,0.7108522753642107,-5.426149963346325,miscanthus_sinensis_ssp_transmorrisonensis_6wks vs miscanthus_floridulus_6wks,FALSE
61,-3.60207992286292,18.143854484041796,-0.8462258382584154,0.44546352326402955,0.7108522753642107,-5.42630668965468,miscanthus_sinensis_ssp_transmorrisonensis_6wks vs miscanthus_floridulus_6wks,FALSE
5002,-3.0408789914657604,18.5338436621172,-0.8447686400538241,0.4461873649967472,0.7108522753642107,-5.427476976057857,miscanthus_sinensis_ssp_transmorrisonensis_6wks vs miscanthus_floridulus_6wks,FALSE
5291,0.7773248891106697,17.056868537267857,0.8439126389504722,0.446613012085552,0.7108522753642107,-5.428163813149629,miscanthus_sinensis_ssp_transmorrisonensis_6wks vs miscanthus_floridulus_6wks,FALSE
3810,-1.1968675646984508,16.47890525497476,-0.8438560062343388,0.4466411842551834,0.7108522753642107,-5.428209237742221,miscanthus_sinensis_ssp_transmorrisonensis_6wks vs miscanthus_floridulus_6wks,FALSE
630,-0.933448860044491,15.956914633922558,-0.8429258679607478,0.4471040897439227,0.7108522753642107,-5.428955003663373,miscanthus_sinensis_ssp_transmorrisonensis_6wks vs miscanthus_floridulus_6wks,FALSE
358,-0.7009834619036646,22.267140185373684,-0.8428507085336877,0.4471415114607617,0.7108522753642107,-5.429015241106275,miscanthus_sinensis_ssp_transmorrisonensis_6wks vs miscanthus_floridulus_6wks,FALSE
3596,-0.7526318994908081,23.628067027886374,-0.842611626222321,0.447260566769698,0.7108522753642107,-5.4292068328178,miscanthus_sinensis_ssp_transmorrisonensis_6wks vs miscanthus_floridulus_6wks,FALSE
5631,-1.2832683923463435,17.468481490215524,-0.837573903792713,0.4497751148549536,0.713664735769007,-5.4332354579257105,miscanthus_sinensis_ssp_transmorrisonensis_6wks vs miscanthus_floridulus_6wks,FALSE
1385,-1.8747249683776364,16.837705491765973,-0.8375208312699597,0.4498016658954931,0.713664735769007,-5.4332778137989255,miscanthus_sinensis_ssp_transmorrisonensis_6wks vs miscanthus_floridulus_6wks,FALSE
605,-0.7325777646381884,16.304601083544632,-0.8346603072522135,0.45123458233609637,0.7153247449201184,-5.435558071303883,miscanthus_sinensis_ssp_transmorrisonensis_6wks vs miscanthus_floridulus_6wks,FALSE
4274,-1.017790689845075,16.85895855598823,-0.832716262955228,0.4522104907226582,0.716243211403138,-5.437104776275558,miscanthus_sinensis_ssp_transmorrisonensis_6wks vs miscanthus_floridulus_6wks,FALSE
3730,-0.7096608455656259,25.33428957460852,-0.8314430675461425,0.4528505468649791,0.716243211403138,-5.43811643358342,miscanthus_sinensis_ssp_transmorrisonensis_6wks vs miscanthus_floridulus_6wks,FALSE
367,-2.080555003565191,16.896284416033048,-0.830917829156245,0.4531148034037781,0.716243211403138,-5.438533475060575,miscanthus_sinensis_ssp_transmorrisonensis_6wks vs miscanthus_floridulus_6wks,FALSE
3804,-0.9064681177189975,16.541016042168483,-0.8299074227609846,0.4536235023492993,0.716243211403138,-5.439335243356582,miscanthus_sinensis_ssp_transmorrisonensis_6wks vs miscanthus_floridulus_6wks,FALSE
2044,-0.7538339214007905,26.340501000334235,-0.8296567958423053,0.45374975338620416,0.716243211403138,-5.439534016855275,miscanthus_sinensis_ssp_transmorrisonensis_6wks vs miscanthus_floridulus_6wks,FALSE
2049,2.2524377622429625,17.400623767297922,0.8268313803955644,0.4551749688208896,0.7176875214401801,-5.441772067860793,miscanthus_sinensis_ssp_transmorrisonensis_6wks vs miscanthus_floridulus_6wks,FALSE
2136,-1.5248027770036714,17.994057355985547,-0.8260138781429077,0.45558800302764235,0.7176875214401801,-5.442418661429131,miscanthus_sinensis_ssp_transmorrisonensis_6wks vs miscanthus_floridulus_6wks,FALSE
1042,-1.5386194002242704,17.763142595239366,-0.8246082683740027,0.45629886909220263,0.7176875214401801,-5.443529400439839,miscanthus_sinensis_ssp_transmorrisonensis_6wks vs miscanthus_floridulus_6wks,FALSE
4330,1.2637956974133715,16.94573687169073,0.8241827004986905,0.4565142674582182,0.7176875214401801,-5.443865439627816,miscanthus_sinensis_ssp_transmorrisonensis_6wks vs miscanthus_floridulus_6wks,FALSE
1138,-2.096311534985084,17.72214299948441,-0.8240045931057278,0.45660443931626593,0.7176875214401801,-5.444006042876555,miscanthus_sinensis_ssp_transmorrisonensis_6wks vs miscanthus_floridulus_6wks,FALSE
2135,-0.7983259576414596,16.624954253747454,-0.8215672834489562,0.45783981730675555,0.7190183888094209,-5.445928057216491,miscanthus_sinensis_ssp_transmorrisonensis_6wks vs miscanthus_floridulus_6wks,FALSE
6242,-0.8153214518708722,15.720301736263725,-0.8194444385261156,0.45891796433429877,0.7201002833065756,-5.447598940345664,miscanthus_sinensis_ssp_transmorrisonensis_6wks vs miscanthus_floridulus_6wks,FALSE
197,-2.600590074544243,18.172712136104316,-0.8157331597239438,0.4608076718136676,0.7224527058095637,-5.450513000057027,miscanthus_sinensis_ssp_transmorrisonensis_6wks vs miscanthus_floridulus_6wks,FALSE
4419,0.732687755358608,19.077369074419696,0.8146342319860882,0.46136840241948684,0.7227193433328117,-5.451374134873501,miscanthus_sinensis_ssp_transmorrisonensis_6wks vs miscanthus_floridulus_6wks,FALSE
3966,-0.6698149644637326,19.952697352653956,-0.8131525155475449,0.46212530477412184,0.7232925666938456,-5.452533971317728,miscanthus_sinensis_ssp_transmorrisonensis_6wks vs miscanthus_floridulus_6wks,FALSE
5579,-0.8221416011191529,17.538361995611943,-0.8069408653867173,0.4653090486863235,0.7265627188793787,-5.457380465600075,miscanthus_sinensis_ssp_transmorrisonensis_6wks vs miscanthus_floridulus_6wks,FALSE
5389,-1.2039084233915478,16.5586936826755,-0.8064338161152271,0.4655696935363437,0.7265627188793787,-5.457774950423392,miscanthus_sinensis_ssp_transmorrisonensis_6wks vs miscanthus_floridulus_6wks,FALSE
191,2.065511117573461,16.706747735178062,0.8049876821722037,0.4663136977000007,0.7265627188793787,-5.458899104917538,miscanthus_sinensis_ssp_transmorrisonensis_6wks vs miscanthus_floridulus_6wks,FALSE
636,1.7529682543687315,16.66228534448402,0.8048227251694052,0.46639862372460167,0.7265627188793787,-5.459027246058058,miscanthus_sinensis_ssp_transmorrisonensis_6wks vs miscanthus_floridulus_6wks,FALSE
1453,1.952897032239722,17.677629870340066,0.8035795334664556,0.4670390556322063,0.7265627188793787,-5.4599923931706345,miscanthus_sinensis_ssp_transmorrisonensis_6wks vs miscanthus_floridulus_6wks,FALSE
2495,-1.477788790794488,19.886546561308936,-0.8031597638678518,0.46725545618593667,0.7265627188793787,-5.460318046882903,miscanthus_sinensis_ssp_transmorrisonensis_6wks vs miscanthus_floridulus_6wks,FALSE
3568,1.5310293505843333,17.509722236838506,0.8031131467878501,0.4672794931747069,0.7265627188793787,-5.460354204763663,miscanthus_sinensis_ssp_transmorrisonensis_6wks vs miscanthus_floridulus_6wks,FALSE
5997,-1.3890216579866959,16.36972883723449,-0.8029636974396098,0.46735655971160034,0.7265627188793787,-5.460470113260642,miscanthus_sinensis_ssp_transmorrisonensis_6wks vs miscanthus_floridulus_6wks,FALSE
4214,-0.7983377279651975,16.906318841354285,-0.8020276869679582,0.4678394587425726,0.7267027696673043,-5.4611957159449735,miscanthus_sinensis_ssp_transmorrisonensis_6wks vs miscanthus_floridulus_6wks,FALSE
193,2.7585086092169355,22.439954468612974,0.7996677237803295,0.4690587265394463,0.7277026139052722,-5.463022575770262,miscanthus_sinensis_ssp_transmorrisonensis_6wks vs miscanthus_floridulus_6wks,FALSE
4396,-0.8842276416064365,20.137802857143555,-0.7982511512030193,0.46979178730008564,0.7277026139052722,-5.464117358477312,miscanthus_sinensis_ssp_transmorrisonensis_6wks vs miscanthus_floridulus_6wks,FALSE
2714,-1.0053319598430086,16.644645674322256,-0.7978929821604512,0.46997727757520635,0.7277026139052722,-5.464393952023118,miscanthus_sinensis_ssp_transmorrisonensis_6wks vs miscanthus_floridulus_6wks,FALSE
627,-2.6601452582815135,17.56024354654508,-0.7977399398240486,0.4700565533063786,0.7277026139052722,-5.464512111599623,miscanthus_sinensis_ssp_transmorrisonensis_6wks vs miscanthus_floridulus_6wks,FALSE
488,-0.8197382590966846,23.509855958820744,-0.7960002359639974,0.4709584517659069,0.7284892439522808,-5.465854178749834,miscanthus_sinensis_ssp_transmorrisonensis_6wks vs miscanthus_floridulus_6wks,FALSE
1628,1.3227209925427985,19.483597511280205,0.7939432110603709,0.472026597109533,0.7287684936258185,-5.467438405476484,miscanthus_sinensis_ssp_transmorrisonensis_6wks vs miscanthus_floridulus_6wks,FALSE
300,-0.6775534261053764,21.107965708060235,-0.7938109756357468,0.47209532714811425,0.7287684936258185,-5.46754014940592,miscanthus_sinensis_ssp_transmorrisonensis_6wks vs miscanthus_floridulus_6wks,FALSE
555,-0.6717967400539706,21.091624076562752,-0.793377333332676,0.4723207696526251,0.7287684936258185,-5.467873717369223,miscanthus_sinensis_ssp_transmorrisonensis_6wks vs miscanthus_floridulus_6wks,FALSE
1383,-1.4498565857675416,17.09200935702557,-0.789636656303951,0.47426895785039824,0.7311646433526974,-5.470745845738299,miscanthus_sinensis_ssp_transmorrisonensis_6wks vs miscanthus_floridulus_6wks,FALSE
767,-1.7255418122616213,17.329552609852865,-0.7874290805601227,0.47542161540842814,0.732075448296898,-5.47243638333538,miscanthus_sinensis_ssp_transmorrisonensis_6wks vs miscanthus_floridulus_6wks,FALSE
5048,0.6685422099529816,15.740396162254337,0.7862999229752127,0.47601203017951343,0.732075448296898,-5.47329979609892,miscanthus_sinensis_ssp_transmorrisonensis_6wks vs miscanthus_floridulus_6wks,FALSE
2018,-1.2865877909014216,16.198866654151303,-0.7839266610368112,0.47725481502638456,0.732075448296898,-5.475111676312665,miscanthus_sinensis_ssp_transmorrisonensis_6wks vs miscanthus_floridulus_6wks,FALSE
4975,1.2711496488540455,17.114856643974274,0.7837975729720396,0.4773224853772992,0.732075448296898,-5.475210118795836,miscanthus_sinensis_ssp_transmorrisonensis_6wks vs miscanthus_floridulus_6wks,FALSE
128,2.511152707211103,19.928118752835843,0.7835586599541646,0.47744774758398395,0.732075448296898,-5.475392283604739,miscanthus_sinensis_ssp_transmorrisonensis_6wks vs miscanthus_floridulus_6wks,FALSE
3781,-0.6638914509377294,19.59842958709876,-0.7834972437733767,0.4774799522248038,0.732075448296898,-5.475439105485703,miscanthus_sinensis_ssp_transmorrisonensis_6wks vs miscanthus_floridulus_6wks,FALSE
232,1.965792310138994,21.326744140451922,0.7832115830749412,0.47762976545640856,0.732075448296898,-5.475656850778351,miscanthus_sinensis_ssp_transmorrisonensis_6wks vs miscanthus_floridulus_6wks,FALSE
599,-1.164713656705242,18.282453980289155,-0.7786857705007184,0.4800081534874171,0.7350801345554626,-5.479099178912398,miscanthus_sinensis_ssp_transmorrisonensis_6wks vs miscanthus_floridulus_6wks,FALSE
3433,-0.6759478562861112,16.346990440244724,-0.7774688286236098,0.48064923236870244,0.7350801345554626,-5.480022376907894,miscanthus_sinensis_ssp_transmorrisonensis_6wks vs miscanthus_floridulus_6wks,FALSE
2774,-0.6505275961705426,16.22442979628329,-0.7772166864626092,0.4807821420605999,0.7350801345554626,-5.480213529419546,miscanthus_sinensis_ssp_transmorrisonensis_6wks vs miscanthus_floridulus_6wks,FALSE
6278,-0.9007956910347623,16.708992491348106,-0.7751677247918953,0.4818632444647031,0.7357528855867245,-5.481765245611242,miscanthus_sinensis_ssp_transmorrisonensis_6wks vs miscanthus_floridulus_6wks,FALSE
5375,-1.778441721129031,20.2549425985396,-0.774875534900194,0.4820175661249243,0.7357528855867245,-5.4819862895502505,miscanthus_sinensis_ssp_transmorrisonensis_6wks vs miscanthus_floridulus_6wks,FALSE
4442,1.2015674797767595,17.110815888171224,0.7723197328553169,0.48336904655545826,0.7372075318446807,-5.4839172485387335,miscanthus_sinensis_ssp_transmorrisonensis_6wks vs miscanthus_floridulus_6wks,FALSE
5653,-1.50826090910396,17.082521437240167,-0.7692124537247691,0.4850160572177351,0.7391101366168121,-5.486258738817158,miscanthus_sinensis_ssp_transmorrisonensis_6wks vs miscanthus_floridulus_6wks,FALSE
3952,0.7741260721819394,16.592442474843963,0.7675988223910328,0.48587305553821114,0.7394762591457475,-5.487472032783084,miscanthus_sinensis_ssp_transmorrisonensis_6wks vs miscanthus_floridulus_6wks,FALSE
2420,1.0762822507125414,17.33349866864938,0.7672551174738915,0.4860557465520157,0.7394762591457475,-5.487730230239614,miscanthus_sinensis_ssp_transmorrisonensis_6wks vs miscanthus_floridulus_6wks,FALSE
87,-0.637979888786024,17.938872087880704,-0.7662313659080245,0.4866002170839484,0.7395374205827467,-5.488498801098077,miscanthus_sinensis_ssp_transmorrisonensis_6wks vs miscanthus_floridulus_6wks,FALSE
5967,1.7743699393648278,17.437905690763703,0.7656766187034669,0.4868954477133976,0.7395374205827467,-5.488914964957223,miscanthus_sinensis_ssp_transmorrisonensis_6wks vs miscanthus_floridulus_6wks,FALSE
6128,1.0847674215371672,16.26125338485428,0.7648931903388115,0.48731261311293556,0.7395638509097053,-5.489502314602028,miscanthus_sinensis_ssp_transmorrisonensis_6wks vs miscanthus_floridulus_6wks,FALSE
1080,-0.725255189947255,17.476229836467564,-0.7640769742568659,0.48774752777581215,0.7396171527747971,-5.490113787356481,miscanthus_sinensis_ssp_transmorrisonensis_6wks vs miscanthus_floridulus_6wks,FALSE
3671,-1.9170615044280517,18.065854238345214,-0.7631040989591447,0.4882663039952407,0.7397974302958192,-5.49084201045522,miscanthus_sinensis_ssp_transmorrisonensis_6wks vs miscanthus_floridulus_6wks,FALSE
3465,-1.230769414127991,17.390737973132865,-0.761912652681088,0.48890220410723,0.7401547279855774,-5.491732932264737,miscanthus_sinensis_ssp_transmorrisonensis_6wks vs miscanthus_floridulus_6wks,FALSE
5939,1.155568772700665,16.145061457006303,0.7604515748638737,0.4896828733955563,0.740730429911512,-5.492824109095654,miscanthus_sinensis_ssp_transmorrisonensis_6wks vs miscanthus_floridulus_6wks,FALSE
1608,1.0626464517996013,16.663014587247638,0.7579595643252092,0.49101656919492137,0.7421410563812129,-5.494681737665131,miscanthus_sinensis_ssp_transmorrisonensis_6wks vs miscanthus_floridulus_6wks,FALSE
4880,0.7697834625369744,16.14394382270344,0.7563720719721004,0.4918676152928687,0.7421717581395677,-5.495862814901933,miscanthus_sinensis_ssp_transmorrisonensis_6wks vs miscanthus_floridulus_6wks,FALSE
3136,-1.9922390224308373,17.33312515022729,-0.756141370825668,0.4919913860639012,0.7421717581395677,-5.496034305284751,miscanthus_sinensis_ssp_transmorrisonensis_6wks vs miscanthus_floridulus_6wks,FALSE
924,-0.7437487741460238,24.05136836427708,-0.7556773501786561,0.49224040391202684,0.7421717581395677,-5.496379117930693,miscanthus_sinensis_ssp_transmorrisonensis_6wks vs miscanthus_floridulus_6wks,FALSE
6005,-0.6750234096465206,16.569222215479126,-0.7495583004138,0.4955331464248169,0.7465279486041623,-5.500911825734403,miscanthus_sinensis_ssp_transmorrisonensis_6wks vs miscanthus_floridulus_6wks,FALSE
5690,0.625739922574926,18.186529278439373,0.7448679194287162,0.49806834673435013,0.749458237556673,-5.504368103172436,miscanthus_sinensis_ssp_transmorrisonensis_6wks vs miscanthus_floridulus_6wks,FALSE
6093,0.6798313059334546,22.925096149966702,0.7444615552631442,0.4982884498349771,0.749458237556673,-5.504666802894745,miscanthus_sinensis_ssp_transmorrisonensis_6wks vs miscanthus_floridulus_6wks,FALSE
534,0.6542184134912183,22.503029583150525,0.7435085251992053,0.49880493606940135,0.7496256147265576,-5.505366864880327,miscanthus_sinensis_ssp_transmorrisonensis_6wks vs miscanthus_floridulus_6wks,FALSE
5455,-1.0881681422185991,16.65750941616737,-0.7368389735685527,0.502430696893516,0.7539376216311974,-5.5102476993500495,miscanthus_sinensis_ssp_transmorrisonensis_6wks vs miscanthus_floridulus_6wks,FALSE
1395,-1.7951617454819129,16.58249860219232,-0.736628442764605,0.5025454680440039,0.7539376216311974,-5.51040124218927,miscanthus_sinensis_ssp_transmorrisonensis_6wks vs miscanthus_floridulus_6wks,FALSE
1928,-0.6902802002154012,17.654330607768077,-0.7331267419822968,0.5044572993062988,0.7539376216311974,-5.5129503426804325,miscanthus_sinensis_ssp_transmorrisonensis_6wks vs miscanthus_floridulus_6wks,FALSE
1450,-0.6312927922623999,16.477336130397017,-0.7323358187446507,0.5048898718844104,0.7539376216311974,-5.5135248646718535,miscanthus_sinensis_ssp_transmorrisonensis_6wks vs miscanthus_floridulus_6wks,FALSE
5700,-1.6651342590307863,17.3635483229352,-0.7318236909494086,0.505170112819115,0.7539376216311974,-5.513896627277829,miscanthus_sinensis_ssp_transmorrisonensis_6wks vs miscanthus_floridulus_6wks,FALSE
3434,-0.9293024765938931,18.281223800014374,-0.7313316031551127,0.5054394968625214,0.7539376216311974,-5.514253661666342,miscanthus_sinensis_ssp_transmorrisonensis_6wks vs miscanthus_floridulus_6wks,FALSE
2736,1.2380305818684292,16.478621591945917,0.731107235102664,0.505562358369711,0.7539376216311974,-5.514416393095486,miscanthus_sinensis_ssp_transmorrisonensis_6wks vs miscanthus_floridulus_6wks,FALSE
5390,-1.32054627211755,18.090070224720474,-0.7304779806880372,0.5059070498987004,0.7539376216311974,-5.514872586933989,miscanthus_sinensis_ssp_transmorrisonensis_6wks vs miscanthus_floridulus_6wks,FALSE
4969,-1.0509803045381219,16.772265655476406,-0.7299323995693476,0.5062060486306409,0.7539376216311974,-5.51526788478205,miscanthus_sinensis_ssp_transmorrisonensis_6wks vs miscanthus_floridulus_6wks,FALSE
2262,-1.6181951733455122,16.819182677103974,-0.7298648366544938,0.5062430847678696,0.7539376216311974,-5.515316821935501,miscanthus_sinensis_ssp_transmorrisonensis_6wks vs miscanthus_floridulus_6wks,FALSE
858,-1.8548362921262402,17.041150256873763,-0.7295520674921464,0.5064145625147357,0.7539376216311974,-5.515543323178201,miscanthus_sinensis_ssp_transmorrisonensis_6wks vs miscanthus_floridulus_6wks,FALSE
177,-0.9617789969336386,22.36150527966643,-0.7283935183723048,0.5070501210508047,0.7539376216311974,-5.5163816958341,miscanthus_sinensis_ssp_transmorrisonensis_6wks vs miscanthus_floridulus_6wks,FALSE
4006,1.3439141244014507,17.860231795169597,0.7275936321658608,0.5074892695968954,0.7539376216311974,-5.516959950049975,miscanthus_sinensis_ssp_transmorrisonensis_6wks vs miscanthus_floridulus_6wks,FALSE
5076,-1.927337773629727,18.116011405299332,-0.7270508211924599,0.5077874411619492,0.7539376216311974,-5.517352091233304,miscanthus_sinensis_ssp_transmorrisonensis_6wks vs miscanthus_floridulus_6wks,FALSE
4690,1.5770044055143266,19.854260170665622,0.7249001187938572,0.5089701219852855,0.7539376216311974,-5.518903682684963,miscanthus_sinensis_ssp_transmorrisonensis_6wks vs miscanthus_floridulus_6wks,FALSE
4284,-0.9527406717545777,16.25775102477494,-0.7243743956653724,0.5092595298578505,0.7539376216311974,-5.519282438722413,miscanthus_sinensis_ssp_transmorrisonensis_6wks vs miscanthus_floridulus_6wks,FALSE
3162,0.832744010826973,16.00739177772605,0.7243724540838853,0.5092605989143963,0.7539376216311974,-5.519283837152171,miscanthus_sinensis_ssp_transmorrisonensis_6wks vs miscanthus_floridulus_6wks,FALSE
2870,-0.6003580051394515,21.21471698557791,-0.7241204184308562,0.5093993866882383,0.7539376216311974,-5.5194653429311415,miscanthus_sinensis_ssp_transmorrisonensis_6wks vs miscanthus_floridulus_6wks,FALSE
2594,-0.6347188882809203,16.117280342655143,-0.7236427470586294,0.509662501519249,0.7539376216311974,-5.519809213575549,miscanthus_sinensis_ssp_transmorrisonensis_6wks vs miscanthus_floridulus_6wks,FALSE
1975,0.8385980777658055,18.01131016342102,0.722826070285456,0.5101125831270208,0.7539376216311974,-5.520396739948221,miscanthus_sinensis_ssp_transmorrisonensis_6wks vs miscanthus_floridulus_6wks,FALSE
3544,0.8182778942122262,17.110314987392076,0.7214039264635886,0.5108970476423145,0.7539376216311974,-5.521418667886645,miscanthus_sinensis_ssp_transmorrisonensis_6wks vs miscanthus_floridulus_6wks,FALSE
903,-0.6118087842744657,23.650034202543548,-0.7209690189662056,0.5111371236585832,0.7539376216311974,-5.521730885705974,miscanthus_sinensis_ssp_transmorrisonensis_6wks vs miscanthus_floridulus_6wks,FALSE
4078,1.3484252228453713,16.89287656535322,0.7197974078063454,0.5117842867739465,0.7539376216311974,-5.522571281144818,miscanthus_sinensis_ssp_transmorrisonensis_6wks vs miscanthus_floridulus_6wks,FALSE
3268,-0.642085068559819,16.409790750317473,-0.7196567223844649,0.5118620378807174,0.7539376216311974,-5.522672126126801,miscanthus_sinensis_ssp_transmorrisonensis_6wks vs miscanthus_floridulus_6wks,FALSE
1174,0.7679807709346811,16.65202902055352,0.719655859099397,0.5118625150101535,0.7539376216311974,-5.522672744894417,miscanthus_sinensis_ssp_transmorrisonensis_6wks vs miscanthus_floridulus_6wks,FALSE
4518,-1.0593637828778082,16.27493651489274,-0.7176694313487029,0.5129612640387742,0.7549549232074242,-5.52409506833408,miscanthus_sinensis_ssp_transmorrisonensis_6wks vs miscanthus_floridulus_6wks,FALSE
2164,-0.6096856065288634,16.413390782368122,-0.7164944279985177,0.5136120092189935,0.7553117782632258,-5.524935012744905,miscanthus_sinensis_ssp_transmorrisonensis_6wks vs miscanthus_floridulus_6wks,FALSE
1372,2.121463653655198,19.449083583782617,0.7100029887370591,0.5172180709322097,0.7589864583354936,-5.529556790177862,miscanthus_sinensis_ssp_transmorrisonensis_6wks vs miscanthus_floridulus_6wks,FALSE
2375,0.9454071175770871,15.940683625915279,0.7094862486960738,0.5175059212764695,0.7589864583354936,-5.52992334174051,miscanthus_sinensis_ssp_transmorrisonensis_6wks vs miscanthus_floridulus_6wks,FALSE
2856,1.2210452064552335,16.94683921882813,0.7092410005437714,0.5176425779457079,0.7589864583354936,-5.530097239236098,miscanthus_sinensis_ssp_transmorrisonensis_6wks vs miscanthus_floridulus_6wks,FALSE
2063,-0.6391027781054,16.253109245591183,-0.709044943458422,0.5177518434699421,0.7589864583354936,-5.530236224413362,miscanthus_sinensis_ssp_transmorrisonensis_6wks vs miscanthus_floridulus_6wks,FALSE
6087,1.6635918582614302,17.3458235086427,0.706802116783159,0.51900300493934,0.7602181782563572,-5.531824108936836,miscanthus_sinensis_ssp_transmorrisonensis_6wks vs miscanthus_floridulus_6wks,FALSE
1055,-1.0957440071920352,17.856583111044113,-0.7035108577293687,0.5208430309956942,0.7623098159351537,-5.53414739535427,miscanthus_sinensis_ssp_transmorrisonensis_6wks vs miscanthus_floridulus_6wks,FALSE
4350,-0.7837620256029343,15.865925788429589,-0.7017762939014697,0.5218146752673961,0.7631281812210932,-5.535368518941607,miscanthus_sinensis_ssp_transmorrisonensis_6wks vs miscanthus_floridulus_6wks,FALSE
465,-1.2954046010936118,17.266540072643327,-0.7009088672685272,0.522301072984059,0.7632361651030879,-5.535978326784659,miscanthus_sinensis_ssp_transmorrisonensis_6wks vs miscanthus_floridulus_6wks,FALSE
3223,-0.7860063742555674,15.52859448162751,-0.6956567093841767,0.5252531851972011,0.7648683619597672,-5.539658411029203,miscanthus_sinensis_ssp_transmorrisonensis_6wks vs miscanthus_floridulus_6wks,FALSE
3528,1.243971606970792,18.470078555446676,0.6948456386244388,0.5257101443360175,0.7648683619597672,-5.540224836986848,miscanthus_sinensis_ssp_transmorrisonensis_6wks vs miscanthus_floridulus_6wks,FALSE
4948,0.790834652221335,17.179288736412456,0.6948060264123739,0.5257324693134334,0.7648683619597672,-5.540252488011302,miscanthus_sinensis_ssp_transmorrisonensis_6wks vs miscanthus_floridulus_6wks,FALSE
28,-0.9902969182582808,25.127639935528194,-0.6941213598181971,0.5261184477368397,0.7648683619597672,-5.540730225010273,miscanthus_sinensis_ssp_transmorrisonensis_6wks vs miscanthus_floridulus_6wks,FALSE
2078,0.7559492996156116,16.067365621160295,0.6938682401187044,0.5262611949617424,0.7648683619597672,-5.540906752476497,miscanthus_sinensis_ssp_transmorrisonensis_6wks vs miscanthus_floridulus_6wks,FALSE
1393,-0.8694796749644134,16.11876083784719,-0.6932951954635881,0.5265844677679405,0.7648683619597672,-5.54130621660936,miscanthus_sinensis_ssp_transmorrisonensis_6wks vs miscanthus_floridulus_6wks,FALSE
2601,1.286028791173507,17.267351450303202,0.6926956413354938,0.5269228489881138,0.7648683619597672,-5.541723890938617,miscanthus_sinensis_ssp_transmorrisonensis_6wks vs miscanthus_floridulus_6wks,FALSE
1768,0.6633182814533942,16.24942111105647,0.6918346699366542,0.5274090456255154,0.7648683619597672,-5.542323197329833,miscanthus_sinensis_ssp_transmorrisonensis_6wks vs miscanthus_floridulus_6wks,FALSE
3980,1.3032289795786447,15.949983401612464,0.6912133100531499,0.5277601330455878,0.7648683619597672,-5.542755361153066,miscanthus_sinensis_ssp_transmorrisonensis_6wks vs miscanthus_floridulus_6wks,FALSE
4958,2.104035456276364,18.502255296396267,0.6909231217857174,0.5279241560719447,0.7648683619597672,-5.542957089281295,miscanthus_sinensis_ssp_transmorrisonensis_6wks vs miscanthus_floridulus_6wks,FALSE
2626,-0.7191588665573825,17.018614796680264,-0.6901563209108146,0.5283577515844982,0.7648683619597672,-5.543489829448148,miscanthus_sinensis_ssp_transmorrisonensis_6wks vs miscanthus_floridulus_6wks,FALSE
3430,-0.9883867107747868,25.023324354695916,-0.6901181661553251,0.5283793332889635,0.7648683619597672,-5.543516325921851,miscanthus_sinensis_ssp_transmorrisonensis_6wks vs miscanthus_floridulus_6wks,FALSE
4943,-0.5831675817906792,16.318899423892308,-0.6870633289008944,0.5301093201528299,0.7658436413536346,-5.545634113062222,miscanthus_sinensis_ssp_transmorrisonensis_6wks vs miscanthus_floridulus_6wks,FALSE
413,0.6995427568230319,24.0545789126039,0.6862709903950643,0.5305586944255364,0.7658436413536346,-5.546182232174863,miscanthus_sinensis_ssp_transmorrisonensis_6wks vs miscanthus_floridulus_6wks,FALSE
4601,1.1983088267400461,17.23369521022587,0.6861455556473096,0.5306298597463583,0.7658436413536346,-5.54626896021735,miscanthus_sinensis_ssp_transmorrisonensis_6wks vs miscanthus_floridulus_6wks,FALSE
2357,-2.140095163346089,17.626683619978916,-0.685882124078859,0.5307793397897591,0.7658436413536346,-5.546451062399224,miscanthus_sinensis_ssp_transmorrisonensis_6wks vs miscanthus_floridulus_6wks,FALSE
2629,-0.6376488053125335,16.697370558007467,-0.6835103267576861,0.5321265395910072,0.7658436413536346,-5.548088196672912,miscanthus_sinensis_ssp_transmorrisonensis_6wks vs miscanthus_floridulus_6wks,FALSE
5566,0.7454934814362559,17.43293055583995,0.6832426096572943,0.5322787588812591,0.7658436413536346,-5.548272715011005,miscanthus_sinensis_ssp_transmorrisonensis_6wks vs miscanthus_floridulus_6wks,FALSE
1963,-1.0157033240857238,16.76289056044189,-0.6832330817480419,0.5322841768597524,0.7658436413536346,-5.548279280897039,miscanthus_sinensis_ssp_transmorrisonensis_6wks vs miscanthus_floridulus_6wks,FALSE
1774,-1.816347296776808,17.674242103712345,-0.6828659453330435,0.5324929764897667,0.7658436413536346,-5.548532228858195,miscanthus_sinensis_ssp_transmorrisonensis_6wks vs miscanthus_floridulus_6wks,FALSE
3678,-1.3518378508883195,16.944158878253518,-0.6823635563809106,0.5327787926606096,0.7658436413536346,-5.548878193134595,miscanthus_sinensis_ssp_transmorrisonensis_6wks vs miscanthus_floridulus_6wks,FALSE
1218,-0.6253717403234322,15.660709467396066,-0.6795899222605813,0.5343587284672243,0.767518359987861,-5.550784696275468,miscanthus_sinensis_ssp_transmorrisonensis_6wks vs miscanthus_floridulus_6wks,FALSE
2505,-1.4165209548511175,16.464906513505944,-0.6786727970958362,0.5348818831221719,0.7676737655360883,-5.551413781215488,miscanthus_sinensis_ssp_transmorrisonensis_6wks vs miscanthus_floridulus_6wks,FALSE
92,1.873236291860941,22.504169497676866,0.6749534341517286,0.5370072597159474,0.7697643138478767,-5.553958284925116,miscanthus_sinensis_ssp_transmorrisonensis_6wks vs miscanthus_floridulus_6wks,FALSE
2419,1.5596394690071165,18.972519960564647,0.6745374692613855,0.5372453301523956,0.7697643138478767,-5.554242184301029,miscanthus_sinensis_ssp_transmorrisonensis_6wks vs miscanthus_floridulus_6wks,FALSE
5418,-1.5379942703781033,18.311434613263405,-0.6737005645974383,0.5377245456865232,0.7697643138478767,-5.5548129680688785,miscanthus_sinensis_ssp_transmorrisonensis_6wks vs miscanthus_floridulus_6wks,FALSE
76,-2.02622580360525,21.413166674276912,-0.6728384444570601,0.5382185172562015,0.7697643138478767,-5.555400375495283,miscanthus_sinensis_ssp_transmorrisonensis_6wks vs miscanthus_floridulus_6wks,FALSE
58,0.7572545405245954,24.203785162078155,0.6724888262310309,0.5384189308752175,0.7697643138478767,-5.555638422564271,miscanthus_sinensis_ssp_transmorrisonensis_6wks vs miscanthus_floridulus_6wks,FALSE
1084,-3.1022705515674502,24.397370404741512,-0.6656527823958321,0.5423482279798658,0.7747831828283798,-5.560273615654507,miscanthus_sinensis_ssp_transmorrisonensis_6wks vs miscanthus_floridulus_6wks,FALSE
1989,-1.3044828829669939,19.50026008562252,-0.6646100085249853,0.5429493814469807,0.7750434843186067,-5.560977430472516,miscanthus_sinensis_ssp_transmorrisonensis_6wks vs miscanthus_floridulus_6wks,FALSE
3644,-1.000443704503148,16.956800274716706,-0.6623495494659998,0.5442541357529791,0.77569024179162,-5.562500159877885,miscanthus_sinensis_ssp_transmorrisonensis_6wks vs miscanthus_floridulus_6wks,FALSE
3788,-1.2038373512526022,17.089874696805186,-0.661741290900259,0.5446056037337421,0.77569024179162,-5.562909213785789,miscanthus_sinensis_ssp_transmorrisonensis_6wks vs miscanthus_floridulus_6wks,FALSE
3087,-0.7812310220163852,16.749969534771232,-0.6616465925000712,0.5446603373444943,0.77569024179162,-5.562972872045769,miscanthus_sinensis_ssp_transmorrisonensis_6wks vs miscanthus_floridulus_6wks,FALSE
348,-0.6088547524911796,23.708601598780376,-0.6599877110375989,0.545619761768147,0.7761478725747131,-5.564086851701248,miscanthus_sinensis_ssp_transmorrisonensis_6wks vs miscanthus_floridulus_6wks,FALSE
3558,1.0419531850210575,16.437632116033768,0.6596404592219126,0.5458207471457848,0.7761478725747131,-5.564319762918071,miscanthus_sinensis_ssp_transmorrisonensis_6wks vs miscanthus_floridulus_6wks,FALSE
294,2.5190987329057712,18.403955993059597,0.657239042786419,0.5472120809960512,0.7765966017390105,-5.565927830125485,miscanthus_sinensis_ssp_transmorrisonensis_6wks vs miscanthus_floridulus_6wks,FALSE
2,-1.5132434394372183,17.196362335057227,-0.656066630092171,0.5478922558233315,0.7765966017390105,-5.566711245548766,miscanthus_sinensis_ssp_transmorrisonensis_6wks vs miscanthus_floridulus_6wks,FALSE
3763,-0.6967696311651963,26.26936705589437,-0.6558101852718266,0.5480411110125214,0.7765966017390105,-5.566882457705602,miscanthus_sinensis_ssp_transmorrisonensis_6wks vs miscanthus_floridulus_6wks,FALSE
1065,-2.776230094568678,23.178090949399607,-0.6551420004484071,0.5484290964076335,0.7765966017390105,-5.567328316034087,miscanthus_sinensis_ssp_transmorrisonensis_6wks vs miscanthus_floridulus_6wks,FALSE
819,-0.5853893337950957,21.844049712269396,-0.6548395169830618,0.5486047983056028,0.7765966017390105,-5.56753003619259,miscanthus_sinensis_ssp_transmorrisonensis_6wks vs miscanthus_floridulus_6wks,FALSE
4192,0.6428211245487034,16.97358034743994,0.6547530957041892,0.5486550045799388,0.7765966017390105,-5.5675876553705,miscanthus_sinensis_ssp_transmorrisonensis_6wks vs miscanthus_floridulus_6wks,FALSE
4495,1.1353465940996728,16.88889968053707,0.6539466116016736,0.5491236847034611,0.7766657620041306,-5.568125069930224,miscanthus_sinensis_ssp_transmorrisonensis_6wks vs miscanthus_floridulus_6wks,FALSE
295,-0.598188541814789,22.265384055554186,-0.6519815185593562,0.5502668486106903,0.776826594342929,-5.5694323623123845,miscanthus_sinensis_ssp_transmorrisonensis_6wks vs miscanthus_floridulus_6wks,FALSE
44,-0.5432509076327108,26.37682620629314,-0.6516264329235075,0.5504735913134483,0.776826594342929,-5.56966825529018,miscanthus_sinensis_ssp_transmorrisonensis_6wks vs miscanthus_floridulus_6wks,FALSE
4959,1.788740498593441,17.049934715358294,0.6510867438082589,0.5507879199412451,0.776826594342929,-5.570026591534434,miscanthus_sinensis_ssp_transmorrisonensis_6wks vs miscanthus_floridulus_6wks,FALSE
2585,0.8518030038380395,16.45349146129533,0.6504853318199714,0.5511383447594167,0.776826594342929,-5.570425634202983,miscanthus_sinensis_ssp_transmorrisonensis_6wks vs miscanthus_floridulus_6wks,FALSE
4676,-0.6495652092876618,17.560043507049876,-0.6498909255155307,0.5514848400163483,0.776826594342929,-5.570819742922292,miscanthus_sinensis_ssp_transmorrisonensis_6wks vs miscanthus_floridulus_6wks,FALSE
1912,-0.9882599019792266,17.25205590363099,-0.6491592288902411,0.5519115734839131,0.776826594342929,-5.571304488976696,miscanthus_sinensis_ssp_transmorrisonensis_6wks vs miscanthus_floridulus_6wks,FALSE
2729,0.6346021784912885,15.955561456519263,0.6487047580510203,0.5521767413842982,0.776826594342929,-5.571605357171099,miscanthus_sinensis_ssp_transmorrisonensis_6wks vs miscanthus_floridulus_6wks,FALSE
5548,-0.5631177250513701,15.935260530457532,-0.6455832727761895,0.5540004099391764,0.7781521247913854,-5.573667340708218,miscanthus_sinensis_ssp_transmorrisonensis_6wks vs miscanthus_floridulus_6wks,FALSE
157,-1.410525610797329,19.306194699627483,-0.645258607535267,0.5541903289115717,0.7781521247913854,-5.573881355831092,miscanthus_sinensis_ssp_transmorrisonensis_6wks vs miscanthus_floridulus_6wks,FALSE
490,-0.5690347495613111,23.13405770610607,-0.6449330569337015,0.5543808110675924,0.7781521247913854,-5.57409586903772,miscanthus_sinensis_ssp_transmorrisonensis_6wks vs miscanthus_floridulus_6wks,FALSE
6246,-0.6668948106842656,16.467524846668574,-0.644094479797633,0.5548716777326519,0.7782506473126657,-5.574648033226469,miscanthus_sinensis_ssp_transmorrisonensis_6wks vs miscanthus_floridulus_6wks,FALSE
3051,-0.5568640977101644,22.41956501555817,-0.643225100946452,0.5553808917829679,0.7783664147069577,-5.575219878164172,miscanthus_sinensis_ssp_transmorrisonensis_6wks vs miscanthus_floridulus_6wks,FALSE
3195,0.8260743351820832,16.238579042299747,0.6425173182682936,0.5557956939610222,0.7783664147069577,-5.575684979152609,miscanthus_sinensis_ssp_transmorrisonensis_6wks vs miscanthus_floridulus_6wks,FALSE
1550,-1.9697908390615453,19.33509728861814,-0.6398361329552417,0.557368965853289,0.7799792638642848,-5.577443165409811,miscanthus_sinensis_ssp_transmorrisonensis_6wks vs miscanthus_floridulus_6wks,FALSE
2208,1.015109332935122,18.979710336585057,0.6383889531696151,0.5582194196920272,0.7804280385604838,-5.578389725924264,miscanthus_sinensis_ssp_transmorrisonensis_6wks vs miscanthus_floridulus_6wks,FALSE
569,-0.5348160657153009,23.750813933214854,-0.6378551118639992,0.5585333638130165,0.7804280385604838,-5.578738466517547,miscanthus_sinensis_ssp_transmorrisonensis_6wks vs miscanthus_floridulus_6wks,FALSE
4049,1.9102933367588975,17.15689507720427,0.6370375768398261,0.5590143793364186,0.7804824729172879,-5.579272084689623,miscanthus_sinensis_ssp_transmorrisonensis_6wks vs miscanthus_floridulus_6wks,FALSE
139,-0.530586079640667,20.5901708403628,-0.6363552057641247,0.5594160859936885,0.7804824729172879,-5.57971706201261,miscanthus_sinensis_ssp_transmorrisonensis_6wks vs miscanthus_floridulus_6wks,FALSE
4479,-1.1240932070792304,17.16380848849873,-0.635475548824833,0.5599342258076629,0.780616667478656,-5.580290129818675,miscanthus_sinensis_ssp_transmorrisonensis_6wks vs miscanthus_floridulus_6wks,FALSE
5416,-0.6372204090185498,16.385421608484148,-0.6325631692249034,0.5616520385753123,0.7818325399809511,-5.582182937765177,miscanthus_sinensis_ssp_transmorrisonensis_6wks vs miscanthus_floridulus_6wks,FALSE
3975,-1.0941362401068684,16.08744316546092,-0.6323448913877702,0.5617809309073787,0.7818325399809511,-5.582324520860326,miscanthus_sinensis_ssp_transmorrisonensis_6wks vs miscanthus_floridulus_6wks,FALSE
4240,-0.5264248572113637,16.310903538974237,-0.6312432442580047,0.5624317586163952,0.7818325399809511,-5.583038494179769,miscanthus_sinensis_ssp_transmorrisonensis_6wks vs miscanthus_floridulus_6wks,FALSE
4028,-0.6113096954486252,16.285072176653774,-0.6311331694257213,0.5624968166025114,0.7818325399809511,-5.583109778578313,miscanthus_sinensis_ssp_transmorrisonensis_6wks vs miscanthus_floridulus_6wks,FALSE
1531,0.8135536314124465,17.31951867855662,0.6297646209038206,0.5633061048904218,0.7820606436482185,-5.583995219467799,miscanthus_sinensis_ssp_transmorrisonensis_6wks vs miscanthus_floridulus_6wks,FALSE
5050,-0.9507219310344865,23.218183181223974,-0.6294261205750041,0.5635063989097704,0.7820606436482185,-5.584213989446249,miscanthus_sinensis_ssp_transmorrisonensis_6wks vs miscanthus_floridulus_6wks,FALSE
3457,-0.6165774932946917,22.216290129080317,-0.6280085380432456,0.5643457243203898,0.7820708546743141,-5.585129138121347,miscanthus_sinensis_ssp_transmorrisonensis_6wks vs miscanthus_floridulus_6wks,FALSE
810,-0.570384539944282,15.815890533712167,-0.6271212090578073,0.5648715293488723,0.7820708546743141,-5.585701129594433,miscanthus_sinensis_ssp_transmorrisonensis_6wks vs miscanthus_floridulus_6wks,FALSE
169,0.8114685158162125,20.843965523146515,0.6267162771868174,0.5651115908583393,0.7820708546743141,-5.585961941953362,miscanthus_sinensis_ssp_transmorrisonensis_6wks vs miscanthus_floridulus_6wks,FALSE
1177,1.0145069211431093,17.380919688776302,0.6265592193370378,0.5652047203781394,0.7820708546743141,-5.586063064895786,miscanthus_sinensis_ssp_transmorrisonensis_6wks vs miscanthus_floridulus_6wks,FALSE
2098,-0.5332880356461338,16.029469865224932,-0.6244588314019006,0.5664511762752953,0.7829179605071535,-5.587413460945858,miscanthus_sinensis_ssp_transmorrisonensis_6wks vs miscanthus_floridulus_6wks,FALSE
3515,-0.6921180817543764,16.79002243115867,-0.6241016568571358,0.5666633238481505,0.7829179605071535,-5.587642735773662,miscanthus_sinensis_ssp_transmorrisonensis_6wks vs miscanthus_floridulus_6wks,FALSE
3234,-1.604023107139522,17.753287335855664,-0.6208328380532319,0.5686073767348925,0.7850161376054855,-5.589736129539161,miscanthus_sinensis_ssp_transmorrisonensis_6wks vs miscanthus_floridulus_6wks,FALSE
1433,1.484281370972866,18.370687703598904,0.6193798213568563,0.5694729718577787,0.7850161376054855,-5.590663817675969,miscanthus_sinensis_ssp_transmorrisonensis_6wks vs miscanthus_floridulus_6wks,FALSE
1352,-0.9597283011976714,17.789865463837224,-0.6192211652506739,0.5695675408131776,0.7850161376054855,-5.590765006602074,miscanthus_sinensis_ssp_transmorrisonensis_6wks vs miscanthus_floridulus_6wks,FALSE
5240,-0.8441452598256269,16.908299116645725,-0.6186982893819385,0.5698792825968471,0.7850161376054855,-5.591098342447045,miscanthus_sinensis_ssp_transmorrisonensis_6wks vs miscanthus_floridulus_6wks,FALSE
4557,0.6618845103964404,16.22964290520051,0.6163968543582538,0.571252780919381,0.7863226523071838,-5.592562815982394,miscanthus_sinensis_ssp_transmorrisonensis_6wks vs miscanthus_floridulus_6wks,FALSE
3204,-0.5885522295453978,15.980044268289992,-0.6127744223965097,0.5734191638094053,0.7881799389756222,-5.5948589397249755,miscanthus_sinensis_ssp_transmorrisonensis_6wks vs miscanthus_floridulus_6wks,FALSE
5321,1.1264925346096568,18.942288158932737,0.6121234420037545,0.5738090645575744,0.7881799389756222,-5.595270410138659,miscanthus_sinensis_ssp_transmorrisonensis_6wks vs miscanthus_floridulus_6wks,FALSE
2223,1.4838739099415363,16.657522678696314,0.6115516558491828,0.5741516790632337,0.7881799389756222,-5.595631531186245,miscanthus_sinensis_ssp_transmorrisonensis_6wks vs miscanthus_floridulus_6wks,FALSE
825,-0.5421147746828847,15.955014700888855,-0.6111326097620599,0.5744028587233629,0.7881799389756222,-5.595896012948908,miscanthus_sinensis_ssp_transmorrisonensis_6wks vs miscanthus_floridulus_6wks,FALSE
5959,-0.6855966333192693,16.336589163630073,-0.6105832005679169,0.5747322906368185,0.7881799389756222,-5.596242550860238,miscanthus_sinensis_ssp_transmorrisonensis_6wks vs miscanthus_floridulus_6wks,FALSE
5322,-0.7363619890649638,21.707904641971194,-0.6092248012787781,0.5755473450690669,0.7887130284279806,-5.597098270472569,miscanthus_sinensis_ssp_transmorrisonensis_6wks vs miscanthus_floridulus_6wks,FALSE
2508,-0.9691004120158198,16.686770106900994,-0.6056947378181946,0.5776690330257295,0.78910941874406,-5.599314779221915,miscanthus_sinensis_ssp_transmorrisonensis_6wks vs miscanthus_floridulus_6wks,FALSE
3737,-0.4984086062689954,18.132621624093794,-0.6053909642877059,0.5778518546645519,0.78910941874406,-5.599505027308319,miscanthus_sinensis_ssp_transmorrisonensis_6wks vs miscanthus_floridulus_6wks,FALSE
5817,-0.6787096520939251,16.720705593836943,-0.6050522816430246,0.5780557312803691,0.78910941874406,-5.599717046736498,miscanthus_sinensis_ssp_transmorrisonensis_6wks vs miscanthus_floridulus_6wks,FALSE
4151,-0.557206272498803,22.433230257004812,-0.6049238358400149,0.5781330642615334,0.78910941874406,-5.599797430087541,miscanthus_sinensis_ssp_transmorrisonensis_6wks vs miscanthus_floridulus_6wks,FALSE
2318,-0.5505041302942022,16.02263433430315,-0.6042343644525725,0.578548289956037,0.78910941874406,-5.6002286742099665,miscanthus_sinensis_ssp_transmorrisonensis_6wks vs miscanthus_floridulus_6wks,FALSE
3272,0.7550091236512326,16.035322604527643,0.6039152051775697,0.5787405668972869,0.78910941874406,-5.600428163269937,miscanthus_sinensis_ssp_transmorrisonensis_6wks vs miscanthus_floridulus_6wks,FALSE
5019,0.5091321898063743,15.582987958283073,0.603779355337367,0.5788224222895618,0.78910941874406,-5.600513049530565,miscanthus_sinensis_ssp_transmorrisonensis_6wks vs miscanthus_floridulus_6wks,FALSE
3958,0.5622361513304828,16.096137671437088,0.6026561699283498,0.5794994849026506,0.7892282324172036,-5.601214279304986,miscanthus_sinensis_ssp_transmorrisonensis_6wks vs miscanthus_floridulus_6wks,FALSE
6220,-0.6003926377902644,17.16701945041018,-0.6018414836397182,0.5799909115774942,0.7892282324172036,-5.6017222395943955,miscanthus_sinensis_ssp_transmorrisonensis_6wks vs miscanthus_floridulus_6wks,FALSE
2348,-0.7189820568534238,23.797293783371714,-0.6015125543507187,0.5801894032904849,0.7892282324172036,-5.601927169428462,miscanthus_sinensis_ssp_transmorrisonensis_6wks vs miscanthus_floridulus_6wks,FALSE
1542,-1.3159686963694952,17.498923527340047,-0.5984751962367468,0.5820244191052052,0.7901915165958258,-5.6038151808419885,miscanthus_sinensis_ssp_transmorrisonensis_6wks vs miscanthus_floridulus_6wks,FALSE
1532,0.5499687578868659,16.34364285212502,0.5982713792893048,0.5821476922276516,0.7901915165958258,-5.6039415929102825,miscanthus_sinensis_ssp_transmorrisonensis_6wks vs miscanthus_floridulus_6wks,FALSE
2951,-1.2106392541777389,25.461923267270432,-0.597619629637077,0.5825420010939037,0.7901915165958258,-5.604345586862392,miscanthus_sinensis_ssp_transmorrisonensis_6wks vs miscanthus_floridulus_6wks,FALSE
8,0.934811887187923,22.928060673258766,0.5974056621447108,0.5826714900129665,0.7901915165958258,-5.604478138288857,miscanthus_sinensis_ssp_transmorrisonensis_6wks vs miscanthus_floridulus_6wks,FALSE
4608,-0.8987240129116785,19.48683594862819,-0.5968081387987129,0.583033200082866,0.7901915165958258,-5.604848094149279,miscanthus_sinensis_ssp_transmorrisonensis_6wks vs miscanthus_floridulus_6wks,FALSE
3967,-0.7164249424863804,16.677614200023168,-0.5949561051927692,0.5841552679721964,0.791132683564102,-5.605992850919812,miscanthus_sinensis_ssp_transmorrisonensis_6wks vs miscanthus_floridulus_6wks,FALSE
1580,-0.911365515638586,17.03604555574719,-0.5940976962412312,0.5846758236765895,0.7912584299939215,-5.606522450686392,miscanthus_sinensis_ssp_transmorrisonensis_6wks vs miscanthus_floridulus_6wks,FALSE
5529,-0.5731036507083829,16.390683098029253,-0.5924751309807034,0.5856606123437362,0.7919383186982034,-5.607521785845093,miscanthus_sinensis_ssp_transmorrisonensis_6wks vs miscanthus_floridulus_6wks,FALSE
907,-0.5039060873582031,20.833674930765646,-0.591859810404864,0.5860343558366705,0.7919383186982034,-5.6079001735805205,miscanthus_sinensis_ssp_transmorrisonensis_6wks vs miscanthus_floridulus_6wks,FALSE
173,-0.5015728979677476,22.420323609498418,-0.5908748119073615,0.5866329663870189,0.7921686042452445,-5.608505219722978,miscanthus_sinensis_ssp_transmorrisonensis_6wks vs miscanthus_floridulus_6wks,FALSE
5051,0.9485680440786162,16.54005923605681,0.589660426139359,0.587371533894458,0.7922141281134975,-5.60925002841578,miscanthus_sinensis_ssp_transmorrisonensis_6wks vs miscanthus_floridulus_6wks,FALSE
2220,1.0327531675771162,17.241431335813612,0.5894112948476822,0.5875231263630911,0.7922141281134975,-5.609402670053638,miscanthus_sinensis_ssp_transmorrisonensis_6wks vs miscanthus_floridulus_6wks,FALSE
1276,-0.6695891571998871,16.23171748609844,-0.5877581235287068,0.5885297041756998,0.7929934105790566,-5.610414214779786,miscanthus_sinensis_ssp_transmorrisonensis_6wks vs miscanthus_floridulus_6wks,FALSE
4860,-0.4888441024918144,15.491640779512597,-0.5855121494839646,0.5898990315159884,0.7942599769320078,-5.611784731181983,miscanthus_sinensis_ssp_transmorrisonensis_6wks vs miscanthus_floridulus_6wks,FALSE
2309,0.49306200870197614,22.937146878398813,0.5838286719801896,0.5909267775228207,0.7949051911842371,-5.6128091661644905,miscanthus_sinensis_ssp_transmorrisonensis_6wks vs miscanthus_floridulus_6wks,FALSE
2720,0.5977837093560225,16.951503868344464,0.58325540548271,0.5912770169930319,0.7949051911842371,-5.61315745580892,miscanthus_sinensis_ssp_transmorrisonensis_6wks vs miscanthus_floridulus_6wks,FALSE
531,-0.4881436771850787,21.049396132586214,-0.5826079988875738,0.5916727150602228,0.7949051911842371,-5.613550449355237,miscanthus_sinensis_ssp_transmorrisonensis_6wks vs miscanthus_floridulus_6wks,FALSE
6015,-1.3826565970212314,18.843978529931164,-0.5814856579889504,0.5923591032331188,0.7949051911842371,-5.614230885544796,miscanthus_sinensis_ssp_transmorrisonensis_6wks vs miscanthus_floridulus_6wks,FALSE
2057,1.19868844415193,17.648688550576047,0.5812118626024535,0.5925266262935476,0.7949051911842371,-5.614396713401882,miscanthus_sinensis_ssp_transmorrisonensis_6wks vs miscanthus_floridulus_6wks,FALSE
16,-0.5396766004593587,26.434130335057958,-0.5789823904169787,0.5938918844189474,0.7956493110556175,-5.615744615079381,miscanthus_sinensis_ssp_transmorrisonensis_6wks vs miscanthus_floridulus_6wks,FALSE
2854,0.7934011402722767,17.173052684089697,0.5788246477293377,0.5939885582155074,0.7956493110556175,-5.615839821053555,miscanthus_sinensis_ssp_transmorrisonensis_6wks vs miscanthus_floridulus_6wks,FALSE
992,-0.7534010438702587,18.31565960113523,-0.5777667663170255,0.5946371521318373,0.7956493110556175,-5.616477751923039,miscanthus_sinensis_ssp_transmorrisonensis_6wks vs miscanthus_floridulus_6wks,FALSE
692,-0.5902278372374923,16.58690534849993,-0.5774986314776583,0.5948016201026589,0.7956493110556175,-5.616639290635368,miscanthus_sinensis_ssp_transmorrisonensis_6wks vs miscanthus_floridulus_6wks,FALSE
1187,-0.49038941400018743,15.936468881909295,-0.5710381033291269,0.5987732437417368,0.8003833099148938,-5.620512607797931,miscanthus_sinensis_ssp_transmorrisonensis_6wks vs miscanthus_floridulus_6wks,FALSE
3104,-0.7290008208328409,17.70873034678273,-0.5690299787198759,0.6000112079359148,0.8014590142104278,-5.621709155809905,miscanthus_sinensis_ssp_transmorrisonensis_6wks vs miscanthus_floridulus_6wks,FALSE
2756,-1.1926705552166723,16.860966749000404,-0.5666498169103297,0.6014806467512952,0.8028421331095932,-5.62312282649389,miscanthus_sinensis_ssp_transmorrisonensis_6wks vs miscanthus_floridulus_6wks,FALSE
1265,-0.8352461527744808,17.201166255985694,-0.5646256663440589,0.6027321030681546,0.8039325094997015,-5.62432115091799,miscanthus_sinensis_ssp_transmorrisonensis_6wks vs miscanthus_floridulus_6wks,FALSE
5156,-0.47214918239957626,22.414988136430516,-0.5605193704293814,0.6052759644303336,0.8062360801384695,-5.626741099298514,miscanthus_sinensis_ssp_transmorrisonensis_6wks vs miscanthus_floridulus_6wks,FALSE
306,-0.4967014360722075,22.910995476209024,-0.5604310321959122,0.6053307650336941,0.8062360801384695,-5.626792996613732,miscanthus_sinensis_ssp_transmorrisonensis_6wks vs miscanthus_floridulus_6wks,FALSE
5758,-0.7647667817013364,16.11197779106737,-0.55862325635522,0.6064529093866228,0.8071495556584547,-5.627853528171021,miscanthus_sinensis_ssp_transmorrisonensis_6wks vs miscanthus_floridulus_6wks,FALSE
6013,-0.6732336350519894,19.61456115498569,-0.5547412050351145,0.6088670682631012,0.8097800692212346,-5.630121197494099,miscanthus_sinensis_ssp_transmorrisonensis_6wks vs miscanthus_floridulus_6wks,FALSE
2806,-0.5626177051699734,15.71486065928897,-0.5540151418879505,0.609319262388481,0.8097993070536565,-5.630543843873536,miscanthus_sinensis_ssp_transmorrisonensis_6wks vs miscanthus_floridulus_6wks,FALSE
4874,-0.7657701380231536,16.475392111257378,-0.5523229971686205,0.6103739551811673,0.8106186770173436,-5.631527042381299,miscanthus_sinensis_ssp_transmorrisonensis_6wks vs miscanthus_floridulus_6wks,FALSE
3761,-0.5930283627755877,16.49814716852363,-0.5503109054230497,0.6116295593050378,0.8109361934654719,-5.632692839497151,miscanthus_sinensis_ssp_transmorrisonensis_6wks vs miscanthus_floridulus_6wks,FALSE
4111,0.651239833485338,16.35649087817583,0.5499627506063579,0.6118469824253617,0.8109361934654719,-5.632894194324492,miscanthus_sinensis_ssp_transmorrisonensis_6wks vs miscanthus_floridulus_6wks,FALSE
6159,0.5202112282944782,21.368999557581155,0.5498329296898644,0.6119280681501615,0.8109361934654719,-5.632969248512553,miscanthus_sinensis_ssp_transmorrisonensis_6wks vs miscanthus_floridulus_6wks,FALSE
242,-0.45773163686866525,20.931973604318397,-0.5490366973306785,0.6124255395919023,0.8110144940909229,-5.63342925188125,miscanthus_sinensis_ssp_transmorrisonensis_6wks vs miscanthus_floridulus_6wks,FALSE
368,-0.8325090934841093,25.901601400224095,-0.548028791384922,0.6130556238296544,0.8112681717345213,-5.634010736293013,miscanthus_sinensis_ssp_transmorrisonensis_6wks vs miscanthus_floridulus_6wks,FALSE
3120,0.74787164149528,16.468780648098356,0.5468941781353841,0.6137654029524094,0.8115797461218502,-5.634664239848726,miscanthus_sinensis_ssp_transmorrisonensis_6wks vs miscanthus_floridulus_6wks,FALSE
2721,0.65568111420869,16.5217411737881,0.5462246853423784,0.6141844577232456,0.8115797461218502,-5.635049310139533,miscanthus_sinensis_ssp_transmorrisonensis_6wks vs miscanthus_floridulus_6wks,FALSE
5946,-0.816076836303651,16.588745237388853,-0.5448252470419138,0.6150609827394178,0.8115797461218502,-5.635852930990821,miscanthus_sinensis_ssp_transmorrisonensis_6wks vs miscanthus_floridulus_6wks,FALSE
4092,0.4996576046127217,21.24015574476814,0.5441818385744062,0.6154642370167452,0.8115797461218502,-5.636221819112425,miscanthus_sinensis_ssp_transmorrisonensis_6wks vs miscanthus_floridulus_6wks,FALSE
2385,-0.48039383279336434,24.7047579571515,-0.5441494643857473,0.6154845317886248,0.8115797461218502,-5.636240370581434,miscanthus_sinensis_ssp_transmorrisonensis_6wks vs miscanthus_floridulus_6wks,FALSE
4671,0.5050857692938884,19.445904718127053,0.5433961228875096,0.6159569050526028,0.8116241270280022,-5.636671795655581,miscanthus_sinensis_ssp_transmorrisonensis_6wks vs miscanthus_floridulus_6wks,FALSE
3686,-0.8597436427948288,16.977274337395794,-0.5410770662256746,0.6174124544577391,0.8129630183251368,-5.63799669376766,miscanthus_sinensis_ssp_transmorrisonensis_6wks vs miscanthus_floridulus_6wks,FALSE
3088,-1.6963550723447902,18.898056236525015,-0.5351071114271551,0.6211692735269029,0.8170465589070782,-5.641385211607102,miscanthus_sinensis_ssp_transmorrisonensis_6wks vs miscanthus_floridulus_6wks,FALSE
430,0.9889843278014183,17.060697989254244,0.5347458987413103,0.6213970315579779,0.8170465589070782,-5.641589206941657,miscanthus_sinensis_ssp_transmorrisonensis_6wks vs miscanthus_floridulus_6wks,FALSE
5729,-0.5287102557239685,16.223920375573925,-0.5316953077884505,0.6233225903396625,0.8183283165951974,-5.643307343995328,miscanthus_sinensis_ssp_transmorrisonensis_6wks vs miscanthus_floridulus_6wks,FALSE
4201,-0.4402665681700455,20.09317689842825,-0.5312792725609158,0.6235854786831639,0.8183283165951974,-5.643541010699807,miscanthus_sinensis_ssp_transmorrisonensis_6wks vs miscanthus_floridulus_6wks,FALSE
5995,-0.6668658823179641,16.68645532111708,-0.5303693660999612,0.6241606758546592,0.8183283165951974,-5.644051516046401,miscanthus_sinensis_ssp_transmorrisonensis_6wks vs miscanthus_floridulus_6wks,FALSE
485,-0.5108830978536574,25.433195838528547,-0.529212867608257,0.6248922246250133,0.8183283165951974,-5.644699292658545,miscanthus_sinensis_ssp_transmorrisonensis_6wks vs miscanthus_floridulus_6wks,FALSE
198,0.5033894742414642,15.874879284070706,0.5288288390223498,0.6251352596663531,0.8183283165951974,-5.644914126803594,miscanthus_sinensis_ssp_transmorrisonensis_6wks vs miscanthus_floridulus_6wks,FALSE
3873,-0.4617365190447522,21.093765708925304,-0.5285936194984853,0.6252841484187448,0.8183283165951974,-5.645045647947765,miscanthus_sinensis_ssp_transmorrisonensis_6wks vs miscanthus_floridulus_6wks,FALSE
3141,0.9898128520075069,18.055076863960448,0.5283028363365222,0.625468237657086,0.8183283165951974,-5.6452081678477395,miscanthus_sinensis_ssp_transmorrisonensis_6wks vs miscanthus_floridulus_6wks,FALSE
5768,-0.44891585564340986,16.196384593998808,-0.5258948057604758,0.6269939861358255,0.8193982064039582,-5.646551082614818,miscanthus_sinensis_ssp_transmorrisonensis_6wks vs miscanthus_floridulus_6wks,FALSE
2367,0.44993759171766,15.752470155737143,0.5256143754946011,0.6271718163610838,0.8193982064039582,-5.646707131707945,miscanthus_sinensis_ssp_transmorrisonensis_6wks vs miscanthus_floridulus_6wks,FALSE
2948,-0.6031070842529616,20.96715018920434,-0.5236439834429444,0.6284221727383597,0.8204523779576326,-5.647801569061712,miscanthus_sinensis_ssp_transmorrisonensis_6wks vs miscanthus_floridulus_6wks,FALSE
4592,0.5618269738231554,17.628655028634746,0.5207711254579913,0.6302479172870521,0.8222557454027125,-5.649390948320165,miscanthus_sinensis_ssp_transmorrisonensis_6wks vs miscanthus_floridulus_6wks,FALSE
18,-0.4570576279153862,21.975434516726086,-0.5168140477102027,0.6327679439725247,0.8249617310424036,-5.651567844178613,miscanthus_sinensis_ssp_transmorrisonensis_6wks vs miscanthus_floridulus_6wks,FALSE
1813,0.6188763058473583,17.21268490054456,0.5156919958161675,0.6334836145504827,0.8253131598016853,-5.652182512236809,miscanthus_sinensis_ssp_transmorrisonensis_6wks vs miscanthus_floridulus_6wks,FALSE
4986,0.47915394276301626,19.399575632573224,0.5148518945213804,0.634019768794909,0.8254303816119505,-5.652641971532243,miscanthus_sinensis_ssp_transmorrisonensis_6wks vs miscanthus_floridulus_6wks,FALSE
2811,-0.7591197916523775,27.980544643364958,-0.5141184421567319,0.6344880821005985,0.8254591785415663,-5.653042575066772,miscanthus_sinensis_ssp_transmorrisonensis_6wks vs miscanthus_floridulus_6wks,FALSE
1592,-1.5923479114711654,18.95070678119712,-0.5120288490996042,0.6358234348755375,0.8266151472380494,-5.654181183708454,miscanthus_sinensis_ssp_transmorrisonensis_6wks vs miscanthus_floridulus_6wks,FALSE
3002,1.2093062715375886,18.344669316826636,0.5092678645085754,0.6375904142656805,0.8283302432524642,-5.655679481987494,miscanthus_sinensis_ssp_transmorrisonensis_6wks vs miscanthus_floridulus_6wks,FALSE
874,-0.4592489569271905,16.06646986529798,-0.5060803087955306,0.6396340253283528,0.8304020679701423,-5.657400542359873,miscanthus_sinensis_ssp_transmorrisonensis_6wks vs miscanthus_floridulus_6wks,FALSE
2752,-0.8639432450083895,17.38750626931148,-0.5035761986154587,0.6412421874942683,0.8311069027962233,-5.658746015898054,miscanthus_sinensis_ssp_transmorrisonensis_6wks vs miscanthus_floridulus_6wks,FALSE
5168,-0.67076244951663,16.87925427831836,-0.5028963127461097,0.6416792288944586,0.8311069027962233,-5.659110322521515,miscanthus_sinensis_ssp_transmorrisonensis_6wks vs miscanthus_floridulus_6wks,FALSE
6045,-0.49074212254665994,24.266647091696115,-0.5000750060008706,0.643494687708307,0.8311069027962233,-5.660617505920955,miscanthus_sinensis_ssp_transmorrisonensis_6wks vs miscanthus_floridulus_6wks,FALSE
2908,-0.508750988701717,20.98324086319722,-0.4992897135055654,0.6440005465536082,0.8311069027962233,-5.661035708397942,miscanthus_sinensis_ssp_transmorrisonensis_6wks vs miscanthus_floridulus_6wks,FALSE
5082,-0.9389698127343067,19.610708971488148,-0.49913281745395666,0.6441016416988046,0.8311069027962233,-5.661119193818979,miscanthus_sinensis_ssp_transmorrisonensis_6wks vs miscanthus_floridulus_6wks,FALSE
5186,-0.5771047193138585,17.655162539000266,-0.4985606011932967,0.6444704252672198,0.8311069027962233,-5.661423480265644,miscanthus_sinensis_ssp_transmorrisonensis_6wks vs miscanthus_floridulus_6wks,FALSE
1246,-0.9331778296783959,17.690863266328787,-0.498414232813146,0.6445647770955347,0.8311069027962233,-5.661501265509497,miscanthus_sinensis_ssp_transmorrisonensis_6wks vs miscanthus_floridulus_6wks,FALSE
316,-0.4360668439425801,21.58351084207398,-0.4982232657394302,0.6446878902803977,0.8311069027962233,-5.661602722142921,miscanthus_sinensis_ssp_transmorrisonensis_6wks vs miscanthus_floridulus_6wks,FALSE
4794,-0.43653965567721187,15.971627829944293,-0.49749919591351777,0.6451548109984172,0.8311069027962233,-5.661987096950126,miscanthus_sinensis_ssp_transmorrisonensis_6wks vs miscanthus_floridulus_6wks,FALSE
1180,0.8878840165670816,16.86821071893271,0.49697940094075616,0.6454901261371309,0.8311069027962233,-5.6622627314319605,miscanthus_sinensis_ssp_transmorrisonensis_6wks vs miscanthus_floridulus_6wks,FALSE
525,-0.8659626721347102,17.73520687086376,-0.49595660394003166,0.6461502215370779,0.8311069027962233,-5.66280436210269,miscanthus_sinensis_ssp_transmorrisonensis_6wks vs miscanthus_floridulus_6wks,FALSE
6213,0.4655901658276598,17.27954844029805,0.4958671494455199,0.6462079726990297,0.8311069027962233,-5.662851687204914,miscanthus_sinensis_ssp_transmorrisonensis_6wks vs miscanthus_floridulus_6wks,FALSE
59,-0.44478591628364583,27.163447496804825,-0.4957306422642839,0.6462961065497992,0.8311069027962233,-5.662923890761766,miscanthus_sinensis_ssp_transmorrisonensis_6wks vs miscanthus_floridulus_6wks,FALSE
4656,-0.7117306436126256,21.983001551626614,-0.49451049784789486,0.6470841870358449,0.8311069027962233,-5.663568498653769,miscanthus_sinensis_ssp_transmorrisonensis_6wks vs miscanthus_floridulus_6wks,FALSE
2839,0.4101027811729523,23.600771790764615,0.49438029172405856,0.6471683191628499,0.8311069027962233,-5.663637205286433,miscanthus_sinensis_ssp_transmorrisonensis_6wks vs miscanthus_floridulus_6wks,FALSE
4444,-0.7838855523481989,17.939272769792552,-0.492855706990502,0.6481538980518957,0.8311069027962233,-5.664440516386148,miscanthus_sinensis_ssp_transmorrisonensis_6wks vs miscanthus_floridulus_6wks,FALSE
4921,-0.5901070347950892,17.391554172396013,-0.49211499504334727,0.6486330523023698,0.8311069027962233,-5.664830018780706,miscanthus_sinensis_ssp_transmorrisonensis_6wks vs miscanthus_floridulus_6wks,FALSE
551,-0.5074101199956047,15.76001991305814,-0.491318491719054,0.6491485270959062,0.8311069027962233,-5.665248287654667,miscanthus_sinensis_ssp_transmorrisonensis_6wks vs miscanthus_floridulus_6wks,FALSE
3969,0.7150314965671694,16.34306935387513,0.4902983690803244,0.6498090698853232,0.8311069027962233,-5.66578312069299,miscanthus_sinensis_ssp_transmorrisonensis_6wks vs miscanthus_floridulus_6wks,FALSE
510,1.4329752318363198,21.237089531195448,0.49010155342828543,0.6499365555153114,0.8311069027962233,-5.665886195907026,miscanthus_sinensis_ssp_transmorrisonensis_6wks vs miscanthus_floridulus_6wks,FALSE
5656,0.5708691827893233,21.3719497132856,0.48888095213747673,0.6507275135120297,0.8311069027962233,-5.666524633674609,miscanthus_sinensis_ssp_transmorrisonensis_6wks vs miscanthus_floridulus_6wks,FALSE
4237,-0.6567003778316796,21.711626830609525,-0.4885427914950921,0.6509467425993539,0.8311069027962233,-5.666701262676576,miscanthus_sinensis_ssp_transmorrisonensis_6wks vs miscanthus_floridulus_6wks,FALSE
4359,0.4924246260792682,15.744172252661802,0.4882984062029586,0.6511052038848242,0.8311069027962233,-5.666828844056554,miscanthus_sinensis_ssp_transmorrisonensis_6wks vs miscanthus_floridulus_6wks,FALSE
6117,0.9998679546413065,16.563137151377937,0.4882157547807922,0.6511588007515632,0.8311069027962233,-5.666871979593132,miscanthus_sinensis_ssp_transmorrisonensis_6wks vs miscanthus_floridulus_6wks,FALSE
2246,-0.6173820314524434,17.052393748676085,-0.48783134354491986,0.6514081130024453,0.8311069027962233,-5.667072518647025,miscanthus_sinensis_ssp_transmorrisonensis_6wks vs miscanthus_floridulus_6wks,FALSE
3848,-0.523296665347118,16.46078644626259,-0.48595477969519635,0.65262596237931,0.8311476744239074,-5.668049494069376,miscanthus_sinensis_ssp_transmorrisonensis_6wks vs miscanthus_floridulus_6wks,FALSE
1315,0.534305139750888,21.643486385670357,0.48479353700578803,0.6533802417117349,0.8311476744239074,-5.668652405508862,miscanthus_sinensis_ssp_transmorrisonensis_6wks vs miscanthus_floridulus_6wks,FALSE
4775,1.0719580091974272,16.81747322747833,0.4846884961439764,0.6534484952487751,0.8311476744239074,-5.6687068797870594,miscanthus_sinensis_ssp_transmorrisonensis_6wks vs miscanthus_floridulus_6wks,FALSE
5887,-0.8186262365645547,17.223758708264384,-0.48435617028708555,0.6536644612704103,0.8311476744239074,-5.6688791560186385,miscanthus_sinensis_ssp_transmorrisonensis_6wks vs miscanthus_floridulus_6wks,FALSE
726,0.9278519725540662,20.240813146897622,0.48432239291641643,0.6536864142090731,0.8311476744239074,-5.6688966602499224,miscanthus_sinensis_ssp_transmorrisonensis_6wks vs miscanthus_floridulus_6wks,FALSE
3230,0.607387818312727,16.405447799031922,0.48352392253648985,0.6542054879580048,0.8312363686279594,-5.669310134362475,miscanthus_sinensis_ssp_transmorrisonensis_6wks vs miscanthus_floridulus_6wks,FALSE
4279,-0.7881790848477408,17.602427890272697,-0.48279545989024764,0.654679257482364,0.8312674168444567,-5.669686833557035,miscanthus_sinensis_ssp_transmorrisonensis_6wks vs miscanthus_floridulus_6wks,FALSE
5624,1.2483550549632163,18.215826447148277,0.47840439092417103,0.6575392409221481,0.8338043262687826,-5.671946943680759,miscanthus_sinensis_ssp_transmorrisonensis_6wks vs miscanthus_floridulus_6wks,FALSE
2959,0.727098273798024,17.59537134008993,0.47834395280417696,0.6575786551492724,0.8338043262687826,-5.671977924771196,miscanthus_sinensis_ssp_transmorrisonensis_6wks vs miscanthus_floridulus_6wks,FALSE
3357,-1.0356323971476833,17.54756899489942,-0.47615851034360424,0.6590047791124164,0.8350035507300275,-5.673095884061095,miscanthus_sinensis_ssp_transmorrisonensis_6wks vs miscanthus_floridulus_6wks,FALSE
5812,-0.6616556707923102,16.07371793409925,-0.4755118045411389,0.6594271284413893,0.8350035507300275,-5.673425840033266,miscanthus_sinensis_ssp_transmorrisonensis_6wks vs miscanthus_floridulus_6wks,FALSE
897,0.4902283119803723,15.976935979844512,0.47445303894803703,0.660118917087827,0.8353077952205745,-5.673965179259249,miscanthus_sinensis_ssp_transmorrisonensis_6wks vs miscanthus_floridulus_6wks,FALSE
5493,0.5292442379105466,16.964291048864546,0.4733644563314257,0.6608306173696924,0.8354345280823662,-5.67451860116327,miscanthus_sinensis_ssp_transmorrisonensis_6wks vs miscanthus_floridulus_6wks,FALSE
830,0.3926485075944033,15.499448943580953,0.47170621923253914,0.6619155852697366,0.8354345280823662,-5.6753594706606165,miscanthus_sinensis_ssp_transmorrisonensis_6wks vs miscanthus_floridulus_6wks,FALSE
6007,-0.9267799989010719,18.363030905471266,-0.47157531849437323,0.6620012752081154,0.8354345280823662,-5.675425737620926,miscanthus_sinensis_ssp_transmorrisonensis_6wks vs miscanthus_floridulus_6wks,FALSE
3261,1.2541253786341926,18.121454544056114,0.47153844371015385,0.6620254152263507,0.8354345280823662,-5.675444402112811,miscanthus_sinensis_ssp_transmorrisonensis_6wks vs miscanthus_floridulus_6wks,FALSE
2603,0.5544407568468053,17.577020337769845,0.47068571233215306,0.6625837932291454,0.8355692007320511,-5.675875659609912,miscanthus_sinensis_ssp_transmorrisonensis_6wks vs miscanthus_floridulus_6wks,FALSE
6135,1.178415385475578,18.132488352466794,0.4698115551713002,0.663156477014868,0.8356023498913255,-5.676317036424706,miscanthus_sinensis_ssp_transmorrisonensis_6wks vs miscanthus_floridulus_6wks,FALSE
5329,-0.9238136943543189,17.50178283116943,-0.4686324202358719,0.6639294019045361,0.8356023498913255,-5.676911251714402,miscanthus_sinensis_ssp_transmorrisonensis_6wks vs miscanthus_floridulus_6wks,FALSE
29,0.3968617631602065,22.553603749089252,0.4685779637780792,0.6639651104541884,0.8356023498913255,-5.676938662670113,miscanthus_sinensis_ssp_transmorrisonensis_6wks vs miscanthus_floridulus_6wks,FALSE
3413,-0.8285327108522544,18.68559435937179,-0.4645023582613704,0.6666406561381868,0.8383991936476176,-5.678982130535212,miscanthus_sinensis_ssp_transmorrisonensis_6wks vs miscanthus_floridulus_6wks,FALSE
4801,-0.3867473440462792,15.925474341822268,-0.46294498992690186,0.667664626317557,0.8391165480213861,-5.679758798550157,miscanthus_sinensis_ssp_transmorrisonensis_6wks vs miscanthus_floridulus_6wks,FALSE
1561,-0.37771368189358157,22.490448205220382,-0.4590955023036639,0.6701994263235482,0.8417304403927796,-5.6816686153997535,miscanthus_sinensis_ssp_transmorrisonensis_6wks vs miscanthus_floridulus_6wks,FALSE
5635,0.5411534258792869,16.357801261280727,0.4579873402392522,0.6709301154620366,0.8420764678458397,-5.682215770400241,miscanthus_sinensis_ssp_transmorrisonensis_6wks vs miscanthus_floridulus_6wks,FALSE
5210,-0.39580093900930713,15.910475557396703,-0.45653748318203485,0.6718867741878485,0.8421533512273904,-5.682929859686506,miscanthus_sinensis_ssp_transmorrisonensis_6wks vs miscanthus_floridulus_6wks,FALSE
5237,0.6470165895349762,16.158965706264574,0.45651470659706744,0.6719018088711504,0.8421533512273904,-5.682941061612583,miscanthus_sinensis_ssp_transmorrisonensis_6wks vs miscanthus_floridulus_6wks,FALSE
4766,0.4009035782058419,16.58839455628174,0.45507960990315677,0.6728494821107505,0.8427475083512763,-5.683645863300612,miscanthus_sinensis_ssp_transmorrisonensis_6wks vs miscanthus_floridulus_6wks,FALSE
4902,-1.0383941832819978,18.45019083349416,-0.4544175451851547,0.6732869282936143,0.8427475083512763,-5.683970348382089,miscanthus_sinensis_ssp_transmorrisonensis_6wks vs miscanthus_floridulus_6wks,FALSE
4490,0.5619893709054438,16.675381148416196,0.4526945373726963,0.6744261056815283,0.8436026338815601,-5.684812837823826,miscanthus_sinensis_ssp_transmorrisonensis_6wks vs miscanthus_floridulus_6wks,FALSE
101,-0.3993537563644374,23.34359701321352,-0.4507048970706213,0.6757428854154365,0.8437001416209428,-5.685782146527061,miscanthus_sinensis_ssp_transmorrisonensis_6wks vs miscanthus_floridulus_6wks,FALSE
1358,-0.41279596277651365,23.705170501219406,-0.45043859419696297,0.6759192363182001,0.8437001416209428,-5.685911594018994,miscanthus_sinensis_ssp_transmorrisonensis_6wks vs miscanthus_floridulus_6wks,FALSE
1462,1.4573813756157143,19.2412532683482,0.4502928246224364,0.6760157784169989,0.8437001416209428,-5.685982422380879,miscanthus_sinensis_ssp_transmorrisonensis_6wks vs miscanthus_floridulus_6wks,FALSE
6148,0.40517329213716735,25.514186185763364,0.44982106098344254,0.6763282756885719,0.8437001416209428,-5.68621150841609,miscanthus_sinensis_ssp_transmorrisonensis_6wks vs miscanthus_floridulus_6wks,FALSE
5415,-0.5653097580240996,17.323650421736744,-0.4452727581344469,0.6793451264801489,0.8463930856881187,-5.6884091203388305,miscanthus_sinensis_ssp_transmorrisonensis_6wks vs miscanthus_floridulus_6wks,FALSE
509,-1.4671939940470615,22.05096898753667,-0.4444360567005279,0.6799008993532234,0.8463930856881187,-5.688811213009452,miscanthus_sinensis_ssp_transmorrisonensis_6wks vs miscanthus_floridulus_6wks,FALSE
5491,-0.5230628035559626,16.87513058390978,-0.44429957587408503,0.679991579151958,0.8463930856881187,-5.6888767371582745,miscanthus_sinensis_ssp_transmorrisonensis_6wks vs miscanthus_floridulus_6wks,FALSE
1823,-0.4025369611288063,22.800799585625402,-0.44371677518481817,0.6803788739911512,0.8463930856881187,-5.689156335524657,miscanthus_sinensis_ssp_transmorrisonensis_6wks vs miscanthus_floridulus_6wks,FALSE
3185,0.7031457497682645,17.133589336011656,0.4430351845755867,0.6808319703497286,0.8463930856881187,-5.689482910874928,miscanthus_sinensis_ssp_transmorrisonensis_6wks vs miscanthus_floridulus_6wks,FALSE
2447,0.8617400912998647,17.753077633182123,0.44228301382866797,0.6813321752858175,0.8463930856881187,-5.689842781162311,miscanthus_sinensis_ssp_transmorrisonensis_6wks vs miscanthus_floridulus_6wks,FALSE
2019,-0.3939147844415878,16.525123143878297,-0.4417457788058778,0.6816895663109712,0.8463930856881187,-5.690099481250856,miscanthus_sinensis_ssp_transmorrisonensis_6wks vs miscanthus_floridulus_6wks,FALSE
3338,0.5930140147485901,16.141278175994753,0.43980802024408355,0.6829794842052315,0.8474259193693348,-5.691023048333929,miscanthus_sinensis_ssp_transmorrisonensis_6wks vs miscanthus_floridulus_6wks,FALSE
226,0.8450387208453556,17.983570066692483,0.43738217536256285,0.6845961595748536,0.8488613017161413,-5.692174102824574,miscanthus_sinensis_ssp_transmorrisonensis_6wks vs miscanthus_floridulus_6wks,FALSE
4333,-0.7986402083432651,18.806872170546942,-0.43624662536420716,0.6853536382998253,0.8488613017161413,-5.692710949869784,miscanthus_sinensis_ssp_transmorrisonensis_6wks vs miscanthus_floridulus_6wks,FALSE
3034,0.6933871136917134,17.467215677768934,0.4356655149338418,0.6857414467051919,0.8488613017161413,-5.692985192155547,miscanthus_sinensis_ssp_transmorrisonensis_6wks vs miscanthus_floridulus_6wks,FALSE
4177,-0.7461916276017142,18.304359562043945,-0.4353205748302614,0.6859717005760169,0.8488613017161413,-5.693147823432185,miscanthus_sinensis_ssp_transmorrisonensis_6wks vs miscanthus_floridulus_6wks,FALSE
2812,0.9839499630003807,18.391215658805546,0.4325116943565012,0.6878482163082005,0.8500355643852516,-5.694467826017158,miscanthus_sinensis_ssp_transmorrisonensis_6wks vs miscanthus_floridulus_6wks,FALSE
183,-0.41322635892570503,24.86494373068838,-0.4322242021561094,0.6880404339854905,0.8500355643852516,-5.694602495410282,miscanthus_sinensis_ssp_transmorrisonensis_6wks vs miscanthus_floridulus_6wks,FALSE
1261,-1.5720354496009499,19.694239815789945,-0.4318374414053089,0.6882990678103281,0.8500355643852516,-5.694783537605819,miscanthus_sinensis_ssp_transmorrisonensis_6wks vs miscanthus_floridulus_6wks,FALSE
3445,0.7825636866114856,18.96261867120185,0.43041527456682493,0.6892505402129843,0.8506427614369719,-5.69544799491332,miscanthus_sinensis_ssp_transmorrisonensis_6wks vs miscanthus_floridulus_6wks,FALSE
3325,-0.3803649485905112,16.958088920149695,-0.426163949069875,0.692098954474845,0.8520869073328203,-5.697422473714471,miscanthus_sinensis_ssp_transmorrisonensis_6wks vs miscanthus_floridulus_6wks,FALSE
511,-0.9666840321109333,25.517021558223895,-0.425376590088767,0.692627170000003,0.8520869073328203,-5.697786209117597,miscanthus_sinensis_ssp_transmorrisonensis_6wks vs miscanthus_floridulus_6wks,FALSE
6025,1.0012676706960768,18.77110950891189,0.42454629715787007,0.6931844181619099,0.8520869073328203,-5.698169119505215,miscanthus_sinensis_ssp_transmorrisonensis_6wks vs miscanthus_floridulus_6wks,FALSE
3886,-0.3923239459242822,22.091350903751984,-0.42442303117176816,0.6932671677607211,0.8520869073328203,-5.698225908993678,miscanthus_sinensis_ssp_transmorrisonensis_6wks vs miscanthus_floridulus_6wks,FALSE
5907,-1.1059621358879816,18.57224462110378,-0.4243499363241787,0.6933162394584867,0.8520869073328203,-5.698259577244635,miscanthus_sinensis_ssp_transmorrisonensis_6wks vs miscanthus_floridulus_6wks,FALSE
5731,-0.46094416329991006,16.30550978884858,-0.42413190851987626,0.6934626216780326,0.8520869073328203,-5.69835997195685,miscanthus_sinensis_ssp_transmorrisonensis_6wks vs miscanthus_floridulus_6wks,FALSE
6064,0.6161616306856104,18.435898927083116,0.4238605962603917,0.6936448013206634,0.8520869073328203,-5.6984848372138535,miscanthus_sinensis_ssp_transmorrisonensis_6wks vs miscanthus_floridulus_6wks,FALSE
4867,-0.3485204531758157,17.238457300618492,-0.42283094926682996,0.6943364127228036,0.8521929202101033,-5.698958050464409,miscanthus_sinensis_ssp_transmorrisonensis_6wks vs miscanthus_floridulus_6wks,FALSE
1948,-0.4170914975929776,24.913174971978968,-0.4223607102959706,0.694652391176668,0.8521929202101033,-5.699173819872202,miscanthus_sinensis_ssp_transmorrisonensis_6wks vs miscanthus_floridulus_6wks,FALSE
5595,-0.6584803283047105,16.326100199619997,-0.420936927333454,0.6956095646512077,0.8528016531509174,-5.699825796938991,miscanthus_sinensis_ssp_transmorrisonensis_6wks vs miscanthus_floridulus_6wks,FALSE
1368,0.3523429143997845,16.194605296221532,0.41751115181687937,0.6979154427533203,0.8540166163217887,-5.701386341755243,miscanthus_sinensis_ssp_transmorrisonensis_6wks vs miscanthus_floridulus_6wks,FALSE
279,1.493018153480758,19.74703206926118,0.4173135933009409,0.6980485396967677,0.8540166163217887,-5.701475982698537,miscanthus_sinensis_ssp_transmorrisonensis_6wks vs miscanthus_floridulus_6wks,FALSE
172,0.5019309230473148,25.72378879971638,0.41685108900342865,0.6983601844585641,0.8540166163217887,-5.701685690464297,miscanthus_sinensis_ssp_transmorrisonensis_6wks vs miscanthus_floridulus_6wks,FALSE
2034,0.4259145398568336,23.458041674135146,0.41672211446512103,0.698447102970198,0.8540166163217887,-5.701744132181702,miscanthus_sinensis_ssp_transmorrisonensis_6wks vs miscanthus_floridulus_6wks,FALSE
3129,-0.3874470072810148,16.825723043465395,-0.4146175137278526,0.6998662263274396,0.85518660416496906,-5.702695459585077,miscanthus_sinensis_ssp_transmorrisonensis_6wks vs miscanthus_floridulus_6wks,FALSE
2266,-0.4012319446824044,20.05194931431747,-0.40865548704303606,0.7038944502753905,0.8595410778940412,-5.705366631473127,miscanthus_sinensis_ssp_transmorrisonensis_6wks vs miscanthus_floridulus_6wks,FALSE
3531,0.39971072941775,15.905531837607949,0.4069009538646062,0.7050821495542144,0.8598040284871401,-5.7061460016140275,miscanthus_sinensis_ssp_transmorrisonensis_6wks vs miscanthus_floridulus_6wks,FALSE
4460,0.3439939980395117,16.463590449916865,0.4063317597289053,0.705467674352563,0.8598040284871401,-5.706398182548042,miscanthus_sinensis_ssp_transmorrisonensis_6wks vs miscanthus_floridulus_6wks,FALSE
307,0.4005887970374147,16.748165665670022,0.4062780442454441,0.7055040622937723,0.8598040284871401,-5.706421964508505,miscanthus_sinensis_ssp_transmorrisonensis_6wks vs miscanthus_floridulus_6wks,FALSE
1742,-0.7703307790441656,17.431798747638418,-0.4043240381368473,0.7068283933030454,0.860850906919443,-5.707285128483897,miscanthus_sinensis_ssp_transmorrisonensis_6wks vs miscanthus_floridulus_6wks,FALSE
4288,0.3348652987219971,22.18463119960425,0.4029311592445669,0.7077731881283014,0.8614344723929983,-5.707898099030242,miscanthus_sinensis_ssp_transmorrisonensis_6wks vs miscanthus_floridulus_6wks,FALSE
883,0.34502491858334494,16.42197999747625,0.4008193643667369,0.7092068427868616,0.8622252558314398,-5.7088237573433,miscanthus_sinensis_ssp_transmorrisonensis_6wks vs miscanthus_floridulus_6wks,FALSE
127,-0.7100838737935469,21.365345384470327,-0.4006011782079839,0.7093550483110548,0.8622252558314398,-5.708919140804645,miscanthus_sinensis_ssp_transmorrisonensis_6wks vs miscanthus_floridulus_6wks,FALSE
2785,-0.4676844647479719,16.318298300228395,-0.3990347813518953,0.7104194992216442,0.8627200097663368,-5.709602519871783,miscanthus_sinensis_ssp_transmorrisonensis_6wks vs miscanthus_floridulus_6wks,FALSE
2511,-0.5864084393768412,15.714660195551732,-0.3986299210236512,0.7106947539912958,0.8627200097663368,-5.709778751486593,miscanthus_sinensis_ssp_transmorrisonensis_6wks vs miscanthus_floridulus_6wks,FALSE
2444,-1.1093230752043475,18.816431988635244,-0.3962451003020281,0.7123172202101358,0.8638249198358465,-5.710813513627018,miscanthus_sinensis_ssp_transmorrisonensis_6wks vs miscanthus_floridulus_6wks,FALSE
4777,0.5388623019689938,17.279689101267778,0.3959195790066179,0.7125388257672982,0.8638249198358465,-5.710954314326498,miscanthus_sinensis_ssp_transmorrisonensis_6wks vs miscanthus_floridulus_6wks,FALSE
3324,0.33549413901892144,16.10354967454499,0.393022207671272,0.714512786553911,0.8650479597682572,-5.712202863258547,miscanthus_sinensis_ssp_transmorrisonensis_6wks vs miscanthus_floridulus_6wks,FALSE
813,0.4985511306438095,16.2051217295946,0.39243389509488524,0.7149139317871078,0.8650479597682572,-5.712455353618453,miscanthus_sinensis_ssp_transmorrisonensis_6wks vs miscanthus_floridulus_6wks,FALSE
398,-0.8291606891741239,17.980201726112675,-0.392380347852616,0.7149504489111704,0.8650479597682572,-5.7124783176314295,miscanthus_sinensis_ssp_transmorrisonensis_6wks vs miscanthus_floridulus_6wks,FALSE
3746,-0.7534553103281496,16.683921715616705,-0.3892717443887738,0.7170719770645265,0.8670462106790359,-5.713806522571182,miscanthus_sinensis_ssp_transmorrisonensis_6wks vs miscanthus_floridulus_6wks,FALSE
3229,0.3410139945139363,16.408713285535512,0.38858756792786586,0.7175393235403265,0.8670462106790359,-5.7140975448243605,miscanthus_sinensis_ssp_transmorrisonensis_6wks vs miscanthus_floridulus_6wks,FALSE
3347,0.3350654467163068,21.974097929466552,0.38715245933937276,0.7185201026096162,0.867187761012915,-5.71470645448732,miscanthus_sinensis_ssp_transmorrisonensis_6wks vs miscanthus_floridulus_6wks,FALSE
4267,0.6068663759934765,16.80267235377872,0.3859909357988468,0.7193143903888823,0.867187761012915,-5.715197764901104,miscanthus_sinensis_ssp_transmorrisonensis_6wks vs miscanthus_floridulus_6wks,FALSE
1686,-0.37628476978641245,16.4745881818767,-0.3856783442127662,0.7195282241885627,0.867187761012915,-5.71532975523129,miscanthus_sinensis_ssp_transmorrisonensis_6wks vs miscanthus_floridulus_6wks,FALSE
6134,-0.7074356291795709,18.006824381259445,-0.38567360470786083,0.7195314665701753,0.867187761012915,-5.715331755707101,miscanthus_sinensis_ssp_transmorrisonensis_6wks vs miscanthus_floridulus_6wks,FALSE
5337,0.9363749100004668,18.5781687910684,0.38498658271863867,0.7200015464583941,0.867189362596373,-5.715621498115324,miscanthus_sinensis_ssp_transmorrisonensis_6wks vs miscanthus_floridulus_6wks,FALSE
4553,0.6063631818294333,16.001474341748505,0.3837117905053474,0.7208741928684158,0.8676014353766011,-5.7161578637702615,miscanthus_sinensis_ssp_transmorrisonensis_6wks vs miscanthus_floridulus_6wks,FALSE
2462,-0.37796083174538353,16.840571022223735,-0.3821310374234606,0.7219569975672342,0.8676014353766011,-5.716820683922473,miscanthus_sinensis_ssp_transmorrisonensis_6wks vs miscanthus_floridulus_6wks,FALSE
1594,-0.5689506513845437,17.04136252178388,-0.38178288247751235,0.7221955875173807,0.8676014353766011,-5.716966328472975,miscanthus_sinensis_ssp_transmorrisonensis_6wks vs miscanthus_floridulus_6wks,FALSE
54,-0.3208269456404089,21.435166017830397,-0.38160219163054576,0.7223194297261655,0.8676014353766011,-5.717041869064466,miscanthus_sinensis_ssp_transmorrisonensis_6wks vs miscanthus_floridulus_6wks,FALSE
5494,0.4026558378306291,16.29952806061446,0.38106372368348507,0.7226885469812661,0.8676014353766011,-5.717266788212683,miscanthus_sinensis_ssp_transmorrisonensis_6wks vs miscanthus_floridulus_6wks,FALSE
422,-0.6643694506035338,23.58166442654951,-0.37810302465714046,0.724719724317394,0.8692730578955706,-5.718498239355695,miscanthus_sinensis_ssp_transmorrisonensis_6wks vs miscanthus_floridulus_6wks,FALSE
5442,0.31767255805325334,16.789735502934832,0.377664629375834,0.7250207180177651,0.8692730578955706,-5.718679828076714,miscanthus_sinensis_ssp_transmorrisonensis_6wks vs miscanthus_floridulus_6wks,FALSE
2117,0.3166236450919193,22.381850061783567,0.3746001268887446,0.7271264253675006,0.8698017928713087,-5.719943742706756,miscanthus_sinensis_ssp_transmorrisonensis_6wks vs miscanthus_floridulus_6wks,FALSE
2576,0.9377268342311602,19.16731857376629,0.37446903257213304,0.7272165694012989,0.8698017928713087,-5.719997598412598,miscanthus_sinensis_ssp_transmorrisonensis_6wks vs miscanthus_floridulus_6wks,FALSE
2535,-0.31620738757866995,15.623891947427644,-0.37441459766666524,0.7272540019021787,0.8698017928713087,-5.720019956043613,miscanthus_sinensis_ssp_transmorrisonensis_6wks vs miscanthus_floridulus_6wks,FALSE
5133,0.39387193753960936,15.888225388605001,0.3742861053620612,0.7273423640929267,0.8698017928713087,-5.7200727187726494,miscanthus_sinensis_ssp_transmorrisonensis_6wks vs miscanthus_floridulus_6wks,FALSE
2108,-0.3058873589141413,16.226727655452287,-0.3706524668692087,0.7298432843763687,0.8711372558938878,-5.721557854469637,miscanthus_sinensis_ssp_transmorrisonensis_6wks vs miscanthus_floridulus_6wks,FALSE
2530,-0.9346967215859259,18.41464719411156,-0.37057280351106525,0.729898159999991,0.8711372558938878,-5.721590263998515,miscanthus_sinensis_ssp_transmorrisonensis_6wks vs miscanthus_floridulus_6wks,FALSE
2607,0.7350158344586148,18.665251015918827,0.3700253522664496,0.7302753215014715,0.8711372558938878,-5.721812809505865,miscanthus_sinensis_ssp_transmorrisonensis_6wks vs miscanthus_floridulus_6wks,FALSE
5428,0.3988479454935927,17.084651453940218,0.36970724107872804,0.7304945237703808,0.8711372558938878,-5.721941985412753,miscanthus_sinensis_ssp_transmorrisonensis_6wks vs miscanthus_floridulus_6wks,FALSE
4583,0.5979129390897455,17.56838462283201,0.3692443803890964,0.730813524944494,0.8711372558938878,-5.722129755982763,miscanthus_sinensis_ssp_transmorrisonensis_6wks vs miscanthus_floridulus_6wks,FALSE
6129,0.4685635838315463,17.501625402226043,0.36777489305230715,0.7318267250682882,0.8717832848527579,-5.722724442870028,miscanthus_sinensis_ssp_transmorrisonensis_6wks vs miscanthus_floridulus_6wks,FALSE
3520,-0.7881483975453101,16.935555247513285,-0.3661759058260405,0.7329299677888644,0.8725356759391243,-5.723369036774838,miscanthus_sinensis_ssp_transmorrisonensis_6wks vs miscanthus_floridulus_6wks,FALSE
749,-0.32205486980746656,21.401929927460493,-0.36512738427157,0.7336538343697125,0.8728357515009443,-5.72379030766417,miscanthus_sinensis_ssp_transmorrisonensis_6wks vs miscanthus_floridulus_6wks,FALSE
4558,-0.3246027040888393,16.542436480759534,-0.3626496020952431,0.735365750924655,0.8743101794412671,-5.724781360485183,miscanthus_sinensis_ssp_transmorrisonensis_6wks vs miscanthus_floridulus_6wks,FALSE
2412,0.46100564483541895,16.176916715268735,0.3595922074329198,0.737480695503034,0.8762615842521598,-5.7259955928936375,miscanthus_sinensis_ssp_transmorrisonensis_6wks vs miscanthus_floridulus_6wks,FALSE
1379,-0.33101097798342494,16.476814987318015,-0.3581825402472723,0.7384567804726878,0.876858179637017,-5.7265522131599305,miscanthus_sinensis_ssp_transmorrisonensis_6wks vs miscanthus_floridulus_6wks,FALSE
6249,-0.3992060002962372,16.092284495404435,-0.35544656427520166,0.7403529360652348,0.8778196851527366,-5.727626724243982,miscanthus_sinensis_ssp_transmorrisonensis_6wks vs miscanthus_floridulus_6wks,FALSE
2369,0.4088919504863089,15.403003450549011,0.35520922143817596,0.7405175311627197,0.8778196851527366,-5.727719574789615,miscanthus_sinensis_ssp_transmorrisonensis_6wks vs miscanthus_floridulus_6wks,FALSE
2069,-0.4307265278911423,22.113441973990327,-0.35462793001595283,0.7409207225859877,0.8778196851527366,-5.727946736631655,miscanthus_sinensis_ssp_transmorrisonensis_6wks vs miscanthus_floridulus_6wks,FALSE
4638,-0.4815712793337408,15.937689784061803,-0.3542765223290855,0.7411645125451755,0.8778196851527366,-5.728083894294595,miscanthus_sinensis_ssp_transmorrisonensis_6wks vs miscanthus_floridulus_6wks,FALSE
3290,-0.31873826929572857,16.959446632794528,-0.35306794717707496,0.7420032456256135,0.8782508025639059,-5.728554643685427,miscanthus_sinensis_ssp_transmorrisonensis_6wks vs miscanthus_floridulus_6wks,FALSE
1629,-0.569879431698908,17.48425900606186,-0.35199294285069876,0.7427496477870753,0.8785721537123334,-5.728972104321652,miscanthus_sinensis_ssp_transmorrisonensis_6wks vs miscanthus_floridulus_6wks,FALSE
75,1.1054398747934577,19.96390704339813,0.3501986775915652,0.7439962142834933,0.8789502262305725,-5.729666229911662,miscanthus_sinensis_ssp_transmorrisonensis_6wks vs miscanthus_floridulus_6wks,FALSE
4187,0.6246283641976582,17.0368680234645,0.3490480247152047,0.7447961319352254,0.8789502262305725,-5.730109624429712,miscanthus_sinensis_ssp_transmorrisonensis_6wks vs miscanthus_floridulus_6wks,FALSE
3496,-0.2878526443092362,19.811139028571134,-0.3488624078261788,0.7449252067721984,0.8789502262305725,-5.730181022579889,miscanthus_sinensis_ssp_transmorrisonensis_6wks vs miscanthus_floridulus_6wks,FALSE
1161,0.7109123180634676,17.574829831882084,0.34779671697255066,0.7456664665004944,0.8789502262305725,-5.730590256819856,miscanthus_sinensis_ssp_transmorrisonensis_6wks vs miscanthus_floridulus_6wks,FALSE
648,0.44444777668609525,15.882032630844511,0.34767557158429574,0.7457507524250668,0.8789502262305725,-5.730636703545092,miscanthus_sinensis_ssp_transmorrisonensis_6wks vs miscanthus_floridulus_6wks,FALSE
1069,-0.3232609205572867,15.591485093807337,-0.34743244079709973,0.7459199217199994,0.8789502262305725,-5.730729873382251,miscanthus_sinensis_ssp_transmorrisonensis_6wks vs miscanthus_floridulus_6wks,FALSE
3816,-0.3223892042208618,16.279191037685734,-0.34650628208240686,0.7465644977234371,0.8791497904445312,-5.731084226903053,miscanthus_sinensis_ssp_transmorrisonensis_6wks vs miscanthus_floridulus_6wks,FALSE
414,-0.6180661595031367,18.4810097952776,-0.34474705489626756,0.7477895539847621,0.8800322359235432,-5.731754879044711,miscanthus_sinensis_ssp_transmorrisonensis_6wks vs miscanthus_floridulus_6wks,FALSE
1497,0.32848930172670165,21.346067502603418,0.3411720838058538,0.7502818024040991,0.8803821666010199,-5.733107875567363,miscanthus_sinensis_ssp_transmorrisonensis_6wks vs miscanthus_floridulus_6wks,FALSE
4306,-0.3187511001694041,21.410566196442904,-0.34109108413782807,0.7503383133437245,0.8803821666010199,-5.733138377830925,miscanthus_sinensis_ssp_transmorrisonensis_6wks vs miscanthus_floridulus_6wks,FALSE
2515,0.5123545743227922,23.05388511156888,0.3407584740295895,0.7505703849407079,0.8803821666010199,-5.733263558509771,miscanthus_sinensis_ssp_transmorrisonensis_6wks vs miscanthus_floridulus_6wks,FALSE
1616,-0.47829015640511585,17.44655905931131,-0.3404547375732454,0.7507823385186657,0.8803821666010199,-5.733377772284336,miscanthus_sinensis_ssp_transmorrisonensis_6wks vs miscanthus_floridulus_6wks,FALSE
2855,0.37716837252521174,16.134385840030035,0.3403077051172032,0.7508849503858691,0.8803821666010199,-5.733433026464936,miscanthus_sinensis_ssp_transmorrisonensis_6wks vs miscanthus_floridulus_6wks,FALSE
5985,-0.4392990907472374,17.43256303535172,-0.3402256846841108,0.7509421939980591,0.8803821666010199,-5.7334638396719235,miscanthus_sinensis_ssp_transmorrisonensis_6wks vs miscanthus_floridulus_6wks,FALSE
2559,-0.5842431355552336,16.946579873106757,-0.3371271308195584,0.7531061535420183,0.8823599645679124,-5.7346227895406825,miscanthus_sinensis_ssp_transmorrisonensis_6wks vs miscanthus_floridulus_6wks,FALSE
753,-0.9193894822138411,18.88817342679917,-0.33613877274433457,0.7537969805077859,0.882610388569243,-5.734990369911353,miscanthus_sinensis_ssp_transmorrisonensis_6wks vs miscanthus_floridulus_6wks,FALSE
2514,-0.8289953428949737,25.02932101938944,-0.33380512430114845,0.755429225132396,0.8835065216566289,-5.735854252812526,miscanthus_sinensis_ssp_transmorrisonensis_6wks vs miscanthus_floridulus_6wks,FALSE
2222,-1.0682647196788686,20.35325197816526,-0.33367902400750005,0.7555174687896146,0.8835065216566289,-5.735900772191194,miscanthus_sinensis_ssp_transmorrisonensis_6wks vs miscanthus_floridulus_6wks,FALSE
3696,0.2758869606425449,16.97859310145855,0.3323216194660083,0.7564676522595484,0.8840588481870906,-5.736400482484732,miscanthus_sinensis_ssp_transmorrisonensis_6wks vs miscanthus_floridulus_6wks,FALSE
1644,-0.32887862121347666,16.850071882593294,-0.33059781480067935,0.7576750684727747,0.8849109069915614,-5.73703231541827,miscanthus_sinensis_ssp_transmorrisonensis_6wks vs miscanthus_floridulus_6wks,FALSE
3777,0.4510946360271326,16.614266738219186,0.3260195301463221,0.7608859301041941,0.887642657252471,-5.738695383914608,miscanthus_sinensis_ssp_transmorrisonensis_6wks vs miscanthus_floridulus_6wks,FALSE
4227,0.27079217360288865,19.77168444140764,0.3258945685187089,0.7609736510283346,0.887642657252471,-5.738740469927741,miscanthus_sinensis_ssp_transmorrisonensis_6wks vs miscanthus_floridulus_6wks,FALSE
1287,-0.3286216686940957,15.629602676434764,-0.32381401587843905,0.7624348024320818,0.8887866316946134,-5.739488735202687,miscanthus_sinensis_ssp_transmorrisonensis_6wks vs miscanthus_floridulus_6wks,FALSE
501,-0.3068142193032699,24.271994131336722,-0.3192365092311629,0.7656537600320991,0.8919769874429365,-5.741119092023781,miscanthus_sinensis_ssp_transmorrisonensis_6wks vs miscanthus_floridulus_6wks,FALSE
410,-0.30426854794396263,22.176829884703547,-0.3179872689471722,0.7665332419564728,0.8924395831463025,-5.741560219923409,miscanthus_sinensis_ssp_transmorrisonensis_6wks vs miscanthus_floridulus_6wks,FALSE
2185,0.5814008584330175,18.575249133251518,0.3161750606247157,0.7678098190044002,0.8933636258856228,-5.742197233334314,miscanthus_sinensis_ssp_transmorrisonensis_6wks vs miscanthus_floridulus_6wks,FALSE
440,-0.2706814343543016,21.353329597016753,-0.3141370475469947,0.7692465275140196,0.8944727064116507,-5.742909503242479,miscanthus_sinensis_ssp_transmorrisonensis_6wks vs miscanthus_floridulus_6wks,FALSE
2853,0.5519203110888675,19.36073290419096,0.30947181352279995,0.7725395321643395,0.8977375216733844,-5.744523536316187,miscanthus_sinensis_ssp_transmorrisonensis_6wks vs miscanthus_floridulus_6wks,FALSE
5313,-0.25997389419809025,20.34827258411734,-0.30860269440408666,0.7731536541386557,0.8978871689620295,-5.744821695388964,miscanthus_sinensis_ssp_transmorrisonensis_6wks vs miscanthus_floridulus_6wks,FALSE
4659,-0.9345485472839528,18.030869394366952,-0.3062243140326786,0.7748352527848132,0.8987982831316979,-5.7456335512078756,miscanthus_sinensis_ssp_transmorrisonensis_6wks vs miscanthus_floridulus_6wks,FALSE
3014,0.2852267391963643,21.98121455960258,0.3061188262671366,0.7749098711324638,0.8987982831316979,-5.745669421159006,miscanthus_sinensis_ssp_transmorrisonensis_6wks vs miscanthus_floridulus_6wks,FALSE
2305,-0.3562270015531439,21.74888166344124,-0.3051379494463561,0.7756038500278943,0.8990395504709302,-5.746002395517143,miscanthus_sinensis_ssp_transmorrisonensis_6wks vs miscanthus_floridulus_6wks,FALSE
3942,0.6255850708603745,17.456282354267316,0.30396420019538595,0.7764346218304559,0.8991578611417824,-5.746399509233284,miscanthus_sinensis_ssp_transmorrisonensis_6wks vs miscanthus_floridulus_6wks,FALSE
5142,0.8059711994160494,18.751615184647402,0.3036204713472511,0.7766779795159828,0.8991578611417824,-5.746515527451829,miscanthus_sinensis_ssp_transmorrisonensis_6wks vs miscanthus_floridulus_6wks,FALSE
723,-0.27553867715461244,15.572160292853086,-0.30245233263854043,0.7775052458914989,0.8995526609751552,-5.746908874765399,miscanthus_sinensis_ssp_transmorrisonensis_6wks vs miscanthus_floridulus_6wks,FALSE
794,0.398196249434406,15.613409874986981,0.3012891530322726,0.7783293557979372,0.899830859047612,-5.747299119626123,miscanthus_sinensis_ssp_transmorrisonensis_6wks vs miscanthus_floridulus_6wks,FALSE
259,-1.1323648119578351,19.59756000564802,-0.30024171200528704,0.7790717678267157,0.899830859047612,-5.747649310454336,miscanthus_sinensis_ssp_transmorrisonensis_6wks vs miscanthus_floridulus_6wks,FALSE
1272,-0.3391705249849757,16.99561820471353,-0.3000539455001947,0.7792048844293376,0.899830859047612,-5.747711963763771,miscanthus_sinensis_ssp_transmorrisonensis_6wks vs miscanthus_floridulus_6wks,FALSE
941,-0.28858434036622427,16.17259762990887,-0.2962120287922212,0.7819306110625479,0.9019366296716612,-5.748985728459762,miscanthus_sinensis_ssp_transmorrisonensis_6wks vs miscanthus_floridulus_6wks,FALSE
3609,0.4258981372945563,17.08494122458583,0.2961094576155942,0.7820034345909971,0.9019366296716612,-5.749019521057402,miscanthus_sinensis_ssp_transmorrisonensis_6wks vs miscanthus_floridulus_6wks,FALSE
1195,0.30245987740511104,16.057061265231617,0.29425734345703675,0.7833188648306038,0.9026617485992209,-5.74962779043098,miscanthus_sinensis_ssp_transmorrisonensis_6wks vs miscanthus_floridulus_6wks,FALSE
4920,-0.5246999956534601,16.309867471473254,-0.29303607835066825,0.7841867271260687,0.9026617485992209,-5.750026886353072,miscanthus_sinensis_ssp_transmorrisonensis_6wks vs miscanthus_floridulus_6wks,FALSE
3508,-0.29359231877809044,15.886186689068321,-0.29280524582696993,0.7843508054595937,0.9026617485992209,-5.750102141999222,miscanthus_sinensis_ssp_transmorrisonensis_6wks vs miscanthus_floridulus_6wks,FALSE
1176,-1.0270458635975928,18.359317488747866,-0.29214576818378885,0.7848196443865647,0.9026617485992209,-5.7503168321646,miscanthus_sinensis_ssp_transmorrisonensis_6wks vs miscanthus_floridulus_6wks,FALSE
3228,1.1764229591048831,19.48072012918827,0.29179120393221675,0.7850717586465656,0.9026617485992209,-5.750432068168043,miscanthus_sinensis_ssp_transmorrisonensis_6wks vs miscanthus_floridulus_6wks,FALSE
4850,0.3158847262628086,16.73539856871083,0.29075034816917583,0.7858120476859062,0.9029517318129978,-5.7507695825896,miscanthus_sinensis_ssp_transmorrisonensis_6wks vs miscanthus_floridulus_6wks,FALSE
186,-0.25003995072304974,21.37870102723562,-0.28757689489682803,0.7880707985951508,0.9049850883929417,-5.751791518291598,miscanthus_sinensis_ssp_transmorrisonensis_6wks vs miscanthus_floridulus_6wks,FALSE
4211,0.23790001636051272,21.827854967394558,0.2850346881424303,0.7898820769159602,0.9065023835573985,-5.7526024448450235,miscanthus_sinensis_ssp_transmorrisonensis_6wks vs miscanthus_floridulus_6wks,FALSE
4155,0.4021751796204409,16.08377868939859,0.2839138770286433,0.7906811479161119,0.9066629372171172,-5.752957780328184,miscanthus_sinensis_ssp_transmorrisonensis_6wks vs miscanthus_floridulus_6wks,FALSE
4339,-0.234202871779015,24.87194662098273,-0.28344200824568544,0.7910176554355695,0.9066629372171172,-5.753106978326565,miscanthus_sinensis_ssp_transmorrisonensis_6wks vs miscanthus_floridulus_6wks,FALSE
2017,-0.30683060152695063,16.435637056645135,-0.2827766523602956,0.7914922397868348,0.9066629372171172,-5.753316950684851,miscanthus_sinensis_ssp_transmorrisonensis_6wks vs miscanthus_floridulus_6wks,FALSE
2624,-0.2673390165839322,17.40203651778765,-0.28061390433952815,0.7930356384812793,0.9078687693009696,-5.753996205791712,miscanthus_sinensis_ssp_transmorrisonensis_6wks vs miscanthus_floridulus_6wks,FALSE
1495,-0.637242403100597,17.865938242936345,-0.27985078958658516,0.7935804939188138,0.907930682591098,-5.75423468581943,miscanthus_sinensis_ssp_transmorrisonensis_6wks vs miscanthus_floridulus_6wks,FALSE
5740,-0.2914957335411792,16.59249093757003,-0.2790070378621242,0.7941830895840774,0.9080585387704222,-5.75449764154249,miscanthus_sinensis_ssp_transmorrisonensis_6wks vs miscanthus_floridulus_6wks,FALSE
5875,0.5961643109726609,17.906228786506464,0.2767448645953957,0.7957995605697857,0.9089183131917121,-5.755198894642404,miscanthus_sinensis_ssp_transmorrisonensis_6wks vs miscanthus_floridulus_6wks,FALSE
2715,0.6301953762415309,17.992323459932457,0.27654868503515345,0.7959398024439597,0.9089183131917121,-5.755259450675038,miscanthus_sinensis_ssp_transmorrisonensis_6wks vs miscanthus_floridulus_6wks,FALSE
1660,0.6041261726064562,18.329618067942388,0.2758924842248641,0.7964089652344677,0.9089183131917121,-5.7554617053055575,miscanthus_sinensis_ssp_transmorrisonensis_6wks vs miscanthus_floridulus_6wks,FALSE
2176,0.2268216143399524,15.551246835101448,0.2740272190025778,0.7977431400015763,0.9094851872516333,-5.756034101808559,miscanthus_sinensis_ssp_transmorrisonensis_6wks vs miscanthus_floridulus_6wks,FALSE
352,-0.8318674591079045,18.649686856738853,-0.2738235125253709,0.7978888967077842,0.9094851872516333,-5.7560963878736,miscanthus_sinensis_ssp_transmorrisonensis_6wks vs miscanthus_floridulus_6wks,FALSE
4728,-0.25033176363645104,16.01505150121722,-0.27285933321314837,0.7985789248134867,0.9096187272163451,-5.756390595912732,miscanthus_sinensis_ssp_transmorrisonensis_6wks vs miscanthus_floridulus_6wks,FALSE
1694,-0.25105260380661676,24.98414230123514,-0.2722858908471462,0.7989894225548977,0.9096187272163451,-5.756565102783924,miscanthus_sinensis_ssp_transmorrisonensis_6wks vs miscanthus_floridulus_6wks,FALSE
2613,-0.5154617859540771,17.80690723022209,-0.2714258088487055,0.799605258455073,0.9097599804070633,-5.756826177528586,miscanthus_sinensis_ssp_transmorrisonensis_6wks vs miscanthus_floridulus_6wks,FALSE
1048,0.24845349325921617,16.363260326540583,0.2698952264202914,0.8007016229132744,0.9099256632279102,-5.757288818418923,miscanthus_sinensis_ssp_transmorrisonensis_6wks vs miscanthus_floridulus_6wks,FALSE
3094,-0.2729620413415432,16.682861274832888,-0.26984922356853586,0.8007345836405609,0.9099256632279102,-5.757302684553458,miscanthus_sinensis_ssp_transmorrisonensis_6wks vs miscanthus_floridulus_6wks,FALSE
522,-0.6026560383769102,18.455736206293746,-0.2689850669292073,0.8013538393448687,0.9100703516194028,-5.757562735808319,miscanthus_sinensis_ssp_transmorrisonensis_6wks vs miscanthus_floridulus_6wks,FALSE
4064,0.7122289465151184,18.503901449378382,0.2675234483760503,0.802401639667414,0.9107012474752859,-5.758000757166146,miscanthus_sinensis_ssp_transmorrisonensis_6wks vs miscanthus_floridulus_6wks,FALSE
3613,-0.22037948295838916,16.001157248788406,-0.26518297748932756,0.8040805175319683,0.9109908758653489,-5.758697375723175,miscanthus_sinensis_ssp_transmorrisonensis_6wks vs miscanthus_floridulus_6wks,FALSE
3779,0.5801507441413314,19.051100164387606,0.2650191750195874,0.80419806524479,0.9109908758653489,-5.758745909501429,miscanthus_sinensis_ssp_transmorrisonensis_6wks vs miscanthus_floridulus_6wks,FALSE
4247,0.22501626323968438,16.731106276963594,0.2650112870560172,0.804203725953307,0.9109908758653489,-5.758748245933945,miscanthus_sinensis_ssp_transmorrisonensis_6wks vs miscanthus_floridulus_6wks,FALSE
4329,0.34180733155569243,16.986912262818088,0.26422399877276304,0.8047687877331411,0.9109908758653489,-5.758981105890039,miscanthus_sinensis_ssp_transmorrisonensis_6wks vs miscanthus_floridulus_6wks,FALSE
766,0.6887533296471915,19.208291495878505,0.2631034589741226,0.8055732840673142,0.9109908758653489,-5.759311383458874,miscanthus_sinensis_ssp_transmorrisonensis_6wks vs miscanthus_floridulus_6wks,FALSE
2472,0.8074114772814447,18.80730860266541,0.2630503922948491,0.8056113907652491,0.9109908758653489,-5.759326991285063,miscanthus_sinensis_ssp_transmorrisonensis_6wks vs miscanthus_floridulus_6wks,FALSE
3,0.34620155414511444,26.307839643787162,0.26150563614222966,0.8067209524733484,0.9112250200175407,-5.759780002352838,miscanthus_sinensis_ssp_transmorrisonensis_6wks vs miscanthus_floridulus_6wks,FALSE
1657,0.22771104090324457,23.462941335395612,0.2613906613178623,0.8068035582641793,0.9112250200175407,-5.759813616837162,miscanthus_sinensis_ssp_transmorrisonensis_6wks vs miscanthus_floridulus_6wks,FALSE
34,-0.3048468833848368,26.423059893650105,-0.2590546052800102,0.8084826011377716,0.9117855836308955,-5.760493511171577,miscanthus_sinensis_ssp_transmorrisonensis_6wks vs miscanthus_floridulus_6wks,FALSE
192,-0.5385828657567089,18.456313414008942,-0.2589118580351616,0.8085852415567066,0.9117855836308955,-5.760534866194476,miscanthus_sinensis_ssp_transmorrisonensis_6wks vs miscanthus_floridulus_6wks,FALSE
5265,0.29991902227463996,16.982803362420015,0.2585984365692053,0.8088106192822995,0.9117855836308955,-5.760625589841094,miscanthus_sinensis_ssp_transmorrisonensis_6wks vs miscanthus_floridulus_6wks,FALSE
5341,0.24343607162646919,20.235946593129775,0.2579578708016928,0.8092713126064488,0.9117855836308955,-5.760810679920576,miscanthus_sinensis_ssp_transmorrisonensis_6wks vs miscanthus_floridulus_6wks,FALSE
537,0.29802719433983427,16.347504564241937,0.2559918086294138,0.8106858842802817,0.912823424174389,-5.761376005242199,miscanthus_sinensis_ssp_transmorrisonensis_6wks vs miscanthus_floridulus_6wks,FALSE
4685,0.518365820745398,18.032663490735036,0.25438040432224057,0.8118459358490357,0.9135735896111412,-5.761836240499119,miscanthus_sinensis_ssp_transmorrisonensis_6wks vs miscanthus_floridulus_6wks,FALSE
5310,-0.2156391741578858,21.157433622535375,-0.252774246853042,0.8130027933619843,0.9143192508934171,-5.762292186209734,miscanthus_sinensis_ssp_transmorrisonensis_6wks vs miscanthus_floridulus_6wks,FALSE
3024,-0.2152500833607256,18.467500266294017,-0.2509766284508054,0.8142982397049261,0.9152197712357918,-5.76279917584795,miscanthus_sinensis_ssp_transmorrisonensis_6wks vs miscanthus_floridulus_6wks,FALSE
2556,-0.25181648824689873,16.513054618560417,-0.24936718043650372,0.8154586933481082,0.9155224467417622,-5.763250129475546,miscanthus_sinensis_ssp_transmorrisonensis_6wks vs miscanthus_floridulus_6wks,FALSE
90,-0.8031892276955297,19.321076128666782,-0.24896195627913376,0.8157509610791821,0.9155224467417622,-5.763363228084993,miscanthus_sinensis_ssp_transmorrisonensis_6wks vs miscanthus_floridulus_6wks,FALSE
424,-0.21862770790056985,20.444635793144503,-0.24854438791431982,0.8160521700957654,0.9155224467417622,-5.763479586011471,miscanthus_sinensis_ssp_transmorrisonensis_6wks vs miscanthus_floridulus_6wks,FALSE
5358,-0.430757208257738,16.838138055940924,-0.24613768622133406,0.8177889712556975,0.916914907165479,-5.764146547076707,miscanthus_sinensis_ssp_transmorrisonensis_6wks vs miscanthus_floridulus_6wks,FALSE
57,0.2040899078229046,27.827355900438693,0.24265656429163365,0.820303372867336,0.919177007755646,-5.765100150051766,miscanthus_sinensis_ssp_transmorrisonensis_6wks vs miscanthus_floridulus_6wks,FALSE
257,0.8180387423030808,19.601865963805547,0.24186178182555562,0.820877810196774,0.919263891564184,-5.765316025683301,miscanthus_sinensis_ssp_transmorrisonensis_6wks vs miscanthus_floridulus_6wks,FALSE
5856,-0.2330269327099046,16.248445240528422,-0.2406727935442049,0.8217374181903954,0.9196403628170043,-5.7656376934841385,miscanthus_sinensis_ssp_transmorrisonensis_6wks vs miscanthus_floridulus_6wks,FALSE
1787,-0.4278160559951516,24.968436354152693,-0.23994228907449142,0.8222657048268163,0.9196403628170043,-5.765834562021638,miscanthus_sinensis_ssp_transmorrisonensis_6wks vs miscanthus_floridulus_6wks,FALSE
2100,0.21829320879486858,16.749184448665652,0.2393345492830215,0.8227052975471039,0.9196403628170043,-5.765997904066935,miscanthus_sinensis_ssp_transmorrisonensis_6wks vs miscanthus_floridulus_6wks,FALSE
6208,0.2645245793480342,16.231515683157202,0.23862153427481753,0.8232211389575144,0.9196612965407015,-5.766189029186399,miscanthus_sinensis_ssp_transmorrisonensis_6wks vs miscanthus_floridulus_6wks,FALSE
1499,0.30359322555494117,24.248709302504416,0.23571157845504437,0.825327510523356,0.9214203373362465,-5.766963316841833,miscanthus_sinensis_ssp_transmorrisonensis_6wks vs miscanthus_floridulus_6wks,FALSE
2451,-0.21724056809422976,16.554087238198992,-0.23445783623545127,0.8262355831652992,0.9214203373362465,-5.767294075468027,miscanthus_sinensis_ssp_transmorrisonensis_6wks vs miscanthus_floridulus_6wks,FALSE
5692,0.6783310436756231,17.89492135569256,0.2337699482923607,0.8267339535385004,0.9214203373362465,-5.767474824987694,miscanthus_sinensis_ssp_transmorrisonensis_6wks vs miscanthus_floridulus_6wks,FALSE
199,-0.5071092227564122,19.06897157623137,-0.23364626651491946,0.826823570695054,0.9214203373362465,-5.767507268969919,miscanthus_sinensis_ssp_transmorrisonensis_6wks vs miscanthus_floridulus_6wks,FALSE
5795,0.3237805036663133,16.607142806926134,0.23208005479628638,0.827958690239383,0.9214203373362465,-5.767916673191231,miscanthus_sinensis_ssp_transmorrisonensis_6wks vs miscanthus_floridulus_6wks,FALSE
2569,0.5317694321410045,18.043051995064353,0.2318847115526818,0.8281003020261806,0.9214203373362465,-5.767967548000849,miscanthus_sinensis_ssp_transmorrisonensis_6wks vs miscanthus_floridulus_6wks,FALSE
24,-1.279770417159103,20.755376509963423,-0.23163384899639697,0.8282821735082043,0.9214203373362465,-5.768032821150703,miscanthus_sinensis_ssp_transmorrisonensis_6wks vs miscanthus_floridulus_6wks,FALSE
5647,0.3396409465351127,17.977683573699647,0.22800949492433345,0.830911224862089,0.9237895228334524,-5.76896820155769,miscanthus_sinensis_ssp_transmorrisonensis_6wks vs miscanthus_floridulus_6wks,FALSE
3047,-0.30622541880393683,17.545862723183486,-0.22688938291863844,0.8317242823453668,0.924138091494852,-5.769254382869471,miscanthus_sinensis_ssp_transmorrisonensis_6wks vs miscanthus_floridulus_6wks,FALSE
462,0.530221770011547,18.890562699016442,0.226141579274726,0.8322672340401738,0.9241863043063154,-5.769444679214383,miscanthus_sinensis_ssp_transmorrisonensis_6wks vs miscanthus_floridulus_6wks,FALSE
98,-0.9646292478647993,20.556423964597244,-0.22489292092683774,0.8331740900813481,0.9246383123278309,-5.769761068360135,miscanthus_sinensis_ssp_transmorrisonensis_6wks vs miscanthus_floridulus_6wks,FALSE
5349,-0.20607501636812486,16.476395970700704,-0.223582850487019,0.8341258860281552,0.9246762019792627,-5.770091186739647,miscanthus_sinensis_ssp_transmorrisonensis_6wks vs miscanthus_floridulus_6wks,FALSE
5947,-0.19024362563465402,19.431540314838525,-0.2234700123168579,0.8342078816775077,0.9246762019792627,-5.770119532533573,miscanthus_sinensis_ssp_transmorrisonensis_6wks vs miscanthus_floridulus_6wks,FALSE
3827,-0.1957494792492227,16.849445424950197,-0.22075243565867342,0.8361834214892667,0.9263109759012834,-5.7707980018723095,miscanthus_sinensis_ssp_transmorrisonensis_6wks vs miscanthus_floridulus_6wks,FALSE
1114,-0.1902920068153584,23.188667757703215,-0.21884935915431028,0.8375677352305652,0.9272892340972745,-5.771268311901845,miscanthus_sinensis_ssp_transmorrisonensis_6wks vs miscanthus_floridulus_6wks,FALSE
5661,0.3569223793500562,17.629935102024007,0.21697852364789735,0.8389292920938752,0.9281401942562968,-5.771726787962051,miscanthus_sinensis_ssp_transmorrisonensis_6wks vs miscanthus_floridulus_6wks,FALSE
6180,-0.20484381768224225,19.9147190462378,-0.2151212120363084,0.8402816832583972,0.9281401942562968,-5.772178155522091,miscanthus_sinensis_ssp_transmorrisonensis_6wks vs miscanthus_floridulus_6wks,FALSE
1062,-0.22386531212145044,20.20136565298534,-0.2148558266642432,0.8404749768922133,0.9281401942562968,-5.772242341171387,miscanthus_sinensis_ssp_transmorrisonensis_6wks vs miscanthus_floridulus_6wks,FALSE
292,0.7200408168632926,19.05134272713622,0.21429035590820827,0.8408868834226344,0.9281401942562968,-5.77237884730493,miscanthus_sinensis_ssp_transmorrisonensis_6wks vs miscanthus_floridulus_6wks,FALSE
3303,0.18326334918681297,16.927590440764117,0.2131583281724693,0.8417116732304767,0.9281401942562968,-5.772651067738947,miscanthus_sinensis_ssp_transmorrisonensis_6wks vs miscanthus_floridulus_6wks,FALSE
1221,0.2785724979944142,16.517999559695042,0.2128586113703337,0.841930086717077,0.9281401942562968,-5.772722905658642,miscanthus_sinensis_ssp_transmorrisonensis_6wks vs miscanthus_floridulus_6wks,FALSE
1544,0.1873380825559252,23.325665917144352,0.21166871856699856,0.8427973706960972,0.9281401942562968,-5.773007133528019,miscanthus_sinensis_ssp_transmorrisonensis_6wks vs miscanthus_floridulus_6wks,FALSE
5065,0.29563931880293026,21.19874029315697,0.21091843684331646,0.8433443719753191,0.9281401942562968,-5.773185553059384,miscanthus_sinensis_ssp_transmorrisonensis_6wks vs miscanthus_floridulus_6wks,FALSE
1529,0.48923293804808665,18.344050205773282,0.21090081723166468,0.8433572190398245,0.9281401942562968,-5.773189735633394,miscanthus_sinensis_ssp_transmorrisonensis_6wks vs miscanthus_floridulus_6wks,FALSE
6119,0.3262670989142791,17.472412672874796,0.21025731759081007,0.8438264572141889,0.9281401942562968,-5.773342257058751,miscanthus_sinensis_ssp_transmorrisonensis_6wks vs miscanthus_floridulus_6wks,FALSE
1537,-0.17742343044332998,21.159725363343835,-0.2102181362670486,0.843855030669779,0.9281401942562968,-5.773351529072982,miscanthus_sinensis_ssp_transmorrisonensis_6wks vs miscanthus_floridulus_6wks,FALSE
4134,-0.23501876262218246,16.625025625552222,-0.20615882175351408,0.8468169049384608,0.9297069818241664,-5.7743029979164975,miscanthus_sinensis_ssp_transmorrisonensis_6wks vs miscanthus_floridulus_6wks,FALSE
5335,0.43326150347408543,18.119632467148442,0.20578718026240325,0.8470882270990002,0.9297069818241664,-5.7743892021498855,miscanthus_sinensis_ssp_transmorrisonensis_6wks vs miscanthus_floridulus_6wks,FALSE
5897,0.2685557725941585,17.209702286025063,0.20553407957046133,0.8472730215809439,0.9297069818241664,-5.7744478232277,miscanthus_sinensis_ssp_transmorrisonensis_6wks vs miscanthus_floridulus_6wks,FALSE
319,-0.8533125694638279,21.031644622575076,-0.2049422651657339,0.8477051649897082,0.9297069818241664,-5.774584619255568,miscanthus_sinensis_ssp_transmorrisonensis_6wks vs miscanthus_floridulus_6wks,FALSE
5155,-0.17030175184533292,22.27336594879585,-0.20420113922351327,0.8482464273884884,0.9297069818241664,-5.7747553845744894,miscanthus_sinensis_ssp_transmorrisonensis_6wks vs miscanthus_floridulus_6wks,FALSE
2637,-0.46172388723370617,27.451333571163705,-0.20389147614363978,0.8484726119955186,0.9297069818241664,-5.774826555999723,miscanthus_sinensis_ssp_transmorrisonensis_6wks vs miscanthus_floridulus_6wks,FALSE
4376,-0.1815829443705752,22.136111041966128,-0.2034469325322947,0.848797347189739,0.9297069818241664,-5.774928543138611,miscanthus_sinensis_ssp_transmorrisonensis_6wks vs miscanthus_floridulus_6wks,FALSE
4421,0.1738128325781254,20.583082026028677,0.20162841774570026,0.8501261344202107,0.9303690829435429,-5.775343480538436,miscanthus_sinensis_ssp_transmorrisonensis_6wks vs miscanthus_floridulus_6wks,FALSE
136,0.20813373307075622,24.25990068597303,0.20124327985657944,0.8504076320310978,0.9303690829435429,-5.775430891451899,miscanthus_sinensis_ssp_transmorrisonensis_6wks vs miscanthus_floridulus_6wks,FALSE
2608,0.20508758434935714,23.86922008153242,0.19922468609013716,0.8518834651506123,0.9314328667426909,-5.775886357848635,miscanthus_sinensis_ssp_transmorrisonensis_6wks vs miscanthus_floridulus_6wks,FALSE
335,0.37187469677834173,17.401784574731963,0.19399416770868946,0.8557110058732988,0.9350651865715315,-5.777045637363642,miscanthus_sinensis_ssp_transmorrisonensis_6wks vs miscanthus_floridulus_6wks,FALSE
280,0.3057746260091676,22.557169920361062,0.19209659245151844,0.85710079405166,0.9351296846734529,-5.77745874434441,miscanthus_sinensis_ssp_transmorrisonensis_6wks vs miscanthus_floridulus_6wks,FALSE
1863,-0.19134519539344907,21.567077458286107,-0.19091713010447448,0.8579649519682941,0.9351296846734529,-5.777713511019801,miscanthus_sinensis_ssp_transmorrisonensis_6wks vs miscanthus_floridulus_6wks,FALSE
441,-0.15801741958489046,23.64858544735666,-0.19046568646450987,0.8582957756297973,0.9351296846734529,-5.777810616958482,miscanthus_sinensis_ssp_transmorrisonensis_6wks vs miscanthus_floridulus_6wks,FALSE
5922,0.37376389010488253,18.265594247352503,0.19025000648374601,0.8584538411374343,0.9351296846734529,-5.777856930372345,miscanthus_sinensis_ssp_transmorrisonensis_6wks vs miscanthus_floridulus_6wks,FALSE
4599,0.5766188808444674,17.728992423971647,0.18987272437686373,0.858730359432513,0.9351296846734529,-5.777937821255693,miscanthus_sinensis_ssp_transmorrisonensis_6wks vs miscanthus_floridulus_6wks,FALSE
4166,-0.1554070534754679,25.65642430410886,-0.1890296628817894,0.859348346377765,0.9351296846734529,-5.7781180082833075,miscanthus_sinensis_ssp_transmorrisonensis_6wks vs miscanthus_floridulus_6wks,FALSE
3930,0.2820234309360714,16.84401373330329,0.18845381740691375,0.8597705270183094,0.9351296846734529,-5.778240631473283,miscanthus_sinensis_ssp_transmorrisonensis_6wks vs miscanthus_floridulus_6wks,FALSE
2335,-0.4829032650911813,18.415789392909865,-0.18839475145033335,0.8598138343943479,0.9351296846734529,-5.778253188505205,miscanthus_sinensis_ssp_transmorrisonensis_6wks vs miscanthus_floridulus_6wks,FALSE
2984,-0.16482821355284827,16.42656990615893,-0.18676245124789945,0.8610108789127433,0.9355535792036949,-5.7785986771518045,miscanthus_sinensis_ssp_transmorrisonensis_6wks vs miscanthus_floridulus_6wks,FALSE
6265,0.2733603723917941,15.776918877317554,0.18648417515562046,0.8612149975048067,0.9355535792036949,-5.77865728214867,miscanthus_sinensis_ssp_transmorrisonensis_6wks vs miscanthus_floridulus_6wks,FALSE
1374,-0.34164991069333794,17.754439260710946,-0.18323042217187274,0.8636026321059058,0.9375967543403321,-5.779336159655272,miscanthus_sinensis_ssp_transmorrisonensis_6wks vs miscanthus_floridulus_6wks,FALSE
1633,-0.4080111123339982,17.16146906695983,-0.17826524351482217,0.8672495246345162,0.941003883034519,-5.780349501019239,miscanthus_sinensis_ssp_transmorrisonensis_6wks vs miscanthus_floridulus_6wks,FALSE
938,0.2676436852100643,17.60286993742331,0.17615754928437002,0.868798831907324,0.9417535418902926,-5.780771389467564,miscanthus_sinensis_ssp_transmorrisonensis_6wks vs miscanthus_floridulus_6wks,FALSE
5638,-0.6211711842433161,19.286254724116787,-0.17594033834517636,0.868958538382016,0.9417535418902926,-5.780814587333555,miscanthus_sinensis_ssp_transmorrisonensis_6wks vs miscanthus_floridulus_6wks,FALSE
691,-0.19536117903406058,15.862954363322473,-0.17356464557359763,0.8707057829310121,0.9430946712074779,-5.781283632397142,miscanthus_sinensis_ssp_transmorrisonensis_6wks vs miscanthus_floridulus_6wks,FALSE
5587,0.2856667751684334,17.315129562960845,0.17250244480127258,0.871487287363272,0.9431634710331651,-5.7814913191673565,miscanthus_sinensis_ssp_transmorrisonensis_6wks vs miscanthus_floridulus_6wks,FALSE
6145,0.23013034079908223,16.212493443035164,0.17209251364686884,0.8717889380901147,0.9431634710331651,-5.781571135528649,miscanthus_sinensis_ssp_transmorrisonensis_6wks vs miscanthus_floridulus_6wks,FALSE
2283,0.36435021733315764,18.480834380903392,0.17112507548063008,0.8725009390379145,0.9433820790298899,-5.781758761472583,miscanthus_sinensis_ssp_transmorrisonensis_6wks vs miscanthus_floridulus_6wks,FALSE
4789,0.455940641556527,17.633197413916577,0.16873279314176276,0.8742622033962577,0.9447342735298345,-5.782218253295366,miscanthus_sinensis_ssp_transmorrisonensis_6wks vs miscanthus_floridulus_6wks,FALSE
5353,0.27434995044446353,17.050036940376835,0.16712959287722348,0.8754430192218572,0.9453780560093505,-5.782522620111158,miscanthus_sinensis_ssp_transmorrisonensis_6wks vs miscanthus_floridulus_6wks,FALSE
3293,0.17812116363624853,16.738533369937848,0.1661030673836821,0.8761992997649914,0.9453780560093505,-5.7827160028339755,miscanthus_sinensis_ssp_transmorrisonensis_6wks vs miscanthus_floridulus_6wks,FALSE
5137,0.28955961142103703,17.58677332722848,0.16584288893386817,0.8763910086789385,0.9453780560093505,-5.7827648303334,miscanthus_sinensis_ssp_transmorrisonensis_6wks vs miscanthus_floridulus_6wks,FALSE
1551,-0.14228926481384363,21.357613774701317,-0.163887776765739,0.8778319342167418,0.9463805817604733,-5.783129332533983,miscanthus_sinensis_ssp_transmorrisonensis_6wks vs miscanthus_floridulus_6wks,FALSE
5984,0.22986416759796668,16.46532946163703,0.15868816761611174,0.8816668443430159,0.9499613640271283,-5.7840779902740245,miscanthus_sinensis_ssp_transmorrisonensis_6wks vs miscanthus_floridulus_6wks,FALSE
812,-0.34056100641394593,18.77784183408131,-0.15767991434720713,0.8824109294052139,0.9502096736901314,-5.784258453043039,miscanthus_sinensis_ssp_transmorrisonensis_6wks vs miscanthus_floridulus_6wks,FALSE
3582,-0.2800819997039241,16.47652762619375,-0.15629303284388277,0.883434680243433,0.9503021654544755,-5.78450483089962,miscanthus_sinensis_ssp_transmorrisonensis_6wks vs miscanthus_floridulus_6wks,FALSE
4300,-0.18932775120410028,16.914433122968454,-0.1561718109698122,0.8835241754495665,0.9503021654544755,-5.78452626376972,miscanthus_sinensis_ssp_transmorrisonensis_6wks vs miscanthus_floridulus_6wks,FALSE
146,0.5871588006828574,19.26182910467256,0.1553931609260813,0.8840990843294207,0.9503679872222129,-5.784663543292757,miscanthus_sinensis_ssp_transmorrisonensis_6wks vs miscanthus_floridulus_6wks,FALSE
528,-0.39506925237845536,17.95677841026408,-0.15331710292994452,0.8856323441113488,0.9514633197479648,-5.785026251860808,miscanthus_sinensis_ssp_transmorrisonensis_6wks vs miscanthus_floridulus_6wks,FALSE
5445,0.12774317056705797,15.978756847801913,0.1519864898749061,0.886615380158833,0.9518542428806477,-5.785256191114882,miscanthus_sinensis_ssp_transmorrisonensis_6wks vs miscanthus_floridulus_6wks,FALSE
3467,-0.31151406740344356,18.2394671494968,-0.15143179776721719,0.8870252512033712,0.9518542428806477,-5.785351461357477,miscanthus_sinensis_ssp_transmorrisonensis_6wks vs miscanthus_floridulus_6wks,FALSE
1786,-0.40679945002856854,28.635533372645995,-0.15038422122990588,0.8877994393859885,0.9518849728797745,-5.785530447885843,miscanthus_sinensis_ssp_transmorrisonensis_6wks vs miscanthus_floridulus_6wks,FALSE
4355,-0.21444682274612248,17.143901369332983,-0.1500006420837234,0.888082953075941,0.9518849728797745,-5.785595678420915,miscanthus_sinensis_ssp_transmorrisonensis_6wks vs miscanthus_floridulus_6wks,FALSE
2593,-0.26665399145819535,16.28310560769635,-0.1487372954649131,0.8890168699698193,0.9523302866072104,-5.785809356543999,miscanthus_sinensis_ssp_transmorrisonensis_6wks vs miscanthus_floridulus_6wks,FALSE
4500,-0.13670983900802014,16.93988268777769,-0.14804604212213357,0.8895279650039241,0.9523302866072104,-5.785925517054242,miscanthus_sinensis_ssp_transmorrisonensis_6wks vs miscanthus_floridulus_6wks,FALSE
2031,-0.3967379292253881,18.496017806675905,-0.14613144785655907,0.8909439061647468,0.9532945207662126,-5.78624446042148,miscanthus_sinensis_ssp_transmorrisonensis_6wks vs miscanthus_floridulus_6wks,FALSE
6151,-0.24750996379164292,16.81614351533239,-0.14491748145361838,0.8918419529368017,0.9537038225046723,-5.78644456383212,miscanthus_sinensis_ssp_transmorrisonensis_6wks vs miscanthus_floridulus_6wks,FALSE
4472,-0.12855547818591972,16.43160884075878,-0.14247902141733576,0.8936464272030398,0.9547497798039934,-5.786841519084262,miscanthus_sinensis_ssp_transmorrisonensis_6wks vs miscanthus_floridulus_6wks,FALSE
3685,-0.14443413282505801,16.73941881102983,-0.14220098405910844,0.8938522262813604,0.9547497798039934,-5.786886357564181,miscanthus_sinensis_ssp_transmorrisonensis_6wks vs miscanthus_floridulus_6wks,FALSE
1804,0.12556139958550716,16.038217445970048,0.14123561763286838,0.8945668545942086,0.954961731678757,-5.787041367609317,miscanthus_sinensis_ssp_transmorrisonensis_6wks vs miscanthus_floridulus_6wks,FALSE
3054,-0.1863430696763082,16.686469428493268,-0.1402401511429209,0.8953038921034405,0.9551973473998645,-5.787200117078449,miscanthus_sinensis_ssp_transmorrisonensis_6wks vs miscanthus_floridulus_6wks,FALSE
4612,-0.17376477589572303,17.081986885090277,-0.13754652479847773,0.8972988774757971,0.9563206685387291,-5.787624105983922,miscanthus_sinensis_ssp_transmorrisonensis_6wks vs miscanthus_floridulus_6wks,FALSE
1154,0.37763571835468923,18.00227848437109,0.13742265976275514,0.8973906381530994,0.9563206685387291,-5.787643407213403,miscanthus_sinensis_ssp_transmorrisonensis_6wks vs miscanthus_floridulus_6wks,FALSE
895,-0.12893530932554675,15.798434592126062,-0.13486489642138594,0.8992858919775075,0.9573826257172261,-5.788038122351347,miscanthus_sinensis_ssp_transmorrisonensis_6wks vs miscanthus_floridulus_6wks,FALSE
210,0.12568264776396987,23.340086252748637,0.134021062694356,0.8999113362024773,0.9573826257172261,-5.788166732579993,miscanthus_sinensis_ssp_transmorrisonensis_6wks vs miscanthus_floridulus_6wks,FALSE
4669,0.3263577650919487,17.681738020704188,0.13398284072748237,0.8999396681741926,0.9573826257172261,-5.7881725391377765,miscanthus_sinensis_ssp_transmorrisonensis_6wks vs miscanthus_floridulus_6wks,FALSE
1571,0.11552454880398244,16.576430063878746,0.13221931964630051,0.901247071208253,0.9582224607673955,-5.788438663936495,miscanthus_sinensis_ssp_transmorrisonensis_6wks vs miscanthus_floridulus_6wks,FALSE
2247,-0.11084532593405783,16.25232152297761,-0.1304000750186524,0.9025961836660629,0.9585992489092782,-5.788709537935376,miscanthus_sinensis_ssp_transmorrisonensis_6wks vs miscanthus_floridulus_6wks,FALSE
2365,-0.31275302955187456,18.770226204822272,-0.1296709403534013,0.9031370064930475,0.9585992489092782,-5.788817057822133,miscanthus_sinensis_ssp_transmorrisonensis_6wks vs miscanthus_floridulus_6wks,FALSE
3262,-0.3471056137601565,18.011282785497464,-0.12964541450551736,0.9031559409993901,0.9585992489092782,-5.788820811101152,miscanthus_sinensis_ssp_transmorrisonensis_6wks vs miscanthus_floridulus_6wks,FALSE
3768,-0.305690563534192,24.783883210372608,-0.12449587673735546,0.9069773308867914,0.961716084236953,-5.7895630136781495,miscanthus_sinensis_ssp_transmorrisonensis_6wks vs miscanthus_floridulus_6wks,FALSE
5053,-0.14651670047386744,16.866468845569642,-0.1233758795211263,0.9078088719421347,0.961716084236953,-5.789720490737978,miscanthus_sinensis_ssp_transmorrisonensis_6wks vs miscanthus_floridulus_6wks,FALSE
6163,-0.10153857698726654,21.948066979180037,-0.12283420835297557,0.9082110867796569,0.961716084236953,-5.789796146030813,miscanthus_sinensis_ssp_transmorrisonensis_6wks vs miscanthus_floridulus_6wks,FALSE
4631,0.16813474379268456,16.654457900900702,0.12259919432496373,0.9083856054988282,0.961716084236953,-5.789828867784502,miscanthus_sinensis_ssp_transmorrisonensis_6wks vs miscanthus_floridulus_6wks,FALSE
1185,-0.13705171943127326,16.472036826902404,-0.12218696424010446,0.9086917379709156,0.961716084236953,-5.789886113777087,miscanthus_sinensis_ssp_transmorrisonensis_6wks vs miscanthus_floridulus_6wks,FALSE
2125,0.11179276959473938,19.960826340957226,0.12071975178142404,0.909781482631484,0.9619687196779998,-5.790088312439878,miscanthus_sinensis_ssp_transmorrisonensis_6wks vs miscanthus_floridulus_6wks,FALSE
3957,-0.10504015764782437,21.166435554385906,-0.12030346758655047,0.9100907139266528,0.9619687196779998,-5.790145239888977,miscanthus_sinensis_ssp_transmorrisonensis_6wks vs miscanthus_floridulus_6wks,FALSE
5867,-0.34562570715454655,20.37881248523699,-0.11976546117542665,0.9104903935979338,0.9619687196779998,-5.7902185240255735,miscanthus_sinensis_ssp_transmorrisonensis_6wks vs miscanthus_floridulus_6wks,FALSE
5193,0.2333049926639319,16.541388599882385,0.11676831488230413,0.9127175282678301,0.9633123588680206,-5.790620812449584,miscanthus_sinensis_ssp_transmorrisonensis_6wks vs miscanthus_floridulus_6wks,FALSE
881,0.14190194675266454,16.3127794751276,0.11595129816126949,0.91332481096354,0.9633123588680206,-5.79072872050086,miscanthus_sinensis_ssp_transmorrisonensis_6wks vs miscanthus_floridulus_6wks,FALSE
2975,-0.15960458420396506,16.695421768523147,-0.11544356633794699,0.9137022406072106,0.9633123588680206,-5.790795400613236,miscanthus_sinensis_ssp_transmorrisonensis_6wks vs miscanthus_floridulus_6wks,FALSE
3922,0.22249745554494282,18.602007377150148,0.11525157476016988,0.9138449674666898,0.9633123588680206,-5.790820539061919,miscanthus_sinensis_ssp_transmorrisonensis_6wks vs miscanthus_floridulus_6wks,FALSE
1289,-0.10327069311162518,21.87524957477124,-0.11342446426176848,0.9152034407798845,0.9636794862440746,-5.791057693261766,miscanthus_sinensis_ssp_transmorrisonensis_6wks vs miscanthus_floridulus_6wks,FALSE
4197,0.3570311278541851,19.715208212703228,0.11338194557501925,0.9152350580166697,0.9636794862440746,-5.791063167276334,miscanthus_sinensis_ssp_transmorrisonensis_6wks vs miscanthus_floridulus_6wks,FALSE
1034,-0.1892528773289861,17.75823927005464,-0.11082365528588545,0.9171377707595243,0.9646837456290391,-5.791388780303133,miscanthus_sinensis_ssp_transmorrisonensis_6wks vs miscanthus_floridulus_6wks,FALSE
2062,0.18728049329731178,15.796160977011088,0.1106973402630803,0.9172317343575567,0.9646837456290391,-5.7914046661800045,miscanthus_sinensis_ssp_transmorrisonensis_6wks vs miscanthus_floridulus_6wks,FALSE
775,-0.3692351877077442,19.266882380723153,-0.10970091960367653,0.9179730120965555,0.9649148138514929,-5.791529349085354,miscanthus_sinensis_ssp_transmorrisonensis_6wks vs miscanthus_floridulus_6wks,FALSE
5152,-0.09444188256083486,15.74226285928297,-0.10785577131248472,0.9193459591682176,0.9658092132090871,-5.7917572765782035,miscanthus_sinensis_ssp_transmorrisonensis_6wks vs miscanthus_floridulus_6wks,FALSE
5328,-0.10628293955967294,17.341988489773797,-0.10459542536721478,0.921772763952268,0.9676192897881777,-5.792150628238532,miscanthus_sinensis_ssp_transmorrisonensis_6wks vs miscanthus_floridulus_6wks,FALSE
2554,-0.2849712702057907,19.00376149735229,-0.10322412438766836,0.9227937882730787,0.9676192897881777,-5.792312486737931,miscanthus_sinensis_ssp_transmorrisonensis_6wks vs miscanthus_floridulus_6wks,FALSE
5827,0.41757562808755466,19.35401106692069,0.10287262238700288,0.92305553392935,0.9676192897881777,-5.7923536335830725,miscanthus_sinensis_ssp_transmorrisonensis_6wks vs miscanthus_floridulus_6wks,FALSE
4142,-0.11505398746176354,17.986543559380273,-0.10273085235927441,0.9231611062033154,0.9676192897881777,-5.792370189701621,miscanthus_sinensis_ssp_transmorrisonensis_6wks vs miscanthus_floridulus_6wks,FALSE
575,-0.1526065281734077,16.95878908831419,-0.10193187093422339,0.9237561217140826,0.9676946914898373,-5.792463071487337,miscanthus_sinensis_ssp_transmorrisonensis_6wks vs miscanthus_floridulus_6wks,FALSE
4031,0.11221508325165885,16.544714954902457,0.10047557428679357,0.924840806786067,0.9682826782989383,-5.792630511306382,miscanthus_sinensis_ssp_transmorrisonensis_6wks vs miscanthus_floridulus_6wks,FALSE
1617,0.27851220069012683,18.246847377441174,0.09938841559663418,0.925650678346075,0.9685824405770581,-5.7927539468967195,miscanthus_sinensis_ssp_transmorrisonensis_6wks vs miscanthus_floridulus_6wks,FALSE
3955,-0.08322190625353443,18.55304055544698,-0.09552929892738922,0.9285263759752701,0.9710422812630015,-5.79318132263007,miscanthus_sinensis_ssp_transmorrisonensis_6wks vs miscanthus_floridulus_6wks,FALSE
4381,-0.24210755478575763,18.073794362614237,-0.0927796304183604,0.9305761574952959,0.9726360968171172,-5.793475559799411,miscanthus_sinensis_ssp_transmorrisonensis_6wks vs miscanthus_floridulus_6wks,FALSE
5706,0.13235172663584294,17.539509422118762,0.09007099376075332,0.9325959902103302,0.9735826870166867,-5.793757043870961,miscanthus_sinensis_ssp_transmorrisonensis_6wks vs miscanthus_floridulus_6wks,FALSE
4906,0.09958651222607351,16.036274617702848,0.08970518950587009,0.9328688183679807,0.9735826870166867,-5.793794422292377,miscanthus_sinensis_ssp_transmorrisonensis_6wks vs miscanthus_floridulus_6wks,FALSE
2983,0.16618207409522867,16.965999056784394,0.08944806459299298,0.9330605968003165,0.9735826870166867,-5.7938206050610175,miscanthus_sinensis_ssp_transmorrisonensis_6wks vs miscanthus_floridulus_6wks,FALSE
5969,0.1835130007246626,17.678908985875857,0.08691565130724906,0.9349497071483694,0.9745223185664855,-5.794074480032265,miscanthus_sinensis_ssp_transmorrisonensis_6wks vs miscanthus_floridulus_6wks,FALSE
4788,0.08634273242746815,17.499152300654842,0.08682859643604449,0.9350146570029794,0.9745223185664855,-5.794083078223232,miscanthus_sinensis_ssp_transmorrisonensis_6wks vs miscanthus_floridulus_6wks,FALSE
4782,0.09528944520138793,20.841860479091864,0.08549861137089398,0.936007007525351,0.9750072995055741,-5.794213370522156,miscanthus_sinensis_ssp_transmorrisonensis_6wks vs miscanthus_floridulus_6wks,FALSE
214,-0.06960232684729206,26.053736771182177,-0.08444991765249132,0.936789575841692,0.97527333444408,-5.794314693625771,miscanthus_sinensis_ssp_transmorrisonensis_6wks vs miscanthus_floridulus_6wks,FALSE
3326,0.24202947746956838,18.067817363748905,0.08277417271979691,0.9380402489193655,0.9756328526084822,-5.794474015894827,miscanthus_sinensis_ssp_transmorrisonensis_6wks vs miscanthus_floridulus_6wks,FALSE
1801,-0.16675214386746973,17.66247021402939,-0.08184925108688287,0.9387306467683761,0.9756328526084822,-5.794560590808159,miscanthus_sinensis_ssp_transmorrisonensis_6wks vs miscanthus_floridulus_6wks,FALSE
3463,0.06775569973457962,17.72178660092826,0.08166917595904118,0.9388650695407583,0.9756328526084822,-5.7945773335568935,miscanthus_sinensis_ssp_transmorrisonensis_6wks vs miscanthus_floridulus_6wks,FALSE
399,-0.09049034970404435,27.222537357914636,-0.08116105734486023,0.9392443840517335,0.9756328526084822,-5.794624378523287,miscanthus_sinensis_ssp_transmorrisonensis_6wks vs miscanthus_floridulus_6wks,FALSE
5820,0.0776814099257166,16.883630509729645,0.07699987559665418,0.942351463593827,0.9770983108164347,-5.79499863822822,miscanthus_sinensis_ssp_transmorrisonensis_6wks vs miscanthus_floridulus_6wks,FALSE
4503,-0.06554700549714099,24.606442277507842,-0.07660090740530054,0.9426494324220434,0.9770983108164347,-5.795033490552604,miscanthus_sinensis_ssp_transmorrisonensis_6wks vs miscanthus_floridulus_6wks,FALSE
4966,0.07980362446855693,16.465071551706238,0.07643211855038737,0.942775495569879,0.9770983108164347,-5.7950481809711984,miscanthus_sinensis_ssp_transmorrisonensis_6wks vs miscanthus_floridulus_6wks,FALSE
515,-0.08639348629915133,16.641243762143326,-0.07509880849774474,0.9437713745066683,0.9770983108164347,-5.795163089232837,miscanthus_sinensis_ssp_transmorrisonensis_6wks vs miscanthus_floridulus_6wks,FALSE
3393,0.2901792674806707,19.77156942416792,0.07503136503588112,0.9438217528601666,0.9770983108164347,-5.795168848129801,miscanthus_sinensis_ssp_transmorrisonensis_6wks vs miscanthus_floridulus_6wks,FALSE
959,0.08749516748401831,16.9328126288721,0.07502815305900135,0.9438241521237669,0.9770983108164347,-5.795169122267055,miscanthus_sinensis_ssp_transmorrisonensis_6wks vs miscanthus_floridulus_6wks,FALSE
5376,0.2360833341288071,19.416510882539516,0.07291725450024938,0.9454010936279111,0.9774376921162808,-5.795346753608938,miscanthus_sinensis_ssp_transmorrisonensis_6wks vs miscanthus_floridulus_6wks,FALSE
5998,0.1951256480239003,18.177231745473424,0.07275894655872384,0.9455193695250244,0.9774376921162808,-5.7953598714403505,miscanthus_sinensis_ssp_transmorrisonensis_6wks vs miscanthus_floridulus_6wks,FALSE
3401,0.0623093653612905,20.975491397133933,0.07246764845511414,0.9457370102098068,0.9774376921162808,-5.795383934920951,miscanthus_sinensis_ssp_transmorrisonensis_6wks vs miscanthus_floridulus_6wks,FALSE
1549,0.21976143433576567,19.257280635539974,0.07031068523841279,0.9473487425867767,0.9785567692828235,-5.795559121391281,miscanthus_sinensis_ssp_transmorrisonensis_6wks vs miscanthus_floridulus_6wks,FALSE
5662,0.15711955206284145,18.640284598878804,0.06874529096493122,0.9485186330583804,0.9789780835741347,-5.795682955490997,miscanthus_sinensis_ssp_transmorrisonensis_6wks vs miscanthus_floridulus_6wks,FALSE
5460,0.2022050893513665,18.793529133712212,0.06834879853254788,0.9488149750532019,0.9789780835741347,-5.795713879565085,miscanthus_sinensis_ssp_transmorrisonensis_6wks vs miscanthus_floridulus_6wks,FALSE
773,-0.05374687480149021,16.331808940578167,-0.06522904557035886,0.9511470521753386,0.9803436244661476,-5.795950976420873,miscanthus_sinensis_ssp_transmorrisonensis_6wks vs miscanthus_floridulus_6wks,FALSE
3330,-0.10267512392093892,16.120463054446294,-0.06516053296660532,0.9511982734685054,0.9803436244661476,-5.795956059301307,miscanthus_sinensis_ssp_transmorrisonensis_6wks vs miscanthus_floridulus_6wks,FALSE
117,-0.06120069597461253,21.264580013733813,-0.06410555283262431,0.9519870321119491,0.9806102502266736,-5.796033654363238,miscanthus_sinensis_ssp_transmorrisonensis_6wks vs miscanthus_floridulus_6wks,FALSE
392,-0.29544965504745946,20.080417502267764,-0.062090670330987224,0.9534936487604628,0.9811063047925115,-5.796178339720477,miscanthus_sinensis_ssp_transmorrisonensis_6wks vs miscanthus_floridulus_6wks,FALSE
898,0.06377515860657468,16.05811348128051,0.06204304566177824,0.9535292627118571,0.9811063047925115,-5.796181703796038,miscanthus_sinensis_ssp_transmorrisonensis_6wks vs miscanthus_floridulus_6wks,FALSE
2169,0.06262777731768665,16.36174285537364,0.058822694357249496,0.9559377567745022,0.9830377154156914,-5.796403203956162,miscanthus_sinensis_ssp_transmorrisonensis_6wks vs miscanthus_floridulus_6wks,FALSE
1793,-0.1599161254348509,18.31330786836741,-0.05774896557850207,0.956740924731872,0.9833170615299794,-5.796474437709738,miscanthus_sinensis_ssp_transmorrisonensis_6wks vs miscanthus_floridulus_6wks,FALSE
5789,-0.11574561700492225,17.663185216042525,-0.05700571600096802,0.9572969250136182,0.9833422050389747,-5.796522979511286,miscanthus_sinensis_ssp_transmorrisonensis_6wks vs miscanthus_floridulus_6wks,FALSE
6041,0.1576400611672213,18.03168445290146,0.055759037163187065,0.9582295899632107,0.9837540185526858,-5.796602990979491,miscanthus_sinensis_ssp_transmorrisonensis_6wks vs miscanthus_floridulus_6wks,FALSE
3799,-0.13614353792500822,17.691416987553012,-0.05412179971097048,0.9594545624254679,0.9839380234930756,-5.796705385572164,miscanthus_sinensis_ssp_transmorrisonensis_6wks vs miscanthus_floridulus_6wks,FALSE
2558,0.15746025460779478,18.84526157473941,0.054097776477661695,0.9594725375035181,0.9839380234930756,-5.796706865333129,miscanthus_sinensis_ssp_transmorrisonensis_6wks vs miscanthus_floridulus_6wks,FALSE
2830,0.16221322521190729,19.18513224191726,0.05314496503378218,0.9601854899543019,0.9841236323631348,-5.796765026806682,miscanthus_sinensis_ssp_transmorrisonensis_6wks vs miscanthus_floridulus_6wks,FALSE
1182,0.1380955988216428,19.479288245811887,0.0499316538332522,0.9625902164932483,0.9860420268618546,-5.796953564996441,miscanthus_sinensis_ssp_transmorrisonensis_6wks vs miscanthus_floridulus_6wks,FALSE
5131,0.14445610998781788,18.296551603599124,0.047389912577289764,0.964492707794224,0.9866522888876509,-5.797094384018154,miscanthus_sinensis_ssp_transmorrisonensis_6wks vs miscanthus_floridulus_6wks,FALSE
4174,0.04180076535167032,23.75170341243422,0.04708138523212245,0.9647236600906164,0.9866522888876509,-5.797110977248165,miscanthus_sinensis_ssp_transmorrisonensis_6wks vs miscanthus_floridulus_6wks,FALSE
1614,0.08408306100495544,15.979187674859256,0.04699818580193833,0.9647859408636543,0.9866522888876509,-5.79711543335173,miscanthus_sinensis_ssp_transmorrisonensis_6wks vs miscanthus_floridulus_6wks,FALSE
1041,0.04472617383926547,16.46092606744686,0.045416402671432626,0.9659700769628485,0.987317481978602,-5.797198654989146,miscanthus_sinensis_ssp_transmorrisonensis_6wks vs miscanthus_floridulus_6wks,FALSE
2298,-0.03648976573423823,22.05809780042417,-0.04365084890894341,0.967291910864918,0.9878734485841728,-5.797288184432271,miscanthus_sinensis_ssp_transmorrisonensis_6wks vs miscanthus_floridulus_6wks,FALSE
2142,0.03706988387791199,15.621081898259781,0.043263412278806854,0.967581993964606,0.9878734485841728,-5.797307356546038,miscanthus_sinensis_ssp_transmorrisonensis_6wks vs miscanthus_floridulus_6wks,FALSE
2284,0.04590018188731548,16.543216929071992,0.042125816404027946,0.9684337742515127,0.9879014328291827,-5.797362663173893,miscanthus_sinensis_ssp_transmorrisonensis_6wks vs miscanthus_floridulus_6wks,FALSE
4793,-0.06342630972957153,16.389128935671753,-0.04180044785386183,0.9686774049471014,0.9879014328291827,-5.797378210903149,miscanthus_sinensis_ssp_transmorrisonensis_6wks vs miscanthus_floridulus_6wks,FALSE
3769,0.15339245800131707,20.52836947952773,0.0408424078909128,0.9693947937024227,0.9880883572173454,-5.797423291410941,miscanthus_sinensis_ssp_transmorrisonensis_6wks vs miscanthus_floridulus_6wks,FALSE
2882,-0.053462152196381396,16.468734730944835,-0.03990729952795059,0.9700950449631169,0.9882576173908406,-5.797466285820156,miscanthus_sinensis_ssp_transmorrisonensis_6wks vs miscanthus_floridulus_6wks,FALSE
209,-0.12262184289522082,20.26867936150904,-0.03848817139983099,0.971157814257921,0.988545781633424,-5.797529633806134,miscanthus_sinensis_ssp_transmorrisonensis_6wks vs miscanthus_floridulus_6wks,FALSE
5199,-0.04512647537919534,16.497427588310078,-0.03810255420832617,0.9714466113565214,0.988545781633424,-5.797546451297058,miscanthus_sinensis_ssp_transmorrisonensis_6wks vs miscanthus_floridulus_6wks,FALSE
6094,0.032595654060965984,21.831316906421158,0.033716580038158646,0.9747317234771599,0.9911843233028916,-5.7977258236163784,miscanthus_sinensis_ssp_transmorrisonensis_6wks vs miscanthus_floridulus_6wks,FALSE
3122,0.10797762961009383,20.16647791453246,0.03189342625345069,0.9760974563928371,0.9911843233028916,-5.79779394265415,miscanthus_sinensis_ssp_transmorrisonensis_6wks vs miscanthus_floridulus_6wks,FALSE
4175,0.048155158436763656,21.851805466895907,0.031126206578661046,0.9766722142404306,0.9911843233028916,-5.797821477379246,miscanthus_sinensis_ssp_transmorrisonensis_6wks vs miscanthus_floridulus_6wks,FALSE
4029,0.06798825877049808,17.289635259321777,0.03092049439464662,0.9768263251823599,0.9911843233028916,-5.797828746259289,miscanthus_sinensis_ssp_transmorrisonensis_6wks vs miscanthus_floridulus_6wks,FALSE
1999,-0.04218515471778517,22.63537062674842,-0.030291439488478088,0.9772975943182698,0.9911843233028916,-5.797850675142043,miscanthus_sinensis_ssp_transmorrisonensis_6wks vs miscanthus_floridulus_6wks,FALSE
4238,0.0517760520000472,16.51126700078779,0.029743621299313527,0.9777080124996821,0.9911843233028916,-5.797869405130697,miscanthus_sinensis_ssp_transmorrisonensis_6wks vs miscanthus_floridulus_6wks,FALSE
1233,-0.052587787513601825,18.634918124513206,-0.02936882497142791,0.9779888098110184,0.9911843233028916,-5.797882022640644,miscanthus_sinensis_ssp_transmorrisonensis_6wks vs miscanthus_floridulus_6wks,FALSE
2035,-0.11520631059358166,19.677129061132867,-0.028838871467149522,0.9783858574305633,0.9911843233028916,-5.797899590576615,miscanthus_sinensis_ssp_transmorrisonensis_6wks vs miscanthus_floridulus_6wks,FALSE
215,0.1194299792806035,19.487108861369116,0.028196826806455612,0.9788668952732802,0.9911843233028916,-5.79792044597964,miscanthus_sinensis_ssp_transmorrisonensis_6wks vs miscanthus_floridulus_6wks,FALSE
6091,-0.043518854352370795,16.374268946514576,-0.0274889533964383,0.9793972664852356,0.9911843233028916,-5.797942895704927,miscanthus_sinensis_ssp_transmorrisonensis_6wks vs miscanthus_floridulus_6wks,FALSE
2085,0.03164205153980504,16.229628098169766,0.020313389235206872,0.984774200281975,0.9960810664415822,-5.79813825729354,miscanthus_sinensis_ssp_transmorrisonensis_6wks vs miscanthus_floridulus_6wks,FALSE
1838,-0.021623685880076238,16.231274329708093,-0.018855358962445133,0.9858668911912942,0.996320190348995,-5.798170785795103,miscanthus_sinensis_ssp_transmorrisonensis_6wks vs miscanthus_floridulus_6wks,FALSE
1609,0.06741243039427403,17.33262911632512,0.018560712351132283,0.9860877127183836,0.996320190348995,-5.798177065243938,miscanthus_sinensis_ssp_transmorrisonensis_6wks vs miscanthus_floridulus_6wks,FALSE
5069,-0.01812545813867672,16.29219662792562,-0.015597578619274853,0.9883084994931406,0.9975023913805627,-5.7982347174560465,miscanthus_sinensis_ssp_transmorrisonensis_6wks vs miscanthus_floridulus_6wks,FALSE
3367,0.03800105000989973,17.80264753217264,0.015560682213471637,0.9883361531894981,0.9975023913805627,-5.798235372291177,miscanthus_sinensis_ssp_transmorrisonensis_6wks vs miscanthus_floridulus_6wks,FALSE
2578,-0.013926450499436527,16.713384598040175,-0.012975933619483562,0.99027345784252,0.9979441075526687,-5.7982773868634405,miscanthus_sinensis_ssp_transmorrisonensis_6wks vs miscanthus_floridulus_6wks,FALSE
3216,-0.038864649887838,19.464788921701246,-0.012307659832279218,0.9907743521335229,0.9979441075526687,-5.798287011355216,miscanthus_sinensis_ssp_transmorrisonensis_6wks vs miscanthus_floridulus_6wks,FALSE
2130,0.03827236830176872,18.53576216663947,0.011968742643303845,0.9910283842645711,0.9979441075526687,-5.798291698021224,miscanthus_sinensis_ssp_transmorrisonensis_6wks vs miscanthus_floridulus_6wks,FALSE
2644,0.010282484150913263,16.294660283344406,0.01121105540513162,0.9915963060848991,0.9979441075526687,-5.7983017023335135,miscanthus_sinensis_ssp_transmorrisonensis_6wks vs miscanthus_floridulus_6wks,FALSE
3066,0.012408056770546239,16.124370267767517,0.010615337376765739,0.9920428287122862,0.9979441075526687,-5.79830910881862,miscanthus_sinensis_ssp_transmorrisonensis_6wks vs miscanthus_floridulus_6wks,FALSE
5000,-0.00955734947705622,19.897871473159647,-0.010589466196980262,0.992062220631275,0.9979441075526687,-5.7983094213119415,miscanthus_sinensis_ssp_transmorrisonensis_6wks vs miscanthus_floridulus_6wks,FALSE
982,-0.024694105571402503,17.91285829967973,-0.009938958726098821,0.9925498150794111,0.9979441075526687,-5.798317028059432,miscanthus_sinensis_ssp_transmorrisonensis_6wks vs miscanthus_floridulus_6wks,FALSE
320,-0.03303911884919586,19.824451177559403,-0.008752007451470529,0.9934395163905476,0.9979732200323037,-5.798329665462762,miscanthus_sinensis_ssp_transmorrisonensis_6wks vs miscanthus_floridulus_6wks,FALSE
267,0.025568690463078525,19.632030190428807,0.008050835408510397,0.9939650984195891,0.9979732200323037,-5.798336376699961,miscanthus_sinensis_ssp_transmorrisonensis_6wks vs miscanthus_floridulus_6wks,FALSE
70,-0.022776352400054378,19.593619139937037,-0.006253628431004119,0.9953122585843132,0.9979732200323037,-5.798351020950453,miscanthus_sinensis_ssp_transmorrisonensis_6wks vs miscanthus_floridulus_6wks,FALSE
55,-0.02234002159074322,19.808237187623497,-0.0053793620118129425,0.9959676031455243,0.9979732200323037,-5.798356814367312,miscanthus_sinensis_ssp_transmorrisonensis_6wks vs miscanthus_floridulus_6wks,FALSE
99,0.018476345171301034,19.681649612554544,0.005128311367108544,0.9961557898567996,0.9979732200323037,-5.7983583170534505,miscanthus_sinensis_ssp_transmorrisonensis_6wks vs miscanthus_floridulus_6wks,FALSE
1089,0.005067298915726326,16.504482187148003,0.004864767358627206,0.996353341877292,0.9979732200323037,-5.7983598172672135,miscanthus_sinensis_ssp_transmorrisonensis_6wks vs miscanthus_floridulus_6wks,FALSE
2289,0.0041869355370636185,16.512062760827874,0.004346442739172704,0.9967418778034751,0.9979732200323037,-5.798362536958796,miscanthus_sinensis_ssp_transmorrisonensis_6wks vs miscanthus_floridulus_6wks,FALSE
5359,0.005030833329506379,16.765853338683748,0.004143064889077437,0.9968943300647013,0.9979732200323037,-5.798363520488939,miscanthus_sinensis_ssp_transmorrisonensis_6wks vs miscanthus_floridulus_6wks,FALSE
3247,-0.003951918123398457,18.708634007773,-0.0011077598093296418,0.9991696128662484,0.9997099966482205,-5.79837259937241,miscanthus_sinensis_ssp_transmorrisonensis_6wks vs miscanthus_floridulus_6wks,FALSE
5813,-1.1408415847569131e-5,17.378506372614005,-9.361420260016946e-6,0.9999929825898515,0.9999929825898515,-5.798373298350867,miscanthus_sinensis_ssp_transmorrisonensis_6wks vs miscanthus_floridulus_6wks,FALSE
