ID,logFC,AveExpr,t,P.Value,adj.P.Val,B,comparison,pass
5542,4.23378905852044,16.94662024487016,6.899934077724946,1.443942981123303e-6,0.0018063726693852522,5.054468164145001,miscanthus_sacchariflorus_ssp_lutarioriparius_15wks vs miscanthus_sinensis_15wks,TRUE
1628,-3.758467987018463,19.763477185601303,-6.350650295609302,4.4118001047030105e-6,0.002759580965491733,4.116284607669008,miscanthus_sacchariflorus_ssp_lutarioriparius_15wks vs miscanthus_sinensis_15wks,TRUE
3388,3.0635534962796065,16.989415641245404,5.484953694890097,2.7759541365222507e-5,0.011575728749297786,2.537220781101717,miscanthus_sacchariflorus_ssp_lutarioriparius_15wks vs miscanthus_sinensis_15wks,TRUE
4092,-4.31626484547267,22.099194640937984,-4.520419974814921,2.370292074000699e-4,0.07413088461437185,0.6559079457032251,miscanthus_sacchariflorus_ssp_lutarioriparius_15wks vs miscanthus_sinensis_15wks,TRUE
998,-4.53729223334679,20.514482889040814,-4.2868238776272145,4.025603760425423e-4,0.09848755010954253,0.1869298603312597,miscanthus_sacchariflorus_ssp_lutarioriparius_15wks vs miscanthus_sinensis_15wks,TRUE
536,-4.23412184362919,20.409884840766672,-4.216495762102636,4.7236235064528797e-4,0.09848755010954253,0.045145894138852505,miscanthus_sacchariflorus_ssp_lutarioriparius_15wks vs miscanthus_sinensis_15wks,TRUE
2452,-3.522725720658272,22.51626036107541,-4.110087891888697,6.018083797621796e-4,0.10755175472606954,-0.16973874462560534,miscanthus_sacchariflorus_ssp_lutarioriparius_15wks vs miscanthus_sinensis_15wks,TRUE
2851,-4.134022334588131,20.182824886092405,-3.7562176076824842,0.0013474983737735678,0.21071505819884168,-0.8854972393559093,miscanthus_sacchariflorus_ssp_lutarioriparius_15wks vs miscanthus_sinensis_15wks,TRUE
5889,-3.554742936641418,19.78209190078247,-3.603089893910599,0.0019085804022080004,0.26409579682670814,-1.1945283977935572,miscanthus_sacchariflorus_ssp_lutarioriparius_15wks vs miscanthus_sinensis_15wks,TRUE
6180,-3.9842770430054806,19.41403953070238,-3.548710861634686,0.0021591920870599125,0.26409579682670814,-1.303988826298129,miscanthus_sacchariflorus_ssp_lutarioriparius_15wks vs miscanthus_sinensis_15wks,TRUE
2604,5.5485915622021125,18.932288444733313,3.448432206353089,0.002709553722330949,0.26409579682670814,-1.5053001996444069,miscanthus_sacchariflorus_ssp_lutarioriparius_15wks vs miscanthus_sinensis_15wks,TRUE
5310,-2.8597302644098797,21.153369728324193,-3.4466843486374947,0.0027202815401868264,0.26409579682670814,-1.50880190969165,miscanthus_sacchariflorus_ssp_lutarioriparius_15wks vs miscanthus_sinensis_15wks,TRUE
1045,5.084620286098023,17.142788598575848,3.4312955274837633,0.0028165581335436087,0.26409579682670814,-1.5396207059092406,miscanthus_sacchariflorus_ssp_lutarioriparius_15wks vs miscanthus_sinensis_15wks,TRUE
150,-3.1595345332173004,22.10816228030389,-3.4099756758794073,0.0029555085176450153,0.26409579682670814,-1.582281880846832,miscanthus_sacchariflorus_ssp_lutarioriparius_15wks vs miscanthus_sinensis_15wks,TRUE
348,-4.020433803777575,22.915703083304383,-3.3476987291753426,0.0034011804969534287,0.26920310505033784,-1.7066439355188523,miscanthus_sacchariflorus_ssp_lutarioriparius_15wks vs miscanthus_sinensis_15wks,TRUE
2897,3.651021537699261,17.400913247840798,3.3422671420315386,0.003443045308397606,0.26920310505033784,-1.7174712286139524,miscanthus_sacchariflorus_ssp_lutarioriparius_15wks vs miscanthus_sinensis_15wks,TRUE
4377,-4.379738274089277,20.395519525876626,-3.300504274794753,0.003782285938855551,0.27833174761813495,-1.8006106179814072,miscanthus_sacchariflorus_ssp_lutarioriparius_15wks vs miscanthus_sinensis_15wks,TRUE
23,-6.251736158628972,21.802725616211998,-3.253080507474726,0.004207336233416916,0.29240986822247567,-1.894767579200341,miscanthus_sacchariflorus_ssp_lutarioriparius_15wks vs miscanthus_sinensis_15wks,TRUE
109,-5.775434256145379,21.04389043519082,-3.1700325609787545,0.00506696460493567,0.3168700920957253,-2.0589381939490954,miscanthus_sacchariflorus_ssp_lutarioriparius_15wks vs miscanthus_sinensis_15wks,TRUE
4672,2.4375429025335826,17.145820221502415,3.1616870074653294,0.005162286076960107,0.3168700920957253,-2.0753813247364086,miscanthus_sacchariflorus_ssp_lutarioriparius_15wks vs miscanthus_sinensis_15wks,TRUE
4096,2.1512967647655046,16.875009877259252,3.114512292126165,0.005734876216621741,0.3168700920957253,-2.168127462922426,miscanthus_sacchariflorus_ssp_lutarioriparius_15wks vs miscanthus_sinensis_15wks,TRUE
1904,2.0616051412077816,25.10668986456824,3.110405638482835,0.005787550596719782,0.3168700920957253,-2.1761844865414477,miscanthus_sacchariflorus_ssp_lutarioriparius_15wks vs miscanthus_sinensis_15wks,TRUE
5690,-1.911803319840395,18.75427752075557,-3.107450254457046,0.005825749095285117,0.3168700920957253,-2.1819810814032787,miscanthus_sacchariflorus_ssp_lutarioriparius_15wks vs miscanthus_sinensis_15wks,TRUE
3042,2.4225555265758594,17.38740192571789,3.0735389680336542,0.006281984438083588,0.318028588005692,-2.248389498206538,miscanthus_sacchariflorus_ssp_lutarioriparius_15wks vs miscanthus_sinensis_15wks,TRUE
2490,-5.1908899246905875,21.280618630468062,-3.068300621252735,0.0063554873702176655,0.318028588005692,-2.2586303131719054,miscanthus_sacchariflorus_ssp_lutarioriparius_15wks vs miscanthus_sinensis_15wks,TRUE
3730,-2.560225496137406,25.263499282974397,-3.020809926829454,0.007061084341651239,0.3397467889002192,-2.3512513287608794,miscanthus_sacchariflorus_ssp_lutarioriparius_15wks vs miscanthus_sinensis_15wks,TRUE
4591,2.7701765969815746,16.994248031126197,2.997856436498392,0.007428782652513566,0.3442002628997952,-2.3958690172007815,miscanthus_sacchariflorus_ssp_lutarioriparius_15wks vs miscanthus_sinensis_15wks,TRUE
2561,2.302579827525321,16.98471757191796,2.914665515370993,0.008923042385606372,0.3986687865854847,-2.556708848641174,miscanthus_sacchariflorus_ssp_lutarioriparius_15wks vs miscanthus_sinensis_15wks,TRUE
145,-3.8628275623025274,19.92614816737864,-2.894660538883496,0.009323468156690539,0.4021951263455126,-2.5951714663917587,miscanthus_sacchariflorus_ssp_lutarioriparius_15wks vs miscanthus_sinensis_15wks,TRUE
4619,2.486949541493953,18.721608008376606,2.850723627422115,0.01026453899833132,0.4280312762304161,-2.6793362925295305,miscanthus_sacchariflorus_ssp_lutarioriparius_15wks vs miscanthus_sinensis_15wks,TRUE
1289,-2.8625532214794163,22.444839889508348,-2.7869566429133763,0.011794202756235444,0.47405560163674754,-2.8006879172525156,miscanthus_sacchariflorus_ssp_lutarioriparius_15wks vs miscanthus_sinensis_15wks,TRUE
3401,-4.350484303126205,21.302922517807097,-2.7590201271553356,0.012531081843957043,0.47405560163674754,-2.8535381274243643,miscanthus_sacchariflorus_ssp_lutarioriparius_15wks vs miscanthus_sinensis_15wks,TRUE
2856,2.630676012646024,17.127288235262302,2.7378527991884947,0.013118506011261806,0.47405560163674754,-2.893449352335568,miscanthus_sacchariflorus_ssp_lutarioriparius_15wks vs miscanthus_sinensis_15wks,TRUE
3535,-4.047257808629649,19.76274614565381,-2.724080900041806,0.013514715447468321,0.47405560163674754,-2.9193533740286175,miscanthus_sacchariflorus_ssp_lutarioriparius_15wks vs miscanthus_sinensis_15wks,TRUE
39,2.1992243994396112,17.229400288021655,2.7196092179899396,0.013645799997027393,0.47405560163674754,-2.927753466279223,miscanthus_sacchariflorus_ssp_lutarioriparius_15wks vs miscanthus_sinensis_15wks,TRUE
309,-2.9056668631041447,22.331265459348575,-2.6966105909903657,0.014339361783219488,0.47405560163674754,-2.9708713504696376,miscanthus_sacchariflorus_ssp_lutarioriparius_15wks vs miscanthus_sinensis_15wks,TRUE
5621,-1.8538433647195305,17.948539563276476,-2.687707005954615,0.014616775581955658,0.47405560163674754,-2.9875249938559603,miscanthus_sacchariflorus_ssp_lutarioriparius_15wks vs miscanthus_sinensis_15wks,TRUE
130,-5.067014498095869,24.172425478304774,-2.677104327122775,0.01495379281713648,0.47405560163674754,-3.0073279996935987,miscanthus_sacchariflorus_ssp_lutarioriparius_15wks vs miscanthus_sinensis_15wks,TRUE
2021,2.084195910558318,16.929887639522995,2.67664801342852,0.014968461866452018,0.47405560163674754,-3.0081795681635257,miscanthus_sacchariflorus_ssp_lutarioriparius_15wks vs miscanthus_sinensis_15wks,TRUE
1484,2.866917542991402,18.621676247509292,2.666155355078919,0.01530956681759719,0.47405560163674754,-3.027744698631125,miscanthus_sacchariflorus_ssp_lutarioriparius_15wks vs miscanthus_sinensis_15wks,TRUE
5384,3.8183583345249765,18.8648541242937,2.6592942737093,0.015536594458118825,0.47405560163674754,-3.0405213445314567,miscanthus_sacchariflorus_ssp_lutarioriparius_15wks vs miscanthus_sinensis_15wks,TRUE
91,-4.259546716490082,20.154462288759852,-2.619220625141831,0.01692778646701131,0.5042062111959796,-3.1148743679850655,miscanthus_sacchariflorus_ssp_lutarioriparius_15wks vs miscanthus_sinensis_15wks,TRUE
5813,2.9098417052609555,17.519875632648244,2.598988881664336,0.017674231193201523,0.5141968191324443,-3.152232155258878,miscanthus_sacchariflorus_ssp_lutarioriparius_15wks vs miscanthus_sinensis_15wks,TRUE
5318,-1.9816667651300826,20.315766337258363,-2.5238021315729164,0.020729944119279576,0.5726756516890014,-3.2899543647734943,miscanthus_sacchariflorus_ssp_lutarioriparius_15wks vs miscanthus_sinensis_15wks,TRUE
3083,2.23048601807033,17.739173516568254,2.506917883039704,0.021481475478689456,0.5726756516890014,-3.32063247729774,miscanthus_sacchariflorus_ssp_lutarioriparius_15wks vs miscanthus_sinensis_15wks,TRUE
5296,1.7744057520793994,16.96322734213937,2.504960550284395,0.02157023648006208,0.5726756516890014,-3.3241827909035204,miscanthus_sacchariflorus_ssp_lutarioriparius_15wks vs miscanthus_sinensis_15wks,TRUE
2199,2.611628611823793,23.151445151367998,2.4732289258020033,0.023058145052177143,0.5726756516890014,-3.381559823748768,miscanthus_sacchariflorus_ssp_lutarioriparius_15wks vs miscanthus_sinensis_15wks,TRUE
407,-3.928361896629358,19.12324633292465,-2.4666935115524264,0.02337631888077504,0.5726756516890014,-3.393334630283822,miscanthus_sacchariflorus_ssp_lutarioriparius_15wks vs miscanthus_sinensis_15wks,TRUE
3921,2.772161882279157,17.665903654559457,2.46465462501571,0.02347642040940716,0.5726756516890014,-3.397005068220529,miscanthus_sacchariflorus_ssp_lutarioriparius_15wks vs miscanthus_sinensis_15wks,TRUE
4007,1.47541743040167,17.064791147806712,2.4561934667782976,0.02389613849385881,0.5726756516890014,-3.4122216191472163,miscanthus_sacchariflorus_ssp_lutarioriparius_15wks vs miscanthus_sinensis_15wks,TRUE
4938,4.009871934404217,19.283338989510522,2.4497697508791823,0.024219470781547923,0.5726756516890014,-3.423757406933029,miscanthus_sacchariflorus_ssp_lutarioriparius_15wks vs miscanthus_sinensis_15wks,TRUE
181,1.1691354998865364,30.006210112945976,2.447319672430903,0.02434386883389173,0.5726756516890014,-3.4281534875291806,miscanthus_sacchariflorus_ssp_lutarioriparius_15wks vs miscanthus_sinensis_15wks,TRUE
5586,-2.4017346944979003,18.178254299267117,-2.4334464791948967,0.025059604552492436,0.5726756516890014,-3.453005763341568,miscanthus_sacchariflorus_ssp_lutarioriparius_15wks vs miscanthus_sinensis_15wks,TRUE
2860,1.4115121212217758,28.01223980539892,2.432595185702282,0.025104158454433482,0.5726756516890014,-3.4545285430078,miscanthus_sacchariflorus_ssp_lutarioriparius_15wks vs miscanthus_sinensis_15wks,TRUE
62,2.6516393863703094,27.091363954230896,2.419844313544531,0.02578041835101965,0.5726756516890014,-3.477306155615036,miscanthus_sacchariflorus_ssp_lutarioriparius_15wks vs miscanthus_sinensis_15wks,TRUE
2244,1.406399740070114,26.105597965519976,2.4160874234832117,0.025982892267206313,0.5726756516890014,-3.4840061841428773,miscanthus_sacchariflorus_ssp_lutarioriparius_15wks vs miscanthus_sinensis_15wks,TRUE
5431,2.551103769020063,22.962287392142247,2.40264614491721,0.02671951575983987,0.5726756516890014,-3.507935512738931,miscanthus_sacchariflorus_ssp_lutarioriparius_15wks vs miscanthus_sinensis_15wks,TRUE
3203,-5.44931192544988,22.014643411160872,-2.397466163621633,0.027008559128165167,0.5726756516890014,-3.5171398009864174,miscanthus_sacchariflorus_ssp_lutarioriparius_15wks vs miscanthus_sinensis_15wks,TRUE
158,-3.123039221482923,22.152615016377787,-2.391791167953467,0.02732856866022281,0.5726756516890014,-3.527212381585258,miscanthus_sacchariflorus_ssp_lutarioriparius_15wks vs miscanthus_sinensis_15wks,TRUE
2613,-3.9650026306396704,19.6551519126398,-2.375017568983276,0.028295188791038532,0.5726756516890014,-3.5569143233848837,miscanthus_sacchariflorus_ssp_lutarioriparius_15wks vs miscanthus_sinensis_15wks,TRUE
2844,1.2430140615637946,16.69877303898511,2.3692109411271702,0.028637158321270156,0.5726756516890014,-3.56717200335195,miscanthus_sacchariflorus_ssp_lutarioriparius_15wks vs miscanthus_sinensis_15wks,TRUE
5719,-3.0461573410619867,18.073901622109577,-2.3655113753392514,0.02885703721839083,0.5726756516890014,-3.573700854741944,miscanthus_sacchariflorus_ssp_lutarioriparius_15wks vs miscanthus_sinensis_15wks,TRUE
3982,2.019080167317636,16.616072364055967,2.3638089571591343,0.02895874467462226,0.5726756516890014,-3.5767034841789354,miscanthus_sacchariflorus_ssp_lutarioriparius_15wks vs miscanthus_sinensis_15wks,TRUE
2584,4.2940256308506655,17.614267203660024,2.3571711075081336,0.02935849997083399,0.5726756516890014,-3.588400483497522,miscanthus_sacchariflorus_ssp_lutarioriparius_15wks vs miscanthus_sinensis_15wks,TRUE
2406,-2.6563404737907916,18.365550387422836,-2.3497150198352514,0.029813643099508087,0.5726756516890014,-3.601519397605146,miscanthus_sacchariflorus_ssp_lutarioriparius_15wks vs miscanthus_sinensis_15wks,TRUE
5155,-1.465606695189436,22.854337680276668,-2.3432576877787556,0.030213103926038442,0.5726756516890014,-3.6128638482393693,miscanthus_sacchariflorus_ssp_lutarioriparius_15wks vs miscanthus_sinensis_15wks,TRUE
6148,-2.0582918239904338,25.944657338388964,-2.335220662078499,0.030717224245298488,0.5735410079234091,-3.6269611639612047,miscanthus_sacchariflorus_ssp_lutarioriparius_15wks vs miscanthus_sinensis_15wks,TRUE
4959,2.223613879131829,16.961704548159904,2.3142493989892707,0.03206959284154545,0.5759723769669515,-3.663627621791871,miscanthus_sacchariflorus_ssp_lutarioriparius_15wks vs miscanthus_sinensis_15wks,TRUE
2153,-2.678582953003666,18.52503417401186,-2.3083980749424113,0.032456645146920544,0.5759723769669515,-3.673827390649718,miscanthus_sacchariflorus_ssp_lutarioriparius_15wks vs miscanthus_sinensis_15wks,TRUE
4194,-2.7098865795553504,17.973864638576718,-2.2828984220188144,0.03419434933668206,0.5759723769669515,-3.718118231266439,miscanthus_sacchariflorus_ssp_lutarioriparius_15wks vs miscanthus_sinensis_15wks,TRUE
824,-2.5153303557481514,17.88744041813575,-2.2812024891753726,0.03431291432951573,0.5759723769669515,-3.721054671497129,miscanthus_sacchariflorus_ssp_lutarioriparius_15wks vs miscanthus_sinensis_15wks,TRUE
3854,-2.9864935357450975,19.432382486838314,-2.273418110630704,0.034862013077536655,0.5759723769669515,-3.734518056967006,miscanthus_sacchariflorus_ssp_lutarioriparius_15wks vs miscanthus_sinensis_15wks,TRUE
3780,-2.2737502008811568,18.17962768631106,-2.258502651419131,0.03593682593870212,0.5759723769669515,-3.7602458501488405,miscanthus_sacchariflorus_ssp_lutarioriparius_15wks vs miscanthus_sinensis_15wks,TRUE
3584,-4.529889109915354,19.933896974637737,-2.2408280348520493,0.037249933453626455,0.5759723769669515,-3.7906141343428366,miscanthus_sacchariflorus_ssp_lutarioriparius_15wks vs miscanthus_sinensis_15wks,TRUE
2715,-2.9793475994908345,18.54263193081708,-2.2383791426279704,0.03743531084902032,0.5759723769669515,-3.7948115277457237,miscanthus_sacchariflorus_ssp_lutarioriparius_15wks vs miscanthus_sinensis_15wks,TRUE
711,1.729868642022847,16.86903674138727,2.2353726337403033,0.03766405842007074,0.5759723769669515,-3.7999612385446238,miscanthus_sacchariflorus_ssp_lutarioriparius_15wks vs miscanthus_sinensis_15wks,TRUE
3436,-5.273930540989834,21.454121788739148,-2.2289875117119697,0.038154130764045543,0.5759723769669515,-3.810885419245322,miscanthus_sacchariflorus_ssp_lutarioriparius_15wks vs miscanthus_sinensis_15wks,TRUE
2682,-1.710390032131924,16.884718860453027,-2.2270629858335016,0.038302986961667854,0.5759723769669515,-3.8141746824160645,miscanthus_sacchariflorus_ssp_lutarioriparius_15wks vs miscanthus_sinensis_15wks,TRUE
4494,-1.433522618823158,17.42237752705158,-2.2268964623828116,0.038315892075587776,0.5759723769669515,-3.8144592189351263,miscanthus_sacchariflorus_ssp_lutarioriparius_15wks vs miscanthus_sinensis_15wks,TRUE
5656,-3.243182803110628,22.100380625960113,-2.225712684697719,0.038407746740081426,0.5759723769669515,-3.81648158698057,miscanthus_sacchariflorus_ssp_lutarioriparius_15wks vs miscanthus_sinensis_15wks,TRUE
411,-4.823698801938075,20.54700784167912,-2.2214743104441594,0.038738281347101736,0.5759723769669515,-3.8237175677286546,miscanthus_sacchariflorus_ssp_lutarioriparius_15wks vs miscanthus_sinensis_15wks,TRUE
2417,-2.837192067931369,20.29595585550288,-2.2064713065692145,0.039929387562255225,0.5759723769669515,-3.8492700514292553,miscanthus_sacchariflorus_ssp_lutarioriparius_15wks vs miscanthus_sinensis_15wks,TRUE
67,-4.777377874675963,20.766757414326612,-2.2039799375499753,0.04013039962525898,0.5759723769669515,-3.8535039149976003,miscanthus_sacchariflorus_ssp_lutarioriparius_15wks vs miscanthus_sinensis_15wks,TRUE
117,-2.427972073139479,20.477307664903446,-2.2012234169572236,0.04035388496044963,0.5759723769669515,-3.85818526703851,miscanthus_sacchariflorus_ssp_lutarioriparius_15wks vs miscanthus_sinensis_15wks,TRUE
2259,1.9922891251510286,17.059378329718715,2.1975172028930525,0.04065616342649269,0.5759723769669515,-3.8644743002136117,miscanthus_sacchariflorus_ssp_lutarioriparius_15wks vs miscanthus_sinensis_15wks,TRUE
5246,1.5437056512606624,17.156326557999712,2.197274512493443,0.040676029369433986,0.5759723769669515,-3.864885911733002,miscanthus_sacchariflorus_ssp_lutarioriparius_15wks vs miscanthus_sinensis_15wks,TRUE
206,-2.982328612291763,21.438053116954933,-2.194809398027151,0.040878320730730534,0.5759723769669515,-3.8690653883422854,miscanthus_sacchariflorus_ssp_lutarioriparius_15wks vs miscanthus_sinensis_15wks,TRUE
5092,-2.515543514746259,23.542298241784636,-2.1841098128173884,0.04176705954408936,0.5759723769669515,-3.887175396408591,miscanthus_sacchariflorus_ssp_lutarioriparius_15wks vs miscanthus_sinensis_15wks,TRUE
3300,-3.307409309262251,19.408935997919336,-2.178721460205673,0.04222128927903477,0.5759723769669515,-3.8962767464763965,miscanthus_sacchariflorus_ssp_lutarioriparius_15wks vs miscanthus_sinensis_15wks,TRUE
842,-3.7864207608364,19.901715217765194,-2.178181981129,0.04226701425413937,0.5759723769669515,-3.8971872679704234,miscanthus_sacchariflorus_ssp_lutarioriparius_15wks vs miscanthus_sinensis_15wks,TRUE
1954,-1.2858797737346368,16.85766400799287,-2.178063927474288,0.04227702623576729,0.5759723769669515,-3.8973864994167995,miscanthus_sacchariflorus_ssp_lutarioriparius_15wks vs miscanthus_sinensis_15wks,TRUE
3316,2.326314195057055,17.966009223414346,2.1759373585682527,0.04245774933158977,0.5759723769669515,-3.9009743222757005,miscanthus_sacchariflorus_ssp_lutarioriparius_15wks vs miscanthus_sinensis_15wks,TRUE
144,3.940938747349442,17.68048512196872,2.1678619439314417,0.043150471444782505,0.5759723769669515,-3.914580543044818,miscanthus_sacchariflorus_ssp_lutarioriparius_15wks vs miscanthus_sinensis_15wks,TRUE
163,-6.351289334096862,21.513058984846843,-2.1648281008947885,0.04341337449719129,0.5759723769669515,-3.919684798991795,miscanthus_sacchariflorus_ssp_lutarioriparius_15wks vs miscanthus_sinensis_15wks,TRUE
1246,2.274457310055787,17.002013166148682,2.1596495950575525,0.04386550563289763,0.5759723769669515,-3.9283878808583785,miscanthus_sacchariflorus_ssp_lutarioriparius_15wks vs miscanthus_sinensis_15wks,TRUE
4216,-3.6430423668715015,19.396210190466853,-2.1556992017580545,0.04421329420306973,0.5759723769669515,-3.9350189481984503,miscanthus_sacchariflorus_ssp_lutarioriparius_15wks vs miscanthus_sinensis_15wks,TRUE
3319,2.147001563194209,21.696298047158507,2.140520164780047,0.0455731455631312,0.5759723769669515,-3.9604331964035784,miscanthus_sacchariflorus_ssp_lutarioriparius_15wks vs miscanthus_sinensis_15wks,TRUE
131,1.6144027739350868,31.698400858911178,2.1379271512189444,0.04580921908768218,0.5759723769669515,-3.9647642974649595,miscanthus_sacchariflorus_ssp_lutarioriparius_15wks vs miscanthus_sinensis_15wks,TRUE
2258,3.8809627141264222,19.420827273898595,2.1317923575431763,0.04637218023553376,0.5759723769669515,-3.9749990888490982,miscanthus_sacchariflorus_ssp_lutarioriparius_15wks vs miscanthus_sinensis_15wks,TRUE
402,-3.401186536236718,19.876281987816306,-2.1306898272904173,0.046474018694197095,0.5759723769669515,-3.9768366483085997,miscanthus_sacchariflorus_ssp_lutarioriparius_15wks vs miscanthus_sinensis_15wks,TRUE
3035,-3.0783679485906106,18.688404232157723,-2.1303941217993416,0.046501366965357394,0.5759723769669515,-3.9773293991257583,miscanthus_sacchariflorus_ssp_lutarioriparius_15wks vs miscanthus_sinensis_15wks,TRUE
3349,1.5631743936912095,17.494173177522633,2.101390298158236,0.04925591797091207,0.6003725347133058,-4.0254652576190235,miscanthus_sacchariflorus_ssp_lutarioriparius_15wks vs miscanthus_sinensis_15wks,TRUE
4542,-3.7686183757818217,19.156935607488197,-2.09959537674269,0.049431151938825336,0.6003725347133058,-4.028431404369849,miscanthus_sacchariflorus_ssp_lutarioriparius_15wks vs miscanthus_sinensis_15wks,TRUE
4038,-3.213012582869659,20.9178328079761,-2.069469919751788,0.052457705703116454,0.6280113502266886,-4.077988838374714,miscanthus_sacchariflorus_ssp_lutarioriparius_15wks vs miscanthus_sinensis_15wks,FALSE
3994,-2.3841116759288887,18.065719529348364,-2.0670225822024815,0.05271078479120887,0.6280113502266886,-4.081995940910814,miscanthus_sacchariflorus_ssp_lutarioriparius_15wks vs miscanthus_sinensis_15wks,FALSE
2555,2.0100508664293564,17.596354880237943,2.0519755214606112,0.054291163082904575,0.6350452152083037,-4.106569989202672,miscanthus_sacchariflorus_ssp_lutarioriparius_15wks vs miscanthus_sinensis_15wks,FALSE
3500,-1.4829799294484438,18.982238285581253,-2.0517382944445743,0.05431641728800039,0.6350452152083037,-4.106956544453663,miscanthus_sacchariflorus_ssp_lutarioriparius_15wks vs miscanthus_sinensis_15wks,FALSE
4421,-1.8986936866827548,20.267251664502247,-2.0396219877906674,0.05562042914873431,0.6362636066768989,-4.126663554503208,miscanthus_sacchariflorus_ssp_lutarioriparius_15wks vs miscanthus_sinensis_15wks,FALSE
5145,2.2318050961949822,17.194978239850446,2.037005299830906,0.055905722579778626,0.6362636066768989,-4.130910206333192,miscanthus_sacchariflorus_ssp_lutarioriparius_15wks vs miscanthus_sinensis_15wks,FALSE
4381,-3.35353099996658,19.006845337747684,-2.036632821052478,0.05594644023537879,0.6362636066768989,-4.131514435086707,miscanthus_sacchariflorus_ssp_lutarioriparius_15wks vs miscanthus_sinensis_15wks,FALSE
2861,4.489614106278051,19.224421524929806,2.022814254801526,0.05747599782838693,0.6375733964679071,-4.153882727729297,miscanthus_sacchariflorus_ssp_lutarioriparius_15wks vs miscanthus_sinensis_15wks,FALSE
103,-3.0109131124980024,22.401884328840914,-2.0201290899925253,0.05777753799656166,0.6375733964679071,-4.158218359684559,miscanthus_sacchariflorus_ssp_lutarioriparius_15wks vs miscanthus_sinensis_15wks,FALSE
2287,-1.8409336235859453,17.577925896579995,-2.013844100031817,0.05848889326798493,0.6375733964679071,-4.168352575911081,miscanthus_sacchariflorus_ssp_lutarioriparius_15wks vs miscanthus_sinensis_15wks,FALSE
5013,-3.701254030722179,19.36362072824185,-2.0134812120675076,0.05853020506003133,0.6375733964679071,-4.1689371169858305,miscanthus_sacchariflorus_ssp_lutarioriparius_15wks vs miscanthus_sinensis_15wks,FALSE
1863,-2.737722205503591,20.661411420582525,-2.001045108595315,0.05996186307307407,0.6375733964679071,-4.1889296861499785,miscanthus_sacchariflorus_ssp_lutarioriparius_15wks vs miscanthus_sinensis_15wks,FALSE
1557,1.7526102039086666,26.22903289796991,1.9968977841924374,0.06044623788278034,0.6375733964679071,-4.195579866506911,miscanthus_sacchariflorus_ssp_lutarioriparius_15wks vs miscanthus_sinensis_15wks,FALSE
1746,-3.3683631576034507,21.9728979890768,-1.993989575710561,0.06078798034722622,0.6375733964679071,-4.200237999624919,miscanthus_sacchariflorus_ssp_lutarioriparius_15wks vs miscanthus_sinensis_15wks,FALSE
3816,-2.233580652476455,17.955617965750605,-1.9922779750784034,0.060989917311200514,0.6375733964679071,-4.202977517877747,miscanthus_sacchariflorus_ssp_lutarioriparius_15wks vs miscanthus_sinensis_15wks,FALSE
205,-5.039391102640501,20.83666837928696,-1.9889623773199854,0.061382804401327214,0.6375733964679071,-4.208280136237507,miscanthus_sacchariflorus_ssp_lutarioriparius_15wks vs miscanthus_sinensis_15wks,FALSE
2388,-4.748227625185059,20.1752035856828,-1.983245852063676,0.06206551188997835,0.6375733964679071,-4.21740952694051,miscanthus_sacchariflorus_ssp_lutarioriparius_15wks vs miscanthus_sinensis_15wks,FALSE
87,-1.9118014349671668,18.39229965803516,-1.9791344588539226,0.06256071113577756,0.6375733964679071,-4.223965274903,miscanthus_sacchariflorus_ssp_lutarioriparius_15wks vs miscanthus_sinensis_15wks,FALSE
2564,-3.386643835655992,19.075201245673277,-1.9788450841938143,0.06259569765218119,0.6375733964679071,-4.2244263692457125,miscanthus_sacchariflorus_ssp_lutarioriparius_15wks vs miscanthus_sinensis_15wks,FALSE
214,-1.154333987847565,26.243617225989528,-1.9780900001749286,0.06268707255439855,0.6375733964679071,-4.225629332391618,miscanthus_sacchariflorus_ssp_lutarioriparius_15wks vs miscanthus_sinensis_15wks,FALSE
4877,1.3113914085649085,16.94884567447971,1.972314937089784,0.06338987862095821,0.6392694681974446,-4.23482029647434,miscanthus_sacchariflorus_ssp_lutarioriparius_15wks vs miscanthus_sinensis_15wks,FALSE
769,2.232314744464361,17.719877530567913,1.9651603094909467,0.06427032153600785,0.6392694681974446,-4.246183239030193,miscanthus_sacchariflorus_ssp_lutarioriparius_15wks vs miscanthus_sinensis_15wks,FALSE
1251,-3.6331357160614104,19.38523149063009,-1.9629523847180397,0.06454422072200053,0.6392694681974446,-4.249684564855318,miscanthus_sacchariflorus_ssp_lutarioriparius_15wks vs miscanthus_sinensis_15wks,FALSE
6163,-2.8913373320527214,21.626047216692378,-1.9601139926174322,0.06489785968111547,0.6392694681974446,-4.254182010623449,miscanthus_sacchariflorus_ssp_lutarioriparius_15wks vs miscanthus_sinensis_15wks,FALSE
1311,3.6728706736066137,20.297445135764125,1.9496534695584051,0.06621610176246708,0.642335071532702,-4.270720943362591,miscanthus_sacchariflorus_ssp_lutarioriparius_15wks vs miscanthus_sinensis_15wks,FALSE
4306,-3.216510280000797,19.513278809470112,-1.9494970725164007,0.06623599058970309,0.642335071532702,-4.270967790939672,miscanthus_sacchariflorus_ssp_lutarioriparius_15wks vs miscanthus_sinensis_15wks,FALSE
4003,-2.5951887363191073,18.011481858492584,-1.9378993248474814,0.06772575487538013,0.6502896392262724,-4.289237591180816,miscanthus_sacchariflorus_ssp_lutarioriparius_15wks vs miscanthus_sinensis_15wks,FALSE
6159,-1.762711905169816,21.25997494116417,-1.9350531323917366,0.06809587748892221,0.6502896392262724,-4.293710461760612,miscanthus_sacchariflorus_ssp_lutarioriparius_15wks vs miscanthus_sinensis_15wks,FALSE
5758,-1.5040440316533363,17.636860435289332,-1.909512225246967,0.071498436311915,0.6776101805015581,-4.333658241995031,miscanthus_sacchariflorus_ssp_lutarioriparius_15wks vs miscanthus_sinensis_15wks,FALSE
36,1.9097845823430966,26.12431890386452,1.8921208012130448,0.07390065733736445,0.6854755973709113,-4.360661521542269,miscanthus_sacchariflorus_ssp_lutarioriparius_15wks vs miscanthus_sinensis_15wks,FALSE
1209,2.285599323036184,19.334934517050336,1.8860144878510812,0.0747608605754568,0.6854755973709113,-4.370104174103871,miscanthus_sacchariflorus_ssp_lutarioriparius_15wks vs miscanthus_sinensis_15wks,FALSE
400,3.238903912402982,18.0319617390694,1.8842893389907374,0.07500547967977436,0.6854755973709113,-4.372768258201498,miscanthus_sacchariflorus_ssp_lutarioriparius_15wks vs miscanthus_sinensis_15wks,FALSE
4987,1.3078214303872286,16.7434579912404,1.8806023781749153,0.07553064400938961,0.6854755973709113,-4.378456501716439,miscanthus_sacchariflorus_ssp_lutarioriparius_15wks vs miscanthus_sinensis_15wks,FALSE
5287,-3.133822556181194,18.560855560452378,-1.8729324156197518,0.0766335374839182,0.6854755973709113,-4.390266104024326,miscanthus_sacchariflorus_ssp_lutarioriparius_15wks vs miscanthus_sinensis_15wks,FALSE
4201,-2.1740439380649548,18.668463966970158,-1.8707272651585594,0.07695323912426619,0.6854755973709113,-4.39365549925796,miscanthus_sacchariflorus_ssp_lutarioriparius_15wks vs miscanthus_sinensis_15wks,FALSE
3353,2.627010207939044,18.894179315539304,1.8697823904971027,0.07709058562731044,0.6854755973709113,-4.39510699425756,miscanthus_sacchariflorus_ssp_lutarioriparius_15wks vs miscanthus_sinensis_15wks,FALSE
3403,-2.4012118534987366,18.66928183210615,-1.8665255536080851,0.07756565306671923,0.6854755973709113,-4.400106338446397,miscanthus_sacchariflorus_ssp_lutarioriparius_15wks vs miscanthus_sinensis_15wks,FALSE
5037,-2.908305303478869,21.48510441331615,-1.8664226736362415,0.0775807018235235,0.6854755973709113,-4.400264167928109,miscanthus_sacchariflorus_ssp_lutarioriparius_15wks vs miscanthus_sinensis_15wks,FALSE
5800,1.5582621691855145,16.945499533474283,1.8600190902990499,0.07852245571534816,0.6854755973709113,-4.410076581863648,miscanthus_sacchariflorus_ssp_lutarioriparius_15wks vs miscanthus_sinensis_15wks,FALSE
4288,-2.4774714803750726,21.294307802325733,-1.8552526786717902,0.07922994676067986,0.6854755973709113,-4.417365696559768,miscanthus_sacchariflorus_ssp_lutarioriparius_15wks vs miscanthus_sinensis_15wks,FALSE
1561,-2.0130341290481653,21.247541953261702,-1.8547858397440775,0.07929954113843343,0.6854755973709113,-4.418078945764826,miscanthus_sacchariflorus_ssp_lutarioriparius_15wks vs miscanthus_sinensis_15wks,FALSE
530,2.4168151263377595,17.435435343768933,1.8537670266467134,0.07945160800861882,0.6854755973709113,-4.419635099205055,miscanthus_sacchariflorus_ssp_lutarioriparius_15wks vs miscanthus_sinensis_15wks,FALSE
4637,-2.3592510067114,19.336270914410743,-1.8233521982291352,0.0841107068819336,0.707849059451792,-4.4658261400364045,miscanthus_sacchariflorus_ssp_lutarioriparius_15wks vs miscanthus_sinensis_15wks,FALSE
4174,-1.2692027124496974,23.746880657446525,-1.8209792095521575,0.08448407108264153,0.707849059451792,-4.4694082719782475,miscanthus_sacchariflorus_ssp_lutarioriparius_15wks vs miscanthus_sinensis_15wks,FALSE
903,-0.8715830290771827,23.49530105920672,-1.8181993726749521,0.08492329037355689,0.707849059451792,-4.473600529254418,miscanthus_sacchariflorus_ssp_lutarioriparius_15wks vs miscanthus_sinensis_15wks,FALSE
776,1.629203697839408,17.523368050965743,1.8173845728963218,0.0850524077819163,0.707849059451792,-4.474828499405419,miscanthus_sacchariflorus_ssp_lutarioriparius_15wks vs miscanthus_sinensis_15wks,FALSE
4915,1.8385101449849373,17.122223602519124,1.8157663090141127,0.08530935493928836,0.707849059451792,-4.477266245557378,miscanthus_sacchariflorus_ssp_lutarioriparius_15wks vs miscanthus_sinensis_15wks,FALSE
5476,-0.9207301065678273,19.971407196752537,-1.8141280932048927,0.08557016040180107,0.707849059451792,-4.479732541486884,miscanthus_sacchariflorus_ssp_lutarioriparius_15wks vs miscanthus_sinensis_15wks,FALSE
754,1.5184555643790034,17.093577716590083,1.811402369899268,0.08600564111644475,0.707849059451792,-4.483832693317289,miscanthus_sacchariflorus_ssp_lutarioriparius_15wks vs miscanthus_sinensis_15wks,FALSE
464,2.595174425136232,17.444443412191916,1.8069584374494865,0.08671978325831989,0.7090617572297919,-4.49050842998911,miscanthus_sacchariflorus_ssp_lutarioriparius_15wks vs miscanthus_sinensis_15wks,FALSE
1288,2.905488006641985,17.786659825577303,1.793256286993873,0.0889543766010266,0.72260990342782,-4.511021294094099,miscanthus_sacchariflorus_ssp_lutarioriparius_15wks vs miscanthus_sinensis_15wks,FALSE
4280,-1.9048699089302588,17.911855259518735,-1.788535329519337,0.08973581491778847,0.7242548674977637,-4.518063978519325,miscanthus_sacchariflorus_ssp_lutarioriparius_15wks vs miscanthus_sinensis_15wks,FALSE
358,-2.4209430935507292,21.89873885431426,-1.78352737764834,0.09057127785337471,0.725472451888088,-4.525520813960108,miscanthus_sacchariflorus_ssp_lutarioriparius_15wks vs miscanthus_sinensis_15wks,FALSE
34,-1.3419959706212765,27.101027975212713,-1.7791238589086802,0.09131148238889082,0.725472451888088,-4.532065719163073,miscanthus_sacchariflorus_ssp_lutarioriparius_15wks vs miscanthus_sinensis_15wks,FALSE
507,-1.2443777169005052,21.518251852553732,-1.7772596934225575,0.09162641678522614,0.725472451888088,-4.534833038364544,miscanthus_sacchariflorus_ssp_lutarioriparius_15wks vs miscanthus_sinensis_15wks,FALSE
3008,2.438558252819302,19.78097964672217,1.768307024423022,0.09315206373568646,0.7312725295962367,-4.548095083989849,miscanthus_sacchariflorus_ssp_lutarioriparius_15wks vs miscanthus_sinensis_15wks,FALSE
5039,2.1238099236807884,17.680599386229282,1.7658273776501472,0.09357850302863567,0.7312725295962367,-4.551760085195213,miscanthus_sacchariflorus_ssp_lutarioriparius_15wks vs miscanthus_sinensis_15wks,FALSE
6045,-1.6208947070617263,24.108838665488292,-1.7612942794378696,0.0943624609860371,0.7312725295962367,-4.558450902173724,miscanthus_sacchariflorus_ssp_lutarioriparius_15wks vs miscanthus_sinensis_15wks,FALSE
476,-2.9547625492223126,18.686367481783506,-1.7593688596439814,0.09469716210598748,0.7312725295962367,-4.561289179883925,miscanthus_sacchariflorus_ssp_lutarioriparius_15wks vs miscanthus_sinensis_15wks,FALSE
936,-2.468050607725967,18.5149927152313,-1.7493150095167838,0.09646159240320439,0.7357723707496069,-4.576074405578531,miscanthus_sacchariflorus_ssp_lutarioriparius_15wks vs miscanthus_sinensis_15wks,FALSE
4614,-1.950113448826059,18.147910131387086,-1.7472338067671485,0.0968303693194786,0.7357723707496069,-4.579127618761891,miscanthus_sacchariflorus_ssp_lutarioriparius_15wks vs miscanthus_sinensis_15wks,FALSE
5574,2.362999980329956,18.7832170433398,1.7433885803444833,0.09751492606859875,0.7357723707496069,-4.584762021965876,miscanthus_sacchariflorus_ssp_lutarioriparius_15wks vs miscanthus_sinensis_15wks,FALSE
3832,2.3813145301101244,19.412734906777004,1.736385625637649,0.09877238484049658,0.7357723707496069,-4.59500101920782,miscanthus_sacchariflorus_ssp_lutarioriparius_15wks vs miscanthus_sinensis_15wks,FALSE
1528,-3.2687216629987397,18.943978029230735,-1.7340393624910182,0.09919679933080405,0.7357723707496069,-4.59842499252683,miscanthus_sacchariflorus_ssp_lutarioriparius_15wks vs miscanthus_sinensis_15wks,FALSE
2396,2.1165584465426903,17.642115183939367,1.731880102918925,0.09958877526768234,0.7357723707496069,-4.601573180783471,miscanthus_sacchariflorus_ssp_lutarioriparius_15wks vs miscanthus_sinensis_15wks,FALSE
4196,1.0812077957392177,16.655874981971007,1.7265134964777764,0.10056877519600022,0.7357723707496069,-4.609385662082065,miscanthus_sacchariflorus_ssp_lutarioriparius_15wks vs miscanthus_sinensis_15wks,FALSE
670,1.268548450780255,16.97162628095685,1.726212345613981,0.10062401383653397,0.7357723707496069,-4.609823556984515,miscanthus_sacchariflorus_ssp_lutarioriparius_15wks vs miscanthus_sinensis_15wks,FALSE
2987,-2.2154417159475273,20.735118879860455,-1.720651942214289,0.10164863510951604,0.7357723707496069,-4.6178990608955814,miscanthus_sacchariflorus_ssp_lutarioriparius_15wks vs miscanthus_sinensis_15wks,FALSE
4700,-3.0988420177205604,18.799246110698263,-1.7152539524161121,0.10265190150031168,0.7357723707496069,-4.625721006919576,miscanthus_sacchariflorus_ssp_lutarioriparius_15wks vs miscanthus_sinensis_15wks,FALSE
5697,2.130710740569132,17.360098093073393,1.7146984097277436,0.10275563571225285,0.7357723707496069,-4.626525024100756,miscanthus_sacchariflorus_ssp_lutarioriparius_15wks vs miscanthus_sinensis_15wks,FALSE
161,2.741726470310077,18.657307211663188,1.7137990318121883,0.10292376384366836,0.7357723707496069,-4.627826269264385,miscanthus_sacchariflorus_ssp_lutarioriparius_15wks vs miscanthus_sinensis_15wks,FALSE
803,-1.209200514065932,16.73947116720338,-1.7134049875067248,0.10299750023185013,0.7357723707496069,-4.628396230665258,miscanthus_sacchariflorus_ssp_lutarioriparius_15wks vs miscanthus_sinensis_15wks,FALSE
4580,2.388944345566543,25.729568981651287,1.710651933826134,0.10351393865062414,0.7357723707496069,-4.632375755367592,miscanthus_sacchariflorus_ssp_lutarioriparius_15wks vs miscanthus_sinensis_15wks,FALSE
678,-2.6194168176519668,18.898360885888764,-1.682208690827404,0.10898087836036059,0.7425610553678847,-4.673222205238679,miscanthus_sacchariflorus_ssp_lutarioriparius_15wks vs miscanthus_sinensis_15wks,FALSE
1486,-3.71493611441468,21.45003440984811,-1.6710717197339162,0.11118774556933998,0.7425610553678847,-4.689081382289971,miscanthus_sacchariflorus_ssp_lutarioriparius_15wks vs miscanthus_sinensis_15wks,FALSE
5428,-1.012608524042335,17.543357852536857,-1.6674342471164476,0.11191674576299004,0.7425610553678847,-4.694244679773944,miscanthus_sacchariflorus_ssp_lutarioriparius_15wks vs miscanthus_sinensis_15wks,FALSE
370,-3.2064430792560437,19.41358253157785,-1.6569747356963962,0.1140357098184117,0.7425610553678847,-4.709046180317479,miscanthus_sacchariflorus_ssp_lutarioriparius_15wks vs miscanthus_sinensis_15wks,FALSE
1968,-2.661541580222636,18.72970892842704,-1.6557855605421006,0.11427876900085676,0.7425610553678847,-4.710724722831948,miscanthus_sacchariflorus_ssp_lutarioriparius_15wks vs miscanthus_sinensis_15wks,FALSE
261,1.0904514375847327,24.239728110351223,1.6548077795530383,0.11447895062658149,0.7425610553678847,-4.712104221297133,miscanthus_sacchariflorus_ssp_lutarioriparius_15wks vs miscanthus_sinensis_15wks,FALSE
3490,-1.4361361013163325,17.869978933797647,-1.6518539402249188,0.1150855035255693,0.7425610553678847,-4.716268027659936,miscanthus_sacchariflorus_ssp_lutarioriparius_15wks vs miscanthus_sinensis_15wks,FALSE
254,-1.0737667303809282,22.96369327262289,-1.6485227245440135,0.11577282315823156,0.7425610553678847,-4.720957282984804,miscanthus_sacchariflorus_ssp_lutarioriparius_15wks vs miscanthus_sinensis_15wks,FALSE
4752,1.1365196336648573,17.169650776824714,1.6429445620668162,0.11693155472193018,0.7425610553678847,-4.728794012228179,miscanthus_sacchariflorus_ssp_lutarioriparius_15wks vs miscanthus_sinensis_15wks,FALSE
2834,-1.234836168728755,17.451113243022558,-1.6378347468190446,0.11800161912583068,0.7425610553678847,-4.735955699067617,miscanthus_sacchariflorus_ssp_lutarioriparius_15wks vs miscanthus_sinensis_15wks,FALSE
5790,2.7062726701875235,19.017851762323023,1.6371070619886687,0.1181546794038374,0.7425610553678847,-4.7369742592844455,miscanthus_sacchariflorus_ssp_lutarioriparius_15wks vs miscanthus_sinensis_15wks,FALSE
4607,1.3073989187777144,17.110902855469615,1.631731143043485,0.11929066403762531,0.7425610553678847,-4.744488783675897,miscanthus_sacchariflorus_ssp_lutarioriparius_15wks vs miscanthus_sinensis_15wks,FALSE
442,-2.2723018599378015,19.19555214157882,-1.6310781690400364,0.11942927173418384,0.7425610553678847,-4.745400281883687,miscanthus_sacchariflorus_ssp_lutarioriparius_15wks vs miscanthus_sinensis_15wks,FALSE
1638,1.341853717795317,25.530827753995638,1.6305684910730764,0.11953755650692229,0.7425610553678847,-4.7461115641795555,miscanthus_sacchariflorus_ssp_lutarioriparius_15wks vs miscanthus_sinensis_15wks,FALSE
1319,-1.1809397873188274,17.370186290947125,-1.630426105077362,0.11956782229029482,0.7425610553678847,-4.7463102420838,miscanthus_sacchariflorus_ssp_lutarioriparius_15wks vs miscanthus_sinensis_15wks,FALSE
2247,-2.762060133250003,18.83664778739404,-1.625959818649533,0.12052048058992554,0.7425610553678847,-4.75253578054514,miscanthus_sacchariflorus_ssp_lutarioriparius_15wks vs miscanthus_sinensis_15wks,FALSE
1551,-1.5678171858489662,21.932598741976108,-1.623951344545085,0.12095097604798642,0.7425610553678847,-4.7553312842687365,miscanthus_sacchariflorus_ssp_lutarioriparius_15wks vs miscanthus_sinensis_15wks,FALSE
6259,-2.3973985503500685,19.02719359342275,-1.623544031641104,0.1210384376978284,0.7425610553678847,-4.755897893936076,miscanthus_sacchariflorus_ssp_lutarioriparius_15wks vs miscanthus_sinensis_15wks,FALSE
2838,-1.5367233793857693,21.96813786746594,-1.6215135335192592,0.12147524128552509,0.7425610553678847,-4.758720939431479,miscanthus_sacchariflorus_ssp_lutarioriparius_15wks vs miscanthus_sinensis_15wks,FALSE
1110,3.679675130771475,22.44737847849548,1.6208421641516628,0.12161995993399852,0.7425610553678847,-4.759653785359554,miscanthus_sacchariflorus_ssp_lutarioriparius_15wks vs miscanthus_sinensis_15wks,FALSE
2438,-3.4624785055833023,19.143043371377964,-1.6195167875866636,0.12190608235889361,0.7425610553678847,-4.761494515817507,miscanthus_sacchariflorus_ssp_lutarioriparius_15wks vs miscanthus_sinensis_15wks,FALSE
2489,-1.6382623529915854,17.560324366626865,-1.618783823214029,0.12206455881839622,0.7425610553678847,-4.762512005471044,miscanthus_sacchariflorus_ssp_lutarioriparius_15wks vs miscanthus_sinensis_15wks,FALSE
4592,-2.2271563238820065,18.75368256701853,-1.6174302553057631,0.12235767523176083,0.7425610553678847,-4.764390112738141,miscanthus_sacchariflorus_ssp_lutarioriparius_15wks vs miscanthus_sinensis_15wks,FALSE
2222,3.3232942742884077,20.542202250538136,1.6141534458059097,0.12306973311397315,0.7425610553678847,-4.768931952699764,miscanthus_sacchariflorus_ssp_lutarioriparius_15wks vs miscanthus_sinensis_15wks,FALSE
2497,-2.461714925065774,20.34356228221217,-1.6116675700956835,0.12361224918581566,0.7425610553678847,-4.772372967103312,miscanthus_sacchariflorus_ssp_lutarioriparius_15wks vs miscanthus_sinensis_15wks,FALSE
2635,-2.9223019337482086,21.28320776735263,-1.6083806167273833,0.12433268756751657,0.7425610553678847,-4.776916820901336,miscanthus_sacchariflorus_ssp_lutarioriparius_15wks vs miscanthus_sinensis_15wks,FALSE
2694,-1.319729499804847,25.22852347070379,-1.6077771176067512,0.12446534709396366,0.7425610553678847,-4.777750345075684,miscanthus_sacchariflorus_ssp_lutarioriparius_15wks vs miscanthus_sinensis_15wks,FALSE
5623,-1.4654432139031535,17.626488065316593,-1.6063328673302621,0.124783302643979,0.7425610553678847,-4.779744132246135,miscanthus_sacchariflorus_ssp_lutarioriparius_15wks vs miscanthus_sinensis_15wks,FALSE
3002,-2.636190095567258,19.15864386245361,-1.604862859703809,0.12510763125390004,0.7425610553678847,-4.781772111517198,miscanthus_sacchariflorus_ssp_lutarioriparius_15wks vs miscanthus_sinensis_15wks,FALSE
31,1.1738355463860515,24.14018822805962,1.6047872376343981,0.12512433498025358,0.7425610553678847,-4.781876400211516,miscanthus_sacchariflorus_ssp_lutarioriparius_15wks vs miscanthus_sinensis_15wks,FALSE
1722,-3.4577716984508555,18.89282229049289,-1.6016879002824174,0.12581054770918837,0.7425610553678847,-4.786147484774183,miscanthus_sacchariflorus_ssp_lutarioriparius_15wks vs miscanthus_sinensis_15wks,FALSE
165,-2.4250952440016817,19.0442033898156,-1.6013258704221287,0.12589090966075966,0.7425610553678847,-4.786645984657058,miscanthus_sacchariflorus_ssp_lutarioriparius_15wks vs miscanthus_sinensis_15wks,FALSE
4775,-2.4044614413223755,18.234592447365753,-1.5966838640156027,0.1269251578344397,0.7425610553678847,-4.793030399935785,miscanthus_sacchariflorus_ssp_lutarioriparius_15wks vs miscanthus_sinensis_15wks,FALSE
3875,1.0225678395692448,17.075079499995333,1.5954712797250785,0.12719649820290235,0.7425610553678847,-4.794695862056089,miscanthus_sacchariflorus_ssp_lutarioriparius_15wks vs miscanthus_sinensis_15wks,FALSE
1841,-3.581359937752703,18.89007246858705,-1.594926921245645,0.1273184679992693,0.7425610553678847,-4.7954432216646055,miscanthus_sacchariflorus_ssp_lutarioriparius_15wks vs miscanthus_sinensis_15wks,FALSE
4636,1.9782832707710831,19.64418662268936,1.5911062723300688,0.1281772979144278,0.7425610553678847,-4.800683306211592,miscanthus_sacchariflorus_ssp_lutarioriparius_15wks vs miscanthus_sinensis_15wks,FALSE
2348,-1.3812672312433527,24.207659026845285,-1.5879019059031527,0.12890134353550667,0.7425610553678847,-4.805070912957669,miscanthus_sacchariflorus_ssp_lutarioriparius_15wks vs miscanthus_sinensis_15wks,FALSE
1063,-2.5014699908720637,18.71102372249618,-1.5878873003666483,0.12890465158864017,0.7425610553678847,-4.8050908965844545,miscanthus_sacchariflorus_ssp_lutarioriparius_15wks vs miscanthus_sinensis_15wks,FALSE
59,-1.2406433491347855,27.262904349578356,-1.5794488713236292,0.13082784647872667,0.7425610553678847,-4.816613541142134,miscanthus_sacchariflorus_ssp_lutarioriparius_15wks vs miscanthus_sinensis_15wks,FALSE
369,1.409916666455672,17.315774295288456,1.5756174576213784,0.13170896758663952,0.7425610553678847,-4.82183012737891,miscanthus_sacchariflorus_ssp_lutarioriparius_15wks vs miscanthus_sinensis_15wks,FALSE
941,-1.00420447804804,16.62964479336244,-1.5750683692232272,0.13183564926777935,0.7425610553678847,-4.822576948684032,miscanthus_sacchariflorus_ssp_lutarioriparius_15wks vs miscanthus_sinensis_15wks,FALSE
2652,-3.414232634383769,19.463533104546922,-1.574675638742554,0.1319263197591183,0.7425610553678847,-4.823110985894789,miscanthus_sacchariflorus_ssp_lutarioriparius_15wks vs miscanthus_sinensis_15wks,FALSE
2508,-1.1376066638958733,16.95760914673361,-1.5713168352073734,0.13270390822145303,0.7425610553678847,-4.8276742178005705,miscanthus_sacchariflorus_ssp_lutarioriparius_15wks vs miscanthus_sinensis_15wks,FALSE
913,-2.850958720007732,19.296237057794777,-1.5690850304008723,0.13322270573587275,0.7425610553678847,-4.830702269120417,miscanthus_sacchariflorus_ssp_lutarioriparius_15wks vs miscanthus_sinensis_15wks,FALSE
1054,3.218716261008584,21.06558489044248,1.5685848672874563,0.13333920428645626,0.7425610553678847,-4.831380432315099,miscanthus_sacchariflorus_ssp_lutarioriparius_15wks vs miscanthus_sinensis_15wks,FALSE
118,-2.6996285848746346,21.88524567367783,-1.5675366770328616,0.13358362628614726,0.7425610553678847,-4.832801128651828,miscanthus_sacchariflorus_ssp_lutarioriparius_15wks vs miscanthus_sinensis_15wks,FALSE
1105,-3.537551141853225,19.754270353305145,-1.5661072204856539,0.13391755742939493,0.7425610553678847,-4.834737432683251,miscanthus_sacchariflorus_ssp_lutarioriparius_15wks vs miscanthus_sinensis_15wks,FALSE
1255,2.338222954265003,19.44490434327517,1.5658503272524829,0.13397764340535165,0.7425610553678847,-4.835085272349886,miscanthus_sacchariflorus_ssp_lutarioriparius_15wks vs miscanthus_sinensis_15wks,FALSE
1991,-1.937025840833666,19.083756279132356,-1.564698751702857,0.13424726781629676,0.7425610553678847,-4.836644004972168,miscanthus_sacchariflorus_ssp_lutarioriparius_15wks vs miscanthus_sinensis_15wks,FALSE
565,-0.9596212045235077,16.55781529055915,-1.5633237792609473,0.13456979101281424,0.7425610553678847,-4.838503987152705,miscanthus_sacchariflorus_ssp_lutarioriparius_15wks vs miscanthus_sinensis_15wks,FALSE
568,-0.9656212022437547,16.458855916221626,-1.5613312025244088,0.13503833224908413,0.7425610553678847,-4.841197238614103,miscanthus_sacchariflorus_ssp_lutarioriparius_15wks vs miscanthus_sinensis_15wks,FALSE
1574,-0.8333199602796313,25.962344509125625,-1.5600730962788067,0.1353348686042188,0.7425610553678847,-4.842896412886849,miscanthus_sacchariflorus_ssp_lutarioriparius_15wks vs miscanthus_sinensis_15wks,FALSE
2385,-2.596187636248551,20.12382641468213,-1.5568278719859918,0.13610227999262034,0.743510708605974,-4.847274572576752,miscanthus_sacchariflorus_ssp_lutarioriparius_15wks vs miscanthus_sinensis_15wks,FALSE
2960,-3.3402157540996384,22.317703111768115,-1.5481742306384723,0.1381664022060406,0.7510110757550732,-4.858915529427261,miscanthus_sacchariflorus_ssp_lutarioriparius_15wks vs miscanthus_sinensis_15wks,FALSE
4148,-1.1660407277875287,17.656052017362022,-1.5460547676419751,0.13867590607467778,0.7510110757550732,-4.861759149125165,miscanthus_sacchariflorus_ssp_lutarioriparius_15wks vs miscanthus_sinensis_15wks,FALSE
4782,-2.333982881827371,20.166197167768342,-1.5388949022533998,0.1404086628439148,0.7571174018005923,-4.871343430168222,miscanthus_sacchariflorus_ssp_lutarioriparius_15wks vs miscanthus_sinensis_15wks,FALSE
204,0.7116707049808504,23.48147449562918,1.5251331917749975,0.1437896571908332,0.7586731616493817,-4.889669756802119,miscanthus_sacchariflorus_ssp_lutarioriparius_15wks vs miscanthus_sinensis_15wks,FALSE
5045,1.9142983729155354,19.988038561071043,1.5241127667488454,0.14404302165426616,0.7586731616493817,-4.891023636382168,miscanthus_sacchariflorus_ssp_lutarioriparius_15wks vs miscanthus_sinensis_15wks,FALSE
4227,-1.5345734557822297,20.335515385480146,-1.521533529971606,0.14468507746095968,0.7586731616493817,-4.894442623509931,miscanthus_sacchariflorus_ssp_lutarioriparius_15wks vs miscanthus_sinensis_15wks,FALSE
3718,1.048396497780832,16.686788491403338,1.5198886777628369,0.14509577075068672,0.7586731616493817,-4.896620691661677,miscanthus_sacchariflorus_ssp_lutarioriparius_15wks vs miscanthus_sinensis_15wks,FALSE
461,-2.092617106945678,18.478152802883443,-1.519214218594645,0.14526445114154743,0.7586731616493817,-4.897513269982824,miscanthus_sacchariflorus_ssp_lutarioriparius_15wks vs miscanthus_sinensis_15wks,FALSE
2537,-3.138899329467911,19.108995310670245,-1.5174931460473746,0.1456956221892608,0.7586731616493817,-4.89978955823449,miscanthus_sacchariflorus_ssp_lutarioriparius_15wks vs miscanthus_sinensis_15wks,FALSE
5636,1.6334064501988834,17.34438878689206,1.5164294981116777,0.1459626211498138,0.7586731616493817,-4.901195347900713,miscanthus_sacchariflorus_ssp_lutarioriparius_15wks vs miscanthus_sinensis_15wks,FALSE
3013,-3.0232677509297368,19.868521920813848,-1.515424413889724,0.14621529108452727,0.7586731616493817,-4.9025230405837865,miscanthus_sacchariflorus_ssp_lutarioriparius_15wks vs miscanthus_sinensis_15wks,FALSE
5020,-2.259947277252728,21.39477085957766,-1.5096155603123649,0.14768268285015873,0.7586731616493817,-4.91018314839806,miscanthus_sacchariflorus_ssp_lutarioriparius_15wks vs miscanthus_sinensis_15wks,FALSE
335,-2.9083856845793505,19.79780207998226,-1.508361757442145,0.14800100056703788,0.7586731616493817,-4.911833563596744,miscanthus_sacchariflorus_ssp_lutarioriparius_15wks vs miscanthus_sinensis_15wks,FALSE
2308,-3.2508904459009536,19.982540849783742,-1.504575142303038,0.14896579320736328,0.7586731616493817,-4.9168115787338165,miscanthus_sacchariflorus_ssp_lutarioriparius_15wks vs miscanthus_sinensis_15wks,FALSE
2352,-3.268836705309173,20.271288631215278,-1.4944395497193197,0.1515737916215442,0.7586731616493817,-4.930088662113181,miscanthus_sacchariflorus_ssp_lutarioriparius_15wks vs miscanthus_sinensis_15wks,FALSE
1461,-3.6923214997872122,19.45997756314262,-1.49433440397409,0.15160104252871703,0.7586731616493817,-4.930226033958683,miscanthus_sacchariflorus_ssp_lutarioriparius_15wks vs miscanthus_sinensis_15wks,FALSE
5940,-1.4021932370542558,24.045155272990545,-1.4897897574214485,0.15278274940467232,0.7586731616493817,-4.936156417931402,miscanthus_sacchariflorus_ssp_lutarioriparius_15wks vs miscanthus_sinensis_15wks,FALSE
3326,-3.1052875571593646,21.16301303186975,-1.4874504534586925,0.153393965730982,0.7586731616493817,-4.939203558609393,miscanthus_sacchariflorus_ssp_lutarioriparius_15wks vs miscanthus_sinensis_15wks,FALSE
4428,-1.7906889228896574,18.494795041961254,-1.4860578887891205,0.15375876995958251,0.7586731616493817,-4.941015728511763,miscanthus_sacchariflorus_ssp_lutarioriparius_15wks vs miscanthus_sinensis_15wks,FALSE
3030,1.6652972316436383,18.844955112592523,1.4840908024090314,0.15427529329646947,0.7586731616493817,-4.943573289921288,miscanthus_sacchariflorus_ssp_lutarioriparius_15wks vs miscanthus_sinensis_15wks,FALSE
331,3.0955481648095144,20.70699141225503,1.4837447917689837,0.15436629698290127,0.7586731616493817,-4.944022893218656,miscanthus_sacchariflorus_ssp_lutarioriparius_15wks vs miscanthus_sinensis_15wks,FALSE
3350,-1.924615900477626,19.403109036850708,-1.483551049080258,0.1544172721731371,0.7586731616493817,-4.9442746052820645,miscanthus_sacchariflorus_ssp_lutarioriparius_15wks vs miscanthus_sinensis_15wks,FALSE
3054,-1.446306359729185,17.360732985101674,-1.4793737964029638,0.15551970441802232,0.7586731616493817,-4.949695514218854,miscanthus_sacchariflorus_ssp_lutarioriparius_15wks vs miscanthus_sinensis_15wks,FALSE
2044,-1.2012888086587559,26.673512411442076,-1.4746022597809623,0.15678686597920252,0.7586731616493817,-4.955873089939783,miscanthus_sacchariflorus_ssp_lutarioriparius_15wks vs miscanthus_sinensis_15wks,FALSE
1517,2.1846311456528973,17.660315966770295,1.4743108726181449,0.1568645220455222,0.7586731616493817,-4.9562498373844175,miscanthus_sacchariflorus_ssp_lutarioriparius_15wks vs miscanthus_sinensis_15wks,FALSE
4540,-1.6802313878667015,17.915104835502675,-1.4739706504760508,0.15695523273928277,0.7586731616493817,-4.956689652357311,miscanthus_sacchariflorus_ssp_lutarioriparius_15wks vs miscanthus_sinensis_15wks,FALSE
4608,2.230863148005742,19.781559344741325,1.4716656366928194,0.15757093234421624,0.7586731616493817,-4.959667326663677,miscanthus_sacchariflorus_ssp_lutarioriparius_15wks vs miscanthus_sinensis_15wks,FALSE
971,1.5278651314959752,17.429425753001006,1.4713871834805337,0.1576454445768224,0.7586731616493817,-4.960026793537388,miscanthus_sacchariflorus_ssp_lutarioriparius_15wks vs miscanthus_sinensis_15wks,FALSE
2159,-2.211537603778474,20.66077343867116,-1.4670736961830113,0.15880339378322722,0.7586731616493817,-4.965588475086391,miscanthus_sacchariflorus_ssp_lutarioriparius_15wks vs miscanthus_sinensis_15wks,FALSE
4409,1.3416636848388137,16.886148570668848,1.4666297643012,0.15892296049434906,0.7586731616493817,-4.966160144136587,miscanthus_sacchariflorus_ssp_lutarioriparius_15wks vs miscanthus_sinensis_15wks,FALSE
1406,-2.155266758255163,20.63378092723739,-1.4653085448525405,0.15927924774953048,0.7586731616493817,-4.967860732221455,miscanthus_sacchariflorus_ssp_lutarioriparius_15wks vs miscanthus_sinensis_15wks,FALSE
3596,2.7951763850289737,21.383863775490397,1.4622009817352846,0.16011982473236985,0.7586731616493817,-4.971855863279378,miscanthus_sacchariflorus_ssp_lutarioriparius_15wks vs miscanthus_sinensis_15wks,FALSE
3164,1.2426511947126855,16.711851889122595,1.4605124556627505,0.1605780783141223,0.7586731616493817,-4.974023876576368,miscanthus_sacchariflorus_ssp_lutarioriparius_15wks vs miscanthus_sinensis_15wks,FALSE
6013,-1.9152637986496899,18.53117028027718,-1.456617913922653,0.1616391126822526,0.7586731616493817,-4.979016863416537,miscanthus_sacchariflorus_ssp_lutarioriparius_15wks vs miscanthus_sinensis_15wks,FALSE
5069,-1.7282398903428593,17.610997014073156,-1.4506519464259218,0.16327557486327765,0.7586731616493817,-4.986645241031855,miscanthus_sacchariflorus_ssp_lutarioriparius_15wks vs miscanthus_sinensis_15wks,FALSE
598,1.0992460707815184,16.83948012392043,1.448393242133349,0.1638986488971846,0.7586731616493817,-4.989526915368568,miscanthus_sacchariflorus_ssp_lutarioriparius_15wks vs miscanthus_sinensis_15wks,FALSE
1455,2.3156363601875753,17.16414417398745,1.4477750815965211,0.16406950840401077,0.7586731616493817,-4.990314954869281,miscanthus_sacchariflorus_ssp_lutarioriparius_15wks vs miscanthus_sinensis_15wks,FALSE
4531,-1.3839537909992892,21.08858158796382,-1.4444414550455402,0.16499342355575594,0.7586731616493817,-4.994560146985179,miscanthus_sacchariflorus_ssp_lutarioriparius_15wks vs miscanthus_sinensis_15wks,FALSE
1451,-2.2017390350265984,20.498644969205824,-1.4421582294457849,0.1656286588670079,0.7586731616493817,-4.9974632664428125,miscanthus_sacchariflorus_ssp_lutarioriparius_15wks vs miscanthus_sinensis_15wks,FALSE
2472,-2.178595734438961,19.32344734639043,-1.4401141414236842,0.16619904742097924,0.7586731616493817,-5.000059253596607,miscanthus_sacchariflorus_ssp_lutarioriparius_15wks vs miscanthus_sinensis_15wks,FALSE
659,-2.2319044763499267,17.94352103483908,-1.4386247226366742,0.16661566392821417,0.7586731616493817,-5.001948984310482,miscanthus_sacchariflorus_ssp_lutarioriparius_15wks vs miscanthus_sinensis_15wks,FALSE
2449,-1.0478322786813514,21.326946829760395,-1.4375815848940052,0.16690795269072542,0.7586731616493817,-5.003271568606533,miscanthus_sacchariflorus_ssp_lutarioriparius_15wks vs miscanthus_sinensis_15wks,FALSE
2409,-2.4285270546228688,18.966641544049846,-1.437342904684773,0.16697488975659405,0.7586731616493817,-5.003574082565339,miscanthus_sacchariflorus_ssp_lutarioriparius_15wks vs miscanthus_sinensis_15wks,FALSE
3519,-2.106690129833243,20.50759748132517,-1.4364030428220471,0.16723868284108132,0.7586731616493817,-5.0047649201898405,miscanthus_sacchariflorus_ssp_lutarioriparius_15wks vs miscanthus_sinensis_15wks,FALSE
2908,-1.8307923264362245,21.50361036705942,-1.433905402827809,0.16794134554747506,0.7586731616493817,-5.007926528670138,miscanthus_sacchariflorus_ssp_lutarioriparius_15wks vs miscanthus_sinensis_15wks,FALSE
2135,-1.1638163000284685,17.4543283749279,-1.4310029561619568,0.16876090021398665,0.7586731616493817,-5.011595096390547,miscanthus_sacchariflorus_ssp_lutarioriparius_15wks vs miscanthus_sinensis_15wks,FALSE
2224,-2.7408020182666135,20.29927306370219,-1.429578346775548,0.16916434762619115,0.7586731616493817,-5.0133935913669525,miscanthus_sacchariflorus_ssp_lutarioriparius_15wks vs miscanthus_sinensis_15wks,FALSE
5553,-1.337531174869298,17.190602019476593,-1.4290163391092512,0.16932372232406176,0.7586731616493817,-5.014102706989267,miscanthus_sacchariflorus_ssp_lutarioriparius_15wks vs miscanthus_sinensis_15wks,FALSE
2147,-0.7831851936091887,26.82060669336802,-1.4288336420533123,0.16937555794143752,0.7586731616493817,-5.014333178288704,miscanthus_sacchariflorus_ssp_lutarioriparius_15wks vs miscanthus_sinensis_15wks,FALSE
1047,-2.7112436564901614,20.663328407478627,-1.4255473062975246,0.1703101696197164,0.7586731616493817,-5.018474888883455,miscanthus_sacchariflorus_ssp_lutarioriparius_15wks vs miscanthus_sinensis_15wks,FALSE
2054,-2.405396694051035,19.401166280485292,-1.4208536692024671,0.1716522450326679,0.7586731616493817,-5.024377092375267,miscanthus_sacchariflorus_ssp_lutarioriparius_15wks vs miscanthus_sinensis_15wks,FALSE
1730,-2.3585011824428292,18.394017807704873,-1.4173905511097298,0.17264794611599585,0.7586731616493817,-5.0287220292122825,miscanthus_sacchariflorus_ssp_lutarioriparius_15wks vs miscanthus_sinensis_15wks,FALSE
2870,-2.296231954686565,19.46696741144791,-1.4152321852258254,0.17327086800821875,0.7586731616493817,-5.031425723212639,miscanthus_sacchariflorus_ssp_lutarioriparius_15wks vs miscanthus_sinensis_15wks,FALSE
2557,1.1822790385357074,17.120320202472012,1.4122013429882414,0.17414865661544457,0.7586731616493817,-5.035216802344277,miscanthus_sacchariflorus_ssp_lutarioriparius_15wks vs miscanthus_sinensis_15wks,FALSE
3091,-1.6430674304848907,18.781173959606352,-1.4078625170647616,0.17541150435541703,0.7586731616493817,-5.040632692906553,miscanthus_sacchariflorus_ssp_lutarioriparius_15wks vs miscanthus_sinensis_15wks,FALSE
4776,-1.8506755529472336,18.258450356065794,-1.407298569559197,0.17557618638579336,0.7586731616493817,-5.0413356592943535,miscanthus_sacchariflorus_ssp_lutarioriparius_15wks vs miscanthus_sinensis_15wks,FALSE
325,-0.7955956498070016,26.41655953232018,-1.4063778901447164,0.1758453078476954,0.7586731616493817,-5.042482813375214,miscanthus_sacchariflorus_ssp_lutarioriparius_15wks vs miscanthus_sinensis_15wks,FALSE
3,-1.4620447265974263,26.53062383736159,-1.4057510381483325,0.17602873152062568,0.7586731616493817,-5.0432635200568985,miscanthus_sacchariflorus_ssp_lutarioriparius_15wks vs miscanthus_sinensis_15wks,FALSE
4711,0.8970930911559449,23.835577611232928,1.4032430402629041,0.17676414159318993,0.7586731616493817,-5.046384304497025,miscanthus_sacchariflorus_ssp_lutarioriparius_15wks vs miscanthus_sinensis_15wks,FALSE
862,-1.1959240499227448,21.3641640306615,-1.399561910931907,0.17784802260614685,0.7586731616493817,-5.0509567993330515,miscanthus_sacchariflorus_ssp_lutarioriparius_15wks vs miscanthus_sinensis_15wks,FALSE
934,-1.80579379873749,18.402344861315495,-1.397664470438061,0.17840879467778414,0.7586731616493817,-5.053309947278829,miscanthus_sacchariflorus_ssp_lutarioriparius_15wks vs miscanthus_sinensis_15wks,FALSE
2165,-2.6269018047565353,19.394922943297566,-1.3960669084303803,0.17888204201639007,0.7586731616493817,-5.05528921606786,miscanthus_sacchariflorus_ssp_lutarioriparius_15wks vs miscanthus_sinensis_15wks,FALSE
1637,-1.211538844027622,17.216366377984016,-1.3932830917482326,0.17970910525336742,0.7586731616493817,-5.058733845020814,miscanthus_sacchariflorus_ssp_lutarioriparius_15wks vs miscanthus_sinensis_15wks,FALSE
5497,0.9045905868022182,17.057260397713996,1.3930775759237664,0.17977028491890748,0.7586731616493817,-5.058987927322785,miscanthus_sacchariflorus_ssp_lutarioriparius_15wks vs miscanthus_sinensis_15wks,FALSE
75,-3.2211511277277047,20.049568045102966,-1.390660812033681,0.18049098297194827,0.7586731616493817,-5.061973556887395,miscanthus_sacchariflorus_ssp_lutarioriparius_15wks vs miscanthus_sinensis_15wks,FALSE
1086,1.7451686919166711,17.416885055687395,1.3904349841972117,0.18055844493345927,0.7586731616493817,-5.062252328656425,miscanthus_sacchariflorus_ssp_lutarioriparius_15wks vs miscanthus_sinensis_15wks,FALSE
183,-1.0861566531496365,24.88760121608774,-1.3889831174370364,0.18099264716394234,0.7586731616493817,-5.064043710078944,miscanthus_sacchariflorus_ssp_lutarioriparius_15wks vs miscanthus_sinensis_15wks,FALSE
4210,1.7124417529341898,19.46737702798849,1.3888752900766688,0.1810249279235698,0.7586731616493817,-5.064176692700303,miscanthus_sacchariflorus_ssp_lutarioriparius_15wks vs miscanthus_sinensis_15wks,FALSE
490,-0.9174183406815075,22.653370168593185,-1.3879017550223456,0.18131658862987227,0.7586731616493817,-5.065376970956759,miscanthus_sacchariflorus_ssp_lutarioriparius_15wks vs miscanthus_sinensis_15wks,FALSE
364,1.0780217914265187,24.947927921395216,1.38785849830561,0.18132955662123512,0.7586731616493817,-5.065430286809628,miscanthus_sacchariflorus_ssp_lutarioriparius_15wks vs miscanthus_sinensis_15wks,FALSE
2270,-2.9935606023305503,19.526667496353934,-1.3841888041487775,0.18243241030251542,0.7607431509614893,-5.069948495663578,miscanthus_sacchariflorus_ssp_lutarioriparius_15wks vs miscanthus_sinensis_15wks,FALSE
2812,-2.1452781651411215,20.661322630426405,-1.3794295980087574,0.1838706931532079,0.7617369271967281,-5.075793824493926,miscanthus_sacchariflorus_ssp_lutarioriparius_15wks vs miscanthus_sinensis_15wks,FALSE
2515,-3.1865446429283644,19.578453198618444,-1.3784954320657719,0.18415407088471658,0.7617369271967281,-5.076939281004607,miscanthus_sacchariflorus_ssp_lutarioriparius_15wks vs miscanthus_sinensis_15wks,FALSE
4301,-0.7162464399025197,19.529415706199494,-1.3773650644159219,0.18449743320592216,0.7617369271967281,-5.0783244816604265,miscanthus_sacchariflorus_ssp_lutarioriparius_15wks vs miscanthus_sinensis_15wks,FALSE
5544,1.5731352816723927,17.398746381234282,1.3670504462065474,0.1876543184542916,0.7660648507149661,-5.0909221516537775,miscanthus_sacchariflorus_ssp_lutarioriparius_15wks vs miscanthus_sinensis_15wks,FALSE
85,1.2654608390317748,17.928860660258312,1.3659745052705157,0.18798608804715544,0.7660648507149661,-5.092231842678081,miscanthus_sacchariflorus_ssp_lutarioriparius_15wks vs miscanthus_sinensis_15wks,FALSE
2986,-1.0660782686849721,23.015342577274676,-1.3659543998641175,0.18799229205848228,0.7660648507149661,-5.092256308094185,miscanthus_sacchariflorus_ssp_lutarioriparius_15wks vs miscanthus_sinensis_15wks,FALSE
3200,0.8255800702426122,16.955050186807238,1.3659451991048663,0.1879951312306112,0.7660648507149661,-5.092267504010792,miscanthus_sacchariflorus_ssp_lutarioriparius_15wks vs miscanthus_sinensis_15wks,FALSE
2136,1.6063424250170506,17.756286366640467,1.3591595581007119,0.19009837258697157,0.7721203380074723,-5.100507987857148,miscanthus_sacchariflorus_ssp_lutarioriparius_15wks vs miscanthus_sinensis_15wks,FALSE
3978,1.628108088234736,17.585806926197602,1.3519743496460817,0.1923458344685008,0.7739879246257811,-5.1091974810281044,miscanthus_sacchariflorus_ssp_lutarioriparius_15wks vs miscanthus_sinensis_15wks,FALSE
4378,-1.0554547561952177,17.435724382233808,-1.3493431851137687,0.19317409868478688,0.7739879246257811,-5.112370157961932,miscanthus_sacchariflorus_ssp_lutarioriparius_15wks vs miscanthus_sinensis_15wks,FALSE
2907,-1.997498365296348,18.028214448158813,-1.3485753102101148,0.19341635104610988,0.7739879246257811,-5.113295121200407,miscanthus_sacchariflorus_ssp_lutarioriparius_15wks vs miscanthus_sinensis_15wks,FALSE
2911,-1.0211950323877161,22.558531152892947,-1.3386559336999693,0.1965674730590203,0.7739879246257811,-5.1252052661170024,miscanthus_sacchariflorus_ssp_lutarioriparius_15wks vs miscanthus_sinensis_15wks,FALSE
3961,-2.1937663882738505,18.781189301678637,-1.332632081329948,0.19850083820533346,0.7739879246257811,-5.13240311532424,miscanthus_sacchariflorus_ssp_lutarioriparius_15wks vs miscanthus_sinensis_15wks,FALSE
3856,1.162613773955691,17.06233781549331,1.3326149685669708,0.1985063519063263,0.7739879246257811,-5.132423525495924,miscanthus_sacchariflorus_ssp_lutarioriparius_15wks vs miscanthus_sinensis_15wks,FALSE
5341,1.8959646848538085,18.588537325921614,1.3313755884681657,0.19890599977375145,0.7739879246257811,-5.13390114930701,miscanthus_sacchariflorus_ssp_lutarioriparius_15wks vs miscanthus_sinensis_15wks,FALSE
191,1.764767468892753,17.51739173511948,1.3311288043882923,0.19898565307117547,0.7739879246257811,-5.134195238225311,miscanthus_sacchariflorus_ssp_lutarioriparius_15wks vs miscanthus_sinensis_15wks,FALSE
4748,-2.29529749327191,20.151982753193618,-1.3289406193504893,0.19969302541072095,0.7739879246257811,-5.136800917994341,miscanthus_sacchariflorus_ssp_lutarioriparius_15wks vs miscanthus_sinensis_15wks,FALSE
3817,-2.705300190742502,20.810852788309962,-1.328406999234649,0.1998658289658935,0.7739879246257811,-5.1374358189631515,miscanthus_sacchariflorus_ssp_lutarioriparius_15wks vs miscanthus_sinensis_15wks,FALSE
1090,-1.3301789305466514,23.501744309756795,-1.3283861528241552,0.19987258210655023,0.7739879246257811,-5.137460617783722,miscanthus_sacchariflorus_ssp_lutarioriparius_15wks vs miscanthus_sinensis_15wks,FALSE
4379,-2.601453972788672,21.477118670004913,-1.327826078691536,0.20005408409372774,0.7739879246257811,-5.1381267610469354,miscanthus_sacchariflorus_ssp_lutarioriparius_15wks vs miscanthus_sinensis_15wks,FALSE
4285,-1.9731707613910885,18.493471498896596,-1.3251566590628532,0.20092094476746641,0.7739879246257811,-5.141298570035994,miscanthus_sacchariflorus_ssp_lutarioriparius_15wks vs miscanthus_sinensis_15wks,FALSE
5222,1.3762813868480457,17.002899075899503,1.3244623045934383,0.2011469124746212,0.7739879246257811,-5.142122747587604,miscanthus_sacchariflorus_ssp_lutarioriparius_15wks vs miscanthus_sinensis_15wks,FALSE
2747,-1.532925236823548,17.97281828279444,-1.3229616515403213,0.2016359628806512,0.7739879246257811,-5.1439027693881165,miscanthus_sacchariflorus_ssp_lutarioriparius_15wks vs miscanthus_sinensis_15wks,FALSE
3820,-1.0102555171521068,22.925204104033956,-1.322960620312434,0.20163629927118398,0.7739879246257811,-5.14390399202643,miscanthus_sacchariflorus_ssp_lutarioriparius_15wks vs miscanthus_sinensis_15wks,FALSE
4287,-1.6483083217103953,19.238532412088734,-1.3229431696688265,0.20164199180581124,0.7739879246257811,-5.143924681637066,miscanthus_sacchariflorus_ssp_lutarioriparius_15wks vs miscanthus_sinensis_15wks,FALSE
2125,-1.10273554471134,20.775050381924856,-1.3227816248469146,0.2016946949864146,0.7739879246257811,-5.144116199752353,miscanthus_sacchariflorus_ssp_lutarioriparius_15wks vs miscanthus_sinensis_15wks,FALSE
3014,-2.189728127390307,21.552973106491223,-1.3195356553713529,0.2027559778169994,0.7756811261439335,-5.147960372554581,miscanthus_sacchariflorus_ssp_lutarioriparius_15wks vs miscanthus_sinensis_15wks,FALSE
2974,-1.09312878967933,17.724120486458002,-1.3137749610838014,0.20465027844312328,0.7796875096943898,-5.1547636443156435,miscanthus_sacchariflorus_ssp_lutarioriparius_15wks vs miscanthus_sinensis_15wks,FALSE
2374,-2.007561769417375,18.34238967587499,-1.3125656111695672,0.20504971278133835,0.7796875096943898,-5.156188761481784,miscanthus_sacchariflorus_ssp_lutarioriparius_15wks vs miscanthus_sinensis_15wks,FALSE
5364,-1.9477371862563295,19.05237146269482,-1.3068288198745586,0.20695285801124674,0.7845394708244536,-5.162934393822067,miscanthus_sacchariflorus_ssp_lutarioriparius_15wks vs miscanthus_sinensis_15wks,FALSE
1013,-1.2375669915475989,20.258529871168122,-1.3035804764900678,0.20803660429952125,0.7846261358908747,-5.1667431948254,miscanthus_sacchariflorus_ssp_lutarioriparius_15wks vs miscanthus_sinensis_15wks,FALSE
2031,-2.2241240703555114,19.272146226785726,-1.302190913376642,0.2085015609781686,0.7846261358908747,-5.168370124632789,miscanthus_sacchariflorus_ssp_lutarioriparius_15wks vs miscanthus_sinensis_15wks,FALSE
1719,-0.7146181252050994,17.56988736386785,-1.3011293448525594,0.20885731674793068,0.7846261358908747,-5.169612068276248,miscanthus_sacchariflorus_ssp_lutarioriparius_15wks vs miscanthus_sinensis_15wks,FALSE
3430,-1.1235139603990767,25.63190770302245,-1.2984821799451356,0.20974651239104422,0.7846275055885897,-5.172705386150398,miscanthus_sacchariflorus_ssp_lutarioriparius_15wks vs miscanthus_sinensis_15wks,FALSE
1941,-1.1811785657241636,25.23149256250412,-1.2973964147331645,0.21011208183227623,0.7846275055885897,-5.17397264367781,miscanthus_sacchariflorus_ssp_lutarioriparius_15wks vs miscanthus_sinensis_15wks,FALSE
2298,-2.3242942188847664,19.025974614035622,-1.29400335447578,0.21125771382038885,0.786557738063412,-5.1779272354597135,miscanthus_sacchariflorus_ssp_lutarioriparius_15wks vs miscanthus_sinensis_15wks,FALSE
4270,1.1294491262204183,18.788549640957964,1.2756817844212662,0.21752829515234856,0.7875248451566962,-5.199132795047406,miscanthus_sacchariflorus_ssp_lutarioriparius_15wks vs miscanthus_sinensis_15wks,FALSE
2601,-2.7117178774328465,18.987195707547155,-1.2733290703760343,0.2183438936177926,0.7875248451566962,-5.201837676250046,miscanthus_sacchariflorus_ssp_lutarioriparius_15wks vs miscanthus_sinensis_15wks,FALSE
4259,-2.6609381088471835,19.835252529826132,-1.2727375739348799,0.21854931657311572,0.7875248451566962,-5.202517058508827,miscanthus_sacchariflorus_ssp_lutarioriparius_15wks vs miscanthus_sinensis_15wks,FALSE
2069,-2.439119583868859,21.04202974009681,-1.2704082588119763,0.2193597321160269,0.7875248451566962,-5.205189916792223,miscanthus_sacchariflorus_ssp_lutarioriparius_15wks vs miscanthus_sinensis_15wks,FALSE
2072,-0.8662036301271456,22.658536832612914,-1.268226578491475,0.22012089539362104,0.7875248451566962,-5.207689672538546,miscanthus_sacchariflorus_ssp_lutarioriparius_15wks vs miscanthus_sinensis_15wks,FALSE
29,-2.032232475541633,22.058967591166212,-1.2666851550868483,0.2206599138387319,0.7875248451566962,-5.209453670220427,miscanthus_sacchariflorus_ssp_lutarioriparius_15wks vs miscanthus_sinensis_15wks,FALSE
1879,2.1937027308968275,19.13150327208442,1.2660351445185114,0.2208875216452736,0.7875248451566962,-5.210197003857261,miscanthus_sacchariflorus_ssp_lutarioriparius_15wks vs miscanthus_sinensis_15wks,FALSE
1513,-2.5355804281770524,18.84666961776128,-1.261274432998467,0.22256008137567018,0.7875248451566962,-5.215631527143663,miscanthus_sacchariflorus_ssp_lutarioriparius_15wks vs miscanthus_sinensis_15wks,FALSE
147,-2.635656577038766,19.039559929968952,-1.258811110097239,0.22342934823354835,0.7875248451566962,-5.218436796209394,miscanthus_sacchariflorus_ssp_lutarioriparius_15wks vs miscanthus_sinensis_15wks,FALSE
2895,1.5310432785342414,24.65508763158993,1.2570039052964304,0.22406874915067912,0.7875248451566962,-5.220491957541194,miscanthus_sacchariflorus_ssp_lutarioriparius_15wks vs miscanthus_sinensis_15wks,FALSE
5706,-1.541723038519038,18.61978367842885,-1.2552661027928864,0.224684927627738,0.7875248451566962,-5.222465868969287,miscanthus_sacchariflorus_ssp_lutarioriparius_15wks vs miscanthus_sinensis_15wks,FALSE
2231,-2.7350518819232725,20.86626101688692,-1.2537280432288205,0.22523137343380056,0.7875248451566962,-5.224210995964268,miscanthus_sacchariflorus_ssp_lutarioriparius_15wks vs miscanthus_sinensis_15wks,FALSE
966,-2.025916633199728,18.713355380679953,-1.252266204702354,0.22575168950279279,0.7875248451566962,-5.225867982801808,miscanthus_sacchariflorus_ssp_lutarioriparius_15wks vs miscanthus_sinensis_15wks,FALSE
1597,-2.3579373980127585,18.988005098334696,-1.247289281284873,0.22753009299955554,0.7875248451566962,-5.231497175350822,miscanthus_sacchariflorus_ssp_lutarioriparius_15wks vs miscanthus_sinensis_15wks,FALSE
22,-0.6875713907465624,27.30307356731237,-1.2460714901111987,0.22796688547934635,0.7875248451566962,-5.232871711003044,miscanthus_sacchariflorus_ssp_lutarioriparius_15wks vs miscanthus_sinensis_15wks,FALSE
4051,1.8937513483018975,17.78546953844717,1.2366539158711616,0.2313665684437871,0.7875248451566962,-5.243463417436532,miscanthus_sacchariflorus_ssp_lutarioriparius_15wks vs miscanthus_sinensis_15wks,FALSE
397,1.5309338826138692,17.31704831002338,1.236591476578278,0.23138923784570056,0.7875248451566962,-5.243533416273582,miscanthus_sacchariflorus_ssp_lutarioriparius_15wks vs miscanthus_sinensis_15wks,FALSE
2632,-1.8215223310250863,18.332113658255267,-1.235852426252399,0.23165768927639213,0.7875248451566962,-5.244361718120019,miscanthus_sacchariflorus_ssp_lutarioriparius_15wks vs miscanthus_sinensis_15wks,FALSE
2088,-0.9591639270957124,17.41717113941944,-1.2351626005059857,0.2319084760722359,0.7875248451566962,-5.245134475411373,miscanthus_sacchariflorus_ssp_lutarioriparius_15wks vs miscanthus_sinensis_15wks,FALSE
1752,-2.0987207234194862,19.191194815475427,-1.2309001299536575,0.23346272342604923,0.7875248451566962,-5.249901339446057,miscanthus_sacchariflorus_ssp_lutarioriparius_15wks vs miscanthus_sinensis_15wks,FALSE
5338,-0.814961445590324,16.485370547137837,-1.2305149024662894,0.23360358337923898,0.7875248451566962,-5.250331469423988,miscanthus_sacchariflorus_ssp_lutarioriparius_15wks vs miscanthus_sinensis_15wks,FALSE
747,2.325231450907882,20.072589595028184,1.22963412891763,0.23392588632204547,0.7875248451566962,-5.251314481186443,miscanthus_sacchariflorus_ssp_lutarioriparius_15wks vs miscanthus_sinensis_15wks,FALSE
172,-0.646315777586814,25.918745414844988,-1.2275165177856997,0.2347021810011823,0.7875248451566962,-5.253675475218641,miscanthus_sacchariflorus_ssp_lutarioriparius_15wks vs miscanthus_sinensis_15wks,FALSE
4581,0.8276996406532717,22.76934566102202,1.2266514372661763,0.23501987744317773,0.7875248451566962,-5.254638995985552,miscanthus_sacchariflorus_ssp_lutarioriparius_15wks vs miscanthus_sinensis_15wks,FALSE
889,2.0635945139409095,25.351161879378772,1.2252073628433309,0.2355509394204508,0.7875248451566962,-5.256246121372734,miscanthus_sacchariflorus_ssp_lutarioriparius_15wks vs miscanthus_sinensis_15wks,FALSE
2777,-2.6646034316015417,21.66455757151403,-1.2213960841827443,0.2369569537361189,0.7875248451566962,-5.26048006902373,miscanthus_sacchariflorus_ssp_lutarioriparius_15wks vs miscanthus_sinensis_15wks,FALSE
2393,2.0249338731156925,17.87491339439624,1.2172483484430743,0.23849436483620193,0.7875248451566962,-5.265075139165347,miscanthus_sacchariflorus_ssp_lutarioriparius_15wks vs miscanthus_sinensis_15wks,FALSE
4968,1.2207373912774315,17.365619242556242,1.2166786556004088,0.23870612181293327,0.7875248451566962,-5.26570524270053,miscanthus_sacchariflorus_ssp_lutarioriparius_15wks vs miscanthus_sinensis_15wks,FALSE
1146,1.3840128933262115,17.619152045626528,1.21498906124681,0.2393349936636949,0.7875248451566962,-5.267572537548366,miscanthus_sacchariflorus_ssp_lutarioriparius_15wks vs miscanthus_sinensis_15wks,FALSE
2291,-1.4854797320640216,18.21240456198917,-1.2133859425591225,0.2399328458298757,0.7875248451566962,-5.269342234242107,miscanthus_sacchariflorus_ssp_lutarioriparius_15wks vs miscanthus_sinensis_15wks,FALSE
3032,-2.829495762228259,19.7724016410247,-1.2130347725820523,0.24006395968210367,0.7875248451566962,-5.269729630103317,miscanthus_sacchariflorus_ssp_lutarioriparius_15wks vs miscanthus_sinensis_15wks,FALSE
5244,-1.7138226030045267,20.779227800096315,-1.2097846878507197,0.2412800116999808,0.7875248451566962,-5.273310484938167,miscanthus_sacchariflorus_ssp_lutarioriparius_15wks vs miscanthus_sinensis_15wks,FALSE
3351,-2.4072710309064718,19.489162407800325,-1.2096408535662149,0.24133393687252366,0.7875248451566962,-5.273468769808101,miscanthus_sacchariflorus_ssp_lutarioriparius_15wks vs miscanthus_sinensis_15wks,FALSE
1633,-1.7234874760198586,18.842158021305373,-1.209400389069182,0.2414241103330316,0.7875248451566962,-5.273733357455291,miscanthus_sacchariflorus_ssp_lutarioriparius_15wks vs miscanthus_sinensis_15wks,FALSE
3550,-0.7684644494511765,17.28730762634351,-1.2074680202833223,0.24214967364186496,0.7875248451566962,-5.275857962663755,miscanthus_sacchariflorus_ssp_lutarioriparius_15wks vs miscanthus_sinensis_15wks,FALSE
1401,-0.5794793907314322,19.43024442118329,-1.2062310565485626,0.24261499677046766,0.7875248451566962,-5.27721647202629,miscanthus_sacchariflorus_ssp_lutarioriparius_15wks vs miscanthus_sinensis_15wks,FALSE
2152,-2.8072045718780423,22.2132241627969,-1.2052742742059155,0.24297538666619806,0.7875248451566962,-5.278266459943862,miscanthus_sacchariflorus_ssp_lutarioriparius_15wks vs miscanthus_sinensis_15wks,FALSE
20,-0.6923138749084252,21.99443040003649,-1.2047494346107976,0.24317324995115694,0.7875248451566962,-5.278842127274357,miscanthus_sacchariflorus_ssp_lutarioriparius_15wks vs miscanthus_sinensis_15wks,FALSE
199,-2.2907565085722865,18.82607903695398,-1.204290269612116,0.24334645442792913,0.7875248451566962,-5.279345585524455,miscanthus_sacchariflorus_ssp_lutarioriparius_15wks vs miscanthus_sinensis_15wks,FALSE
2919,1.99045671204523,18.11607495543068,1.203810292240371,0.24352760981701652,0.7875248451566962,-5.279871689908444,miscanthus_sacchariflorus_ssp_lutarioriparius_15wks vs miscanthus_sinensis_15wks,FALSE
332,-0.7293031517200426,26.49096400050402,-1.203287950221953,0.24372487102216095,0.7875248451566962,-5.280444028266254,miscanthus_sacchariflorus_ssp_lutarioriparius_15wks vs miscanthus_sinensis_15wks,FALSE
228,-3.7201851377529387,20.507085048364512,-1.2017682380747614,0.24429947655478962,0.7875248451566962,-5.282108002876235,miscanthus_sacchariflorus_ssp_lutarioriparius_15wks vs miscanthus_sinensis_15wks,FALSE
5099,-1.4522934916344141,18.03676728604901,-1.201752130159561,0.24430557248407447,0.7875248451566962,-5.282125630323706,miscanthus_sacchariflorus_ssp_lutarioriparius_15wks vs miscanthus_sinensis_15wks,FALSE
3315,-2.173135665824045,20.34972580716793,-1.2008484539760094,0.24464774740485115,0.7875248451566962,-5.283114233327857,miscanthus_sacchariflorus_ssp_lutarioriparius_15wks vs miscanthus_sinensis_15wks,FALSE
4953,1.4565351795250976,19.260735999986057,1.1991587294608068,0.24528853298458664,0.7875248451566962,-5.2849610638042614,miscanthus_sacchariflorus_ssp_lutarioriparius_15wks vs miscanthus_sinensis_15wks,FALSE
375,0.884406551248496,24.906278621277828,1.1976336394343485,0.24586797690619933,0.7875248451566962,-5.286626057177302,miscanthus_sacchariflorus_ssp_lutarioriparius_15wks vs miscanthus_sinensis_15wks,FALSE
4707,1.4388730234092861,19.285285302885736,1.1949283954748482,0.2468983602632282,0.7875248451566962,-5.289575037733116,miscanthus_sacchariflorus_ssp_lutarioriparius_15wks vs miscanthus_sinensis_15wks,FALSE
5579,-1.4932234247906777,18.04360174093831,-1.1923358536466662,0.24788888174253654,0.7875248451566962,-5.292395843293121,miscanthus_sacchariflorus_ssp_lutarioriparius_15wks vs miscanthus_sinensis_15wks,FALSE
4099,-0.5767896615915298,16.24620713768953,-1.1891083212803335,0.2491262079501775,0.7875248451566962,-5.295900265542142,miscanthus_sacchariflorus_ssp_lutarioriparius_15wks vs miscanthus_sinensis_15wks,FALSE
4211,-1.0866922504692802,22.293693659516727,-1.1882459003596504,0.24945761961288265,0.7875248451566962,-5.296835304841827,miscanthus_sacchariflorus_ssp_lutarioriparius_15wks vs miscanthus_sinensis_15wks,FALSE
72,-4.098075637691171,20.697081631131887,-1.1882026457321508,0.24947425029467513,0.7875248451566962,-5.2968821864269415,miscanthus_sacchariflorus_ssp_lutarioriparius_15wks vs miscanthus_sinensis_15wks,FALSE
1345,1.1557835670926693,17.181823394504853,1.1867062207949244,0.2500501164257198,0.7875248451566962,-5.298503193766345,miscanthus_sacchariflorus_ssp_lutarioriparius_15wks vs miscanthus_sinensis_15wks,FALSE
77,2.1840513580940737,25.13367018740581,1.186024281301259,0.2503128784279929,0.7875248451566962,-5.299241329918027,miscanthus_sacchariflorus_ssp_lutarioriparius_15wks vs miscanthus_sinensis_15wks,FALSE
4567,1.477022895240868,18.213169822443525,1.1853632656625421,0.250567776995422,0.7875248451566962,-5.299956472948919,miscanthus_sacchariflorus_ssp_lutarioriparius_15wks vs miscanthus_sinensis_15wks,FALSE
5845,-1.1687232835608548,18.24725456129836,-1.182904547029012,0.25151761879461526,0.7875248451566962,-5.302613541723843,miscanthus_sacchariflorus_ssp_lutarioriparius_15wks vs miscanthus_sinensis_15wks,FALSE
1916,-0.8729236530519593,24.437459154512165,-1.1782395327042816,0.2533272441796959,0.7875248451566962,-5.307641957901226,miscanthus_sacchariflorus_ssp_lutarioriparius_15wks vs miscanthus_sinensis_15wks,FALSE
57,-0.885683512412097,28.330172360380548,-1.177357422682807,0.25367052639557036,0.7875248451566962,-5.308590877193468,miscanthus_sacchariflorus_ssp_lutarioriparius_15wks vs miscanthus_sinensis_15wks,FALSE
1368,-0.9496416304742148,16.979814489745827,-1.177064484633141,0.2537846036481221,0.7875248451566962,-5.308905867568345,miscanthus_sacchariflorus_ssp_lutarioriparius_15wks vs miscanthus_sinensis_15wks,FALSE
368,-1.0304292786237603,26.15541328818434,-1.1738355059908914,0.255044605354972,0.7875248451566962,-5.312373486094955,miscanthus_sacchariflorus_ssp_lutarioriparius_15wks vs miscanthus_sinensis_15wks,FALSE
611,0.967072913784083,16.815031468640278,1.173342107609269,0.25523755109370133,0.7875248451566962,-5.312902632455549,miscanthus_sacchariflorus_ssp_lutarioriparius_15wks vs miscanthus_sinensis_15wks,FALSE
5827,-2.3059808379830002,21.644427243729712,-1.1732583705533226,0.25527030774382076,0.7875248451566962,-5.312992417600771,miscanthus_sacchariflorus_ssp_lutarioriparius_15wks vs miscanthus_sinensis_15wks,FALSE
3088,-2.1780621599935586,19.142515266289422,-1.1714929172429727,0.2559616614281461,0.7875248451566962,-5.314884109109037,miscanthus_sacchariflorus_ssp_lutarioriparius_15wks vs miscanthus_sinensis_15wks,FALSE
3853,-0.7969435149827699,16.675313966365646,-1.1693112341461258,0.2568179522694041,0.7875248451566962,-5.31721842661261,miscanthus_sacchariflorus_ssp_lutarioriparius_15wks vs miscanthus_sinensis_15wks,FALSE
1060,1.3094182594666783,17.036068623760418,1.1687819977322655,0.25702599635707657,0.7875248451566962,-5.317784128184704,miscanthus_sacchariflorus_ssp_lutarioriparius_15wks vs miscanthus_sinensis_15wks,FALSE
168,-2.4242425751657883,19.46608202200987,-1.168252137283384,0.2572344123796776,0.7875248451566962,-5.3183502772052,miscanthus_sacchariflorus_ssp_lutarioriparius_15wks vs miscanthus_sinensis_15wks,FALSE
2425,1.5558381995964545,17.58461947978974,1.1669853618505874,0.25773320124676974,0.7875248451566962,-5.319702919503012,miscanthus_sacchariflorus_ssp_lutarioriparius_15wks vs miscanthus_sinensis_15wks,FALSE
1860,1.7592896584771935,18.09844479231874,1.1667684169026724,0.2578186953160657,0.7875248451566962,-5.31993444378266,miscanthus_sacchariflorus_ssp_lutarioriparius_15wks vs miscanthus_sinensis_15wks,FALSE
5362,-1.0581398331087044,18.255152568078792,-1.166659296576743,0.2578617056923536,0.7875248451566962,-5.320050883378816,miscanthus_sacchariflorus_ssp_lutarioriparius_15wks vs miscanthus_sinensis_15wks,FALSE
4902,1.3259865278747966,17.567970082761484,1.1654275523845035,0.2583475774874727,0.7875248451566962,-5.32136460019262,miscanthus_sacchariflorus_ssp_lutarioriparius_15wks vs miscanthus_sinensis_15wks,FALSE
4204,-1.7425832373058086,18.595855493609513,-1.1630777121577738,0.259276393526486,0.7875248451566962,-5.323867524366965,miscanthus_sacchariflorus_ssp_lutarioriparius_15wks vs miscanthus_sinensis_15wks,FALSE
2614,-1.1600101188557481,22.82876234495774,-1.1630476167807189,0.25928830545211534,0.7875248451566962,-5.3238995522728505,miscanthus_sacchariflorus_ssp_lutarioriparius_15wks vs miscanthus_sinensis_15wks,FALSE
2872,-2.4012234626390168,22.249824658648738,-1.1620910226203978,0.25966714449057515,0.7875248451566962,-5.324917202468093,miscanthus_sacchariflorus_ssp_lutarioriparius_15wks vs miscanthus_sinensis_15wks,FALSE
942,-0.9594399917615384,22.198336803191992,-1.161400726367255,0.2599407790353413,0.7875248451566962,-5.325651111907071,miscanthus_sacchariflorus_ssp_lutarioriparius_15wks vs miscanthus_sinensis_15wks,FALSE
2644,-0.8999370379936309,17.324445798885932,-1.1605288629291286,0.2602866953476276,0.7875248451566962,-5.326577525522031,miscanthus_sacchariflorus_ssp_lutarioriparius_15wks vs miscanthus_sinensis_15wks,FALSE
5489,1.6500839296887477,17.855762185892857,1.1600283322445204,0.2604854389823084,0.7875248451566962,-5.327109103433633,miscanthus_sacchariflorus_ssp_lutarioriparius_15wks vs miscanthus_sinensis_15wks,FALSE
888,-0.9372178158244111,17.21236556594716,-1.1598204185148757,0.26056802777276683,0.7875248451566962,-5.327329855933285,miscanthus_sacchariflorus_ssp_lutarioriparius_15wks vs miscanthus_sinensis_15wks,FALSE
6064,-1.7812262750618757,19.663952738735848,-1.1537441406819857,0.2629903384367702,0.7875248451566962,-5.3337663414489604,miscanthus_sacchariflorus_ssp_lutarioriparius_15wks vs miscanthus_sinensis_15wks,FALSE
1226,1.3609483589097273,17.21969068792607,1.153383400009011,0.2631346745550619,0.7875248451566962,-5.334147553883805,miscanthus_sacchariflorus_ssp_lutarioriparius_15wks vs miscanthus_sinensis_15wks,FALSE
2233,-1.6889456976999604,20.763521386314327,-1.1525476210108476,0.2634693055167614,0.7875248451566962,-5.335030369023093,miscanthus_sacchariflorus_ssp_lutarioriparius_15wks vs miscanthus_sinensis_15wks,FALSE
6197,-0.7558776651112655,16.5943112396315,-1.1518899280612402,0.26373285706417254,0.7875248451566962,-5.33572468896932,miscanthus_sacchariflorus_ssp_lutarioriparius_15wks vs miscanthus_sinensis_15wks,FALSE
5886,0.7937052806103146,16.824240712440094,1.1515159815971383,0.2638827929878531,0.7875248451566962,-5.336119308609951,miscanthus_sacchariflorus_ssp_lutarioriparius_15wks vs miscanthus_sinensis_15wks,FALSE
4305,1.8648860825256897,18.586303349315365,1.1506573201432542,0.2642273185546549,0.7875248451566962,-5.337025023152017,miscanthus_sacchariflorus_ssp_lutarioriparius_15wks vs miscanthus_sinensis_15wks,FALSE
2491,-2.4299087744333256,18.64352080487851,-1.1484168236691055,0.2651278638054975,0.7875248451566962,-5.339385557990398,miscanthus_sacchariflorus_ssp_lutarioriparius_15wks vs miscanthus_sinensis_15wks,FALSE
4120,-2.437633933292034,19.120012569064894,-1.146944959229071,0.265720707722045,0.7875248451566962,-5.340934125153464,miscanthus_sacchariflorus_ssp_lutarioriparius_15wks vs miscanthus_sinensis_15wks,FALSE
2383,-1.8788988086982066,18.584047760472554,-1.1467378749497832,0.2658041971322714,0.7875248451566962,-5.3411518639524225,miscanthus_sacchariflorus_ssp_lutarioriparius_15wks vs miscanthus_sinensis_15wks,FALSE
4283,-1.1904129424633076,23.932024353433473,-1.144711856759502,0.2666220493661498,0.7875248451566962,-5.343280335092812,miscanthus_sacchariflorus_ssp_lutarioriparius_15wks vs miscanthus_sinensis_15wks,FALSE
2477,-0.7522546873827451,17.214469546830973,-1.1440115467857714,0.26690518154638326,0.7875248451566962,-5.344015304788884,miscanthus_sacchariflorus_ssp_lutarioriparius_15wks vs miscanthus_sinensis_15wks,FALSE
4873,0.7925159100144157,17.09496168022302,1.143987529572657,0.2669148955607028,0.7875248451566962,-5.344040503788882,miscanthus_sacchariflorus_ssp_lutarioriparius_15wks vs miscanthus_sinensis_15wks,FALSE
3211,-0.5554833153452492,20.482393954237253,-1.138138943960118,0.2692882477148029,0.7898654251322982,-5.350163293990978,miscanthus_sacchariflorus_ssp_lutarioriparius_15wks vs miscanthus_sinensis_15wks,FALSE
404,-2.1711361961983577,20.609500097833973,-1.1360437623576864,0.27014226902276767,0.7898654251322982,-5.352350118626311,miscanthus_sacchariflorus_ssp_lutarioriparius_15wks vs miscanthus_sinensis_15wks,FALSE
107,-1.8089867924378353,18.804356845008606,-1.1352936584056026,0.2704485079782792,0.7898654251322982,-5.353132186406447,miscanthus_sacchariflorus_ssp_lutarioriparius_15wks vs miscanthus_sinensis_15wks,FALSE
1531,1.1735276556327108,17.986504852694576,1.1329891139898813,0.27139097496733117,0.7898654251322982,-5.3555321422206115,miscanthus_sacchariflorus_ssp_lutarioriparius_15wks vs miscanthus_sinensis_15wks,FALSE
1,0.7020362634462387,23.473350319804034,1.1324101441276155,0.2716281323588771,0.7898654251322982,-5.356134420032192,miscanthus_sacchariflorus_ssp_lutarioriparius_15wks vs miscanthus_sinensis_15wks,FALSE
1049,-0.8454613821381436,18.325654574087622,-1.1310941739537441,0.2721677500048016,0.7898654251322982,-5.3575023783458,miscanthus_sacchariflorus_ssp_lutarioriparius_15wks vs miscanthus_sinensis_15wks,FALSE
3236,2.0310029380030485,20.46569474793301,1.1308254814478587,0.27227802563340725,0.7898654251322982,-5.357781516667872,miscanthus_sacchariflorus_ssp_lutarioriparius_15wks vs miscanthus_sinensis_15wks,FALSE
4621,-1.7165333253954813,18.35650355717104,-1.1285402920514118,0.2732172393743778,0.7898654251322982,-5.360153228166654,miscanthus_sacchariflorus_ssp_lutarioriparius_15wks vs miscanthus_sinensis_15wks,FALSE
1933,-0.6638358591835605,21.622835154065328,-1.1271017310456943,0.2738097154364989,0.7898654251322982,-5.36164412741677,miscanthus_sacchariflorus_ssp_lutarioriparius_15wks vs miscanthus_sinensis_15wks,FALSE
2363,2.3262381611686607,18.016520726056562,1.1251472183548594,0.27461620780043267,0.7898654251322982,-5.363667112633258,miscanthus_sacchariflorus_ssp_lutarioriparius_15wks vs miscanthus_sinensis_15wks,FALSE
2096,-2.310099305820664,22.596259601726846,-1.118203779578914,0.2774954611353855,0.7898654251322982,-5.370829200246135,miscanthus_sacchariflorus_ssp_lutarioriparius_15wks vs miscanthus_sinensis_15wks,FALSE
14,0.8306034733065957,26.485434979185392,1.1164470625656466,0.2782274343163185,0.7898654251322982,-5.372635142327804,miscanthus_sacchariflorus_ssp_lutarioriparius_15wks vs miscanthus_sinensis_15wks,FALSE
2155,-1.4082252593943068,19.921576222103756,-1.1128254841441896,0.2797409215815496,0.7898654251322982,-5.376350422944526,miscanthus_sacchariflorus_ssp_lutarioriparius_15wks vs miscanthus_sinensis_15wks,FALSE
5474,-1.1959739385872403,18.03150710452611,-1.1102285137986752,0.2808299344921277,0.7898654251322982,-5.379008130005596,miscanthus_sacchariflorus_ssp_lutarioriparius_15wks vs miscanthus_sinensis_15wks,FALSE
244,-2.199822487284351,19.02863498205535,-1.108768815477617,0.2814434083025354,0.7898654251322982,-5.380499597754953,miscanthus_sacchariflorus_ssp_lutarioriparius_15wks vs miscanthus_sinensis_15wks,FALSE
5693,0.639021755544551,17.546265249742408,1.1083008916839174,0.2816402725916905,0.7898654251322982,-5.380977344517473,miscanthus_sacchariflorus_ssp_lutarioriparius_15wks vs miscanthus_sinensis_15wks,FALSE
4258,0.8970386041660134,20.98619071117697,1.1068970906971138,0.2822314837627223,0.7898654251322982,-5.382409562681511,miscanthus_sacchariflorus_ssp_lutarioriparius_15wks vs miscanthus_sinensis_15wks,FALSE
4166,-0.7521761624379089,26.116198201329304,-1.1054596378814001,0.28283780943987524,0.7898654251322982,-5.383874477468232,miscanthus_sacchariflorus_ssp_lutarioriparius_15wks vs miscanthus_sinensis_15wks,FALSE
5624,-1.7057924452897844,18.348271027902218,-1.1053532448385546,0.2828827245204577,0.7898654251322982,-5.3839828372717395,miscanthus_sacchariflorus_ssp_lutarioriparius_15wks vs miscanthus_sinensis_15wks,FALSE
2891,-2.351075401447183,19.392687416744156,-1.1049585553417576,0.2830493929958409,0.7898654251322982,-5.3843847436300045,miscanthus_sacchariflorus_ssp_lutarioriparius_15wks vs miscanthus_sinensis_15wks,FALSE
1650,-0.65646615598979,16.956100195668263,-1.1042605493309272,0.28334432122460174,0.7898654251322982,-5.385095206788969,miscanthus_sacchariflorus_ssp_lutarioriparius_15wks vs miscanthus_sinensis_15wks,FALSE
5922,-1.7136320160252403,18.73682042047853,-1.104107693148228,0.2834089375131753,0.7898654251322982,-5.385250738800904,miscanthus_sacchariflorus_ssp_lutarioriparius_15wks vs miscanthus_sinensis_15wks,FALSE
2342,2.312542744550772,19.97838521525196,1.103319683146496,0.2837422210217354,0.7898654251322982,-5.386052245944075,miscanthus_sacchariflorus_ssp_lutarioriparius_15wks vs miscanthus_sinensis_15wks,FALSE
5176,-1.6634663747865872,18.41189124027502,-1.1023328793245923,0.2841599874369622,0.7898654251322982,-5.387055249188496,miscanthus_sacchariflorus_ssp_lutarioriparius_15wks vs miscanthus_sinensis_15wks,FALSE
962,1.4269238551400356,17.264512882338362,1.101336908889657,0.28458209067442103,0.7898654251322982,-5.388066776939639,miscanthus_sacchariflorus_ssp_lutarioriparius_15wks vs miscanthus_sinensis_15wks,FALSE
137,-0.6603562918161145,25.094655794986576,-1.099794072828207,0.2852368665826473,0.7898654251322982,-5.389632139730306,miscanthus_sacchariflorus_ssp_lutarioriparius_15wks vs miscanthus_sinensis_15wks,FALSE
5234,0.6541809649861534,17.210525586201264,1.0982111637006942,0.2859097930185681,0.7898654251322982,-5.391236173009446,miscanthus_sacchariflorus_ssp_lutarioriparius_15wks vs miscanthus_sinensis_15wks,FALSE
247,2.645557669138288,20.254470730334784,1.098167421951689,0.2859284049648979,0.7898654251322982,-5.39128046990299,miscanthus_sacchariflorus_ssp_lutarioriparius_15wks vs miscanthus_sinensis_15wks,FALSE
383,-2.5648068212408326,19.83224701540316,-1.095742941107923,0.28696139637580154,0.7898654251322982,-5.3937333146626445,miscanthus_sacchariflorus_ssp_lutarioriparius_15wks vs miscanthus_sinensis_15wks,FALSE
2026,1.5819593344940799,17.734477841178776,1.0949036935451775,0.2873196058497519,0.7898654251322982,-5.394581278750798,miscanthus_sacchariflorus_ssp_lutarioriparius_15wks vs miscanthus_sinensis_15wks,FALSE
4175,-1.7405583759292362,20.59627236802944,-1.094092636609227,0.28766609274248583,0.7898654251322982,-5.395400220739046,miscanthus_sacchariflorus_ssp_lutarioriparius_15wks vs miscanthus_sinensis_15wks,FALSE
3140,-1.6512334037004095,18.884695636739508,-1.0933808788599906,0.28797040953609127,0.7898654251322982,-5.3961184618221125,miscanthus_sacchariflorus_ssp_lutarioriparius_15wks vs miscanthus_sinensis_15wks,FALSE
5009,0.800735166356823,17.21507141239559,1.092040897355398,0.28854396425696266,0.7898654251322982,-5.397469541916144,miscanthus_sacchariflorus_ssp_lutarioriparius_15wks vs miscanthus_sinensis_15wks,FALSE
5867,-2.285005756645557,20.818209761077835,-1.0904940715766176,0.289207089298085,0.7899521150914941,-5.399027380440585,miscanthus_sacchariflorus_ssp_lutarioriparius_15wks vs miscanthus_sinensis_15wks,FALSE
4129,-0.6342048474015769,18.975008127907792,-1.0876632625736473,0.2904235307424161,0.791546485748938,-5.401873347398195,miscanthus_sacchariflorus_ssp_lutarioriparius_15wks vs miscanthus_sinensis_15wks,FALSE
4901,1.6576985670787217,19.493886148576,1.0833534616094114,0.29228265545881094,0.7942707506993216,-5.406193805156419,miscanthus_sacchariflorus_ssp_lutarioriparius_15wks vs miscanthus_sinensis_15wks,FALSE
3422,0.8606323470901671,17.014982933568135,1.082405124063408,0.29269289853907854,0.7942707506993216,-5.407142473115898,miscanthus_sacchariflorus_ssp_lutarioriparius_15wks vs miscanthus_sinensis_15wks,FALSE
2829,0.7595670822575222,17.61779394098832,1.074066935683541,0.29631792466556905,0.8019589602764186,-5.415452232329977,miscanthus_sacchariflorus_ssp_lutarioriparius_15wks vs miscanthus_sinensis_15wks,FALSE
1085,1.9379573743135623,18.893986197197155,1.0726690085861794,0.2969288388604978,0.8019589602764186,-5.416839878421075,miscanthus_sacchariflorus_ssp_lutarioriparius_15wks vs miscanthus_sinensis_15wks,FALSE
6025,-1.4459538388876467,18.588613004444998,-1.0713663090540553,0.2974989562447226,0.8019589602764186,-5.418131569904982,miscanthus_sacchariflorus_ssp_lutarioriparius_15wks vs miscanthus_sinensis_15wks,FALSE
4693,-1.4398525206709216,17.9939168242783,-1.0700171008919883,0.2980902610140165,0.8019589602764186,-5.419467924624774,miscanthus_sacchariflorus_ssp_lutarioriparius_15wks vs miscanthus_sinensis_15wks,FALSE
3463,-0.5375369575443862,17.984258491253083,-1.0658848108933399,0.2999065584713094,0.8036169699823271,-5.423551645578945,miscanthus_sacchariflorus_ssp_lutarioriparius_15wks vs miscanthus_sinensis_15wks,FALSE
4237,1.7832939007408903,18.188556358909914,1.065014171446323,0.3002902527384982,0.8036169699823271,-5.424410281037746,miscanthus_sacchariflorus_ssp_lutarioriparius_15wks vs miscanthus_sinensis_15wks,FALSE
285,-1.5583190695834368,18.286634685382822,-1.0623295077786719,0.301475620960081,0.8036169699823271,-5.42705404562351,miscanthus_sacchariflorus_ssp_lutarioriparius_15wks vs miscanthus_sinensis_15wks,FALSE
5076,1.484315066602683,19.83853830031964,1.0612029039002735,0.3019740558581682,0.8036169699823271,-5.4281617381533325,miscanthus_sacchariflorus_ssp_lutarioriparius_15wks vs miscanthus_sinensis_15wks,FALSE
241,-0.7615005100861119,22.112353329285874,-1.0547848849767494,0.30482483813672584,0.8036169699823271,-5.434452283646239,miscanthus_sacchariflorus_ssp_lutarioriparius_15wks vs miscanthus_sinensis_15wks,FALSE
164,0.8506791624336749,17.11914978649191,1.0547540440277572,0.3048385836625841,0.8036169699823271,-5.434482430886206,miscanthus_sacchariflorus_ssp_lutarioriparius_15wks vs miscanthus_sinensis_15wks,FALSE
2782,-1.4338752461359228,18.190955204993088,-1.0533165880491504,0.30547973786290755,0.8036169699823271,-5.435886692009525,miscanthus_sacchariflorus_ssp_lutarioriparius_15wks vs miscanthus_sinensis_15wks,FALSE
5137,1.4065485662365909,17.582015109913968,1.0521338258063502,0.3060080145539898,0.8036169699823271,-5.43704087488993,miscanthus_sacchariflorus_ssp_lutarioriparius_15wks vs miscanthus_sinensis_15wks,FALSE
1910,0.5373653240830478,16.819545534678188,1.0508870123024816,0.30656560792049303,0.8036169699823271,-5.438256323230409,miscanthus_sacchariflorus_ssp_lutarioriparius_15wks vs miscanthus_sinensis_15wks,FALSE
3790,-0.5550550995912573,29.17447221586771,-1.050155512950719,0.30689308369771134,0.8036169699823271,-5.438968829097254,miscanthus_sacchariflorus_ssp_lutarioriparius_15wks vs miscanthus_sinensis_15wks,FALSE
384,1.5446801414143678,17.938957004599683,1.0479388834295869,0.30788694775391207,0.8036169699823271,-5.4411252302326005,miscanthus_sacchariflorus_ssp_lutarioriparius_15wks vs miscanthus_sinensis_15wks,FALSE
3729,-0.9043848829926908,24.764177433722136,-1.0475979153277144,0.30804003075856884,0.8036169699823271,-5.4414565769592524,miscanthus_sacchariflorus_ssp_lutarioriparius_15wks vs miscanthus_sinensis_15wks,FALSE
755,-0.758093714966595,16.713748798868913,-1.0474861892726817,0.3080902037705251,0.8036169699823271,-5.441565129644288,miscanthus_sacchariflorus_ssp_lutarioriparius_15wks vs miscanthus_sinensis_15wks,FALSE
675,1.4446604415637765,17.694158178610675,1.046799495879053,0.3083987066925362,0.8036169699823271,-5.442232094322258,miscanthus_sacchariflorus_ssp_lutarioriparius_15wks vs miscanthus_sinensis_15wks,FALSE
509,-2.4835457238211944,22.182295998397517,-1.0409181661018387,0.31104999064316696,0.8036169699823271,-5.447928625649558,miscanthus_sacchariflorus_ssp_lutarioriparius_15wks vs miscanthus_sinensis_15wks,FALSE
234,-1.0765340100419643,27.245958208492258,-1.0398977798111713,0.3115116273313351,0.8036169699823271,-5.448914062054168,miscanthus_sacchariflorus_ssp_lutarioriparius_15wks vs miscanthus_sinensis_15wks,FALSE
389,-1.579158170197445,20.30220861804182,-1.0398645340635397,0.311526676371609,0.8036169699823271,-5.44894615470392,miscanthus_sacchariflorus_ssp_lutarioriparius_15wks vs miscanthus_sinensis_15wks,FALSE
311,-1.5873667433641856,19.295460455167742,-1.0395485850953565,0.3116697198841725,0.8036169699823271,-5.449251099985843,miscanthus_sacchariflorus_ssp_lutarioriparius_15wks vs miscanthus_sinensis_15wks,FALSE
4472,-0.6699922799286426,16.636962499724657,-1.0388093024181602,0.31200460741362845,0.8036169699823271,-5.449964315078421,miscanthus_sacchariflorus_ssp_lutarioriparius_15wks vs miscanthus_sinensis_15wks,FALSE
569,-0.5372659219127094,23.365169681445245,-1.036217578792317,0.31318065601442957,0.8036169699823271,-5.452461107018515,miscanthus_sacchariflorus_ssp_lutarioriparius_15wks vs miscanthus_sinensis_15wks,FALSE
1354,-0.7753660240583891,23.40176679080061,-1.0350675990450602,0.31370349243719536,0.8036169699823271,-5.453567196168317,miscanthus_sacchariflorus_ssp_lutarioriparius_15wks vs miscanthus_sinensis_15wks,FALSE
2712,1.8112685828394142,21.442555799652315,1.0342461046794402,0.31407736344596515,0.8036169699823271,-5.454356671147187,miscanthus_sacchariflorus_ssp_lutarioriparius_15wks vs miscanthus_sinensis_15wks,FALSE
1335,-1.7642583299917298,19.073179047873595,-1.0326819874839308,0.3147900856863573,0.8036169699823271,-5.455858288921878,miscanthus_sacchariflorus_ssp_lutarioriparius_15wks vs miscanthus_sinensis_15wks,FALSE
655,1.4625890747461803,19.897825129287362,1.0279811717207532,0.31693902206355096,0.8036169699823271,-5.460359144504004,miscanthus_sacchariflorus_ssp_lutarioriparius_15wks vs miscanthus_sinensis_15wks,FALSE
3275,-1.222154561515488,24.272245233963634,-1.0266573973622124,0.3175460465630301,0.8036169699823271,-5.461623323024554,miscanthus_sacchariflorus_ssp_lutarioriparius_15wks vs miscanthus_sinensis_15wks,FALSE
2250,1.2967088791294579,17.367832909291835,1.0265909281706591,0.3175765481072333,0.8036169699823271,-5.461686761695825,miscanthus_sacchariflorus_ssp_lutarioriparius_15wks vs miscanthus_sinensis_15wks,FALSE
1138,-1.2972027946065232,19.435487837289223,-1.0262240216215215,0.31774495243030126,0.8036169699823271,-5.462036874352312,miscanthus_sacchariflorus_ssp_lutarioriparius_15wks vs miscanthus_sinensis_15wks,FALSE
209,-2.3214437230863396,20.73949499228132,-1.0239560277841488,0.3187873298987918,0.8036169699823271,-5.464198593280417,miscanthus_sacchariflorus_ssp_lutarioriparius_15wks vs miscanthus_sinensis_15wks,FALSE
3675,-1.0868485404086705,18.86296783516889,-1.023379845680902,0.3190525301874325,0.8036169699823271,-5.464747100037392,miscanthus_sacchariflorus_ssp_lutarioriparius_15wks vs miscanthus_sinensis_15wks,FALSE
89,1.5106360760003383,19.565827720014685,1.0215264130154227,0.3199066711238934,0.8036169699823271,-5.466509648728171,miscanthus_sacchariflorus_ssp_lutarioriparius_15wks vs miscanthus_sinensis_15wks,FALSE
366,-0.5126056171971491,21.31507719130227,-1.0203532447050372,0.32044815189892173,0.8036169699823271,-5.467623823450235,miscanthus_sacchariflorus_ssp_lutarioriparius_15wks vs miscanthus_sinensis_15wks,FALSE
3265,-2.268444665539114,20.605967927581922,-1.018758671324988,0.32118517168920924,0.8036169699823271,-5.46913638858017,miscanthus_sacchariflorus_ssp_lutarioriparius_15wks vs miscanthus_sinensis_15wks,FALSE
1203,-0.5067825139065256,20.886605347941682,-1.017607779721079,0.3217178626376822,0.8036169699823271,-5.470226783824144,miscanthus_sacchariflorus_ssp_lutarioriparius_15wks vs miscanthus_sinensis_15wks,FALSE
2257,-1.6615918585204987,18.26360787884308,-1.0166767440261322,0.3221492490614526,0.8036169699823271,-5.471108078034615,miscanthus_sacchariflorus_ssp_lutarioriparius_15wks vs miscanthus_sinensis_15wks,FALSE
159,-2.0957003630622317,18.441899801751674,-1.0163003737812988,0.322323752345101,0.8036169699823271,-5.471464136732141,miscanthus_sacchariflorus_ssp_lutarioriparius_15wks vs miscanthus_sinensis_15wks,FALSE
2220,1.1850366368945586,17.339303921110133,1.0158087445977018,0.3225517955902738,0.8036169699823271,-5.4719290575922335,miscanthus_sacchariflorus_ssp_lutarioriparius_15wks vs miscanthus_sinensis_15wks,FALSE
2529,1.193843168898816,18.857726841054905,1.011214557444052,0.32468831730343994,0.8036169699823271,-5.476263984460141,miscanthus_sacchariflorus_ssp_lutarioriparius_15wks vs miscanthus_sinensis_15wks,FALSE
1599,0.9834152356466497,17.306382336926372,1.0074612543437165,0.32644116214395724,0.8036169699823271,-5.479792492876987,miscanthus_sacchariflorus_ssp_lutarioriparius_15wks vs miscanthus_sinensis_15wks,FALSE
5265,-0.7915503533567048,17.294296267241883,-1.0071409762288985,0.3265910437188677,0.8036169699823271,-5.480093047382184,miscanthus_sacchariflorus_ssp_lutarioriparius_15wks vs miscanthus_sinensis_15wks,FALSE
2655,-1.8919150824326856,19.44363658500476,-1.0070802748628624,0.32661945577820495,0.8036169699823271,-5.4801500009904665,miscanthus_sacchariflorus_ssp_lutarioriparius_15wks vs miscanthus_sinensis_15wks,FALSE
2265,-1.738862265546281,18.420496613768446,-1.0050310929708088,0.32757962024960263,0.8036169699823271,-5.482070869212892,miscanthus_sacchariflorus_ssp_lutarioriparius_15wks vs miscanthus_sinensis_15wks,FALSE
1273,-1.0426772738186223,25.521703576558625,-1.0043087442266694,0.3279185555222205,0.8036169699823271,-5.482747155046092,miscanthus_sacchariflorus_ssp_lutarioriparius_15wks vs miscanthus_sinensis_15wks,FALSE
3051,-1.6427873022082338,21.370801290669945,-1.0040035556190547,0.3280618278030074,0.8036169699823271,-5.483032752008787,miscanthus_sacchariflorus_ssp_lutarioriparius_15wks vs miscanthus_sinensis_15wks,FALSE
2948,-0.9926492718356634,20.77279981747188,-1.0029409474557773,0.32856101683939576,0.8036169699823271,-5.484026541755284,miscanthus_sacchariflorus_ssp_lutarioriparius_15wks vs miscanthus_sinensis_15wks,FALSE
1544,-0.5631784323260405,23.55067602990352,-0.9992657774263002,0.33029163103345316,0.8036169699823271,-5.487456453381603,miscanthus_sacchariflorus_ssp_lutarioriparius_15wks vs miscanthus_sinensis_15wks,FALSE
4717,1.1438620024567605,17.199641200120553,0.9988166775177203,0.33050354588732234,0.8036169699823271,-5.487874812412638,miscanthus_sacchariflorus_ssp_lutarioriparius_15wks vs miscanthus_sinensis_15wks,FALSE
5065,-1.7858223990791444,20.578405555572903,-0.9967449383630097,0.3314823597785572,0.8036169699823271,-5.489802566507038,miscanthus_sacchariflorus_ssp_lutarioriparius_15wks vs miscanthus_sinensis_15wks,FALSE
4722,-1.8516007857713426,18.56762977293023,-0.9952866978672625,0.33217253376565004,0.8036169699823271,-5.491157315550799,miscanthus_sacchariflorus_ssp_lutarioriparius_15wks vs miscanthus_sinensis_15wks,FALSE
2077,0.6366229345092158,16.907897856838694,0.9951323785202598,0.3322456306027689,0.8036169699823271,-5.491300579135338,miscanthus_sacchariflorus_ssp_lutarioriparius_15wks vs miscanthus_sinensis_15wks,FALSE
136,-0.7933111156938075,23.326147459505165,-0.9951102645081739,0.3322561063231212,0.8036169699823271,-5.491321107226837,miscanthus_sacchariflorus_ssp_lutarioriparius_15wks vs miscanthus_sinensis_15wks,FALSE
3886,-0.7408874371852789,22.719196550327744,-0.9933801593694979,0.33307639652328636,0.8036169699823271,-5.4929258729088595,miscanthus_sacchariflorus_ssp_lutarioriparius_15wks vs miscanthus_sinensis_15wks,FALSE
5313,1.2614911799412667,18.993298945751544,0.9931865206253371,0.3331682938060132,0.8036169699823271,-5.493105327936239,miscanthus_sacchariflorus_ssp_lutarioriparius_15wks vs miscanthus_sinensis_15wks,FALSE
4405,-1.0886818416845792,18.319999270946557,-0.9928011116261084,0.33335125425855594,0.8036169699823271,-5.493462413280893,miscanthus_sacchariflorus_ssp_lutarioriparius_15wks vs miscanthus_sinensis_15wks,FALSE
2038,-1.784476456539494,18.603503588300107,-0.9927088773313565,0.33339504989674484,0.8036169699823271,-5.493547850913115,miscanthus_sacchariflorus_ssp_lutarioriparius_15wks vs miscanthus_sinensis_15wks,FALSE
4789,1.254535020738306,18.699736250654432,0.9876036511342786,0.33582542542403737,0.8054611682946768,-5.498265802392967,miscanthus_sacchariflorus_ssp_lutarioriparius_15wks vs miscanthus_sinensis_15wks,FALSE
429,-2.447929811716186,20.193809219743862,-0.9871267472323688,0.33605308666614486,0.8054611682946768,-5.498705417231468,miscanthus_sacchariflorus_ssp_lutarioriparius_15wks vs miscanthus_sinensis_15wks,FALSE
292,-1.921057342193972,20.7834378891769,-0.9849382626670715,0.33709918753303614,0.8054611682946768,-5.500720346081295,miscanthus_sacchariflorus_ssp_lutarioriparius_15wks vs miscanthus_sinensis_15wks,FALSE
4286,1.1657329975062396,18.424433330397882,0.9848151952366739,0.33715808119587765,0.8054611682946768,-5.50083353481234,miscanthus_sacchariflorus_ssp_lutarioriparius_15wks vs miscanthus_sinensis_15wks,FALSE
1457,0.5848271315832818,17.31946951772268,0.9834736611128503,0.3378005332939027,0.8054611682946768,-5.502066561249581,miscanthus_sacchariflorus_ssp_lutarioriparius_15wks vs miscanthus_sinensis_15wks,FALSE
300,-1.7320653220587587,20.609248142283214,-0.9824742049148447,0.3382797187135492,0.8054611682946768,-5.5029841991476856,miscanthus_sacchariflorus_ssp_lutarioriparius_15wks vs miscanthus_sinensis_15wks,FALSE
2988,0.6648222352905222,16.950813995297008,0.9816668923476156,0.3386671259176659,0.8054611682946768,-5.503724812293854,miscanthus_sacchariflorus_ssp_lutarioriparius_15wks vs miscanthus_sinensis_15wks,FALSE
446,-0.6218957106299463,22.921987519977826,-0.9750005311253724,0.3418778927237842,0.8097000824597569,-5.509819531277206,miscanthus_sacchariflorus_ssp_lutarioriparius_15wks vs miscanthus_sinensis_15wks,FALSE
3246,-0.970497334554306,19.819720163063696,-0.9740769600784553,0.34232437400921567,0.8097000824597569,-5.5106609662982855,miscanthus_sacchariflorus_ssp_lutarioriparius_15wks vs miscanthus_sinensis_15wks,FALSE
306,1.9164156543646627,21.2859936104334,0.9734021020759882,0.34265087487710666,0.8097000824597569,-5.511275354328666,miscanthus_sacchariflorus_ssp_lutarioriparius_15wks vs miscanthus_sinensis_15wks,FALSE
2094,-1.1464626645984985,22.36797721287403,-0.9689960761176595,0.34478782735944946,0.8097000824597569,-5.515277180372074,miscanthus_sacchariflorus_ssp_lutarioriparius_15wks vs miscanthus_sinensis_15wks,FALSE
16,-0.5077671635895129,26.071776512318554,-0.9683802776314342,0.3450872242414378,0.8097000824597569,-5.51583518711405,miscanthus_sacchariflorus_ssp_lutarioriparius_15wks vs miscanthus_sinensis_15wks,FALSE
1657,-0.5576441082749248,23.996935317493005,-0.9679041127486002,0.3453188550730837,0.8097000824597569,-5.516266446003765,miscanthus_sacchariflorus_ssp_lutarioriparius_15wks vs miscanthus_sinensis_15wks,FALSE
1084,-3.657532801141347,24.7118978324609,-0.9676270520984356,0.34545368077041105,0.8097000824597569,-5.51651728994403,miscanthus_sacchariflorus_ssp_lutarioriparius_15wks vs miscanthus_sinensis_15wks,FALSE
186,1.2200431978406883,20.525543631411644,0.9659700229043342,0.34626079601005577,0.8097000824597569,-5.518016175435735,miscanthus_sacchariflorus_ssp_lutarioriparius_15wks vs miscanthus_sinensis_15wks,FALSE
1237,1.2042623097236635,17.761058347692284,0.9654697066133022,0.346504747907437,0.8097000824597569,-5.518468288304472,miscanthus_sacchariflorus_ssp_lutarioriparius_15wks vs miscanthus_sinensis_15wks,FALSE
362,1.3243672811790859,19.358607845252394,0.9646148250626054,0.3469218578724458,0.8097000824597569,-5.5192403178565,miscanthus_sacchariflorus_ssp_lutarioriparius_15wks vs miscanthus_sinensis_15wks,FALSE
749,1.340423008302647,20.356012701190156,0.9627267742819122,0.3478442906182956,0.8103411686470907,-5.520943204944358,miscanthus_sacchariflorus_ssp_lutarioriparius_15wks vs miscanthus_sinensis_15wks,FALSE
1418,1.8397762092189645,18.054044393980444,0.9579743730400778,0.3501735965942755,0.8142512441253507,-5.525216232424384,miscanthus_sacchariflorus_ssp_lutarioriparius_15wks vs miscanthus_sinensis_15wks,FALSE
1320,1.9828769817637344,19.819175321201772,0.9554438442386621,0.3514182453702682,0.8156293598482477,-5.527483732909907,miscanthus_sacchariflorus_ssp_lutarioriparius_15wks vs miscanthus_sinensis_15wks,FALSE
809,1.8483682618413155,19.501220162647943,0.95318423236311145,0.35253220033924826,0.8166995974525919,-5.529503905502196,miscanthus_sacchariflorus_ssp_lutarioriparius_15wks vs miscanthus_sinensis_15wks,FALSE
208,2.4174198311403003,18.63163540747049,0.9480833451474708,0.35505573335235097,0.819940054948851,-5.534048407250469,miscanthus_sacchariflorus_ssp_lutarioriparius_15wks vs miscanthus_sinensis_15wks,FALSE
1429,-1.693787813896659,20.887932141884278,-0.9447906404965577,0.35669124501934635,0.819940054948851,-5.536970259892073,miscanthus_sacchariflorus_ssp_lutarioriparius_15wks vs miscanthus_sinensis_15wks,FALSE
2975,-0.8625741731337868,17.832702246930225,-0.9437814996545105,0.35719351878120453,0.819940054948851,-5.537863903809825,miscanthus_sacchariflorus_ssp_lutarioriparius_15wks vs miscanthus_sinensis_15wks,FALSE
3949,0.5308514608774111,17.087925825445822,0.9432260482742608,0.3574701856862498,0.819940054948851,-5.5383554150225205,miscanthus_sacchariflorus_ssp_lutarioriparius_15wks vs miscanthus_sinensis_15wks,FALSE
1359,-1.935574903105021,20.230410378889893,-0.9394948416046691,0.35933245578404716,0.819940054948851,-5.541650325096664,miscanthus_sacchariflorus_ssp_lutarioriparius_15wks vs miscanthus_sinensis_15wks,FALSE
2530,1.2478352331590976,20.32781971626691,0.9326052495731075,0.3627883844691536,0.819940054948851,-5.5477032372449715,miscanthus_sacchariflorus_ssp_lutarioriparius_15wks vs miscanthus_sinensis_15wks,FALSE
6103,1.151061214025507,16.984013215791187,0.9325866639266591,0.3627977376544942,0.819940054948851,-5.54771951125548,miscanthus_sacchariflorus_ssp_lutarioriparius_15wks vs miscanthus_sinensis_15wks,FALSE
5654,-1.0699026792796644,20.40426441925053,-0.9325252131957522,0.3628286637602367,0.819940054948851,-5.547773316807035,miscanthus_sacchariflorus_ssp_lutarioriparius_15wks vs miscanthus_sinensis_15wks,FALSE
5000,-1.1247448775647229,18.77585352569233,-0.9323632011009368,0.36291020760204573,0.819940054948851,-5.547915157329372,miscanthus_sacchariflorus_ssp_lutarioriparius_15wks vs miscanthus_sinensis_15wks,FALSE
435,2.130467445564932,19.028493205279567,0.9316977567811342,0.3632452687462071,0.819940054948851,-5.548497515205661,miscanthus_sacchariflorus_ssp_lutarioriparius_15wks vs miscanthus_sinensis_15wks,FALSE
505,-1.1334461071045254,18.912171263609586,-0.9299469585487743,0.3641278209804032,0.819940054948851,-5.5500279110894235,miscanthus_sacchariflorus_ssp_lutarioriparius_15wks vs miscanthus_sinensis_15wks,FALSE
3474,-1.1999810021086432,18.463808433779445,-0.9290794727564173,0.36456564456128293,0.819940054948851,-5.5507852250438585,miscanthus_sacchariflorus_ssp_lutarioriparius_15wks vs miscanthus_sinensis_15wks,FALSE
2740,-0.9304863323943273,17.92041479525124,-0.9286850407811629,0.3647648335256859,0.819940054948851,-5.551129351696397,miscanthus_sacchariflorus_ssp_lutarioriparius_15wks vs miscanthus_sinensis_15wks,FALSE
81,-0.7634707767162432,22.37308702635832,-0.9257714275739665,0.3662384904271253,0.819940054948851,-5.553667260713329,miscanthus_sacchariflorus_ssp_lutarioriparius_15wks vs miscanthus_sinensis_15wks,FALSE
472,-1.4834625378427049,21.519032235888478,-0.9255852932832265,0.3663327702919589,0.819940054948851,-5.553829147510542,miscanthus_sacchariflorus_ssp_lutarioriparius_15wks vs miscanthus_sinensis_15wks,FALSE
6,2.754465360015484,18.853696306719513,0.9252653394681244,0.3664948700280317,0.819940054948851,-5.55410735229259,miscanthus_sacchariflorus_ssp_lutarioriparius_15wks vs miscanthus_sinensis_15wks,FALSE
385,-0.6238919754533683,27.15048006699131,-0.9240687090673584,0.3671015531446036,0.819940054948851,-5.555147067118126,miscanthus_sacchariflorus_ssp_lutarioriparius_15wks vs miscanthus_sinensis_15wks,FALSE
5249,-1.1160672101435836,18.428281541178798,-0.9235211767248264,0.3673793736413401,0.819940054948851,-5.555622393620008,miscanthus_sacchariflorus_ssp_lutarioriparius_15wks vs miscanthus_sinensis_15wks,FALSE
3605,-1.5485627342757944,18.886482630760376,-0.9229074261292178,0.3676909618732366,0.819940054948851,-5.556154901807637,miscanthus_sacchariflorus_ssp_lutarioriparius_15wks vs miscanthus_sinensis_15wks,FALSE
5947,-0.9316250554550969,18.456567048144027,-0.9227534897552604,0.3677691400243316,0.819940054948851,-5.556288411146258,miscanthus_sacchariflorus_ssp_lutarioriparius_15wks vs miscanthus_sinensis_15wks,FALSE
5142,-1.4758025827167032,19.363398254868702,-0.9213080203382794,0.36850378215964263,0.819940054948851,-5.557541083243193,miscanthus_sacchariflorus_ssp_lutarioriparius_15wks vs miscanthus_sinensis_15wks,FALSE
1615,-0.6229713902368417,16.810991105683822,-0.9206519725125483,0.3688375359136862,0.819940054948851,-5.558109038669246,miscanthus_sacchariflorus_ssp_lutarioriparius_15wks vs miscanthus_sinensis_15wks,FALSE
5201,-0.8751911098027705,17.49450755154209,-0.9203213808072038,0.36900579611207285,0.819940054948851,-5.558395100123111,miscanthus_sacchariflorus_ssp_lutarioriparius_15wks vs miscanthus_sinensis_15wks,FALSE
3056,0.8599222977196384,17.891226517278685,0.9141686289708848,0.37214675762828286,0.8226092629633829,-5.563702041574224,miscanthus_sacchariflorus_ssp_lutarioriparius_15wks vs miscanthus_sinensis_15wks,FALSE
4456,0.8339628242232777,17.51001323454263,0.9139214863527689,0.3722732964584641,0.8226092629633829,-5.563914533593208,miscanthus_sacchariflorus_ssp_lutarioriparius_15wks vs miscanthus_sinensis_15wks,FALSE
1434,1.9247311426626936,21.681591040366094,0.9124525358947263,0.3730260046199122,0.8226092629633829,-5.565176451391777,miscanthus_sacchariflorus_ssp_lutarioriparius_15wks vs miscanthus_sinensis_15wks,FALSE
396,-1.4029324329462334,19.96473940399818,-0.9124388559266516,0.37303301918787546,0.8226092629633829,-5.5651881946363515,miscanthus_sacchariflorus_ssp_lutarioriparius_15wks vs miscanthus_sinensis_15wks,FALSE
3552,0.6946352864353642,23.84365508635483,0.9105797531521886,0.3739871178243134,0.8226092629633829,-5.566782606823037,miscanthus_sacchariflorus_ssp_lutarioriparius_15wks vs miscanthus_sinensis_15wks,FALSE
3313,-0.9756379224891809,24.43728271733557,-0.9091410956052249,0.37472656148397554,0.8226092629633829,-5.568014403059161,miscanthus_sacchariflorus_ssp_lutarioriparius_15wks vs miscanthus_sinensis_15wks,FALSE
5352,-0.7239976702098083,17.146119766389734,-0.9082292767934322,0.375195725158866,0.8226092629633829,-5.568794195270249,miscanthus_sacchariflorus_ssp_lutarioriparius_15wks vs miscanthus_sinensis_15wks,FALSE
511,-1.1693606196497086,26.027587984490637,-0.9077013587413245,0.3754675372918398,0.8226092629633829,-5.569245347808377,miscanthus_sacchariflorus_ssp_lutarioriparius_15wks vs miscanthus_sinensis_15wks,FALSE
3880,0.5903867834519936,16.8835297414076,0.9046794348726488,0.377025981734573,0.8232775625289238,-5.571823248813427,miscanthus_sacchariflorus_ssp_lutarioriparius_15wks vs miscanthus_sinensis_15wks,FALSE
4392,-0.5961742496486941,22.936734129839238,-0.9025327246412099,0.3781356832729903,0.8232775625289238,-5.573649774573994,miscanthus_sacchariflorus_ssp_lutarioriparius_15wks vs miscanthus_sinensis_15wks,FALSE
1074,-0.6393025493757456,16.790208749112466,-0.9015185848255484,0.3786606793774572,0.8232775625289238,-5.574511278116816,miscanthus_sacchariflorus_ssp_lutarioriparius_15wks vs miscanthus_sinensis_15wks,FALSE
13,1.3979247619079906,18.02458381929674,0.9014678367258082,0.3786869632002836,0.8232775625289238,-5.574554365009462,miscanthus_sacchariflorus_ssp_lutarioriparius_15wks vs miscanthus_sinensis_15wks,FALSE
5284,0.9375918183679701,17.13103892872179,0.9007419542188035,0.3790630503730297,0.8232775625289238,-5.57517042224932,miscanthus_sacchariflorus_ssp_lutarioriparius_15wks vs miscanthus_sinensis_15wks,FALSE
1635,-2.29308362834335,20.157711365897754,-0.8988035109261433,0.38006859473900556,0.8240308700493864,-5.5768133622871225,miscanthus_sacchariflorus_ssp_lutarioriparius_15wks vs miscanthus_sinensis_15wks,FALSE
4648,-0.6866675447775066,19.52663555268573,-0.8936305593167774,0.3827606677533776,0.8253256760621995,-5.5811819139174,miscanthus_sacchariflorus_ssp_lutarioriparius_15wks vs miscanthus_sinensis_15wks,FALSE
4651,-0.817224682656402,18.189127174942495,-0.8932856070128651,0.3829406337933504,0.8253256760621995,-5.581472406743992,miscanthus_sacchariflorus_ssp_lutarioriparius_15wks vs miscanthus_sinensis_15wks,FALSE
225,-1.6163505781082144,20.33629271636139,-0.8931325348502657,0.3830205114523907,0.8253256760621995,-5.5816012797599734,miscanthus_sacchariflorus_ssp_lutarioriparius_15wks vs miscanthus_sinensis_15wks,FALSE
28,-2.2565054417617567,20.836419017898628,-0.8925478895305855,0.38332569851203424,0.8253256760621995,-5.582093312916386,miscanthus_sacchariflorus_ssp_lutarioriparius_15wks vs miscanthus_sinensis_15wks,FALSE
410,-0.9049678986453209,21.605533977265626,-0.8913252078027949,0.3839644632039969,0.8253256760621995,-5.583121361122824,miscanthus_sacchariflorus_ssp_lutarioriparius_15wks vs miscanthus_sinensis_15wks,FALSE
50,1.962246819521603,20.476858750952797,0.8829944869747488,0.38833540307746806,0.8332891753857848,-5.590091640878252,miscanthus_sacchariflorus_ssp_lutarioriparius_15wks vs miscanthus_sinensis_15wks,FALSE
549,-0.5387792536282916,16.744880425988878,-0.8809993202254832,0.38938706695633185,0.8341151040451561,-5.5917520972243,miscanthus_sacchariflorus_ssp_lutarioriparius_15wks vs miscanthus_sinensis_15wks,FALSE
278,-2.246457605490484,21.37789318764296,-0.8736476374177836,0.39327832754892034,0.8396474453201238,-5.597840748910157,miscanthus_sacchariflorus_ssp_lutarioriparius_15wks vs miscanthus_sinensis_15wks,FALSE
2935,1.5491678501769357,18.50720370888634,0.8735840924213598,0.3933120727079077,0.8396474453201238,-5.5978931728645165,miscanthus_sacchariflorus_ssp_lutarioriparius_15wks vs miscanthus_sinensis_15wks,FALSE
128,-1.5123948669219374,20.14496265230437,-0.8705774006327569,0.3949109236497397,0.8400661786785979,-5.600369663167785,miscanthus_sacchariflorus_ssp_lutarioriparius_15wks vs miscanthus_sinensis_15wks,FALSE
4880,-0.6472909817119756,16.913871642477933,-0.8703489722710188,0.3950325670870247,0.8400661786785979,-5.600557490138468,miscanthus_sacchariflorus_ssp_lutarioriparius_15wks vs miscanthus_sinensis_15wks,FALSE
1441,1.200018453238819,19.706342110169807,0.8694289183759908,0.3955227651812103,0.8400661786785979,-5.601313553439156,miscanthus_sacchariflorus_ssp_lutarioriparius_15wks vs miscanthus_sinensis_15wks,FALSE
1975,-1.1826067473865365,18.597810507041473,-0.8661686719602851,0.3972629976608647,0.8406638267125712,-5.603986782243792,miscanthus_sacchariflorus_ssp_lutarioriparius_15wks vs miscanthus_sinensis_15wks,FALSE
4829,-0.7432818415182609,22.657775765753293,-0.8656708872750787,0.39752914047945875,0.8406638267125712,-5.604394127570532,miscanthus_sacchariflorus_ssp_lutarioriparius_15wks vs miscanthus_sinensis_15wks,FALSE
3737,0.6239468717729508,17.896329759907843,0.8648887646205201,0.3979475405323758,0.8406638267125712,-5.605033716766581,miscanthus_sacchariflorus_ssp_lutarioriparius_15wks vs miscanthus_sinensis_15wks,FALSE
1947,-2.34761278739812,22.10197909287707,-0.8613046554684363,0.39986854318900567,0.8406638267125712,-5.6079578644274655,miscanthus_sacchariflorus_ssp_lutarioriparius_15wks vs miscanthus_sinensis_15wks,FALSE
2575,1.746899388717626,18.368338731650827,0.8601770871263128,0.4004741392556378,0.8406638267125712,-5.608875499040792,miscanthus_sacchariflorus_ssp_lutarioriparius_15wks vs miscanthus_sinensis_15wks,FALSE
104,-1.8047833294439286,20.779368372929763,-0.8554051422469943,0.40304365310787527,0.8406638267125712,-5.612746746666827,miscanthus_sacchariflorus_ssp_lutarioriparius_15wks vs miscanthus_sinensis_15wks,FALSE
4022,1.84385126086271,21.000743739379715,0.8542777254627628,0.40365228118631025,0.8406638267125712,-5.6136584707132196,miscanthus_sacchariflorus_ssp_lutarioriparius_15wks vs miscanthus_sinensis_15wks,FALSE
1344,0.5013092053596253,16.867125594795112,0.8542287913823569,0.4036787113717807,0.8406638267125712,-5.6136980178606075,miscanthus_sacchariflorus_ssp_lutarioriparius_15wks vs miscanthus_sinensis_15wks,FALSE
1666,1.3744509452847957,19.626784807098076,0.8540540849826617,0.4037730826086502,0.8406638267125712,-5.613839193642833,miscanthus_sacchariflorus_ssp_lutarioriparius_15wks vs miscanthus_sinensis_15wks,FALSE
907,1.2105339676004974,19.89367295366183,0.8527887913498575,0.4044569829310599,0.8406638267125712,-5.614860851511425,miscanthus_sacchariflorus_ssp_lutarioriparius_15wks vs miscanthus_sinensis_15wks,FALSE
307,-0.8534448623652509,17.89025419680741,-0.852167992758488,0.4047928028074905,0.8406638267125712,-5.615361603525962,miscanthus_sacchariflorus_ssp_lutarioriparius_15wks vs miscanthus_sinensis_15wks,FALSE
5391,-1.137411335646199,17.74356633149816,-0.8519969740326712,0.40488534673519216,0.8406638267125712,-5.615499492596007,miscanthus_sacchariflorus_ssp_lutarioriparius_15wks vs miscanthus_sinensis_15wks,FALSE
92,-2.2561085844495565,22.152140722668186,-0.8508085714429676,0.4055288085711095,0.8406638267125712,-5.616456974381611,miscanthus_sacchariflorus_ssp_lutarioriparius_15wks vs miscanthus_sinensis_15wks,FALSE
1035,-1.307592318203909,19.701886837753744,-0.8489519309222604,0.4065354096914279,0.8406638267125712,-5.6179503827801,miscanthus_sacchariflorus_ssp_lutarioriparius_15wks vs miscanthus_sinensis_15wks,FALSE
5291,-0.4583974048104409,17.246270133531784,-0.8480220244727579,0.40704017557315786,0.8406638267125712,-5.618697232750742,miscanthus_sacchariflorus_ssp_lutarioriparius_15wks vs miscanthus_sinensis_15wks,FALSE
4946,-0.8450320470325643,17.50808623265976,-0.8476240823417377,0.40725630739340457,0.8406638267125712,-5.619016607571984,miscanthus_sacchariflorus_ssp_lutarioriparius_15wks vs miscanthus_sinensis_15wks,FALSE
5091,-1.1603118080311106,20.310175892145196,-0.8471165973210586,0.4075320418603079,0.8406638267125712,-5.619423697300455,miscanthus_sacchariflorus_ssp_lutarioriparius_15wks vs miscanthus_sinensis_15wks,FALSE
3496,-0.66903753002223,20.695878329949135,-0.8458326377291078,0.4082301993281877,0.8406638267125712,-5.620452648518337,miscanthus_sacchariflorus_ssp_lutarioriparius_15wks vs miscanthus_sinensis_15wks,FALSE
5322,1.2663026986254309,18.094669499989557,0.8447010754582849,0.40884612826438227,0.8406638267125712,-5.621358276971947,miscanthus_sacchariflorus_ssp_lutarioriparius_15wks vs miscanthus_sinensis_15wks,FALSE
4263,1.5718086407790715,20.09445446481182,0.8436590955418714,0.409413824498715,0.8406638267125712,-5.62219122056192,miscanthus_sacchariflorus_ssp_lutarioriparius_15wks vs miscanthus_sinensis_15wks,FALSE
3942,-1.2084715549878418,18.63692535023336,-0.8412935058265683,0.41070453629344117,0.8406638267125712,-5.624078716960032,miscanthus_sacchariflorus_ssp_lutarioriparius_15wks vs miscanthus_sinensis_15wks,FALSE
3703,-0.5890915113848045,26.765443500118405,-0.8406657198673204,0.41104750676818136,0.8406638267125712,-5.624578804061404,miscanthus_sacchariflorus_ssp_lutarioriparius_15wks vs miscanthus_sinensis_15wks,FALSE
4777,0.6795325357616697,17.260128207526865,0.8401882969904212,0.41130845426996776,0.8406638267125712,-5.624958882972679,miscanthus_sacchariflorus_ssp_lutarioriparius_15wks vs miscanthus_sinensis_15wks,FALSE
2865,0.858497058178898,17.552988811171854,0.8390482691370348,0.4119319950238258,0.8406638267125712,-5.62586565894358,miscanthus_sacchariflorus_ssp_lutarioriparius_15wks vs miscanthus_sinensis_15wks,FALSE
4770,0.7937696659817206,17.143611149250493,0.8342769508109098,0.4145482488997617,0.8442011888087868,-5.629648415598066,miscanthus_sacchariflorus_ssp_lutarioriparius_15wks vs miscanthus_sinensis_15wks,FALSE
259,-1.974435615355528,20.660992845681886,-0.8328861531337514,0.415312859394681,0.8442011888087868,-5.630747303760986,miscanthus_sacchariflorus_ssp_lutarioriparius_15wks vs miscanthus_sinensis_15wks,FALSE
2129,-0.5232390614442792,20.646354839335476,-0.8300609210961009,0.4168688412011279,0.8442011888087868,-5.632974338397124,miscanthus_sacchariflorus_ssp_lutarioriparius_15wks vs miscanthus_sinensis_15wks,FALSE
641,0.7375399021784155,16.432146309149086,0.8298329082895379,0.41699457995290956,0.8442011888087868,-5.6331537679639,miscanthus_sacchariflorus_ssp_lutarioriparius_15wks vs miscanthus_sinensis_15wks,FALSE
2656,-0.9227638940378498,18.942729543327374,-0.8297515772391446,0.4170394361981057,0.8442011888087868,-5.63321775857799,miscanthus_sacchariflorus_ssp_lutarioriparius_15wks vs miscanthus_sinensis_15wks,FALSE
857,-0.5332021818249402,26.210172568154142,-0.8279165755283495,0.4180523059376856,0.8448843856672773,-5.6346599807658,miscanthus_sacchariflorus_ssp_lutarioriparius_15wks vs miscanthus_sinensis_15wks,FALSE
1872,-0.7654089955312138,21.53282550700909,-0.826486074344375,0.4188429880614588,0.8451170613949757,-5.635782235688694,miscanthus_sacchariflorus_ssp_lutarioriparius_15wks vs miscanthus_sinensis_15wks,FALSE
1649,-1.181304127727266,18.00820537451476,-0.8205151615433156,0.42215355505134466,0.849197930477405,-5.64044712232732,miscanthus_sacchariflorus_ssp_lutarioriparius_15wks vs miscanthus_sinensis_15wks,FALSE
1532,0.47987165714846114,16.847771362295568,0.8203900288407224,0.42222311171618376,0.849197930477405,-5.640544549377961,miscanthus_sacchariflorus_ssp_lutarioriparius_15wks vs miscanthus_sinensis_15wks,FALSE
1898,1.050153006621077,17.580102769250193,0.8159572818513225,0.42469179457294814,0.8522398713741395,-5.643986954414584,miscanthus_sacchariflorus_ssp_lutarioriparius_15wks vs miscanthus_sinensis_15wks,FALSE
76,-1.8961383558189162,21.225178692578645,-0.8143072090301405,0.425613076609057,0.8522398713741395,-5.645263958950924,miscanthus_sacchariflorus_ssp_lutarioriparius_15wks vs miscanthus_sinensis_15wks,FALSE
1632,-1.5272858997412975,20.334660554698033,-0.8140097109561162,0.42577931223727994,0.8522398713741395,-5.645493939943158,miscanthus_sacchariflorus_ssp_lutarioriparius_15wks vs miscanthus_sinensis_15wks,FALSE
4493,0.5059005532534719,16.859823744826908,0.8121752529399653,0.4268052733224137,0.8529287490836095,-5.646910345533614,miscanthus_sacchariflorus_ssp_lutarioriparius_15wks vs miscanthus_sinensis_15wks,FALSE
18,-0.563456530273406,22.150758464512023,-0.8053972408091993,0.4306095176031871,0.857950314954359,-5.65211798872855,miscanthus_sacchariflorus_ssp_lutarioriparius_15wks vs miscanthus_sinensis_15wks,FALSE
4339,-0.5730048361916076,25.04706962568106,-0.8050298804493123,0.4308163092785534,0.857950314954359,-5.65239907872871,miscanthus_sacchariflorus_ssp_lutarioriparius_15wks vs miscanthus_sinensis_15wks,FALSE
5516,0.7536323019361681,17.863646663739594,0.8040370485968719,0.43137549808656417,0.857950314954359,-5.653158159134682,miscanthus_sacchariflorus_ssp_lutarioriparius_15wks vs miscanthus_sinensis_15wks,FALSE
2337,1.6786895930098211,21.640245094655832,0.8020881769424713,0.4324744754436628,0.8587707440952733,-5.65464565799757,miscanthus_sacchariflorus_ssp_lutarioriparius_15wks vs miscanthus_sinensis_15wks,FALSE
953,1.2044083945420816,19.9196621443292,0.8001066465095802,0.43359366410964684,0.859628643108032,-5.656154642582204,miscanthus_sacchariflorus_ssp_lutarioriparius_15wks vs miscanthus_sinensis_15wks,FALSE
2049,1.2613670053858286,17.65081929689252,0.7947637749388657,0.4366203815302263,0.8611903531495203,-5.66020606511256,miscanthus_sacchariflorus_ssp_lutarioriparius_15wks vs miscanthus_sinensis_15wks,FALSE
5452,0.5143394942803745,16.79438800923298,0.7925904940524067,0.4378552934186163,0.8611903531495203,-5.661846802524943,miscanthus_sacchariflorus_ssp_lutarioriparius_15wks vs miscanthus_sinensis_15wks,FALSE
869,-1.5883409225858216,19.228891354202997,-0.7920318029544403,0.43817310613146876,0.8611903531495203,-5.662267915175802,miscanthus_sacchariflorus_ssp_lutarioriparius_15wks vs miscanthus_sinensis_15wks,FALSE
453,-1.4520661465301608,20.357121227428543,-0.7915706958206453,0.4384355159625619,0.8611903531495203,-5.662615265699102,miscanthus_sacchariflorus_ssp_lutarioriparius_15wks vs miscanthus_sinensis_15wks,FALSE
162,1.6228023700089942,20.519135435486003,0.7912458860441077,0.4386204194202301,0.8611903531495203,-5.66285983074302,miscanthus_sacchariflorus_ssp_lutarioriparius_15wks vs miscanthus_sinensis_15wks,FALSE
426,0.5003515661241913,17.051866903931696,0.790216413872129,0.43920678388386847,0.8611903531495203,-5.663634352400937,miscanthus_sacchariflorus_ssp_lutarioriparius_15wks vs miscanthus_sinensis_15wks,FALSE
3001,-0.6046555314087918,22.44166006528634,-0.7898116673631402,0.43943745171430293,0.8611903531495203,-5.663938605443646,miscanthus_sacchariflorus_ssp_lutarioriparius_15wks vs miscanthus_sinensis_15wks,FALSE
3760,0.5303920571164191,16.644873109875796,0.7890204349168646,0.43988859765191324,0.8611903531495203,-5.664532965284657,miscanthus_sacchariflorus_ssp_lutarioriparius_15wks vs miscanthus_sinensis_15wks,FALSE
390,-1.129987634817386,18.757219365529146,-0.7861186950066672,0.44154557268480643,0.8618902813237661,-5.666707948356944,miscanthus_sacchariflorus_ssp_lutarioriparius_15wks vs miscanthus_sinensis_15wks,FALSE
1454,0.6144195549218843,16.76513389301661,0.7850477716365092,0.4421580749780847,0.8618902813237661,-5.66750876535101,miscanthus_sacchariflorus_ssp_lutarioriparius_15wks vs miscanthus_sinensis_15wks,FALSE
5050,-0.7861173637235339,24.655181540342394,-0.7831293458548911,0.44325660972380143,0.8618902813237661,-5.668940783342802,miscanthus_sacchariflorus_ssp_lutarioriparius_15wks vs miscanthus_sinensis_15wks,FALSE
488,-0.5532004938474842,23.96047659607695,-0.7828124428249974,0.44343823783043923,0.8618902813237661,-5.6691770225431615,miscanthus_sacchariflorus_ssp_lutarioriparius_15wks vs miscanthus_sinensis_15wks,FALSE
5394,0.5397138179542864,16.80124333993536,0.7821606931601546,0.4438119225911298,0.8618902813237661,-5.669662596807,miscanthus_sacchariflorus_ssp_lutarioriparius_15wks vs miscanthus_sinensis_15wks,FALSE
10,0.47359834940809975,25.61920194541195,0.7811707555770789,0.44437988125805683,0.8618902813237661,-5.670399409865039,miscanthus_sacchariflorus_ssp_lutarioriparius_15wks vs miscanthus_sinensis_15wks,FALSE
2811,-0.7251121148580211,28.693837715787787,-0.7754500810131392,0.4476707865687912,0.8660174528092099,-5.674640257102999,miscanthus_sacchariflorus_ssp_lutarioriparius_15wks vs miscanthus_sinensis_15wks,FALSE
3111,-1.5479207204457452,19.928467362794386,-0.7750659143308734,0.4478923197182725,0.8660174528092099,-5.674924004125803,miscanthus_sacchariflorus_ssp_lutarioriparius_15wks vs miscanthus_sinensis_15wks,FALSE
4430,1.4564778250956252,18.86288400673918,0.7723730022582331,0.44944710089707673,0.8676825975651898,-5.676909310910812,miscanthus_sacchariflorus_ssp_lutarioriparius_15wks vs miscanthus_sinensis_15wks,FALSE
1374,0.7849362158176802,17.31648856403848,0.7690556739796173,0.45136693731894273,0.8700462844160206,-5.679346078312613,miscanthus_sacchariflorus_ssp_lutarioriparius_15wks vs miscanthus_sinensis_15wks,FALSE
3129,-0.44589355025814825,17.558852536521595,-0.7675874247067653,0.45221825572582,0.8703462121738473,-5.68042145981166,miscanthus_sacchariflorus_ssp_lutarioriparius_15wks vs miscanthus_sinensis_15wks,FALSE
350,-0.8370095564904041,22.531090059696275,-0.7660065207470624,0.4531359893483675,0.8707728458906417,-5.681577202763257,miscanthus_sacchariflorus_ssp_lutarioriparius_15wks vs miscanthus_sinensis_15wks,FALSE
5707,0.6462531782790855,17.394165696703695,0.7635264403057374,0.454577993550653,0.8722040949875258,-5.683385808449133,miscanthus_sacchariflorus_ssp_lutarioriparius_15wks vs miscanthus_sinensis_15wks,FALSE
5591,-0.48644932232299354,17.222208019098993,-0.7623064024634445,0.45528839025463774,0.8722293663224376,-5.684273509562869,miscanthus_sacchariflorus_ssp_lutarioriparius_15wks vs miscanthus_sinensis_15wks,FALSE
283,-1.028194015151449,18.365888986155763,-0.760744876393787,0.45619861190724653,0.8726367943363386,-5.685407738376724,miscanthus_sacchariflorus_ssp_lutarioriparius_15wks vs miscanthus_sinensis_15wks,FALSE
2124,-0.36816739407857213,25.19402794375806,-0.7578573859769341,0.4578846561875024,0.8735315803205803,-5.687499354221245,miscanthus_sacchariflorus_ssp_lutarioriparius_15wks vs miscanthus_sinensis_15wks,FALSE
2839,-0.6778196442865827,24.44648886794503,-0.7570382763389182,0.4583636327126741,0.8735315803205803,-5.688091336883723,miscanthus_sacchariflorus_ssp_lutarioriparius_15wks vs miscanthus_sinensis_15wks,FALSE
3952,-0.8164306268093036,17.412625041864345,-0.7552269907333699,0.4594238646055743,0.8735315803205803,-5.689398249286167,miscanthus_sacchariflorus_ssp_lutarioriparius_15wks vs miscanthus_sinensis_15wks,FALSE
3393,1.797087280436262,18.432570650714617,0.7551662302875892,0.45945945631570095,0.8735315803205803,-5.689442039414353,miscanthus_sacchariflorus_ssp_lutarioriparius_15wks vs miscanthus_sinensis_15wks,FALSE
4151,-0.7367277058275867,22.29199325288506,-0.7529310361409828,0.4607699280828029,0.874442926014465,-5.691050650406435,miscanthus_sacchariflorus_ssp_lutarioriparius_15wks vs miscanthus_sinensis_15wks,FALSE
4454,-0.4648952447089876,23.49331250810219,-0.751181174393375,0.4617974292212137,0.874442926014465,-5.6923068591617225,miscanthus_sacchariflorus_ssp_lutarioriparius_15wks vs miscanthus_sinensis_15wks,FALSE
976,1.2962215391548177,17.932066533991836,0.7507755745684055,0.46203579064393396,0.874442926014465,-5.6925976438872965,miscanthus_sacchariflorus_ssp_lutarioriparius_15wks vs miscanthus_sinensis_15wks,FALSE
3829,-0.9693586842210031,22.818731184893252,-0.7495643834367587,0.46274802072030363,0.8744679364367067,-5.6934651002441905,miscanthus_sacchariflorus_ssp_lutarioriparius_15wks vs miscanthus_sinensis_15wks,FALSE
4582,1.8319321175373098,18.768256605706085,0.7470553502236155,0.4642255391704354,0.8759368770772469,-5.695257890422681,miscanthus_sacchariflorus_ssp_lutarioriparius_15wks vs miscanthus_sinensis_15wks,FALSE
4177,0.9590001109960191,18.441001795875472,0.7441733865145468,0.4659261670296697,0.8778217393887301,-5.697310187383575,miscanthus_sacchariflorus_ssp_lutarioriparius_15wks vs miscanthus_sinensis_15wks,FALSE
4316,-1.2410620353207698,19.780194584602736,-0.7417419741385701,0.46736383256089276,0.8788951070950773,-5.699035843653005,miscanthus_sacchariflorus_ssp_lutarioriparius_15wks vs miscanthus_sinensis_15wks,FALSE
2565,-0.5968992995412883,25.319105808523204,-0.7402908149252089,0.46822315142903226,0.8788951070950773,-5.700063252012635,miscanthus_sacchariflorus_ssp_lutarioriparius_15wks vs miscanthus_sinensis_15wks,FALSE
5328,0.6500269174839843,16.939607410608566,0.7395854152562347,0.4686412025201434,0.8788951070950773,-5.700561985930136,miscanthus_sacchariflorus_ssp_lutarioriparius_15wks vs miscanthus_sinensis_15wks,FALSE
2187,-2.057741333719637,20.7160081962629,-0.7384642731170077,0.46930610035132825,0.8788951070950773,-5.7013537396881535,miscanthus_sacchariflorus_ssp_lutarioriparius_15wks vs miscanthus_sinensis_15wks,FALSE
4029,0.8286516506604258,19.379684700230428,0.7327104804833638,0.47272727118985125,0.8830899622878472,-5.705399307204675,miscanthus_sacchariflorus_ssp_lutarioriparius_15wks vs miscanthus_sinensis_15wks,FALSE
3614,0.8793874162790161,17.108501485998683,0.731774955541224,0.4732849286654047,0.8830899622878472,-5.706054272922195,miscanthus_sacchariflorus_ssp_lutarioriparius_15wks vs miscanthus_sinensis_15wks,FALSE
1491,1.0698369869044129,17.332698804530192,0.731139801576793,0.47366376074751837,0.8830899622878472,-5.706498498508933,miscanthus_sacchariflorus_ssp_lutarioriparius_15wks vs miscanthus_sinensis_15wks,FALSE
2230,-0.624067174346937,17.590138769951533,-0.7274102515354879,0.4758918517676184,0.8857965937837846,-5.7090996114335,miscanthus_sacchariflorus_ssp_lutarioriparius_15wks vs miscanthus_sinensis_15wks,FALSE
2221,1.0738467026133165,18.631617754060823,0.726341204655107,0.476531660764578,0.8857965937837846,-5.709842890145155,miscanthus_sacchariflorus_ssp_lutarioriparius_15wks vs miscanthus_sinensis_15wks,FALSE
4500,0.4745581092059723,16.789842074842657,0.7230762735803018,0.4784888248224256,0.8860407507783832,-5.7121065294573965,miscanthus_sacchariflorus_ssp_lutarioriparius_15wks vs miscanthus_sinensis_15wks,FALSE
5171,-1.0528971479384488,18.199712245722278,-0.7215406790160566,0.4794109769046355,0.8860407507783832,-5.713167862905411,miscanthus_sacchariflorus_ssp_lutarioriparius_15wks vs miscanthus_sinensis_15wks,FALSE
1250,-1.321720914658325,18.973385961919323,-0.7197864559230317,0.4804657011813276,0.8860407507783832,-5.714377699072085,miscanthus_sacchariflorus_ssp_lutarioriparius_15wks vs miscanthus_sinensis_15wks,FALSE
1261,1.0809152849060695,17.949791586310006,0.7187743971359964,0.4810748214960845,0.8860407507783832,-5.715074422903481,miscanthus_sacchariflorus_ssp_lutarioriparius_15wks vs miscanthus_sinensis_15wks,FALSE
3644,0.5520305725750525,17.03254631076646,0.718604982088933,0.4811768304704055,0.8860407507783832,-5.715190961650757,miscanthus_sacchariflorus_ssp_lutarioriparius_15wks vs miscanthus_sinensis_15wks,FALSE
4235,-0.720937254846767,22.45460259496156,-0.7166630652478712,0.48234701531330304,0.8860407507783832,-5.716524933745429,miscanthus_sacchariflorus_ssp_lutarioriparius_15wks vs miscanthus_sinensis_15wks,FALSE
2071,-1.427836050817362,19.009899302775494,-0.7156671870870255,0.48294777233819264,0.8860407507783832,-5.717207716793235,miscanthus_sacchariflorus_ssp_lutarioriparius_15wks vs miscanthus_sinensis_15wks,FALSE
380,1.4710760788388377,17.85218139028649,0.7148224532874877,0.4834576967081985,0.8860407507783832,-5.717786171519532,miscanthus_sacchariflorus_ssp_lutarioriparius_15wks vs miscanthus_sinensis_15wks,FALSE
1154,1.2843000940341476,18.67416753077073,0.7145160754586611,0.4836427200191342,0.8860407507783832,-5.717995812826498,miscanthus_sacchariflorus_ssp_lutarioriparius_15wks vs miscanthus_sinensis_15wks,FALSE
3468,-1.3150171677661646,19.040283756870668,-0.7133972579324686,0.4843187329583931,0.8860407507783832,-5.718760651458959,miscanthus_sacchariflorus_ssp_lutarioriparius_15wks vs miscanthus_sinensis_15wks,FALSE
963,0.9107044686889374,17.69241618616634,0.7131736040833702,0.48445393567738937,0.8860407507783832,-5.718913408521253,miscanthus_sacchariflorus_ssp_lutarioriparius_15wks vs miscanthus_sinensis_15wks,FALSE
2347,-1.1587303135212075,19.199289407939492,-0.7059221829691795,0.48884951291664847,0.8906017863153838,-5.723841661709531,miscanthus_sacchariflorus_ssp_lutarioriparius_15wks vs miscanthus_sinensis_15wks,FALSE
1358,-0.41186114389095607,23.207327905328107,-0.7048455721691582,0.48950409523197447,0.8906017863153838,-5.724569296349038,miscanthus_sacchariflorus_ssp_lutarioriparius_15wks vs miscanthus_sinensis_15wks,FALSE
2208,0.9066693543902815,18.922404699337307,0.7045081593737902,0.48970934807762934,0.8906017863153838,-5.724797122972348,miscanthus_sacchariflorus_ssp_lutarioriparius_15wks vs miscanthus_sinensis_15wks,FALSE
1117,-0.5362702172887346,16.619849978328766,-0.7024016238174177,0.49099191418778376,0.8906017863153838,-5.726217157870751,miscanthus_sacchariflorus_ssp_lutarioriparius_15wks vs miscanthus_sinensis_15wks,FALSE
5058,0.3731195268654197,16.581238775676706,0.7018456425267353,0.49133074906435237,0.8906017863153838,-5.726591279177291,miscanthus_sacchariflorus_ssp_lutarioriparius_15wks vs miscanthus_sinensis_15wks,FALSE
2032,0.9472619599546945,23.081426676872308,0.6999581899901165,0.4924820421698626,0.8906017863153838,-5.727859260551495,miscanthus_sacchariflorus_ssp_lutarioriparius_15wks vs miscanthus_sinensis_15wks,FALSE
5053,-0.8515225962716144,17.746333858068137,-0.6993902386088653,0.49282878241275185,0.8906017863153838,-5.728240175222383,miscanthus_sacchariflorus_ssp_lutarioriparius_15wks vs miscanthus_sinensis_15wks,FALSE
2683,-0.8859871489179945,18.838967553243506,-0.6990401044836931,0.49304261340266864,0.8906017863153838,-5.728474858039242,miscanthus_sacchariflorus_ssp_lutarioriparius_15wks vs miscanthus_sinensis_15wks,FALSE
2579,0.5413546933225888,17.45587091935983,0.6985288378707827,0.49335494637614785,0.8906017863153838,-5.7288173426544935,miscanthus_sacchariflorus_ssp_lutarioriparius_15wks vs miscanthus_sinensis_15wks,FALSE
4626,0.9875547139409271,17.563858259376325,0.695317914030543,0.4953191174084629,0.8920700633634413,-5.730962837187204,miscanthus_sacchariflorus_ssp_lutarioriparius_15wks vs miscanthus_sinensis_15wks,FALSE
4656,1.379792369642768,18.95146724857603,0.694868354663498,0.4955944796463563,0.8920700633634413,-5.731262479642096,miscanthus_sacchariflorus_ssp_lutarioriparius_15wks vs miscanthus_sinensis_15wks,FALSE
1036,-1.3464788468321132,18.86117720502664,-0.6900194092499206,0.49857014449304815,0.8943742769431978,-5.734482753947734,miscanthus_sacchariflorus_ssp_lutarioriparius_15wks vs miscanthus_sinensis_15wks,FALSE
424,-0.7866931502676877,19.484693321989294,-0.6897088644808406,0.4987610666626848,0.8943742769431978,-5.734688264500293,miscanthus_sacchariflorus_ssp_lutarioriparius_15wks vs miscanthus_sinensis_15wks,FALSE
1114,-0.41054772290597086,22.796395592852164,-0.6892888119985279,0.49901938074048924,0.8943742769431978,-5.734966104952019,miscanthus_sacchariflorus_ssp_lutarioriparius_15wks vs miscanthus_sinensis_15wks,FALSE
78,1.7467964967172271,22.64584240891874,0.686606021575587,0.5006709920318559,0.8950250471800211,-5.736736831133631,miscanthus_sacchariflorus_ssp_lutarioriparius_15wks vs miscanthus_sinensis_15wks,FALSE
4165,-0.9004537236542873,18.670546301247484,-0.6854289867769296,0.5013965998320181,0.8950250471800211,-5.737511644909672,miscanthus_sacchariflorus_ssp_lutarioriparius_15wks vs miscanthus_sinensis_15wks,FALSE
5156,1.2190153019461683,20.605632886943702,0.6831315807826217,0.5028146168388252,0.8950250471800211,-5.739020340070286,miscanthus_sacchariflorus_ssp_lutarioriparius_15wks vs miscanthus_sinensis_15wks,FALSE
4645,-0.47517217740834283,17.053705791381997,-0.6808177268474687,0.504245099181505,0.8950250471800211,-5.740534979335647,miscanthus_sacchariflorus_ssp_lutarioriparius_15wks vs miscanthus_sinensis_15wks,FALSE
1006,-0.49246264689178076,16.5782419257699,-0.68071437597465,0.5043090473776044,0.8950250471800211,-5.740602518625632,miscanthus_sacchariflorus_ssp_lutarioriparius_15wks vs miscanthus_sinensis_15wks,FALSE
3421,0.40914950249069904,16.51915115132908,0.6804792886436043,0.5044545245278722,0.8950250471800211,-5.740756110807365,miscanthus_sacchariflorus_ssp_lutarioriparius_15wks vs miscanthus_sinensis_15wks,FALSE
2950,-1.253478925021092,19.52544786952405,-0.6743374687564292,0.5082636801172735,0.8950250471800211,-5.7447509650489375,miscanthus_sacchariflorus_ssp_lutarioriparius_15wks vs miscanthus_sinensis_15wks,FALSE
1270,-0.3638448763506297,16.56488451419662,-0.673242499840166,0.5089444890466299,0.8950250471800211,-5.745459557966031,miscanthus_sacchariflorus_ssp_lutarioriparius_15wks vs miscanthus_sinensis_15wks,FALSE
2967,-0.47657122360296356,21.765834028398324,-0.6720960749378978,0.509657844509151,0.8950250471800211,-5.746200277464933,miscanthus_sacchariflorus_ssp_lutarioriparius_15wks vs miscanthus_sinensis_15wks,FALSE
177,1.1211203553375064,21.532498847263877,0.6718123444303328,0.5098344812851536,0.8950250471800211,-5.746383414126833,miscanthus_sacchariflorus_ssp_lutarioriparius_15wks vs miscanthus_sinensis_15wks,FALSE
707,0.6197454630537109,22.925305938371416,0.6707905485043242,0.5104708884425293,0.8950250471800211,-5.7470423335422876,miscanthus_sacchariflorus_ssp_lutarioriparius_15wks vs miscanthus_sinensis_15wks,FALSE
314,-0.7917566531242528,21.95523306249642,-0.669520958027809,0.5112622551267492,0.8950250471800211,-5.747859718675522,miscanthus_sacchariflorus_ssp_lutarioriparius_15wks vs miscanthus_sinensis_15wks,FALSE
101,0.6879857091036428,22.749710480189183,0.6691403301084329,0.5114996446777177,0.8950250471800211,-5.748104486954962,miscanthus_sacchariflorus_ssp_lutarioriparius_15wks vs miscanthus_sinensis_15wks,FALSE
2066,-0.6481996967255341,17.267734104314826,-0.668617023334518,0.5118261215339306,0.8950250471800211,-5.748440790903749,miscanthus_sacchariflorus_ssp_lutarioriparius_15wks vs miscanthus_sinensis_15wks,FALSE
920,-0.8976137791058072,19.42220109584067,-0.6681155939628407,0.5121390599263327,0.8950250471800211,-5.748762800619759,miscanthus_sacchariflorus_ssp_lutarioriparius_15wks vs miscanthus_sinensis_15wks,FALSE
555,-0.35006446700915816,20.71891775068324,-0.6670475944760096,0.5128059500338062,0.8950250471800211,-5.749447886694704,miscanthus_sacchariflorus_ssp_lutarioriparius_15wks vs miscanthus_sinensis_15wks,FALSE
2041,-1.0446193781462156,25.784900098179342,-0.6657611822728043,0.5136098725049758,0.8950250471800211,-5.750271693405105,miscanthus_sacchariflorus_ssp_lutarioriparius_15wks vs miscanthus_sinensis_15wks,FALSE
1564,-1.0652561359985953,23.025869326226008,-0.6654396328874337,0.5138109303162182,0.8950250471800211,-5.750477374431749,miscanthus_sacchariflorus_ssp_lutarioriparius_15wks vs miscanthus_sinensis_15wks,FALSE
4568,0.9969780782284019,19.01325104028172,0.6649817165340481,0.5140973318176241,0.8950250471800211,-5.75077012028132,miscanthus_sacchariflorus_ssp_lutarioriparius_15wks vs miscanthus_sinensis_15wks,FALSE
4197,-1.546077625810966,20.022151262472967,-0.6638545521726005,0.514802693405382,0.8950250471800211,-5.75148989954217,miscanthus_sacchariflorus_ssp_lutarioriparius_15wks vs miscanthus_sinensis_15wks,FALSE
198,-0.9047537674554214,20.776881775444995,-0.6619614975025873,0.515988559188723,0.8950250471800211,-5.752696143102402,miscanthus_sacchariflorus_ssp_lutarioriparius_15wks vs miscanthus_sinensis_15wks,FALSE
3946,0.5231140918878125,16.73095514608561,0.6618515762406566,0.516057464165674,0.8950250471800211,-5.752766083603176,miscanthus_sacchariflorus_ssp_lutarioriparius_15wks vs miscanthus_sinensis_15wks,FALSE
2166,1.2742039122612923,20.651577756283263,0.6617898397162804,0.5160961664367426,0.8950250471800211,-5.752805360359112,miscanthus_sacchariflorus_ssp_lutarioriparius_15wks vs miscanthus_sinensis_15wks,FALSE
709,1.1918008340377284,21.94109198514737,0.6608914976298864,0.5166595159845897,0.8950250471800211,-5.753376490739098,miscanthus_sacchariflorus_ssp_lutarioriparius_15wks vs miscanthus_sinensis_15wks,FALSE
388,1.251726260106544,20.408731086832407,0.6578351353165528,0.5185787351901958,0.8950250471800211,-5.755314074055824,miscanthus_sacchariflorus_ssp_lutarioriparius_15wks vs miscanthus_sinensis_15wks,FALSE
6281,-0.4851489943066092,16.406129661084304,-0.6559053344804303,0.5197925872243122,0.8950250471800211,-5.756533067757072,miscanthus_sacchariflorus_ssp_lutarioriparius_15wks vs miscanthus_sinensis_15wks,FALSE
3840,-0.797879594359653,20.653587445713622,-0.6550149498894005,0.5203531762560845,0.8950250471800211,-5.757094345281059,miscanthus_sacchariflorus_ssp_lutarioriparius_15wks vs miscanthus_sinensis_15wks,FALSE
5304,-0.5444946205857555,17.30469521581406,-0.65433074679344,0.5207841815398653,0.8950250471800211,-5.7575251572906465,miscanthus_sacchariflorus_ssp_lutarioriparius_15wks vs miscanthus_sinensis_15wks,FALSE
3548,-1.1193661398834784,19.726112212348852,-0.6536363135268433,0.5212218343866923,0.8950250471800211,-5.757961972120621,miscanthus_sacchariflorus_ssp_lutarioriparius_15wks vs miscanthus_sinensis_15wks,FALSE
5202,-0.9919271516160038,18.9121972185976,-0.6528933253226553,0.5216903145681828,0.8950250471800211,-5.75842883972735,miscanthus_sacchariflorus_ssp_lutarioriparius_15wks vs miscanthus_sinensis_15wks,FALSE
3508,-0.6910584122827252,20.940525287267548,-0.6525832313236115,0.5218859089733128,0.8950250471800211,-5.75862354220248,miscanthus_sacchariflorus_ssp_lutarioriparius_15wks vs miscanthus_sinensis_15wks,FALSE
3575,0.48316605064065143,16.272405878032764,0.649631778835842,0.5237496013778791,0.8950250471800211,-5.760472293186875,miscanthus_sacchariflorus_ssp_lutarioriparius_15wks vs miscanthus_sinensis_15wks,FALSE
3960,0.44084429563163496,16.363420087935012,0.6488628818270209,0.524235726023193,0.8950250471800211,-5.760952608320099,miscanthus_sacchariflorus_ssp_lutarioriparius_15wks vs miscanthus_sinensis_15wks,FALSE
1858,0.6018143094237658,17.428843687037485,0.6486265629191919,0.5243851856355337,0.8950250471800211,-5.7611001232138195,miscanthus_sacchariflorus_ssp_lutarioriparius_15wks vs miscanthus_sinensis_15wks,FALSE
1233,-0.864556703819936,19.05639931792495,-0.6437555000298576,0.5274711332823304,0.8950250471800211,-5.764129318942969,miscanthus_sacchariflorus_ssp_lutarioriparius_15wks vs miscanthus_sinensis_15wks,FALSE
4435,0.38315807119291634,17.009990964883748,0.6437116002053301,0.5274989904527501,0.8950250471800211,-5.764156520121418,miscanthus_sacchariflorus_ssp_lutarioriparius_15wks vs miscanthus_sinensis_15wks,FALSE
5951,0.37926094037178615,16.549212825345744,0.6435708568111959,0.5275883063628652,0.8950250471800211,-5.764243715509529,miscanthus_sacchariflorus_ssp_lutarioriparius_15wks vs miscanthus_sinensis_15wks,FALSE
4788,0.6856685954759492,17.526163469533206,0.6421722666563844,0.5284763060226598,0.8950250471800211,-5.76510920150705,miscanthus_sacchariflorus_ssp_lutarioriparius_15wks vs miscanthus_sinensis_15wks,FALSE
1492,-0.9517182641703705,19.390833343412552,-0.6419375627136056,0.5286254059824623,0.8950250471800211,-5.7652542666568145,miscanthus_sacchariflorus_ssp_lutarioriparius_15wks vs miscanthus_sinensis_15wks,FALSE
2107,-0.8012382773741962,17.75848047659498,-0.6410907079629641,0.5291635783333895,0.8950250471800211,-5.765777267423884,miscanthus_sacchariflorus_ssp_lutarioriparius_15wks vs miscanthus_sinensis_15wks,FALSE
4192,-0.6843038231740586,17.803521421394876,-0.6380469754982516,0.5311003415272979,0.8950250471800211,-5.76765157405013,miscanthus_sacchariflorus_ssp_lutarioriparius_15wks vs miscanthus_sinensis_15wks,FALSE
3781,0.6182763196294303,18.989269577009388,0.6374415787340638,0.5314860257067557,0.8950250471800211,-5.768023356997071,miscanthus_sacchariflorus_ssp_lutarioriparius_15wks vs miscanthus_sinensis_15wks,FALSE
601,0.38730451456235926,24.523624052245573,0.6361610463745687,0.5323023285006317,0.8950250471800211,-5.7688086398616285,miscanthus_sacchariflorus_ssp_lutarioriparius_15wks vs miscanthus_sinensis_15wks,FALSE
4551,0.5784726474889297,20.223349279116174,0.6361498076625006,0.5323094958953875,0.8950250471800211,-5.768815525292486,miscanthus_sacchariflorus_ssp_lutarioriparius_15wks vs miscanthus_sinensis_15wks,FALSE
3204,-0.9645876003788629,19.043519385640256,-0.6360350216164524,0.5323827027623953,0.8950250471800211,-5.768885842655451,miscanthus_sacchariflorus_ssp_lutarioriparius_15wks vs miscanthus_sinensis_15wks,FALSE
2117,-0.3593149628944481,22.40705879268814,-0.6349097463001863,0.533100659028549,0.8950250471800211,-5.7695745387775235,miscanthus_sacchariflorus_ssp_lutarioriparius_15wks vs miscanthus_sinensis_15wks,FALSE
3464,0.3863768639685432,16.80793031136202,0.6343431931055736,0.5334623356320868,0.8950250471800211,-5.76992084222213,miscanthus_sacchariflorus_ssp_lutarioriparius_15wks vs miscanthus_sinensis_15wks,FALSE
954,-1.190342696096078,20.364782003872993,-0.632917480758078,0.5343730757115673,0.8950250471800211,-5.770790996182148,miscanthus_sacchariflorus_ssp_lutarioriparius_15wks vs miscanthus_sinensis_15wks,FALSE
795,-0.43479756614417653,16.74055961965924,-0.6305148235942226,0.5359098023035314,0.8950250471800211,-5.772253173667291,miscanthus_sacchariflorus_ssp_lutarioriparius_15wks vs miscanthus_sinensis_15wks,FALSE
4887,0.562171511248426,17.42716277005035,0.627756239981747,0.5376771400372442,0.8950250471800211,-5.773925398696746,miscanthus_sacchariflorus_ssp_lutarioriparius_15wks vs miscanthus_sinensis_15wks,FALSE
5495,-0.7638919158009472,18.166027853412373,-0.6271286666795651,0.5380796479335312,0.8950250471800211,-5.774304848036933,miscanthus_sacchariflorus_ssp_lutarioriparius_15wks vs miscanthus_sinensis_15wks,FALSE
1787,-0.7303741256795462,25.69943047408175,-0.6260149742478086,0.53879434128454,0.8950250471800211,-5.774977325543373,miscanthus_sacchariflorus_ssp_lutarioriparius_15wks vs miscanthus_sinensis_15wks,FALSE
1614,0.5385642941636135,16.431423357065203,0.6258063011275828,0.5389283109542226,0.8950250471800211,-5.775103200796419,miscanthus_sacchariflorus_ssp_lutarioriparius_15wks vs miscanthus_sinensis_15wks,FALSE
563,0.3767050246843624,28.660732461786328,0.6257286562734069,0.5389781641258744,0.8950250471800211,-5.775150027273105,miscanthus_sacchariflorus_ssp_lutarioriparius_15wks vs miscanthus_sinensis_15wks,FALSE
3597,-0.843704531680288,17.71625955134896,-0.62506359294008,0.5394052814536312,0.8950250471800211,-5.775550889515858,miscanthus_sacchariflorus_ssp_lutarioriparius_15wks vs miscanthus_sinensis_15wks,FALSE
1844,0.8867389191069321,17.790929980454294,0.6249977915504952,0.5394475504186538,0.8950250471800211,-5.775590528666387,miscanthus_sacchariflorus_ssp_lutarioriparius_15wks vs miscanthus_sinensis_15wks,FALSE
638,0.814403412767291,19.371833607470883,0.6227387425245712,0.5408997869857,0.8962458722107426,-5.776948971268264,miscanthus_sacchariflorus_ssp_lutarioriparius_15wks vs miscanthus_sinensis_15wks,FALSE
2607,1.0387990120146924,18.970494728256917,0.6208633963864906,0.5421069615582023,0.8963165549685511,-5.77807310365035,miscanthus_sacchariflorus_ssp_lutarioriparius_15wks vs miscanthus_sinensis_15wks,FALSE
4747,-0.5581814380036327,22.082413414696354,-0.6201140489358645,0.5425897281413453,0.8963165549685511,-5.7785213748458935,miscanthus_sacchariflorus_ssp_lutarioriparius_15wks vs miscanthus_sinensis_15wks,FALSE
818,0.65192045707375,17.378600320894314,0.6193349844226592,0.5430918854245897,0.8963165549685511,-5.778986873637787,miscanthus_sacchariflorus_ssp_lutarioriparius_15wks vs miscanthus_sinensis_15wks,FALSE
4631,-0.5632698109540968,17.288022469850453,-0.6166147750207431,0.5448471957081069,0.8980287771157336,-5.780607830906057,miscanthus_sacchariflorus_ssp_lutarioriparius_15wks vs miscanthus_sinensis_15wks,FALSE
6134,0.8306416645247872,17.703524293376532,0.6095964596266822,0.5493900375458152,0.9032661730620459,-5.784758425137434,miscanthus_sacchariflorus_ssp_lutarioriparius_15wks vs miscanthus_sinensis_15wks,FALSE
1272,0.3313149576114185,17.173883935363676,0.6094749426239991,0.5494688710633229,0.9032661730620459,-5.784829888495429,miscanthus_sacchariflorus_ssp_lutarioriparius_15wks vs miscanthus_sinensis_15wks,FALSE
2012,0.8961758870648815,17.886825162704877,0.6073361078806913,0.5508574152302017,0.903728661286479,-5.786085486570724,miscanthus_sacchariflorus_ssp_lutarioriparius_15wks vs miscanthus_sinensis_15wks,FALSE
767,0.7416367230349223,17.666561387057573,0.606816516133964,0.5511950188341994,0.903728661286479,-5.7863898725409175,miscanthus_sacchariflorus_ssp_lutarioriparius_15wks vs miscanthus_sinensis_15wks,FALSE
1182,-0.4637010065348939,20.150981107336516,-0.605625016431234,0.5519696082465007,0.9038141098381837,-5.7870869303215375,miscanthus_sacchariflorus_ssp_lutarioriparius_15wks vs miscanthus_sinensis_15wks,FALSE
731,-0.3893607487040178,16.691993504621017,-0.6021616112153109,0.5542244316204159,0.9063199528851507,-5.7891056460640495,miscanthus_sacchariflorus_ssp_lutarioriparius_15wks vs miscanthus_sinensis_15wks,FALSE
5742,0.3798025541177843,16.619519973434745,0.5996751503927049,0.5558462228962302,0.9077854110224335,-5.790548076632572,miscanthus_sacchariflorus_ssp_lutarioriparius_15wks vs miscanthus_sinensis_15wks,FALSE
2061,-0.6671259518092185,17.467999852181062,-0.5980144337420028,0.5569308166490643,0.9083708626179653,-5.791508289317517,miscanthus_sacchariflorus_ssp_lutarioriparius_15wks vs miscanthus_sinensis_15wks,FALSE
6015,-0.9001833159109012,21.693823792248153,-0.5966086870323003,0.5578497630334823,0.9086849655662583,-5.792319081786179,miscanthus_sacchariflorus_ssp_lutarioriparius_15wks vs miscanthus_sinensis_15wks,FALSE
119,-0.5809387613714314,24.77453130943341,-0.5936858153612907,0.5597630140788932,0.9094236732307296,-5.7939990377367065,miscanthus_sacchariflorus_ssp_lutarioriparius_15wks vs miscanthus_sinensis_15wks,FALSE
90,1.2429896645885776,21.14571111555523,0.5916713502866333,0.5610836410632918,0.9094236732307296,-5.795152260533245,miscanthus_sacchariflorus_ssp_lutarioriparius_15wks vs miscanthus_sinensis_15wks,FALSE
2207,-0.7642752658685126,17.37032491326657,-0.5916198923273353,0.5611173968039516,0.9094236732307296,-5.795181669373377,miscanthus_sacchariflorus_ssp_lutarioriparius_15wks vs miscanthus_sinensis_15wks,FALSE
1402,-0.2833697831987756,23.819983848300637,-0.5914770703257904,0.5612110917139275,0.9094236732307296,-5.795263280975789,miscanthus_sacchariflorus_ssp_lutarioriparius_15wks vs miscanthus_sinensis_15wks,FALSE
124,-0.950161127166087,18.349984443303473,-0.589430026367023,0.5625549037987436,0.910421972383219,-5.796430924969036,miscanthus_sacchariflorus_ssp_lutarioriparius_15wks vs miscanthus_sinensis_15wks,FALSE
5081,-0.515004923940868,21.546122601832174,-0.5862662490718435,0.564635110371448,0.9109170420771602,-5.798227901447295,miscanthus_sacchariflorus_ssp_lutarioriparius_15wks vs miscanthus_sinensis_15wks,FALSE
5193,-0.5817926128213493,18.391131540766317,-0.584176887013009,0.5660110716169221,0.9109170420771602,-5.799409526016562,miscanthus_sacchariflorus_ssp_lutarioriparius_15wks vs miscanthus_sinensis_15wks,FALSE
1694,-0.42819269202746213,24.694563935003714,-0.5823727358250043,0.5672006041213623,0.9109170420771602,-5.800426585526498,miscanthus_sacchariflorus_ssp_lutarioriparius_15wks vs miscanthus_sinensis_15wks,FALSE
4,0.5328832809468977,23.85354521430423,0.5819429412737267,0.5674841717845722,0.9109170420771602,-5.800668428350542,miscanthus_sacchariflorus_ssp_lutarioriparius_15wks vs miscanthus_sinensis_15wks,FALSE
3951,-0.8515517087723445,18.3545125872924,-0.5813623729475424,0.5678673326930278,0.9109170420771602,-5.800994837820411,miscanthus_sacchariflorus_ssp_lutarioriparius_15wks vs miscanthus_sinensis_15wks,FALSE
1225,-0.9460230829876366,21.069852557827453,-0.5812424131967648,0.5679465198792348,0.9109170420771602,-5.801062242983442,miscanthus_sacchariflorus_ssp_lutarioriparius_15wks vs miscanthus_sinensis_15wks,FALSE
2256,-1.1212649338426814,19.634453552849067,-0.5812252228268462,0.5679578679617785,0.9109170420771602,-5.8010719011238185,miscanthus_sacchariflorus_ssp_lutarioriparius_15wks vs miscanthus_sinensis_15wks,FALSE
710,-0.3597320428356099,23.950253589527854,-0.5747427898034138,0.5722455355377248,0.9133539241639305,-5.8046943451062605,miscanthus_sacchariflorus_ssp_lutarioriparius_15wks vs miscanthus_sinensis_15wks,FALSE
17,-0.949461178846505,20.054821141567828,-0.5709354976810794,0.5747715161160315,0.9133539241639305,-5.806803650059528,miscanthus_sacchariflorus_ssp_lutarioriparius_15wks vs miscanthus_sinensis_15wks,FALSE
418,0.7634200751649445,19.37563773788864,0.5708417305885145,0.5748337985841974,0.9133539241639305,-5.806855428159105,miscanthus_sacchariflorus_ssp_lutarioriparius_15wks vs miscanthus_sinensis_15wks,FALSE
5252,0.7258386050308623,18.66692227536354,0.5700167332018813,0.5753819313634934,0.9133539241639305,-5.807310637577574,miscanthus_sacchariflorus_ssp_lutarioriparius_15wks vs miscanthus_sinensis_15wks,FALSE
406,0.6933078431976725,21.340649646145195,0.568894946328212,0.5761276808260761,0.9133539241639305,-5.807928588533331,miscanthus_sacchariflorus_ssp_lutarioriparius_15wks vs miscanthus_sinensis_15wks,FALSE
169,-0.8618421191547796,21.339072700906364,-0.5678633607818552,0.5768139006068751,0.9133539241639305,-5.80849581500522,miscanthus_sacchariflorus_ssp_lutarioriparius_15wks vs miscanthus_sinensis_15wks,FALSE
1923,-0.5165371227405338,24.43242002532399,-0.567311589438105,0.577181114668459,0.9133539241639305,-5.808798803895814,miscanthus_sacchariflorus_ssp_lutarioriparius_15wks vs miscanthus_sinensis_15wks,FALSE
3779,0.9639474507558532,18.72680277033808,0.5668135566779862,0.5775126669078972,0.9133539241639305,-5.809072039944791,miscanthus_sacchariflorus_ssp_lutarioriparius_15wks vs miscanthus_sinensis_15wks,FALSE
4254,-0.4689118458269341,17.695982072474195,-0.5661465570181665,0.577956856228653,0.9133539241639305,-5.809437613891901,miscanthus_sacchariflorus_ssp_lutarioriparius_15wks vs miscanthus_sinensis_15wks,FALSE
997,0.8217039930468495,17.6691863461237,0.5657709622044237,0.578207060554103,0.9133539241639305,-5.809643289879329,miscanthus_sacchariflorus_ssp_lutarioriparius_15wks vs miscanthus_sinensis_15wks,FALSE
373,0.8871640277237454,18.51426567094288,0.5642423316717299,0.5792259330372347,0.9133539241639305,-5.810479010702671,miscanthus_sacchariflorus_ssp_lutarioriparius_15wks vs miscanthus_sinensis_15wks,FALSE
111,-0.2955962026996559,26.399268537499374,-0.5612964468812929,0.581192009138052,0.9133539241639305,-5.812083408624841,miscanthus_sacchariflorus_ssp_lutarioriparius_15wks vs miscanthus_sinensis_15wks,FALSE
4252,-0.5406778495192448,19.798260981612785,-0.5612221002667321,0.5812416715241024,0.9133539241639305,-5.812123794688791,miscanthus_sacchariflorus_ssp_lutarioriparius_15wks vs miscanthus_sinensis_15wks,FALSE
2080,-0.8655768017781043,28.843569230437513,-0.5603023880941754,0.5818562024263032,0.9133539241639305,-5.812622967508104,miscanthus_sacchariflorus_ssp_lutarioriparius_15wks vs miscanthus_sinensis_15wks,FALSE
2659,-0.43818911087316437,16.845972656840075,-0.5597058865114509,0.582254946726736,0.9133539241639305,-5.812946295671723,miscanthus_sacchariflorus_ssp_lutarioriparius_15wks vs miscanthus_sinensis_15wks,FALSE
3768,-1.130634384066557,24.93581970001741,-0.5594457067073321,0.5824289127082927,0.9133539241639305,-5.813087219605536,miscanthus_sacchariflorus_ssp_lutarioriparius_15wks vs miscanthus_sinensis_15wks,FALSE
485,-0.4313214715528062,25.896828971390367,-0.5592050900213044,0.582589821400415,0.9133539241639305,-5.813217491066807,miscanthus_sacchariflorus_ssp_lutarioriparius_15wks vs miscanthus_sinensis_15wks,FALSE
1902,-0.4134191669322007,24.155105834110138,-0.5586103936710305,0.5829876115995439,0.9133539241639305,-5.813539231506453,miscanthus_sacchariflorus_ssp_lutarioriparius_15wks vs miscanthus_sinensis_15wks,FALSE
1598,-1.1243287015549512,20.423669272426455,-0.5575256225663303,0.5837135635496815,0.9133539241639305,-5.814125259118218,miscanthus_sacchariflorus_ssp_lutarioriparius_15wks vs miscanthus_sinensis_15wks,FALSE
113,1.490305937187106,20.06497751560138,0.5559125782027783,0.5847938882754072,0.9133539241639305,-5.814994642827929,miscanthus_sacchariflorus_ssp_lutarioriparius_15wks vs miscanthus_sinensis_15wks,FALSE
4013,-0.37288141584054557,25.662336807656523,-0.5536819143301346,0.5862895131043478,0.9133539241639305,-5.816192897004165,miscanthus_sacchariflorus_ssp_lutarioriparius_15wks vs miscanthus_sinensis_15wks,FALSE
4376,-0.44549792696452784,22.464158937515887,-0.5530353058333661,0.5867234121271381,0.9133539241639305,-5.816539368126412,miscanthus_sacchariflorus_ssp_lutarioriparius_15wks vs miscanthus_sinensis_15wks,FALSE
1684,-0.6685135735871626,25.7598395651981,-0.551852025870037,0.5875178545106798,0.9133539241639305,-5.817172390191766,miscanthus_sacchariflorus_ssp_lutarioriparius_15wks vs miscanthus_sinensis_15wks,FALSE
3747,-0.946219568745974,19.404804207680545,-0.5517669512653233,0.5875749934828911,0.9133539241639305,-5.817217852274535,miscanthus_sacchariflorus_ssp_lutarioriparius_15wks vs miscanthus_sinensis_15wks,FALSE
3724,-0.7488871796456706,18.353099489490425,-0.5513206541265985,0.587874787213591,0.9133539241639305,-5.817456233144091,miscanthus_sacchariflorus_ssp_lutarioriparius_15wks vs miscanthus_sinensis_15wks,FALSE
196,0.4202187786219227,17.264649164108782,0.549920362216573,0.5888159093534664,0.9133539241639305,-5.81820296171052,miscanthus_sacchariflorus_ssp_lutarioriparius_15wks vs miscanthus_sinensis_15wks,FALSE
3339,-1.1179394059237069,20.11073796400317,-0.5493641516038016,0.5891899414870438,0.9133539241639305,-5.818499060846453,miscanthus_sacchariflorus_ssp_lutarioriparius_15wks vs miscanthus_sinensis_15wks,FALSE
4230,0.71576971354256,22.933951330476788,0.5450082233930992,0.5921232409633101,0.9150536531433457,-5.820807925197729,miscanthus_sacchariflorus_ssp_lutarioriparius_15wks vs miscanthus_sinensis_15wks,FALSE
531,0.8108341319434444,20.02393716561668,0.5436592284515185,0.5930331271025981,0.9150536531433457,-5.821519357047485,miscanthus_sacchariflorus_ssp_lutarioriparius_15wks vs miscanthus_sinensis_15wks,FALSE
2160,0.9151685064037913,17.892015828394577,0.5423371289062997,0.5939255440253385,0.9150536531433457,-5.822214950173295,miscanthus_sacchariflorus_ssp_lutarioriparius_15wks vs miscanthus_sinensis_15wks,FALSE
3110,-0.7378519604310547,22.049718583183306,-0.5411010503797324,0.5947604971007432,0.9150536531433457,-5.822863803312462,miscanthus_sacchariflorus_ssp_lutarioriparius_15wks vs miscanthus_sinensis_15wks,FALSE
3957,-0.35007426466965796,21.436360011383865,-0.5407113075156241,0.5950238828928192,0.9150536531433457,-5.823068093521589,miscanthus_sacchariflorus_ssp_lutarioriparius_15wks vs miscanthus_sinensis_15wks,FALSE
3560,-0.8542605804506529,18.590551932239105,-0.5403505596339346,0.5952677253524965,0.9150536531433457,-5.823257058606224,miscanthus_sacchariflorus_ssp_lutarioriparius_15wks vs miscanthus_sinensis_15wks,FALSE
3930,-0.5673236624655722,18.01792751303515,-0.5397658914098432,0.5956630282905693,0.9150536531433457,-5.823563057331133,miscanthus_sacchariflorus_ssp_lutarioriparius_15wks vs miscanthus_sinensis_15wks,FALSE
422,-0.5345540854942676,24.545776282488283,-0.539063537420788,0.5961380713923475,0.9150536531433457,-5.823930225593326,miscanthus_sacchariflorus_ssp_lutarioriparius_15wks vs miscanthus_sinensis_15wks,FALSE
189,-0.7055620372086544,28.495444924983527,-0.5357242261487799,0.5983991920879655,0.9171652956488111,-5.825669580992864,miscanthus_sacchariflorus_ssp_lutarioriparius_15wks vs miscanthus_sinensis_15wks,FALSE
4671,0.5472322718431144,18.740231901887167,0.5340286643486104,0.5995489026039134,0.9171652956488111,-5.8265487471522714,miscanthus_sacchariflorus_ssp_lutarioriparius_15wks vs miscanthus_sinensis_15wks,FALSE
3024,-0.282471868941343,18.685143861175124,-0.5332967132682942,0.6000455510553353,0.9171652956488111,-5.826927437348348,miscanthus_sacchariflorus_ssp_lutarioriparius_15wks vs miscanthus_sinensis_15wks,FALSE
2507,0.4352863394621096,18.75697590854754,0.5318466159809696,0.6010300747699672,0.9171652956488111,-5.827676190072792,miscanthus_sacchariflorus_ssp_lutarioriparius_15wks vs miscanthus_sinensis_15wks,FALSE
636,0.7965180289487996,18.189978303360956,0.5316266443736982,0.6011794903533374,0.9171652956488111,-5.827789599166356,miscanthus_sacchariflorus_ssp_lutarioriparius_15wks vs miscanthus_sinensis_15wks,FALSE
54,0.6231346343648809,21.68940254913943,0.5297617504659228,0.6024469462262692,0.9179794515579326,-5.828749242479443,miscanthus_sacchariflorus_ssp_lutarioriparius_15wks vs miscanthus_sinensis_15wks,FALSE
482,1.14968425600604,18.934063554361522,0.5274117284286847,0.6040459650334836,0.9184740787249462,-5.829953871779854,miscanthus_sacchariflorus_ssp_lutarioriparius_15wks vs miscanthus_sinensis_15wks,FALSE
381,1.158254519668052,18.647885967196114,0.526534538093273,0.6046433569063057,0.9184740787249462,-5.830402192348575,miscanthus_sacchariflorus_ssp_lutarioriparius_15wks vs miscanthus_sinensis_15wks,FALSE
274,1.2530986322304116,21.04100534996159,0.5247343324550678,0.6058702453729573,0.9184740787249462,-5.831319988579228,miscanthus_sacchariflorus_ssp_lutarioriparius_15wks vs miscanthus_sinensis_15wks,FALSE
3229,-0.4210718591579976,17.91140190607802,-0.5243999700963067,0.6060982548898294,0.9184740787249462,-5.831490120530956,miscanthus_sacchariflorus_ssp_lutarioriparius_15wks vs miscanthus_sinensis_15wks,FALSE
1224,0.3944582964485015,16.797583301970825,0.5238821810861451,0.6064514292100909,0.9184740787249462,-5.831753377101778,miscanthus_sacchariflorus_ssp_lutarioriparius_15wks vs miscanthus_sinensis_15wks,FALSE
2422,-0.6566610557239834,24.948456726183483,-0.5221210603213856,0.6076534010565585,0.9184740787249462,-5.8326468865508225,miscanthus_sacchariflorus_ssp_lutarioriparius_15wks vs miscanthus_sinensis_15wks,FALSE
3807,0.3449547594919373,18.408582132705973,0.5217439918644426,0.6079109010265831,0.9184740787249462,-5.8328378140680845,miscanthus_sacchariflorus_ssp_lutarioriparius_15wks vs miscanthus_sinensis_15wks,FALSE
1111,-0.581334253334493,17.626387331941988,-0.5179877293597898,0.6104789188607969,0.9199495295539243,-5.834732481904838,miscanthus_sacchariflorus_ssp_lutarioriparius_15wks vs miscanthus_sinensis_15wks,FALSE
371,-0.6700170452865386,22.55937967326279,-0.5171123156510636,0.6110781539107966,0.9199495295539243,-5.835172134462214,miscanthus_sacchariflorus_ssp_lutarioriparius_15wks vs miscanthus_sinensis_15wks,FALSE
255,0.7584130084534948,22.525925382610584,0.5163709378420399,0.6115858595078297,0.9199495295539243,-5.8355439068643555,miscanthus_sacchariflorus_ssp_lutarioriparius_15wks vs miscanthus_sinensis_15wks,FALSE
1662,0.9318701132439315,21.334301262166864,0.5140430216273503,0.6131813591461,0.9199495295539243,-5.836707902654414,miscanthus_sacchariflorus_ssp_lutarioriparius_15wks vs miscanthus_sinensis_15wks,FALSE
2958,-0.5876110862625232,20.293331729307365,-0.5135764583833883,0.6135013695858338,0.9199495295539243,-5.836940577765432,miscanthus_sacchariflorus_ssp_lutarioriparius_15wks vs miscanthus_sinensis_15wks,FALSE
280,0.39616468124782145,22.858889126824952,0.511120837492627,0.6151869635168444,0.9199495295539243,-5.838161815348634,miscanthus_sacchariflorus_ssp_lutarioriparius_15wks vs miscanthus_sinensis_15wks,FALSE
6151,0.6802601570877158,17.14030997125748,0.5110982620228165,0.6152024700425989,0.9199495295539243,-5.8381730162946015,miscanthus_sacchariflorus_ssp_lutarioriparius_15wks vs miscanthus_sinensis_15wks,FALSE
46,-0.24947029806387278,25.504717712279945,-0.5109874716209774,0.6152785718930152,0.9199495295539243,-5.838227978610514,miscanthus_sacchariflorus_ssp_lutarioriparius_15wks vs miscanthus_sinensis_15wks,FALSE
3865,-0.4883582326344431,17.400324646982664,-0.5106567072210375,0.6155058003490285,0.9199495295539243,-5.838391999602205,miscanthus_sacchariflorus_ssp_lutarioriparius_15wks vs miscanthus_sinensis_15wks,FALSE
2533,0.3700987383719401,16.546705496619857,0.5070323027976527,0.6179983006880094,0.9222633974897442,-5.840182528648383,miscanthus_sacchariflorus_ssp_lutarioriparius_15wks vs miscanthus_sinensis_15wks,FALSE
2637,-0.769947426193017,27.964036497202382,-0.5062624097375822,0.6185283696993568,0.9222633974897442,-5.8405612761569206,miscanthus_sacchariflorus_ssp_lutarioriparius_15wks vs miscanthus_sinensis_15wks,FALSE
5070,-0.5004803804263318,19.23939326722793,-0.5026862572506685,0.6209933504729579,0.924836525525798,-5.84231322616754,miscanthus_sacchariflorus_ssp_lutarioriparius_15wks vs miscanthus_sinensis_15wks,FALSE
5376,-1.1084545359338946,19.345739393002123,-0.5014513942578992,0.6218455920209066,0.9250045607825852,-5.842915379651339,miscanthus_sacchariflorus_ssp_lutarioriparius_15wks vs miscanthus_sinensis_15wks,FALSE
473,0.7711069197235716,18.131830460695618,0.49892711316631977,0.623589432045365,0.925502053513838,-5.844141809559418,miscanthus_sacchariflorus_ssp_lutarioriparius_15wks vs miscanthus_sinensis_15wks,FALSE
3627,-0.828505587381354,20.265976312422545,-0.49761595835214406,0.6244961141726211,0.925502053513838,-5.844776463546423,miscanthus_sacchariflorus_ssp_lutarioriparius_15wks vs miscanthus_sinensis_15wks,FALSE
4509,-0.6730104018689964,18.54734186980798,-0.4973391472006065,0.6246876116725573,0.925502053513838,-5.844910244149086,miscanthus_sacchariflorus_ssp_lutarioriparius_15wks vs miscanthus_sinensis_15wks,FALSE
1545,0.6940447759622508,18.379451468701394,0.4963883524642481,0.6253455785440913,0.925502053513838,-5.845369204219699,miscanthus_sacchariflorus_ssp_lutarioriparius_15wks vs miscanthus_sinensis_15wks,FALSE
4990,0.9178889019481105,19.46896693691171,0.4940027099788995,0.6269979058579532,0.925502053513838,-5.8465170217951465,miscanthus_sacchariflorus_ssp_lutarioriparius_15wks vs miscanthus_sinensis_15wks,FALSE
2751,-0.7486249455778271,20.076230594825446,-0.4919811077817372,0.6283996797805693,0.925502053513838,-5.847485475646864,miscanthus_sacchariflorus_ssp_lutarioriparius_15wks vs miscanthus_sinensis_15wks,FALSE
2169,-0.4090975104401551,17.668026789201875,-0.4917543719510277,0.6285569883628606,0.925502053513838,-5.84759385304529,miscanthus_sacchariflorus_ssp_lutarioriparius_15wks vs miscanthus_sinensis_15wks,FALSE
3836,-0.48032858022707003,19.67686205562331,-0.4916199584281746,0.6286502526379901,0.925502053513838,-5.847658078376849,miscanthus_sacchariflorus_ssp_lutarioriparius_15wks vs miscanthus_sinensis_15wks,FALSE
1720,0.49756456723003595,17.464472000507328,0.4890944437352848,0.6304037980923156,0.925502053513838,-5.848861640504275,miscanthus_sacchariflorus_ssp_lutarioriparius_15wks vs miscanthus_sinensis_15wks,FALSE
648,-0.4042588004530927,17.21885109546628,-0.4890716883336957,0.6304196081506219,0.925502053513838,-5.848872457418746,miscanthus_sacchariflorus_ssp_lutarioriparius_15wks vs miscanthus_sinensis_15wks,FALSE
1487,1.0971004992988789,21.908815662213247,0.48755588046205534,0.6314731768520079,0.925502053513838,-5.8495919023756455,miscanthus_sacchariflorus_ssp_lutarioriparius_15wks vs miscanthus_sinensis_15wks,FALSE
2582,0.945078306144854,20.20747666503349,0.48472246378057626,0.6334447257752449,0.925502053513838,-5.850930890415571,miscanthus_sacchariflorus_ssp_lutarioriparius_15wks vs miscanthus_sinensis_15wks,FALSE
1176,0.9549247196850885,19.227532975005484,0.48454368033358736,0.6335692215752222,0.925502053513838,-5.851015123245429,miscanthus_sacchariflorus_ssp_lutarioriparius_15wks vs miscanthus_sinensis_15wks,FALSE
3891,-1.062373267109372,20.791838841507847,-0.4839484014338712,0.6339838246924807,0.925502053513838,-5.8512953674699615,miscanthus_sacchariflorus_ssp_lutarioriparius_15wks vs miscanthus_sinensis_15wks,FALSE
819,0.7245863481094794,20.966784998055097,0.4836601221226173,0.634184651709335,0.925502053513838,-5.851430962450479,miscanthus_sacchariflorus_ssp_lutarioriparius_15wks vs miscanthus_sinensis_15wks,FALSE
2608,0.4840761728735785,23.60927383643017,0.48356825509484647,0.6342486561130707,0.925502053513838,-5.851474156467438,miscanthus_sacchariflorus_ssp_lutarioriparius_15wks vs miscanthus_sinensis_15wks,FALSE
4045,-0.4204574053101595,16.99393982230222,-0.48230603894311724,0.6351283502461169,0.925502053513838,-5.852066815703382,miscanthus_sacchariflorus_ssp_lutarioriparius_15wks vs miscanthus_sinensis_15wks,FALSE
1200,-0.36753660925010223,16.505394471583113,-0.4809451837607058,0.6360774144538743,0.925502053513838,-5.8527040993737796,miscanthus_sacchariflorus_ssp_lutarioriparius_15wks vs miscanthus_sinensis_15wks,FALSE
135,0.5835123056979334,17.378266128081144,0.47981465798268313,0.6368663378563298,0.925502053513838,-5.853232186535008,miscanthus_sacchariflorus_ssp_lutarioriparius_15wks vs miscanthus_sinensis_15wks,FALSE
847,-0.6850988241166327,19.05402395361103,-0.47941097317276066,0.6371481522286895,0.925502053513838,-5.8534204609467535,miscanthus_sacchariflorus_ssp_lutarioriparius_15wks vs miscanthus_sinensis_15wks,FALSE
879,-0.3012947376961783,16.69220902640624,-0.4785977447761918,0.6377160432685278,0.925502053513838,-5.85379927337456,miscanthus_sacchariflorus_ssp_lutarioriparius_15wks vs miscanthus_sinensis_15wks,FALSE
2516,-0.45377246253727677,17.25591895136964,-0.4768187225058751,0.6389591658516558,0.9262316529321222,-5.8546257799446995,miscanthus_sacchariflorus_ssp_lutarioriparius_15wks vs miscanthus_sinensis_15wks,FALSE
3834,-0.516783810622087,22.4326506772093,-0.4748001255498082,0.6403710244874281,0.9272038792057553,-5.855559955818417,miscanthus_sacchariflorus_ssp_lutarioriparius_15wks vs miscanthus_sinensis_15wks,FALSE
1412,0.38895691262545284,16.845795318775174,0.47211730868331,0.6422496350980527,0.9274439253053274,-5.856795542184048,miscanthus_sacchariflorus_ssp_lutarioriparius_15wks vs miscanthus_sinensis_15wks,FALSE
2504,-0.647006606699204,20.239855913358923,-0.4698381323232665,0.64384754831287,0.9274439253053274,-5.857839865478962,miscanthus_sacchariflorus_ssp_lutarioriparius_15wks vs miscanthus_sinensis_15wks,FALSE
2769,-0.20755324535712916,20.22070770019918,-0.4696452140793551,0.6439828837120065,0.9274439253053274,-5.857928034745758,miscanthus_sacchariflorus_ssp_lutarioriparius_15wks vs miscanthus_sinensis_15wks,FALSE
2568,-0.6453721538644537,18.58248558188755,-0.4692702491651589,0.6442459644240297,0.9274439253053274,-5.858099303610904,miscanthus_sacchariflorus_ssp_lutarioriparius_15wks vs miscanthus_sinensis_15wks,FALSE
408,1.0422675865293982,22.067659368186387,0.4686097312153299,0.6447095103845322,0.9274439253053274,-5.858400677027612,miscanthus_sacchariflorus_ssp_lutarioriparius_15wks vs miscanthus_sinensis_15wks,FALSE
3523,-0.3992954742462089,22.49103189988581,-0.46685989272382233,0.6459382539176421,0.9274439253053274,-5.859197071085997,miscanthus_sacchariflorus_ssp_lutarioriparius_15wks vs miscanthus_sinensis_15wks,FALSE
481,0.9787143959072999,22.662887781549692,0.46537786010730003,0.6469797608027965,0.9274439253053274,-5.859869306413796,miscanthus_sacchariflorus_ssp_lutarioriparius_15wks vs miscanthus_sinensis_15wks,FALSE
5332,-0.4010826718618681,17.45612329231208,-0.46388473841291955,0.648029817059141,0.9274439253053274,-5.86054446230173,miscanthus_sacchariflorus_ssp_lutarioriparius_15wks vs miscanthus_sinensis_15wks,FALSE
447,-0.24654036754912667,22.254529035505207,-0.4634937818897348,0.6483048872626129,0.9274439253053274,-5.860720894186304,miscanthus_sacchariflorus_ssp_lutarioriparius_15wks vs miscanthus_sinensis_15wks,FALSE
1938,0.7449561099099924,17.308907508736787,0.45754076664441945,0.6524997171940878,0.9274439253053274,-5.863389443602202,miscanthus_sacchariflorus_ssp_lutarioriparius_15wks vs miscanthus_sinensis_15wks,FALSE
3028,-0.5758717160499351,21.594403021615864,-0.45534411261569696,0.6540506192186186,0.9274439253053274,-5.864365625293096,miscanthus_sacchariflorus_ssp_lutarioriparius_15wks vs miscanthus_sinensis_15wks,FALSE
392,1.2354523122481709,19.32200509108336,0.45503212678101257,0.6542710215811453,0.9274439253053274,-5.864503898008103,miscanthus_sacchariflorus_ssp_lutarioriparius_15wks vs miscanthus_sinensis_15wks,FALSE
40,0.9756771753450408,24.6264473804086,0.45467860117683656,0.6545208090970023,0.9274439253053274,-5.864660469331554,miscanthus_sacchariflorus_ssp_lutarioriparius_15wks vs miscanthus_sinensis_15wks,FALSE
2549,-0.5136379345594797,18.850992646987958,-0.4531956739342593,0.6555690434815808,0.9274439253053274,-5.865315940785617,miscanthus_sacchariflorus_ssp_lutarioriparius_15wks vs miscanthus_sinensis_15wks,FALSE
1385,-0.695417568795154,18.097386704395838,-0.45251709215128944,0.6560489563985863,0.9274439253053274,-5.865615184239344,miscanthus_sacchariflorus_ssp_lutarioriparius_15wks vs miscanthus_sinensis_15wks,FALSE
1549,-0.9311109779496363,20.4246234357928,-0.45157546552279926,0.6567151566301148,0.9274439253053274,-5.866029700288149,miscanthus_sacchariflorus_ssp_lutarioriparius_15wks vs miscanthus_sinensis_15wks,FALSE
5082,-0.6481294780321889,21.140305594180823,-0.45133917886243013,0.6568823756326048,0.9274439253053274,-5.866133584253245,miscanthus_sacchariflorus_ssp_lutarioriparius_15wks vs miscanthus_sinensis_15wks,FALSE
4547,-0.2625167969597513,18.578940489500802,-0.4509835289388075,0.657134102500331,0.9274439253053274,-5.866289846366436,miscanthus_sacchariflorus_ssp_lutarioriparius_15wks vs miscanthus_sinensis_15wks,FALSE
69,-0.6013021803162175,28.62106666688662,-0.4504024098623617,0.657545505575499,0.9274439253053274,-5.866544913926273,miscanthus_sacchariflorus_ssp_lutarioriparius_15wks vs miscanthus_sinensis_15wks,FALSE
1786,-0.8264660813645435,28.666045784427713,-0.449208851962241,0.6583908362560258,0.9274439253053274,-5.867067787916028,miscanthus_sacchariflorus_ssp_lutarioriparius_15wks vs miscanthus_sinensis_15wks,FALSE
5194,0.8298687971208238,19.876973949861622,0.4481191388752703,0.6591630319091798,0.9274439253053274,-5.867543985175274,miscanthus_sacchariflorus_ssp_lutarioriparius_15wks vs miscanthus_sinensis_15wks,FALSE
1562,-0.8570824864981716,19.321702559772568,-0.44576198872035905,0.6608347058523258,0.9274439253053274,-5.868570175439126,miscanthus_sacchariflorus_ssp_lutarioriparius_15wks vs miscanthus_sinensis_15wks,FALSE
2951,-0.7165009602666679,25.50745846156384,-0.44513811373873957,0.6612774602831746,0.9274439253053274,-5.868840895042576,miscanthus_sacchariflorus_ssp_lutarioriparius_15wks vs miscanthus_sinensis_15wks,FALSE
4918,-0.3277588866302743,17.44785008464635,-0.44491422336340963,0.661436383073217,0.9274439253053274,-5.868937957937903,miscanthus_sacchariflorus_ssp_lutarioriparius_15wks vs miscanthus_sinensis_15wks,FALSE
1830,-0.2816165984148853,16.51839252328959,-0.44374981235519334,0.6622631759538471,0.9274439253053274,-5.869441993441219,miscanthus_sacchariflorus_ssp_lutarioriparius_15wks vs miscanthus_sinensis_15wks,FALSE
185,0.6681273581903682,18.1211180952207,0.44359707743785465,0.6623716588099849,0.9274439253053274,-5.86950801156285,miscanthus_sacchariflorus_ssp_lutarioriparius_15wks vs miscanthus_sinensis_15wks,FALSE
1231,-0.9557867751985896,21.291786465725416,-0.4423650056569339,0.6632470409612861,0.9274439253053274,-5.870039749209984,miscanthus_sacchariflorus_ssp_lutarioriparius_15wks vs miscanthus_sinensis_15wks,FALSE
1458,0.7095698892627738,18.396075786533657,0.44212195242273034,0.6634197880953348,0.9274439253053274,-5.870144475309632,miscanthus_sacchariflorus_ssp_lutarioriparius_15wks vs miscanthus_sinensis_15wks,FALSE
273,-0.739345666781567,21.95761901786589,-0.441250762710742,0.6640391344948648,0.9274439253053274,-5.870519388515617,miscanthus_sacchariflorus_ssp_lutarioriparius_15wks vs miscanthus_sinensis_15wks,FALSE
5021,0.38051889949755946,17.106482130481165,0.44024807024101986,0.6647522760403626,0.9274439253053274,-5.870949997955537,miscanthus_sacchariflorus_ssp_lutarioriparius_15wks vs miscanthus_sinensis_15wks,FALSE
1122,0.47560957343306143,23.481581232886708,0.43966117490991335,0.6651698439020504,0.9274439253053274,-5.871201597327166,miscanthus_sacchariflorus_ssp_lutarioriparius_15wks vs miscanthus_sinensis_15wks,FALSE
106,-0.5688384165698963,19.406564488873684,-0.4392455950932159,0.6654655910889389,0.9274439253053274,-5.871379555917116,miscanthus_sacchariflorus_ssp_lutarioriparius_15wks vs miscanthus_sinensis_15wks,FALSE
417,0.6844060950289688,17.396044329000453,0.4387022637110006,0.6658523374941323,0.9274439253053274,-5.871611971593831,miscanthus_sacchariflorus_ssp_lutarioriparius_15wks vs miscanthus_sinensis_15wks,FALSE
3559,0.7124039801954645,19.294450068709207,0.4385836078016165,0.6659368102412881,0.9274439253053274,-5.871662690450236,miscanthus_sacchariflorus_ssp_lutarioriparius_15wks vs miscanthus_sinensis_15wks,FALSE
3325,-0.3412598382689609,17.22014111775811,-0.4367588248579573,0.6672364744092149,0.9274439253053274,-5.8724409935422575,miscanthus_sacchariflorus_ssp_lutarioriparius_15wks vs miscanthus_sinensis_15wks,FALSE
1864,0.623039366868575,18.306753344175295,0.4358527156622451,0.6678822336481827,0.9274439253053274,-5.872826285538796,miscanthus_sacchariflorus_ssp_lutarioriparius_15wks vs miscanthus_sinensis_15wks,FALSE
4958,1.0774073449566508,19.31632914389833,0.43495477109283004,0.6685224365079794,0.9274439253053274,-5.873207333144489,miscanthus_sacchariflorus_ssp_lutarioriparius_15wks vs miscanthus_sinensis_15wks,FALSE
1305,0.7327240025145798,21.460283799170064,0.434693770525961,0.6687085696446086,0.9274439253053274,-5.873317945847352,miscanthus_sacchariflorus_ssp_lutarioriparius_15wks vs miscanthus_sinensis_15wks,FALSE
2910,-0.8948674010566648,21.216061071591724,-0.4305464849978578,0.6716691630700511,0.9305184086385758,-5.87506685268131,miscanthus_sacchariflorus_ssp_lutarioriparius_15wks vs miscanthus_sinensis_15wks,FALSE
1823,-0.25171074109843516,22.787346870214694,-0.4268078505027746,0.6743427654262872,0.9325859183929178,-5.876629358789204,miscanthus_sacchariflorus_ssp_lutarioriparius_15wks vs miscanthus_sinensis_15wks,FALSE
1619,0.3864747503040533,17.228365197019418,0.4258183701797191,0.6750511170138874,0.9325859183929178,-5.877040663132434,miscanthus_sacchariflorus_ssp_lutarioriparius_15wks vs miscanthus_sinensis_15wks,FALSE
2959,-0.35328622569215895,18.044830083499722,-0.42533403821928034,0.6753979552869572,0.9325859183929178,-5.877241647896024,miscanthus_sacchariflorus_ssp_lutarioriparius_15wks vs miscanthus_sinensis_15wks,FALSE
2514,-0.7071424820207248,25.23584686715716,-0.4227620897492374,0.677241017938375,0.9330767431125736,-5.87830518209939,miscanthus_sacchariflorus_ssp_lutarioriparius_15wks vs miscanthus_sinensis_15wks,FALSE
4876,-0.5029165840507162,18.045571181807656,-0.4227563267343088,0.6772451500769119,0.9330767431125736,-5.878307558082989,miscanthus_sacchariflorus_ssp_lutarioriparius_15wks vs miscanthus_sinensis_15wks,FALSE
5184,-0.5219012238905627,21.029511230320086,-0.4211265499790825,0.6784141370424835,0.9336590598901505,-5.878978210744534,miscanthus_sacchariflorus_ssp_lutarioriparius_15wks vs miscanthus_sinensis_15wks,FALSE
1537,0.4725800038739223,21.170606373546637,0.4154932708483438,0.6824611406721839,0.9368260666773416,-5.881276743029685,miscanthus_sacchariflorus_ssp_lutarioriparius_15wks vs miscanthus_sinensis_15wks,FALSE
1818,-0.25446408303863066,18.691678364267318,-0.41452995998672504,0.6831541864905033,0.9368260666773416,-5.881666761113902,miscanthus_sacchariflorus_ssp_lutarioriparius_15wks vs miscanthus_sinensis_15wks,FALSE
5557,-0.27046009528612913,18.833989429014437,-0.4123118049082338,0.6847511166700404,0.9368260666773416,-5.882561454640195,miscanthus_sacchariflorus_ssp_lutarioriparius_15wks vs miscanthus_sinensis_15wks,FALSE
3671,-0.8422656173563787,18.11307875822455,-0.4119055983183602,0.6850437248874486,0.9368260666773416,-5.882724788052922,miscanthus_sacchariflorus_ssp_lutarioriparius_15wks vs miscanthus_sinensis_15wks,FALSE
3107,-0.665512365513063,20.14126073502282,-0.4110830366551916,0.6856364081664639,0.9368260666773416,-5.883055051771818,miscanthus_sacchariflorus_ssp_lutarioriparius_15wks vs miscanthus_sinensis_15wks,FALSE
2447,0.4085065275621176,17.210325756986826,0.4102942954566325,0.6862049191291819,0.9368260666773416,-5.883371128029394,miscanthus_sacchariflorus_ssp_lutarioriparius_15wks vs miscanthus_sinensis_15wks,FALSE
3047,0.6626152325454093,17.75920883493588,0.4093038931490856,0.6869190558455459,0.9368260666773416,-5.883767173430855,miscanthus_sacchariflorus_ssp_lutarioriparius_15wks vs miscanthus_sinensis_15wks,FALSE
326,0.8655094784168682,17.817637900063147,0.408714852313186,0.6873439313345546,0.9368260666773416,-5.884002275631463,miscanthus_sacchariflorus_ssp_lutarioriparius_15wks vs miscanthus_sinensis_15wks,FALSE
4302,0.3045526512534025,18.791906715699763,0.4080290617605853,0.6878387269582158,0.9368260666773416,-5.884275574655287,miscanthus_sacchariflorus_ssp_lutarioriparius_15wks vs miscanthus_sinensis_15wks,FALSE
1762,0.5151863883601635,17.726858726055674,0.40752297296365625,0.6882039610523396,0.9368260666773416,-5.884476970672358,miscanthus_sacchariflorus_ssp_lutarioriparius_15wks vs miscanthus_sinensis_15wks,FALSE
858,0.4214705058785988,16.831369785160135,0.4051642555533085,0.689907235882478,0.9375689007356413,-5.885412376542008,miscanthus_sacchariflorus_ssp_lutarioriparius_15wks vs miscanthus_sinensis_15wks,FALSE
5798,0.6834195962677114,18.568228671955424,0.4046918587535088,0.6902485672082539,0.9375689007356413,-5.885599076171192,miscanthus_sacchariflorus_ssp_lutarioriparius_15wks vs miscanthus_sinensis_15wks,FALSE
1572,1.0751917204366706,19.99929291261855,0.40260933808490135,0.6917541082531545,0.9382303632458789,-5.8864195762028055,miscanthus_sacchariflorus_ssp_lutarioriparius_15wks vs miscanthus_sinensis_15wks,FALSE
1113,-0.332934711685148,17.165576265614487,-0.4019438275593306,0.6922355118113079,0.9382303632458789,-5.886680906799445,miscanthus_sacchariflorus_ssp_lutarioriparius_15wks vs miscanthus_sinensis_15wks,FALSE
2943,-0.25436584366613957,22.16959020786388,-0.4008850393667917,0.6930016736708423,0.9382522659764326,-5.887095793454234,miscanthus_sacchariflorus_ssp_lutarioriparius_15wks vs miscanthus_sinensis_15wks,FALSE
2465,-0.694298085591992,19.25054060237964,-0.397525154676053,0.6954352035322136,0.9384606368245471,-5.88840524886462,miscanthus_sacchariflorus_ssp_lutarioriparius_15wks vs miscanthus_sinensis_15wks,FALSE
5954,0.44160154176507405,17.43723514578429,0.3974903259451855,0.695460447449334,0.9384606368245471,-5.888418766053924,miscanthus_sacchariflorus_ssp_lutarioriparius_15wks vs miscanthus_sinensis_15wks,FALSE
4206,-0.21939913372450448,16.71503018900106,-0.3967396671134093,0.6960046147603269,0.9384606368245471,-5.888709817402426,miscanthus_sacchariflorus_ssp_lutarioriparius_15wks vs miscanthus_sinensis_15wks,FALSE
2327,0.27357877394141283,16.89336813102814,0.3963545870052121,0.6962838325839711,0.9384606368245471,-5.8888589139425305,miscanthus_sacchariflorus_ssp_lutarioriparius_15wks vs miscanthus_sinensis_15wks,FALSE
3971,0.47967937441429953,17.553364716465467,0.39549617323709424,0.6969064201518819,0.9384606368245471,-5.88919076533706,miscanthus_sacchariflorus_ssp_lutarioriparius_15wks vs miscanthus_sinensis_15wks,FALSE
293,-0.4974106677297172,24.343604414107155,-0.39270167898198455,0.698934729033247,0.9385170330006019,-5.890266182814385,miscanthus_sacchariflorus_ssp_lutarioriparius_15wks vs miscanthus_sinensis_15wks,FALSE
1843,-0.5722934586640491,19.092337936074955,-0.3926044274118984,0.6990053584448435,0.9385170330006019,-5.890303473630023,miscanthus_sacchariflorus_ssp_lutarioriparius_15wks vs miscanthus_sinensis_15wks,FALSE
3193,-0.5538510755975707,20.148300011182005,-0.39233789864738444,0.6991989406527266,0.9385170330006019,-5.890405626738708,miscanthus_sacchariflorus_ssp_lutarioriparius_15wks vs miscanthus_sinensis_15wks,FALSE
108,-0.19799192123528897,23.471000800108833,-0.3886027848775638,0.7019140058257047,0.9406874340977515,-5.891830018944383,miscanthus_sacchariflorus_ssp_lutarioriparius_15wks vs miscanthus_sinensis_15wks,FALSE
4929,0.6499531890766939,17.570601111791408,0.38804502845694216,0.7023197949219024,0.9406874340977515,-5.892041570917566,miscanthus_sacchariflorus_ssp_lutarioriparius_15wks vs miscanthus_sinensis_15wks,FALSE
302,-0.4517270800244795,17.712954890959207,-0.38692806767424753,0.7031327022954763,0.940768995263787,-5.892464325865024,miscanthus_sacchariflorus_ssp_lutarioriparius_15wks vs miscanthus_sinensis_15wks,FALSE
1244,-0.2688107042510204,23.260701983261182,-0.3803356916333807,0.7079379828713184,0.9453148217017472,-5.894935041360407,miscanthus_sacchariflorus_ssp_lutarioriparius_15wks vs miscanthus_sinensis_15wks,FALSE
2070,-0.4193753687919113,23.595725070894083,-0.38014761599022123,0.708075259810703,0.9453148217017472,-5.895004916306391,miscanthus_sacchariflorus_ssp_lutarioriparius_15wks vs miscanthus_sinensis_15wks,FALSE
1023,0.3322281482195528,20.53075176840935,0.3781162679853458,0.7095585991402773,0.9453148217017472,-5.8957574473007455,miscanthus_sacchariflorus_ssp_lutarioriparius_15wks vs miscanthus_sinensis_15wks,FALSE
3472,-0.4439146121345239,17.535374233351934,-0.37724181580251637,0.7101975122705764,0.9453148217017472,-5.896080174350393,miscanthus_sacchariflorus_ssp_lutarioriparius_15wks vs miscanthus_sinensis_15wks,FALSE
1044,0.47325943220500477,25.943934871317452,0.3757376644520888,0.7112970263733164,0.9453148217017472,-5.89663357909723,miscanthus_sacchariflorus_ssp_lutarioriparius_15wks vs miscanthus_sinensis_15wks,FALSE
3021,-0.4064759795402182,17.697866550720605,-0.3714222307272534,0.7144551475255531,0.9453148217017472,-5.898209226840811,miscanthus_sacchariflorus_ssp_lutarioriparius_15wks vs miscanthus_sinensis_15wks,FALSE
3545,0.2906138720823144,16.890154961620386,0.37097559171809014,0.7147823102239703,0.9453148217017472,-5.898371280061952,miscanthus_sacchariflorus_ssp_lutarioriparius_15wks vs miscanthus_sinensis_15wks,FALSE
2305,-0.5930664208010406,20.658730475022086,-0.3699389606420413,0.7155418599158534,0.9453148217017472,-5.898746659116549,miscanthus_sacchariflorus_ssp_lutarioriparius_15wks vs miscanthus_sinensis_15wks,FALSE
249,0.41895323358749437,22.482626008632874,0.36951328031390585,0.715853848289024,0.9453148217017472,-5.898900504530133,miscanthus_sacchariflorus_ssp_lutarioriparius_15wks vs miscanthus_sinensis_15wks,FALSE
2040,0.2378906997340593,16.81806356185649,0.3693629447056981,0.7159640440821091,0.9453148217017472,-5.898954795746133,miscanthus_sacchariflorus_ssp_lutarioriparius_15wks vs miscanthus_sinensis_15wks,FALSE
4153,0.37692701417333296,19.520051466259073,0.3682700419263166,0.7167653324570584,0.9453148217017472,-5.899348825504941,miscanthus_sacchariflorus_ssp_lutarioriparius_15wks vs miscanthus_sinensis_15wks,FALSE
4443,-0.3678756014474658,16.79087317999641,-0.36632879604322754,0.718189435229333,0.9453148217017472,-5.900045877332698,miscanthus_sacchariflorus_ssp_lutarioriparius_15wks vs miscanthus_sinensis_15wks,FALSE
157,-0.28208898077057043,22.48626276330893,-0.36609856660408147,0.7183584024657639,0.9453148217017472,-5.900128306151963,miscanthus_sacchariflorus_ssp_lutarioriparius_15wks vs miscanthus_sinensis_15wks,FALSE
2510,-0.30223186604141006,17.965250168669016,-0.3644616415134805,0.7195601837891165,0.9453148217017472,-5.900712901106928,miscanthus_sacchariflorus_ssp_lutarioriparius_15wks vs miscanthus_sinensis_15wks,FALSE
73,-0.941130980635883,19.73533540607818,-0.36419234121067534,0.7197579679056023,0.9453148217017472,-5.900808829097158,miscanthus_sacchariflorus_ssp_lutarioriparius_15wks vs miscanthus_sinensis_15wks,FALSE
41,0.5574243890398805,24.971216984606343,0.361058904381097,0.7220607676784455,0.9453148217017472,-5.9019198611564665,miscanthus_sacchariflorus_ssp_lutarioriparius_15wks vs miscanthus_sinensis_15wks,FALSE
2947,0.8692002030135448,21.969621667370745,0.3606044489485153,0.722394979175055,0.9453148217017472,-5.902080213281586,miscanthus_sacchariflorus_ssp_lutarioriparius_15wks vs miscanthus_sinensis_15wks,FALSE
43,-0.6309806241325333,19.769026843835242,-0.35897240684129156,0.7235956725674824,0.9453148217017472,-5.902654429658171,miscanthus_sacchariflorus_ssp_lutarioriparius_15wks vs miscanthus_sinensis_15wks,FALSE
243,0.7203030890788931,22.983821655786272,0.3581327930736727,0.7242136632699246,0.9453148217017472,-5.9029488386322075,miscanthus_sacchariflorus_ssp_lutarioriparius_15wks vs miscanthus_sinensis_15wks,FALSE
82,-0.19826532615737946,23.88748755494207,-0.3569135999107836,0.7251113861564153,0.9453148217017472,-5.903375136612175,miscanthus_sacchariflorus_ssp_lutarioriparius_15wks vs miscanthus_sinensis_15wks,FALSE
1634,-0.7164601198806899,19.50007588377875,-0.3540297203000505,0.7272364843343779,0.9453148217017472,-5.904377797700532,miscanthus_sacchariflorus_ssp_lutarioriparius_15wks vs miscanthus_sinensis_15wks,FALSE
316,-0.3337601922548643,21.28922675444566,-0.3529457056821969,0.7280358704335166,0.9453148217017472,-5.90475261165723,miscanthus_sacchariflorus_ssp_lutarioriparius_15wks vs miscanthus_sinensis_15wks,FALSE
2570,0.6650699193936944,22.31553445202235,0.3523826707551194,0.7284511962175451,0.9453148217017472,-5.904946842026169,miscanthus_sacchariflorus_ssp_lutarioriparius_15wks vs miscanthus_sinensis_15wks,FALSE
221,0.5519923295882876,25.404815212490284,0.35217138936254544,0.7286070713392698,0.9453148217017472,-5.905019648945045,miscanthus_sacchariflorus_ssp_lutarioriparius_15wks vs miscanthus_sinensis_15wks,FALSE
4564,0.5643852125505262,18.855422896011216,0.35160318198375645,0.7290263326226223,0.9453148217017472,-5.905215237839348,miscanthus_sacchariflorus_ssp_lutarioriparius_15wks vs miscanthus_sinensis_15wks,FALSE
279,0.9093527283399006,19.502351122812097,0.3505182604459314,0.7298271033538721,0.9453148217017472,-5.905587825477711,miscanthus_sacchariflorus_ssp_lutarioriparius_15wks vs miscanthus_sinensis_15wks,FALSE
2937,0.4728950784042567,18.99128842374848,0.3492678088930742,0.7307504454910334,0.9453148217017472,-5.906015851268565,miscanthus_sacchariflorus_ssp_lutarioriparius_15wks vs miscanthus_sinensis_15wks,FALSE
3404,-0.7693805319632467,19.42601754844279,-0.34863200702580094,0.7312200879259267,0.9453148217017472,-5.90623290571803,miscanthus_sacchariflorus_ssp_lutarioriparius_15wks vs miscanthus_sinensis_15wks,FALSE
3989,-0.19233262408810958,16.999985104975437,-0.3469155171883993,0.7324885365729172,0.9453148217017472,-5.90681694460988,miscanthus_sacchariflorus_ssp_lutarioriparius_15wks vs miscanthus_sinensis_15wks,FALSE
1732,-0.3346135202861369,19.340279307599598,-0.3465202127547602,0.7327807700628339,0.9453148217017472,-5.906951044824817,miscanthus_sacchariflorus_ssp_lutarioriparius_15wks vs miscanthus_sinensis_15wks,FALSE
6046,-0.42057346556148545,22.362514386210947,-0.34639617211963086,0.7328724772087443,0.9453148217017472,-5.906993092381423,miscanthus_sacchariflorus_ssp_lutarioriparius_15wks vs miscanthus_sinensis_15wks,FALSE
441,0.23844697558578787,23.397602814221756,0.3437285520611472,0.7348457283384584,0.9453148217017472,-5.907893773265244,miscanthus_sacchariflorus_ssp_lutarioriparius_15wks vs miscanthus_sinensis_15wks,FALSE
5875,0.43614556964362095,18.27190557919648,0.34265247371396795,0.7356422454284195,0.9453148217017472,-5.9082551497730345,miscanthus_sacchariflorus_ssp_lutarioriparius_15wks vs miscanthus_sinensis_15wks,FALSE
4685,-0.5473054831910176,18.512931063683727,-0.34161701814344736,0.7364089836000394,0.9453148217017472,-5.908601828346199,miscanthus_sacchariflorus_ssp_lutarioriparius_15wks vs miscanthus_sinensis_15wks,FALSE
1436,-0.4656186204981836,19.17310660167811,-0.3408082085366614,0.7370080915923652,0.9453148217017472,-5.9088719037648385,miscanthus_sacchariflorus_ssp_lutarioriparius_15wks vs miscanthus_sinensis_15wks,FALSE
210,0.6375138873567643,21.66890088444053,0.3401096557128548,0.7375256684102622,0.9453148217017472,-5.90910465401868,miscanthus_sacchariflorus_ssp_lutarioriparius_15wks vs miscanthus_sinensis_15wks,FALSE
4729,-0.3230362116886063,19.91092783017796,-0.33988619858234775,0.7376912610671753,0.9453148217017472,-5.90917900801204,miscanthus_sacchariflorus_ssp_lutarioriparius_15wks vs miscanthus_sinensis_15wks,FALSE
2697,-0.4770996384606363,25.675876101730516,-0.33980719023493805,0.7377498132648167,0.9453148217017472,-5.909205286014001,miscanthus_sacchariflorus_ssp_lutarioriparius_15wks vs miscanthus_sinensis_15wks,FALSE
816,0.224155978720475,16.65584791593672,0.33961103480491567,0.7378951889595768,0.9453148217017472,-5.9092705008067625,miscanthus_sacchariflorus_ssp_lutarioriparius_15wks vs miscanthus_sinensis_15wks,FALSE
5635,-0.1621334178457836,16.869235021317767,-0.3384657369507412,0.7387442000294073,0.9453148217017472,-5.909650530011213,miscanthus_sacchariflorus_ssp_lutarioriparius_15wks vs miscanthus_sinensis_15wks,FALSE
3733,-0.5203865895223672,19.334495363501166,-0.338367836082503,0.7388167900919812,0.9453148217017472,-5.909682956382138,miscanthus_sacchariflorus_ssp_lutarioriparius_15wks vs miscanthus_sinensis_15wks,FALSE
256,-0.6495896076506575,19.868064932433526,-0.3382612579389474,0.7388958169112535,0.9453148217017472,-5.909718246280871,miscanthus_sacchariflorus_ssp_lutarioriparius_15wks vs miscanthus_sinensis_15wks,FALSE
1842,0.29505798582362175,17.228820835366093,0.3380896109399043,0.7390230980210302,0.9453148217017472,-5.909775058551817,miscanthus_sacchariflorus_ssp_lutarioriparius_15wks vs miscanthus_sinensis_15wks,FALSE
5455,-0.2189647052211079,16.672819416520547,-0.33688176043590745,0.7399189717766232,0.9454940078575645,-5.9101740317745906,miscanthus_sacchariflorus_ssp_lutarioriparius_15wks vs miscanthus_sinensis_15wks,FALSE
6213,-0.39836409758964564,18.028686654138433,-0.33493610876855545,0.7413628813550606,0.9463724128318172,-5.910813748447654,miscanthus_sacchariflorus_ssp_lutarioriparius_15wks vs miscanthus_sinensis_15wks,FALSE
1764,-0.335577232977851,17.441567422125445,-0.33144247426156437,0.7439580515390216,0.9469229849152154,-5.911953246927307,miscanthus_sacchariflorus_ssp_lutarioriparius_15wks vs miscanthus_sinensis_15wks,FALSE
5638,-0.8131006097111353,19.55697450703915,-0.33121144610959136,0.7441297770384778,0.9469229849152154,-5.912028184066921,miscanthus_sacchariflorus_ssp_lutarioriparius_15wks vs miscanthus_sinensis_15wks,FALSE
4133,0.28785339913892116,18.806321942668106,0.33031954030676164,0.7447928683939646,0.9469229849152154,-5.91231700166916,miscanthus_sacchariflorus_ssp_lutarioriparius_15wks vs miscanthus_sinensis_15wks,FALSE
2286,0.5050650788595661,18.058173167461497,0.3302804752122416,0.7448219161923038,0.9469229849152154,-5.912329634172699,miscanthus_sacchariflorus_ssp_lutarioriparius_15wks vs miscanthus_sinensis_15wks,FALSE
1688,-0.22795061330131006,16.732197799433166,-0.3284214683847889,0.7462046786671339,0.9477178203173448,-5.912929076094814,miscanthus_sacchariflorus_ssp_lutarioriparius_15wks vs miscanthus_sinensis_15wks,FALSE
3778,-0.35916686417638033,20.359935249763,-0.3242756272503073,0.7492916073891943,0.9481354372013373,-5.914253873121226,miscanthus_sacchariflorus_ssp_lutarioriparius_15wks vs miscanthus_sinensis_15wks,FALSE
134,0.41704272298415646,22.704447834497923,0.32371747486416,0.7497075321679427,0.9481354372013373,-5.914430959642014,miscanthus_sacchariflorus_ssp_lutarioriparius_15wks vs miscanthus_sinensis_15wks,FALSE
413,-0.46029207273452144,23.94495524742218,-0.32271818981420014,0.7504523773034344,0.9481354372013373,-5.914747252436641,miscanthus_sacchariflorus_ssp_lutarioriparius_15wks vs miscanthus_sinensis_15wks,FALSE
3585,-0.4641962230977015,17.99822546585675,-0.3224445271824797,0.7506564033306299,0.9481354372013373,-5.9148337033071154,miscanthus_sacchariflorus_ssp_lutarioriparius_15wks vs miscanthus_sinensis_15wks,FALSE
893,0.2369511625277454,17.088741549353085,0.32109401647763963,0.751663536876616,0.9481354372013373,-5.915259272252627,miscanthus_sacchariflorus_ssp_lutarioriparius_15wks vs miscanthus_sinensis_15wks,FALSE
529,-0.47282232308349137,19.2798259825469,-0.3189168258736767,0.7532881234108019,0.9481354372013373,-5.915941624543069,miscanthus_sacchariflorus_ssp_lutarioriparius_15wks vs miscanthus_sinensis_15wks,FALSE
1920,-0.20280350870549313,22.92692624581631,-0.31841720980513005,0.7536610962980259,0.9481354372013373,-5.916097561557526,miscanthus_sacchariflorus_ssp_lutarioriparius_15wks vs miscanthus_sinensis_15wks,FALSE
98,-0.6790169801325909,22.990817826693643,-0.31777495572975345,0.7541406424486821,0.9481354372013373,-5.916297662779045,miscanthus_sacchariflorus_ssp_lutarioriparius_15wks vs miscanthus_sinensis_15wks,FALSE
3207,0.2651897967168928,18.0811297105112,0.31641226005438267,0.7551584536114018,0.9481354372013373,-5.916720902488258,miscanthus_sacchariflorus_ssp_lutarioriparius_15wks vs miscanthus_sinensis_15wks,FALSE
2284,-0.3531105944953197,17.47717651661858,-0.3160033006538068,0.7554639992891121,0.9481354372013373,-5.916847570355028,miscanthus_sacchariflorus_ssp_lutarioriparius_15wks vs miscanthus_sinensis_15wks,FALSE
4359,0.31555514325915723,17.441401422753433,0.31521654136046706,0.7560519267354793,0.9481354372013373,-5.917090799397802,miscanthus_sacchariflorus_ssp_lutarioriparius_15wks vs miscanthus_sinensis_15wks,FALSE
4955,0.5004688806130666,22.397656849403262,0.3143589343406008,0.7566929710652731,0.9481354372013373,-5.917355248230211,miscanthus_sacchariflorus_ssp_lutarioriparius_15wks vs miscanthus_sinensis_15wks,FALSE
2495,-0.6376747901354207,20.61510472917054,-0.31413715196699193,0.7568587784962627,0.9481354372013373,-5.917423520351698,miscanthus_sacchariflorus_ssp_lutarioriparius_15wks vs miscanthus_sinensis_15wks,FALSE
320,0.864896014023028,20.41439339759791,0.3137555117146188,0.7571441261104204,0.9481354372013373,-5.917540890591108,miscanthus_sacchariflorus_ssp_lutarioriparius_15wks vs miscanthus_sinensis_15wks,FALSE
4284,0.2730430499004619,17.515503127122003,0.31103503143409755,0.759179229633588,0.948749364014062,-5.918373463060087,miscanthus_sacchariflorus_ssp_lutarioriparius_15wks vs miscanthus_sinensis_15wks,FALSE
139,-0.5706592213642416,18.8202109064603,-0.3108142074865894,0.7593445002836973,0.948749364014062,-5.918440729068336,miscanthus_sacchariflorus_ssp_lutarioriparius_15wks vs miscanthus_sinensis_15wks,FALSE
1432,0.7554790956401654,20.348364575236506,0.30827176306457466,0.7612481890008189,0.948749364014062,-5.919211788128767,miscanthus_sacchariflorus_ssp_lutarioriparius_15wks vs miscanthus_sinensis_15wks,FALSE
3646,-0.5410246058964887,22.98963367034745,-0.3071531236805314,0.7620862810252339,0.948749364014062,-5.9195490582893004,miscanthus_sacchariflorus_ssp_lutarioriparius_15wks vs miscanthus_sinensis_15wks,FALSE
4267,0.4970652577238148,18.435913453755106,0.30631410594917496,0.7627150767486304,0.948749364014062,-5.9198012262556,miscanthus_sacchariflorus_ssp_lutarioriparius_15wks vs miscanthus_sinensis_15wks,FALSE
2612,0.4986624652373344,19.669646551346514,0.3061342536516469,0.7628498877963392,0.948749364014062,-5.919855192287092,miscanthus_sacchariflorus_ssp_lutarioriparius_15wks vs miscanthus_sinensis_15wks,FALSE
4358,0.17533680573632537,16.819738286469402,0.3060098598183289,0.7629431336515958,0.948749364014062,-5.919892499242992,miscanthus_sacchariflorus_ssp_lutarioriparius_15wks vs miscanthus_sinensis_15wks,FALSE
3004,-0.2995103587433299,18.916743713529502,-0.3042580265706453,0.7642567055557298,0.9494390651938609,-5.920416298057518,miscanthus_sacchariflorus_ssp_lutarioriparius_15wks vs miscanthus_sinensis_15wks,FALSE
1535,0.44978011689125097,21.53473468519985,0.2954024651830246,0.7709079968430632,0.9531766009464512,-5.923018556650503,miscanthus_sacchariflorus_ssp_lutarioriparius_15wks vs miscanthus_sinensis_15wks,FALSE
695,-0.3454977954879688,17.83721270688912,-0.29468756429209275,0.7714457523260404,0.9531766009464512,-5.9232253148977225,miscanthus_sacchariflorus_ssp_lutarioriparius_15wks vs miscanthus_sinensis_15wks,FALSE
5700,0.4450448222164134,18.227262327490788,0.2940840107881487,0.7718998436691724,0.9531766009464512,-5.923399483875863,miscanthus_sacchariflorus_ssp_lutarioriparius_15wks vs miscanthus_sinensis_15wks,FALSE
93,-0.24761898689315487,19.09624068473544,-0.29399452714936547,0.7719671750461281,0.9531766009464512,-5.923425276298039,miscanthus_sacchariflorus_ssp_lutarioriparius_15wks vs miscanthus_sinensis_15wks,FALSE
2405,0.4981368786644822,17.56415206024938,0.2931414445838304,0.7726091645727857,0.9531766009464512,-5.923670775259837,miscanthus_sacchariflorus_ssp_lutarioriparius_15wks vs miscanthus_sinensis_15wks,FALSE
933,-0.19822219277281405,16.435341838079037,-0.291036022637581,0.7741943247088969,0.9531766009464512,-5.924273647010917,miscanthus_sacchariflorus_ssp_lutarioriparius_15wks vs miscanthus_sinensis_15wks,FALSE
3156,-0.43945847762753587,18.9889279881758,-0.2909225055034938,0.7742798201059996,0.9531766009464512,-5.924306029500112,miscanthus_sacchariflorus_ssp_lutarioriparius_15wks vs miscanthus_sinensis_15wks,FALSE
120,-0.13175582683390274,23.55591667836764,-0.28972054517923773,0.775185257555234,0.9531766009464512,-5.924648139245334,miscanthus_sacchariflorus_ssp_lutarioriparius_15wks vs miscanthus_sinensis_15wks,FALSE
988,-0.5409029665316964,19.614868696010447,-0.2896768156208982,0.7752182052982174,0.9531766009464512,-5.924660559385434,miscanthus_sacchariflorus_ssp_lutarioriparius_15wks vs miscanthus_sinensis_15wks,FALSE
1430,0.19292235501027832,16.646180440486333,0.2895119262172427,0.775342444050154,0.9531766009464512,-5.924707374837561,miscanthus_sacchariflorus_ssp_lutarioriparius_15wks vs miscanthus_sinensis_15wks,FALSE
5768,-0.16232171565278364,16.249429816608075,-0.2891084098458098,0.7756465066055055,0.9531766009464512,-5.924821829957186,miscanthus_sacchariflorus_ssp_lutarioriparius_15wks vs miscanthus_sinensis_15wks,FALSE
3105,-0.12269036475904471,20.03979033572451,-0.286890495527221,0.7773184390044962,0.9542937852744109,-5.925448105138236,miscanthus_sacchariflorus_ssp_lutarioriparius_15wks vs miscanthus_sinensis_15wks,FALSE
924,0.2061967166604397,23.44614388215089,0.28014703021505827,0.7824086918750248,0.9585772867609472,-5.9273229090854995,miscanthus_sacchariflorus_ssp_lutarioriparius_15wks vs miscanthus_sinensis_15wks,FALSE
193,-0.7734170158232452,21.92717346687782,-0.279802586098834,0.7826689656807032,0.9585772867609472,-5.927417484356109,miscanthus_sacchariflorus_ssp_lutarioriparius_15wks vs miscanthus_sinensis_15wks,FALSE
4065,0.37599633207096517,17.662004887996517,0.2787622490843094,0.7834552396457695,0.9585772867609472,-5.927702433228956,miscanthus_sacchariflorus_ssp_lutarioriparius_15wks vs miscanthus_sinensis_15wks,FALSE
2593,-0.270985334844827,17.341285047552034,-0.2782102202469858,0.7838725534424053,0.9585772867609472,-5.927853206939749,miscanthus_sacchariflorus_ssp_lutarioriparius_15wks vs miscanthus_sinensis_15wks,FALSE
1362,0.17768586536238828,16.654930398919504,0.27608851751347047,0.7854771083591163,0.9596014282785689,-5.9284299423717295,miscanthus_sacchariflorus_ssp_lutarioriparius_15wks vs miscanthus_sinensis_15wks,FALSE
5375,0.5166275128992979,19.222607574405533,0.27160361081049506,0.7888720919123083,0.9617133518448989,-5.929634652017731,miscanthus_sacchariflorus_ssp_lutarioriparius_15wks vs miscanthus_sinensis_15wks,FALSE
863,-0.16315949652265616,24.865431963726305,-0.2700295607244998,0.790064648249236,0.9617133518448989,-5.930052825611306,miscanthus_sacchariflorus_ssp_lutarioriparius_15wks vs miscanthus_sinensis_15wks,FALSE
1367,0.329080225817858,20.605968338857632,0.269630580669319,0.7903670143223909,0.9617133518448989,-5.930158438603677,miscanthus_sacchariflorus_ssp_lutarioriparius_15wks vs miscanthus_sinensis_15wks,FALSE
1240,0.1526393453723216,26.403874189472777,0.267756866996874,0.7917874593216805,0.9617133518448989,-5.930652352744565,miscanthus_sacchariflorus_ssp_lutarioriparius_15wks vs miscanthus_sinensis_15wks,FALSE
1867,0.2693917250085853,21.1694067037448,0.2674212509260873,0.7920419658573696,0.9617133518448989,-5.930740460933766,miscanthus_sacchariflorus_ssp_lutarioriparius_15wks vs miscanthus_sinensis_15wks,FALSE
5283,-0.4092166907632624,18.648027053822034,-0.26731293168164183,0.7921241123190208,0.9617133518448989,-5.9307688742316,miscanthus_sacchariflorus_ssp_lutarioriparius_15wks vs miscanthus_sinensis_15wks,FALSE
138,0.3169134024225251,17.483146325118508,0.26629083295311345,0.7928993677904839,0.9617133518448989,-5.931036419430378,miscanthus_sacchariflorus_ssp_lutarioriparius_15wks vs miscanthus_sinensis_15wks,FALSE
1568,0.23160415903999976,17.491952281637683,0.2647700707723921,0.7940532658524783,0.9617133518448989,-5.931432613121547,miscanthus_sacchariflorus_ssp_lutarioriparius_15wks vs miscanthus_sinensis_15wks,FALSE
1856,0.21197746193423583,17.3209464357781,0.2636121126126731,0.7949322087100991,0.9617133518448989,-5.931732778264571,miscanthus_sacchariflorus_ssp_lutarioriparius_15wks vs miscanthus_sinensis_15wks,FALSE
6093,-0.4667051284974768,21.6451399480507,-0.2621990859188276,0.7960051414124418,0.9617133518448989,-5.93209729371348,miscanthus_sacchariflorus_ssp_lutarioriparius_15wks vs miscanthus_sinensis_15wks,FALSE
148,-0.5948640635295064,20.056066944894866,-0.262127478861303,0.7960595248644817,0.9617133518448989,-5.932115714278479,miscanthus_sacchariflorus_ssp_lutarioriparius_15wks vs miscanthus_sinensis_15wks,FALSE
1165,-0.19799715773983095,17.036154138001653,-0.26163854900227795,0.796430881304009,0.9617133518448989,-5.932241355665867,miscanthus_sacchariflorus_ssp_lutarioriparius_15wks vs miscanthus_sinensis_15wks,FALSE
202,0.5448319903310868,19.78087317566666,0.25966280573142864,0.797932022506783,0.9624101386969963,-5.932746695903907,miscanthus_sacchariflorus_ssp_lutarioriparius_15wks vs miscanthus_sinensis_15wks,FALSE
3863,0.4183990733065279,18.699865044104662,0.25885430645289115,0.7985465419404334,0.9624101386969963,-5.932952391462245,miscanthus_sacchariflorus_ssp_lutarioriparius_15wks vs miscanthus_sinensis_15wks,FALSE
1745,0.38481712381096855,19.998850522026594,0.2563337891199604,0.8004631864974598,0.9630955279807426,-5.93358956632601,miscanthus_sacchariflorus_ssp_lutarioriparius_15wks vs miscanthus_sinensis_15wks,FALSE
1689,0.410843199876215,18.918267835418323,0.2555636872674706,0.8010490449159802,0.9630955279807426,-5.933783010174215,miscanthus_sacchariflorus_ssp_lutarioriparius_15wks vs miscanthus_sinensis_15wks,FALSE
96,-0.5829085081721921,19.548666922094807,-0.25506982590542177,0.8014248158496827,0.9630955279807426,-5.933906760403509,miscanthus_sacchariflorus_ssp_lutarioriparius_15wks vs miscanthus_sinensis_15wks,FALSE
2558,-0.4098268536365346,18.799216334831584,-0.2516426335935779,0.8040338733063126,0.9643938645559534,-5.9347589887135905,miscanthus_sacchariflorus_ssp_lutarioriparius_15wks vs miscanthus_sinensis_15wks,FALSE
3763,-0.2129372456519505,27.45843686036175,-0.2514963457833052,0.8041452922641347,0.9643938645559534,-5.9347951109038615,miscanthus_sacchariflorus_ssp_lutarioriparius_15wks vs miscanthus_sinensis_15wks,FALSE
58,0.3886395511863334,23.645958777960992,0.2506133617521251,0.8048179013560475,0.9643938645559534,-5.935012699306348,miscanthus_sacchariflorus_ssp_lutarioriparius_15wks vs miscanthus_sinensis_15wks,FALSE
5716,-0.2073465944222832,16.52464616391583,-0.2490982746063061,0.805972375842613,0.9648530547168507,-5.935384282439158,miscanthus_sacchariflorus_ssp_lutarioriparius_15wks vs miscanthus_sinensis_15wks,FALSE
5406,-0.19631169168253493,17.804120545605596,-0.2439351735287825,0.8099100034952033,0.9681577233045617,-5.936633753508637,miscanthus_sacchariflorus_ssp_lutarioriparius_15wks vs miscanthus_sinensis_15wks,FALSE
1586,0.20991957926726457,23.3038201175923,0.24182027530713718,0.8115244355851383,0.9681577233045617,-5.937138054617714,miscanthus_sacchariflorus_ssp_lutarioriparius_15wks vs miscanthus_sinensis_15wks,FALSE
4330,-0.3977727331953993,18.233532745707638,-0.23985815020422832,0.8130230219308561,0.9681577233045617,-5.93760202549074,miscanthus_sacchariflorus_ssp_lutarioriparius_15wks vs miscanthus_sinensis_15wks,FALSE
1529,0.4061472904223429,18.54046520391685,0.2392157229864693,0.8135138412717041,0.9681577233045617,-5.93775311994709,miscanthus_sacchariflorus_ssp_lutarioriparius_15wks vs miscanthus_sinensis_15wks,FALSE
2576,0.3801328373500965,21.650562891997822,0.23871201801350972,0.8138987311437107,0.9681577233045617,-5.937871306286106,miscanthus_sacchariflorus_ssp_lutarioriparius_15wks vs miscanthus_sinensis_15wks,FALSE
156,0.25310760721645664,22.980786462987705,0.23763520695509557,0.81472170433427,0.9681577233045617,-5.938123132619285,miscanthus_sacchariflorus_ssp_lutarioriparius_15wks vs miscanthus_sinensis_15wks,FALSE
2057,0.5000577933542942,18.50403086985779,0.23749806176866345,0.8148265360263818,0.9681577233045617,-5.938155124594679,miscanthus_sacchariflorus_ssp_lutarioriparius_15wks vs miscanthus_sinensis_15wks,FALSE
3969,0.20885411310491264,17.24614974986281,0.2364635629542419,0.8156174065298727,0.9681577233045617,-5.938395851703639,miscanthus_sacchariflorus_ssp_lutarioriparius_15wks vs miscanthus_sinensis_15wks,FALSE
3340,0.17024668639584206,19.130777046261926,0.23635811324474282,0.8156980338633157,0.9681577233045617,-5.9384203311267365,miscanthus_sacchariflorus_ssp_lutarioriparius_15wks vs miscanthus_sinensis_15wks,FALSE
399,-0.1966584536908904,27.39272674751965,-0.23055807087000948,0.8201359977918292,0.9696124753435917,-5.939750057104422,miscanthus_sacchariflorus_ssp_lutarioriparius_15wks vs miscanthus_sinensis_15wks,FALSE
6094,-0.3922509063019426,22.098724669842284,-0.23005945552650753,0.8205178117727654,0.9696124753435917,-5.9398628375997085,miscanthus_sacchariflorus_ssp_lutarioriparius_15wks vs miscanthus_sinensis_15wks,FALSE
2013,-0.6935934056997759,19.587704685526962,-0.23005470199387468,0.8205214520049923,0.9696124753435917,-5.939863911620788,miscanthus_sacchariflorus_ssp_lutarioriparius_15wks vs miscanthus_sinensis_15wks,FALSE
83,0.3849625752137804,19.784730762000677,0.22996537221695487,0.8205898610919846,0.9696124753435917,-5.939884090836839,miscanthus_sacchariflorus_ssp_lutarioriparius_15wks vs miscanthus_sinensis_15wks,FALSE
2467,-0.1800443394192648,17.677288755932814,-0.22969222181751892,0.8207990498711939,0.9696124753435917,-5.939945746016803,miscanthus_sacchariflorus_ssp_lutarioriparius_15wks vs miscanthus_sinensis_15wks,FALSE
387,0.37609252677746596,20.43720688814348,0.22746086405418964,0.822508421731625,0.9700199728695853,-5.940446677274341,miscanthus_sacchariflorus_ssp_lutarioriparius_15wks vs miscanthus_sinensis_15wks,FALSE
3866,0.2113780722277241,19.586652079402832,0.22588867372034382,0.8237133742115338,0.9700199728695853,-5.940796708436556,miscanthus_sacchariflorus_ssp_lutarioriparius_15wks vs miscanthus_sinensis_15wks,FALSE
1173,0.18514775492573676,16.54883252236662,0.22332142327700683,0.825681921909686,0.9700199728695853,-5.941363089763441,miscanthus_sacchariflorus_ssp_lutarioriparius_15wks vs miscanthus_sinensis_15wks,FALSE
395,0.34149210854184986,22.669871860318487,0.2228600938690904,0.8260357917523238,0.9700199728695853,-5.941464184950311,miscanthus_sacchariflorus_ssp_lutarioriparius_15wks vs miscanthus_sinensis_15wks,FALSE
3347,0.3617223136839449,22.014698493248382,0.2219187284715697,0.8267579990616931,0.9700199728695853,-5.941669829742452,miscanthus_sacchariflorus_ssp_lutarioriparius_15wks vs miscanthus_sinensis_15wks,FALSE
2052,0.3979772216883788,18.348739093354016,0.22187865143463867,0.8267887493355622,0.9700199728695853,-5.941678565509605,miscanthus_sacchariflorus_ssp_lutarioriparius_15wks vs miscanthus_sinensis_15wks,FALSE
2662,-0.61501041294395975,20.006678483443036,-0.22182452922708415,0.8268302766314166,0.9700199728695853,-5.941690360273867,miscanthus_sacchariflorus_ssp_lutarioriparius_15wks vs miscanthus_sinensis_15wks,FALSE
357,0.21067339108558159,20.116900675524633,0.22077848289840488,0.8276329976611818,0.9700199728695853,-5.941917761314913,miscanthus_sacchariflorus_ssp_lutarioriparius_15wks vs miscanthus_sinensis_15wks,FALSE
26,0.19954399429609637,20.600506254850306,0.21849666439129292,0.8293847070844276,0.9700199728695853,-5.942410098657346,miscanthus_sacchariflorus_ssp_lutarioriparius_15wks vs miscanthus_sinensis_15wks,FALSE
1939,0.23218900943153997,22.7096950296141,0.2182238226888042,0.8295942241502343,0.9700199728695853,-5.942468627919421,miscanthus_sacchariflorus_ssp_lutarioriparius_15wks vs miscanthus_sinensis_15wks,FALSE
166,0.4582307136305417,22.80054806401701,0.21663928924771836,0.8308112570533045,0.9700199728695853,-5.942807099784354,miscanthus_sacchariflorus_ssp_lutarioriparius_15wks vs miscanthus_sinensis_15wks,FALSE
19,0.10772107475715131,27.149473062569392,0.21627659040414773,0.831089897059373,0.9700199728695853,-5.942884230721571,miscanthus_sacchariflorus_ssp_lutarioriparius_15wks vs miscanthus_sinensis_15wks,FALSE
2474,0.12958376618319534,16.93164600846481,0.2161018480865102,0.8312241494134256,0.9700199728695853,-5.942921345244286,miscanthus_sacchariflorus_ssp_lutarioriparius_15wks vs miscanthus_sinensis_15wks,FALSE
353,0.13035370865674878,16.908067754054354,0.21486168704714134,0.8321771025109854,0.9702269853133669,-5.943183892699571,miscanthus_sacchariflorus_ssp_lutarioriparius_15wks vs miscanthus_sinensis_15wks,FALSE
4986,-0.2157675843075033,18.294645548399924,-0.21369596546125277,0.8330730987717947,0.9703672686811128,-5.943429310420071,miscanthus_sacchariflorus_ssp_lutarioriparius_15wks vs miscanthus_sinensis_15wks,FALSE
3069,-0.14005347092657416,16.932509444806925,-0.21124579622910758,0.8349571093520958,0.9705951789783388,-5.943940810995183,miscanthus_sacchariflorus_ssp_lutarioriparius_15wks vs miscanthus_sinensis_15wks,FALSE
599,0.24279376443571365,17.72024869941882,0.20941453863978443,0.8363658894020198,0.9705951789783388,-5.944319274269118,miscanthus_sacchariflorus_ssp_lutarioriparius_15wks vs miscanthus_sinensis_15wks,FALSE
2148,-0.12252305414141063,23.96794143119132,-0.20907466955677,0.8366274120897483,0.9705951789783388,-5.944389153771374,miscanthus_sacchariflorus_ssp_lutarioriparius_15wks vs miscanthus_sinensis_15wks,FALSE
5504,0.1583264805135407,16.869039919938697,0.20849005969815498,0.8370773037262157,0.9705951789783388,-5.944509089489102,miscanthus_sacchariflorus_ssp_lutarioriparius_15wks vs miscanthus_sinensis_15wks,FALSE
2200,-0.2804706878448755,18.416677306371874,-0.2069041974032634,0.83829800759938,0.9705951789783388,-5.944832754369531,miscanthus_sacchariflorus_ssp_lutarioriparius_15wks vs miscanthus_sinensis_15wks,FALSE
5305,-0.1683586308860967,16.73444560017282,-0.20658030289265375,0.8385473744707407,0.9705951789783388,-5.944898556827268,miscanthus_sacchariflorus_ssp_lutarioriparius_15wks vs miscanthus_sinensis_15wks,FALSE
440,-0.09501067232065097,21.39824368830739,-0.20638239721432594,0.8386997509796836,0.9705951789783388,-5.944938712879211,miscanthus_sacchariflorus_ssp_lutarioriparius_15wks vs miscanthus_sinensis_15wks,FALSE
5708,-0.1134293212931361,16.568971913685573,-0.20337010775122796,0.8410198521844049,0.97068599180522,-5.94554519263714,miscanthus_sacchariflorus_ssp_lutarioriparius_15wks vs miscanthus_sinensis_15wks,FALSE
4313,0.12277190550254602,16.763319595265788,0.2026296485790755,0.8415903921847954,0.97068599180522,-5.945692914106203,miscanthus_sacchariflorus_ssp_lutarioriparius_15wks vs miscanthus_sinensis_15wks,FALSE
3050,0.41124531006877874,20.45236928555083,0.2025445520416047,0.8416559666979629,0.97068599180522,-5.94570985648908,miscanthus_sacchariflorus_ssp_lutarioriparius_15wks vs miscanthus_sinensis_15wks,FALSE
4687,-0.19247673802156484,17.943550107875314,-0.20225132264204135,0.8418819353386601,0.97068599180522,-5.945768183037601,miscanthus_sacchariflorus_ssp_lutarioriparius_15wks vs miscanthus_sinensis_15wks,FALSE
149,-0.14291768925901494,24.20447001583014,-0.19776666553044195,0.8453396477553455,0.9724180695919413,-5.946649748980165,miscanthus_sacchariflorus_ssp_lutarioriparius_15wks vs miscanthus_sinensis_15wks,FALSE
982,-0.343752354984904,17.744862653880546,-0.19743746043750304,0.8455935958100469,0.9724180695919413,-5.946713686758923,miscanthus_sacchariflorus_ssp_lutarioriparius_15wks vs miscanthus_sinensis_15wks,FALSE
890,0.14915538481886514,26.973599983620066,0.1972786411079525,0.8457161148809209,0.9724180695919413,-5.946744494516216,miscanthus_sacchariflorus_ssp_lutarioriparius_15wks vs miscanthus_sinensis_15wks,FALSE
295,-0.4657435021978955,20.909964280159034,-0.19408720116090192,0.8481789597451135,0.9736723129940443,-5.947358337779069,miscanthus_sacchariflorus_ssp_lutarioriparius_15wks vs miscanthus_sinensis_15wks,FALSE
3122,-0.4614258735986496,20.023975655221896,-0.19367526640209712,0.84849696855727,0.9736723129940443,-5.947436843138847,miscanthus_sacchariflorus_ssp_lutarioriparius_15wks vs miscanthus_sinensis_15wks,FALSE
5661,0.19185223557853348,17.594854674177444,0.1923453644962368,0.8495238189720639,0.9736723129940443,-5.947689158355112,miscanthus_sacchariflorus_ssp_lutarioriparius_15wks vs miscanthus_sinensis_15wks,FALSE
534,-0.1773478905652759,21.975210799429984,-0.191832100962602,0.8499201964744176,0.9736723129940443,-5.947786074089325,miscanthus_sacchariflorus_ssp_lutarioriparius_15wks vs miscanthus_sinensis_15wks,FALSE
1499,-0.41614144665272335,23.73048741262154,-0.18921452682131512,0.8519423034955944,0.9740958285297948,-5.948276319678285,miscanthus_sacchariflorus_ssp_lutarioriparius_15wks vs miscanthus_sinensis_15wks,FALSE
4413,-0.11111062942687866,18.255896452609452,-0.18847581219390108,0.8525131603789824,0.9740958285297948,-5.948413459866641,miscanthus_sacchariflorus_ssp_lutarioriparius_15wks vs miscanthus_sinensis_15wks,FALSE
70,0.4757227667830719,19.519446416576546,0.18833000583409484,0.8526258451160074,0.9740958285297948,-5.9484404652478435,miscanthus_sacchariflorus_ssp_lutarioriparius_15wks vs miscanthus_sinensis_15wks,FALSE
222,-0.3422278520947657,19.250025786771335,-0.18346921757543572,0.8563842947655194,0.976393011602474,-5.949328835825848,miscanthus_sacchariflorus_ssp_lutarioriparius_15wks vs miscanthus_sinensis_15wks,FALSE
4623,-0.13546465147947728,17.930657002232653,-0.18302549376869262,0.8567275669730192,0.976393011602474,-5.949408779385703,miscanthus_sacchariflorus_ssp_lutarioriparius_15wks vs miscanthus_sinensis_15wks,FALSE
1890,0.1426752333829313,23.740964425733544,0.1821009711285537,0.8574428873051392,0.976393011602474,-5.949574726617775,miscanthus_sacchariflorus_ssp_lutarioriparius_15wks vs miscanthus_sinensis_15wks,FALSE
1661,-0.2833360303373489,21.95401288589899,-0.18061220745582487,0.8585950371921712,0.976393011602474,-5.949840192654154,miscanthus_sacchariflorus_ssp_lutarioriparius_15wks vs miscanthus_sinensis_15wks,FALSE
2019,0.2283174469867113,18.748717544572695,0.17816797490654115,0.8604873267487725,0.976393011602474,-5.950271322552725,miscanthus_sacchariflorus_ssp_lutarioriparius_15wks vs miscanthus_sinensis_15wks,FALSE
3894,0.1410585089137193,17.044154746719528,0.1776034169961252,0.8609245229227267,0.976393011602474,-5.950370070904594,miscanthus_sacchariflorus_ssp_lutarioriparius_15wks vs miscanthus_sinensis_15wks,FALSE
4690,0.17019956849997442,20.904010210789593,0.1766382590411769,0.8616720522194321,0.976393011602474,-5.950538165989001,miscanthus_sacchariflorus_ssp_lutarioriparius_15wks vs miscanthus_sinensis_15wks,FALSE
236,-0.25646535896362366,23.280057036879164,-0.1758425831966147,0.8622884158664248,0.976393011602474,-5.950676057095888,miscanthus_sacchariflorus_ssp_lutarioriparius_15wks vs miscanthus_sinensis_15wks,FALSE
2553,0.32891119140232306,18.2579060812613,0.1747802867713544,0.8631114561686143,0.976393011602474,-5.950859186676871,miscanthus_sacchariflorus_ssp_lutarioriparius_15wks vs miscanthus_sinensis_15wks,FALSE
2770,-0.3647695523266279,18.164298845233525,-0.17414279650852724,0.8636054446343396,0.976393011602474,-5.950968552862336,miscanthus_sacchariflorus_ssp_lutarioriparius_15wks vs miscanthus_sinensis_15wks,FALSE
3966,0.12801747680682496,19.974124716192595,0.17318531242177843,0.8643475032005393,0.976393011602474,-5.951132068044759,miscanthus_sacchariflorus_ssp_lutarioriparius_15wks vs miscanthus_sinensis_15wks,FALSE
2151,-0.3787504493685141,22.215528686908765,-0.17279789688647273,0.8646477904397982,0.976393011602474,-5.951197973951686,miscanthus_sacchariflorus_ssp_lutarioriparius_15wks vs miscanthus_sinensis_15wks,FALSE
2223,0.3124646677452567,18.44698721129839,0.17088095712575266,0.8661339277698014,0.976393011602474,-5.951521912959468,miscanthus_sacchariflorus_ssp_lutarioriparius_15wks vs miscanthus_sinensis_15wks,FALSE
3178,0.31395354822999266,19.38486270769975,0.16895084549357753,0.8676307939451048,0.976393011602474,-5.951844438771532,miscanthus_sacchariflorus_ssp_lutarioriparius_15wks vs miscanthus_sinensis_15wks,FALSE
2228,-0.31026621773152385,19.91967507191702,-0.16817902087907335,0.8682295137469274,0.976393011602474,-5.951972390180912,miscanthus_sacchariflorus_ssp_lutarioriparius_15wks vs miscanthus_sinensis_15wks,FALSE
337,-0.2865049470556613,20.74727056619017,-0.16697387984684955,0.8691645290343137,0.976393011602474,-5.952171007991128,miscanthus_sacchariflorus_ssp_lutarioriparius_15wks vs miscanthus_sinensis_15wks,FALSE
423,0.38462027939579,20.71755134504022,0.16376370074415209,0.871656125745339,0.976393011602474,-5.952693125246332,miscanthus_sacchariflorus_ssp_lutarioriparius_15wks vs miscanthus_sinensis_15wks,FALSE
5263,-0.1826212936561582,19.404041645627988,-0.16317914748465506,0.8721099787415209,0.976393011602474,-5.952787111961487,miscanthus_sacchariflorus_ssp_lutarioriparius_15wks vs miscanthus_sinensis_15wks,FALSE
267,-0.27066734486846045,19.20308569002687,-0.16299950059740825,0.8722494675330577,0.976393011602474,-5.952815928964941,miscanthus_sacchariflorus_ssp_lutarioriparius_15wks vs miscanthus_sinensis_15wks,FALSE
1184,0.21144774945596723,18.086278658679802,0.16189648717236255,0.8731060083424579,0.976393011602474,-5.952992168701153,miscanthus_sacchariflorus_ssp_lutarioriparius_15wks vs miscanthus_sinensis_15wks,FALSE
1243,0.3431082301354209,18.708269126346543,0.1605248759603319,0.8741713519667275,0.976393011602474,-5.953209660710091,miscanthus_sacchariflorus_ssp_lutarioriparius_15wks vs miscanthus_sinensis_15wks,FALSE
5028,0.10831291128821263,17.119242102488798,0.15955973398240567,0.87492113500036,0.976393011602474,-5.953361594245626,miscanthus_sacchariflorus_ssp_lutarioriparius_15wks vs miscanthus_sinensis_15wks,FALSE
970,0.3338756672694423,19.964760499459025,0.1595029569519029,0.8749652467596991,0.976393011602474,-5.953370503684235,miscanthus_sacchariflorus_ssp_lutarioriparius_15wks vs miscanthus_sinensis_15wks,FALSE
2853,-0.29069034908575375,20.028533634410174,-0.1579351847009698,0.876183460961939,0.976393011602474,-5.953615269083206,miscanthus_sacchariflorus_ssp_lutarioriparius_15wks vs miscanthus_sinensis_15wks,FALSE
44,-0.1138541986624162,26.815810337740068,-0.1570514494327658,0.8768702943620149,0.976393011602474,-5.953752178000857,miscanthus_sacchariflorus_ssp_lutarioriparius_15wks vs miscanthus_sinensis_15wks,FALSE
233,-0.19221566314485372,23.44476619516122,-0.15697208746151076,0.8769319788923146,0.976393011602474,-5.953764435327993,miscanthus_sacchariflorus_ssp_lutarioriparius_15wks vs miscanthus_sinensis_15wks,FALSE
1462,0.3076139806895348,18.7950163798971,0.15489228501202335,0.8785488037088123,0.976393011602474,-5.954083454811793,miscanthus_sacchariflorus_ssp_lutarioriparius_15wks vs miscanthus_sinensis_15wks,FALSE
3529,-0.33135407743234424,18.747016851698636,-0.15419396967134125,0.8790917926870312,0.976393011602474,-5.954189617326181,miscanthus_sacchariflorus_ssp_lutarioriparius_15wks vs miscanthus_sinensis_15wks,FALSE
3788,-0.20200821703566874,18.409689213876078,-0.15269358874763111,0.8802586513351391,0.976393011602474,-5.954416096879642,miscanthus_sacchariflorus_ssp_lutarioriparius_15wks vs miscanthus_sinensis_15wks,FALSE
25,0.3381776087399828,21.872210998036067,0.15215447764257845,0.8806779913013294,0.976393011602474,-5.954496935248357,miscanthus_sacchariflorus_ssp_lutarioriparius_15wks vs miscanthus_sinensis_15wks,FALSE
2505,-0.2035215268955568,18.422863257125325,-0.1519321477658738,0.8808509380015823,0.976393011602474,-5.954530190006904,miscanthus_sacchariflorus_ssp_lutarioriparius_15wks vs miscanthus_sinensis_15wks,FALSE
2229,0.24583910120966124,20.018153970600753,0.15168124920849027,0.8810461151799085,0.976393011602474,-5.95456765964554,miscanthus_sacchariflorus_ssp_lutarioriparius_15wks vs miscanthus_sinensis_15wks,FALSE
173,0.07244008884628172,22.50893798471432,0.15162140871418303,0.8810926670155801,0.976393011602474,-5.954576587209095,miscanthus_sacchariflorus_ssp_lutarioriparius_15wks vs miscanthus_sinensis_15wks,FALSE
1781,-0.31966615332790127,19.15442936377632,-0.15142991999883518,0.8812416351997545,0.976393011602474,-5.954605131671693,miscanthus_sacchariflorus_ssp_lutarioriparius_15wks vs miscanthus_sinensis_15wks,FALSE
438,-0.12979635119250332,18.043799188947624,-0.15041633054864648,0.8820302301975089,0.976393011602474,-5.954755624154625,miscanthus_sacchariflorus_ssp_lutarioriparius_15wks vs miscanthus_sinensis_15wks,FALSE
258,0.251961638373114,18.885648078952972,0.149088060016647,0.8830638453355846,0.976393011602474,-5.9549513126396425,miscanthus_sacchariflorus_ssp_lutarioriparius_15wks vs miscanthus_sinensis_15wks,FALSE
284,-0.16922949695781497,22.07821500201195,-0.14850876638722582,0.8835146995475623,0.976393011602474,-5.955036115315401,miscanthus_sacchariflorus_ssp_lutarioriparius_15wks vs miscanthus_sinensis_15wks,FALSE
188,0.1316611813878339,22.664252874748755,0.1447508040490721,0.8864404404313553,0.978761686654568,-5.955578244389024,miscanthus_sacchariflorus_ssp_lutarioriparius_15wks vs miscanthus_sinensis_15wks,FALSE
203,0.29563470365583555,19.577512814053193,0.1426610898750761,0.8880681030181977,0.9792415312703744,-5.955873712429975,miscanthus_sacchariflorus_ssp_lutarioriparius_15wks vs miscanthus_sinensis_15wks,FALSE
5335,-0.2286499440228198,18.28500112949173,-0.14218299701895495,0.8884405579471423,0.9792415312703744,-5.955940708195546,miscanthus_sacchariflorus_ssp_lutarioriparius_15wks vs miscanthus_sinensis_15wks,FALSE
1268,0.26388926813487146,23.131495060088724,0.1384445590046605,0.8913538736109785,0.9801449870043997,-5.956456842678223,miscanthus_sacchariflorus_ssp_lutarioriparius_15wks vs miscanthus_sinensis_15wks,FALSE
4728,-0.15952886490482499,17.63279535233976,-0.13839596818815464,0.8913917503311475,0.9801449870043997,-5.956463460868156,miscanthus_sacchariflorus_ssp_lutarioriparius_15wks vs miscanthus_sinensis_15wks,FALSE
4119,0.18844305467237987,19.743985142567162,0.13811508173449738,0.8916107076027233,0.9801449870043997,-5.956501672867548,miscanthus_sacchariflorus_ssp_lutarioriparius_15wks vs miscanthus_sinensis_15wks,FALSE
1948,-0.09260259401013826,25.671456386923538,-0.13643064151726406,0.8929239532520953,0.9807268353980433,-5.956729200088264,miscanthus_sacchariflorus_ssp_lutarioriparius_15wks vs miscanthus_sinensis_15wks,FALSE
3873,0.11511199833302754,20.589809514757356,0.13180199564969816,0.8965342229850923,0.9838283446967987,-5.957340071044565,miscanthus_sacchariflorus_ssp_lutarioriparius_15wks vs miscanthus_sinensis_15wks,FALSE
3955,-0.1113247599433862,18.426039563305643,-0.13044726161756437,0.8975913358604224,0.9840667376241407,-5.957514883240135,miscanthus_sacchariflorus_ssp_lutarioriparius_15wks vs miscanthus_sinensis_15wks,FALSE
5684,-0.227780567910834,18.240485365643647,-0.12950755810961295,0.8983247117240356,0.9840667376241407,-5.957635081856905,miscanthus_sacchariflorus_ssp_lutarioriparius_15wks vs miscanthus_sinensis_15wks,FALSE
129,0.31436617674780365,21.781203587398693,0.12794792798995308,0.8995421058500161,0.9845382103397815,-5.957832661595185,miscanthus_sacchariflorus_ssp_lutarioriparius_15wks vs miscanthus_sinensis_15wks,FALSE
4396,0.25509302882230855,20.9160934626452,0.12658767331544268,0.9006040830759549,0.9848104205999925,-5.95800303293672,miscanthus_sacchariflorus_ssp_lutarioriparius_15wks vs miscanthus_sinensis_15wks,FALSE
5803,-0.13129799088042304,18.916038703249992,-0.12427460985644934,0.9024103772686685,0.9848104205999925,-5.958288569694954,miscanthus_sacchariflorus_ssp_lutarioriparius_15wks vs miscanthus_sinensis_15wks,FALSE
589,-0.08133726330761348,25.86856727481539,-0.12370733158021083,0.9028534543095565,0.9848104205999925,-5.958357794880247,miscanthus_sacchariflorus_ssp_lutarioriparius_15wks vs miscanthus_sinensis_15wks,FALSE
4360,-0.11957491844113832,20.01710480328588,-0.12281392554644197,0.9035513222058447,0.9848104205999925,-5.958466176486998,miscanthus_sacchariflorus_ssp_lutarioriparius_15wks vs miscanthus_sinensis_15wks,FALSE
1404,-0.07875404084919779,16.507699902604084,-0.12258915703606053,0.9037269087520314,0.9848104205999925,-5.958493320320187,miscanthus_sacchariflorus_ssp_lutarioriparius_15wks vs miscanthus_sinensis_15wks,FALSE
1495,0.15422058338332434,17.829158520976,0.11870306431506959,0.9067634761010664,0.9872594504807956,-5.958954769961984,miscanthus_sacchariflorus_ssp_lutarioriparius_15wks vs miscanthus_sinensis_15wks,FALSE
1819,-0.20464603698876616,18.68403073351425,-0.11669341653112153,0.908334382967851,0.987363558132305,-5.9591875817642235,miscanthus_sacchariflorus_ssp_lutarioriparius_15wks vs miscanthus_sinensis_15wks,FALSE
726,0.22167819615129503,19.4110715492445,0.11622092303232213,0.908703779482569,0.987363558132305,-5.959241742464506,miscanthus_sacchariflorus_ssp_lutarioriparius_15wks vs miscanthus_sinensis_15wks,FALSE
5418,0.16018261362881603,18.08637890489489,0.11555188216337055,0.9092268736757917,0.987363558132305,-5.959318057581201,miscanthus_sacchariflorus_ssp_lutarioriparius_15wks vs miscanthus_sinensis_15wks,FALSE
5281,0.11598194010874607,17.9251626210021,0.1128910209118276,0.9113077050651951,0.9874191162962624,-5.959617218373044,miscanthus_sacchariflorus_ssp_lutarioriparius_15wks vs miscanthus_sinensis_15wks,FALSE
2424,0.14788710793315474,18.841373618834233,0.11221481499689867,0.91183661314892,0.9874191162962624,-5.959692135270888,miscanthus_sacchariflorus_ssp_lutarioriparius_15wks vs miscanthus_sinensis_15wks,FALSE
5,0.06102559068221325,28.666988206750368,0.11210467214312686,0.9119227676079074,0.9874191162962624,-5.959704295438391,miscanthus_sacchariflorus_ssp_lutarioriparius_15wks vs miscanthus_sinensis_15wks,FALSE
5609,-0.08353270143773983,16.36066076724477,-0.11144952566743668,0.9124352505503432,0.9874191162962624,-5.959776379551611,miscanthus_sacchariflorus_ssp_lutarioriparius_15wks vs miscanthus_sinensis_15wks,FALSE
5631,0.060385485502038705,17.45786873702455,0.1083546666193636,0.9148567070985524,0.9877419309012316,-5.960111194835355,miscanthus_sacchariflorus_ssp_lutarioriparius_15wks vs miscanthus_sinensis_15wks,FALSE
1697,0.22662788232711506,22.563318938157312,0.10725988961529877,0.915713480228785,0.9877419309012316,-5.960227378046257,miscanthus_sacchariflorus_ssp_lutarioriparius_15wks vs miscanthus_sinensis_15wks,FALSE
4420,-0.1293500786624655,17.539209154783368,-0.10619719768287142,0.9165452448377369,0.9877419309012316,-5.960339029209773,miscanthus_sacchariflorus_ssp_lutarioriparius_15wks vs miscanthus_sinensis_15wks,FALSE
4444,0.14472392716677973,18.495974011702785,0.10617402023013649,0.9165633868390364,0.9877419309012316,-5.960341451964701,miscanthus_sacchariflorus_ssp_lutarioriparius_15wks vs miscanthus_sinensis_15wks,FALSE
262,-0.17296550510767617,18.698902838145614,-0.10602330375298204,0.9166813603327978,0.9877419309012316,-5.960357193577015,miscanthus_sacchariflorus_ssp_lutarioriparius_15wks vs miscanthus_sinensis_15wks,FALSE
1893,-0.14630394298113103,21.452252350015517,-0.10349508361156119,0.9186606210819805,0.9885754758777217,-5.960617924458096,miscanthus_sacchariflorus_ssp_lutarioriparius_15wks vs miscanthus_sinensis_15wks,FALSE
1810,-0.2084952921082568,19.42036563924241,-0.10301644359230407,0.9190353944410794,0.9885754758777217,-5.960666578220866,miscanthus_sacchariflorus_ssp_lutarioriparius_15wks vs miscanthus_sinensis_15wks,FALSE
5490,-0.055282018238152375,16.90529777263788,-0.10053457503118489,0.9209789981682306,0.9896722365606271,-5.960915247749134,miscanthus_sacchariflorus_ssp_lutarioriparius_15wks vs miscanthus_sinensis_15wks,FALSE
4117,0.05558529587644756,22.92174691666472,0.09863490879557987,0.9224670124637513,0.9896722365606271,-5.961101491374595,miscanthus_sacchariflorus_ssp_lutarioriparius_15wks vs miscanthus_sinensis_15wks,FALSE
1351,-0.11994425079741333,20.31018670491181,-0.09781736466673427,0.9231074878931074,0.9896722365606271,-5.96118055125783,miscanthus_sacchariflorus_ssp_lutarioriparius_15wks vs miscanthus_sinensis_15wks,FALSE
5422,-0.10339728552719407,17.910857898456147,-0.0974189732427468,0.9234196128315018,0.9896722365606271,-5.9612188391496455,miscanthus_sacchariflorus_ssp_lutarioriparius_15wks vs miscanthus_sinensis_15wks,FALSE
5412,-0.10138760043198758,17.183496009337276,-0.09666478099530244,0.924010529418715,0.9896722365606271,-5.961290894263585,miscanthus_sacchariflorus_ssp_lutarioriparius_15wks vs miscanthus_sinensis_15wks,FALSE
1999,-0.07161256607965427,22.428002628492603,-0.09513577992942869,0.9252086546324129,0.9899372182222594,-5.961435257496015,miscanthus_sacchariflorus_ssp_lutarioriparius_15wks vs miscanthus_sinensis_15wks,FALSE
2309,-0.08824720382697748,23.785306498853114,-0.09432945638976702,0.9258405638049909,0.9899372182222594,-5.961510461898505,miscanthus_sacchariflorus_ssp_lutarioriparius_15wks vs miscanthus_sinensis_15wks,FALSE
30,-0.1733954172629133,21.760705052901805,-0.09318464956757133,0.9267378263528911,0.9899745604099679,-5.9616161375747705,miscanthus_sacchariflorus_ssp_lutarioriparius_15wks vs miscanthus_sinensis_15wks,FALSE
363,-0.18931164873018602,19.6653318631889,-0.09143431542809274,0.9281098759692684,0.9899745604099679,-5.961775216531824,miscanthus_sacchariflorus_ssp_lutarioriparius_15wks vs miscanthus_sinensis_15wks,FALSE
3228,0.25583642233594617,19.88036855208651,0.08956295462290671,0.9295770513425868,0.9899745604099679,-5.961941961641706,miscanthus_sacchariflorus_ssp_lutarioriparius_15wks vs miscanthus_sinensis_15wks,FALSE
339,-0.15708531816925486,20.317223390644944,-0.08843293001622941,0.9304631335259176,0.9899745604099679,-5.962040982803088,miscanthus_sacchariflorus_ssp_lutarioriparius_15wks vs miscanthus_sinensis_15wks,FALSE
2034,-0.157847633821536,23.012747439941315,-0.08698137362721899,0.9316014738707065,0.9899745604099679,-5.962166335777201,miscanthus_sacchariflorus_ssp_lutarioriparius_15wks vs miscanthus_sinensis_15wks,FALSE
4355,0.08533391987824146,18.946501419661892,0.08599479313365961,0.9323752570699679,0.9899745604099679,-5.962250351336063,miscanthus_sacchariflorus_ssp_lutarioriparius_15wks vs miscanthus_sinensis_15wks,FALSE
1314,0.1256340758406438,21.85959333332907,0.0858550128884929,0.9324848934731702,0.9899745604099679,-5.962262177343621,miscanthus_sacchariflorus_ssp_lutarioriparius_15wks vs miscanthus_sinensis_15wks,FALSE
3576,-0.0583586676958916,16.84580546889439,-0.08475317703477363,0.9333491648977669,0.9899745604099679,-5.962354724414117,miscanthus_sacchariflorus_ssp_lutarioriparius_15wks vs miscanthus_sinensis_15wks,FALSE
3289,-0.053728584130823265,16.330193429454603,-0.08261003227576547,0.9350304732124776,0.9899745604099679,-5.962531313593014,miscanthus_sacchariflorus_ssp_lutarioriparius_15wks vs miscanthus_sinensis_15wks,FALSE
792,0.12713614591244138,17.466926585503945,0.0820582176934628,0.9354634256976306,0.9899745604099679,-5.962576050002597,miscanthus_sacchariflorus_ssp_lutarioriparius_15wks vs miscanthus_sinensis_15wks,FALSE
1052,0.09869915411380248,17.784659697443306,0.0812999058528894,0.9360584291039901,0.9899745604099679,-5.962637038689409,miscanthus_sacchariflorus_ssp_lutarioriparius_15wks vs miscanthus_sinensis_15wks,FALSE
5108,-0.07391405652975536,17.297369941325115,-0.08126661102965313,0.9360845545119845,0.9899745604099679,-5.962639703523064,miscanthus_sacchariflorus_ssp_lutarioriparius_15wks vs miscanthus_sinensis_15wks,FALSE
526,-0.09213951593309844,21.744124982198862,-0.07922154484960908,0.9376893955480423,0.9899745604099679,-5.962801294357391,miscanthus_sacchariflorus_ssp_lutarioriparius_15wks vs miscanthus_sinensis_15wks,FALSE
1091,0.10007908445401625,17.92917032314883,0.07900500403609137,0.9378593394884067,0.9899745604099679,-5.962818163380077,miscanthus_sacchariflorus_ssp_lutarioriparius_15wks vs miscanthus_sinensis_15wks,FALSE
1315,-0.1384950709903059,21.057951232951872,-0.07631346707382258,0.9399719441508477,0.9899745604099679,-5.963023989169161,miscanthus_sacchariflorus_ssp_lutarioriparius_15wks vs miscanthus_sinensis_15wks,FALSE
2942,-0.1607132834885121,19.631050443741508,-0.07608183806594274,0.9401537728232241,0.9899745604099679,-5.963041369034726,miscanthus_sacchariflorus_ssp_lutarioriparius_15wks vs miscanthus_sinensis_15wks,FALSE
525,0.07429249981609942,20.96946624581681,0.07413665277794422,0.941680874549483,0.9899745604099679,-5.963185239038155,miscanthus_sacchariflorus_ssp_lutarioriparius_15wks vs miscanthus_sinensis_15wks,FALSE
2266,0.0659942044492432,20.181186734114238,0.07386428122725908,0.9418947232399715,0.9899745604099679,-5.963205087010641,miscanthus_sacchariflorus_ssp_lutarioriparius_15wks vs miscanthus_sinensis_15wks,FALSE
992,0.06436397192023335,18.614072938383153,0.07327267312639008,0.9423592315949023,0.9899745604099679,-5.9632479465384,miscanthus_sacchariflorus_ssp_lutarioriparius_15wks vs miscanthus_sinensis_15wks,FALSE
5321,-0.07102666183087081,18.12554164837209,-0.07316677213926032,0.9424423832951414,0.9899745604099679,-5.963255582273346,miscanthus_sacchariflorus_ssp_lutarioriparius_15wks vs miscanthus_sinensis_15wks,FALSE
3498,-0.14575859759535348,21.583926106459433,-0.07256747140648823,0.9429129570498767,0.9899745604099679,-5.963298585440175,miscanthus_sacchariflorus_ssp_lutarioriparius_15wks vs miscanthus_sinensis_15wks,FALSE
3528,0.0445107559857334,19.568602226490476,0.0718116050203736,0.9435064975899952,0.9899745604099679,-5.963352319012423,miscanthus_sacchariflorus_ssp_lutarioriparius_15wks vs miscanthus_sinensis_15wks,FALSE
5337,0.10767015918411005,18.57767708223132,0.0710858066442117,0.9440764592878431,0.9899745604099679,-5.963403385898862,miscanthus_sacchariflorus_ssp_lutarioriparius_15wks vs miscanthus_sinensis_15wks,FALSE
3842,-0.16018591987353403,19.898615906686643,-0.06866732865189798,0.9459758858391731,0.9911355386807418,-5.963569806898623,miscanthus_sacchariflorus_ssp_lutarioriparius_15wks vs miscanthus_sinensis_15wks,FALSE
125,-0.10635628055041835,17.781603191281828,-0.06597618518309245,0.9480898484964355,0.9922348676102504,-5.96374822350746,miscanthus_sacchariflorus_ssp_lutarioriparius_15wks vs miscanthus_sinensis_15wks,FALSE
2678,-0.1398380735673186,22.686626329276603,-0.06414423854243177,0.9495291168933532,0.9922348676102504,-5.963865599324338,miscanthus_sacchariflorus_ssp_lutarioriparius_15wks vs miscanthus_sinensis_15wks,FALSE
116,-0.05543977733429628,22.241202904868157,-0.06294798100282883,0.9504690527247386,0.9922348676102504,-5.963940462589729,miscanthus_sacchariflorus_ssp_lutarioriparius_15wks vs miscanthus_sinensis_15wks,FALSE
5566,0.0567476378918883,17.53290287960331,0.06224185658363115,0.9510239111605445,0.9922348676102504,-5.963983991556757,miscanthus_sacchariflorus_ssp_lutarioriparius_15wks vs miscanthus_sinensis_15wks,FALSE
2808,0.06839032675762624,16.786492957100297,0.062202215478994946,0.9510550611109312,0.9922348676102504,-5.96398642067781,miscanthus_sacchariflorus_ssp_lutarioriparius_15wks vs miscanthus_sinensis_15wks,FALSE
946,0.07361725064678737,16.908297058423912,0.06127454651107783,0.951784045669305,0.9922348676102504,-5.964042824549838,miscanthus_sacchariflorus_ssp_lutarioriparius_15wks vs miscanthus_sinensis_15wks,FALSE
5545,-0.06299069947933944,17.308636018101524,-0.059668752334466287,0.9530460200375945,0.9926514433816841,-5.964138457184914,miscanthus_sacchariflorus_ssp_lutarioriparius_15wks vs miscanthus_sinensis_15wks,FALSE
2386,-0.12869451850619384,19.429556127324865,-0.05776239427899207,0.9545443689432802,0.9926514433816841,-5.96424869416883,miscanthus_sacchariflorus_ssp_lutarioriparius_15wks vs miscanthus_sinensis_15wks,FALSE
219,0.14863966901158676,19.723954809744157,0.057558754500209704,0.9547044349949538,0.9926514433816841,-5.9642602583303495,miscanthus_sacchariflorus_ssp_lutarioriparius_15wks vs miscanthus_sinensis_15wks,FALSE
1928,-0.071442161745086,21.070868317227152,-0.05635327811229857,0.9556520103513018,0.9926514433816841,-5.964327877969468,miscanthus_sacchariflorus_ssp_lutarioriparius_15wks vs miscanthus_sinensis_15wks,FALSE
462,0.09382949719980616,18.58704522150911,0.05571842374762362,0.9561510705634926,0.9926514433816841,-5.964362914183085,miscanthus_sacchariflorus_ssp_lutarioriparius_15wks vs miscanthus_sinensis_15wks,FALSE
808,-0.05507903905541767,21.63191746438237,-0.04861071016785994,0.9617396774353282,0.9960014642904572,-5.964728082046037,miscanthus_sacchariflorus_ssp_lutarioriparius_15wks vs miscanthus_sinensis_15wks,FALSE
2419,-0.08308969605422689,21.02994972289272,-0.0484673208983163,0.9618524425379504,0.9960014642904572,-5.9647349369895615,miscanthus_sacchariflorus_ssp_lutarioriparius_15wks vs miscanthus_sinensis_15wks,FALSE
1496,-0.024427533213955854,22.008448063720685,-0.04750301871216204,0.96261081651582725,0.9960014642904572,-5.9647805110532195,miscanthus_sacchariflorus_ssp_lutarioriparius_15wks vs miscanthus_sinensis_15wks,FALSE
3649,0.09561527384775559,18.96161742426048,0.045697544310575176,0.9640308268606953,0.9960014642904572,-5.964863377865556,miscanthus_sacchariflorus_ssp_lutarioriparius_15wks vs miscanthus_sinensis_15wks,FALSE
3991,-0.03553099618430622,25.57826434897845,-0.04445108210539798,0.9650112449175217,0.9960014642904572,-5.964918714459332,miscanthus_sacchariflorus_ssp_lutarioriparius_15wks vs miscanthus_sinensis_15wks,FALSE
257,0.08859596416222004,19.017161351335353,0.04343453535125304,0.9658108629537264,0.9960014642904572,-5.964962711334066,miscanthus_sacchariflorus_ssp_lutarioriparius_15wks vs miscanthus_sinensis_15wks,FALSE
232,-0.06114987125829785,22.125231080920564,-0.04206125493710012,0.9668911473804283,0.9960014642904572,-5.965020532007808,miscanthus_sacchariflorus_ssp_lutarioriparius_15wks vs miscanthus_sinensis_15wks,FALSE
1832,0.05458169634902177,18.189557846562167,0.04056088369431617,0.9680714822189502,0.9960014642904572,-5.965081580832434,miscanthus_sacchariflorus_ssp_lutarioriparius_15wks vs miscanthus_sinensis_15wks,FALSE
6267,0.022563937563212733,16.4592044361796,0.040160694211876596,0.9683863222510629,0.9960014642904572,-5.965097489703707,miscanthus_sacchariflorus_ssp_lutarioriparius_15wks vs miscanthus_sinensis_15wks,FALSE
3922,-0.07393295166946601,18.565464881635474,-0.039754658407896,0.9687057671890411,0.9960014642904572,-5.9651134698002135,miscanthus_sacchariflorus_ssp_lutarioriparius_15wks vs miscanthus_sinensis_15wks,FALSE
2643,0.01978699427148456,18.672405425982664,0.03866551180185767,0.9695626699328742,0.9960014642904572,-5.965155532816416,miscanthus_sacchariflorus_ssp_lutarioriparius_15wks vs miscanthus_sinensis_15wks,FALSE
4503,-0.06040202038469289,24.343050714778624,-0.03860489865851976,0.969610359376017,0.9960014642904572,-5.9651578393905424,miscanthus_sacchariflorus_ssp_lutarioriparius_15wks vs miscanthus_sinensis_15wks,FALSE
2952,0.07488312323368618,19.09344645015111,0.03845532201347426,0.9697280443691263,0.9960014642904572,-5.965163515903385,miscanthus_sacchariflorus_ssp_lutarioriparius_15wks vs miscanthus_sinensis_15wks,FALSE
2961,0.09229776686647995,19.70498860298303,0.036062961431844766,0.9716104180852938,0.9968325842562555,-5.96525131284557,miscanthus_sacchariflorus_ssp_lutarioriparius_15wks vs miscanthus_sinensis_15wks,FALSE
2440,0.0423279363278688,22.986283156640784,0.03540150875538842,0.9721308975160926,0.9968325842562555,-5.96527459277318,miscanthus_sacchariflorus_ssp_lutarioriparius_15wks vs miscanthus_sinensis_15wks,FALSE
5787,-0.022648904983192608,17.255226054066906,-0.03156558916898216,0.9751495255415428,0.9976031255070336,-5.965401103503463,miscanthus_sacchariflorus_ssp_lutarioriparius_15wks vs miscanthus_sinensis_15wks,FALSE
4440,0.03592536133366764,20.568685589163383,0.030890218506555055,0.975681041048729,0.9976031255070336,-5.965421877261462,miscanthus_sacchariflorus_ssp_lutarioriparius_15wks vs miscanthus_sinensis_15wks,FALSE
3799,0.045437966515230244,17.861010239701578,0.03050696012105268,0.9759826699236795,0.9976031255070336,-5.965433466127212,miscanthus_sacchariflorus_ssp_lutarioriparius_15wks vs miscanthus_sinensis_15wks,FALSE
242,0.013855733501021206,21.043549368274622,0.030393299617272065,0.9760721227982487,0.9976031255070336,-5.965436875150324,miscanthus_sacchariflorus_ssp_lutarioriparius_15wks vs miscanthus_sinensis_15wks,FALSE
4043,0.03924183823572491,22.604481110902768,0.0282968065742489,0.9777221578653427,0.9978325201450589,-5.965497473547147,miscanthus_sacchariflorus_ssp_lutarioriparius_15wks vs miscanthus_sinensis_15wks,FALSE
3595,0.022259533684394484,17.677876910896924,0.025936616734349268,0.9795798572099852,0.9978325201450589,-5.965560514074856,miscanthus_sacchariflorus_ssp_lutarioriparius_15wks vs miscanthus_sinensis_15wks,FALSE
2146,-0.02271549652260063,17.18253172455188,-0.02557588411601107,0.9798637997446504,0.9978325201450589,-5.965569665858124,miscanthus_sacchariflorus_ssp_lutarioriparius_15wks vs miscanthus_sinensis_15wks,FALSE
501,0.01880269714050442,24.870314261749698,0.025120570183273024,0.9802221937581271,0.9978325201450589,-5.965581034189214,miscanthus_sacchariflorus_ssp_lutarioriparius_15wks vs miscanthus_sinensis_15wks,FALSE
2649,-0.019404502119979128,17.43911792324324,-0.02243586597911754,0.9823355063971084,0.9978325201450589,-5.965643914658762,miscanthus_sacchariflorus_ssp_lutarioriparius_15wks vs miscanthus_sinensis_15wks,FALSE
1905,-0.022404247621768292,25.64377514898736,-0.021875925397408482,0.982776291004996,0.9978325201450589,-5.965656134713422,miscanthus_sacchariflorus_ssp_lutarioriparius_15wks vs miscanthus_sinensis_15wks,FALSE
1431,-0.025830159272846487,22.571981062326905,-0.01991823335667348,0.9843174277508545,0.9978325201450589,-5.965696431755103,miscanthus_sacchariflorus_ssp_lutarioriparius_15wks vs miscanthus_sinensis_15wks,FALSE
374,0.008655994289707536,20.211886170137817,0.019682666304711088,0.9845028755242546,0.9978325201450589,-5.965701026209186,miscanthus_sacchariflorus_ssp_lutarioriparius_15wks vs miscanthus_sinensis_15wks,FALSE
2020,-0.022804019900981132,16.887632114396343,-0.019335848464363654,0.9847759059974464,0.9978325201450589,-5.965707691003633,miscanthus_sacchariflorus_ssp_lutarioriparius_15wks vs miscanthus_sinensis_15wks,FALSE
3636,0.02096574266540685,17.246243433991754,0.01785584348173833,0.9859410531766608,0.9978325201450589,-5.965734800693442,miscanthus_sacchariflorus_ssp_lutarioriparius_15wks vs miscanthus_sinensis_15wks,FALSE
4419,0.01760006898984301,18.74302332014447,0.0171760293042467,0.9864762540053799,0.9978325201450589,-5.965746529936124,miscanthus_sacchariflorus_ssp_lutarioriparius_15wks vs miscanthus_sinensis_15wks,FALSE
1801,-0.027296383506609345,18.153712798266746,-0.017163871716203673,0.9864858254333555,0.9978325201450589,-5.9657467355550855,miscanthus_sacchariflorus_ssp_lutarioriparius_15wks vs miscanthus_sinensis_15wks,FALSE
175,0.011685714000169156,26.047225374518987,0.016935359001054903,0.9866657293520685,0.9978325201450589,-5.965750573261502,miscanthus_sacchariflorus_ssp_lutarioriparius_15wks vs miscanthus_sinensis_15wks,FALSE
1497,-0.02122525444060841,21.62121239916022,-0.015353322055011696,0.987911257934295,0.9982851241323126,-5.965775731744077,miscanthus_sacchariflorus_ssp_lutarioriparius_15wks vs miscanthus_sinensis_15wks,FALSE
5788,0.013699599334159984,17.917506082792826,0.013943219012910535,0.9890214508933673,0.9986003511441507,-5.965796078062837,miscanthus_sacchariflorus_ssp_lutarioriparius_15wks vs miscanthus_sinensis_15wks,FALSE
4064,-0.024789383460717573,18.74171370352863,-0.012370298861007482,0.9902598589490486,0.9990444222139191,-5.965816462806196,miscanthus_sacchariflorus_ssp_lutarioriparius_15wks vs miscanthus_sinensis_15wks,FALSE
146,-0.021314462396819778,20.002361185412315,-0.010970656581820122,0.991361861478123,0.9991381257794532,-5.965832552813706,miscanthus_sacchariflorus_ssp_lutarioriparius_15wks vs miscanthus_sinensis_15wks,FALSE
4875,-0.00631559194349407,17.471102823656892,-0.007861973406693321,0.9938095306735993,0.9991381257794532,-5.9658613870940504,miscanthus_sacchariflorus_ssp_lutarioriparius_15wks vs miscanthus_sinensis_15wks,FALSE
2993,0.004549810319804948,20.28316436448295,0.006755512969301874,0.9946807356941775,0.9991381257794532,-5.965869352926767,miscanthus_sacchariflorus_ssp_lutarioriparius_15wks vs miscanthus_sinensis_15wks,FALSE
3484,-0.007776889977616719,18.897217630014108,-0.004572755650607451,0.9963994145865489,0.9991381257794532,-5.965881531378697,miscanthus_sacchariflorus_ssp_lutarioriparius_15wks vs miscanthus_sinensis_15wks,FALSE
1805,0.005028354710500338,23.420993977450223,0.00417722130964855,0.9967108561226077,0.9991381257794532,-5.9658832359475324,miscanthus_sacchariflorus_ssp_lutarioriparius_15wks vs miscanthus_sinensis_15wks,FALSE
753,-0.008184519995975137,18.873238303577875,-0.003982897942211942,0.9968638654609785,0.9991381257794532,-5.9658840169367435,miscanthus_sacchariflorus_ssp_lutarioriparius_15wks vs miscanthus_sinensis_15wks,FALSE
8,0.005037499492313913,23.362631499257724,0.0036055808495309982,0.9971609635794907,0.9991381257794532,-5.965885427149893,miscanthus_sacchariflorus_ssp_lutarioriparius_15wks vs miscanthus_sinensis_15wks,FALSE
2343,0.0057113168538620585,17.918869316200606,0.0029240928292454723,0.9976975658379797,0.9991381257794532,-5.965887618810737,miscanthus_sacchariflorus_ssp_lutarioriparius_15wks vs miscanthus_sinensis_15wks,FALSE
1822,-0.0019010785406656794,22.32312677913998,-0.0029227382707344217,0.9976986324157595,0.9991381257794532,-5.965887622711433,miscanthus_sacchariflorus_ssp_lutarioriparius_15wks vs miscanthus_sinensis_15wks,FALSE
1903,-0.003119647589407748,25.841959468032957,-0.002108892668223494,0.9983394542160804,0.9991381257794532,-5.965889639565848,miscanthus_sacchariflorus_ssp_lutarioriparius_15wks vs miscanthus_sinensis_15wks,FALSE
4794,-6.718897829642856e-4,17.034739274416975,-9.870667235626933e-4,0.9992227814577993,0.9992227814577993,-5.965891350150525,miscanthus_sacchariflorus_ssp_lutarioriparius_15wks vs miscanthus_sinensis_15wks,FALSE
