ID,logFC,AveExpr,t,P.Value,adj.P.Val,B,comparison,pass
1273,9.18541073042801,23.800474460897316,12.106448884179736,5.423675448609564e-11,7.126709539472967e-8,14.427026028454065,miscanthus_sinensis_15wks vs control_6wks,TRUE
1684,8.569079844137015,24.120302882324825,9.99589526668038,1.7624843214959118e-9,1.157952199222814e-6,11.470527965551113,miscanthus_sinensis_15wks vs control_6wks,TRUE
1090,6.749318343270826,22.299678300052257,9.507945699443132,4.23250115524883e-9,1.8538355059989876e-6,10.701723469456951,miscanthus_sinensis_15wks vs control_6wks,TRUE
4235,5.8454404508134346,21.36561864422629,8.003725192582678,7.606642844869959e-8,2.4987821745397815e-5,8.108857472331614,miscanthus_sinensis_15wks vs control_6wks,TRUE
5157,-3.3895036475863947,17.1518477976612,-7.490976440393493,2.1796264253677222e-7,5.728058245866374e-5,7.145192538341888,miscanthus_sinensis_15wks vs control_6wks,TRUE
5597,-3.185727370724628,17.532736047377124,-7.075649014934914,5.247218265115369e-7,9.954150555834359e-5,6.334616610691983,miscanthus_sinensis_15wks vs control_6wks,TRUE
5389,-3.2505577524326306,17.61449411469996,-7.070731177825242,5.30281993080978e-7,9.954150555834359e-5,6.3248593884812525,miscanthus_sinensis_15wks vs control_6wks,TRUE
3457,-5.457856202649118,18.610821855800996,-6.732052289852118,1.1043323674708202e-6,1.8138659135708221e-4,5.644080147341748,miscanthus_sinensis_15wks vs control_6wks,TRUE
5390,-2.729870913059706,17.479168131106462,-6.243310542153535,3.2672220522800674e-6,4.7701441963288985e-4,4.631894560242763,miscanthus_sinensis_15wks vs control_6wks,TRUE
1903,6.4118567255137044,24.55993475044015,6.163509858845513,3.91129055376258e-6,5.139435787644029e-4,4.463434749705554,miscanthus_sinensis_15wks vs control_6wks,TRUE
3537,-6.056001652152883,17.83245864578924,-6.093542089389629,4.5825362140328785e-6,5.474047804762912e-4,4.315026141527323,miscanthus_sinensis_15wks vs control_6wks,TRUE
3553,-9.962762851554125,19.86544030771131,-5.948872957359302,6.369756093715089e-6,6.974882922618022e-4,4.006127809568319,miscanthus_sinensis_15wks vs control_6wks,TRUE
4047,-4.7424841452941,18.025774240934865,-5.810762924913964,8.742237465533188e-6,8.83638463823893e-4,3.7087543759746406,miscanthus_sinensis_15wks vs control_6wks,TRUE
4638,-2.5206674514463288,17.248885614571673,-5.727532310576057,1.0590734091802989e-5,9.940160426163663e-4,3.5284222293220378,miscanthus_sinensis_15wks vs control_6wks,TRUE
5762,-2.4165550294265223,17.290772149641988,-5.6022002463893985,1.4156942786095008e-5,0.0012401481880619225,3.2553473937043,miscanthus_sinensis_15wks vs control_6wks,TRUE
2259,-3.935784762951805,17.44395875244399,-5.526030845481103,1.6900982885907836e-5,0.0013291529980647581,3.088531328097428,miscanthus_sinensis_15wks vs control_6wks,TRUE
489,-4.649476196637941,17.866091344453576,-5.518603055365123,1.7196043353958057e-5,0.0013291529980647581,3.072230456098307,miscanthus_sinensis_15wks vs control_6wks,TRUE
238,-4.249123874427973,18.104812244533115,-5.397498632717891,2.28194759762746e-5,0.0015872428831100497,2.805647789695591,miscanthus_sinensis_15wks vs control_6wks,TRUE
395,6.255504652221038,21.339891587822613,5.395044793609573,2.295100059291548e-5,0.0015872428831100497,2.800230877942779,miscanthus_sinensis_15wks vs control_6wks,TRUE
386,-3.5709234586603102,17.5107870655195,-5.35133112635132,2.5427616968840023e-5,0.001594707204594529,2.7036330842105887,miscanthus_sinensis_15wks vs control_6wks,TRUE
1537,4.299107823739565,20.268174167409654,5.3503504941965545,2.5486188201282425e-5,0.001594707204594529,2.70146397550311,miscanthus_sinensis_15wks vs control_6wks,TRUE
3029,-4.003273017286709,18.418844970680066,-5.26957275890839,3.0813498041268164e-5,0.0018404062011921076,2.5224769983861197,miscanthus_sinensis_15wks vs control_6wks,TRUE
1746,6.054128253438776,21.127282473403227,5.159803130190055,3.991627769835044e-5,0.0022804342998101077,2.2783121525009715,miscanthus_sinensis_15wks vs control_6wks,TRUE
2363,-6.516650486817376,19.252649799117734,-5.045381890654715,5.233144788373655e-5,0.0028651467716345764,2.0227463716363463,miscanthus_sinensis_15wks vs control_6wks,TRUE
2096,6.041528234924616,21.7833654234201,4.9178237985269675,7.085307715338017e-5,0.0036948014448209866,1.7367145965587198,miscanthus_sinensis_15wks vs control_6wks,TRUE
2447,-3.292609413197873,17.81021891588185,-4.904656727522228,7.310870438762987e-5,0.0036948014448209866,1.7071284509399387,miscanthus_sinensis_15wks vs control_6wks,TRUE
1661,5.212107158308616,20.98006250919301,4.847938705448654,8.368531641212927e-5,0.004072685398723624,1.5795659439384604,miscanthus_sinensis_15wks vs control_6wks,TRUE
5716,-2.6377250668509227,17.35814150423298,-4.779041317631606,9.863668416576345e-5,0.004628878678350471,1.4243719766717922,miscanthus_sinensis_15wks vs control_6wks,TRUE
2960,5.830921229932322,21.686243564196467,4.61742770951054,1.4517834021813528e-4,0.006578080656780337,1.0594786853677167,miscanthus_sinensis_15wks vs control_6wks,TRUE
712,-2.299115334511658,17.564100124759097,-4.540046021539471,1.7475994574092164e-4,0.007654485623452367,0.8844425646382907,miscanthus_sinensis_15wks vs control_6wks,TRUE
5917,-2.1995545311601106,16.93644044675616,-4.4905194300950155,1.9680427852324198e-4,0.00834196199934,0.7723384939655906,miscanthus_sinensis_15wks vs control_6wks,TRUE
3514,-3.3510566502358508,18.453375340840395,-4.448464918702746,2.177039064822359e-4,0.008939466659926811,0.6771140319387667,miscanthus_sinensis_15wks vs control_6wks,TRUE
5322,-4.285115198161549,18.89084888758301,-4.347491444527731,2.7744207938163145e-4,0.01072277659643998,0.4484103936020647,miscanthus_sinensis_15wks vs control_6wks,TRUE
818,-2.761462057593061,18.359235255623016,-4.347473731951336,2.7745388453497666e-4,0.01072277659643998,0.4483702718192779,miscanthus_sinensis_15wks vs control_6wks,TRUE
1593,-3.2483961017865575,18.064412563923543,-4.318220810802239,2.97653742496338e-4,0.011174771932576804,0.38210877756274897,miscanthus_sinensis_15wks vs control_6wks,TRUE
4024,-2.291084940333029,17.475919422767223,-4.284796013390137,3.2254381884866336e-4,0.011279737841274793,0.306402838801068,miscanthus_sinensis_15wks vs control_6wks,TRUE
3519,4.646683800777197,19.761695381449403,4.283447457890428,3.2359064274225076e-4,0.011279737841274793,0.3033485983779718,miscanthus_sinensis_15wks vs control_6wks,TRUE
2442,-2.8041783007339944,17.6001301944801,-4.280101764545659,3.26202464207338e-4,0.011279737841274793,0.29577126963447053,miscanthus_sinensis_15wks vs control_6wks,TRUE
4770,-3.271089649995865,17.71969918325434,-4.218824800507774,3.7794906239597395e-4,0.012733976102264354,0.15701657880787856,miscanthus_sinensis_15wks vs control_6wks,TRUE
2733,-4.804328207065769,19.56179625731825,-4.146167818254158,0.00045003911415002277,0.01478378489982825,-0.007412687390657702,miscanthus_sinensis_15wks vs control_6wks,TRUE
172,-1.6500414022370045,26.320566559468702,-4.130118584945642,4.6772975990236955e-4,0.014990168402724722,-0.04371457809563939,miscanthus_sinensis_15wks vs control_6wks,TRUE
4160,-2.2781403918921157,17.308065133097,-4.115805675561575,4.840910150038591e-4,0.015145133183692162,-0.076082161029972,miscanthus_sinensis_15wks vs control_6wks,TRUE
4684,-2.5051753753358206,16.886088842960845,-4.099614528409979,5.032884996671558e-4,0.015379560199131228,-0.11268881211129411,miscanthus_sinensis_15wks vs control_6wks,TRUE
4237,-4.663990501440907,18.816417450921666,-4.031695369042899,5.924409704342836e-4,0.017692441707969287,-0.2661356468535674,miscanthus_sinensis_15wks vs control_6wks,TRUE
4514,-2.398721236384496,17.025759715429366,-4.014054175793213,6.180654411299907e-4,0.017832817874337267,-0.3059580327057523,miscanthus_sinensis_15wks vs control_6wks,TRUE
6016,-2.2181481555518303,16.913763246780473,-4.009882596994886,6.242843395886714e-4,0.017832817874337267,-0.31537251223687335,miscanthus_sinensis_15wks vs control_6wks,TRUE
459,-3.8330591820698885,18.054924359836406,-3.9922588182323686,6.512520827983999e-4,0.01820734546376803,-0.3551362344918525,miscanthus_sinensis_15wks vs control_6wks,TRUE
1451,4.059677634916522,19.954791582069838,3.9742913940452333,6.799387676657191e-4,0.01861332376484906,-0.3956581720264989,miscanthus_sinensis_15wks vs control_6wks,TRUE
3234,-4.116744800190979,17.86429814499115,-3.9651665664075737,6.949850609121231e-4,0.018636946327316932,-0.4162304711467426,miscanthus_sinensis_15wks vs control_6wks,TRUE
414,-3.452084770368117,18.195262053804772,-3.9164064583736793,7.811763779898682e-4,0.020229677570961484,-0.5260770983707168,miscanthus_sinensis_15wks vs control_6wks,TRUE
2490,4.507343864634599,20.991685905967245,3.9076507265152687,7.977415694876085e-4,0.020229677570961484,-0.5457858684865382,miscanthus_sinensis_15wks vs control_6wks,TRUE
4238,-1.7770136756295862,17.245755967466046,-3.9061760688453355,8.005656268569233e-4,0.020229677570961484,-0.5491047504428499,miscanthus_sinensis_15wks vs control_6wks,TRUE
5661,-2.3482627323261482,18.24226169306163,-3.8907153721233265,8.307778562199454e-4,0.02059702081269827,-0.5838917661815852,miscanthus_sinensis_15wks vs control_6wks,TRUE
1236,-2.290977856701584,17.371113658477167,-3.8427391043924843,9.31918422374781e-4,0.02267668161111967,-0.6917292976596405,miscanthus_sinensis_15wks vs control_6wks,TRUE
6111,-1.9652460628670951,17.071371190630412,-3.827299442389152,9.669945363366552e-4,0.023102378559024816,-0.7263956374155338,miscanthus_sinensis_15wks vs control_6wks,TRUE
2422,4.060890266654678,24.209241012377436,3.8182493797603545,9.881594986499496e-4,0.02318645680760775,-0.7467065154869132,miscanthus_sinensis_15wks vs control_6wks,TRUE
1761,-3.933072460058476,18.072457531961103,-3.7369797962283955,0.0011999821641121807,0.027662746730586062,-0.9287756211159088,miscanthus_sinensis_15wks vs control_6wks,TRUE
3100,-2.532675467840754,17.180187021793508,-3.7135538966381305,0.001268978900294953,0.028191359076506273,-0.9811405231687855,miscanthus_sinensis_15wks vs control_6wks,TRUE
1225,4.033076289493831,20.415111422105582,3.7076755314483787,0.001286898889178969,0.028191359076506273,-0.9942719105026239,miscanthus_sinensis_15wks vs control_6wks,TRUE
277,-2.5630695910083574,18.0175613412954,-3.705392423863769,0.0012939260501346004,0.028191359076506273,-0.9993710634806723,miscanthus_sinensis_15wks vs control_6wks,TRUE
5478,-3.6101751301987726,17.264802848977503,-3.7006220508420222,0.001308731281329439,0.028191359076506273,-1.010023580244141,miscanthus_sinensis_15wks vs control_6wks,TRUE
342,-4.833321317679381,19.758773774535964,-3.6905549356569205,0.0013405265152010353,0.028410513564099363,-1.0324961280599698,miscanthus_sinensis_15wks vs control_6wks,TRUE
2497,3.5248944961405577,19.981185993778062,3.645735282863697,0.0014915852837339692,0.031110207346451358,-1.1324110126341997,miscanthus_sinensis_15wks vs control_6wks,TRUE
5321,-2.4958025742533287,18.632594014537293,-3.6110621835973915,0.0016198508768986517,0.0332164083901462,-1.2095474393821455,miscanthus_sinensis_15wks vs control_6wks,TRUE
5849,-2.0993526152900017,17.24274962774846,-3.603550458648523,0.0016490390665451769,0.0332164083901462,-1.2262393943316878,miscanthus_sinensis_15wks vs control_6wks,TRUE
5249,-2.9855981531156885,19.16950301632765,-3.5986386803484414,0.001668404074390905,0.0332164083901462,-1.2371501617026226,miscanthus_sinensis_15wks vs control_6wks,TRUE
1486,4.926035525579088,20.972273328675872,3.5914386752479888,0.0016971958185390877,0.03328530306806509,-1.2531383970004315,miscanthus_sinensis_15wks vs control_6wks,TRUE
2152,5.606202263217263,21.33195371438833,3.5675592352894725,0.0017962306246083375,0.0347095153049317,-1.3061172264630052,miscanthus_sinensis_15wks vs control_6wks,TRUE
5184,3.4610972781091256,20.351286965108432,3.5418454281668685,0.001909231445155542,0.03635840752078815,-1.3630816252565605,miscanthus_sinensis_15wks vs control_6wks,TRUE
3737,-1.9134988816603027,18.14273615917786,-3.5152670093062715,0.0020333714114987855,0.038169286210134344,-1.4218660575923199,miscanthus_sinensis_15wks vs control_6wks,TRUE
347,-3.2538064079912097,18.517284650687117,-3.506749978991974,0.0020748040452691035,0.03828488800337674,-1.440682334062748,miscanthus_sinensis_15wks vs control_6wks,TRUE
2151,5.535440845230905,21.118998622827498,3.5020942074083896,0.002097802082376808,0.03828488800337674,-1.4509636889506314,miscanthus_sinensis_15wks vs control_6wks,TRUE
3412,-2.3811397130736935,17.666875959871717,-3.4701466687745968,0.002262500799307851,0.040203990288266774,-1.5214273287018774,miscanthus_sinensis_15wks vs control_6wks,TRUE
2231,4.788614515281655,20.315851989274574,3.464486818477078,0.0022929729585701624,0.040203990288266774,-1.5338947085956223,miscanthus_sinensis_15wks vs control_6wks,TRUE
3357,-2.799613820182074,18.281325031755884,-3.4638644881390035,0.002296347984900851,0.040203990288266774,-1.5352652631957273,miscanthus_sinensis_15wks vs control_6wks,TRUE
4842,-1.6329340318134449,17.024317891312897,-3.4585543048985787,0.0023253449481798133,0.040203990288266774,-1.5469574237432901,miscanthus_sinensis_15wks vs control_6wks,TRUE
5545,-2.600700433851703,18.014734438696074,-3.4228171018186493,0.0025300404967413884,0.0427684820287366,-1.6255297542177862,miscanthus_sinensis_15wks vs control_6wks,TRUE
1114,-1.5239085155875358,23.14679370962589,-3.4162547971135275,0.0025694998658396576,0.0427684820287366,-1.6399354552431236,miscanthus_sinensis_15wks vs control_6wks,TRUE
2135,-2.2686683583505634,17.387357864497627,-3.415955036253227,0.0025713166516515918,0.0427684820287366,-1.6405933279244636,miscanthus_sinensis_15wks vs control_6wks,TRUE
5446,-3.5100734598106698,17.709782342884285,-3.4039388288563344,0.002645188582328729,0.04344722246474938,-1.6669525877275708,miscanthus_sinensis_15wks vs control_6wks,TRUE
121,-7.535347560971612,21.98973144137062,-3.3773966295797875,0.0028157951779814523,0.0455392259619478,-1.7250907641730588,miscanthus_sinensis_15wks vs control_6wks,TRUE
4967,-3.3705307105881808,17.728459333513207,-3.3703182880628404,0.002863080649650371,0.0455392259619478,-1.7405748201135314,miscanthus_sinensis_15wks vs control_6wks,TRUE
5345,-1.8442733339710635,18.083815773699165,-3.3683263893763122,0.002876526449651193,0.0455392259619478,-1.7449305788134115,miscanthus_sinensis_15wks vs control_6wks,TRUE
4229,-3.1356484169168723,17.651229717354116,-3.3558581073354503,0.0029621028317058547,0.046335751438827295,-1.7721796057727541,miscanthus_sinensis_15wks vs control_6wks,TRUE
1902,2.125655054579042,23.775910286186797,3.3440341978899046,0.0030455507211797532,0.046549676255639875,-1.797994876902469,miscanthus_sinensis_15wks vs control_6wks,TRUE
138,-2.8895981773161346,18.029062665780213,-3.343706053457838,0.0030478990486298018,0.046549676255639875,-1.7987109604944136,miscanthus_sinensis_15wks vs control_6wks,TRUE
3546,-2.65906699813889,17.975583674129552,-3.338960792012478,0.0030820561904419093,0.046549676255639875,-1.8090639932468813,miscanthus_sinensis_15wks vs control_6wks,TRUE
2542,-1.7385714276856206,16.985938173360847,-3.327658026126575,0.003164926894510057,0.047258112947570624,-1.8337074396136375,miscanthus_sinensis_15wks vs control_6wks,TRUE
518,-2.123899175614124,17.293972574237323,-3.319552007302304,0.0032256938996025135,0.047371017950536755,-1.8513665519570486,miscanthus_sinensis_15wks vs control_6wks,TRUE
5474,-2.721504306201883,18.701100511559567,-3.314362932458013,0.003265189755017901,0.047371017950536755,-1.8626646422457354,miscanthus_sinensis_15wks vs control_6wks,TRUE
248,-2.9632432199747143,17.536012009273705,-3.3099583034827513,0.003299084604157264,0.047371017950536755,-1.8722508187670535,miscanthus_sinensis_15wks vs control_6wks,TRUE
6095,-1.961230384742393,17.082339262033987,-3.307687572374507,0.0033166922765977026,0.047371017950536755,-1.8771913834145488,miscanthus_sinensis_15wks vs control_6wks,TRUE
680,-1.7141517696665503,17.32149101768479,-3.2985697197105637,0.003388320775499215,0.04775438309338711,-1.8970198144962769,miscanthus_sinensis_15wks vs control_6wks,TRUE
1938,-3.6765589116579918,18.074243591290294,-3.2938111052511108,0.00342630019840676,0.04775438309338711,-1.9073620003899094,miscanthus_sinensis_15wks vs control_6wks,TRUE
1683,-2.9255846542369035,17.739497283536792,-3.290550614036591,0.003452561943585826,0.04775438309338711,-1.9144457168965499,miscanthus_sinensis_15wks vs control_6wks,TRUE
3586,-2.525380317127734,16.984068774097732,-3.274987696623136,0.0035806397796914074,0.049010006984526136,-1.948229224216635,miscanthus_sinensis_15wks vs control_6wks,TRUE
2308,4.116342331674666,19.91076795988045,3.253216334576393,0.0037676010991594647,0.051037400456655016,-1.995409854473488,miscanthus_sinensis_15wks vs control_6wks,TRUE
1513,3.5816079140965016,18.972784741827216,3.2114049512390976,0.004153643984702267,0.055692736692844684,-2.0857492280522614,miscanthus_sinensis_15wks vs control_6wks,TRUE
2224,4.287520114239555,19.747806982303736,3.206793928126912,0.004198499613205851,0.05572554032073221,-2.0956896776135103,miscanthus_sinensis_15wks vs control_6wks,TRUE
4175,3.561157403648423,19.970546241341705,3.197516380034841,0.004290180397481693,0.056372970422909445,-2.115676506857871,miscanthus_sinensis_15wks vs control_6wks,TRUE
1491,-3.4776041118631618,18.239573307229833,-3.1899532849287895,0.004366354005901191,0.05638206826936527,-2.1319561783047263,miscanthus_sinensis_15wks vs control_6wks,TRUE
245,-2.2729277390438405,18.39714955280382,-3.188936906214577,0.004376690230955295,0.05638206826936527,-2.1341430057210156,miscanthus_sinensis_15wks vs control_6wks,TRUE
1358,-1.3967275762294307,23.532435769895212,-3.1686058100775782,0.004588507257003312,0.05853687898740148,-2.17783971239124,miscanthus_sinensis_15wks vs control_6wks,TRUE
2791,-2.821541058800996,18.921476917780154,-3.161791392977108,0.004661701452890025,0.05860417598019508,-2.192465207912086,miscanthus_sinensis_15wks vs control_6wks,TRUE
924,-1.6569651686553861,23.754626169586363,-3.159829607581628,0.004682982098874036,0.05860417598019508,-2.1966737835676255,miscanthus_sinensis_15wks vs control_6wks,TRUE
1137,-4.492434460371857,19.9781459827626,-3.1549921759868753,0.004735859642679961,0.05870678840076857,-2.2070477315318087,miscanthus_sinensis_15wks vs control_6wks,TRUE
3111,3.865249421793589,19.55020726213381,3.1486860921755677,0.004805660125534688,0.05901530285002412,-2.2205633073607274,miscanthus_sinensis_15wks vs control_6wks,TRUE
4656,-3.9809123208735997,19.79161780587616,-3.1378370356138867,0.004928084136226016,0.059958356990749855,-2.2437945087764515,miscanthus_sinensis_15wks vs control_6wks,TRUE
25,5.1835419732893975,20.681520083230073,3.1337064394036642,0.004975484289233155,0.05997969133992997,-2.2526323144736295,miscanthus_sinensis_15wks vs control_6wks,TRUE
659,2.606468245897574,18.31674528379231,3.124052177500313,0.005087998073490427,0.06077844971424019,-2.2732731576432785,miscanthus_sinensis_15wks vs control_6wks,TRUE
1035,2.9762444935199426,19.46562815065863,3.107684846017173,0.005284395997532936,0.062287568344464604,-2.308216828740009,miscanthus_sinensis_15wks vs control_6wks,TRUE
3854,-3.4031456662102393,20.212475893680544,-3.1056647564642557,0.0053091382454947,0.062287568344464604,-2.3125252668507805,miscanthus_sinensis_15wks vs control_6wks,TRUE
3804,-1.803307123982112,17.37568834891175,-3.096099460588038,0.005427823626387945,0.06287500965118309,-2.332912886180134,miscanthus_sinensis_15wks vs control_6wks,TRUE
3156,2.8440470582257937,18.710649760205868,3.093423910939498,0.005461477981710689,0.06287500965118309,-2.338611672707116,miscanthus_sinensis_15wks vs control_6wks,TRUE
5091,3.1277345162356944,19.762852771402738,3.0901636607245484,0.005502759596564729,0.06287500965118309,-2.345553512373999,miscanthus_sinensis_15wks vs control_6wks,TRUE
4636,-2.9125956661288868,20.056524952392284,-3.085000463523986,0.005568753986939371,0.0630805408520546,-2.3565419175713087,miscanthus_sinensis_15wks vs control_6wks,TRUE
67,4.6146683034290845,20.390607491111655,3.077685052231324,0.00566356775152842,0.06360622244024225,-2.372099608425913,miscanthus_sinensis_15wks vs control_6wks,TRUE
3300,2.9300502910903106,19.379500656244506,3.073253426611878,0.005721761508884171,0.06371520866672711,-2.381517986296326,miscanthus_sinensis_15wks vs control_6wks,TRUE
1086,-2.9864161219670677,18.164975765864742,-3.0576731266276242,0.005930970708669993,0.06499928843811698,-2.4145917716070473,miscanthus_sinensis_15wks vs control_6wks,TRUE
5819,-2.1577577320474397,17.316018250744605,-3.055508334483769,0.005960616836731414,0.06499928843811698,-2.4191824047991637,miscanthus_sinensis_15wks vs control_6wks,TRUE
198,3.116715547164535,20.254066862396023,3.053701169438809,0.005985474810511532,0.06499928843811698,-2.4230137594556824,miscanthus_sinensis_15wks vs control_6wks,TRUE
318,-2.8705363084605935,17.155624039966305,-3.038293903858072,0.006201504046910241,0.06583872821993914,-2.4556451410827997,miscanthus_sinensis_15wks vs control_6wks,TRUE
268,-2.8869102139282816,18.162614143779805,-3.0375954237283476,0.006211473646376655,0.06583872821993914,-2.457123040841194,miscanthus_sinensis_15wks vs control_6wks,TRUE
1219,-1.4633456371497786,18.085298509800477,-3.0374821735642827,0.006213091551957726,0.06583872821993914,-2.4573626528160455,miscanthus_sinensis_15wks vs control_6wks,TRUE
5406,1.7090318491090528,17.48164182951414,3.010793931669075,0.006605901694181148,0.06944123860923224,-2.513736941769581,miscanthus_sinensis_15wks vs control_6wks,TRUE
233,3.010413854202799,22.864040720225645,3.000686904594644,0.006760816662916787,0.07050565948470364,-2.5350378293899296,miscanthus_sinensis_15wks vs control_6wks,TRUE
3328,-2.6657124648768935,17.389724771381246,-2.9948829074593935,0.0068513510944948775,0.07088720738713597,-2.547257737193241,miscanthus_sinensis_15wks vs control_6wks,TRUE
4595,-2.9451206552735982,18.56979800512093,-2.990111833499259,0.006926645617736139,0.07098420281020791,-2.557296184102529,miscanthus_sinensis_15wks vs control_6wks,TRUE
4274,-1.607406254450087,17.987355186309877,-2.986519636579127,0.006983860223265126,0.07098420281020791,-2.564850230843021,miscanthus_sinensis_15wks vs control_6wks,TRUE
1181,-2.85313074745185,18.737260401869875,-2.984091572797184,0.007022790232364558,0.07098420281020791,-2.5699542557127506,miscanthus_sinensis_15wks vs control_6wks,TRUE
4043,-2.526391506424403,23.19123712329876,-2.9752520059922034,0.007166287974513688,0.07172272612771335,-2.588522451710803,miscanthus_sinensis_15wks vs control_6wks,TRUE
2385,-3.695245646261643,21.175235843759236,-2.972895074766126,0.007205022716025998,0.07172272612771335,-2.593469794928239,miscanthus_sinensis_15wks vs control_6wks,TRUE
934,2.492495522717565,18.307097965012613,2.9547909813798556,0.007509331839275242,0.07418994012637344,-2.631420752065852,miscanthus_sinensis_15wks vs control_6wks,TRUE
5015,-2.9478504709408995,17.773056345579533,-2.9410404115206292,0.0077486698144982975,0.07598322489739376,-2.6601850216676253,miscanthus_sinensis_15wks vs control_6wks,TRUE
2556,-3.018532587989707,18.64927592174713,-2.934870167721789,0.007858430475844284,0.07648872329821768,-2.6730751078745514,miscanthus_sinensis_15wks vs control_6wks,TRUE
4906,-1.3687382239681831,16.77542665649339,-2.928941401271962,0.007965299283987202,0.07689182634690025,-2.6854506089315007,miscanthus_sinensis_15wks vs control_6wks,TRUE
2678,4.5599081577029,21.847999416306255,2.926107098812076,0.008016879915924913,0.07689182634690025,-2.6913633121683147,miscanthus_sinensis_15wks vs control_6wks,TRUE
4987,-1.7683805462293343,17.48049109270829,-2.911181413309865,0.008293833409485994,0.07897171811641013,-2.722462262307787,miscanthus_sinensis_15wks vs control_6wks,TRUE
5201,-1.7959698306075325,18.16404445558177,-2.905718330842763,0.008397476833525827,0.07938334215289883,-2.7338290375344645,miscanthus_sinensis_15wks vs control_6wks,TRUE
157,2.243818232874755,22.068842336819596,2.892983995290602,0.008643904039838456,0.08112921363105523,-2.7602910705965735,miscanthus_sinensis_15wks vs control_6wks,TRUE
5281,-1.862686196981695,18.443109184890304,-2.8867071280707375,0.00876790224101577,0.08170938684180654,-2.77331695947188,miscanthus_sinensis_15wks vs control_6wks,TRUE
2352,4.152768501704131,19.95391556304329,2.8771946352795914,0.008959068312012708,0.0829029279013007,-2.7930352877185496,miscanthus_sinensis_15wks vs control_6wks,TRUE
3957,-1.3505607533541841,21.745369302573554,-2.8598712043282832,0.009317487752463995,0.08538376187711143,-2.8288753939804128,miscanthus_sinensis_15wks vs control_6wks,TRUE
1844,-2.4523447945067858,18.414732639832753,-2.856145515628628,0.00939634213599325,0.08538376187711143,-2.8365715777946026,miscanthus_sinensis_15wks vs control_6wks,TRUE
4650,-3.0425446552523567,17.606327398573416,-2.8549347676572734,0.009422104621142433,0.08538376187711143,-2.8390717222007402,miscanthus_sinensis_15wks vs control_6wks,TRUE
5431,2.141623508257183,22.25050671615525,2.839632631897045,0.009753574448232077,0.0877821700340887,-2.870631416959244,miscanthus_sinensis_15wks vs control_6wks,TRUE
1865,-1.8972622483132326,17.569762697143766,-2.8350646061838867,0.009854663450958845,0.08808862431673416,-2.880038735561002,miscanthus_sinensis_15wks vs control_6wks,TRUE
4034,-1.5082715759645424,17.229168334766012,-2.8257705129397452,0.010063432865696937,0.08934696476706605,-2.8991588694861004,miscanthus_sinensis_15wks vs control_6wks,TRUE
5131,-1.3446616950786918,17.145377099216518,-2.8100603431662297,0.010425944845480697,0.09194423843598414,-2.9314169442194484,miscanthus_sinensis_15wks vs control_6wks,TRUE
4672,-2.0480143452657735,17.188915110603112,-2.796676910454499,0.010744549271389379,0.09412225161737095,-2.958835876813021,miscanthus_sinensis_15wks vs control_6wks,TRUE
309,2.3702214226996077,22.18007304848689,2.7824289969024845,0.011093910423897414,0.09653906156954438,-2.9879628096131263,miscanthus_sinensis_15wks vs control_6wks,TRUE
5672,-2.4335529430742824,17.75542113157168,-2.7700284730922564,0.011406743273893457,0.09827140085782368,-3.013259560613698,miscanthus_sinensis_15wks vs control_6wks,TRUE
465,-1.7491889761402533,17.22200808070755,-2.761616082082265,0.011623720423237841,0.09827140085782368,-3.030391947222536,miscanthus_sinensis_15wks vs control_6wks,TRUE
5346,-1.1637875078366307,16.943197409362316,-2.7598631825124404,0.011669423243799259,0.09827140085782368,-3.033958904830459,miscanthus_sinensis_15wks vs control_6wks,TRUE
185,-2.63810615523019,18.65164354294986,-2.7559355685855875,0.011772447243029538,0.09827140085782368,-3.041947473731701,miscanthus_sinensis_15wks vs control_6wks,TRUE
329,-3.596642408833148,19.21380147863389,-2.754860134501926,0.011800806915316486,0.09827140085782368,-3.0441339601702033,miscanthus_sinensis_15wks vs control_6wks,TRUE
1261,-2.817266088473257,18.527861103494843,-2.753300511460582,0.011842050158786407,0.09827140085782368,-3.0473041779560073,miscanthus_sinensis_15wks vs control_6wks,TRUE
1487,4.630994345653633,20.74882841238678,2.752722119601892,0.011857380129899802,0.09827140085782368,-3.0484796590519307,miscanthus_sinensis_15wks vs control_6wks,TRUE
2199,2.0576758957591785,22.449729015346854,2.7514453026136385,0.011891288231654465,0.09827140085782368,-3.0510741737016387,miscanthus_sinensis_15wks vs control_6wks,TRUE
83,3.1400938940996284,19.18622591313524,2.7469521644508132,0.012011344829860411,0.09839801859417298,-3.060199985985983,miscanthus_sinensis_15wks vs control_6wks,TRUE
5202,2.532102224826353,18.780564525546655,2.7452777694995234,0.01205637822957523,0.09839801859417298,-3.06359904883415,miscanthus_sinensis_15wks vs control_6wks,TRUE
2383,-3.285758187901756,19.23696905885493,-2.7268183707958418,0.012563586343556286,0.10156687648641931,-3.1010095264532516,miscanthus_sinensis_15wks vs control_6wks,TRUE
3955,-1.8338586681195004,18.746249694699777,-2.7255475304197567,0.012599239625027661,0.10156687648641931,-3.1035808109774026,miscanthus_sinensis_15wks vs control_6wks,TRUE
5081,-1.9412235000686842,21.991590071172674,-2.720049851225248,0.012754584239757998,0.10219221762830492,-3.114697889348258,miscanthus_sinensis_15wks vs control_6wks,TRUE
3474,2.380330333351395,18.209767819879996,2.710263608931058,0.013035609136473718,0.10381085094137252,-3.1344614143363976,miscanthus_sinensis_15wks vs control_6wks,TRUE
4210,-2.6557597802399577,19.648635672782518,-2.702804472344606,0.013253736133475554,0.10491210409269203,-3.149503116483373,miscanthus_sinensis_15wks vs control_6wks,TRUE
1023,1.7186996509093895,20.196213499744147,2.692253709169028,0.0135681782701363,0.10620930816771357,-3.1707462056063638,miscanthus_sinensis_15wks vs control_6wks,TRUE
28,4.543458327498996,20.25883265571331,2.6910716100354772,0.01360384459396964,0.10620930816771357,-3.173123841086397,miscanthus_sinensis_15wks vs control_6wks,TRUE
5743,-5.416306714305637,20.951312932612414,-2.6892130246936197,0.013660101278800298,0.10620930816771357,-3.1768611475852335,miscanthus_sinensis_15wks vs control_6wks,TRUE
337,3.262911912677609,20.04438423803777,2.6737750275761085,0.014135964619220613,0.10926269123326991,-3.2078573229776173,miscanthus_sinensis_15wks vs control_6wks,TRUE
2007,-3.397173756940518,19.82556982261755,-2.66072464762292,0.014550407928192436,0.11180839776400503,-3.2339935850509662,miscanthus_sinensis_15wks vs control_6wks,TRUE
609,-1.9397059739492946,17.17915135949132,-2.6499586424141555,0.01490091535937646,0.11383606268732947,-3.255508808964759,miscanthus_sinensis_15wks vs control_6wks,TRUE
5493,-1.6969041227784558,17.111500083509476,-2.6455088791549115,0.015048100111626,0.11429597425824604,-3.2643891370434743,miscanthus_sinensis_15wks vs control_6wks,TRUE
5013,3.375160751426783,19.197725233123485,2.6384165703316973,0.015285530163486338,0.11538991495719922,-3.278528241908183,miscanthus_sinensis_15wks vs control_6wks,TRUE
222,2.873063268518962,19.05382922995073,2.6349693288167075,0.015402205367324324,0.11538991495719922,-3.285393957451978,miscanthus_sinensis_15wks vs control_6wks,TRUE
5045,2.4636397295896693,19.26210110739107,2.633400699068154,0.015455574606139317,0.11538991495719922,-3.288516682707024,miscanthus_sinensis_15wks vs control_6wks,TRUE
4013,-1.4559153933640054,25.99495115475605,-2.616850276725688,0.016029386292421326,0.11899781688272103,-3.321408826012491,miscanthus_sinensis_15wks vs control_6wks,TRUE
156,2.1153212914062287,22.529599137237966,2.610404268035746,0.016258253759090686,0.1200187946036245,-3.3341920167902273,miscanthus_sinensis_15wks vs control_6wks,TRUE
4270,-1.7808205067231668,18.971107218812282,-2.6074838919641223,0.016362951715199924,0.12011686342889777,-3.3399783473527926,miscanthus_sinensis_15wks vs control_6wks,TRUE
3675,-2.0343652645442667,19.334592022220907,-2.5952599858691072,0.016808111335750248,0.12234137410402574,-3.364163532285528,miscanthus_sinensis_15wks vs control_6wks,TRUE
5194,3.3902951662729457,19.12270642086266,2.594065990485075,0.016852198411589542,0.12234137410402574,-3.366522842790046,miscanthus_sinensis_15wks vs control_6wks,TRUE
962,-2.614808417058626,17.74487365252578,-2.588069625704421,0.017075256576782806,0.12327959968072862,-3.378363347392972,miscanthus_sinensis_15wks vs control_6wks,TRUE
3619,-3.0013109994223868,19.184636147676652,-2.5747161477187968,0.017581996888941426,0.12624450225174336,-3.4046819633217815,miscanthus_sinensis_15wks vs control_6wks,TRUE
2559,-1.549273461272012,17.26467826894446,-2.556449567264452,0.01829807349767049,0.13067211182575555,-3.4405725071917783,miscanthus_sinensis_15wks vs control_6wks,TRUE
2125,-1.7706308738301182,21.251702728325473,-2.546840910352164,0.018685635484005925,0.13204508907816498,-3.4593995759406995,miscanthus_sinensis_15wks vs control_6wks,TRUE
1901,-2.5460089278760165,17.54633608244891,-2.540466169355422,0.018946988362355425,0.13204508907816498,-3.47187011627216,miscanthus_sinensis_15wks vs control_6wks,TRUE
615,-2.6997405834164603,18.989981472677304,-2.5396842971625144,0.018979278391409077,0.13204508907816498,-3.4733985428008767,miscanthus_sinensis_15wks vs control_6wks,TRUE
2632,-2.561647714602696,19.099921481812366,-2.537907831780704,0.01905283512655542,0.13204508907816498,-3.476870329325305,miscanthus_sinensis_15wks vs control_6wks,TRUE
576,1.065774501656529,16.779445372609157,2.5376631737588653,0.019062986380778767,0.13204508907816498,-3.4773483720749185,miscanthus_sinensis_15wks vs control_6wks,TRUE
4413,-1.082400798801121,18.484722237861554,-2.5353959624448255,0.019157297811535533,0.13204508907816498,-3.4817771972105094,miscanthus_sinensis_15wks vs control_6wks,TRUE
262,-2.5158406393532893,19.574302972959902,-2.534522017796388,0.019193768655958534,0.13204508907816498,-3.4834838367935164,miscanthus_sinensis_15wks vs control_6wks,TRUE
4698,-1.2222545583427618,17.2365475638768,-2.5311881135723744,0.019333494522924002,0.13231360314126114,-3.489991497484173,miscanthus_sinensis_15wks vs control_6wks,TRUE
4902,-2.1539704762851244,17.75663866119907,-2.5279469407506605,0.019470246085996203,0.13249318967996307,-3.4963139045303486,miscanthus_sinensis_15wks vs control_6wks,TRUE
2406,1.8283600819671904,18.460141808519566,2.5257983104764223,0.019561399389583588,0.13249318967996307,-3.5005028268907097,miscanthus_sinensis_15wks vs control_6wks,TRUE
141,-2.5220919934216823,17.68234141458223,-2.5221256354610797,0.019718133640506976,0.13286988514680084,-3.5076587150578598,miscanthus_sinensis_15wks vs control_6wks,TRUE
1182,-1.43509715129726,20.4895228716554,-2.5191998330740106,0.019843834243167574,0.13303468467103158,-3.51335551489882,miscanthus_sinensis_15wks vs control_6wks,TRUE
127,-2.2788027367292827,18.4751298963304,-2.5149154176823965,0.02002925717224257,0.13359616205241998,-3.5216914435903024,miscanthus_sinensis_15wks vs control_6wks,TRUE
6212,-1.089775533589055,16.85436211244459,-2.5092042937623056,0.020278944882313292,0.13421819828398993,-3.5327917149231163,miscanthus_sinensis_15wks vs control_6wks,TRUE
2513,-1.3296608148763056,17.020382932948845,-2.508117101517169,0.020326804762948247,0.13421819828398993,-3.534903311220183,miscanthus_sinensis_15wks vs control_6wks,TRUE
2612,3.194672025838262,18.799416907194868,2.5001710218439857,0.020679820608613748,0.13586642139859234,-3.550321986306466,miscanthus_sinensis_15wks vs control_6wks,TRUE
3008,2.492237836917859,19.04693215691656,2.4968624639644252,0.020828489385601907,0.13616236344617366,-3.556734368760047,miscanthus_sinensis_15wks vs control_6wks,TRUE
942,-1.464202325321704,22.597781711785395,-2.485502934026963,0.021346552268778456,0.13860455485639578,-3.5787163649180065,miscanthus_sinensis_15wks vs control_6wks,TRUE
5622,-1.311543720132228,17.485549000856448,-2.4840638919756475,0.02141303244737317,0.13860455485639578,-3.581497288159285,miscanthus_sinensis_15wks vs control_6wks,TRUE
3032,3.5462846193523987,19.795311144798372,2.4754782515178997,0.021813696769274745,0.1405058703667991,-3.59807108722516,miscanthus_sinensis_15wks vs control_6wks,TRUE
331,3.5583868618802335,19.73611956480449,2.4698604860144924,0.022079630098931484,0.14134870266912752,-3.608899108306803,miscanthus_sinensis_15wks vs control_6wks,TRUE
2032,-2.396216833682601,23.43884585041551,-2.467109342398784,0.022210962457996246,0.14134870266912752,-3.6141970289788574,miscanthus_sinensis_15wks vs control_6wks,TRUE
2495,-3.318237021585418,21.32369245031473,-2.4659346327241067,0.022267261379383105,0.14134870266912752,-3.616458222231447,miscanthus_sinensis_15wks vs control_6wks,TRUE
3109,-1.4127042701141619,17.03158493943522,-2.4588959807160453,0.0226073877034487,0.14186940955285096,-3.6299947778067816,miscanthus_sinensis_15wks vs control_6wks,TRUE
1725,-1.3420714978931372,17.680725511282436,-2.4552978218231227,0.022783122464341003,0.14186940955285096,-3.6369066222110096,miscanthus_sinensis_15wks vs control_6wks,TRUE
2298,-3.000964426083641,20.021365278249668,-2.4546600915520504,0.02281440164688333,0.14186940955285096,-3.638131094033793,miscanthus_sinensis_15wks vs control_6wks,TRUE
216,-3.414756840681015,17.836648165535973,-2.454184700803046,0.02283774444602624,0.14186940955285096,-3.639043754775549,miscanthus_sinensis_15wks vs control_6wks,TRUE
5263,2.0910559976104643,18.952200336046655,2.453139823700368,0.022889128481890716,0.14186940955285096,-3.6410493868064417,miscanthus_sinensis_15wks vs control_6wks,TRUE
1752,2.9156008002712532,18.8395841731475,2.447821507455722,0.023152338992261563,0.14282710533254314,-3.6512506909079216,miscanthus_sinensis_15wks vs control_6wks,TRUE
5423,-1.3883214900773595,17.117135542067302,-2.4329758947484046,0.023902036151573873,0.1467629696409723,-3.6796631147808725,miscanthus_sinensis_15wks vs control_6wks,TRUE
5428,1.2266428235752223,17.352884662766588,2.4250192285240413,0.024313067814697466,0.14859242376052312,-3.694852235447099,miscanthus_sinensis_15wks vs control_6wks,TRUE
3403,2.0153868921395635,18.632554323008414,2.412609892005818,0.024967234727038125,0.1518840112561486,-3.718486872864611,miscanthus_sinensis_15wks vs control_6wks,TRUE
180,-1.9505559006797988,17.569913734484256,-2.396047020268648,0.02586580408695874,0.15588674000355102,-3.7499277837669416,miscanthus_sinensis_15wks vs control_6wks,TRUE
387,2.5911671404179977,20.023841366510048,2.3946426028892933,0.025943358429062532,0.15588674000355102,-3.7525882218223967,miscanthus_sinensis_15wks vs control_6wks,TRUE
2358,-1.7486470184369907,17.423111042060526,-2.3939601321756077,0.02598112333392517,0.15588674000355102,-3.753880736726885,miscanthus_sinensis_15wks vs control_6wks,TRUE
1666,2.6363246285250845,19.05225204339404,2.3828694884850266,0.026602008152020202,0.1588865395988843,-3.7748561847433213,miscanthus_sinensis_15wks vs control_6wks,TRUE
4421,-1.2863828427090063,20.779761658119003,-2.3768291501912038,0.02694590999815868,0.1599118251839078,-3.7862571558566067,miscanthus_sinensis_15wks vs control_6wks,TRUE
1810,3.1250022447339525,18.955883274321128,2.375588257739252,0.027017066355272096,0.1599118251839078,-3.7885972920607913,miscanthus_sinensis_15wks vs control_6wks,TRUE
2038,-2.9478036943541355,19.442720642988526,-2.3633737965696087,0.027726807354873918,0.1633767931134723,-3.8115951243697066,miscanthus_sinensis_15wks vs control_6wks,TRUE
2697,2.330702427349806,25.262746687200625,2.357931088535532,0.028048578817483176,0.16365534636124754,-3.821821238403498,miscanthus_sinensis_15wks vs control_6wks,TRUE
3790,-1.06902916236362,29.44995083718391,-2.3576304835794306,0.028066450582103535,0.16365534636124754,-3.82238564461701,miscanthus_sinensis_15wks vs control_6wks,TRUE
3470,-1.875312543446988,18.352301329068894,-2.353073212260326,0.02833868336043645,0.16365534636124754,-3.830937218663537,miscanthus_sinensis_15wks vs control_6wks,TRUE
5788,-1.4971849836189932,18.381600312557634,-2.350153839166172,0.028514353135685382,0.16365534636124754,-3.8364103783400103,miscanthus_sinensis_15wks vs control_6wks,TRUE
5193,1.6881862182060239,18.135041622136196,2.3490655311015582,0.02858009745922787,0.16365534636124754,-3.8384497168661094,miscanthus_sinensis_15wks vs control_6wks,TRUE
2429,-2.189521628064753,18.090316104632276,-2.3486306156337133,0.0286064096427799,0.16365534636124754,-3.8392645374820837,miscanthus_sinensis_15wks vs control_6wks,TRUE
3490,-1.3642323822657438,18.259028334759652,-2.3479783552118145,0.028645912985606495,0.16365534636124754,-3.8404863957048656,miscanthus_sinensis_15wks vs control_6wks,TRUE
3835,-1.5695337956041087,17.02372142236097,-2.3363108262193104,0.0293610954513124,0.1655886914961852,-3.8623099835531836,miscanthus_sinensis_15wks vs control_6wks,TRUE
4315,-2.3099499199145335,17.383835843397758,-2.3282851759837633,0.029862555699904682,0.1655886914961852,-3.877285349885745,miscanthus_sinensis_15wks vs control_6wks,TRUE
4419,-1.6915407504960278,19.08591702634419,-2.3254988049932597,0.03003849074310496,0.1655886914961852,-3.882477599834527,miscanthus_sinensis_15wks vs control_6wks,TRUE
2766,-2.2940980245800198,18.031752399727473,-2.3237576083669484,0.030148916098741325,0.1655886914961852,-3.885720401719478,miscanthus_sinensis_15wks vs control_6wks,TRUE
393,-3.1426553291484183,18.895119221972198,-2.3225811200038518,0.03022373949516213,0.1655886914961852,-3.8879106970840813,miscanthus_sinensis_15wks vs control_6wks,TRUE
152,-1.8225281834787737,17.63704962876183,-2.321938301216461,0.03026469424918828,0.1655886914961852,-3.889107176578234,miscanthus_sinensis_15wks vs control_6wks,TRUE
2614,1.7590863894913724,22.60583508026566,2.320944996944121,0.03032807930106948,0.1655886914961852,-3.8909556383751216,miscanthus_sinensis_15wks vs control_6wks,TRUE
373,-3.1927751535137574,18.708792866075274,-2.3189752441910643,0.03045413526917316,0.1655886914961852,-3.89461984028391,miscanthus_sinensis_15wks vs control_6wks,TRUE
5601,-1.1367427470080287,17.364117986152387,-2.3176201710514293,0.030541134011451924,0.1655886914961852,-3.897139547489196,miscanthus_sinensis_15wks vs control_6wks,TRUE
5304,1.3275441587770906,17.233563681808977,2.3175883623466085,0.03054317894576168,0.1655886914961852,-3.897198684316711,miscanthus_sinensis_15wks vs control_6wks,TRUE
4211,1.50300294571705,22.113836653758792,2.317083691746108,0.03057564032601507,0.1655886914961852,-3.898136874525941,miscanthus_sinensis_15wks vs control_6wks,TRUE
6104,-1.166690842204531,17.142053201350066,-2.3165204158019077,0.030611908793248276,0.1655886914961852,-3.899183873015936,miscanthus_sinensis_15wks vs control_6wks,TRUE
6134,-2.1469110948736656,18.448220175250533,-2.314690403054372,0.030730013804170286,0.1655886914961852,-3.9025844200328064,miscanthus_sinensis_15wks vs control_6wks,TRUE
1250,2.6932991230667156,18.898092086914,2.3144032345772394,0.03074858502668888,0.1655886914961852,-3.9031178976069305,miscanthus_sinensis_15wks vs control_6wks,TRUE
4307,-1.757672804393927,17.017950112551617,-2.305405194756973,0.03133574367767754,0.16806190690803383,-3.919814194170373,miscanthus_sinensis_15wks vs control_6wks,TRUE
1781,3.113017414019154,18.889382619957793,2.2994140116441444,0.031732388651853495,0.16942044359324585,-3.930910080665749,miscanthus_sinensis_15wks vs control_6wks,TRUE
4789,-2.1400795875186844,18.873467871474027,-2.2976968929368193,0.03184691747909568,0.16942044359324585,-3.93408713301572,miscanthus_sinensis_15wks vs control_6wks,TRUE
2424,-2.1707404007437425,19.227626441379527,-2.2944882961883786,0.03206194323740902,0.16987658634659458,-3.940020025628568,miscanthus_sinensis_15wks vs control_6wks,TRUE
5391,-1.997475525740505,18.548705168505332,-2.290570842947112,0.03232628022555901,0.17058928600957646,-3.9472570420299364,miscanthus_sinensis_15wks vs control_6wks,TRUE
4986,-1.5047955400513864,18.755968505831607,-2.285595228597352,0.0326649016957059,0.17104518028538973,-3.956438399117012,miscanthus_sinensis_15wks vs control_6wks,TRUE
5422,1.540366171266843,17.971558070485393,2.285476611589518,0.032673013890131525,0.17104518028538973,-3.9566571362030385,miscanthus_sinensis_15wks vs control_6wks,TRUE
5887,-1.478529201009266,17.03797720970286,-2.2708508611741283,0.03368754238272815,0.17565647099565393,-3.983576504012266,miscanthus_sinensis_15wks vs control_6wks,TRUE
5690,1.0147476808699842,18.763750575674948,2.2665179121563948,0.033993596986879746,0.17655172506229244,-3.9915318254752234,miscanthus_sinensis_15wks vs control_6wks,TRUE
4018,-1.9447776714113196,17.78639369093973,-2.2604854997645205,0.03442393269254796,0.17768930834728472,-4.00259231570489,miscanthus_sinensis_15wks vs control_6wks,TRUE
982,-3.0463340936324066,18.55087444571468,-2.2551812949478136,0.034806433393407825,0.17768930834728472,-4.012303099807079,miscanthus_sinensis_15wks vs control_6wks,TRUE
4845,-1.5089076005508666,17.326633520568056,-2.253583445182527,0.03492241844389098,0.17768930834728472,-4.015225724217132,miscanthus_sinensis_15wks vs control_6wks,TRUE
4887,-1.3217376375679244,17.695122336534606,-2.25305643410402,0.034960750689511245,0.17768930834728472,-4.016189407510979,miscanthus_sinensis_15wks vs control_6wks,TRUE
4531,-1.5311043949633785,21.548575110400858,-2.2529140692575242,0.03497111222177245,0.17768930834728472,-4.016449710251096,miscanthus_sinensis_15wks vs control_6wks,TRUE
4876,1.679536608221028,18.01809974761427,2.249840800431334,0.03519547523933522,0.17768930834728472,-4.02206653464463,miscanthus_sinensis_15wks vs control_6wks,TRUE
1440,-1.9334386643560926,18.051795997629224,-2.249467538470511,0.0352228145578754,0.17768930834728472,-4.022748409647486,miscanthus_sinensis_15wks vs control_6wks,TRUE
5070,-1.6444722725720275,19.623896652900818,-2.247897204811494,0.03533804536939528,0.17768930834728472,-4.025616352173037,miscanthus_sinensis_15wks vs control_6wks,TRUE
203,-3.1524790923192967,20.108586615031722,-2.245257343039353,0.03553253478351607,0.17768930834728472,-4.030434893386705,miscanthus_sinensis_15wks vs control_6wks,TRUE
3891,3.39013446967072,20.25724895411055,2.244819224933384,0.03556490722628301,0.17768930834728472,-4.031234261567335,miscanthus_sinensis_15wks vs control_6wks,TRUE
550,-1.6686348585022337,17.72617087872526,-2.2392673664494787,0.03597747384437927,0.17906969936179684,-4.041355772248567,miscanthus_sinensis_15wks vs control_6wks,TRUE
174,-1.7713439698289122,17.817018391002946,-2.2364883873740116,0.03618562133542586,0.17942606201792297,-4.0464164169435275,miscanthus_sinensis_15wks vs control_6wks,TRUE
4707,1.6920690941604377,18.89294796793659,2.234612419953234,0.03632675370379078,0.17944870062699653,-4.0498304934153015,miscanthus_sinensis_15wks vs control_6wks,TRUE
2994,-1.6290290097974953,17.194319949689763,-2.222456426655213,0.03725351289774283,0.1832895391813105,-4.0719111788037186,miscanthus_sinensis_15wks vs control_6wks,TRUE
5916,-2.4323654604965554,18.64438931041611,-2.2207767118434676,0.03738325456665998,0.1832895391813105,-4.074956541340123,miscanthus_sinensis_15wks vs control_6wks,TRUE
944,-2.8135360818713764,18.34520090437799,-2.2184279950384522,0.037565360941630696,0.18349771106803991,-4.079212472674518,miscanthus_sinensis_15wks vs control_6wks,TRUE
2388,3.640216957243858,20.058000282477575,2.211764697968851,0.038086405143885865,0.18515209652460582,-4.091271593318874,miscanthus_sinensis_15wks vs control_6wks,TRUE
267,-2.263703801027468,19.905854519457478,-2.210502299591195,0.03818585856786011,0.18515209652460582,-4.093553766425153,miscanthus_sinensis_15wks vs control_6wks,TRUE
2851,1.9307330201624389,20.256014097014155,2.2085838867943366,0.03833744658669423,0.1852036941724861,-4.09702036307125,miscanthus_sinensis_15wks vs control_6wks,TRUE
6041,-2.015878505079062,17.62145585964924,-2.203736539637521,0.038722916013089824,0.18592449953552198,-4.105771375931913,miscanthus_sinensis_15wks vs control_6wks,TRUE
1632,2.8243784112692367,19.868448707923626,2.203151908918203,0.03876964449979682,0.18592449953552198,-4.106826025616918,miscanthus_sinensis_15wks vs control_6wks,TRUE
2307,-1.2808877671516932,17.235349884950416,-2.2004221852768486,0.03898850638045058,0.1862941723051348,-4.111748063078842,miscanthus_sinensis_15wks vs control_6wks,TRUE
4717,-1.9590005735145333,17.744421552911433,-2.196131899035616,0.03933476265114873,0.18726767436090375,-4.119476419128087,miscanthus_sinensis_15wks vs control_6wks,TRUE
788,-2.1677050674150493,17.738528203207082,-2.192745978699443,0.03961000235037909,0.18789726746714125,-4.1255691350141666,miscanthus_sinensis_15wks vs control_6wks,TRUE
1551,1.9171441874344275,21.723371814027995,2.1888160264621863,0.03993166108048429,0.18820715227567356,-4.132633532537572,miscanthus_sinensis_15wks vs control_6wks,TRUE
1635,3.576904934433543,19.946395141277975,2.187504365035926,0.04003954521945853,0.18820715227567356,-4.134989606637452,miscanthus_sinensis_15wks vs control_6wks,TRUE
936,2.476783475830345,18.050908979711455,2.1859193936249937,0.04017026246987117,0.18820715227567356,-4.137835450490446,miscanthus_sinensis_15wks vs control_6wks,TRUE
1110,3.7730313341412263,21.244172979037636,2.1849759251272265,0.04024825706960751,0.18820715227567356,-4.13952885946804,miscanthus_sinensis_15wks vs control_6wks,TRUE
3484,-2.48693311088239,19.37985371932681,-2.1749595982690613,0.04108480872527218,0.19091743870426153,-4.157478999888525,miscanthus_sinensis_15wks vs control_6wks,TRUE
1499,3.7694896522145065,23.023398401936458,2.172271640600378,0.04131197391465883,0.19091743870426153,-4.162287345131771,miscanthus_sinensis_15wks vs control_6wks,TRUE
5488,-0.9074098802000528,17.008770207255495,-2.1713993412772403,0.04138593840777704,0.19091743870426153,-4.163846960664185,miscanthus_sinensis_15wks vs control_6wks,FALSE
953,-2.0734161890164664,20.359640282876647,-2.1711272592478887,0.04140903350891517,0.19091743870426153,-4.164333346244797,miscanthus_sinensis_15wks vs control_6wks,TRUE
131,1.163585153636454,31.2863057421911,2.1626640995567046,0.04213327355277035,0.19314456740551095,-4.179443487526427,miscanthus_sinensis_15wks vs control_6wks,TRUE
221,2.4631677258065316,24.850849186263613,2.162052358317985,0.04218606609237568,0.19314456740551095,-4.180534264275785,miscanthus_sinensis_15wks vs control_6wks,TRUE
5768,-0.9020361927308116,16.419682518805466,-2.15971037267992,0.042388731221014074,0.19339858619587671,-4.18470840321851,miscanthus_sinensis_15wks vs control_6wks,FALSE
4748,-2.4929815515073663,20.897728594345764,-2.1569571855236083,0.042628107834351295,0.1934901915195659,-4.189611810335969,miscanthus_sinensis_15wks vs control_6wks,TRUE
1531,-1.6586390242874245,18.004302428636027,-2.155965422773961,0.04271463649516105,0.1934901915195659,-4.191377173347645,miscanthus_sinensis_15wks vs control_6wks,TRUE
520,-1.7689213648251148,17.486159605740532,-2.1535525145847205,0.04292582105991774,0.1934901915195659,-4.195670086411633,miscanthus_sinensis_15wks vs control_6wks,TRUE
5809,-1.1037667152281188,17.20092646166533,-2.1527323373126706,0.04299782033768131,0.1934901915195659,-4.197128613987287,miscanthus_sinensis_15wks vs control_6wks,TRUE
4671,-1.3872947094695718,19.07867076336309,-2.1503819604984344,0.04320475427470432,0.1937578399896296,-4.201306375558273,miscanthus_sinensis_15wks vs control_6wks,TRUE
2740,1.6272380407973017,17.515961911463496,2.126029801867508,0.0454024315597953,0.20292107166520756,-4.24442246182846,miscanthus_sinensis_15wks vs control_6wks,TRUE
2860,0.8690966677618235,27.681585791710802,2.1161980050187927,0.046317959232745266,0.20631118112483826,-4.261741604976952,miscanthus_sinensis_15wks vs control_6wks,FALSE
4626,1.792304896198118,17.53007233998752,2.0996406196626007,0.04789745483514093,0.21262586369383507,-4.290792176095035,miscanthus_sinensis_15wks vs control_6wks,TRUE
3056,-1.3197655819961085,18.213844071782518,-2.097083061721824,0.048145712508516694,0.2130083038255587,-4.29526645479768,miscanthus_sinensis_15wks vs control_6wks,TRUE
2569,-2.1923008800022217,17.52540465139062,-2.0931759593626436,0.04852720450567663,0.21397566013576877,-4.3020948954356495,miscanthus_sinensis_15wks vs control_6wks,TRUE
4120,3.1017393813937133,18.87492109691804,2.0902218104268395,0.0488174526878271,0.21453556131038398,-4.307252411131002,miscanthus_sinensis_15wks vs control_6wks,TRUE
963,-1.8028969729551818,18.336108592101905,-2.083811952210632,0.04945260308694536,0.21660240152082066,-4.318426915451898,miscanthus_sinensis_15wks vs control_6wks,TRUE
3961,2.3044913916306236,18.612838653806616,2.079635520522584,0.049870430400489586,0.21727256609072326,-4.325695867960586,miscanthus_sinensis_15wks vs control_6wks,TRUE
43,2.7591315340490823,19.09484604163574,2.078905228138244,0.049943816741969974,0.21727256609072326,-4.32696594892489,miscanthus_sinensis_15wks vs control_6wks,TRUE
295,-3.1592038108449643,21.557879729475165,-2.0773376891947977,0.05010166478347728,0.21727256609072326,-4.329691142111145,miscanthus_sinensis_15wks vs control_6wks,FALSE
1628,-0.9251460910208991,20.366113957918646,-2.0690775354021778,0.050940868769617696,0.22018520251078177,-4.344029492951799,miscanthus_sinensis_15wks vs control_6wks,FALSE
5522,-1.2821335673822496,17.21426052299523,-2.064513050858844,0.051409996143491406,0.22148437682802524,-4.351936773933744,miscanthus_sinensis_15wks vs control_6wks,FALSE
4178,-1.8307386401834336,18.35764517171754,-2.0614353098426,0.05172850258481166,0.2221282758053677,-4.357262063117051,miscanthus_sinensis_15wks vs control_6wks,FALSE
4148,1.3190406369889836,17.3200036175186,2.05022988958203,0.052903112980381944,0.2264322164697781,-4.376606404308947,miscanthus_sinensis_15wks vs control_6wks,FALSE
103,1.9576911057165063,22.466524852892785,2.0456309628615115,0.053392068978599834,0.22707348259524024,-4.384525676594989,miscanthus_sinensis_15wks vs control_6wks,FALSE
1968,1.8198209598044173,19.144029438970744,2.045570177041642,0.053398558692488,0.22707348259524024,-4.384630270426507,miscanthus_sinensis_15wks vs control_6wks,FALSE
2117,-0.8174988038003761,22.610482438214266,-2.0429468181638226,0.05367931134109519,0.22747657851297237,-4.389142320524531,miscanthus_sinensis_15wks vs control_6wks,FALSE
1528,2.499105029358425,19.054711955983002,2.0404393719874037,0.05394889238076545,0.22747657851297237,-4.393451441170869,miscanthus_sinensis_15wks vs control_6wks,FALSE
3353,1.8954230784531632,18.314272500034686,2.0398474871932875,0.05401270357385645,0.22747657851297237,-4.394468103809672,miscanthus_sinensis_15wks vs control_6wks,FALSE
5182,-1.2246852835442077,17.344954833814565,-2.0295768388847493,0.05513077929859694,0.2314435910490619,-4.412078652270725,miscanthus_sinensis_15wks vs control_6wks,FALSE
4301,1.0870345722936676,19.391591729507706,2.024955859646118,0.05564053371100395,0.2328396856568764,-4.419982805517003,miscanthus_sinensis_15wks vs control_6wks,FALSE
5787,-1.1925281519531303,17.496248229455663,-2.0218878432521676,0.05598129583640271,0.2335219769175656,-4.42522402115946,miscanthus_sinensis_15wks vs control_6wks,FALSE
2943,-0.9211876897823856,22.38209061733881,-2.0172572532801567,0.05649913827194307,0.2349362901561177,-4.433124637933064,miscanthus_sinensis_15wks vs control_6wks,FALSE
3265,3.2982661748616557,20.104864358396316,2.0103984657259053,0.05727401179009057,0.23740710249898742,-4.44480477757956,miscanthus_sinensis_15wks vs control_6wks,FALSE
3172,-1.1730601622985866,17.161621585718894,-2.003653030128706,0.05804530068295857,0.23984756319939485,-4.456265962423571,miscanthus_sinensis_15wks vs control_6wks,FALSE
5826,-1.0415647271216848,17.215068061050232,-1.9985117586581898,0.0586393617513501,0.24122845251088595,-4.464984181949971,miscanthus_sinensis_15wks vs control_6wks,FALSE
2986,-1.130364988094545,23.359868715858582,-1.9955636161854766,0.05898244726431158,0.24122845251088595,-4.4699766610897,miscanthus_sinensis_15wks vs control_6wks,FALSE
1542,-1.7923455569412923,17.742616495464283,-1.993145468773886,0.059265186952844134,0.24122845251088595,-4.474067932449898,miscanthus_sinensis_15wks vs control_6wks,FALSE
1,-0.8868077949063533,23.5727078495135,-1.9922577167784898,0.059369288582917026,0.24122845251088595,-4.4755690857301325,miscanthus_sinensis_15wks vs control_6wks,FALSE
260,-2.9151304147790498,17.808832198882094,-1.9916324453523009,0.05944270815139215,0.24122845251088595,-4.476626124749074,miscanthus_sinensis_15wks vs control_6wks,FALSE
2287,1.195632765100207,17.639113944103965,1.991306708096962,0.05948098829035545,0.24122845251088595,-4.477176704322108,miscanthus_sinensis_15wks vs control_6wks,FALSE
2465,-2.397469100000862,19.7550591585005,-1.9859082646780823,0.06011860345135688,0.24306413826179368,-4.4862926239756025,miscanthus_sinensis_15wks vs control_6wks,FALSE
2935,2.091069238468272,18.44735095245082,1.9824247558425498,0.060533260238351434,0.2439898894269748,-4.492166084588656,miscanthus_sinensis_15wks vs control_6wks,FALSE
2247,2.254299815947167,18.855865787097905,1.9746573696595229,0.061467000638600694,0.24699583742850556,-4.505237376982274,miscanthus_sinensis_15wks vs control_6wks,FALSE
1455,-2.20257062075736,17.229794060409684,-1.9714441137683825,0.06185699721357967,0.24727031071870176,-4.5106346159371205,miscanthus_sinensis_15wks vs control_6wks,FALSE
2899,-1.141875259656775,17.526041517266435,-1.9709951044682033,0.06191166836107525,0.24727031071870176,-4.511388332651834,miscanthus_sinensis_15wks vs control_6wks,FALSE
2458,-2.2409004098843965,17.53708048491256,-1.9602568962394338,0.06323197134581797,0.2513501315532042,-4.529378935764663,miscanthus_sinensis_15wks vs control_6wks,FALSE
1289,1.691728978505573,22.4245555628605,1.9595822467440829,0.06331574851149968,0.2513501315532042,-4.530506996967684,miscanthus_sinensis_15wks vs control_6wks,FALSE
407,-2.6568850519450606,19.61174751353199,-1.954654352287448,0.0639306744760275,0.25302682608885585,-4.5387387442793035,miscanthus_sinensis_15wks vs control_6wks,FALSE
438,-1.0304957352418924,18.438551933367343,-1.9489234269318139,0.06465244743300909,0.2551150628437656,-4.548294084873591,miscanthus_sinensis_15wks vs control_6wks,FALSE
1798,-2.041409446591185,18.317751644403316,-1.9393700778073346,0.06587165227129549,0.2591477577379709,-4.564179903921172,miscanthus_sinensis_15wks vs control_6wks,FALSE
2974,-1.68351391244477,18.18228202335577,-1.9370004168532309,0.0661771953368279,0.259572640813707,-4.568112001082881,miscanthus_sinensis_15wks vs control_6wks,FALSE
311,2.3482582768923557,18.778368489715508,1.9321062929990753,0.06681220419562746,0.2612834414079002,-4.576222587619592,miscanthus_sinensis_15wks vs control_6wks,FALSE
5328,-1.2679991379664948,17.50475326610274,-1.925626078504218,0.0676612744685789,0.26381873783891,-4.586939876489858,miscanthus_sinensis_15wks vs control_6wks,FALSE
3207,1.1768447564755249,17.87750046204238,1.9194727334092034,0.06847630538134689,0.26405147797767214,-4.597093525462718,miscanthus_sinensis_15wks vs control_6wks,FALSE
1054,2.6450533570187496,20.419268692364913,1.9187500336085266,0.0685725945492944,0.26405147797767214,-4.598284577134537,miscanthus_sinensis_15wks vs control_6wks,FALSE
1795,-1.092526557935372,17.09757973298207,-1.917865069512518,0.06869066543799493,0.26405147797767214,-4.599742626425429,miscanthus_sinensis_15wks vs control_6wks,FALSE
1065,-4.089188556228535,19.139486253256724,-1.9178155983785685,0.06869727109959485,0.26405147797767214,-4.599824120321054,miscanthus_sinensis_15wks vs control_6wks,FALSE
1557,1.2008346413212934,25.794131502604685,1.9176025331810327,0.06872572714487357,0.26405147797767214,-4.600175086379459,miscanthus_sinensis_15wks vs control_6wks,FALSE
1138,2.0096870432032397,18.943114409439545,1.9154783507725435,0.06900999150818478,0.26437063802260874,-4.603672611014218,miscanthus_sinensis_15wks vs control_6wks,FALSE
739,-1.7377348198403233,17.763918144614777,-1.9112577062914633,0.0695778831200398,0.2657713326155009,-4.610614030074266,miscanthus_sinensis_15wks vs control_6wks,FALSE
1106,-1.8087099611929816,17.691448111728295,-1.9085516543704308,0.06994414419701156,0.26639595789818316,-4.615058896956104,miscanthus_sinensis_15wks vs control_6wks,FALSE
1036,2.515809850329074,18.749200041191994,1.9028206279300104,0.07072543389966011,0.26859312180391154,-4.624458000917925,miscanthus_sinensis_15wks vs control_6wks,FALSE
5137,-1.6850045906423894,18.03692717575183,-1.9002265072251183,0.0710815950575898,0.26916776918061386,-4.628705977809931,miscanthus_sinensis_15wks vs control_6wks,FALSE
130,-1.829689216635245,25.18773976715128,-1.8965925171240214,0.07158317453200824,0.27015557932250966,-4.6346499757540816,miscanthus_sinensis_15wks vs control_6wks,FALSE
5576,-1.0134861603787613,16.69065244388692,-1.8950570319782607,0.07179604121801643,0.27015557932250966,-4.637159127590083,miscanthus_sinensis_15wks vs control_6wks,FALSE
3404,2.7172864232501652,19.188209223906906,1.893088560934295,0.07206974599915192,0.27015557932250966,-4.640373745992848,miscanthus_sinensis_15wks vs control_6wks,FALSE
5708,-0.7032242468182908,16.641552022540477,-1.8893677246028362,0.07258960914676692,0.27015557932250966,-4.646443678138148,miscanthus_sinensis_15wks vs control_6wks,FALSE
364,1.252403688927025,24.57766698456242,1.8885325042329055,0.07270675444454022,0.27015557932250966,-4.647805052260478,miscanthus_sinensis_15wks vs control_6wks,FALSE
4637,-1.4643322038334645,20.00906109201395,-1.8880310951955053,0.07277716006021911,0.27015557932250966,-4.648622125123427,miscanthus_sinensis_15wks vs control_6wks,FALSE
247,-3.332477472946149,20.481544048640586,-1.8879992040669087,0.07278164009145238,0.27015557932250966,-4.6486740882764375,miscanthus_sinensis_15wks vs control_6wks,FALSE
1562,2.5378560309618052,18.860917248630027,1.8861019407705033,0.0730486010901762,0.2703827093873001,-4.651764365754253,miscanthus_sinensis_15wks vs control_6wks,FALSE
1837,-1.8827009356782192,18.086100959572125,-1.8745020100791117,0.07469954943734959,0.2757168762940375,-4.67061089673655,miscanthus_sinensis_15wks vs control_6wks,FALSE
158,-1.3958807112966625,22.805548576781693,-1.870895280962292,0.07521948734717365,0.27685828116018535,-4.676454086896472,miscanthus_sinensis_15wks vs control_6wks,FALSE
5122,-1.0107236833642652,16.9556732120882,-1.8663745342596292,0.07587565674070575,0.27849333228292555,-4.683766830577798,miscanthus_sinensis_15wks vs control_6wks,FALSE
2529,-1.6013965113576774,18.98041955066718,-1.858405056363014,0.077044587593545,0.28199606712512015,-4.696627722234119,miscanthus_sinensis_15wks vs control_6wks,FALSE
1434,-2.604691524027455,22.093180925969854,-1.8549222415214324,0.07756035149741487,0.2826658010561214,-4.702235919342704,miscanthus_sinensis_15wks vs control_6wks,FALSE
4454,-0.8201335175644147,23.70899423880496,-1.8536513467471702,0.0777493051535544,0.2826658010561214,-4.704280514506646,miscanthus_sinensis_15wks vs control_6wks,FALSE
339,-2.500724831830066,20.603988811451547,-1.8528213599880508,0.07787292236097104,0.2826658010561214,-4.705615246210993,miscanthus_sinensis_15wks vs control_6wks,FALSE
5997,-1.015437794133618,17.146732632494988,-1.8487579597117758,0.07848059803076363,0.2840867928716898,-4.71214360875487,miscanthus_sinensis_15wks vs control_6wks,FALSE
1991,1.42530702283576,19.12255946363737,1.8427537387104589,0.0793860884853944,0.2865750556862864,-4.7217714462174865,miscanthus_sinensis_15wks vs control_6wks,FALSE
442,-1.8990338436095016,19.73063845649368,-1.84059258744113,0.0797142302801226,0.28669394723824104,-4.725231407010145,miscanthus_sinensis_15wks vs control_6wks,FALSE
1925,-2.1956041956606,18.279451766317045,-1.8394489418771982,0.07988835501806066,0.28669394723824104,-4.7270611876057025,miscanthus_sinensis_15wks vs control_6wks,FALSE
2187,3.4882184247872736,20.339255864222157,1.8370921156568918,0.08024823633198466,0.28669394723824104,-4.7308294376087385,miscanthus_sinensis_15wks vs control_6wks,FALSE
3500,-1.06520856492088,19.288723625976868,-1.8368077078779588,0.08029175995713296,0.28669394723824104,-4.731283933989479,miscanthus_sinensis_15wks vs control_6wks,FALSE
4963,-1.0869562680356815,17.100859272999372,-1.834388837113733,0.08066275694851122,0.28723811010933264,-4.73514736239696,miscanthus_sinensis_15wks vs control_6wks,FALSE
169,2.255142614146454,20.927262758221065,1.8255889661645177,0.08202505753199067,0.29057224307671164,-4.749171750966098,miscanthus_sinensis_15wks vs control_6wks,FALSE
5310,-0.9164434010679514,21.654406215694436,-1.825484649877991,0.08204132586108069,0.29057224307671164,-4.749337709925153,miscanthus_sinensis_15wks vs control_6wks,FALSE
5656,1.370425252784024,22.186649220193377,1.8210264382985273,0.08273921791861608,0.291929393495281,-4.756423999395217,miscanthus_sinensis_15wks vs control_6wks,FALSE
2537,2.7385313696467932,18.813142992580328,1.8202019581866768,0.08286884609873654,0.291929393495281,-4.757733137738331,miscanthus_sinensis_15wks vs control_6wks,FALSE
975,-1.6146223982356602,17.81165841751476,-1.817382852427685,0.08331341074716599,0.29271075326678103,-4.762206186827792,miscanthus_sinensis_15wks vs control_6wks,FALSE
2161,-1.998505416326477,18.42811184155188,-1.8133017171963373,0.08396066044847963,0.2934871925469857,-4.768672831192783,miscanthus_sinensis_15wks vs control_6wks,FALSE
4955,-2.2743955795167565,22.681560745418423,-1.813173193021249,0.08398111445788936,0.2934871925469857,-4.76887631010212,miscanthus_sinensis_15wks vs control_6wks,FALSE
1402,-0.6517452881973753,23.98181843740664,-1.807790995916787,0.08484155401694617,0.2957076975550856,-4.777388027200588,miscanthus_sinensis_15wks vs control_6wks,FALSE
2396,-1.848657083998127,17.624738381409927,-1.802058288192709,0.08576642157176291,0.29814041784469963,-4.78643392792783,miscanthus_sinensis_15wks vs control_6wks,FALSE
5252,-1.1715778579590932,19.20045262748118,-1.8005082566386694,0.08601798543089574,0.2982259442116016,-4.788876218493796,miscanthus_sinensis_15wks vs control_6wks,FALSE
3966,-0.9084847045126843,20.157774283071085,-1.7960102180978574,0.08675161824645164,0.29997796414694067,-4.79595487183722,miscanthus_sinensis_15wks vs control_6wks,FALSE
5099,-1.4179825813474025,18.543011446171477,-1.7930673981998861,0.0872345179035145,0.3007641073226238,-4.80057908704688,miscanthus_sinensis_15wks vs control_6wks,FALSE
2526,-1.1914356342144892,17.406466027106422,-1.7918391693974771,0.08743674961738379,0.3007641073226238,-4.80250744005522,miscanthus_sinensis_15wks vs control_6wks,FALSE
3535,1.926421806219441,19.845513209555484,1.789721944805904,0.08778630885275417,0.3010188971358829,-4.805829283922314,miscanthus_sinensis_15wks vs control_6wks,FALSE
5635,-0.6055742817366685,17.0259648194685,-1.7886183549613917,0.08796899277030369,0.3010188971358829,-4.807559640419186,miscanthus_sinensis_15wks vs control_6wks,FALSE
33,-2.7766668028960773,18.52426116947542,-1.7845658309658816,0.08864265220648711,0.3023166821931743,-4.8139070606286705,miscanthus_sinensis_15wks vs control_6wks,FALSE
3035,1.9291584263108348,18.540968847583613,1.7835728149537002,0.08880840131397662,0.3023166821931743,-4.8154608083903305,miscanthus_sinensis_15wks vs control_6wks,FALSE
4864,-1.0359734553108737,17.021462154449214,-1.7795291406099143,0.089486116756496,0.3038365824755445,-4.821781326390039,miscanthus_sinensis_15wks vs control_6wks,FALSE
1153,-0.9204343281634202,17.08732674507685,-1.7683884255154092,0.09137641429545072,0.3094551762479955,-4.839140662340825,miscanthus_sinensis_15wks vs control_6wks,FALSE
2071,2.3702509818482156,18.853002873175143,1.7630541812152636,0.09229361343709788,0.31175786132736916,-4.847424111211879,miscanthus_sinensis_15wks vs control_6wks,FALSE
1933,0.740452210830945,21.54850425180842,1.758355824645013,0.09310802636031196,0.31332714673958645,-4.854704862474096,miscanthus_sinensis_15wks vs control_6wks,FALSE
3204,1.7153248737025315,18.897508108121347,1.7563255613943873,0.0934618599802661,0.31332714673958645,-4.857846609678807,miscanthus_sinensis_15wks vs control_6wks,FALSE
1313,-1.753059665467962,18.00978655417534,-1.7562586118823573,0.09347354758136826,0.31332714673958645,-4.857950165700888,miscanthus_sinensis_15wks vs control_6wks,FALSE
2244,0.73355461883278394,25.80262040396785,1.7508471267891261,0.09442241251671617,0.3140254863129253,-4.8663109033697465,miscanthus_sinensis_15wks vs control_6wks,FALSE
2782,1.6176740609259532,18.14121144539738,1.7501214590203287,0.09455028015264855,0.3140254863129253,-4.867430611376033,miscanthus_sinensis_15wks vs control_6wks,FALSE
3467,-1.7446818828895942,18.39498098782026,-1.7500053678542316,0.09457075000401127,0.3140254863129253,-4.867609708666306,miscanthus_sinensis_15wks vs control_6wks,FALSE
5653,-1.231523852088987,17.355849397918707,-1.7493470327680551,0.09468690337019092,0.3140254863129253,-4.868625175802564,miscanthus_sinensis_15wks vs control_6wks,FALSE
4785,-1.1154869143118802,17.190371420304512,-1.7469647399833284,0.09510824746448442,0.3140254863129253,-4.872297449956094,miscanthus_sinensis_15wks vs control_6wks,FALSE
22,-0.7091538725526263,27.521301163016958,-1.7469221962167567,0.0951157865696684,0.3140254863129253,-4.872362997017833,miscanthus_sinensis_15wks vs control_6wks,FALSE
5566,1.1139168250042033,17.271495786232727,1.7430231573754382,0.09580890929898062,0.315521069721455,-4.878365222055587,miscanthus_sinensis_15wks vs control_6wks,FALSE
36,1.2497852336252322,25.662163570212464,1.7412830714525052,0.09611963580341007,0.3157530036142021,-4.881040726343405,miscanthus_sinensis_15wks vs control_6wks,FALSE
4444,1.7244285722915258,18.083254004994934,1.738413753045612,0.09663389626246352,0.316357703965631,-4.885448180322943,miscanthus_sinensis_15wks vs control_6wks,FALSE
1255,1.7571426647651265,19.086411724944533,1.7364153890486467,0.09699344949060391,0.316357703965631,-4.8885146092662115,miscanthus_sinensis_15wks vs control_6wks,FALSE
3829,1.9319704996612757,22.54004360543,1.7362348290788296,0.09702599292096598,0.316357703965631,-4.888791544171338,miscanthus_sinensis_15wks vs control_6wks,FALSE
2508,-0.7647068951144789,17.506468789160024,-1.7314070893169569,0.0978996013679116,0.31841603019167286,-4.896188187559378,miscanthus_sinensis_15wks vs control_6wks,FALSE
2891,2.6353137318394886,19.07668231681608,1.7294571654639779,0.09825435645654475,0.31878080094790073,-4.899171351634264,miscanthus_sinensis_15wks vs control_6wks,FALSE
4376,-1.0905760640978315,22.73177391999818,-1.7272148319188267,0.09866366995429447,0.3193203505417314,-4.902598778094244,miscanthus_sinensis_15wks vs control_6wks,FALSE
863,-0.7361600830033765,25.03079281327394,-1.7231697566002941,0.09940574405231783,0.32093156679298684,-4.9087733354753675,miscanthus_sinensis_15wks vs control_6wks,FALSE
5313,-1.448337745888054,19.244678781082413,-1.7213807492684667,0.09973545856879444,0.32120684450832326,-4.911500702744109,miscanthus_sinensis_15wks vs control_6wks,FALSE
2937,-1.3380425511719203,19.457490231123913,-1.7096443188612633,0.10192174188260801,0.32744540057150834,-4.929340559583148,miscanthus_sinensis_15wks vs control_6wks,FALSE
4700,2.133382090053015,18.785061006483055,1.7073327389691149,0.10235713320904266,0.3280421293577611,-4.932843488365411,miscanthus_sinensis_15wks vs control_6wks,FALSE
461,1.6854199650327786,18.402507055702458,1.7017727315066995,0.10341087157050219,0.3301142959107744,-4.941254469763338,miscanthus_sinensis_15wks vs control_6wks,FALSE
808,-0.980977566177966,21.981246865466364,-1.7012723466383763,0.10350615670870551,0.3301142959107744,-4.942010423999993,miscanthus_sinensis_15wks vs control_6wks,FALSE
232,1.8346335616630114,21.93205591745299,1.690802187032814,0.10551713753681234,0.33571312039557244,-4.9577898052227045,miscanthus_sinensis_15wks vs control_6wks,FALSE
3350,1.5406537367782995,19.32501464755954,1.6863857522802506,0.10637530219890212,0.33642453833127167,-4.964423715934169,miscanthus_sinensis_15wks vs control_6wks,FALSE
1063,1.7188680656108097,18.83967478353464,1.6845955996099267,0.10672483472747288,0.33642453833127167,-4.967108967219464,miscanthus_sinensis_15wks vs control_6wks,FALSE
3747,-1.7879122269271335,19.946144555543576,-1.682297199306373,0.10717503370657865,0.33642453833127167,-4.97055343671303,miscanthus_sinensis_15wks vs control_6wks,FALSE
5283,1.5811480945159708,18.551264056424685,1.6816997664713542,0.10729231947031101,0.33642453833127167,-4.971448189985878,miscanthus_sinensis_15wks vs control_6wks,FALSE
3842,2.787531592625765,19.188270746138123,1.680748943086344,0.10747920619623065,0.33642453833127167,-4.9728717076915165,miscanthus_sinensis_15wks vs control_6wks,FALSE
3211,-0.6032344662463203,20.66476121585821,-1.6799790722815462,0.10763072857430979,0.33642453833127167,-4.9740238674879205,miscanthus_sinensis_15wks vs control_6wks,FALSE
3468,2.1657541346458267,18.863710092324297,1.6797685674052834,0.10767219070525819,0.33642453833127167,-4.9743388316653405,miscanthus_sinensis_15wks vs control_6wks,FALSE
5156,-2.07994916688002,20.942864631791984,-1.679175950912164,0.10778898830857334,0.33642453833127167,-4.975225363157359,miscanthus_sinensis_15wks vs control_6wks,FALSE
857,-0.7653328095721221,26.422483816938005,-1.6726232644387897,0.10908762408493965,0.3396709432407836,-4.985012132466801,miscanthus_sinensis_15wks vs control_6wks,FALSE
4875,1.0060028201134266,17.502340538316233,1.6692309235793665,0.10976512416076452,0.3405678350015304,-4.990067363016071,miscanthus_sinensis_15wks vs control_6wks,FALSE
6115,-0.8953711450269672,16.906436928927565,-1.6685874575223674,0.10989403503854557,0.3405678350015304,-4.991025370145198,miscanthus_sinensis_15wks vs control_6wks,FALSE
4747,-1.2097944572996404,22.386392465934463,-1.666804565220625,0.11025188649116242,0.34083000374195116,-4.993678315446852,miscanthus_sinensis_15wks vs control_6wks,FALSE
4065,-1.5606977640792152,18.176786548387025,-1.6655842035144768,0.11049739847341795,0.34083000374195116,-4.995492972018638,miscanthus_sinensis_15wks vs control_6wks,FALSE
504,-1.1847231492387316,17.202847353742868,-1.6608433139671568,0.1114555635840994,0.3428157005722487,-5.002532997514898,miscanthus_sinensis_15wks vs control_6wks,FALSE
1904,0.7947459467869535,24.71867343729887,1.659821717273972,0.11166295269781007,0.3428157005722487,-5.004048025686844,miscanthus_sinensis_15wks vs control_6wks,FALSE
3724,1.593199388612021,18.00726318738541,1.658464713106755,0.11193893560420087,0.34286191464783206,-5.0060593649632565,miscanthus_sinensis_15wks vs control_6wks,FALSE
3284,-1.4269197517345873,17.47959069038027,-1.65566081219418,0.1125110101400388,0.34381271470700225,-5.010211308507547,miscanthus_sinensis_15wks vs control_6wks,FALSE
1231,-1.8922699190795278,22.006041613155304,-1.652654738672457,0.1131270751135933,0.3448932173996788,-5.01465666964201,miscanthus_sinensis_15wks vs control_6wks,FALSE
2425,-1.6457248910200555,18.14543275831277,-1.649644670829586,0.11374681022476742,0.34502168490458607,-5.019101755057421,miscanthus_sinensis_15wks vs control_6wks,FALSE
4858,-1.1000086970991418,17.165648900920168,-1.6476339524192687,0.11416238606596614,0.34502168490458607,-5.022067610908562,miscanthus_sinensis_15wks vs control_6wks,FALSE
6118,-0.9408308177090241,17.124116222860373,-1.647408182728876,0.11420912809273562,0.34502168490458607,-5.0224004536398414,miscanthus_sinensis_15wks vs control_6wks,FALSE
2715,-1.6671608583848112,19.00940825053976,-1.6473580592132628,0.11421950755973741,0.34502168490458607,-5.022474343891776,miscanthus_sinensis_15wks vs control_6wks,FALSE
1720,-1.1847751808203704,17.808845841308496,-1.6412675284886045,0.1154866562911756,0.3480492347857907,-5.0314399684297095,miscanthus_sinensis_15wks vs control_6wks,FALSE
4109,-1.5699947564254977,18.675834728443732,-1.6322404798165933,0.11738652632793688,0.35249700249364607,-5.044681457878038,miscanthus_sinensis_15wks vs control_6wks,FALSE
5037,1.5682854720395873,21.54869106615717,1.6317099330311928,0.11749900083121535,0.35249700249364607,-5.045457954358213,miscanthus_sinensis_15wks vs control_6wks,FALSE
256,-1.9911972140891798,20.429478592389042,-1.6240081148292116,0.11914199798281885,0.35291806041320406,-5.0567082775657495,miscanthus_sinensis_15wks vs control_6wks,FALSE
3788,1.4674966925706627,18.17945062035238,1.623863511297713,0.11917302929607299,0.35291806041320406,-5.056919112975122,miscanthus_sinensis_15wks vs control_6wks,FALSE
2229,-1.895602494385706,20.270131149643056,-1.6229990021658112,0.11935869096108259,0.35291806041320406,-5.058179286030466,miscanthus_sinensis_15wks vs control_6wks,FALSE
1367,-1.4861214151787898,20.791803727824597,-1.6229651432876604,0.11936596742104041,0.35291806041320406,-5.058228630729403,miscanthus_sinensis_15wks vs control_6wks,FALSE
4381,2.047840869481117,18.78475984849464,1.6228374809959272,0.11939340610254645,0.35291806041320406,-5.0584146739761735,miscanthus_sinensis_15wks vs control_6wks,FALSE
1597,2.2201436920816526,18.590130731214643,1.6215864248807403,0.11966257814131419,0.35291806041320406,-5.0602372504212125,miscanthus_sinensis_15wks vs control_6wks,FALSE
192,-1.649200575361185,18.25500887245444,-1.6212357159270736,0.11973812657985895,0.35291806041320406,-5.0607479792585774,miscanthus_sinensis_15wks vs control_6wks,FALSE
5432,-3.705606551610966,21.041161892558478,-1.6207497933303243,0.11984286840783995,0.35291806041320406,-5.061455475534585,miscanthus_sinensis_15wks vs control_6wks,FALSE
4623,0.849771086743818,17.768830561339,1.6197593435212365,0.12005660046019956,0.35291806041320406,-5.062897049301662,miscanthus_sinensis_15wks vs control_6wks,FALSE
3836,-0.9212687572377405,20.057056092860563,-1.6175497457499073,0.12053456891535724,0.3535321954347755,-5.066110608798171,miscanthus_sinensis_15wks vs control_6wks,FALSE
3560,-1.6824964005094394,19.02437140087911,-1.608379157488895,0.12253539050547646,0.3586002296752696,-5.079411718922538,miscanthus_sinensis_15wks vs control_6wks,FALSE
4142,-1.1106136741864994,17.671046878042727,-1.6046565988131554,0.1233554706506383,0.36019797429986383,-5.084794237843481,miscanthus_sinensis_15wks vs control_6wks,FALSE
5803,-1.23415662251697,19.081847022812948,-1.601809827645522,0.12398570907727982,0.3612355248947798,-5.088903909500595,miscanthus_sinensis_15wks vs control_6wks,FALSE
2305,-1.8574248813683347,21.055271782866857,-1.5996074850690032,0.12447512468348179,0.36146487410138983,-5.09207937996571,miscanthus_sinensis_15wks vs control_6wks,FALSE
375,0.8415360888325232,24.639704008928156,1.598981167337436,0.12461460271531932,0.36146487410138983,-5.092981822756657,miscanthus_sinensis_15wks vs control_6wks,FALSE
302,1.1285473312199947,17.990335940978728,1.5968954555655002,0.12508002302175314,0.3618566430335985,-5.09598508269663,miscanthus_sinensis_15wks vs control_6wks,FALSE
6157,-1.6556793246236232,18.040754872149872,-1.5951039102096547,0.12548095956061753,0.3618566430335985,-5.098562332157076,miscanthus_sinensis_15wks vs control_6wks,FALSE
115,-2.5858831219849634,19.504568206007374,-1.5946807292825838,0.12557582132672823,0.3618566430335985,-5.099170775609707,miscanthus_sinensis_15wks vs control_6wks,FALSE
2166,-1.957524243145869,21.025772412118545,-1.582844092614955,0.12825351668748658,0.3687639407600818,-5.116138327430411,miscanthus_sinensis_15wks vs control_6wks,FALSE
3989,0.6831033271457656,16.829616930663423,1.5753557418923556,0.1299719818480445,0.3719805928046295,-5.126821703354324,miscanthus_sinensis_15wks vs control_6wks,FALSE
4405,-1.2353140516195218,18.67896369724927,-1.5742797677714506,0.13022046883741376,0.3719805928046295,-5.12835350108829,miscanthus_sinensis_15wks vs control_6wks,FALSE
2418,-1.7208856899226639,17.662361009027805,-1.5742752348713493,0.1302215165069479,0.3719805928046295,-5.128359952563579,miscanthus_sinensis_15wks vs control_6wks,FALSE
3942,1.369283103091611,18.68211015551679,1.5678525667191179,0.13171301591947643,0.37492341492576703,-5.137486420397829,miscanthus_sinensis_15wks vs control_6wks,FALSE
363,-2.1990877303465766,20.15007379143575,-1.5673839732515515,0.13182238789627426,0.37492341492576703,-5.138151135555597,miscanthus_sinensis_15wks vs control_6wks,FALSE
4685,1.7965840549679157,18.207895114059653,1.5657411232559937,0.13220643289564055,0.37520356981613756,-5.140480339732122,miscanthus_sinensis_15wks vs control_6wks,FALSE
4519,-1.8827219046469992,18.26557192069622,-1.5619790903557647,0.13308937360644546,0.3766977293154559,-5.145806854912433,miscanthus_sinensis_15wks vs control_6wks,FALSE
1890,-0.8626691691105144,23.897645455846433,-1.5583983450452652,0.13393430474534404,0.3766977293154559,-5.150867330902228,miscanthus_sinensis_15wks vs control_6wks,FALSE
4542,2.0458749675719083,19.068228368266105,1.5581837346975083,0.13398508623993408,0.3766977293154559,-5.151170337907624,miscanthus_sinensis_15wks vs control_6wks,FALSE
2952,2.0279671340616225,18.76006625269853,1.5563453658644801,0.13442073862557646,0.3766977293154559,-5.15376457295009,miscanthus_sinensis_15wks vs control_6wks,FALSE
1272,-0.8044699065415948,16.936655911275018,-1.5534133239322536,0.1351179953639509,0.3766977293154559,-5.157897163700515,miscanthus_sinensis_15wks vs control_6wks,FALSE
764,-1.5789107899093864,17.945791047810484,-1.5524235258389143,0.13535405028579175,0.3766977293154559,-5.15929085576904,miscanthus_sinensis_15wks vs control_6wks,FALSE
2491,2.2103583396852358,18.660971804365396,1.5523975115641133,0.13536025897872211,0.3766977293154559,-5.159327475901195,miscanthus_sinensis_15wks vs control_6wks,FALSE
5960,-0.99919615332783,16.96041715659071,-1.552294523803186,0.13538484085136854,0.3766977293154559,-5.159472446378233,miscanthus_sinensis_15wks vs control_6wks,FALSE
481,-2.4288723550377362,22.954810553911685,-1.5517811741561356,0.13550742603088367,0.3766977293154559,-5.160194948639632,miscanthus_sinensis_15wks vs control_6wks,FALSE
418,-1.5884314022527306,19.46741485446881,-1.5513949480094866,0.13559971534719228,0.3766977293154559,-5.160738409557449,miscanthus_sinensis_15wks vs control_6wks,FALSE
1305,-1.5751173512036623,21.873231757754116,-1.54906448974028,0.13615768643104612,0.3774497889670772,-5.1640153445344765,miscanthus_sinensis_15wks vs control_6wks,FALSE
5000,-1.1544632398726336,19.304973016067258,-1.5465170385579727,0.1367697827436245,0.3783484095265739,-5.167592950307455,miscanthus_sinensis_15wks vs control_6wks,FALSE
1694,-0.8161098666637834,24.905362874117298,-1.5428001259476256,0.13766695492462971,0.3793319589116199,-5.172804582485222,miscanthus_sinensis_15wks vs control_6wks,FALSE
4614,-1.3709409308670502,18.522649746205683,-1.5424242973120987,0.13775794089896906,0.3793319589116199,-5.173330994774549,miscanthus_sinensis_15wks vs control_6wks,FALSE
4333,-1.5547950663886034,17.66530486811128,-1.5414609763087368,0.13799138231335945,0.3793319589116199,-5.174679827227329,miscanthus_sinensis_15wks vs control_6wks,FALSE
1320,-2.3915621905294238,20.006191300703,-1.5376519878289112,0.13891761591057622,0.3810808920803698,-5.1800066003531215,miscanthus_sinensis_15wks vs control_6wks,FALSE
453,-1.7183791909834873,20.93311788990808,-1.5329676172871216,0.1400637456429238,0.38342450369750386,-5.186543250625741,miscanthus_sinensis_15wks vs control_6wks,FALSE
1762,-1.4847725684912412,17.94191778100747,-1.5312569667994433,0.14048423106786107,0.38377604911261837,-5.1889263773698495,miscanthus_sinensis_15wks vs control_6wks,FALSE
2872,2.1759047090930252,22.15088445813279,1.5280234951499965,0.14128187434030542,0.3850787692370485,-5.1934251918990295,miscanthus_sinensis_15wks vs control_6wks,FALSE
2655,2.017752230394965,19.262706349662185,1.526951179689265,0.1415472188291434,0.3850787692370485,-5.194915464289209,miscanthus_sinensis_15wks vs control_6wks,FALSE
1484,-1.263173387803647,18.40708993935645,-1.5249871498144971,0.14203428209621202,0.3856054683355839,-5.197642858143302,miscanthus_sinensis_15wks vs control_6wks,FALSE
4564,1.584870120215811,18.473450168082376,1.5201693065463135,0.1432349113920914,0.3869216557905181,-5.204321432147218,miscanthus_sinensis_15wks vs control_6wks,FALSE
159,2.0897983546483374,18.5178649239704,1.5197506040899889,0.14333964701885094,0.3869216557905181,-5.204901049644368,miscanthus_sinensis_15wks vs control_6wks,FALSE
2747,1.1778228455450517,18.092808140381486,1.5180260239266994,0.14377170316478782,0.3869216557905181,-5.207287076417857,miscanthus_sinensis_15wks vs control_6wks,FALSE
525,1.1585793064153904,20.724154381584214,1.5176860272365773,0.14385700813771612,0.3869216557905181,-5.207757220863996,miscanthus_sinensis_15wks vs control_6wks,FALSE
444,-2.396258457047388,19.226341763659924,-1.5171507528607442,0.1439913924517225,0.3869216557905181,-5.208497223456751,miscanthus_sinensis_15wks vs control_6wks,FALSE
2270,2.6016579123820733,18.979039914267986,1.5116709824723105,0.14537306737590033,0.3898371643508838,-5.216060880282415,miscanthus_sinensis_15wks vs control_6wks,FALSE
2958,1.4132191790549307,20.028934048460904,1.5055028130251755,0.14694131281379608,0.39289228051421704,-5.224548565884286,miscanthus_sinensis_15wks vs control_6wks,FALSE
358,-1.3650782228301495,22.40410033611672,-1.5048411823503407,0.147110351608063,0.39289228051421704,-5.225457351947792,miscanthus_sinensis_15wks vs control_6wks,FALSE
1319,-0.783675336517387,17.658136890174916,-1.503517718148062,0.1474489591775909,0.3929978344003133,-5.2272742432887025,miscanthus_sinensis_15wks vs control_6wks,FALSE
599,-1.087165312125979,18.282950337194173,-1.4986081040168824,0.14871066213990017,0.3955399679667273,-5.234003122251864,miscanthus_sinensis_15wks vs control_6wks,FALSE
920,-1.3398468251235585,19.71546011005174,-1.4974685081975063,0.1490047824532192,0.3955399679667273,-5.235562474352736,miscanthus_sinensis_15wks vs control_6wks,FALSE
954,-2.016726832634923,20.836883470306056,-1.4953496712039307,0.14955290173745292,0.39601520706940674,-5.23845922978583,miscanthus_sinensis_15wks vs control_6wks,FALSE
3886,-0.8396705833148559,22.969451493344636,-1.494448307416485,0.1497865737545625,0.39601520706940674,-5.239690525983622,miscanthus_sinensis_15wks vs control_6wks,FALSE
6093,-1.820837537733624,22.10849047033396,-1.490826026192763,0.150728635341775,0.39619616492838283,-5.244632683217656,miscanthus_sinensis_15wks vs control_6wks,FALSE
75,-2.1353918320158165,21.192367391695456,-1.4899095287324502,0.1509677583222064,0.39619616492838283,-5.245881603717567,miscanthus_sinensis_15wks vs control_6wks,FALSE
5071,-1.1738092004297833,17.72222166528262,-1.4895286978840052,0.15106721181897972,0.39619616492838283,-5.246400384266124,miscanthus_sinensis_15wks vs control_6wks,FALSE
1105,2.2827108243073013,19.82847319046098,1.4885390580367799,0.1513259051979843,0.39619616492838283,-5.247748006273686,miscanthus_sinensis_15wks vs control_6wks,FALSE
5108,-1.0133102821018234,17.65962871623123,-1.4883987392730933,0.1513626139985146,0.39619616492838283,-5.2479390242091455,miscanthus_sinensis_15wks vs control_6wks,FALSE
1047,-1.9469077206281078,21.449661260920045,-1.486471574317565,0.15186751567362938,0.39672746639194634,-5.2505610357412005,miscanthus_sinensis_15wks vs control_6wks,FALSE
1251,2.310034625824951,18.728144030152436,1.482995378077161,0.1527817259162751,0.39832378542457436,-5.255283672912189,miscanthus_sinensis_15wks vs control_6wks,FALSE
4022,2.5287707599868376,20.135715309567864,1.4785813067390197,0.15394905075167978,0.4005723815598163,-5.2612676346108,miscanthus_sinensis_15wks vs control_6wks,FALSE
3781,-0.9457198605451538,19.155857160177405,-1.4738281891830847,0.15521415105843778,0.4018270639308415,-5.267695134356638,miscanthus_sinensis_15wks vs control_6wks,FALSE
2870,-1.7575535526008892,20.065629680871933,-1.4734911125341446,0.15530418845485477,0.4018270639308415,-5.268150318585144,miscanthus_sinensis_15wks vs control_6wks,FALSE
34,0.7917129291878489,27.091796052777507,1.4733246549618508,0.15534866702957953,0.4018270639308415,-5.268375069857306,miscanthus_sinensis_15wks vs control_6wks,FALSE
4201,-1.1915146737731455,19.14100556824384,-1.4705231275668276,0.15609880996140102,0.4023416333977709,-5.2721546178253265,miscanthus_sinensis_15wks vs control_6wks,FALSE
205,-2.4820099047598134,22.05162128507029,-1.4702951067497034,0.15615999469776495,0.4023416333977709,-5.272461985418137,miscanthus_sinensis_15wks vs control_6wks,FALSE
5009,-0.8446714961571118,17.443257276259907,-1.466303577292847,0.15723420131231447,0.4028185085630146,-5.2778362438223265,miscanthus_sinensis_15wks vs control_6wks,FALSE
5420,-0.6146555059291252,17.320505555227122,-1.465901740681839,0.15734267597760818,0.4028185085630146,-5.278376627960439,miscanthus_sinensis_15wks vs control_6wks,FALSE
4645,0.7096965982682626,17.121549725161756,1.465548700972292,0.15743802820595038,0.4028185085630146,-5.27885129177448,miscanthus_sinensis_15wks vs control_6wks,FALSE
4051,-1.6892644366951224,18.11550633659025,-1.4639647715272364,0.15786640822317036,0.4028185085630146,-5.280979754066282,miscanthus_sinensis_15wks vs control_6wks,FALSE
529,-1.3437017821727544,19.755642368207404,-1.4636099717558162,0.15796249483956673,0.4028185085630146,-5.281456273491615,miscanthus_sinensis_15wks vs control_6wks,FALSE
4317,-0.8965105748369417,17.218568919539443,-1.462791119059345,0.15818443715259933,0.4028185085630146,-5.282555689319666,miscanthus_sinensis_15wks vs control_6wks,FALSE
1062,-1.2741290751953755,18.693397303135093,-1.461044740073346,0.15865862216617463,0.40318546968588576,-5.284898763639058,miscanthus_sinensis_15wks vs control_6wks,FALSE
4119,-1.1205235249444492,20.159332869829424,-1.4599088411158878,0.15896766527305264,0.40318546968588576,-5.286421553743979,miscanthus_sinensis_15wks vs control_6wks,FALSE
4029,1.529449915205113,18.860400542002047,1.4577533059755934,0.15955546213186525,0.40318546968588576,-5.289308630430555,miscanthus_sinensis_15wks vs control_6wks,FALSE
1496,-0.5300971210583718,22.117181658289464,-1.4577517259577264,0.15955589363520595,0.40318546968588576,-5.28931074540256,miscanthus_sinensis_15wks vs control_6wks,FALSE
385,-0.7002122583952506,27.35984384927629,-1.454364363409021,0.16048316028833887,0.40442961179385795,-5.293840704454461,miscanthus_sinensis_15wks vs control_6wks,FALSE
4472,-0.6513898372371933,16.872272709886207,-1.4537062546068786,0.16066381838386137,0.40442961179385795,-5.294719808026505,miscanthus_sinensis_15wks vs control_6wks,FALSE
749,-1.7202958545373477,20.219228883906812,-1.450739819051841,0.16148018269420789,0.40570738061221634,-5.298678367024445,miscanthus_sinensis_15wks vs control_6wks,FALSE
4428,-1.1860972373933087,18.897966195445132,-1.4358276414060713,0.16563498878213104,0.4153518611826721,-5.3184781312620935,miscanthus_sinensis_15wks vs control_6wks,FALSE
2520,-0.6557571310093628,17.174738126571224,-1.4332675304440794,0.16635688116971492,0.4161093798495612,-5.321860549814951,miscanthus_sinensis_15wks vs control_6wks,FALSE
5958,-0.7017857334594702,16.651649839103488,-1.4322557884272216,0.16664286724148392,0.4161093798495612,-5.323195903471974,miscanthus_sinensis_15wks vs control_6wks,FALSE
1576,-1.2444661541318816,17.905612237638834,-1.4313496391969391,0.16689934183719243,0.4161093798495612,-5.324391235492116,miscanthus_sinensis_15wks vs control_6wks,FALSE
1841,2.234151626232041,18.932941674195735,1.4302755233113829,0.1672037690719698,0.4161093798495612,-5.325807336764659,miscanthus_sinensis_15wks vs control_6wks,FALSE
332,-0.6308798403567799,26.698173652099825,-1.4277217878373936,0.16792934727647194,0.41712507055063164,-5.329170658409712,miscanthus_sinensis_15wks vs control_6wks,FALSE
4379,-1.7333193397527964,22.244384776876675,-1.4261312493688514,0.16838253698634104,0.4174616105661361,-5.331262943658759,miscanthus_sinensis_15wks vs control_6wks,FALSE
4547,-0.7085514444901939,18.68749707033062,-1.42014032622294,0.17009835900412193,0.4202690256061531,-5.339126590624777,miscanthus_sinensis_15wks vs control_6wks,FALSE
5710,-1.0317543069657802,17.875559676589585,-1.4199448402803942,0.17015458266550493,0.4202690256061531,-5.339382726927687,miscanthus_sinensis_15wks vs control_6wks,FALSE
2635,-1.4731035633122715,22.065727156168933,-1.4169709738950407,0.17101173755829696,0.42159366444953505,-5.3432756799216605,miscanthus_sinensis_15wks vs control_6wks,FALSE
350,1.117568924523919,22.40057733662376,1.408584323498857,0.17344768953672976,0.4267982472870092,-5.354218134080924,miscanthus_sinensis_15wks vs control_6wks,FALSE
4230,-1.5144673958335417,23.0642112481865,-1.4035730625786014,0.1749164550059103,0.4296078913603106,-5.3607310446133125,miscanthus_sinensis_15wks vs control_6wks,FALSE
569,-0.5238944390482736,23.52964478280076,-1.3919160892675133,0.17837151867653753,0.436360295992034,-5.375806998086772,miscanthus_sinensis_15wks vs control_6wks,FALSE
4567,1.0742527046304886,18.018040415545723,1.3903397448333905,0.17884288934215248,0.436360295992034,-5.377837709043901,miscanthus_sinensis_15wks vs control_6wks,FALSE
4177,-1.2182346167378135,18.67012307049938,-1.3900537740528347,0.17892850885249648,0.436360295992034,-5.378205904279052,miscanthus_sinensis_15wks vs control_6wks,FALSE
307,0.947509763493283,17.9201777429326,1.3898348937580471,0.17899406357664105,0.436360295992034,-5.378487676342748,miscanthus_sinensis_15wks vs control_6wks,FALSE
4918,0.8006908532629069,17.225318023852502,1.385629478659587,0.18025730757067626,0.4386261150886455,-5.383894318960688,miscanthus_sinensis_15wks vs control_6wks,FALSE
196,-0.929692073177776,17.822352345243,-1.3838084015492402,0.18080652998080418,0.4391493168110475,-5.386231355351604,miscanthus_sinensis_15wks vs control_6wks,FALSE
3702,-2.0584950812698892,19.1038017662842,-1.3809275799778975,0.18167808162047827,0.4399384519567017,-5.389923187486384,miscanthus_sinensis_15wks vs control_6wks,FALSE
6010,-0.8113302715616442,17.120485167120254,-1.3805220071164905,0.1818010497811941,0.4399384519567017,-5.390442425193832,miscanthus_sinensis_15wks vs control_6wks,FALSE
410,-0.9555422327097922,21.916054324862287,-1.3776837840146128,0.182663441197661,0.4404939184725859,-5.394072540428784,miscanthus_sinensis_15wks vs control_6wks,FALSE
766,-1.3639570534947119,19.127709780922615,-1.3769587424745957,0.18288426482921097,0.4404939184725859,-5.394998881432848,miscanthus_sinensis_15wks vs control_6wks,FALSE
3088,1.7684992775106068,19.362305797175303,1.3757239970123374,0.1832608154182445,0.4404939184725859,-5.396575507953251,miscanthus_sinensis_15wks vs control_6wks,FALSE
1712,-1.7369331392867942,18.117682763627748,-1.3743132771564348,0.18369178480313617,0.4404939184725859,-5.398375395538091,miscanthus_sinensis_15wks vs control_6wks,FALSE
1649,1.4328427569021223,17.986273227144146,1.3742205629125133,0.18372013679404406,0.4404939184725859,-5.398493632643062,miscanthus_sinensis_15wks vs control_6wks,FALSE
1860,-1.5931677373877235,18.122042587295255,-1.3731688954806336,0.18404197963580643,0.4404939184725859,-5.399834344587378,miscanthus_sinensis_15wks vs control_6wks,FALSE
5190,-0.7278168326714791,16.972513950598554,-1.371602127411065,0.18452228886860272,0.4408405228606254,-5.401830147310185,miscanthus_sinensis_15wks vs control_6wks,FALSE
2595,-1.908949020105812,18.330398276948422,-1.3698046835490596,0.18507453832235018,0.44135742895747393,-5.404117459260808,miscanthus_sinensis_15wks vs control_6wks,FALSE
1742,-0.9422354463193834,17.639794178147927,-1.367113068031901,0.1859039639691229,0.44253226205693386,-5.407537970414072,miscanthus_sinensis_15wks vs control_6wks,FALSE
111,-0.5515347696165698,26.542419513944875,-1.3647319975806067,0.18664014721578306,0.4429022215776744,-5.410559171288394,miscanthus_sinensis_15wks vs control_6wks,FALSE
236,1.6304911231629298,23.096993079751797,1.364430565263302,0.18673350894522955,0.4429022215776744,-5.410941328324509,miscanthus_sinensis_15wks vs control_6wks,FALSE
824,1.148444320304531,17.824175286107224,1.3598779245283668,0.1881480851912446,0.4452902991018941,-5.4167046271073085,miscanthus_sinensis_15wks vs control_6wks,FALSE
4946,-1.1008020995121335,17.64400825106163,-1.3584755635495445,0.18858552371818837,0.4452902991018941,-5.41847667393969,miscanthus_sinensis_15wks vs control_6wks,FALSE
5638,2.334032318259716,19.422137457828335,1.3572796653638588,0.1889591950570989,0.4452902991018941,-5.419986625722912,miscanthus_sinensis_15wks vs control_6wks,FALSE
2993,0.6578374793286415,20.151091334137245,1.3568426841335446,0.18909588044053036,0.4452902991018941,-5.420538085278469,miscanthus_sinensis_15wks vs control_6wks,FALSE
5265,-0.7678323609701927,17.641097442449908,-1.3534718872643363,0.19015287448113471,0.4469783131810573,-5.424786964346495,miscanthus_sinensis_15wks vs control_6wks,FALSE
1385,-1.4099679963776417,18.526830406659172,-1.3495435343002014,0.19139058231874806,0.4490843306550624,-5.429727496689192,miscanthus_sinensis_15wks vs control_6wks,FALSE
440,0.6725351467924128,21.274293400317866,1.3478466969264162,0.19192716653687275,0.4495406360596271,-5.431857826993974,miscanthus_sinensis_15wks vs control_6wks,FALSE
903,-0.4672463524175754,23.685592888476588,-1.3453806329649227,0.19270911316963646,0.4505689941368369,-5.434949900163982,miscanthus_sinensis_15wks vs control_6wks,FALSE
5053,0.9956427890058919,18.075615107872377,1.3401575047334335,0.1943735609940191,0.45351158272405667,-5.441483253994839,miscanthus_sinensis_15wks vs control_6wks,FALSE
2975,0.8318413899776473,17.839332465850205,1.3392686320362506,0.19465793961671837,0.45351158272405667,-5.442592979923246,miscanthus_sinensis_15wks vs control_6wks,FALSE
4302,-0.8483408304771274,18.749530285287246,-1.335304388546591,0.19593021158578025,0.4543295274964838,-5.4475346755524665,miscanthus_sinensis_15wks vs control_6wks,FALSE
3262,-1.662069482585288,18.532462795953094,-1.3352179857252517,0.19595801400169907,0.4543295274964838,-5.447642245558284,miscanthus_sinensis_15wks vs control_6wks,FALSE
263,-1.4865911249899249,17.80183467415513,-1.3342459436936562,0.1962710080408985,0.4543295274964838,-5.448852018200855,miscanthus_sinensis_15wks vs control_6wks,FALSE
3778,1.1623989592065698,20.194472430259175,1.333870316855558,0.19639206363622738,0.4543295274964838,-5.449319313242301,miscanthus_sinensis_15wks vs control_6wks,FALSE
116,-0.8426826158294638,22.412730795813822,-1.3279176345767492,0.1983183053134699,0.45797935532847,-5.456709929473668,miscanthus_sinensis_15wks vs control_6wks,FALSE
3339,-1.6719012908147306,20.660793499299082,-1.3237976932450002,0.19966013568334634,0.45859663088277286,-5.461808802413704,miscanthus_sinensis_15wks vs control_6wks,FALSE
5028,-0.5278740595897666,17.31143143548238,-1.323277885918625,0.19982993639779242,0.45859663088277286,-5.4624511725251015,miscanthus_sinensis_15wks vs control_6wks,FALSE
3351,1.9356624336967023,19.35634298276861,1.322298712244582,0.20015010111024586,0.45859663088277286,-5.463660643544948,miscanthus_sinensis_15wks vs control_6wks,FALSE
278,-2.252278877086418,22.006343722877013,-1.3218056008363304,0.20031148782031294,0.45859663088277286,-5.464269447043116,miscanthus_sinensis_15wks vs control_6wks,FALSE
5707,-0.829648195523518,17.48218521923028,-1.321747090653025,0.2003306439320484,0.45859663088277286,-5.464341671985995,miscanthus_sinensis_15wks vs control_6wks,FALSE
5693,0.556664164616901,17.3639299995363,1.318726725751244,0.20132145300136062,0.4595317705450193,-5.468066349074177,miscanthus_sinensis_15wks vs control_6wks,FALSE
479,-1.1882583908127664,18.80108591105172,-1.3183704333877995,0.20143858434850162,0.4595317705450193,-5.468505250761812,miscanthus_sinensis_15wks vs control_6wks,FALSE
1999,-0.7334224727697816,22.582644074833187,-1.3172957600021151,0.20179220658761965,0.45954065763627766,-5.469828490193737,miscanthus_sinensis_15wks vs control_6wks,FALSE
5495,-1.0435448046781808,18.65300450089563,-1.312879314799354,0.20325053641999022,0.46206090805513345,-5.475256873722117,miscanthus_sinensis_15wks vs control_6wks,FALSE
5499,-2.199057025378064,18.868035663735874,-1.3117420170602907,0.2036274059194164,0.46211815436634396,-5.476652267732708,miscanthus_sinensis_15wks vs control_6wks,FALSE
967,-1.4422215149594955,18.016413750799526,-1.3099666770053804,0.20421679471822637,0.46265666941336114,-5.478828457957138,miscanthus_sinensis_15wks vs control_6wks,FALSE
242,-0.43438858540890024,21.128887559411844,-1.308891252226016,0.20457446760397893,0.46266724546546617,-5.480145489116381,miscanthus_sinensis_15wks vs control_6wks,FALSE
3208,-1.2245974959514783,17.705699286979623,-1.30484483521045,0.20592463185644494,0.46266724546546617,-5.4850927830096445,miscanthus_sinensis_15wks vs control_6wks,FALSE
3585,-1.3724896578139223,17.884288318405407,-1.30395513527477,0.20622242571451563,0.46266724546546617,-5.486178823730648,miscanthus_sinensis_15wks vs control_6wks,FALSE
254,-0.6099747162273452,23.20499563035513,-1.3033269974242159,0.20643287322567236,0.46266724546546617,-5.486945202700128,miscanthus_sinensis_15wks vs control_6wks,FALSE
390,1.3775857213230474,18.58076700459072,1.3017826492479958,0.2069509928979916,0.46266724546546617,-5.488828103006548,miscanthus_sinensis_15wks vs control_6wks,FALSE
224,-1.3301149993259678,18.073937943576595,-1.3017045148696835,0.20697723338132443,0.46266724546546617,-5.488923315765939,miscanthus_sinensis_15wks vs control_6wks,FALSE
5287,1.4024621810011766,18.957526882917676,1.3006785594512102,0.20732202821433315,0.46266724546546617,-5.490173072390493,miscanthus_sinensis_15wks vs control_6wks,FALSE
199,-1.4537079725570479,19.801525804115396,-1.2991952646645895,0.20782131146683566,0.46266724546546617,-5.491978455982645,miscanthus_sinensis_15wks vs control_6wks,FALSE
1975,1.2648522343129613,18.425438614135725,1.2989627568180417,0.2078996592521742,0.46266724546546617,-5.492261293281809,miscanthus_sinensis_15wks vs control_6wks,FALSE
3951,1.2547030384210025,18.3204647178505,1.2988534846998667,0.20793648842671691,0.46266724546546617,-5.492394204000675,miscanthus_sinensis_15wks vs control_6wks,FALSE
2530,-1.0797450191544016,20.560283303776632,-1.2983844536776912,0.20809462866825765,0.46266724546546617,-5.492964591843731,miscanthus_sinensis_15wks vs control_6wks,FALSE
959,-0.6118801162880487,17.143088300219087,-1.2972126611085715,0.2084901230264157,0.46276355009579434,-5.49438884362452,miscanthus_sinensis_15wks vs control_6wks,FALSE
244,1.8137756375404273,18.915953564777492,1.2929318647754922,0.20993990836394527,0.46498638042772883,-5.499582652668615,miscanthus_sinensis_15wks vs control_6wks,FALSE
4722,1.573456890141248,18.606615136953277,1.2921683111493565,0.21019932265911032,0.46498638042772883,-5.5005075266131005,miscanthus_sinensis_15wks vs control_6wks,FALSE
19,-0.46268041073680877,27.230040136410402,-1.2890364030344064,0.21126597802224634,0.4665604960020701,-5.504296275704175,miscanthus_sinensis_15wks vs control_6wks,FALSE
2564,1.6385985207211,18.969982131087487,1.285993638320181,0.21230628583956088,0.4680712409281594,-5.507969702618274,miscanthus_sinensis_15wks vs control_6wks,FALSE
1963,-0.8467111526580204,16.72613598841654,-1.282570569400138,0.21348135387676825,0.4690795604998895,-5.512093432072423,miscanthus_sinensis_15wks vs control_6wks,FALSE
2335,-1.2352518785707005,17.928596599220118,-1.2811611357653176,0.21396664262136977,0.4690795604998895,-5.513788640945367,miscanthus_sinensis_15wks vs control_6wks,FALSE
3024,0.6100739812163312,18.59451482814756,1.2806447441018094,0.21414465721004555,0.4690795604998895,-5.514409338411944,miscanthus_sinensis_15wks vs control_6wks,FALSE
5352,0.6932537057308821,17.16945476027534,1.2799857946682844,0.2143719816608825,0.4690795604998895,-5.515201079408735,miscanthus_sinensis_15wks vs control_6wks,FALSE
2147,-0.5234088428079069,27.012309038997287,-1.2794742987871988,0.21454856610383077,0.4690795604998895,-5.515815412749181,miscanthus_sinensis_15wks vs control_6wks,FALSE
13,1.383154238664492,17.596904174797935,1.2756947288451306,0.21585687771960482,0.470869742103532,-5.520348388944667,miscanthus_sinensis_15wks vs control_6wks,FALSE
5516,-0.8594107938652513,18.042551997553176,-1.2750402281290723,0.21608405973244277,0.470869742103532,-5.521132194375937,miscanthus_sinensis_15wks vs control_6wks,FALSE
1662,-1.7413721692590691,21.471235523020045,-1.2726069175014976,0.21693029806528624,0.4719311451287849,-5.524043226804881,miscanthus_sinensis_15wks vs control_6wks,FALSE
1431,1.395735621157442,22.26082096093267,1.2669670912785578,0.218901496895607,0.474842401226796,-5.530772044352045,miscanthus_sinensis_15wks vs control_6wks,FALSE
2769,-0.4078638170789901,20.325341935321326,-1.2667112458582679,0.21899124440139905,0.474842401226796,-5.531076685549169,miscanthus_sinensis_15wks vs control_6wks,FALSE
4582,1.88211021299103,18.464607406196837,1.2627601177635814,0.22038085096384777,0.47689296896482025,-5.535774708984642,miscanthus_sinensis_15wks vs control_6wks,FALSE
284,-1.0075181970693983,22.300916242873186,-1.2607394155540983,0.22109414445516312,0.47689296896482025,-5.5381725395668475,miscanthus_sinensis_15wks vs control_6wks,FALSE
1240,-0.5138516402017252,26.48968459024953,-1.2607181115511694,0.22110167405462178,0.47689296896482025,-5.538197802081564,miscanthus_sinensis_15wks vs control_6wks,FALSE
913,1.7864612373771962,18.970628296850684,1.2599065125777573,0.22138866900193332,0.47689296896482025,-5.53915993274599,miscanthus_sinensis_15wks vs control_6wks,FALSE
6180,-0.8890460028028961,20.139999437086683,-1.251789351344088,0.22427479034806203,0.4807099352369068,-5.548753424608355,miscanthus_sinensis_15wks vs control_6wks,FALSE
128,-1.6537397192396313,20.466706559062555,-1.2514150887318467,0.2244085545141829,0.4807099352369068,-5.549194475251804,miscanthus_sinensis_15wks vs control_6wks,FALSE
150,-0.648669318879076,22.588955536659405,-1.251077023464764,0.22452943401425055,0.4807099352369068,-5.549592771804026,miscanthus_sinensis_15wks vs control_6wks,FALSE
2568,1.316042188799507,18.176459397131158,1.2508127228027914,0.2246239727819336,0.4807099352369068,-5.549904097206528,miscanthus_sinensis_15wks vs control_6wks,FALSE
6108,-1.3453635173063176,17.668400445987594,-1.2470386934970359,0.22597724803069674,0.4828196811582692,-5.5543434485099255,miscanthus_sinensis_15wks vs control_6wks,FALSE
389,-1.1088575686442539,20.714953267142228,-1.2411796723913517,0.22809049465316883,0.48565515291917377,-5.5612125202898355,miscanthus_sinensis_15wks vs control_6wks,FALSE
3832,1.2126628591385042,18.862729253383595,1.2405106183461403,0.22833276771481623,0.48565515291917377,-5.561995144999926,miscanthus_sinensis_15wks vs control_6wks,FALSE
1638,0.7336294638316616,25.23500700369649,1.238966319948031,0.22889272793743115,0.48565515291917377,-5.563800199275561,miscanthus_sinensis_15wks vs control_6wks,FALSE
1049,-0.6675224973676208,18.55309922713205,-1.2386352083633032,0.22901292479133417,0.48565515291917377,-5.564186967435278,miscanthus_sinensis_15wks vs control_6wks,FALSE
3340,-0.6065681123288975,19.255796269704536,-1.2373924915644356,0.2294644730885422,0.48565515291917377,-5.565637779079237,miscanthus_sinensis_15wks vs control_6wks,FALSE
206,-1.1857916417279775,21.98160510299262,-1.237234425806906,0.22952195583166432,0.48565515291917377,-5.565822223338924,miscanthus_sinensis_15wks vs control_6wks,FALSE
4926,-0.5684251930179514,17.044803423730134,-1.2341271465611825,0.23065419047313365,0.4872662480413145,-5.5694439352515355,miscanthus_sinensis_15wks vs control_6wks,FALSE
2853,1.7010062289543235,19.71285037229347,1.231010528876136,0.2317940969806982,0.48888835221932175,-5.57306864974613,miscanthus_sinensis_15wks vs control_6wks,FALSE
92,-2.020873844345129,22.9469725325552,-1.226202835095838,0.23356091672464382,0.4918253919490096,-5.578644632854738,miscanthus_sinensis_15wks vs control_6wks,FALSE
3129,0.5147506575884542,17.505446132810363,1.2244430211807606,0.23421019794361464,0.4924035201566554,-5.580680964508962,miscanthus_sinensis_15wks vs control_6wks,FALSE
5574,1.2355845343319594,18.129348632410927,1.2228371367214599,0.2348038823221732,0.4925686250839101,-5.582536976201743,miscanthus_sinensis_15wks vs control_6wks,FALSE
802,-0.8007890225441372,17.200091371587543,-1.2222034835981974,0.23503845352177444,0.4925686250839101,-5.58326874615948,miscanthus_sinensis_15wks vs control_6wks,FALSE
1457,0.6099485538038572,17.071916600258973,1.218278988439959,0.23649521949052288,0.4942663957097361,-5.587793620131619,miscanthus_sinensis_15wks vs control_6wks,FALSE
4776,-0.902567342983545,18.96476578588215,-1.217799289700309,0.23667375120063217,0.4942663957097361,-5.588345841412631,miscanthus_sinensis_15wks vs control_6wks,FALSE
1928,1.1128624977996004,20.909142858321097,1.2169850105316267,0.23697703903891454,0.4942663957097361,-5.58928279553144,miscanthus_sinensis_15wks vs control_6wks,FALSE
50,-1.8521988576807402,20.70354165811038,-1.2127139583440039,0.23857266576974437,0.4968058364840635,-5.594188418876216,miscanthus_sinensis_15wks vs control_6wks,FALSE
1429,-1.3501133206356855,21.44296164327174,-1.2103007638202044,0.2394777997961513,0.497741224351658,-5.59695355088181,miscanthus_sinensis_15wks vs control_6wks,FALSE
998,-0.9366627220966919,21.182088409389937,-1.209498065202529,0.23977944826073025,0.497741224351658,-5.5978722565666175,miscanthus_sinensis_15wks vs control_6wks,FALSE
3895,-1.1062292802052163,17.733365946655486,-1.2065345139637675,0.24089561665349465,0.4992694641682839,-5.601259528143947,miscanthus_sinensis_15wks vs control_6wks,FALSE
5069,0.9914016296676813,17.531278230809402,1.2019734052768591,0.24262113290117576,0.5020538088695197,-5.606458686958937,miscanthus_sinensis_15wks vs control_6wks,FALSE
4280,0.9247819425546204,17.92532872172223,1.19658328460647,0.2446722627274766,0.5047567840562116,-5.612580782620584,miscanthus_sinensis_15wks vs control_6wks,FALSE
1351,-0.937864675053099,20.60031344465854,-1.1965220473813947,0.2446956403681939,0.5047567840562116,-5.612650198463134,miscanthus_sinensis_15wks vs control_6wks,FALSE
3605,1.543783245311598,18.563339417429496,1.1944314375320955,0.24549475014661104,0.5056114446593212,-5.615018169763919,miscanthus_sinensis_15wks vs control_6wks,FALSE
4254,0.7958580700513735,17.489606938534738,1.192032762335774,0.24641402901157045,0.506710538530835,-5.6177306404664105,miscanthus_sinensis_15wks vs control_6wks,FALSE
2070,0.9541030909220893,23.451501715908766,1.1890290890003137,0.247568813068748,0.5075499419387433,-5.621120563450934,miscanthus_sinensis_15wks vs control_6wks,FALSE
4129,-0.4232896528147876,19.180592092808425,-1.188961723816243,0.24759475858655589,0.5075499419387433,-5.621196505917009,miscanthus_sinensis_15wks vs control_6wks,FALSE
2165,1.5381083678647194,19.514912098650612,1.1877137469491563,0.2480757825419407,0.507743891370888,-5.622602703907117,miscanthus_sinensis_15wks vs control_6wks,FALSE
20,-0.48883695595310783,22.169121555105825,-1.1837401365151161,0.24961205119147803,0.5094862865699221,-5.627071525582927,miscanthus_sinensis_15wks vs control_6wks,FALSE
5105,-0.5874372979807312,16.810290370938347,-1.1835065954085886,0.24970256358525866,0.5094862865699221,-5.627333765602053,miscanthus_sinensis_15wks vs control_6wks,FALSE
1396,-0.6488873747891262,17.125704075171857,-1.1799445114226694,0.25108615088249575,0.5104943787828695,-5.631327985736982,miscanthus_sinensis_15wks vs control_6wks,FALSE
2374,1.2736452220453707,18.38213938594342,1.179146761058593,0.2513967981790425,0.5104943787828695,-5.632221075880901,miscanthus_sinensis_15wks vs control_6wks,FALSE
5341,1.2193136982863635,18.31506634567406,1.1770803152192992,0.252202816961816,0.5104943787828695,-5.63453203247559,miscanthus_sinensis_15wks vs control_6wks,FALSE
2257,1.4091177788931795,17.9660437624881,1.1756469734245238,0.25276302620246927,0.5104943787828695,-5.636132894376564,miscanthus_sinensis_15wks vs control_6wks,FALSE
162,1.8039915718458275,19.98807701133827,1.1753862819592729,0.2528650150173928,0.5104943787828695,-5.6364238707361505,miscanthus_sinensis_15wks vs control_6wks,FALSE
819,-1.1954187747063685,21.181312871107057,-1.1741441936814416,0.25335137207163094,0.5104943787828695,-5.637809479959125,miscanthus_sinensis_15wks vs control_6wks,FALSE
96,1.8807213001660763,19.145939023233293,1.1733898733852726,0.2536470773417469,0.5104943787828695,-5.638650335765068,miscanthus_sinensis_15wks vs control_6wks,FALSE
17,-1.1964941415311081,20.517220849463282,-1.1730421547999628,0.25378347512304905,0.5104943787828695,-5.6390377855525315,miscanthus_sinensis_15wks vs control_6wks,FALSE
869,1.508511791471026,19.25158866709295,1.1724573628292512,0.2540129918659125,0.5104943787828695,-5.63968917098465,miscanthus_sinensis_15wks vs control_6wks,FALSE
367,-1.3578540248288817,18.05826848088097,-1.17148775124508,0.2543938821756708,0.5104943787828695,-5.640768571843175,miscanthus_sinensis_15wks vs control_6wks,FALSE
93,0.8377280037733428,18.969608263865954,1.1712936511728234,0.25447018120455067,0.5104943787828695,-5.640984556106249,miscanthus_sinensis_15wks vs control_6wks,FALSE
2942,-1.6222807880262877,20.092633987367,-1.16882190991912,0.2554432934942786,0.5113709198992273,-5.643732241441158,miscanthus_sinensis_15wks vs control_6wks,FALSE
4901,1.1677184551829782,19.1431587870752,1.1680288768534925,0.25575609342055533,0.5113709198992273,-5.644612732433399,miscanthus_sinensis_15wks vs control_6wks,FALSE
107,1.4975475873378805,18.290759868650657,1.1672220390074628,0.2560746311215309,0.5113709198992273,-5.645508013964324,miscanthus_sinensis_15wks vs control_6wks,FALSE
5758,-0.7799374067397338,17.711922739767648,-1.1600098999380064,0.258935095386801,0.515870522384423,-5.653486662344815,miscanthus_sinensis_15wks vs control_6wks,FALSE
374,0.5907604810726319,20.092772296779987,1.1595631857887305,0.2591130477729978,0.515870522384423,-5.653979428281057,miscanthus_sinensis_15wks vs control_6wks,FALSE
4814,-0.6123660020767439,16.989521057544717,-1.1560130800842858,0.26053049178588006,0.5174521725001281,-5.657889596531924,miscanthus_sinensis_15wks vs control_6wks,FALSE
1923,0.760716018088921,24.337669835344045,1.1556017786619588,0.2606950823402472,0.5174521725001281,-5.658341933497303,miscanthus_sinensis_15wks vs control_6wks,FALSE
5332,0.6980773616377505,17.38412313275889,1.151141266591933,0.26248499962711963,0.5202191395324814,-5.663238394355625,miscanthus_sinensis_15wks vs control_6wks,FALSE
2968,-1.0248643940128197,18.328686091172713,-1.1497712247675747,0.26303659320772593,0.5205272341490239,-5.6647389986351655,miscanthus_sinensis_15wks vs control_6wks,FALSE
2613,1.4881248520377568,19.674697574422694,1.148701260349961,0.2634679684669258,0.5205968579932939,-5.665909836650559,miscanthus_sinensis_15wks vs control_6wks,FALSE
695,-0.9989191148307484,18.09429564222476,-1.1443782230117427,0.2652162055358067,0.5220004498140789,-5.670630679909855,miscanthus_sinensis_15wks vs control_6wks,FALSE
2031,-1.2849636368211392,19.978318063007453,-1.1440565513374392,0.26534663125402774,0.5220004498140789,-5.670981325997992,miscanthus_sinensis_15wks vs control_6wks,FALSE
3107,1.2970490906338519,19.998261946642167,1.143612972029196,0.26552656358080007,0.5220004498140789,-5.67146471822512,miscanthus_sinensis_15wks vs control_6wks,FALSE
168,1.856548895067636,19.28399389421577,1.1430197131184086,0.26576735230260184,0.5220004498140789,-5.672110966531441,miscanthus_sinensis_15wks vs control_6wks,FALSE
285,-0.9313175874091328,18.981376910962556,-1.1411903678583464,0.2665108515709217,0.5226794909913299,-5.674101849171316,miscanthus_sinensis_15wks vs control_6wks,FALSE
2475,-0.5161525616149305,16.639724516699687,-1.1388340038743636,0.2674708056772295,0.5237803854841722,-5.676662150361795,miscanthus_sinensis_15wks vs control_6wks,FALSE
422,0.7968810077079596,24.445794979334945,1.1376041535244141,0.2679728426227457,0.5239393521151241,-5.677996589698395,miscanthus_sinensis_15wks vs control_6wks,FALSE
181,0.39481265377840913,29.797343637758456,1.1364612927320943,0.2684399914001127,0.5239393521151241,-5.6792355028479315,miscanthus_sinensis_15wks vs control_6wks,FALSE
4992,-1.3978151127175344,18.882591646505453,-1.135708095546118,0.2687481912675751,0.5239393521151241,-5.680051402915486,miscanthus_sinensis_15wks vs control_6wks,FALSE
280,0.6290574985603001,22.689059329196468,1.1309798171585999,0.2706888998188634,0.5269410583140541,-5.6851624088390444,miscanthus_sinensis_15wks vs control_6wks,FALSE
4580,1.1810928379749122,25.2279121534378,1.1284742549021494,0.27172146538476527,0.5272158786131342,-5.687863155371002,miscanthus_sinensis_15wks vs control_6wks,FALSE
30,1.7553201109327787,21.460726049613477,1.1280139953504116,0.2719114565557883,0.5272158786131342,-5.688358694430423,miscanthus_sinensis_15wks vs control_6wks,FALSE
4377,-1.0049907736305173,21.130368137119305,-1.1277178269582853,0.2720337638506127,0.5272158786131342,-5.688677470140455,miscanthus_sinensis_15wks vs control_6wks,FALSE
4568,-1.0125695627685118,19.407586062568974,-1.1243635624358503,0.273421777128207,0.5291255009520824,-5.692282613642871,miscanthus_sinensis_15wks vs control_6wks,FALSE
2582,1.5543333417637868,19.988009766332205,1.1230467083920728,0.27396811512252706,0.5293856860346993,-5.693695366469619,miscanthus_sinensis_15wks vs control_6wks,FALSE
81,0.6584501362997237,22.326227085400177,1.1220985381941235,0.27436198796775513,0.5293856860346993,-5.694711680122794,miscanthus_sinensis_15wks vs control_6wks,FALSE
1867,-0.8022823181759087,21.29993075349014,-1.1203281088909953,0.2750985392906918,0.530028563970629,-5.696607315437575,miscanthus_sinensis_15wks vs control_6wks,FALSE
1178,-0.7673355040181704,16.85852800209759,-1.118251252113938,0.2759644163792375,0.5307656014180173,-5.698827674112397,miscanthus_sinensis_15wks vs control_6wks,FALSE
335,-1.6397993654670628,20.323522046825136,-1.1166191964160148,0.2766462451434231,0.5307656014180173,-5.700569939654497,miscanthus_sinensis_15wks vs control_6wks,FALSE
3508,1.0056979115963465,20.74602754328978,1.116507689965598,0.2766928744074139,0.5307656014180173,-5.700688893739275,miscanthus_sinensis_15wks vs control_6wks,FALSE
2866,-1.2884507279628181,17.772898457166733,-1.1127861779105863,0.27825241442029763,0.5329791145018529,-5.704652934945921,miscanthus_sinensis_15wks vs control_6wks,FALSE
2155,-0.8517780763061182,20.478035509950647,-1.1085036472843453,0.28005497942198077,0.53411035946185,-5.709200042416377,miscanthus_sinensis_15wks vs control_6wks,FALSE
2148,-0.468509822135978,24.075257068300896,-1.1066883987025227,0.28082159919607985,0.53411035946185,-5.711122746249543,miscanthus_sinensis_15wks vs control_6wks,FALSE
3548,-1.3430241570602242,20.07623394803417,-1.1066251124871729,0.28084835389640617,0.53411035946185,-5.71118972832472,miscanthus_sinensis_15wks vs control_6wks,FALSE
3528,-0.6823105464257111,19.582707280589158,-1.1059516490202363,0.28113318030770873,0.53411035946185,-5.711902310967412,miscanthus_sinensis_15wks vs control_6wks,FALSE
3498,-1.6061729892701528,21.88435261888735,-1.1055847903215619,0.28128842344259586,0.53411035946185,-5.712290317289593,miscanthus_sinensis_15wks vs control_6wks,FALSE
4252,-0.7491425785391819,20.00758627590782,-1.1054043907213678,0.2813647857844611,0.53411035946185,-5.712481074156273,miscanthus_sinensis_15wks vs control_6wks,FALSE
101,1.3154950694757623,22.242628555009205,1.1037643288214214,0.28205970840459105,0.53411035946185,-5.714214029495613,miscanthus_sinensis_15wks vs control_6wks,FALSE
4794,0.5129291127431337,17.167219773408988,1.1036815484160296,0.28209481694560423,0.53411035946185,-5.714301438052563,miscanthus_sinensis_15wks vs control_6wks,FALSE
1561,-0.8893067664463921,21.531567306658424,-1.1009117714723422,0.2832713569664196,0.5355662777753603,-5.717222713947541,miscanthus_sinensis_15wks vs control_6wks,FALSE
6213,-0.9190072953630164,18.348621479528756,-1.0995971350277176,0.2838310308176185,0.5358534116298143,-5.718606975586523,miscanthus_sinensis_15wks vs control_6wks,FALSE
6140,-0.8282193022143929,17.34930075166094,-1.0942804759351108,0.2861026506321144,0.5393671204169272,-5.7241902166622545,miscanthus_sinensis_15wks vs control_6wks,FALSE
5083,-0.6062452864469243,16.88322764998629,-1.092443654731407,0.2868905116505568,0.5400775534510481,-5.726113543639099,miscanthus_sinensis_15wks vs control_6wks,FALSE
3873,0.6865761981933467,20.530540459901125,1.0910289805563145,0.28749837208712287,0.540447583580085,-5.727592882331595,miscanthus_sinensis_15wks vs control_6wks,FALSE
1598,1.4780389005260979,20.47076281551197,1.085256278893448,0.2899884534464284,0.5436761188821976,-5.733611756328406,miscanthus_sinensis_15wks vs control_6wks,FALSE
5609,-0.7045270558139194,16.8110475690316,-1.0851294218658505,0.29004334804902626,0.5436761188821976,-5.733743703615917,miscanthus_sinensis_15wks vs control_6wks,FALSE
3319,0.9031026701341816,21.196358578339844,1.0829507572828327,0.2909872877066666,0.5446685128868375,-5.736007643317139,miscanthus_sinensis_15wks vs control_6wks,FALSE
4290,-0.7359099736608101,16.81892392151086,-1.0789384419831045,0.2927314747282028,0.546329441988813,-5.740166385550585,miscanthus_sinensis_15wks vs control_6wks,FALSE
3734,-0.5743406141051821,17.03056318774396,-1.0772466504080427,0.29346916156832137,0.546329441988813,-5.741915789189305,miscanthus_sinensis_15wks vs control_6wks,FALSE
4815,-0.49484613524790433,16.84732984349574,-1.0752418788674116,0.2943450494511114,0.546329441988813,-5.743985657746674,miscanthus_sinensis_15wks vs control_6wks,FALSE
2153,0.9422056943341808,18.617092332309657,1.0743863290868096,0.29471941186619877,0.546329441988813,-5.7448679397751645,miscanthus_sinensis_15wks vs control_6wks,FALSE
1549,-1.5416379433942566,20.81090225021184,-1.073459524887184,0.29512533882777275,0.546329441988813,-5.745822994677779,miscanthus_sinensis_15wks vs control_6wks,FALSE
2419,-1.3420193941040957,21.30871587499663,-1.0733531626031008,0.29517194965244864,0.546329441988813,-5.745932551976764,miscanthus_sinensis_15wks vs control_6wks,FALSE
193,2.1364067569300076,21.603929937449266,1.0726663031276193,0.29547307729829086,0.546329441988813,-5.746639810431255,miscanthus_sinensis_15wks vs control_6wks,FALSE
2069,-1.1235209968904947,21.743452025236408,-1.072589795893066,0.295506632655817,0.546329441988813,-5.7467185648064785,miscanthus_sinensis_15wks vs control_6wks,FALSE
5,-0.4204293148933509,28.744293448542123,-1.072339074527695,0.29561661587065907,0.546329441988813,-5.746976615081473,miscanthus_sinensis_15wks vs control_6wks,FALSE
3649,1.411567956418601,18.99156268526082,1.063424527349865,0.29954623737928787,0.552814263927506,-5.7561166773509935,miscanthus_sinensis_15wks vs control_6wks,FALSE
62,0.8218136331545516,26.6323746291144,1.0572709125333077,0.302280515743865,0.5564702264574628,-5.76238610171294,miscanthus_sinensis_15wks vs control_6wks,FALSE
4753,-0.6889302040622987,17.05013322641743,-1.0570607039349762,0.3023742326412698,0.5564702264574628,-5.762599690407938,miscanthus_sinensis_15wks vs control_6wks,FALSE
6119,-0.7006542956885013,17.629539698210227,-1.0521978392757714,0.3045480191555777,0.55819942890387,-5.7675301145697855,miscanthus_sinensis_15wks vs control_6wks,FALSE
988,-1.6328927427574982,19.82686160570202,-1.0521346619099803,0.30457633355754965,0.55819942890387,-5.767594035434006,miscanthus_sinensis_15wks vs control_6wks,FALSE
4360,-0.7268640962870272,20.1757637245923,-1.050479807826694,0.3053186619916039,0.55819942890387,-5.769267137559215,miscanthus_sinensis_15wks vs control_6wks,FALSE
204,-0.3571019413524432,23.47382036112402,-1.050309028108184,0.30539534291203657,0.55819942890387,-5.769439665880975,miscanthus_sinensis_15wks vs control_6wks,FALSE
31,-0.5717162568414764,24.124105307607245,-1.0494005033109124,0.3058035051235173,0.55819942890387,-5.770357069623939,miscanthus_sinensis_15wks vs control_6wks,FALSE
3463,-0.3644287038430747,18.11687056063774,-1.0490717567792858,0.30595129268530163,0.55819942890387,-5.770688853323343,miscanthus_sinensis_15wks vs control_6wks,FALSE
4540,0.8875161772122553,17.801013773688187,1.0483242770386305,0.30628751007586774,0.55819942890387,-5.771442891291703,miscanthus_sinensis_15wks vs control_6wks,FALSE
411,-1.5379306918247195,21.5148669658974,-1.0456084473669702,0.3075113027793362,0.5593941930154794,-5.774178484977619,miscanthus_sinensis_15wks vs control_6wks,FALSE
69,1.0406285001840843,28.479752320218275,1.0449810239193946,0.30779452172769534,0.5593941930154794,-5.774809567665629,miscanthus_sinensis_15wks vs control_6wks,FALSE
2159,1.0639922164303535,20.7588910072229,1.0424829619479576,0.30892398157713213,0.5606714251275575,-5.777318821801771,miscanthus_sinensis_15wks vs control_6wks,FALSE
186,-0.8937033417373286,20.60019312221366,-1.038550603292645,0.3107078807050499,0.5627455030641486,-5.781257854011283,miscanthus_sinensis_15wks vs control_6wks,FALSE
5038,-0.6647399198447168,18.176860033694147,-1.0372520668541465,0.31129855414941876,0.5627455030641486,-5.782555651925276,miscanthus_sinensis_15wks vs control_6wks,FALSE
165,1.2587824052078815,18.859024347226512,1.0371355723735631,0.3113515835065723,0.5627455030641486,-5.782672008709215,miscanthus_sinensis_15wks vs control_6wks,FALSE
3021,0.7290961209236286,17.823743706439075,1.0288599323339143,0.3151350774337498,0.5688014996537737,-5.790907738485064,miscanthus_sinensis_15wks vs control_6wks,FALSE
3840,0.8808031697826664,20.566080100019274,1.027169354154537,0.31591195122908106,0.5694215417215535,-5.792582847133663,miscanthus_sinensis_15wks vs control_6wks,FALSE
5845,0.8827794706150129,18.20678433240276,1.0215855853846627,0.31848744100347004,0.5732773938062461,-5.7980978563160495,miscanthus_sinensis_15wks vs control_6wks,FALSE
4204,1.076186881558403,18.775405364121045,1.0194136744176479,0.3194931972935665,0.5743010413731141,-5.800235689065455,miscanthus_sinensis_15wks vs control_6wks,FALSE
404,-1.2443201004309898,21.21731964077575,-1.017138083226435,0.32054935248535354,0.5744211929286697,-5.802471165106107,miscanthus_sinensis_15wks vs control_6wks,FALSE
2712,-1.1580202286586,21.61535592609605,-1.0167735581019042,0.3207187641893028,0.5744211929286697,-5.802828844652798,miscanthus_sinensis_15wks vs control_6wks,FALSE
145,1.108499061130317,20.16698834993246,1.0164450227437636,0.3208715035081001,0.5744211929286697,-5.803151111005734,miscanthus_sinensis_15wks vs control_6wks,FALSE
3952,0.7530245150937347,17.47235179541571,1.0115577102719515,0.3231496793265144,0.5777124879388298,-5.8079340427569734,miscanthus_sinensis_15wks vs control_6wks,FALSE
261,-0.5222926431340298,24.223025368135282,-1.0101367783994601,0.3238141496923954,0.5779065095361107,-5.809320713504665,miscanthus_sinensis_15wks vs control_6wks,FALSE
1189,-0.8846583785001592,18.097511288668716,-1.009445362117262,0.3241378215586861,0.5779065095361107,-5.809994820435222,miscanthus_sinensis_15wks vs control_6wks,FALSE
2504,0.9679100059916692,20.248284646522855,1.0061280118754221,0.3256939095157956,0.5798940340159288,-5.813223308751946,miscanthus_sinensis_15wks vs control_6wks,FALSE
1809,1.6503303395476152,18.232163642793605,0.9989939857214057,0.32905792311765003,0.5843988905109719,-5.82013360708852,miscanthus_sinensis_15wks vs control_6wks,FALSE
6177,-0.5164677854915638,17.270064403335525,-0.9979487277463993,0.32955282988510337,0.5843988905109719,-5.821142339566004,miscanthus_sinensis_15wks vs control_6wks,FALSE
1333,-1.1000379932179918,18.712599750820985,-0.9979372263058413,0.3295582784388358,0.5843988905109719,-5.821153433771218,miscanthus_sinensis_15wks vs control_6wks,FALSE
3028,-0.928805092705197,21.82310536050586,-0.9966008077791468,0.3301918031338821,0.5847331931508369,-5.82244174329031,miscanthus_sinensis_15wks vs control_6wks,FALSE
2682,-0.5640759543876932,16.995581682321927,-0.9910555393587056,0.3328295429608238,0.5886110625175268,-5.827770644231117,miscanthus_sinensis_15wks vs control_6wks,FALSE
636,-1.280192242632296,18.44188617787388,-0.9898405838252732,0.33340940833507693,0.5888440356885632,-5.828934587020485,miscanthus_sinensis_15wks vs control_6wks,FALSE
476,-1.3079161522822815,19.169052198404454,-0.9861547019943594,0.33517285352577064,0.591163932258876,-5.832457767312792,miscanthus_sinensis_15wks vs control_6wks,FALSE
2705,-0.7251194627226383,17.933371070070933,-0.9850628657708551,0.33569645761438804,0.5912937604628765,-5.833499113334642,miscanthus_sinensis_15wks vs control_6wks,FALSE
2386,1.378089446828298,19.474135843204344,0.9812737620460118,0.33751794778087185,0.5923865538152905,-5.837104854375065,miscanthus_sinensis_15wks vs control_6wks,FALSE
490,-0.4793019645976777,22.851165932699555,-0.9806835615779074,0.33780227947671515,0.5923865538152905,-5.8376653553755276,miscanthus_sinensis_15wks vs control_6wks,FALSE
3978,-0.727557279088618,17.789207968433224,-0.9804614906832214,0.337909305812372,0.5923865538152905,-5.837876171959945,miscanthus_sinensis_15wks vs control_6wks,FALSE
6128,0.745375411201973,17.638803444715645,0.9800240874897767,0.3381201791183165,0.5923865538152905,-5.838291280915393,miscanthus_sinensis_15wks vs control_6wks,FALSE
3930,-0.6679275965752254,18.344901738082616,-0.9773752954707097,0.3393991042640959,0.5938354500706019,-5.840801461534076,miscanthus_sinensis_15wks vs control_6wks,FALSE
2210,-1.1578620640940436,18.970192115911317,-0.9746126359717614,0.34073654766078143,0.5948180713255169,-5.843412956803201,miscanthus_sinensis_15wks vs control_6wks,FALSE
1315,-1.3152970674018256,21.231118490556568,-0.9743454999274356,0.3408660637048053,0.5948180713255169,-5.843665118798302,miscanthus_sinensis_15wks vs control_6wks,FALSE
2656,0.7931852625322513,18.895130797352373,0.9697153246946136,0.34311628888772805,0.5979506679024863,-5.848025739875486,miscanthus_sinensis_15wks vs control_6wks,FALSE
970,1.4908059574389476,19.499065021205595,0.96134786197921,0.34720855837347697,0.603494698707435,-5.8558579848604255,miscanthus_sinensis_15wks vs control_6wks,FALSE
6034,-0.6800323513946509,16.88250749658137,-0.9612811209883977,0.3472413326612236,0.603494698707435,-5.855920207608801,miscanthus_sinensis_15wks vs control_6wks,FALSE
2644,-0.5449722588909935,17.609317050304316,-0.9603975811963809,0.3476754086160794,0.603494698707435,-5.856743561344861,miscanthus_sinensis_15wks vs control_6wks,FALSE
4151,-0.6617642248172366,22.506204731829346,-0.9591760606845402,0.3482761407858964,0.6035929515328747,-5.857880733194471,miscanthus_sinensis_15wks vs control_6wks,FALSE
408,-1.554759371010114,22.196459171731853,-0.9579742104704642,0.34886788911794275,0.6035929515328747,-5.858998301812734,miscanthus_sinensis_15wks vs control_6wks,FALSE
91,1.2521021203799236,20.34048674837659,0.9573572403167332,0.3491719290775259,0.6035929515328747,-5.859571508359011,miscanthus_sinensis_15wks vs control_6wks,FALSE
4651,-0.6479483429549369,18.429359124534088,-0.956372770813532,0.34965744438110957,0.6035929515328747,-5.860485447068012,miscanthus_sinensis_15wks vs control_6wks,FALSE
5147,0.4234760854048041,16.92213797472983,0.9556204299279747,0.35002878924509173,0.6035929515328747,-5.861183307928635,miscanthus_sinensis_15wks vs control_6wks,FALSE
4285,0.9742228687127863,18.559089425390365,0.9537369286702001,0.350959634808114,0.6041238202465903,-5.862928213931876,miscanthus_sinensis_15wks vs control_6wks,FALSE
4723,-1.0801850327768392,18.12984306245755,-0.9531376368322421,0.35125616337016363,0.6041238202465903,-5.8634827470197886,miscanthus_sinensis_15wks vs control_6wks,FALSE
1818,-0.5732864365230412,18.650383622632205,-0.9521940917771657,0.35172337261641184,0.604136616494072,-5.864355175933656,miscanthus_sinensis_15wks vs control_6wks,FALSE
4953,-1.1171751535361452,19.275224693176586,-0.9489268833248112,0.35334443397581283,0.6047101923352785,-5.867370018723302,miscanthus_sinensis_15wks vs control_6wks,FALSE
3030,-0.7317693387609339,18.791113146003372,-0.9487499876553201,0.35343234700042636,0.6047101923352785,-5.867532979833431,miscanthus_sinensis_15wks vs control_6wks,FALSE
2472,1.0664739184384544,19.343653292230716,0.9486363726135646,0.353488818845186,0.6047101923352785,-5.8676376304304005,miscanthus_sinensis_15wks vs control_6wks,FALSE
166,-1.4245921241136692,22.990246382117924,-0.9471960433603152,0.3542052580972368,0.6047101923352785,-5.868963319669961,miscanthus_sinensis_15wks vs control_6wks,FALSE
90,1.5575770270964355,20.647221456971995,0.9468885597458249,0.3543583318859699,0.6047101923352785,-5.869246090744484,miscanthus_sinensis_15wks vs control_6wks,FALSE
709,-1.0433242267116611,22.157969846776826,-0.9450321395445015,0.3552834602167094,0.6055025508751701,-5.870951522748836,miscanthus_sinensis_15wks vs control_6wks,FALSE
2258,1.2641824926731609,18.87727007690767,0.9384536588443554,0.35857492026812454,0.6095545296468351,-5.8769702493547005,miscanthus_sinensis_15wks vs control_6wks,FALSE
3595,0.6663517912024766,17.484971970300823,0.9377844782263641,0.358910884801516,0.6095545296468351,-5.877580329024577,miscanthus_sinensis_15wks vs control_6wks,FALSE
3997,-0.6452938072411278,17.286605625517733,-0.9375021980923595,0.35905266814813575,0.6095545296468351,-5.877837558868028,miscanthus_sinensis_15wks vs control_6wks,FALSE
2107,0.6935259371829083,18.13935144677218,0.9359760838431452,0.3598198565074766,0.6097537731108194,-5.879227010723268,miscanthus_sinensis_15wks vs control_6wks,FALSE
1983,-1.1864245505763904,18.667331724102176,-0.9348924063263095,0.36036529838869447,0.6097537731108194,-5.880212383954483,miscanthus_sinensis_15wks vs control_6wks,FALSE
2908,0.8530277812104288,21.551844218931436,0.934501549830468,0.36056216263858953,0.6097537731108194,-5.880567527255422,miscanthus_sinensis_15wks vs control_6wks,FALSE
357,-0.598025335725815,20.23513945067347,-0.9328308692333622,0.3614044563390335,0.6100912950090522,-5.882084017596658,miscanthus_sinensis_15wks vs control_6wks,FALSE
1864,-0.9404681968392126,18.481645148947354,-0.9322643988703548,0.36169034917203324,0.6100912950090522,-5.882597641507382,miscanthus_sinensis_15wks vs control_6wks,FALSE
2449,-0.5233899539187838,21.548050629286525,-0.9304317446791726,0.36261631508227254,0.610869023100136,-5.884257362128986,miscanthus_sinensis_15wks vs control_6wks,FALSE
124,1.0782543215679077,18.3908164663749,0.9285423408418193,0.3635726187849697,0.6110171388028813,-5.88596533502762,miscanthus_sinensis_15wks vs control_6wks,FALSE
1155,-0.86986934764602,17.706714636773565,-0.9276320766061982,0.3640339434624166,0.6110171388028813,-5.886787051490288,miscanthus_sinensis_15wks vs control_6wks,FALSE
4857,-0.6891045644137357,17.31969473600177,-0.92662117198554,0.36454673259282444,0.6110171388028813,-5.8876987498836995,miscanthus_sinensis_15wks vs control_6wks,FALSE
120,-0.3081476525850384,23.63218574519953,-0.9265866367951272,0.3645642593770616,0.6110171388028813,-5.887729879777836,miscanthus_sinensis_15wks vs control_6wks,FALSE
5875,-0.8485875127167013,18.46613787258356,-0.9256289774588163,0.36505050118762616,0.6110526860643832,-5.888592685349969,miscanthus_sinensis_15wks vs control_6wks,FALSE
4729,-0.6224974787591719,20.07132023833964,-0.924179509032056,0.3657872796441085,0.6112995609591825,-5.889897026451993,miscanthus_sinensis_15wks vs control_6wks,FALSE
5621,-0.4223392299439581,18.349281168503914,-0.923509027425565,0.366128428063072,0.6112995609591825,-5.890499740269596,miscanthus_sinensis_15wks vs control_6wks,FALSE
5719,-0.9174768910000601,18.654055815047755,-0.9221206280012973,0.3668355372489499,0.6117029136359393,-5.891746529836424,miscanthus_sinensis_15wks vs control_6wks,FALSE
4224,-0.836762409614785,17.726186006150147,-0.9193017901053323,0.3682739714490947,0.6122658603623388,-5.89427254854247,miscanthus_sinensis_15wks vs control_6wks,FALSE
6163,-0.8647762126077794,22.140600607694164,-0.9188643808793802,0.36849751535145225,0.6122658603623388,-5.8946638817687145,miscanthus_sinensis_15wks vs control_6wks,FALSE
2947,1.788241403046463,21.49326462469379,0.9174367488754878,0.3692277556982714,0.6122658603623388,-5.895939935739437,miscanthus_sinensis_15wks vs control_6wks,FALSE
4111,0.4880528800247106,16.836945104073838,0.9171707921409057,0.36936390031080857,0.6122658603623388,-5.896177452723446,miscanthus_sinensis_15wks vs control_6wks,FALSE
273,-0.9969999928377646,22.33243131938762,-0.9168993006757234,0.36950291268442514,0.6122658603623388,-5.896419847158576,miscanthus_sinensis_15wks vs control_6wks,FALSE
4728,0.7764980910775421,17.452916359765517,0.9143942941746113,0.37078720123981,0.6129887102713956,-5.898653260553195,miscanthus_sinensis_15wks vs control_6wks,FALSE
555,-0.34834227337531587,20.827482257248207,-0.9142287763050934,0.3708721648902279,0.6129887102713956,-5.898800634640447,miscanthus_sinensis_15wks vs control_6wks,FALSE
2608,-0.6492365087890164,23.685334896757574,-0.912135486182707,0.37194781056692283,0.6139942501067043,-5.900662339630898,miscanthus_sinensis_15wks vs control_6wks,FALSE
108,-0.3384403183763922,23.56068796614359,-0.9087062463458696,0.3737144155770532,0.6160523057664855,-5.903703690853466,miscanthus_sinensis_15wks vs control_6wks,FALSE
1104,-1.4175765098164526,18.947196208465204,-0.9078967960944895,0.3741322222234821,0.6160523057664855,-5.904420040842499,miscanthus_sinensis_15wks vs control_6wks,FALSE
396,1.0700915832511662,19.85501367544355,0.9069815096593777,0.3746050303550619,0.616058835903068,-5.905229344460467,miscanthus_sinensis_15wks vs control_6wks,FALSE
5284,-0.5972323236153194,17.708677394537137,-0.9048302906705575,0.3757178406651077,0.6171165532924394,-5.907128503179106,miscanthus_sinensis_15wks vs control_6wks,FALSE
5783,-0.49910905996327415,17.08937348126954,-0.9030865580367129,0.37662146533489116,0.6172197314980731,-5.908664865710368,miscanthus_sinensis_15wks vs control_6wks,FALSE
1013,-0.7623367819011051,20.392967866450988,-0.9028963699779312,0.3767201100924312,0.6172197314980731,-5.908832270490807,miscanthus_sinensis_15wks vs control_6wks,FALSE
4741,1.1316647240472832,18.816253809067586,0.8987834564768548,0.37885753172446535,0.6199486882763979,-5.912444515121681,miscanthus_sinensis_15wks vs control_6wks,FALSE
5706,0.8529759565153583,18.750613682016876,0.8931926235139251,0.3817758104777299,0.6221193361278285,-5.9173303219690085,miscanthus_sinensis_15wks vs control_6wks,FALSE
3054,-0.5775563718494432,17.9818836564197,-0.8925436329304515,0.38211552306831964,0.6221193361278285,-5.917895645691398,miscanthus_sinensis_15wks vs control_6wks,FALSE
1146,-0.721872647671308,17.76883568328579,-0.8924126393817243,0.38218411542825315,0.6221193361278285,-5.918009705643725,miscanthus_sinensis_15wks vs control_6wks,FALSE
41,-0.9919415525339161,25.09493672974188,-0.891941287108781,0.38243099732056607,0.6221193361278285,-5.918419997844713,miscanthus_sinensis_15wks vs control_6wks,FALSE
1544,0.3648072746813753,23.540289956336807,0.8915694240077653,0.3826258433482057,0.6221193361278285,-5.918743547394937,miscanthus_sinensis_15wks vs control_6wks,FALSE
2839,0.5674472730349365,24.408312707147662,0.8904572260265654,0.3832089936548152,0.6221193361278285,-5.919710500158784,miscanthus_sinensis_15wks vs control_6wks,FALSE
1084,-2.114976899354531,25.774829434176354,-0.8898235277807048,0.3835415166771814,0.6221193361278285,-5.920260942300476,miscanthus_sinensis_15wks vs control_6wks,FALSE
3779,-1.0629604521170073,19.02271496122068,-0.8890042970518987,0.3839716754944208,0.6221193361278285,-5.920972003836058,miscanthus_sinensis_15wks vs control_6wks,FALSE
2228,-1.0401580825583885,20.34168511651999,-0.8845943170745946,0.38629268705252884,0.6251091019544617,-5.924789280439897,miscanthus_sinensis_15wks vs control_6wks,FALSE
2549,0.6547407825604878,18.885448319791166,0.8816116095256805,0.3878677068001095,0.6268858139426124,-5.927361139748451,miscanthus_sinensis_15wks vs control_6wks,FALSE
3105,-0.27205364331504356,20.107833327138525,-0.8767494003958785,0.3904441775272366,0.6300871061447518,-5.931536345418265,miscanthus_sinensis_15wks vs control_6wks,FALSE
2061,-0.6972425381149989,17.91163522432178,-0.8753259868966562,0.3912005454328593,0.6300871061447518,-5.932754585195925,miscanthus_sinensis_15wks vs control_6wks,FALSE
3091,-0.6860887034927039,19.11424756383667,-0.8745423428191273,0.39161736194222196,0.6300871061447518,-5.933424489226833,miscanthus_sinensis_15wks vs control_6wks,FALSE
907,-0.7933515531710285,20.025140575357778,-0.874262106553925,0.3917664883715847,0.6300871061447518,-5.933663916132482,miscanthus_sinensis_15wks vs control_6wks,FALSE
5684,-1.0006145616553646,18.79997667843068,-0.8720688742543481,0.3929348822375197,0.6311936861370426,-5.935535299080669,miscanthus_sinensis_15wks vs control_6wks,FALSE
8,0.8942141907951999,23.18322893893287,0.8703828319785462,0.39383461972567757,0.6318665327466915,-5.936970953107803,miscanthus_sinensis_15wks vs control_6wks,FALSE
1833,-0.7906724669308467,17.92380637611279,-0.8644128618337507,0.39703116381693704,0.6362182307993357,-5.942033591017939,miscanthus_sinensis_15wks vs control_6wks,FALSE
134,-0.7209664216315694,22.89082878072537,-0.8586018237583757,0.4001586771073039,0.6404488449683281,-5.946930332601247,miscanthus_sinensis_15wks vs control_6wks,FALSE
316,0.7491489067277683,21.1240604302947,0.8527552704157542,0.4033212812010879,0.6447252597302062,-5.951825974676962,miscanthus_sinensis_15wks vs control_6wks,FALSE
4581,-0.42398476164160215,22.762175986611087,-0.8504401198107826,0.4045780513690652,0.6459484319549839,-5.953755966411973,miscanthus_sinensis_15wks vs control_6wks,FALSE
26,-0.5690630937193362,20.669461526716493,-0.8477803650859106,0.4060249843631143,0.6471945529529453,-5.955967196432764,miscanthus_sinensis_15wks vs control_6wks,FALSE
6013,-0.8726561554894836,18.767714608151845,-0.8467376132691795,0.4065931545788609,0.6471945529529453,-5.956832342969702,miscanthus_sinensis_15wks vs control_6wks,FALSE
210,-1.1926372164961734,21.698007374063312,-0.8461405989865546,0.4069186820614672,0.6471945529529453,-5.957327224665882,miscanthus_sinensis_15wks vs control_6wks,FALSE
3051,-1.0332671217709617,21.632589464386108,-0.8453890874709233,0.4073286874368993,0.6471945529529453,-5.957949710632334,miscanthus_sinensis_15wks vs control_6wks,FALSE
1939,0.6673784243361922,22.550420565921133,0.8426514543793396,0.40882450152629113,0.6487867089438968,-5.960212961575186,miscanthus_sinensis_15wks vs control_6wks,FALSE
4908,-0.6170524050342188,17.537537251132882,-0.8404422108501889,0.4100341613643944,0.6499214572169051,-5.962034388774024,miscanthus_sinensis_15wks vs control_6wks,FALSE
3996,-1.110703181940341,18.73412520012775,-0.8348136477808982,0.41312634499963796,0.6540337558187039,-5.966654721065713,miscanthus_sinensis_15wks vs control_6wks,FALSE
3321,-0.9172511346546095,18.368598159008002,-0.8305163330705436,0.41549711739704864,0.6567431335795639,-5.970162739102737,miscanthus_sinensis_15wks vs control_6wks,FALSE
82,-0.33154739355240537,23.975826514336703,-0.8299008832489619,0.41583735703059144,0.6567431335795639,-5.9706637624878285,miscanthus_sinensis_15wks vs control_6wks,FALSE
44,0.426197330009078,26.743221338256298,0.8256991027363791,0.4181649396215541,0.6579083580134935,-5.974075052412364,miscanthus_sinensis_15wks vs control_6wks,FALSE
368,-0.5116497108933054,26.372235372432307,-0.8255994506095469,0.4182202417375137,0.6579083580134935,-5.974155760115025,miscanthus_sinensis_15wks vs control_6wks,FALSE
4092,0.45713637240963934,22.487352349286354,0.8251548251670693,0.4184670436220044,0.6579083580134935,-5.974515748725971,miscanthus_sinensis_15wks vs control_6wks,FALSE
6159,-0.5446086076808392,21.56475354105254,-0.8249551293454542,0.41857792031908714,0.6579083580134935,-5.974677372327311,miscanthus_sinensis_15wks vs control_6wks,FALSE
6025,0.852570799355842,18.528498684902427,0.8233521703037165,0.4194685993321675,0.6585150707153492,-5.975973399114611,miscanthus_sinensis_15wks vs control_6wks,FALSE
3127,-0.45477957504894206,17.268752301506648,-0.8224575121040968,0.41996623231313746,0.6585150707153492,-5.976695723534701,miscanthus_sinensis_15wks vs control_6wks,FALSE
109,1.1049588143488265,21.39690863945856,0.8194021452896886,0.42166851140776307,0.6601729963983425,-5.979157005884373,miscanthus_sinensis_15wks vs control_6wks,FALSE
4306,-1.072934381186176,19.995605462245432,-0.8187571874783929,0.4220283995240546,0.6601729963983425,-5.979675461697257,miscanthus_sinensis_15wks vs control_6wks,FALSE
72,2.075452414025964,21.02258415018809,0.8155236137915395,0.4238356500038034,0.6618795271503753,-5.982269036362602,miscanthus_sinensis_15wks vs control_6wks,FALSE
4687,-0.568763085413952,18.028272872540775,-0.8150035637079984,0.4241267594068615,0.6618795271503753,-5.982685258721482,miscanthus_sinensis_15wks vs control_6wks,FALSE
1408,0.48345769009663186,16.879314632788653,0.8127833466659198,0.42537098358177805,0.6626255243782783,-5.984459411175037,miscanthus_sinensis_15wks vs control_6wks,FALSE
4621,-0.8133289727774375,19.015959819982324,-0.811355299645006,0.4261724766319618,0.6626255243782783,-5.985598150749078,miscanthus_sinensis_15wks vs control_6wks,FALSE
2570,-1.1071066722171565,22.41858573303631,-0.8112497640853654,0.42623174604133074,0.6626255243782783,-5.985682231386604,miscanthus_sinensis_15wks vs control_6wks,FALSE
2291,0.700451997475728,18.27265727680506,0.810555258815837,0.4266219129558778,0.6626255243782783,-5.9862352908758165,miscanthus_sinensis_15wks vs control_6wks,FALSE
3002,-1.04958257299581,19.514727681234138,-0.8080215029930238,0.42804724626161605,0.6632807775312916,-5.988249243954901,miscanthus_sinensis_15wks vs control_6wks,FALSE
3272,-0.4321747685595696,17.328531750384354,-0.8080106674165701,0.4280533480567239,0.6632807775312916,-5.98825784389771,miscanthus_sinensis_15wks vs control_6wks,FALSE
2266,-0.48524946165790084,20.295769452691523,-0.8061893304116405,0.4290797614101266,0.6638149446431556,-5.9897018583486155,miscanthus_sinensis_15wks vs control_6wks,FALSE
2221,-0.9251344075810586,18.399383445207164,-0.8051948862130731,0.429640826647946,0.6638149446431556,-5.990488994790118,miscanthus_sinensis_15wks vs control_6wks,FALSE
5553,-0.46290851333880667,17.62164647895166,-0.804711644993918,0.4299136361425612,0.6638149446431556,-5.990871167397952,miscanthus_sinensis_15wks vs control_6wks,FALSE
484,-1.0105233685155817,17.919330265588858,-0.8018328225282103,0.431541083294263,0.6655457552214338,-5.993143427309778,miscanthus_sinensis_15wks vs control_6wks,FALSE
5058,-0.3649671839834241,16.641894439088546,-0.8004124458421487,0.43234545482848574,0.6657547666111403,-5.99426171548857,miscanthus_sinensis_15wks vs control_6wks,FALSE
5712,-0.4391588192687834,17.073887857936644,-0.7997462299873421,0.432723059049555,0.6657547666111403,-5.994785597540874,miscanthus_sinensis_15wks vs control_6wks,FALSE
5438,-0.6564607634938788,17.84770180315243,-0.7989112696759306,0.4331965947127283,0.6657547666111403,-5.995441593878353,miscanthus_sinensis_15wks vs control_6wks,FALSE
4631,-0.5311952259348871,17.34105645035204,-0.794972717430418,0.4354346171962402,0.6678531264767998,-5.998527279175442,miscanthus_sinensis_15wks vs control_6wks,FALSE
5930,-0.3762064772696405,16.827889734406828,-0.7942222369929693,0.43586187613341454,0.6678531264767998,-5.9991136219446295,miscanthus_sinensis_15wks vs control_6wks,FALSE
183,0.4466407144892841,24.918957145762068,0.7938274379750113,0.43608674468576425,0.6678531264767998,-5.999421865392749,miscanthus_sinensis_15wks vs control_6wks,FALSE
5155,-0.3586535408022691,23.088913576791505,-0.7790156419131403,0.444574900881624,0.680059860021483,-6.01088207684405,miscanthus_sinensis_15wks vs control_6wks,FALSE
1044,-0.7011447100589621,26.03157943197313,-0.7770599184831996,0.44570317099761947,0.680483258260064,-6.012380064808498,miscanthus_sinensis_15wks vs control_6wks,FALSE
3865,0.580910536740511,17.439014630895286,0.7767408115534642,0.4458874317822794,0.680483258260064,-6.012624148154374,miscanthus_sinensis_15wks vs control_6wks,FALSE
2309,0.5169960012859107,23.691712543465595,0.772829614859494,0.44814963667761076,0.6829795446676868,-6.015608121857605,miscanthus_sinensis_15wks vs control_6wks,FALSE
2563,-0.379224720494193,16.955501232031356,-0.7721168101482374,0.448562668986464,0.6829795446676868,-6.016150411931518,miscanthus_sinensis_15wks vs control_6wks,FALSE
383,-1.4177105878673615,20.33362445029288,-0.7704378575814127,0.44953644750529953,0.6836700139143097,-6.017425865425295,miscanthus_sinensis_15wks vs control_6wks,FALSE
1787,0.6339264505946609,25.65379786459388,0.7687847920073637,0.4504964661792705,0.6840892534955499,-6.018679093108446,miscanthus_sinensis_15wks vs control_6wks,FALSE
4971,-0.37420980108289115,17.003420856711976,-0.7681708267272797,0.45085334362796514,0.6840892534955499,-6.019143907403889,miscanthus_sinensis_15wks vs control_6wks,FALSE
6107,0.8809469487094361,18.368904603699505,0.7663444264351289,0.4519159827695859,0.6849107282113447,-6.020524546157339,miscanthus_sinensis_15wks vs control_6wks,FALSE
362,0.7747789656543631,19.068339369732684,0.7650532653246492,0.45266812329549844,0.6852602695971025,-6.021498706599565,miscanthus_sinensis_15wks vs control_6wks,FALSE
1436,0.8138648047261299,19.179071626455297,0.7628788664356941,0.4539364883669512,0.6863895807988192,-6.023135748836594,miscanthus_sinensis_15wks vs control_6wks,FALSE
3050,-1.119944542753327,20.685683941654915,-0.7613153367220504,0.4548498492761469,0.6869801171825942,-6.024310164320244,miscanthus_sinensis_15wks vs control_6wks,FALSE
557,-0.6455896999496673,17.56256432799386,-0.7598869866000916,0.4556852120791848,0.6874516287853603,-6.025381051884288,miscanthus_sinensis_15wks vs control_6wks,FALSE
202,1.1891894651402062,19.603508053661685,0.7553896126339046,0.45832151392686915,0.6903947807114843,-6.0287404824202815,miscanthus_sinensis_15wks vs control_6wks,FALSE
4619,-0.4465497681247861,18.490294239687188,-0.754486035342512,0.4588522834446719,0.6903947807114843,-6.029413157672386,miscanthus_sinensis_15wks vs control_6wks,FALSE
726,-1.0842602531032846,19.426592634554204,-0.7538734052052987,0.45921235794660376,0.6903947807114843,-6.029868801750472,miscanthus_sinensis_15wks vs control_6wks,FALSE
188,-0.5849539995998008,22.68668161982193,-0.7518542781049583,0.46040030425107725,0.6913897140410463,-6.0313680496462805,miscanthus_sinensis_15wks vs control_6wks,FALSE
511,0.6837017321233496,26.020776595804822,0.749561851363325,0.46175127677832484,0.6918498615663721,-6.033065615627546,miscanthus_sinensis_15wks vs control_6wks,FALSE
3178,0.9204534189431044,19.42702983740577,0.7488542240998342,0.46216877441530835,0.6918498615663721,-6.03358862982498,miscanthus_sinensis_15wks vs control_6wks,FALSE
4316,-0.7046144860151351,20.300030320068505,-0.7486551214783168,0.4622862849735728,0.6918498615663721,-6.033735704200072,miscanthus_sinensis_15wks vs control_6wks,FALSE
2607,0.9143453659726504,18.6088493608359,0.7458891921726335,0.4639205868700147,0.6935058602357217,-6.035775027240238,miscanthus_sinensis_15wks vs control_6wks,FALSE
3627,-0.7591898365684457,20.576773895197974,-0.744363339444013,0.46482364028970546,0.6939815771851453,-6.036896980236595,miscanthus_sinensis_15wks vs control_6wks,FALSE
2337,1.3660732993406342,20.83033032753472,0.7428017834035255,0.4657489085234531,0.6939815771851453,-6.038042931917356,miscanthus_sinensis_15wks vs control_6wks,FALSE
3730,-0.4101781178778161,25.630004406120783,-0.742501761374156,0.4659268060107544,0.6939815771851453,-6.038262842650596,miscanthus_sinensis_15wks vs control_6wks,FALSE
6197,0.34200378775762985,16.886771859024492,0.7415788321498117,0.4664743087122717,0.6939815771851453,-6.0389388052360236,miscanthus_sinensis_15wks vs control_6wks,FALSE
4106,0.37130542862746196,16.993443978569516,0.7408066806941599,0.4669326605585945,0.6939815771851453,-6.03950372444913,miscanthus_sinensis_15wks vs control_6wks,FALSE
5325,-0.8071383370612466,18.6380443528908,-0.7392368823660722,0.4678653236445963,0.6939815771851453,-6.0406504956988964,miscanthus_sinensis_15wks vs control_6wks,FALSE
3289,-0.36471465304607165,16.469828157885072,-0.7391182903756747,0.46793582753884233,0.6939815771851453,-6.0407370359868064,miscanthus_sinensis_15wks vs control_6wks,FALSE
2510,-0.40067963127143713,18.1620118535622,-0.7370474185842811,0.4691679941453284,0.6944671709278799,-6.042246093663694,miscanthus_sinensis_15wks vs control_6wks,FALSE
87,0.5142226953808802,18.43693188762938,0.7367916998119034,0.46932027989646674,0.6944671709278799,-6.042432159056958,miscanthus_sinensis_15wks vs control_6wks,FALSE
2910,1.0009132305028885,21.281618339283682,0.7346867144174019,0.4705749545210688,0.6951268929586434,-6.043961455646531,miscanthus_sinensis_15wks vs control_6wks,FALSE
348,-0.410350899645362,23.44448813031985,-0.7342690292321231,0.47082415124291677,0.6951268929586434,-6.044264415292983,miscanthus_sinensis_15wks vs control_6wks,FALSE
2838,0.5009446139019254,22.03869598683953,0.7324798471598051,0.47189248496487235,0.6956799140161797,-6.0455603129160815,miscanthus_sinensis_15wks vs control_6wks,FALSE
21,-0.8516671486318153,17.83987135146677,-0.7310086083306846,0.47277204457977495,0.6956799140161797,-6.046623677372596,miscanthus_sinensis_15wks vs control_6wks,FALSE
2041,0.8450537536875657,25.731958167235856,0.7309835488586596,0.4727870344113002,0.6956799140161797,-6.046641771981655,miscanthus_sinensis_15wks vs control_6wks,FALSE
488,-0.3756092920787175,24.097065176031304,-0.7300622296923172,0.4733383348350325,0.6957120491870612,-6.047306617026893,miscanthus_sinensis_15wks vs control_6wks,FALSE
1745,-0.6392192752029651,20.302562726990438,-0.7270360478386427,0.4751518115479315,0.6975971847753989,-6.04948477685492,miscanthus_sinensis_15wks vs control_6wks,FALSE
3596,-0.977938562453101,21.277074762307475,-0.72593392872487,0.47581328414425406,0.6977886778633369,-6.0502759163381565,miscanthus_sinensis_15wks vs control_6wks,FALSE
2438,1.052051512639114,19.704746444946693,0.7201689599062098,0.4792821251249576,0.7017066167743765,-6.0543956258027025,miscanthus_sinensis_15wks vs control_6wks,FALSE
2409,-0.8829485221957576,19.32689769006837,-0.7181581455288506,0.48049552546049523,0.7017066167743765,-6.055825230493474,miscanthus_sinensis_15wks vs control_6wks,FALSE
1406,-0.6776307191023463,21.07592869416157,-0.7180496969131331,0.4805610183637409,0.7017066167743765,-6.055902224884052,miscanthus_sinensis_15wks vs control_6wks,FALSE
2578,-0.4030434542378103,17.10762033527744,-0.7169917741581989,0.4812001790275864,0.7017066167743765,-6.05665272967536,miscanthus_sinensis_15wks vs control_6wks,FALSE
4469,-0.6068125426985276,17.305869170225332,-0.7166407465764469,0.48141236743486404,0.7017066167743765,-6.056901520873917,miscanthus_sinensis_15wks vs control_6wks,FALSE
1244,-0.34268116152625794,23.359106071594322,-0.7160321285087734,0.48178039293945796,0.7017066167743765,-6.0573326049716245,miscanthus_sinensis_15wks vs control_6wks,FALSE
4782,-0.7270036912192204,20.615403558379164,-0.7153004644186027,0.48222304029471996,0.7017066167743765,-6.057850381355768,miscanthus_sinensis_15wks vs control_6wks,FALSE
5922,0.8259212022498374,18.539946831850145,0.7138879820835748,0.48307824404496646,0.7021734653485464,-6.058848527454926,miscanthus_sinensis_15wks vs control_6wks,FALSE
1558,0.40252959884922745,17.789742918627688,0.709752422265171,0.4855872368934907,0.7050404743403832,-6.061760168583642,miscanthus_sinensis_15wks vs control_6wks,FALSE
6094,-0.8805574774980656,22.28123479460463,-0.7084479744147009,0.4863801952033644,0.7054123360896477,-6.062675224145396,miscanthus_sinensis_15wks vs control_6wks,FALSE
137,-0.32351919488252534,25.232732555275984,-0.7047537419185629,0.4886299425630829,0.7078938748929338,-6.065257987160887,miscanthus_sinensis_15wks vs control_6wks,FALSE
1596,-0.9975376931401776,18.36108005872401,-0.7029159405060872,0.489751379769198,0.7087371288730465,-6.066538064403848,miscanthus_sinensis_15wks vs control_6wks,FALSE
5218,-0.3143431118689719,16.890269847359317,-0.6982229072918794,0.49262182283666667,0.7121067934074587,-6.069792429859939,miscanthus_sinensis_15wks vs control_6wks,FALSE
3246,0.4911752305917716,19.82931815411804,0.6969832575287237,0.49338165261526534,0.7124214192708337,-6.07064858947496,miscanthus_sinensis_15wks vs control_6wks,FALSE
46,-0.24836344859218684,25.58210932400548,-0.6956946535204955,0.4941722010675763,0.7126749989486995,-6.0715370209632695,miscanthus_sinensis_15wks vs control_6wks,FALSE
3817,0.9926939965368611,20.954995254175405,0.6931108454795276,0.4957595333993139,0.7126749989486995,-6.073313708670922,miscanthus_sinensis_15wks vs control_6wks,FALSE
4197,1.0828214418849917,20.130651687352497,0.6923106497510618,0.4962517154074432,0.7126749989486995,-6.073862662899323,miscanthus_sinensis_15wks vs control_6wks,FALSE
2223,-0.8118791503115723,19.04791499585719,-0.691941869230449,0.4964786378575258,0.7126749989486995,-6.074115451811016,miscanthus_sinensis_15wks vs control_6wks,FALSE
2948,-0.4892458805616293,20.980943357121504,-0.691501167447088,0.49674989354019816,0.7126749989486995,-6.074417372168115,miscanthus_sinensis_15wks vs control_6wks,FALSE
441,-0.3586214773371381,23.44283300129076,-0.6914011110485467,0.49681149089574483,0.7126749989486995,-6.074485894226476,miscanthus_sinensis_15wks vs control_6wks,FALSE
1359,1.0016488939740995,20.24844491427148,0.6839096738160148,0.5014357914731753,0.7177958018164977,-6.0795893930626175,miscanthus_sinensis_15wks vs control_6wks,FALSE
5244,-0.6775086050228367,21.061241255874236,-0.6838482959974862,0.5014737793512518,0.7177958018164977,-6.079630987012036,miscanthus_sinensis_15wks vs control_6wks,FALSE
2445,-0.7360034602715935,17.675737642514115,-0.6816922592030281,0.5028092268787459,0.7185260509057387,-6.08108980649288,miscanthus_sinensis_15wks vs control_6wks,FALSE
2515,1.1823678427619022,19.640415405425376,0.6812593708337229,0.5030776003297409,0.7185260509057387,-6.0813821770985514,miscanthus_sinensis_15wks vs control_6wks,FALSE
889,0.7856734165911341,24.984629667168086,0.6786021534586855,0.5047267448679695,0.7200987434924125,-6.083172958640497,miscanthus_sinensis_15wks vs control_6wks,FALSE
5362,-0.4755059557865593,18.47262099052845,-0.6757856341614261,0.506478086948638,0.7213824510707292,-6.085063792919095,miscanthus_sinensis_15wks vs control_6wks,FALSE
3326,-0.8378949206126194,21.87227013798868,-0.6753897808554542,0.5067245071067603,0.7213824510707292,-6.085328941148709,miscanthus_sinensis_15wks vs control_6wks,FALSE
3400,-0.7748112303967325,17.926477250735964,-0.6702063051330798,0.5099574657679026,0.7244157635355704,-6.088787189995363,miscanthus_sinensis_15wks vs control_6wks,FALSE
5586,-0.4888743672353151,18.569156224040523,-0.6702057311450059,0.5099578244066991,0.7244157635355704,-6.0887875715299,miscanthus_sinensis_15wks vs control_6wks,FALSE
4392,-0.3163211980492662,23.06623995274339,-0.6683815150707711,0.5110983441045647,0.7246508843431643,-6.089998562542425,miscanthus_sinensis_15wks vs control_6wks,FALSE
1497,-0.6465074595848002,21.766547343665057,-0.6671767057541431,0.5118523865634133,0.7246508843431643,-6.0907966326532295,miscanthus_sinensis_15wks vs control_6wks,FALSE
1321,-0.8647767786037512,18.213218009885928,-0.6661496457872611,0.5124956738043109,0.7246508843431643,-6.091475872273695,miscanthus_sinensis_15wks vs control_6wks,FALSE
4259,0.9352467713703234,20.080037078496936,0.6650692453242927,0.513172857620295,0.7246508843431643,-6.092189306689944,miscanthus_sinensis_15wks vs control_6wks,FALSE
1765,-0.7812717939366358,18.070081432566717,-0.6649935595232593,0.5132203154149401,0.7246508843431643,-6.092239243675206,miscanthus_sinensis_15wks vs control_6wks,FALSE
447,-0.2587291047648925,22.333668230630312,-0.6644088953064661,0.5135870040468801,0.7246508843431643,-6.092624817765881,miscanthus_sinensis_15wks vs control_6wks,FALSE
2265,-0.7974078997078564,19.221359614929707,-0.6637765969287057,0.5139837322738425,0.7246508843431643,-6.093041439957947,miscanthus_sinensis_15wks vs control_6wks,FALSE
255,-0.6985920065085622,22.553943312011935,-0.6546467661723986,0.519731139562652,0.7319686145609055,-6.099014716399586,miscanthus_sinensis_15wks vs control_6wks,FALSE
890,0.35372013806853886,26.886283135470926,0.653420387862928,0.520505868763733,0.7322748517725322,-6.099811042283372,miscanthus_sinensis_15wks vs control_6wks,FALSE
1122,0.5210495343264512,23.324525817862188,0.6522010193108649,0.5212768018222604,0.7325750990314975,-6.100601396378584,miscanthus_sinensis_15wks vs control_6wks,FALSE
5491,-0.33969730039520485,16.95358705111637,-0.6508534640339889,0.5221295119842926,0.7329895072087184,-6.101473189261166,miscanthus_sinensis_15wks vs control_6wks,FALSE
1027,0.6381793075109101,17.86902738350864,0.6484360542633534,0.5236611324093695,0.7343550992378992,-6.103032781701246,miscanthus_sinensis_15wks vs control_6wks,FALSE
2124,-0.23085860116581358,25.281107152222173,-0.6475085320648021,0.5242494463082767,0.734396345894537,-6.1036296942067585,miscanthus_sinensis_15wks vs control_6wks,FALSE
5254,-0.3468576678852884,17.08102914825619,-0.6424616744559981,0.5274569477645101,0.7381026936768544,-6.106863252004867,miscanthus_sinensis_15wks vs control_6wks,FALSE
1633,0.6586459867672154,18.98781614477666,0.6408427859076037,0.5284880919477962,0.7387588859780897,-6.107895337326315,miscanthus_sinensis_15wks vs control_6wks,FALSE
1602,-0.7200411265326316,18.20462260749252,-0.6375426923748455,0.530593476028679,0.7409137380464231,-6.109991487181466,miscanthus_sinensis_15wks vs control_6wks,FALSE
5623,0.3951688425465498,17.72550641290669,0.6329511665950489,0.5335303409791008,0.7435395160426116,-6.112890620080273,miscanthus_sinensis_15wks vs control_6wks,FALSE
3001,-0.34929169695413265,22.578702352611476,-0.6328336800707743,0.5336056039788301,0.7435395160426116,-6.112964537796272,miscanthus_sinensis_15wks vs control_6wks,FALSE
2080,0.7251132367753037,28.79472178328002,0.63137282905004,0.534541919384689,0.7440551716858912,-6.113882543221138,miscanthus_sinensis_15wks vs control_6wks,FALSE
2129,-0.2842934914877411,20.761351211126833,-0.6257889523118586,0.5381290146924365,0.7482555823342449,-6.117372662793404,miscanthus_sinensis_15wks vs control_6wks,FALSE
6148,0.3916583423211293,26.09502476147923,0.6213571190866645,0.540985227650512,0.7508413101063331,-6.120121469999016,miscanthus_sinensis_15wks vs control_6wks,FALSE
406,-0.4974558682241579,21.414683846130092,-0.6211305772295856,0.5411314464769388,0.7508413101063331,-6.120261475275816,miscanthus_sinensis_15wks vs control_6wks,FALSE
3430,0.3840169085678333,25.67993920579767,0.6158200254526252,0.5445651337064089,0.7546508644018842,-6.123529361967334,miscanthus_sinensis_15wks vs control_6wks,FALSE
534,-0.46230167702467995,22.024906839504936,-0.6147561501832962,0.5452544054321924,0.7546508644018842,-6.124180774356432,miscanthus_sinensis_15wks vs control_6wks,FALSE
1879,-0.6880890124792778,19.39520040917262,-0.6140826226390911,0.5456910155225199,0.7546508644018842,-6.124592615052104,miscanthus_sinensis_15wks vs control_6wks,FALSE
4216,0.6782345832147278,19.876008550395728,0.6129305716059104,0.5464382562357502,0.7546508644018842,-6.125296048835296,miscanthus_sinensis_15wks vs control_6wks,FALSE
3550,0.2869644150399715,17.304796437331845,0.6124523920945724,0.5467485714692495,0.7546508644018842,-6.1255876477097,miscanthus_sinensis_15wks vs control_6wks,FALSE
4174,-0.29384341740438913,23.94667186453292,-0.6113461872576492,0.5474668029407945,0.7548492959750305,-6.126261382057495,miscanthus_sinensis_15wks vs control_6wks,FALSE
1233,-0.5194961591434328,19.34780710012684,-0.6087597814560282,0.5491480425506231,0.7563737189848204,-6.127832049552499,miscanthus_sinensis_15wks vs control_6wks,FALSE
446,-0.29137277490918834,23.049361598362992,-0.6033771202983397,0.5526556638426827,0.7601873186079323,-6.1310802239257916,miscanthus_sinensis_15wks vs control_6wks,FALSE
78,-1.236754805554007,22.513202504204877,-0.6027365460227058,0.5530738786827879,0.7601873186079323,-6.131464925695312,miscanthus_sinensis_15wks vs control_6wks,FALSE
3013,-0.835015046622221,20.447248915208554,-0.5967845988116831,0.556967691270776,0.7641666403863815,-6.135020548414806,miscanthus_sinensis_15wks vs control_6wks,FALSE
2072,0.29497310724263315,22.69578705895629,0.5965336971291343,0.5571321472527805,0.7641666403863815,-6.135169685584234,miscanthus_sinensis_15wks vs control_6wks,FALSE
259,0.9604610761088779,20.819950389565758,0.5948731346007472,0.5582212181603979,0.7642384782858193,-6.136155204638262,miscanthus_sinensis_15wks vs control_6wks,FALSE
862,0.36002572961538704,21.42503933472984,0.5939917578626156,0.5587997147851814,0.7642384782858193,-6.13667721035304,miscanthus_sinensis_15wks vs control_6wks,FALSE
2160,-0.7021445521111822,18.21267293901937,-0.5937943018864175,0.5589293589289743,0.7642384782858193,-6.13679405343713,miscanthus_sinensis_15wks vs control_6wks,FALSE
102,0.7964918846150404,18.57207566396526,0.5901730044773529,0.5613097764348125,0.765755399323493,-6.138930270768069,miscanthus_sinensis_15wks vs control_6wks,FALSE
5065,-0.761373514838521,20.70700632790743,-0.5890863139546508,0.5620251241396479,0.765755399323493,-6.139568849782167,miscanthus_sinensis_15wks vs control_6wks,FALSE
1574,-0.22609900370840919,26.100155416565045,-0.5889772599106674,0.5620969384097065,0.765755399323493,-6.139632871100497,miscanthus_sinensis_15wks vs control_6wks,FALSE
526,-0.48447765444553426,21.855171955516976,-0.5885629200325104,0.5623698328365074,0.765755399323493,-6.139876009184666,miscanthus_sinensis_15wks vs control_6wks,FALSE
5591,-0.2634247328995798,17.361316529212637,-0.587649040577841,0.5629719786926082,0.7657817598365292,-6.14041169640016,miscanthus_sinensis_15wks vs control_6wks,FALSE
2222,-0.9622002947497457,20.035963530970616,-0.5827234552330567,0.5662231277469114,0.7674105550933482,-6.143285055348191,miscanthus_sinensis_15wks vs control_6wks,FALSE
5076,-0.562643917204845,19.809217235981833,-0.582721457439785,0.566224448354532,0.7674105550933482,-6.143286216022097,miscanthus_sinensis_15wks vs control_6wks,FALSE
4288,-0.6374977046471564,21.50041397199942,-0.5806170743958315,0.5676163945777923,0.7674105550933482,-6.144506678204337,miscanthus_sinensis_15wks vs control_6wks,FALSE
4153,-0.4773360345179789,19.598547091409927,-0.5802107165124296,0.5678853825885748,0.7674105550933482,-6.144741858150949,miscanthus_sinensis_15wks vs control_6wks,FALSE
1822,-0.2814983079421083,22.379637671677365,-0.5800617928434982,0.5679839787675295,0.7674105550933482,-6.144828007943737,miscanthus_sinensis_15wks vs control_6wks,FALSE
1688,-0.32489215291252904,17.040202651300177,-0.5799499115820219,0.5680580564820129,0.7674105550933482,-6.144892715259105,miscanthus_sinensis_15wks vs control_6wks,FALSE
4192,-0.3699427026146971,18.328848574437064,-0.5796485923990441,0.5682575875995646,0.7674105550933482,-6.145066925254844,miscanthus_sinensis_15wks vs control_6wks,FALSE
1307,0.33944103636184053,17.406083575618684,0.5785289176078132,0.5689993418582237,0.7676233420962072,-6.145713506050053,miscanthus_sinensis_15wks vs control_6wks,FALSE
1176,-0.7308711499928471,19.40825305668171,-0.5725200513010504,0.5729885029244166,0.7707618433599831,-6.149162779269926,miscanthus_sinensis_15wks vs control_6wks,FALSE
809,-0.7720431093250362,19.613347023924216,-0.5724347581351992,0.5730452295465561,0.7707618433599831,-6.149211489125559,miscanthus_sinensis_15wks vs control_6wks,FALSE
1823,-0.2662773484082095,22.868570200018382,-0.5723658929519043,0.5730910323602173,0.7707618433599831,-6.149250812037886,miscanthus_sinensis_15wks vs control_6wks,FALSE
5445,0.22689178639370056,16.701037429311096,0.5714925570002529,0.5736720569300331,0.7707618433599831,-6.149749100628327,miscanthus_sinensis_15wks vs control_6wks,FALSE
1283,-0.3737986307915513,18.087024935961686,-0.5681425747133123,0.5759035496234298,0.7729696263587199,-6.151653621805484,miscanthus_sinensis_15wks vs control_6wks,FALSE
2200,0.4996308572776904,18.60573643497556,0.565885366623968,0.5774095964581143,0.774151538800128,-6.152930763908114,miscanthus_sinensis_15wks vs control_6wks,FALSE
2338,-0.7162947223387306,17.9621118066322,-0.5645704344895802,0.5782878567441337,0.774151538800128,-6.1536724889275405,miscanthus_sinensis_15wks vs control_6wks,FALSE
2233,0.6349236882521723,20.80218447256967,0.5641757445698474,0.5785516066223179,0.774151538800128,-6.153894798646874,miscanthus_sinensis_15wks vs control_6wks,FALSE
3313,0.422998548887918,24.461087221167894,0.5598777139799923,0.5814276645093341,0.7772084955903001,-6.156305911559255,miscanthus_sinensis_15wks vs control_6wks,FALSE
5827,0.7791051182918451,21.79355414605421,0.5585565083325207,0.5823131972142113,0.777601159694587,-6.15704348906324,miscanthus_sinensis_15wks vs control_6wks,FALSE
5889,0.3920393676137479,20.09865546466432,0.5553315675499568,0.5844775316774545,0.7787754990648922,-6.158836747611093,miscanthus_sinensis_15wks vs control_6wks,FALSE
2652,0.8982504748228131,19.658639104180054,0.5546307580440527,0.5849483917758224,0.7787754990648922,-6.159225106600344,miscanthus_sinensis_15wks vs control_6wks,FALSE
2347,0.5840655878804846,19.35319761497473,0.5545976554581287,0.5849706374254555,0.7787754990648922,-6.159243438882569,miscanthus_sinensis_15wks vs control_6wks,FALSE
40,-0.7718184363488803,24.766564476314404,-0.5527975507619584,0.5861809807959293,0.7795969724350719,-6.160238741588852,miscanthus_sinensis_15wks vs control_6wks,FALSE
1564,0.6326197835046372,23.009492863866605,0.5511988319431346,0.5872569605991602,0.7802382671661239,-6.161120061702883,miscanthus_sinensis_15wks vs control_6wks,FALSE
4194,0.5153311399130445,17.99786941562469,0.5502374645815248,0.5879044577317685,0.7803095529894383,-6.161648838183112,miscanthus_sinensis_15wks vs control_6wks,FALSE
2951,0.6282658604539719,25.46141650728045,0.548975349593997,0.588755050393892,0.7803238139407512,-6.162341672789518,miscanthus_sinensis_15wks vs control_6wks,FALSE
4775,-0.6004802573233192,18.83481147738358,-0.5484594536989416,0.5891029097634894,0.7803238139407512,-6.1626244276156745,miscanthus_sinensis_15wks vs control_6wks,FALSE
702,-0.2643921966726879,16.945927880894313,-0.5467275458830525,0.5902714471954069,0.7810842715153723,-6.1635717721366765,miscanthus_sinensis_15wks vs control_6wks,FALSE
4283,-0.41148434986956417,24.146589328125533,-0.5437859393746454,0.592258800038147,0.7825160109450984,-6.1651741455219335,miscanthus_sinensis_15wks vs control_6wks,FALSE
5490,0.21563357993037968,16.748480575019585,0.5433635040223153,0.5925444679530996,0.7825160109450984,-6.165403567931009,miscanthus_sinensis_15wks vs control_6wks,FALSE
3768,0.7966424654826483,24.87661629465586,0.5407115491569063,0.5943393731348257,0.7834136085937117,-6.166839872598712,miscanthus_sinensis_15wks vs control_6wks,FALSE
5364,0.5561470896402412,19.2003939642116,0.5386391803810839,0.5957438531414982,0.7834136085937117,-6.16795751795855,miscanthus_sinensis_15wks vs control_6wks,FALSE
306,-0.8660404275539832,21.195039400650288,-0.5381593038933303,0.5960693049141748,0.7834136085937117,-6.168215724362145,miscanthus_sinensis_15wks vs control_6wks,FALSE
949,-0.28007515340861744,17.32569382333732,-0.5371305690658665,0.5967672844307749,0.7834136085937117,-6.168768500164783,miscanthus_sinensis_15wks vs control_6wks,FALSE
563,0.23295824050865122,28.572284699830778,0.5369782010842699,0.596870697478372,0.7834136085937117,-6.168850285463552,miscanthus_sinensis_15wks vs control_6wks,FALSE
234,-0.3911753412922998,27.443808166755378,-0.5364311478485538,0.5972420577573216,0.7834136085937117,-6.169143736780216,miscanthus_sinensis_15wks vs control_6wks,FALSE
3014,-0.5867581780733531,21.91773542582427,-0.5354644727295044,0.5978985483742594,0.7834136085937117,-6.169661571379796,miscanthus_sinensis_15wks vs control_6wks,FALSE
325,-0.216885204661029,26.548336089897607,-0.5353242629643261,0.5979937971229017,0.7834136085937117,-6.169736604404792,miscanthus_sinensis_15wks vs control_6wks,FALSE
3069,0.3130192722400764,16.8930260005567,0.5326798096485277,0.5997916365266855,0.7849862653347258,-6.1711481998085125,miscanthus_sinensis_15wks vs control_6wks,FALSE
2643,-0.19734086795716976,18.709675044655043,-0.5308228850665366,0.6010556378165066,0.7855873525961549,-6.172135352511846,miscanthus_sinensis_15wks vs control_6wks,FALSE
5624,-0.589433805758425,18.678579297481523,-0.5302488622198136,0.6014466337227792,0.7855873525961549,-6.172439828018321,miscanthus_sinensis_15wks vs control_6wks,FALSE
5798,0.5299837334472244,18.7298007648739,0.5279276207310253,0.6030290018673801,0.7864562142310997,-6.173667801082703,miscanthus_sinensis_15wks vs control_6wks,FALSE
4430,0.7281691077407864,18.5531515579115,0.5259827251123204,0.6043563629758422,0.7864562142310997,-6.174692644196607,miscanthus_sinensis_15wks vs control_6wks,FALSE
5850,-0.4975409840936642,18.27325711776584,-0.5256372233746697,0.6045923095516661,0.7864562142310997,-6.174874317724717,miscanthus_sinensis_15wks vs control_6wks,FALSE
2601,0.793820031571741,19.185368881752456,0.523951154795301,0.6057443777500938,0.7864562142310997,-6.175759227726139,miscanthus_sinensis_15wks vs control_6wks,FALSE
1314,-0.5289994043322395,21.976277116179023,-0.5237521830267208,0.6058804019919288,0.7864562142310997,-6.175863472738222,miscanthus_sinensis_15wks vs control_6wks,FALSE
4503,0.6128610715248719,24.18446192052572,0.5234602175065188,0.6060800266280921,0.7864562142310997,-6.176016369118762,miscanthus_sinensis_15wks vs control_6wks,FALSE
2751,-0.5633272701754066,20.225622687588377,-0.5217342063266662,0.6072607906444571,0.7864562142310997,-6.176918549891041,miscanthus_sinensis_15wks vs control_6wks,FALSE
3502,0.619464602506703,18.91133964530042,0.5202943013511576,0.6082466710284753,0.7864562142310997,-6.1776689636637085,miscanthus_sinensis_15wks vs control_6wks,FALSE
2585,0.3571339904321178,17.61421508217702,0.519980878516825,0.6084613680290072,0.7864562142310997,-6.177832037878328,miscanthus_sinensis_15wks vs control_6wks,FALSE
1374,-0.39709887646344555,17.808914639193578,-0.5197674623374935,0.608607580425236,0.7864562142310997,-6.177943023755998,miscanthus_sinensis_15wks vs control_6wks,FALSE
5142,0.6098251421693242,19.36059958923873,0.5196390519188417,0.6086955630692757,0.7864562142310997,-6.178009781484235,miscanthus_sinensis_15wks vs control_6wks,FALSE
14,0.2786682406890364,26.33741205623574,0.5158614642971212,0.6112865549384433,0.7881494431230709,-6.179966475613049,miscanthus_sinensis_15wks vs control_6wks,FALSE
147,-0.7431938532989939,19.66936874395404,-0.5158565975414274,0.6112898963517402,0.7881494431230709,-6.179968987496806,miscanthus_sinensis_15wks vs control_6wks,FALSE
2895,0.44575441820896344,24.395820828111,0.5132254332739566,0.6130976677574045,0.7881494431230709,-6.181323631675287,miscanthus_sinensis_15wks vs control_6wks,FALSE
6229,-0.345303788913661,17.348763474840855,-0.5129849781487483,0.6132630013338152,0.7881494431230709,-6.181447092329984,miscanthus_sinensis_15wks vs control_6wks,FALSE
58,-0.5464932204836899,23.73277988154117,-0.5128995252124764,0.6133217626568035,0.7881494431230709,-6.181490954192787,miscanthus_sinensis_15wks vs control_6wks,FALSE
5829,0.25704868806168335,17.079760816171305,0.5124877843160517,0.6136049317465004,0.7881494431230709,-6.18170219551603,miscanthus_sinensis_15wks vs control_6wks,FALSE
2659,-0.25511777857132145,17.070794137758824,-0.5063958330094046,0.61780179061928,0.7927651883532557,-6.18480830784606,miscanthus_sinensis_15wks vs control_6wks,FALSE
2451,0.20921291636386385,17.015536610152363,0.5042465587476351,0.619285673427085,0.7938940242762826,-6.185895516758693,miscanthus_sinensis_15wks vs control_6wks,FALSE
847,-0.5433611893897776,19.453712952398863,-0.5027467409797031,0.6203221508856533,0.7944476669237315,-6.186651526150972,miscanthus_sinensis_15wks vs control_6wks,FALSE
2637,0.5410551262503667,27.941375185973754,0.4995816124890827,0.6225121260169892,0.7964760794414059,-6.1882397524785455,miscanthus_sinensis_15wks vs control_6wks,FALSE
5579,0.4842871616778268,17.927791414338234,0.49603278206324464,0.6249718519757899,0.7988130478431736,-6.190008873317644,miscanthus_sinensis_15wks vs control_6wks,FALSE
473,0.5275994264837358,18.06187815016799,0.4951930858639684,0.6255545100689693,0.7988130478431736,-6.190425667366046,miscanthus_sinensis_15wks vs control_6wks,FALSE
1154,-0.6510199101890457,18.744183972853246,-0.4928046730603598,0.6272131800013517,0.800153513127938,-6.191607416787429,miscanthus_sinensis_15wks vs control_6wks,FALSE
214,-0.20432303754582648,26.412741165481755,-0.4864495988607646,0.6316363893660804,0.8039484395769425,-6.194724625245075,miscanthus_sinensis_15wks vs control_6wks,FALSE
4396,-0.701233115993567,21.02094509532398,-0.4852581428627395,0.6324672402239248,0.8039484395769425,-6.195304642028479,miscanthus_sinensis_15wks vs control_6wks,FALSE
77,0.6841943866815825,24.621809187842306,0.4852235779796781,0.6324913511586873,0.8039484395769425,-6.195321447929219,miscanthus_sinensis_15wks vs control_6wks,FALSE
23,0.7934207867137069,22.3006618643868,0.4850173352665542,0.6326352256640476,0.8039484395769425,-6.195421701530488,miscanthus_sinensis_15wks vs control_6wks,FALSE
292,-0.6185629494348461,21.158003004009696,-0.4824673554370153,0.6344153165136563,0.8054316192260332,-6.196657792728409,miscanthus_sinensis_15wks vs control_6wks,FALSE
5412,-0.3188090523756415,17.511283751244036,-0.4810905288579404,0.6353773963143158,0.8058222472136796,-6.197322555023764,miscanthus_sinensis_15wks vs control_6wks,FALSE
270,-0.7390378972659164,19.322534310512008,-0.4802722128019967,0.6359495208223636,0.8058222472136796,-6.197716776048531,miscanthus_sinensis_15wks vs control_6wks,FALSE
4165,0.47571766822476746,18.566447421125883,0.4758573753122351,0.6390401596005475,0.8086154648582042,-6.199832286945495,miscanthus_sinensis_15wks vs control_6wks,FALSE
6012,0.3062102979872421,17.4246524873042,0.4751858070018855,0.639510887114404,0.8086154648582042,-6.200152415959525,miscanthus_sinensis_15wks vs control_6wks,FALSE
5005,-0.6215965839078734,18.747989558438245,-0.4744881535924355,0.6400000635102987,0.8086154648582042,-6.20048451105746,miscanthus_sinensis_15wks vs control_6wks,FALSE
5020,-0.5238654450225724,21.635419334707564,-0.47353915476158687,0.6406657461237166,0.8086789533204262,-6.20093548461379,miscanthus_sinensis_15wks vs control_6wks,FALSE
3325,-0.26688636855984527,17.23196865918753,-0.47099064784417766,0.6424549491420906,0.8100168747951128,-6.202142188246698,miscanthus_sinensis_15wks vs control_6wks,FALSE
747,0.6532014930142296,19.675046670105555,0.4695714226441711,0.6434522953908508,0.8100168747951128,-6.202811420791767,miscanthus_sinensis_15wks vs control_6wks,FALSE
3436,0.7677964376751447,22.099501295680174,0.46939680872171496,0.6435750512070759,0.8100168747951128,-6.202893623045096,miscanthus_sinensis_15wks vs control_6wks,FALSE
5092,0.38164372914751965,23.74547433092694,0.46776545501903266,0.6447224171017918,0.8102939292012876,-6.203660162633616,miscanthus_sinensis_15wks vs control_6wks,FALSE
117,0.38688974716621516,20.612229745239418,0.4673304757350299,0.6450285007188332,0.8102939292012876,-6.203864109319659,miscanthus_sinensis_15wks vs control_6wks,FALSE
4038,0.47140697018107147,21.22966050064253,0.4615949023888492,0.6490704895015182,0.8145927633285529,-6.2065359439569665,miscanthus_sinensis_15wks vs control_6wks,FALSE
4258,0.2745472468130927,20.831610305795905,0.4597764590316405,0.6503543122740508,0.8154251587100217,-6.207376292931564,miscanthus_sinensis_15wks vs control_6wks,FALSE
2164,-0.2527463393610745,16.59810372696884,-0.45768094227962236,0.6518351296759974,0.8165027267819454,-6.208340654479704,miscanthus_sinensis_15wks vs control_6wks,FALSE
3985,0.26832362506187124,17.41571290797632,0.4549953418506519,0.6537350888801984,0.8179582060590285,-6.209570262752069,miscanthus_sinensis_15wks vs control_6wks,FALSE
707,0.29868599381194727,22.796708132603058,0.4542793033307461,0.6542420658813082,0.8179582060590285,-6.209896905145314,miscanthus_sinensis_15wks vs control_6wks,FALSE
6015,0.487046559593157,21.696434848764067,0.4507120423074285,0.656770339623509,0.8195851528659416,-6.211516703690592,miscanthus_sinensis_15wks vs control_6wks,FALSE
1207,-0.4168602483195585,18.14465681493991,-0.4506831393500107,0.6567908416802408,0.8195851528659416,-6.211529776630713,miscanthus_sinensis_15wks vs control_6wks,FALSE
359,-0.6001920031966783,18.580493919574838,-0.44546641422546424,0.6604958029062795,0.8233996802988455,-6.213875859892234,miscanthus_sinensis_15wks vs control_6wks,FALSE
2777,0.7888100049015563,21.669401474689796,0.4446155263035995,0.6611009609705343,0.8233996802988455,-6.2142559829372885,miscanthus_sinensis_15wks vs control_6wks,FALSE
1719,-0.17421691873993694,17.684132761527515,-0.44077980826062696,0.6638318974428428,0.8260180996589919,-6.215960687996458,miscanthus_sinensis_15wks vs control_6wks,FALSE
5921,0.5741543309612887,18.12894700186262,0.43987002426690847,0.6644803459459809,0.8260427384796774,-6.2163628961309,miscanthus_sinensis_15wks vs control_6wks,FALSE
2477,0.2139541231517299,17.149451510432378,0.4372155620893262,0.6663738514770776,0.8275585317757468,-6.217531751005753,miscanthus_sinensis_15wks vs control_6wks,FALSE
678,0.4873020750813275,19.122784119673494,0.4361024284918837,0.6671685619708052,0.8275585317757468,-6.218019836996258,miscanthus_sinensis_15wks vs control_6wks,FALSE
189,0.41360631836795747,28.491119443222008,0.4353793337421365,0.667685022793032,0.8275585317757468,-6.218336244619829,miscanthus_sinensis_15wks vs control_6wks,FALSE
536,0.4712105226395309,20.593270373897468,0.4344690215314001,0.6683354411549554,0.8275585317757468,-6.2187338408319635,miscanthus_sinensis_15wks vs control_6wks,FALSE
149,-0.22417354349591534,24.265184467780323,-0.43282494294593765,0.66951081221129,0.8275585317757468,-6.219449853081117,miscanthus_sinensis_15wks vs control_6wks,FALSE
5435,-0.7883272485292743,18.453424408478465,-0.4326675119267526,0.6696234070964217,0.8275585317757468,-6.219518275986833,miscanthus_sinensis_15wks vs control_6wks,FALSE
5337,-0.5014890732358097,18.58252457204279,-0.43140489519111086,0.6705267201186087,0.8275585317757468,-6.220066152213007,miscanthus_sinensis_15wks vs control_6wks,FALSE
648,-0.259089411746416,17.218752550899538,-0.42940877465714755,0.671955845091302,0.8275585317757468,-6.220929103194333,miscanthus_sinensis_15wks vs control_6wks,FALSE
2141,-0.3873089747125178,17.642009625259412,-0.4286339229220631,0.6725109441892251,0.8275585317757468,-6.221263023391419,miscanthus_sinensis_15wks vs control_6wks,FALSE
225,-0.5561607613296111,20.581336412662527,-0.42812687563330043,0.6728742934387184,0.8275585317757468,-6.221481213344226,miscanthus_sinensis_15wks vs control_6wks,FALSE
3315,-0.5447208255024343,20.700402106468772,-0.4274494181585281,0.6733598861397203,0.8275585317757468,-6.221772337406947,miscanthus_sinensis_15wks vs control_6wks,FALSE
3401,-0.4472453149025739,21.924667492929352,-0.42704483828604994,0.6736499533751763,0.8275585317757468,-6.221945981669669,miscanthus_sinensis_15wks vs control_6wks,FALSE
18,-0.2054516431417177,22.254455074281854,-0.4267141465665658,0.6738870844749232,0.8275585317757468,-6.2220877934162555,miscanthus_sinensis_15wks vs control_6wks,FALSE
119,-0.28899297503262744,24.896878655703425,-0.42363979767292925,0.6760932864158347,0.8293899601523136,-6.223401011440174,miscanthus_sinensis_15wks vs control_6wks,FALSE
1805,-0.41288430162526524,23.425460758303625,-0.42156141562778743,0.6775864591326513,0.8293899601523136,-6.224283512533404,miscanthus_sinensis_15wks vs control_6wks,FALSE
177,0.5261931261447579,21.323954176689224,0.42114602286557445,0.6778850530381821,0.8293899601523136,-6.224459380843285,miscanthus_sinensis_15wks vs control_6wks,FALSE
6077,-0.2319708616674916,17.010086651815598,-0.42112076678808813,0.6779032094395623,0.8293899601523136,-6.224470068224663,miscanthus_sinensis_15wks vs control_6wks,FALSE
6259,0.4092327474724655,19.32783499185936,0.4194047817132156,0.6791372871962553,0.8301268794194228,-6.225194730234808,miscanthus_sinensis_15wks vs control_6wks,FALSE
4509,-0.44946834825911,18.801451381083393,-0.41580599042473765,0.6817284079524628,0.8325196357337697,-6.22670505533886,miscanthus_sinensis_15wks vs control_6wks,FALSE
3969,-0.25909310603631397,17.44958915484833,-0.410831397479185,0.6853167327631486,0.8361245931762092,-6.2287716956961745,miscanthus_sinensis_15wks vs control_6wks,FALSE
1732,-0.30506196641458416,19.332135153950905,-0.40872914898283,0.6868354452370848,0.8370265797238267,-6.22963769707615,miscanthus_sinensis_15wks vs control_6wks,FALSE
354,-0.5506134000164096,18.949305621993837,-0.40718890664027174,0.6879490128590631,0.8370265797238267,-6.230269410834628,miscanthus_sinensis_15wks vs control_6wks,FALSE
366,0.15145069606403894,21.341743231778032,0.40678966023925267,0.6882377794091317,0.8370265797238267,-6.230432774435968,miscanthus_sinensis_15wks vs control_6wks,FALSE
2565,0.23490528162814428,25.33844689659105,0.40628334269438726,0.6886040583572729,0.8370265797238267,-6.230639722592556,miscanthus_sinensis_15wks vs control_6wks,FALSE
1209,0.3658067663276938,19.026806385828653,0.4013850410010354,0.6921516062386708,0.8394818704740623,-6.232628716556593,miscanthus_sinensis_15wks vs control_6wks,FALSE
4553,0.3984830651711775,17.8155191130879,0.40114945907311506,0.6923224076418579,0.8394818704740623,-6.232723777913643,miscanthus_sinensis_15wks vs control_6wks,FALSE
2694,0.23465314123456338,25.328229453546303,0.40084854653291996,0.6925405993865172,0.8394818704740623,-6.2328451213853775,miscanthus_sinensis_15wks vs control_6wks,FALSE
3729,-0.24494728244293995,24.913654099432136,-0.3998665649001802,0.6932528246639877,0.8395707019432994,-6.2332404834620325,miscanthus_sinensis_15wks vs control_6wks,FALSE
1268,0.6131680079567374,23.073339397261947,0.3960435674501005,0.6960283850042266,0.8421558912482078,-6.234770590549729,miscanthus_sinensis_15wks vs control_6wks,FALSE
4133,0.261221476393267,18.659124146713076,0.39330704209865114,0.6980178349731208,0.8432192008974315,-6.235856960613393,miscanthus_sinensis_15wks vs control_6wks,FALSE
4608,-0.43184654166613257,19.690287558171704,-0.3930695012047124,0.698190632097721,0.8432192008974315,-6.235950911725167,miscanthus_sinensis_15wks vs control_6wks,FALSE
241,-0.21011801138566355,22.23898809935035,-0.3918438113703987,0.6990825162369272,0.8435210526495154,-6.236434802474314,miscanthus_sinensis_15wks vs control_6wks,FALSE
2230,0.3218345561204039,17.526558775935214,0.38970781768037244,0.7006378549231196,0.844622148044935,-6.237274514336751,miscanthus_sinensis_15wks vs control_6wks,FALSE
3807,-0.19577267366576478,18.39011673225265,-0.3873571958684765,0.702351032769336,0.8459113263601352,-6.2381933745590326,miscanthus_sinensis_15wks vs control_6wks,FALSE
3347,-0.38617559581831173,22.1802368499997,-0.3828463843551302,0.705643135759562,0.8490980589634289,-6.239941309141425,miscanthus_sinensis_15wks vs control_6wks,FALSE
505,-0.4192659252616764,18.87085460011435,-0.3805164671816856,0.7073458889388402,0.850368250746236,-6.240836244350528,miscanthus_sinensis_15wks vs control_6wks,FALSE
6046,0.33038761613113365,22.343167248047106,0.37874093864599917,0.7086445381171582,0.8507548453542301,-6.241514618987449,miscanthus_sinensis_15wks vs control_6wks,FALSE
85,0.2685440727876909,17.651305528521064,0.37830658290480396,0.7089623711285251,0.8507548453542301,-6.241680096589668,miscanthus_sinensis_15wks vs control_6wks,FALSE
2967,-0.1996475298582716,21.858715892548084,-0.3766400183077233,0.7101823573200337,0.8514412568599673,-6.242313274210103,miscanthus_sinensis_15wks vs control_6wks,FALSE
5443,0.24444558991304177,16.871223748967683,0.3754287322552665,0.7110695631783039,0.8517278085836749,-6.242771747671003,miscanthus_sinensis_15wks vs control_6wks,FALSE
1401,-0.1306878979992625,19.5207685997533,-0.3740646199010143,0.7120692091031857,0.8521483977792222,-6.2432863220579895,miscanthus_sinensis_15wks vs control_6wks,FALSE
1893,0.4053000936226141,21.29841668787611,0.3700437702547886,0.7150188414711998,0.854538926632931,-6.244792327079442,miscanthus_sinensis_15wks vs control_6wks,FALSE
1843,-0.40696178718661713,19.188840121396716,-0.36909917472012344,0.7157124463863148,0.854538926632931,-6.24514379480764,miscanthus_sinensis_15wks vs control_6wks,FALSE
139,0.42415031512437906,19.19068466681702,0.36868346539208136,0.7160177764253097,0.854538926632931,-6.245298192172408,miscanthus_sinensis_15wks vs control_6wks,FALSE
3866,-0.24018912140945048,19.611203451214976,-0.3624025734281062,0.7206368628567268,0.8564888743931992,-6.2476100596610955,miscanthus_sinensis_15wks vs control_6wks,FALSE
2776,-0.3450306111625565,17.835652653766534,-0.36214995443440146,0.7208228738754585,0.8564888743931992,-6.247702223200787,miscanthus_sinensis_15wks vs control_6wks,FALSE
3523,-0.22906787580993182,22.58121163885293,-0.3612279581706758,0.7215019178610229,0.8564888743931992,-6.248038058700731,miscanthus_sinensis_15wks vs control_6wks,FALSE
4880,-0.15001058581064086,17.03735442732975,-0.3612149592829397,0.7215114931376285,0.8564888743931992,-6.248042787479881,miscanthus_sinensis_15wks vs control_6wks,FALSE
923,-0.20994470887362127,16.928096371245747,-0.36108453829272036,0.7216075667975033,0.8564888743931992,-6.248090223166853,miscanthus_sinensis_15wks vs control_6wks,FALSE
4287,-0.30211873604780237,19.53086396583493,-0.3609990513621891,0.7216705426688477,0.8564888743931992,-6.248121306617522,miscanthus_sinensis_15wks vs control_6wks,FALSE
4984,0.1694198561421416,16.6808215041467,0.36026095386638135,0.7222143628825455,0.8564888743931992,-6.248389380095405,miscanthus_sinensis_15wks vs control_6wks,FALSE
602,-0.18803966209393153,17.061614013880185,-0.3589917752613816,0.7231498282448297,0.856677168510431,-6.248849072901185,miscanthus_sinensis_15wks vs control_6wks,FALSE
1697,0.5955675898030961,22.407738773196165,0.3576486708555942,0.7241402648414229,0.856677168510431,-6.249333796578569,miscanthus_sinensis_15wks vs control_6wks,FALSE
6045,-0.23274502921833218,24.335487083227704,-0.3573927793139649,0.7243290214726703,0.856677168510431,-6.249425943817469,miscanthus_sinensis_15wks vs control_6wks,FALSE
3816,0.3149426532977948,17.911085436931764,0.3559061346877438,0.7254259897245133,0.8566918111464717,-6.2499600000248865,miscanthus_sinensis_15wks vs control_6wks,FALSE
2811,-0.2394676534903155,28.82229925924785,-0.3556089535335411,0.7256453468843402,0.8566918111464717,-6.250066494475907,miscanthus_sinensis_15wks vs control_6wks,FALSE
148,-0.5430111770451056,20.282353145324883,-0.34640170150512056,0.7324533296993079,0.8639530298248569,-6.253322352549722,miscanthus_sinensis_15wks vs control_6wks,FALSE
1872,-0.27865922141955934,21.54761198353671,-0.34168649866775835,0.7359486240570715,0.8672973022520107,-6.254957053173123,miscanthus_sinensis_15wks vs control_6wks,FALSE
4551,-0.18357444031748216,20.309704749152978,-0.33996296767772094,0.7372277148621278,0.8680261804021828,-6.255549051361659,miscanthus_sinensis_15wks vs control_6wks,FALSE
2256,-0.4638244492039725,19.78724469300051,-0.3383099850097032,0.7384551829067718,0.8686930262663368,-6.256114036615653,miscanthus_sinensis_15wks vs control_6wks,FALSE
1167,0.397091222991385,17.95192625659613,0.33040791724827895,0.7443329099128899,0.8742619065325051,-6.258777307522908,miscanthus_sinensis_15wks vs control_6wks,FALSE
61,-0.7887907365088154,20.929521829926927,-0.33015695806888323,0.7445198427776814,0.8742619065325051,-6.258860869267902,miscanthus_sinensis_15wks vs control_6wks,FALSE
1920,0.1517441258858092,22.91911114382865,0.32486034540576436,0.7484688970349798,0.8781144024142531,-6.26060982229617,miscanthus_sinensis_15wks vs control_6wks,FALSE
104,-0.4591131817183154,21.144512143403546,-0.3162751434299365,0.7548848685762541,0.8833013925995079,-6.263385198465145,miscanthus_sinensis_15wks vs control_6wks,FALSE
5039,-0.2456712753257051,17.925074506229482,-0.31548268849403804,0.7554780165305712,0.8833013925995079,-6.263637668524609,miscanthus_sinensis_15wks vs control_6wks,FALSE
5940,-0.208098207555377,24.242574163063203,-0.31252012563332243,0.7576968441025446,0.8833013925995079,-6.264575961947185,miscanthus_sinensis_15wks vs control_6wks,FALSE
2348,0.19014929636255218,24.32310330437759,0.31228826073732546,0.7578705912084671,0.8833013925995079,-6.264649027462845,miscanthus_sinensis_15wks vs control_6wks,FALSE
2576,0.4393084086204446,21.206061226537177,0.31193281065185036,0.7581369718797404,0.8833013925995079,-6.2647609329821705,miscanthus_sinensis_15wks vs control_6wks,FALSE
424,-0.34127426044336673,19.428606381707805,-0.3118031102417676,0.7582341793625251,0.8833013925995079,-6.26480173482224,miscanthus_sinensis_15wks vs control_6wks,FALSE
2907,0.3290963783045626,18.065880279233845,0.3108075164157343,0.7589804904435374,0.8833013925995079,-6.265114374244406,miscanthus_sinensis_15wks vs control_6wks,FALSE
5200,-0.22834660489785108,17.693460146976136,-0.30982666729057357,0.7597159841377679,0.8833013925995079,-6.265421414869312,miscanthus_sinensis_15wks vs control_6wks,FALSE
2959,-0.17288624909207684,18.14069617515492,-0.3097054834071189,0.7598068705515948,0.8833013925995079,-6.265459282998352,miscanthus_sinensis_15wks vs control_6wks,FALSE
163,-0.6436082953422577,22.58864762087013,-0.308858344621781,0.7604423134064748,0.8833013925995079,-6.265723591128138,miscanthus_sinensis_15wks vs control_6wks,FALSE
4592,0.3424816334445282,18.772530950902595,0.30808892640865687,0.761019607917281,0.8833013925995079,-6.265963028783963,miscanthus_sinensis_15wks vs control_6wks,FALSE
1335,-0.37053879887204033,19.374315783569834,-0.3069746801664655,0.761855879747227,0.8833013925995079,-6.266308725579885,miscanthus_sinensis_15wks vs control_6wks,FALSE
4440,0.23770523699152335,20.554351254005336,0.3068432644580087,0.7619545304591278,0.8833013925995079,-6.266349415708782,miscanthus_sinensis_15wks vs control_6wks,FALSE
5239,-0.258839688682599,18.349467467870735,-0.3060681669916612,0.7625364623886101,0.8833013925995079,-6.266589057242088,miscanthus_sinensis_15wks vs control_6wks,FALSE
5998,-0.2787374043652129,17.872953898516048,-0.3045973599088555,0.7636411184618738,0.8833013925995079,-6.267042144256321,miscanthus_sinensis_15wks vs control_6wks,FALSE
4990,0.4640618375338086,19.231541198816753,0.3045913298914403,0.7636456483965304,0.8833013925995079,-6.26704399737138,miscanthus_sinensis_15wks vs control_6wks,FALSE
710,-0.13658632157167006,24.017541080823925,-0.3018896086300837,0.7656761348608707,0.8837067170566598,-6.267870619375508,miscanthus_sinensis_15wks vs control_6wks,FALSE
5947,-0.2589207912798166,18.3913501774989,-0.30121156684878686,0.7661859908493651,0.8837067170566598,-6.268076928026619,miscanthus_sinensis_15wks vs control_6wks,FALSE
1948,-0.14931287359352297,25.711608138754478,-0.3005634789309507,0.7666734244205653,0.8837067170566598,-6.268273692784103,miscanthus_sinensis_15wks vs control_6wks,FALSE
4227,0.20025518888431648,20.501568235704255,0.3005465038558076,0.7666861928802071,0.8837067170566598,-6.268278840908969,miscanthus_sinensis_15wks vs control_6wks,FALSE
413,-0.36871377851875664,23.920969350149488,-0.29828151502931377,0.7683904996877955,0.8848949312793718,-6.268963171543953,miscanthus_sinensis_15wks vs control_6wks,FALSE
6178,0.3325900751277544,17.567940101418603,0.29521285210330434,0.7707014511754087,0.886779077797274,-6.269882132440015,miscanthus_sinensis_15wks vs control_6wks,FALSE
501,-0.1665477224370946,24.90153461766595,-0.2941028898548497,0.7715378815552489,0.8869648087170579,-6.2702122081329605,miscanthus_sinensis_15wks vs control_6wks,FALSE
136,-0.15706491609091344,23.445706122244882,-0.2917567620923335,0.7733067809012103,0.8882212500910754,-6.270905831780969,miscanthus_sinensis_15wks vs control_6wks,FALSE
2987,0.24359677403486302,21.041354207249945,0.2879506486057622,0.7761791421009405,0.8907418277036121,-6.2720193745920545,miscanthus_sinensis_15wks vs control_6wks,FALSE
6064,-0.33958425237037915,19.793498306488367,-0.28690379123092824,0.7769697521475398,0.8908710770696923,-6.272323107115189,miscanthus_sinensis_15wks vs control_6wks,FALSE
2467,0.16990989657637456,17.671095562518524,0.2808341176071457,0.7815585613258578,0.8953513073950977,-6.274062516199432,miscanthus_sinensis_15wks vs control_6wks,FALSE
4355,-0.19658592388713814,18.960158144808318,-0.27669707782156544,0.7846909465053674,0.8980414319427659,-6.275226931574733,miscanthus_sinensis_15wks vs control_6wks,FALSE
1786,0.35968739679569595,28.685937869664635,0.2759280006084085,0.7852736722239254,0.8980414319427659,-6.275441506195788,miscanthus_sinensis_15wks vs control_6wks,FALSE
129,-0.5503495583423259,21.683342284110974,-0.2743431361843987,0.7864749221659141,0.8986330849791401,-6.2758818180001805,miscanthus_sinensis_15wks vs control_6wks,FALSE
2812,0.3120703449553375,20.924818978965327,0.2729744631087055,0.7875127483598876,0.8990371427844416,-6.276260040783567,miscanthus_sinensis_15wks vs control_6wks,FALSE
3216,-0.3027991063265354,18.110083262737113,-0.26954709046044173,0.7901133998253044,0.9005121709287461,-6.277198929977329,miscanthus_sinensis_15wks vs control_6wks,FALSE
485,-0.14936469616471726,25.974626518573622,-0.2694653639048515,0.7901754437449349,0.9005121709287461,-6.2772211742421895,miscanthus_sinensis_15wks vs control_6wks,FALSE
3496,0.15073325654033098,20.740069181976875,0.2677073909434794,0.7915103793996411,0.9012518531465583,-6.277698036157639,miscanthus_sinensis_15wks vs control_6wks,FALSE
5907,-0.2996880858497306,18.500655201141978,-0.26611979415824166,0.7927165017392974,0.9018437084722396,-6.278126018881168,miscanthus_sinensis_15wks vs control_6wks,FALSE
507,-0.13131284125612197,21.682778611571678,-0.2619369965082655,0.7958967784978797,0.9046785181195621,-6.279241507173847,miscanthus_sinensis_15wks vs control_6wks,FALSE
5867,0.3689862473149468,21.07358869742246,0.2596510925566402,0.7976363447673198,0.9052236147511639,-6.279843704738684,miscanthus_sinensis_15wks vs control_6wks,FALSE
59,-0.1453744933867327,27.42982850927068,-0.25949634731412613,0.7977541445067334,0.9052236147511639,-6.279884281256927,miscanthus_sinensis_15wks vs control_6wks,FALSE
531,-0.3239887527406289,19.844939949420308,-0.2583455640820921,0.7986303323887742,0.9054359419834765,-6.280185279944317,miscanthus_sinensis_15wks vs control_6wks,FALSE
5636,-0.19071284930434018,17.570597461633785,-0.25677793318062003,0.7998243387433994,0.9060079147489887,-6.280593170678112,miscanthus_sinensis_15wks vs control_6wks,FALSE
209,0.4551587552866039,20.814615445690198,0.25353246899176213,0.8022978802367262,0.9072647229296734,-6.2814297860863935,miscanthus_sinensis_15wks vs control_6wks,FALSE
842,-0.3311685801179607,20.50714740759764,-0.2526369841572379,0.8029807522807252,0.9072647229296734,-6.281658762635788,miscanthus_sinensis_15wks vs control_6wks,FALSE
2505,-0.2747795802676194,18.1232592890189,-0.25260488866391334,0.8030052304164461,0.9072647229296734,-6.281666954545866,miscanthus_sinensis_15wks vs control_6wks,FALSE
429,-0.4279943232295622,20.88126395665726,-0.25107257597038807,0.8041741135618655,0.9078047982992193,-6.282056851646898,miscanthus_sinensis_15wks vs control_6wks,FALSE
1941,0.16169994878557503,25.33039463560525,0.2498049375596565,0.8051414521609191,0.9081166250124015,-6.282377620234749,miscanthus_sinensis_15wks vs control_6wks,FALSE
3193,-0.22418299546123777,20.36186131889683,-0.24835484699835236,0.8062484126885991,0.9085852609543904,-6.282742578327213,miscanthus_sinensis_15wks vs control_6wks,FALSE
1354,0.13338288141625299,23.461241994968294,0.24578131069962408,0.8082140054148744,0.9100198827036375,-6.28338508427048,miscanthus_sinensis_15wks vs control_6wks,FALSE
5050,0.17343176009179828,24.707841562071092,0.24112288890387928,0.811775267649997,0.9119519140492723,-6.284531177233963,miscanthus_sinensis_15wks vs control_6wks,FALSE
5631,-0.10041135120425082,17.471241508876282,-0.24112061650405475,0.8117770058763659,0.9119519140492723,-6.284531730982468,miscanthus_sinensis_15wks vs control_6wks,FALSE
3703,-0.12092461176839109,26.855083034848175,-0.2408134468356303,0.8120119782630507,0.9119519140492723,-6.284606535694097,miscanthus_sinensis_15wks vs control_6wks,FALSE
734,-0.26673702767391205,17.65282048285142,-0.23795239893406459,0.814201433339803,0.9136299602122127,-6.285298728825856,miscanthus_sinensis_15wks vs control_6wks,FALSE
3991,0.13652925418421447,25.554906386606532,0.23276742381993998,0.8181732608887128,0.917303468266014,-6.2865321980460696,miscanthus_sinensis_15wks vs control_6wks,FALSE
1586,0.14371660763954353,23.251752398368026,0.22961027189633487,0.820594183158858,0.9192333816459841,-6.287270021776235,miscanthus_sinensis_15wks vs control_6wks,FALSE
3,-0.17867948528082778,26.728809148484135,-0.22396794497708042,0.8249253036523019,0.9229957250235995,-6.288563660657812,miscanthus_sinensis_15wks vs control_6wks,FALSE
388,-0.33054530318282005,20.407527557420167,-0.22340509697228192,0.8253576688757454,0.9229957250235995,-6.288690950338865,miscanthus_sinensis_15wks vs control_6wks,FALSE
3140,-0.28762413451956803,18.919534701255188,-0.220735756333337,0.8274089582119469,0.9237296718546258,-6.289290288775137,miscanthus_sinensis_15wks vs control_6wks,FALSE
3584,-0.32530529194889723,20.656381511740666,-0.22072144779564262,0.8274199572092045,0.9237296718546258,-6.289293482105386,miscanthus_sinensis_15wks vs control_6wks,FALSE
5969,-0.15945665706082224,18.262780814413563,-0.21914652661214415,0.8286308231411192,0.9239701187009867,-6.289643708208742,miscanthus_sinensis_15wks vs control_6wks,FALSE
3733,-0.2635311106891187,19.475830120729896,-0.21858259810305122,0.8290645015353741,0.9239701187009867,-6.289768505955631,miscanthus_sinensis_15wks vs control_6wks,FALSE
966,0.2568332927896897,19.007589526071914,0.21690355543294162,0.8303560672647312,0.9239701187009867,-6.290138183989559,miscanthus_sinensis_15wks vs control_6wks,FALSE
4648,-0.14059297727819953,19.517901010720305,-0.21534990440250332,0.8315516162416547,0.9239701187009867,-6.2904777266184215,miscanthus_sinensis_15wks vs control_6wks,FALSE
279,-0.35835623448434006,19.994922702866646,-0.2145194318285098,0.8321908442660341,0.9239701187009867,-6.29065822568371,miscanthus_sinensis_15wks vs control_6wks,FALSE
118,0.2706792493135417,22.207217097351126,0.2141469912129243,0.8324775564426896,0.9239701187009867,-6.290738948284515,miscanthus_sinensis_15wks vs control_6wks,FALSE
3236,-0.295130024398393,20.284401099242867,-0.2127923933814897,0.8335205539395392,0.9239701187009867,-6.291031365555756,miscanthus_sinensis_15wks vs control_6wks,FALSE
3275,0.17855112433520048,24.372329960376092,0.2119307542834556,0.834184152406999,0.9239701187009867,-6.291216406446023,miscanthus_sinensis_15wks vs control_6wks,FALSE
293,0.19201330591187826,24.360469604894746,0.21135771994519578,0.8346255496796209,0.9239701187009867,-6.291339054281356,miscanthus_sinensis_15wks vs control_6wks,FALSE
1184,0.15632071666751557,18.48783186933824,0.21048063584427631,0.8353012587506997,0.9239701187009867,-6.291526138243987,miscanthus_sinensis_15wks vs control_6wks,FALSE
2088,0.11768632193536988,17.50020764470967,0.21039110072324832,0.8353702443050017,0.9239701187009867,-6.291545192708206,miscanthus_sinensis_15wks vs control_6wks,FALSE
5335,0.23774233688289925,18.317516189196944,0.20801987662141116,0.8371977317092973,0.9247378376484966,-6.292046888068411,miscanthus_sinensis_15wks vs control_6wks,FALSE
1311,-0.24575581610361041,20.18686747769716,-0.2076642892979505,0.8374718621017586,0.9247378376484966,-6.292121633763775,miscanthus_sinensis_15wks vs control_6wks,FALSE
2507,-0.13726706178456638,18.709180112172973,-0.2046888541983925,0.8397665187967008,0.9260502608250716,-6.292742089384258,miscanthus_sinensis_15wks vs control_6wks,FALSE
223,0.2458035215183081,18.247245162208888,0.20429554674959702,0.8400699474151334,0.9260502608250716,-6.292823436935052,miscanthus_sinensis_15wks vs control_6wks,FALSE
655,0.2583428690726137,19.349932030898877,0.20293592221865064,0.8411190658142464,0.9264295494383233,-6.293103446859419,miscanthus_sinensis_15wks vs control_6wks,FALSE
54,0.12470675194414227,21.737254672220015,0.198054085572289,0.8448884861235041,0.9298019018143086,-6.2940934951534215,miscanthus_sinensis_15wks vs control_6wks,FALSE
2911,-0.1058210502652841,22.69316147765575,-0.19424244973616303,0.8478342246839915,0.9316427099139345,-6.2948498086953535,miscanthus_sinensis_15wks vs control_6wks,FALSE
2034,-0.28213793560778555,22.930165486021966,-0.1940549235993872,0.847979209328056,0.9316427099139345,-6.294886640144065,miscanthus_sinensis_15wks vs control_6wks,FALSE
314,-0.15144904440328233,22.105695540853457,-0.18957827396796778,0.8514419283560388,0.9324068799996591,-6.295755361928189,miscanthus_sinensis_15wks vs control_6wks,FALSE
509,0.2772131674268934,22.521474557011746,0.18917222311342236,0.851756164534233,0.9324068799996591,-6.295833159278014,miscanthus_sinensis_15wks vs control_6wks,FALSE
57,0.10103253209018703,28.40837513311941,0.1888988361991751,0.8519677484555844,0.9324068799996591,-6.29588544523153,miscanthus_sinensis_15wks vs control_6wks,FALSE
175,0.09422596791744553,26.02708176826881,0.18865795243306768,0.8521541864938942,0.9324068799996591,-6.295931452424969,miscanthus_sinensis_15wks vs control_6wks,FALSE
4286,0.16652063349485147,18.363660582759785,0.18856939922863009,0.8522227266967964,0.9324068799996591,-6.29594835079021,miscanthus_sinensis_15wks vs control_6wks,FALSE
4829,0.11541340427491065,22.717279956178118,0.18681730265053947,0.8535790952354979,0.9331139194171748,-6.296281072739845,miscanthus_sinensis_15wks vs control_6wks,FALSE
29,-0.1976744842216327,22.329220885834992,-0.1801025202290149,0.8587815408113015,0.9380207353500001,-6.297527539142458,miscanthus_sinensis_15wks vs control_6wks,FALSE
371,0.1753708066928681,22.520508276492254,0.17547455816284802,0.8623710160687837,0.939320095837282,-6.298360154388049,miscanthus_sinensis_15wks vs control_6wks,FALSE
1492,-0.20715294826330677,19.365273232902474,-0.1753836046655248,0.8624415909557462,0.939320095837282,-6.298376301300772,miscanthus_sinensis_15wks vs control_6wks,FALSE
5318,0.09957749696593865,20.51603603399074,0.17535753289051184,0.8624618214292865,0.939320095837282,-6.298380928266142,miscanthus_sinensis_15wks vs control_6wks,FALSE
5082,0.19104485576658092,21.18889759400975,0.17461080337331245,0.8630412894795516,0.939320095837282,-6.298513159444601,miscanthus_sinensis_15wks vs control_6wks,FALSE
2770,-0.29062807251789025,17.76622903408809,-0.1738963469341025,0.8635957873292954,0.939320095837282,-6.298639149024845,miscanthus_sinensis_15wks vs control_6wks,FALSE
3122,0.3330041049371033,19.65664939028337,0.17276949526050966,0.8644704961635389,0.939320095837282,-6.298836814916557,miscanthus_sinensis_15wks vs control_6wks,FALSE
5790,-0.19957972661419632,18.797874464021522,-0.17126019546036184,0.8656423558481189,0.939320095837282,-6.29909956022522,miscanthus_sinensis_15wks vs control_6wks,FALSE
3780,0.16055326957025073,18.168245128412977,0.16962602869382987,0.866911522601725,0.939320095837282,-6.299381450902337,miscanthus_sinensis_15wks vs control_6wks,FALSE
10,-0.07079794614286428,25.5807394958174,-0.16950318276534873,0.8670069451379695,0.939320095837282,-6.299402532677269,miscanthus_sinensis_15wks vs control_6wks,FALSE
4298,-0.13020700477632374,17.750938865704654,-0.1693580361937067,0.8671196927325899,0.939320095837282,-6.299427421870249,miscanthus_sinensis_15wks vs control_6wks,FALSE
1863,-0.1596440919671771,21.02062206437806,-0.16689956787282442,0.8690298309604442,0.9406138368056207,-6.299845760661152,miscanthus_sinensis_15wks vs control_6wks,FALSE
399,-0.0981774316206625,27.434213173142773,-0.1618135299765643,0.8729840818962913,0.9435980644033857,-6.300691846396535,miscanthus_sinensis_15wks vs control_6wks,FALSE
1730,0.2107862795500992,18.617951708538577,0.16150615076452524,0.8732231707112,0.9435980644033857,-6.30074214351418,miscanthus_sinensis_15wks vs control_6wks,FALSE
4263,0.23004546803410975,19.699204040220405,0.15411006312752898,0.8789797603522717,0.9488611171861789,-6.301923615701484,miscanthus_sinensis_15wks vs control_6wks,FALSE
1916,-0.08117645361509318,24.55068596224096,-0.1526766902132576,0.8800962004472381,0.9488611171861789,-6.302146196257313,miscanthus_sinensis_15wks vs control_6wks,FALSE
3820,0.08906328059078206,23.0196420609327,0.14900837005593784,0.8829545775523207,0.9488611171861789,-6.302706377785391,miscanthus_sinensis_15wks vs control_6wks,FALSE
4378,0.08343419943234309,17.637254576412893,0.14841293398203223,0.8834187001698093,0.9488611171861789,-6.302796023289469,miscanthus_sinensis_15wks vs control_6wks,FALSE
1722,0.23035513019658183,19.53058033759771,0.14773484969831333,0.8839472965609239,0.9488611171861789,-6.302897675646249,miscanthus_sinensis_15wks vs control_6wks,FALSE
3559,0.18730479335630434,19.095852822943872,0.14764365104848498,0.8840183941335262,0.9488611171861789,-6.30291131189708,miscanthus_sinensis_15wks vs control_6wks,FALSE
2440,-0.14695955490146062,22.908229217483697,-0.14674329144051795,0.8847203593004199,0.9488611171861789,-6.303045484955388,miscanthus_sinensis_15wks vs control_6wks,FALSE
3110,-0.11159967068698151,22.29580785665898,-0.1464673483161082,0.8849355177475219,0.9488611171861789,-6.303086442482494,miscanthus_sinensis_15wks vs control_6wks,FALSE
2044,-0.08454453194156386,26.823897852125803,-0.14596246747053235,0.8853292071128438,0.9488611171861789,-6.303161181499602,miscanthus_sinensis_15wks vs control_6wks,FALSE
3552,-0.08056002465843193,23.7825853927937,-0.14573120751031166,0.8855095461133208,0.9488611171861789,-6.303195329601299,miscanthus_sinensis_15wks vs control_6wks,FALSE
5326,-0.10101892045228666,17.263675841195052,-0.14505489375709052,0.8860369792902905,0.9488611171861789,-6.303294884757749,miscanthus_sinensis_15wks vs control_6wks,FALSE
1432,0.24650645727476217,20.356905444149547,0.14380325229437144,0.8870132328053933,0.9489778451373911,-6.30347791057243,miscanthus_sinensis_15wks vs control_6wks,FALSE
2054,0.17354431885861388,19.682440094659555,0.14215184959407462,0.8883015725514549,0.9489778451373911,-6.303716970855124,miscanthus_sinensis_15wks vs control_6wks,FALSE
5742,0.05855012669399429,16.832471327363223,0.1421377230037502,0.8883125947633113,0.9489778451373911,-6.30371900396054,miscanthus_sinensis_15wks vs control_6wks,FALSE
992,-0.08335932558106762,18.661082855271346,-0.13816436572536175,0.8914137005879952,0.9496787808477718,-6.304282845888508,miscanthus_sinensis_15wks vs control_6wks,FALSE
423,0.23166551421109105,20.434475085749973,0.1376856573511747,0.8917874417276351,0.9496787808477718,-6.304349700384027,miscanthus_sinensis_15wks vs control_6wks,FALSE
5908,-0.0792558824456222,17.726786245410405,-0.13761535809824246,0.8918423285110523,0.9496787808477718,-6.304359498592779,miscanthus_sinensis_15wks vs control_6wks,FALSE
4500,-0.06836477162384469,17.061016431633288,-0.13759313823074326,0.891859676990982,0.9496787808477718,-6.304362594527081,miscanthus_sinensis_15wks vs control_6wks,FALSE
3203,-0.21839333676292938,22.634103000040618,-0.13356316062310641,0.8950070487264196,0.9515746307351999,-6.304915845727363,miscanthus_sinensis_15wks vs control_6wks,FALSE
5476,-0.04877379033724338,20.08346529999419,-0.13330827035120757,0.8952061756149071,0.9515746307351999,-6.304950286083497,miscanthus_sinensis_15wks vs control_6wks,FALSE
1947,-0.2834313973888456,22.269430960868167,-0.13244135866879345,0.8958834824005892,0.9515746307351999,-6.305066930233177,miscanthus_sinensis_15wks vs control_6wks,FALSE
4711,-0.06125371572108307,23.748151344248704,-0.1316052136939563,0.8965368286531031,0.9515746307351999,-6.305178714921535,miscanthus_sinensis_15wks vs control_6wks,FALSE
2950,-0.18030164577119123,19.61104262131633,-0.12900890089095327,0.8985660107070839,0.952958626367319,-6.305521312764757,miscanthus_sinensis_15wks vs control_6wks,FALSE
5654,-0.11500401812991967,20.45926250906417,-0.1264474859622339,0.9005686149351836,0.9543122258264767,-6.305852627254984,miscanthus_sinensis_15wks vs control_6wks,FALSE
638,-0.11479881549778526,19.358309179730334,-0.12426212734082864,0.9022777422676627,0.9553529035775252,-6.306130055148674,miscanthus_sinensis_15wks vs control_6wks,FALSE
1254,-0.16281171244591874,18.69543200591322,-0.12121531192606441,0.9046614073632169,0.9571055469205049,-6.306508783512838,miscanthus_sinensis_15wks vs control_6wks,FALSE
5291,-0.06656057876798371,17.14602970093907,-0.11747546276420244,0.9075885221395216,0.9588091045717126,-6.3069608238046015,miscanthus_sinensis_15wks vs control_6wks,FALSE
781,0.07130001898018534,17.180035497660924,0.11729347691508923,0.9077309939780902,0.9588091045717126,-6.3069824597342645,miscanthus_sinensis_15wks vs control_6wks,FALSE
16,-0.046685018772905096,26.137532089805298,-0.11569912308030351,0.9089793063548985,0.9593564727311941,-6.307170576938236,miscanthus_sinensis_15wks vs control_6wks,FALSE
3726,0.1769814423105558,18.373474355375716,0.11287354631526057,0.9111922047456031,0.9594564751162431,-6.307497649287163,miscanthus_sinensis_15wks vs control_6wks,FALSE
2683,0.09705867146229963,18.989917391413783,0.11180857980136955,0.9120264440059022,0.9594564751162431,-6.307618827974237,miscanthus_sinensis_15wks vs control_6wks,FALSE
4339,-0.05653998592793741,25.12204482688794,-0.11130757401636168,0.9124189418434157,0.9594564751162431,-6.3076754387658776,miscanthus_sinensis_15wks vs control_6wks,FALSE
3646,-0.13580053485565458,23.096112461033876,-0.10995834994989051,0.9134760642782194,0.9594564751162431,-6.3078266306295685,miscanthus_sinensis_15wks vs control_6wks,FALSE
5176,0.11295532937429797,18.876660276845275,0.10915945252782752,0.9141020810920646,0.9594564751162431,-6.307915285681844,miscanthus_sinensis_15wks vs control_6wks,FALSE
601,0.047693295860749885,24.47105155812205,0.10779214234397637,0.915173639062989,0.9594564751162431,-6.3080655201844404,miscanthus_sinensis_15wks vs control_6wks,FALSE
2435,-0.09443443465403689,18.340556107155738,-0.10668540270349397,0.9160411096198081,0.9594564751162431,-6.308185739076895,miscanthus_sinensis_15wks vs control_6wks,FALSE
1535,-0.0861199551581926,21.744402195871658,-0.10497569402785456,0.9173814020084503,0.9594564751162431,-6.308369019008022,miscanthus_sinensis_15wks vs control_6wks,FALSE
4,-0.0684478692506083,23.808025534715807,-0.10486313414092267,0.9174696499894774,0.9594564751162431,-6.308380981601017,miscanthus_sinensis_15wks vs control_6wks,FALSE
3994,-0.07749161073822464,18.566130834504314,-0.1044794286048503,0.917770486825204,0.9594564751162431,-6.308421664559344,miscanthus_sinensis_15wks vs control_6wks,FALSE
1461,-0.19073088536949,20.199268444950253,-0.10371672184509104,0.9183685096096648,0.9594564751162431,-6.30850208931313,miscanthus_sinensis_15wks vs control_6wks,FALSE
243,-0.17038883388520532,22.82671584210896,-0.10315323157465259,0.9188103626395819,0.9594564751162431,-6.308561129292314,miscanthus_sinensis_15wks vs control_6wks,FALSE
5557,-0.05252880581572228,18.87454631187604,-0.102571091092588,0.9192668682013815,0.9594564751162431,-6.308621785924781,miscanthus_sinensis_15wks vs control_6wks,FALSE
1820,-0.06601051649041167,17.28556476650231,-0.1014272516969265,0.9201639323165127,0.9594564751162431,-6.308739970356662,miscanthus_sinensis_15wks vs control_6wks,FALSE
2514,0.1207760193009868,25.290263050188155,0.10036197452239325,0.9209994814488631,0.9594564751162431,-6.308848846796965,miscanthus_sinensis_15wks vs control_6wks,FALSE
2036,0.05615408295857094,17.08874889986248,0.09997836402738643,0.9213003889227447,0.9594564751162431,-6.308887772393975,miscanthus_sinensis_15wks vs control_6wks,FALSE
4003,0.09828121379056043,18.298471024207636,0.09856349535377826,0.9224103285373082,0.9594564751162431,-6.309030053880095,miscanthus_sinensis_15wks vs control_6wks,FALSE
3134,-0.06552575189450849,17.25755137374519,-0.09835795940236236,0.9225715814121478,0.9594564751162431,-6.309050554377767,miscanthus_sinensis_15wks vs control_6wks,FALSE
589,-0.045441601853106306,25.886693068886856,-0.09710502241608913,0.9235546444934933,0.9594564751162431,-6.309174599683637,miscanthus_sinensis_15wks vs control_6wks,FALSE
3656,0.1083293935925802,17.494264304241344,0.09694825162855371,0.9236776567899905,0.9594564751162431,-6.309190008724513,miscanthus_sinensis_15wks vs control_6wks,FALSE
6035,-0.057750902388125525,17.06429849041299,-0.09456561118982652,0.9255474665534629,0.96063931362658,-6.309421137148406,miscanthus_sinensis_15wks vs control_6wks,FALSE
106,0.08183316943406282,19.48343685045159,0.09193093275011888,0.927615579613412,0.9620259444451644,-6.309670024626796,miscanthus_sinensis_15wks vs control_6wks,FALSE
4166,0.04390273766588493,26.19099278295589,0.09003443465163143,0.929104577235372,0.9628102637912294,-6.309844829939133,miscanthus_sinensis_15wks vs control_6wks,FALSE
1940,-0.1026534323896584,18.51152442867603,-0.08782950146948036,0.930836070730075,0.9637485960233213,-6.3100434872698585,miscanthus_sinensis_15wks vs control_6wks,FALSE
4329,-0.057782455632246155,17.38391575086854,-0.08701349694915331,0.9314769535385221,0.9637485960233213,-6.310115758878735,miscanthus_sinensis_15wks vs control_6wks,FALSE
3834,0.07729636977763477,22.39718459110457,0.0858511043216405,0.9323899686840449,0.9639342398511684,-6.310217545209131,miscanthus_sinensis_15wks vs control_6wks,FALSE
2094,0.07664096431621203,22.41170815689782,0.0818860241192465,0.9355050980349906,0.9663944173097307,-6.310554460614446,miscanthus_sinensis_15wks vs control_6wks,FALSE
4284,0.05263425904572472,17.339354395005998,0.07627458566434829,0.9399154715819529,0.9696960507754138,-6.311004063017159,miscanthus_sinensis_15wks vs control_6wks,FALSE
274,-0.11606324107958343,21.29007307349644,-0.07594173211182721,0.94017714512015,0.9696960507754138,-6.311029730330171,miscanthus_sinensis_15wks vs control_6wks,FALSE
1637,-0.04076251047575852,17.580567611561754,-0.07142374835431163,0.943729640169207,0.9725966644567356,-6.311367028508967,miscanthus_sinensis_15wks vs control_6wks,FALSE
4359,-0.049383711433964805,17.537852445108452,-0.07034280589549108,0.944579767063725,0.9727098855186008,-6.311444663691412,miscanthus_sinensis_15wks vs control_6wks,FALSE
300,0.0818914636063397,20.935918244209677,0.06791357215625249,0.9464905275758846,0.9732958685143555,-6.311614817574484,miscanthus_sinensis_15wks vs control_6wks,FALSE
1085,-0.09557829919911498,18.675963570005965,-0.06773598115568316,0.9466302282810855,0.9732958685143555,-6.311627022370051,miscanthus_sinensis_15wks vs control_6wks,FALSE
2342,0.09662790231671181,20.00198895921303,0.06135037579452228,0.9516545530190541,0.9776967026325544,-6.312044643600675,miscanthus_sinensis_15wks vs control_6wks,FALSE
2207,-0.04912135926643657,17.648134001597423,-0.057790717538188895,0.9544562732837142,0.9791243622040342,-6.312259517281879,miscanthus_sinensis_15wks vs control_6wks,FALSE
76,-0.09688856609287555,21.414897895114258,-0.05734920693463336,0.9548038183423083,0.9791243622040342,-6.312285273698013,miscanthus_sinensis_15wks vs control_6wks,FALSE
98,-0.09832818888397554,23.074621940748496,-0.05619360784544791,0.9557135177415066,0.9791243622040342,-6.312351753103202,miscanthus_sinensis_15wks vs control_6wks,FALSE
228,0.134961208232653,20.746060172126743,0.05579823087383911,0.9560247767943499,0.9791243622040342,-6.312374187783102,miscanthus_sinensis_15wks vs control_6wks,FALSE
5497,0.02629375644504961,17.425731003861173,0.05361361420358053,0.957744736386825,0.9793547761660738,-6.3124952935181,miscanthus_sinensis_15wks vs control_6wks,FALSE
1203,0.01920897349955908,20.939072721453606,0.053289712343108746,0.9579997640981961,0.9793547761660738,-6.312512837682068,miscanthus_sinensis_15wks vs control_6wks,FALSE
2417,-0.044256642071662355,20.6338925572305,-0.05267252689605261,0.9584857246191559,0.9793547761660738,-6.312545973361247,miscanthus_sinensis_15wks vs control_6wks,FALSE
146,0.07446148995433077,19.677111550684817,0.04784518060994381,0.9622872441851231,0.9812917158018821,-6.312791832252237,miscanthus_sinensis_15wks vs control_6wks,FALSE
4690,-0.035163859625694016,20.89213191954807,-0.047074049417585466,0.962894595067997,0.9812917158018821,-6.312828919385634,miscanthus_sinensis_15wks vs control_6wks,FALSE
2208,-0.04076790008128128,19.09000356884914,-0.0470048580927216,0.9629490920034748,0.9812917158018821,-6.3128322176506115,miscanthus_sinensis_15wks vs control_6wks,FALSE
2452,-0.02148657124243769,22.91197164428593,-0.04555258779658658,0.9640929812836003,0.9812917158018821,-6.312900326247969,miscanthus_sinensis_15wks vs control_6wks,FALSE
472,0.06606135565755267,21.40395497002103,0.04518102599930747,0.9643856569587608,0.9812917158018821,-6.312917408462026,miscanthus_sinensis_15wks vs control_6wks,FALSE
173,-0.015877470144335604,22.50406457998249,-0.044411752975134874,0.9649916222682164,0.9812917158018821,-6.3129523304928785,miscanthus_sinensis_15wks vs control_6wks,FALSE
5375,0.06067940275330841,19.11585642577777,0.04362805637357859,0.9656089714854138,0.9812917158018821,-6.312987290740057,miscanthus_sinensis_15wks vs control_6wks,FALSE
3799,-0.04181463634039062,18.23753184731571,-0.04244262446405876,0.9665428255738056,0.9814816636815923,-6.313038989615488,miscanthus_sinensis_15wks vs control_6wks,FALSE
3853,0.02075074418486622,16.602298920257265,0.037901202080303925,0.9701208896637795,0.9837659073611128,-6.313223873299198,miscanthus_sinensis_15wks vs control_6wks,FALSE
1165,0.021701943099088794,16.64279563702441,0.037687010377483024,0.9702896620547963,0.9837659073611128,-6.31323207709651,miscanthus_sinensis_15wks vs control_6wks,FALSE
402,-0.03487253334643725,20.22597387884809,-0.028070355651560353,0.9778684546031097,0.9905197670350894,-6.31355250733121,miscanthus_sinensis_15wks vs control_6wks,FALSE
370,-0.044701989913587425,19.671016506787844,-0.02727126774960808,0.9784983145443364,0.9905197670350894,-6.313574916133976,miscanthus_sinensis_15wks vs control_6wks,FALSE
5558,-0.026353961172304707,18.20877063678468,-0.026077410007504718,0.9794393680376507,0.9905197670350894,-6.313607189895391,miscanthus_sinensis_15wks vs control_6wks,FALSE
1441,0.02350308750826713,19.79818717926657,0.025408960683169834,0.9799662839768768,0.9905197670350894,-6.313624629440336,miscanthus_sinensis_15wks vs control_6wks,FALSE
249,0.021486260147874248,22.386037783715093,0.02431118731299849,0.9808316417233671,0.9906324190810949,-6.313652287418221,miscanthus_sinensis_15wks vs control_6wks,FALSE
1830,0.009150072402590581,16.377412279572393,0.019503295528138925,0.9846218987667865,0.9936967549766186,-6.313759033144714,miscanthus_sinensis_15wks vs control_6wks,FALSE
2829,0.009090952934382557,17.394552347757738,0.016467008431442415,0.9870157251692125,0.9943264066665349,-6.313814376877104,miscanthus_sinensis_15wks vs control_6wks,FALSE
3763,0.009654249306812801,27.480165704461715,0.016057834329473913,0.9873383305029227,0.9943264066665349,-6.313821120699761,miscanthus_sinensis_15wks vs control_6wks,FALSE
4117,-0.006537984945406805,22.91687836966753,-0.01583255083673151,0.9875159518263532,0.9943264066665349,-6.313824761292925,miscanthus_sinensis_15wks vs control_6wks,FALSE
2834,-0.007572322087384009,17.589831726187672,-0.014183111972807708,0.9888164462691974,0.994833059150135,-6.313849849393042,miscanthus_sinensis_15wks vs control_6wks,FALSE
1657,-0.005011618731149525,24.059898097714225,-0.011919864738153804,0.9906009469267419,0.994833059150135,-6.313879786290837,miscanthus_sinensis_15wks vs control_6wks,FALSE
320,-0.020718187325137194,20.426941712133754,-0.010824318693936416,0.9914647698998378,0.994833059150135,-6.3138924128969265,miscanthus_sinensis_15wks vs control_6wks,FALSE
2012,-0.009141405994675722,18.03111432760053,-0.00977808577391704,0.9922897201818364,0.994833059150135,-6.3139033356578755,miscanthus_sinensis_15wks vs control_6wks,FALSE
3004,0.006496179155234927,19.02023542766985,0.009632522817033981,0.9924044966863776,0.994833059150135,-6.313904767438291,miscanthus_sinensis_15wks vs control_6wks,FALSE
1905,0.0067389895073795,25.644916711932748,0.00943308885183356,0.9925617507959108,0.994833059150135,-6.313906694236941,miscanthus_sinensis_15wks vs control_6wks,FALSE
89,-0.008768196607437773,19.402630821893133,-0.007939362864416998,0.9937395663411879,0.9952544132410982,-6.313919844027353,miscanthus_sinensis_15wks vs control_6wks,FALSE
3229,3.622994784500122e-4,17.706903675233963,5.101660690227218e-4,0.9995977138374059,0.999668905702823,-6.31395165391084,miscanthus_sinensis_15wks vs control_6wks,FALSE
6226,2.9777657466212304e-4,17.6334227928184,4.198828826279913e-4,0.999668905702823,0.999668905702823,-6.313951696460988,miscanthus_sinensis_15wks vs control_6wks,FALSE
