ID,logFC,AveExpr,t,P.Value,adj.P.Val,B,comparison,pass
205,10.534910656274413,21.067036158387268,16.60228289246276,1.8478747014745895e-4,0.08466618915090918,0.1541946107716985,miscanthus_floridulus_15wks vs miscanthus_sacchariflorus_ssp_lutarioriparius_15wks,TRUE
163,9.65610999588925,20.946308238017654,16.17199402231149,2.0242101071690536e-4,0.08466618915090918,0.1315311910809056,miscanthus_floridulus_15wks vs miscanthus_sacchariflorus_ssp_lutarioriparius_15wks,TRUE
5743,9.760043325558707,20.335345200328334,16.165318851318304,2.027111958359722e-4,0.08466618915090918,0.13116740166084728,miscanthus_floridulus_15wks vs miscanthus_sacchariflorus_ssp_lutarioriparius_15wks,TRUE
1110,-9.399968889894904,21.018216372011565,-15.40251352841619,2.397071825193442e-4,0.08466618915090918,0.08692955065848462,miscanthus_floridulus_15wks vs miscanthus_sacchariflorus_ssp_lutarioriparius_15wks,TRUE
2652,7.961117330251749,19.524194661198273,11.336293222766143,6.902662499325375e-4,0.08466618915090918,-0.2785394807274697,miscanthus_floridulus_15wks vs miscanthus_sacchariflorus_ssp_lutarioriparius_15wks,TRUE
168,6.9449577887823,19.12271496841191,11.303864500025105,6.970849275863431e-4,0.08466618915090918,-0.28271329557529334,miscanthus_floridulus_15wks vs miscanthus_sacchariflorus_ssp_lutarioriparius_15wks,TRUE
444,6.960428042680004,18.892409398914904,11.134565069327245,7.341163261473969e-4,0.08466618915090918,-0.30494639550627944,miscanthus_floridulus_15wks vs miscanthus_sacchariflorus_ssp_lutarioriparius_15wks,TRUE
329,6.386506435858632,19.256156790691207,10.77941961728626,8.203515777502868e-4,0.08466618915090918,-0.3541165879889485,miscanthus_floridulus_15wks vs miscanthus_sacchariflorus_ssp_lutarioriparius_15wks,TRUE
3671,6.3309932356257015,20.191962842769545,10.545797094811011,8.842245475185203e-4,0.08466618915090918,-0.3884534111964921,miscanthus_floridulus_15wks vs miscanthus_sacchariflorus_ssp_lutarioriparius_15wks,TRUE
4326,6.622100451142659,19.09579437525521,10.325916280870128,9.502590921324908e-4,0.08466618915090918,-0.4223159721045171,miscanthus_floridulus_15wks vs miscanthus_sacchariflorus_ssp_lutarioriparius_15wks,TRUE
2258,-7.431739074189624,19.15470237158283,-10.234695532658563,9.795002522928742e-4,0.08466618915090918,-0.43682496985226127,miscanthus_floridulus_15wks vs miscanthus_sacchariflorus_ssp_lutarioriparius_15wks,TRUE
3436,8.408204552071233,20.91682238615173,10.183237155438322,9.965033113600089e-4,0.08466618915090918,-0.4451325258569989,miscanthus_floridulus_15wks vs miscanthus_sacchariflorus_ssp_lutarioriparius_15wks,TRUE
1065,7.680897413927418,20.162284931826974,10.1268571278555,0.001015567869024902,0.08466618915090918,-0.45433818011126537,miscanthus_floridulus_15wks vs miscanthus_sacchariflorus_ssp_lutarioriparius_15wks,TRUE
615,6.403795714485863,18.74666574358846,9.918897649963528,0.0010900479927939471,0.08466618915090918,-0.4892555709152413,miscanthus_floridulus_15wks vs miscanthus_sacchariflorus_ssp_lutarioriparius_15wks,TRUE
50,-6.696535340365372,18.872810475900422,-9.816972172804748,0.0011291020404417557,0.08466618915090918,-0.5069399307621678,miscanthus_floridulus_15wks vs miscanthus_sacchariflorus_ssp_lutarioriparius_15wks,TRUE
842,5.838459295222695,19.15886175877823,9.706033551106419,0.0011736635576574145,0.08466618915090918,-0.5266305578042676,miscanthus_floridulus_15wks vs miscanthus_sacchariflorus_ssp_lutarioriparius_15wks,TRUE
1209,-5.785595476707346,18.4737806213955,-9.6534982840758925,0.0011955492231416616,0.08466618915090918,-0.5361197840191894,miscanthus_floridulus_15wks vs miscanthus_sacchariflorus_ssp_lutarioriparius_15wks,TRUE
2342,-6.804031573208135,18.631962979359702,-9.623658703734003,0.0012082122906028245,0.08466618915090918,-0.5415575190879496,miscanthus_floridulus_15wks vs miscanthus_sacchariflorus_ssp_lutarioriparius_15wks,TRUE
347,5.876069235454931,18.370110617625752,9.611335191138767,0.001213491974108173,0.08466618915090918,-0.5438134785273512,miscanthus_floridulus_15wks vs miscanthus_sacchariflorus_ssp_lutarioriparius_15wks,TRUE
407,5.820690278585287,18.657770714041973,9.51350788884826,0.0012564660556650025,0.08466618915090918,-0.56193640421687,miscanthus_floridulus_15wks vs miscanthus_sacchariflorus_ssp_lutarioriparius_15wks,TRUE
1596,5.657001387807981,18.709100243388136,9.412957028479886,0.0013026815467629496,0.08466618915090918,-0.5809684336597174,miscanthus_floridulus_15wks vs miscanthus_sacchariflorus_ssp_lutarioriparius_15wks,TRUE
491,7.16482698694924,20.003008232623145,9.307812646509841,0.0013533540277969242,0.08466618915090918,-0.601320463012077,miscanthus_floridulus_15wks vs miscanthus_sacchariflorus_ssp_lutarioriparius_15wks,TRUE
370,7.659656759522553,18.812865215328287,9.297241846999949,0.0013585865511276617,0.08466618915090918,-0.6033925485811551,miscanthus_floridulus_15wks vs miscanthus_sacchariflorus_ssp_lutarioriparius_15wks,TRUE
4893,5.706171982968586,18.743458459328306,9.203761836749758,0.0014060012908189657,0.08466618915090918,-0.6219268800034898,miscanthus_floridulus_15wks vs miscanthus_sacchariflorus_ssp_lutarioriparius_15wks,TRUE
342,6.608441008844899,20.342185812868372,9.149304908288524,0.0014345978725036363,0.08466618915090918,-0.6329008279040433,miscanthus_floridulus_15wks vs miscanthus_sacchariflorus_ssp_lutarioriparius_15wks,TRUE
502,6.07997510085583,19.457141519143626,9.1208214125782,0.0014498508699854462,0.08466618915090918,-0.6386933596600821,miscanthus_floridulus_15wks vs miscanthus_sacchariflorus_ssp_lutarioriparius_15wks,TRUE
4464,7.181562916340448,18.457330214397313,9.031751695869355,0.001498902329760849,0.08466618915090918,-0.6570439331831261,miscanthus_floridulus_15wks vs miscanthus_sacchariflorus_ssp_lutarioriparius_15wks,TRUE
2038,6.263107385806757,18.903551590588503,8.88471599481888,0.0015846034817675356,0.08466618915090918,-0.6881414698091772,miscanthus_floridulus_15wks vs miscanthus_sacchariflorus_ssp_lutarioriparius_15wks,TRUE
2660,5.811024791035301,18.621776644381097,8.877313563843689,0.0015890812493441,0.08466618915090918,-0.6897341357588065,miscanthus_floridulus_15wks vs miscanthus_sacchariflorus_ssp_lutarioriparius_15wks,TRUE
1484,-5.722482223230735,18.308806285219617,-8.542926880200328,0.0018093362000931523,0.08466618915090918,-0.7645083693002377,miscanthus_floridulus_15wks vs miscanthus_sacchariflorus_ssp_lutarioriparius_15wks,TRUE
3854,5.12383169088227,17.925895714623213,8.53932869208344,0.0018119112833661667,0.08466618915090918,-0.7653440449848672,miscanthus_floridulus_15wks vs miscanthus_sacchariflorus_ssp_lutarioriparius_15wks,TRUE
3203,8.664324779910398,20.062147905931784,8.52150139722921,0.0018247386878685748,0.08466618915090918,-0.7694944907215602,miscanthus_floridulus_15wks vs miscanthus_sacchariflorus_ssp_lutarioriparius_15wks,TRUE
67,7.384068720519991,20.667477931484186,8.453728790067412,0.0018745724979072592,0.08466618915090918,-0.785427164464533,miscanthus_floridulus_15wks vs miscanthus_sacchariflorus_ssp_lutarioriparius_15wks,TRUE
655,-5.605069916762687,18.39536934845818,-8.428916550687433,0.0018932500933290576,0.08466618915090918,-0.7913219780132712,miscanthus_floridulus_15wks vs miscanthus_sacchariflorus_ssp_lutarioriparius_15wks,TRUE
1311,-6.037530170651184,20.543453982533304,-8.421576180993592,0.0018988210069596303,0.08466618915090918,-0.7930722767021816,miscanthus_floridulus_15wks vs miscanthus_sacchariflorus_ssp_lutarioriparius_15wks,TRUE
3429,7.52214771776687,19.561395161052396,8.420576714201307,0.0018995811583695193,0.08466618915090918,-0.7933108244660332,miscanthus_floridulus_15wks vs miscanthus_sacchariflorus_ssp_lutarioriparius_15wks,TRUE
2766,6.126955079876861,17.74206149771234,8.42036008703916,0.0018997459667701986,0.08466618915090918,-0.7933625351272529,miscanthus_floridulus_15wks vs miscanthus_sacchariflorus_ssp_lutarioriparius_15wks,TRUE
3013,6.277085770890544,18.658894716840734,8.400761182365825,0.0019147323415349604,0.08466618915090918,-0.798051538994784,miscanthus_floridulus_15wks vs miscanthus_sacchariflorus_ssp_lutarioriparius_15wks,TRUE
5384,-6.130603162779501,19.19364884025949,-8.398574094896235,0.0019164140318545895,0.08466618915090918,-0.7985760973049034,miscanthus_floridulus_15wks vs miscanthus_sacchariflorus_ssp_lutarioriparius_15wks,TRUE
4306,6.329720215052578,18.687342810283464,8.297318878798976,0.001996374044169617,0.0849025238817161,-0.8231508091027626,miscanthus_floridulus_15wks vs miscanthus_sacchariflorus_ssp_lutarioriparius_15wks,TRUE
238,4.905160015316188,18.632875158140305,8.252881800284921,0.002032806042688907,0.0849025238817161,-0.8341169920693661,miscanthus_floridulus_15wks vs miscanthus_sacchariflorus_ssp_lutarioriparius_15wks,TRUE
216,7.131226625756941,18.986164905133787,8.151900394697085,0.0021187978814957965,0.0849025238817161,-0.8594577455974308,miscanthus_floridulus_15wks vs miscanthus_sacchariflorus_ssp_lutarioriparius_15wks,TRUE
536,4.825254638477681,19.298752148794197,8.077180682385082,0.0021854248820240103,0.0849025238817161,-0.8785919401617832,miscanthus_floridulus_15wks vs miscanthus_sacchariflorus_ssp_lutarioriparius_15wks,TRUE
2733,5.824904574290759,19.21013752126146,8.029896966511023,0.002228968773239783,0.0849025238817161,-0.8908724179247383,miscanthus_floridulus_15wks vs miscanthus_sacchariflorus_ssp_lutarioriparius_15wks,TRUE
1837,5.007859837387391,18.20917169511819,8.02173233667041,0.00223659908826704,0.0849025238817161,-0.893006594324067,miscanthus_floridulus_15wks vs miscanthus_sacchariflorus_ssp_lutarioriparius_15wks,TRUE
4216,6.5620795836063,18.436778757380242,7.989870866787637,0.002266695356099211,0.0849025238817161,-0.9013737682567413,miscanthus_floridulus_15wks vs miscanthus_sacchariflorus_ssp_lutarioriparius_15wks,TRUE
75,6.466421857155254,19.81589292128796,7.876818087113676,0.002377733157073355,0.08716668573696576,-0.9315683830655352,miscanthus_floridulus_15wks vs miscanthus_sacchariflorus_ssp_lutarioriparius_15wks,TRUE
3501,4.794718362543515,17.918417486434365,7.769250475734974,0.002489886432452933,0.08937654839825841,-0.9610478819494812,miscanthus_floridulus_15wks vs miscanthus_sacchariflorus_ssp_lutarioriparius_15wks,TRUE
2632,5.2581109854427,18.213311617949078,7.448136044086481,0.0028672680302426535,0.09786493006425209,-1.053626281299838,miscanthus_floridulus_15wks vs miscanthus_sacchariflorus_ssp_lutarioriparius_15wks,TRUE
3300,4.537731996194136,17.42759584498469,7.443201117442711,0.0028736159134118387,0.09786493006425209,-1.0551047145732353,miscanthus_floridulus_15wks vs miscanthus_sacchariflorus_ssp_lutarioriparius_15wks,TRUE
4305,-5.44635591187167,17.520801911180147,-7.425327938573937,0.002896756490584363,0.09786493006425209,-1.0604738255977892,miscanthus_floridulus_15wks vs miscanthus_sacchariflorus_ssp_lutarioriparius_15wks,TRUE
3388,-4.395132661382901,17.515007973913608,-7.3558719364919645,0.002988961641417248,0.09843523156677193,-1.0815570043879026,miscanthus_floridulus_15wks vs miscanthus_sacchariflorus_ssp_lutarioriparius_15wks,TRUE
1873,5.827465783027833,18.26838241117551,7.289475698433484,0.0030806180708000176,0.09843523156677193,-1.1020411447164893,miscanthus_floridulus_15wks vs miscanthus_sacchariflorus_ssp_lutarioriparius_15wks,TRUE
2388,6.652480747045747,19.478461956383295,7.286344863846539,0.0030850275708680696,0.09843523156677193,-1.1030151113814552,miscanthus_floridulus_15wks vs miscanthus_sacchariflorus_ssp_lutarioriparius_15wks,TRUE
5431,-4.64925847714651,22.905305948253485,-7.159552689373843,0.0032705411245290694,0.1024571337738834,-1.1430801416514917,miscanthus_floridulus_15wks vs miscanthus_sacchariflorus_ssp_lutarioriparius_15wks,TRUE
147,6.127332772678541,18.87907071875064,7.103870249154629,0.0033564831682258538,0.1025401923391684,-1.1610652735530662,miscanthus_floridulus_15wks vs miscanthus_sacchariflorus_ssp_lutarioriparius_15wks,TRUE
889,-4.225954266933911,25.072490980525963,-7.039059875835148,0.003460157110566026,0.1025401923391684,-1.1823055001978036,miscanthus_floridulus_15wks vs miscanthus_sacchariflorus_ssp_lutarioriparius_15wks,TRUE
2199,-4.425724105703001,23.260030753470986,-6.9988645150567175,0.0035265020906059858,0.1025401923391684,-1.1956470353794808,miscanthus_floridulus_15wks vs miscanthus_sacchariflorus_ssp_lutarioriparius_15wks,TRUE
91,5.680808581738104,18.35612715671532,6.980030910372351,0.0035581434362073187,0.1025401923391684,-1.2019430985874058,miscanthus_floridulus_15wks vs miscanthus_sacchariflorus_ssp_lutarioriparius_15wks,TRUE
224,5.136155890035898,17.740012534597852,6.9593202585014335,0.003593355334884606,0.1025401923391684,-1.2088999571866772,miscanthus_floridulus_15wks vs miscanthus_sacchariflorus_ssp_lutarioriparius_15wks,TRUE
4621,4.354106216085501,18.223341380526787,6.937883892917121,0.0036302679818277844,0.1025401923391684,-1.2161375349748376,miscanthus_floridulus_15wks vs miscanthus_sacchariflorus_ssp_lutarioriparius_15wks,TRUE
1666,-4.740310974663476,18.478363493352827,-6.741589796541337,0.003991706309285795,0.10576342533824759,-1.2842001487252253,miscanthus_floridulus_15wks vs miscanthus_sacchariflorus_ssp_lutarioriparius_15wks,TRUE
13,4.365966665870033,21.450166940594418,6.71861912901328,0.0040369318735863306,0.10576342533824759,-1.2923804617092083,miscanthus_floridulus_15wks vs miscanthus_sacchariflorus_ssp_lutarioriparius_15wks,TRUE
2298,4.473209634732584,19.084849798399265,6.673530529648592,0.004127608954180186,0.10576342533824759,-1.308572022875941,miscanthus_floridulus_15wks vs miscanthus_sacchariflorus_ssp_lutarioriparius_15wks,TRUE
5574,-5.457600926656539,18.154861006971494,-6.580504090292836,0.004322999500695942,0.10576342533824759,-1.342550586379704,miscanthus_floridulus_15wks vs miscanthus_sacchariflorus_ssp_lutarioriparius_15wks,TRUE
1730,4.210871399828086,17.675263159792888,6.539724672289952,0.0044123423727395975,0.10576342533824759,-1.357692732771687,miscanthus_floridulus_15wks vs miscanthus_sacchariflorus_ssp_lutarioriparius_15wks,TRUE
36,-4.64399603733089,25.49990718061516,-6.51280460122065,0.004472604998549575,0.10576342533824759,-1.3677724678185905,miscanthus_floridulus_15wks vs miscanthus_sacchariflorus_ssp_lutarioriparius_15wks,TRUE
2891,5.887752226578403,19.315323326739822,6.4922535950743265,0.004519312962654757,0.10576342533824759,-1.3755126655495982,miscanthus_floridulus_15wks vs miscanthus_sacchariflorus_ssp_lutarioriparius_15wks,TRUE
1255,-5.006859432165324,19.019895030983626,-6.48704460406365,0.0045312498685654914,0.10576342533824759,-1.37748080021328,miscanthus_floridulus_15wks vs miscanthus_sacchariflorus_ssp_lutarioriparius_15wks,TRUE
5341,-4.43539955714307,18.056139489442355,-6.480778759558708,0.00454566160300962,0.10576342533824759,-1.3798516114811923,miscanthus_floridulus_15wks vs miscanthus_sacchariflorus_ssp_lutarioriparius_15wks,TRUE
2007,4.086341038293714,19.303033201124684,6.473426725975478,0.0045626457087181264,0.10576342533824759,-1.3826380936075715,miscanthus_floridulus_15wks vs miscanthus_sacchariflorus_ssp_lutarioriparius_15wks,TRUE
2210,4.130004140948536,18.480388157595957,6.472518834862864,0.004564748619290155,0.10576342533824759,-1.3829825436083594,miscanthus_floridulus_15wks vs miscanthus_sacchariflorus_ssp_lutarioriparius_15wks,TRUE
1181,4.230917972795687,18.502232925909286,6.4642089993516745,0.004584053483480906,0.10576342533824759,-1.3861388574729663,miscanthus_floridulus_15wks vs miscanthus_sacchariflorus_ssp_lutarioriparius_15wks,TRUE
1062,3.9829809191948087,17.98829451176759,6.4594220089105665,0.00459522124011834,0.10576342533824759,-1.387960042441457,miscanthus_floridulus_15wks vs miscanthus_sacchariflorus_ssp_lutarioriparius_15wks,TRUE
2438,5.421147444118921,18.61446721250173,6.405228918757643,0.004724085373160592,0.10576342533824759,-1.4087288070040849,miscanthus_floridulus_15wks vs miscanthus_sacchariflorus_ssp_lutarioriparius_15wks,TRUE
1557,-4.203165178363285,25.685326045595968,-6.402622485395851,0.00473039772729863,0.10576342533824759,-1.4097347355011092,miscanthus_floridulus_15wks vs miscanthus_sacchariflorus_ssp_lutarioriparius_15wks,TRUE
1024,5.417752741541632,18.68297180470171,6.363164730880431,0.004827275190973193,0.10576342533824759,-1.425042828749862,miscanthus_floridulus_15wks vs miscanthus_sacchariflorus_ssp_lutarioriparius_15wks,TRUE
131,-4.080457504640087,31.093196794533444,-6.347752523968764,0.004865796849713025,0.10576342533824759,-1.431063024660376,miscanthus_floridulus_15wks vs miscanthus_sacchariflorus_ssp_lutarioriparius_15wks,TRUE
3470,4.203826342171908,17.91561407716303,6.326323734301021,0.004920005324882322,0.10576342533824759,-1.4394717834113626,miscanthus_floridulus_15wks vs miscanthus_sacchariflorus_ssp_lutarioriparius_15wks,TRUE
998,5.365947591711366,18.582707853396556,6.3103884015162865,0.0049608131435125635,0.10576342533824759,-1.4457539990798711,miscanthus_floridulus_15wks vs miscanthus_sacchariflorus_ssp_lutarioriparius_15wks,TRUE
5542,-5.200556038166804,18.10971027780493,-6.306030600189755,0.004972047273591442,0.10576342533824759,-1.4474763246115403,miscanthus_floridulus_15wks vs miscanthus_sacchariflorus_ssp_lutarioriparius_15wks,TRUE
199,5.732571474571445,17.90093490306872,6.252234939038858,0.005113416716775047,0.10655967488104943,-1.4688925446922418,miscanthus_floridulus_15wks vs miscanthus_sacchariflorus_ssp_lutarioriparius_15wks,TRUE
394,5.821024494850699,17.948306847781463,6.239672106029549,0.005147160275802635,0.10655967488104943,-1.473935338378265,miscanthus_floridulus_15wks vs miscanthus_sacchariflorus_ssp_lutarioriparius_15wks,TRUE
1333,4.169485658004113,18.22057662734344,6.2208497807433965,0.005198245605989438,0.10655967488104943,-1.4815203670273132,miscanthus_floridulus_15wks vs miscanthus_sacchariflorus_ssp_lutarioriparius_15wks,TRUE
3401,5.104755397940961,18.527519339549638,6.1995389363201685,0.005256861500225887,0.10655967488104943,-1.4901513450151675,miscanthus_floridulus_15wks vs miscanthus_sacchariflorus_ssp_lutarioriparius_15wks,TRUE
5916,4.792880965828319,18.13611784239377,6.1748912386937915,0.005325701864153475,0.10669981758065625,-1.500191229767946,miscanthus_floridulus_15wks vs miscanthus_sacchariflorus_ssp_lutarioriparius_15wks,TRUE
5000,3.8248559199164767,17.204181140935027,6.0726193954751375,0.005623823507541768,0.1113775621091318,-1.54251800936194,miscanthus_floridulus_15wks vs miscanthus_sacchariflorus_ssp_lutarioriparius_15wks,TRUE
2153,3.64492716740601,17.88367727495729,5.8739263807874345,0.0062658744946570534,0.12159623428978747,-1.6279231552860063,miscanthus_floridulus_15wks vs miscanthus_sacchariflorus_ssp_lutarioriparius_15wks,TRUE
2490,4.8621287641216036,18.65637252179767,5.8695754731150105,0.0062809430364428815,0.12159623428978747,-1.6298415658359984,miscanthus_floridulus_15wks vs miscanthus_sacchariflorus_ssp_lutarioriparius_15wks,TRUE
760,6.0695347888975935,18.561720852985843,5.834368745982643,0.006404573042218966,0.12261199279714756,-1.6454427490054897,miscanthus_floridulus_15wks vs miscanthus_sacchariflorus_ssp_lutarioriparius_15wks,TRUE
3908,5.270227823423426,18.069909926200896,5.665371649133515,0.007042662794155628,0.1333462416959357,-1.7222957676736845,miscanthus_floridulus_15wks vs miscanthus_sacchariflorus_ssp_lutarioriparius_15wks,TRUE
3994,3.843786137293897,18.25519867223406,5.596643600422372,0.007325005467579061,0.1371846132678122,-1.754505018707313,miscanthus_floridulus_15wks vs miscanthus_sacchariflorus_ssp_lutarioriparius_15wks,TRUE
5813,-3.8307502534270874,18.191026466166665,-5.536415706064818,0.007584247956614212,0.13730844454799376,-1.7831972161561662,miscanthus_floridulus_15wks vs miscanthus_sacchariflorus_ssp_lutarioriparius_15wks,TRUE
1321,5.519044315050554,20.1365962823119,5.512699620409063,0.0076894967204201425,0.13730844454799376,-1.7946167067638985,miscanthus_floridulus_15wks vs miscanthus_sacchariflorus_ssp_lutarioriparius_15wks,TRUE
5889,4.394483631455753,17.416386500481057,5.510937359152574,0.007697390602005808,0.13730844454799376,-1.7954680075008058,miscanthus_floridulus_15wks vs miscanthus_sacchariflorus_ssp_lutarioriparius_15wks,TRUE
3829,-3.3194496032555705,20.297354219513473,-5.5074869159135655,0.0077128761078828455,0.13730844454799376,-1.7971359308403017,miscanthus_floridulus_15wks vs miscanthus_sacchariflorus_ssp_lutarioriparius_15wks,TRUE
2383,4.064702219054713,18.584378132825748,5.491221430412161,0.007786405835657202,0.13730844454799376,-1.8050183548820424,miscanthus_floridulus_15wks vs miscanthus_sacchariflorus_ssp_lutarioriparius_15wks,TRUE
2161,4.500705251762113,18.798218310321715,5.478734415187803,0.00784345431789511,0.13730844454799376,-1.8110919119602382,miscanthus_floridulus_15wks vs miscanthus_sacchariflorus_ssp_lutarioriparius_15wks,TRUE
98,-6.329947967557121,19.222273193908332,-5.468024366121996,0.007892804317529053,0.13730844454799376,-1.816316602275533,miscanthus_floridulus_15wks vs miscanthus_sacchariflorus_ssp_lutarioriparius_15wks,TRUE
192,4.123183269895854,18.427641762686505,5.441142956871055,0.008018401950582173,0.13730844454799376,-1.8294932360523601,miscanthus_floridulus_15wks vs miscanthus_sacchariflorus_ssp_lutarioriparius_15wks,TRUE
364,-3.8455768998650015,23.983381063841847,-5.434707881619445,0.008048840916626448,0.13730844454799376,-1.8326609917271428,miscanthus_floridulus_15wks vs miscanthus_sacchariflorus_ssp_lutarioriparius_15wks,TRUE
4263,-6.528210791866748,18.22751230512652,-5.372183185453151,0.008352299350833156,0.14108835079887772,-1.8637122126362646,miscanthus_floridulus_15wks vs miscanthus_sacchariflorus_ssp_lutarioriparius_15wks,TRUE
6180,4.432307074414712,17.80979239984015,5.354157144134758,0.008442450383646301,0.1412266214662386,-1.872756895045395,miscanthus_floridulus_15wks vs miscanthus_sacchariflorus_ssp_lutarioriparius_15wks,TRUE
62,-3.189185974636331,27.85378375479745,-5.318060225781438,0.00862668644997597,0.14204099030654826,-1.8909946007337144,miscanthus_floridulus_15wks vs miscanthus_sacchariflorus_ssp_lutarioriparius_15wks,TRUE
5318,3.3468012601854795,20.22768539834658,5.312404515654184,0.008656009275790811,0.14204099030654826,-1.8938674018850739,miscanthus_floridulus_15wks vs miscanthus_sacchariflorus_ssp_lutarioriparius_15wks,TRUE
769,-3.56333380983925,17.922490398505502,-5.281348680328513,0.008819275297933186,0.1433548239465932,-1.9097164609831223,miscanthus_floridulus_15wks vs miscanthus_sacchariflorus_ssp_lutarioriparius_15wks,TRUE
4120,5.1682658791862615,19.269381055379014,5.255096338669498,0.008960318126424095,0.14428624422269828,-1.923212768056092,miscanthus_floridulus_15wks vs miscanthus_sacchariflorus_ssp_lutarioriparius_15wks,TRUE
2283,4.670754504759515,19.108840213002175,5.217506886003909,0.009167243781345312,0.14625149106720345,-1.9426962312898528,miscanthus_floridulus_15wks vs miscanthus_sacchariflorus_ssp_lutarioriparius_15wks,TRUE
4083,3.4261729869979902,17.654459810131975,5.166388453681779,0.009458377182171261,0.14809838742372855,-1.9694952255311788,miscanthus_floridulus_15wks vs miscanthus_sacchariflorus_ssp_lutarioriparius_15wks,TRUE
3895,3.7944465669008096,18.831800734025443,5.1438634871724025,0.009590346039644175,0.14809838742372855,-1.9814160351436758,miscanthus_floridulus_15wks vs miscanthus_sacchariflorus_ssp_lutarioriparius_15wks,TRUE
2555,-3.430561738576131,17.667785892220415,-5.119972248269783,0.009732856379313964,0.14809838742372855,-1.994135470382087,miscanthus_floridulus_15wks vs miscanthus_sacchariflorus_ssp_lutarioriparius_15wks,TRUE
402,4.050223484616765,18.995196852237683,5.103378235934188,0.009833405967137948,0.14809838742372855,-2.0030159781187145,miscanthus_floridulus_15wks vs miscanthus_sacchariflorus_ssp_lutarioriparius_15wks,TRUE
638,-3.215972521133775,18.48776149158603,-5.093839217770003,0.009891797063054143,0.14809838742372855,-2.008138071140592,miscanthus_floridulus_15wks vs miscanthus_sacchariflorus_ssp_lutarioriparius_15wks,TRUE
3584,4.848862275857261,19.911626462134333,5.092897263631027,0.009897586618690597,0.14809838742372855,-2.0086445462512854,miscanthus_floridulus_15wks vs miscanthus_sacchariflorus_ssp_lutarioriparius_15wks,TRUE
77,-9.89740456069348,22.126346892031577,-5.087546410409475,0.009930555520347674,0.14809838742372855,-2.011523949465494,miscanthus_floridulus_15wks vs miscanthus_sacchariflorus_ssp_lutarioriparius_15wks,TRUE
3921,-4.116868013584806,18.071613543126315,-5.0810706319554955,0.00997064012835317,0.14809838742372855,-2.015013996434341,miscanthus_floridulus_15wks vs miscanthus_sacchariflorus_ssp_lutarioriparius_15wks,TRUE
5850,3.2097696782332683,18.191792438674568,5.057911882882037,0.010115663067525186,0.1489682689345803,-2.0275427711260896,miscanthus_floridulus_15wks vs miscanthus_sacchariflorus_ssp_lutarioriparius_15wks,TRUE
4938,-7.270006877287534,19.212666159226067,-5.03288528497371,0.010275370939999192,0.15003783160693734,-2.0411661503741696,miscanthus_floridulus_15wks vs miscanthus_sacchariflorus_ssp_lutarioriparius_15wks,TRUE
1638,-3.4102331934487218,25.018470017533776,-5.0038955342640845,0.01046434466838417,0.15116412354062964,-2.057056872270107,miscanthus_floridulus_15wks vs miscanthus_sacchariflorus_ssp_lutarioriparius_15wks,TRUE
145,5.107205532562187,18.836087348595633,4.99428219786328,0.010527971459591154,0.15116412354062964,-2.062352631646008,miscanthus_floridulus_15wks vs miscanthus_sacchariflorus_ssp_lutarioriparius_15wks,TRUE
2365,3.4883868383834233,18.226326282699983,4.947292842044529,0.010846049886922842,0.15444416491874427,-2.088427265118268,miscanthus_floridulus_15wks vs miscanthus_sacchariflorus_ssp_lutarioriparius_15wks,TRUE
1,-3.172208953793053,22.511278077081947,-4.877001325845587,0.011344693911970712,0.1602205541829962,-2.128025836937503,miscanthus_floridulus_15wks vs miscanthus_sacchariflorus_ssp_lutarioriparius_15wks,TRUE
1904,-3.3182955806867724,25.280079977520664,-4.844281349879671,0.011586596387863036,0.16207786481854963,-2.1467044474010053,miscanthus_floridulus_15wks vs miscanthus_sacchariflorus_ssp_lutarioriparius_15wks,TRUE
4428,3.2399124790736433,17.245968535059163,4.833947067418005,0.011664338501160856,0.16207786481854963,-2.152636687096982,miscanthus_floridulus_15wks vs miscanthus_sacchariflorus_ssp_lutarioriparius_15wks,TRUE
5755,3.1731551519531624,17.070873044400848,4.802084850626936,0.011908176071433258,0.16414229896863602,-2.1710264340945833,miscanthus_floridulus_15wks vs miscanthus_sacchariflorus_ssp_lutarioriparius_15wks,TRUE
1542,2.851143492102512,17.929374305211955,4.783227710152899,0.012055495676547043,0.16480766736423294,-2.181981428403514,miscanthus_floridulus_15wks vs miscanthus_sacchariflorus_ssp_lutarioriparius_15wks,TRUE
3457,4.979780591854841,18.605990426011672,4.77156518787936,0.012147750293242937,0.16480766736423294,-2.18878341910665,miscanthus_floridulus_15wks vs miscanthus_sacchariflorus_ssp_lutarioriparius_15wks,TRUE
5516,-2.803146420408403,17.131968833034207,-4.741623816461929,0.012388673773538491,0.16552457125250478,-2.2063401616972813,miscanthus_floridulus_15wks vs miscanthus_sacchariflorus_ssp_lutarioriparius_15wks,TRUE
14,-2.9517818880254083,25.74785823366745,-4.74112625899194,0.012392727621342492,0.16552457125250478,-2.2066330604994633,miscanthus_floridulus_15wks vs miscanthus_sacchariflorus_ssp_lutarioriparius_15wks,TRUE
4580,-9.476650284788537,23.114749924205068,-4.72049051814014,0.012562328351644262,0.16596840595861015,-2.218813906524252,miscanthus_floridulus_15wks vs miscanthus_sacchariflorus_ssp_lutarioriparius_15wks,TRUE
5193,-2.8432098601774634,16.452377621503054,-4.707303001720734,0.012672235318378036,0.16596840595861015,-2.2266322139793067,miscanthus_floridulus_15wks vs miscanthus_sacchariflorus_ssp_lutarioriparius_15wks,TRUE
776,-3.4515407365377797,17.245778747443,-4.702218305311558,0.012714933015981741,0.16596840595861015,-2.2296538145638474,miscanthus_floridulus_15wks vs miscanthus_sacchariflorus_ssp_lutarioriparius_15wks,TRUE
3552,-3.306381972275336,22.807917688159712,-4.6844175216436605,0.01286583561638682,0.16667544937619916,-2.240263246569299,miscanthus_floridulus_15wks vs miscanthus_sacchariflorus_ssp_lutarioriparius_15wks,TRUE
4377,4.73503137721438,18.484940967557705,4.670047363300955,0.012989291811825518,0.1670190282968311,-2.248863567721364,miscanthus_floridulus_15wks vs miscanthus_sacchariflorus_ssp_lutarioriparius_15wks,TRUE
4204,3.1802514957713157,17.201108251221434,4.658104773628109,0.013093020689660412,0.16710573813544363,-2.256035298240238,miscanthus_floridulus_15wks vs miscanthus_sacchariflorus_ssp_lutarioriparius_15wks,TRUE
5489,-3.389563615286093,17.62772164908425,-4.644018618310057,0.013216701838030117,0.16744395049210214,-2.264522694756049,miscanthus_floridulus_15wks vs miscanthus_sacchariflorus_ssp_lutarioriparius_15wks,TRUE
3746,2.988226670429638,17.33717285233978,4.618170913838011,0.013447473921280036,0.16912406982748543,-2.2801771907897876,miscanthus_floridulus_15wks vs miscanthus_sacchariflorus_ssp_lutarioriparius_15wks,TRUE
463,5.391378574728439,19.097806264215418,4.5866601815680355,0.013735656553854664,0.17149663943689555,-2.299403030799849,miscanthus_floridulus_15wks vs miscanthus_sacchariflorus_ssp_lutarioriparius_15wks,TRUE
5706,3.2754161681907306,17.663305469142095,4.529037815582012,0.014282870502859677,0.17658352635447944,-2.3349667434484664,miscanthus_floridulus_15wks vs miscanthus_sacchariflorus_ssp_lutarioriparius_15wks,TRUE
992,-3.1581779732049284,17.092196371265345,-4.522358005801295,0.014348052054339595,0.17658352635447944,-2.339123674109634,miscanthus_floridulus_15wks vs miscanthus_sacchariflorus_ssp_lutarioriparius_15wks,TRUE
5495,4.543665392145417,18.186636292653166,4.462337019629197,0.014950707526751091,0.18165763878530472,-2.3767980159067714,miscanthus_floridulus_15wks vs miscanthus_sacchariflorus_ssp_lutarioriparius_15wks,TRUE
331,-5.06755424493997,20.924812658504607,-4.456392846586969,0.015012094854721594,0.18165763878530472,-2.380560869643445,miscanthus_floridulus_15wks vs miscanthus_sacchariflorus_ssp_lutarioriparius_15wks,TRUE
3346,4.292142046140693,19.25547434700352,4.450175955817279,0.015076635140045603,0.18165763878530472,-2.3845025263734048,miscanthus_floridulus_15wks vs miscanthus_sacchariflorus_ssp_lutarioriparius_15wks,TRUE
4133,-3.225511497677058,17.449435881953065,-4.386963373852602,0.01575291685706598,0.18848802600503253,-2.42494083214133,miscanthus_floridulus_15wks vs miscanthus_sacchariflorus_ssp_lutarioriparius_15wks,TRUE
1963,3.513321194850832,17.52535795265925,4.3629800003042645,0.016019364163463605,0.19035423761136408,-2.440456314129314,miscanthus_floridulus_15wks vs miscanthus_sacchariflorus_ssp_lutarioriparius_15wks,TRUE
913,5.181383248154848,19.296958506120617,4.323082084546198,0.016475167977772133,0.19362636653824075,-2.466480170619036,miscanthus_floridulus_15wks vs miscanthus_sacchariflorus_ssp_lutarioriparius_15wks,TRUE
5734,3.0382427982743785,17.89082796077615,4.293347414351003,0.01682539487376239,0.19362636653824075,-2.486049130216307,miscanthus_floridulus_15wks vs miscanthus_sacchariflorus_ssp_lutarioriparius_15wks,TRUE
988,3.704913865131278,20.986522991659022,4.282826662353877,0.016951526899999212,0.19362636653824075,-2.4930088967740414,miscanthus_floridulus_15wks vs miscanthus_sacchariflorus_ssp_lutarioriparius_15wks,TRUE
2207,2.5483341170767524,16.996834120105145,4.278325621175232,0.01700584837900946,0.19362636653824075,-2.4959922038158533,miscanthus_floridulus_15wks vs miscanthus_sacchariflorus_ssp_lutarioriparius_15wks,TRUE
2515,5.063172045831127,17.682117637468636,4.272934115131599,0.01707120180043262,0.19362636653824075,-2.4995702530829966,miscanthus_floridulus_15wks vs miscanthus_sacchariflorus_ssp_lutarioriparius_15wks,TRUE
268,2.8151265134753203,17.528966086431303,4.268597708224705,0.01712399249986755,0.19362636653824075,-2.502451684223971,miscanthus_floridulus_15wks vs miscanthus_sacchariflorus_ssp_lutarioriparius_15wks,TRUE
563,-2.6210326456758466,27.68506504977896,-4.260561938823975,0.017222356268034165,0.19362636653824075,-2.507799728391874,miscanthus_floridulus_15wks vs miscanthus_sacchariflorus_ssp_lutarioriparius_15wks,TRUE
2244,-2.577150199944896,26.06715596783208,-4.252346088154965,0.01732365161578986,0.19362636653824075,-2.5132790309738517,miscanthus_floridulus_15wks vs miscanthus_sacchariflorus_ssp_lutarioriparius_15wks,TRUE
1720,-3.1487821531875166,16.66106373652596,-4.245285796378672,0.017411292024047207,0.19362636653824075,-2.5179969024601347,miscanthus_floridulus_15wks vs miscanthus_sacchariflorus_ssp_lutarioriparius_15wks,TRUE
2705,2.5748901602638696,17.985430047862884,4.234446281842696,0.01754691964840288,0.19362636653824075,-2.5252567918047735,miscanthus_floridulus_15wks vs miscanthus_sacchariflorus_ssp_lutarioriparius_15wks,TRUE
557,2.5838591382268135,17.18105400726687,4.232180876844917,0.017575430829750643,0.19362636653824075,-2.5267766232549786,miscanthus_floridulus_15wks vs miscanthus_sacchariflorus_ssp_lutarioriparius_15wks,TRUE
3315,-2.809395967696503,17.01335167592053,-4.2268095814613815,0.01764326148955531,0.19362636653824075,-2.53038368600842,miscanthus_floridulus_15wks vs miscanthus_sacchariflorus_ssp_lutarioriparius_15wks,TRUE
2246,2.681335299451705,17.06606267487337,4.194988747051108,0.018051846665851672,0.196797081484286,-2.551854909821351,miscanthus_floridulus_15wks vs miscanthus_sacchariflorus_ssp_lutarioriparius_15wks,TRUE
1586,-3.549485688327568,21.715672454999414,-4.186668499725513,0.018160612858967775,0.196797081484286,-2.557497947048057,miscanthus_floridulus_15wks vs miscanthus_sacchariflorus_ssp_lutarioriparius_15wks,TRUE
707,-4.952512730079416,20.999934429379447,-4.16593309269686,0.018435237773225602,0.1985244667704232,-2.571613722848882,miscanthus_floridulus_15wks vs miscanthus_sacchariflorus_ssp_lutarioriparius_15wks,TRUE
3008,-4.85382782999277,19.521673067565168,-4.130003017649664,0.01892342159781844,0.2025158721306905,-2.59625135967456,miscanthus_floridulus_15wks vs miscanthus_sacchariflorus_ssp_lutarioriparius_15wks,TRUE
3319,-3.221735411481184,21.993876175368325,-4.117160371375123,0.019101798911843645,0.20316296003152223,-2.6051127402978174,miscanthus_floridulus_15wks vs miscanthus_sacchariflorus_ssp_lutarioriparius_15wks,TRUE
890,-2.70777232660663,25.752296384600196,-4.099572485508467,0.019349482366500366,0.2045347123771787,-2.617295580784587,miscanthus_floridulus_15wks vs miscanthus_sacchariflorus_ssp_lutarioriparius_15wks,TRUE
1441,-3.0555934359629227,19.245228461733966,-4.071079139245321,0.019759254920576508,0.20759265992776416,-2.6371489007919577,miscanthus_floridulus_15wks vs miscanthus_sacchariflorus_ssp_lutarioriparius_15wks,TRUE
479,3.282940238113227,18.063635747550116,4.054562580376616,0.020001713358975756,0.20886637646978928,-2.6487233803146575,miscanthus_floridulus_15wks vs miscanthus_sacchariflorus_ssp_lutarioriparius_15wks,TRUE
802,2.6234803551573016,17.430256381561644,4.0452577551441555,0.020139929541546094,0.20904276265110797,-2.6552655077186604,miscanthus_floridulus_15wks vs miscanthus_sacchariflorus_ssp_lutarioriparius_15wks,TRUE
1454,-2.4301445994880346,16.096212308758716,-3.922837490868684,0.02207342581980018,0.22590197818969837,-2.7427953944397063,miscanthus_floridulus_15wks vs miscanthus_sacchariflorus_ssp_lutarioriparius_15wks,TRUE
4454,-2.7789068130827808,21.690618884041697,-3.917910455700771,0.022155946006555485,0.22590197818969837,-2.7463754465260752,miscanthus_floridulus_15wks vs miscanthus_sacchariflorus_ssp_lutarioriparius_15wks,TRUE
3704,3.7639057306466484,18.44401035529713,3.91663101675543,0.02217743696243156,0.22590197818969837,-2.7473058354326216,miscanthus_floridulus_15wks vs miscanthus_sacchariflorus_ssp_lutarioriparius_15wks,TRUE
181,-2.3234553096558557,29.883714013572742,-3.897902950236485,0.022494984167032044,0.22590197818969837,-2.7609591482956914,miscanthus_floridulus_15wks vs miscanthus_sacchariflorus_ssp_lutarioriparius_15wks,TRUE
4201,3.916885921432417,18.35094131046172,3.895248792950254,0.022540440597692345,0.22590197818969837,-2.762899346810366,miscanthus_floridulus_15wks vs miscanthus_sacchariflorus_ssp_lutarioriparius_15wks,TRUE
2683,-2.6925528224866397,16.705147009628643,-3.8946410592313216,0.022550864915048242,0.22590197818969837,-2.763343785627923,miscanthus_floridulus_15wks vs miscanthus_sacchariflorus_ssp_lutarioriparius_15wks,TRUE
4581,-2.9888673819605565,22.010644983955768,-3.8499138348058586,0.023334681933267366,0.23235459692982244,-2.7962411007282775,miscanthus_floridulus_15wks vs miscanthus_sacchariflorus_ssp_lutarioriparius_15wks,TRUE
3313,-3.142888839975871,21.99860458846837,-3.842673290769949,0.023464712632495128,0.23235459692982244,-2.8016016092586464,miscanthus_floridulus_15wks vs miscanthus_sacchariflorus_ssp_lutarioriparius_15wks,TRUE
1054,-3.186527073584923,22.333402474546542,-3.832524350227336,0.023648483329042267,0.23283621014822756,-2.809131826976193,miscanthus_floridulus_15wks vs miscanthus_sacchariflorus_ssp_lutarioriparius_15wks,TRUE
5790,-3.954126491351733,19.446364223480508,-3.8133588302050745,0.024000389885074924,0.23421288400694615,-2.8234046964009525,miscanthus_floridulus_15wks vs miscanthus_sacchariflorus_ssp_lutarioriparius_15wks,TRUE
175,-2.4134906625991874,24.850867344552874,-3.8101373032780583,0.024060174387248678,0.23421288400694615,-2.8258105865642937,miscanthus_floridulus_15wks vs miscanthus_sacchariflorus_ssp_lutarioriparius_15wks,TRUE
5621,2.3540684788337884,17.477713034053792,3.791089187700353,0.02441744439517842,0.23494446153936774,-2.8400759445334587,miscanthus_floridulus_15wks vs miscanthus_sacchariflorus_ssp_lutarioriparius_15wks,TRUE
2139,4.336017296130386,18.22669582823934,3.7841114224565757,0.024549956002684142,0.23494446153936774,-2.845318790215224,miscanthus_floridulus_15wks vs miscanthus_sacchariflorus_ssp_lutarioriparius_15wks,TRUE
2478,2.3176825880430396,16.316238920992024,3.777477111635863,0.02467676836935109,0.23494446153936774,-2.8503121042783466,miscanthus_floridulus_15wks vs miscanthus_sacchariflorus_ssp_lutarioriparius_15wks,TRUE
1531,-3.231692896567118,17.41379409830676,-3.7772690270444516,0.024680758873259177,0.23494446153936774,-2.8504688537113596,miscanthus_floridulus_15wks vs miscanthus_sacchariflorus_ssp_lutarioriparius_15wks,TRUE
1047,5.50371629590061,20.82019586999639,3.7597707174093142,0.02501919407887817,0.23685753515333563,-2.8636795976633853,miscanthus_floridulus_15wks vs miscanthus_sacchariflorus_ssp_lutarioriparius_15wks,TRUE
2968,3.0156765901433147,18.53648688938621,3.7254249056703967,0.02570026459707549,0.2419757153047053,-2.889778798832788,miscanthus_floridulus_15wks vs miscanthus_sacchariflorus_ssp_lutarioriparius_15wks,TRUE
261,-2.2652127231591273,24.076411915513646,-3.7135689867635917,0.025940653859142838,0.24291166630056038,-2.8988402481336983,miscanthus_floridulus_15wks vs miscanthus_sacchariflorus_ssp_lutarioriparius_15wks,TRUE
1540,2.551855148475944,17.65100215203536,3.70552790943933,0.02610527028955719,0.24313178761571372,-2.9050013175674643,miscanthus_floridulus_15wks vs miscanthus_sacchariflorus_ssp_lutarioriparius_15wks,TRUE
2834,2.420517731160496,16.697091885737347,3.65927641251155,0.027077496919364053,0.2508307913551842,-2.9406801248678947,miscanthus_floridulus_15wks vs miscanthus_sacchariflorus_ssp_lutarioriparius_15wks,TRUE
5287,2.6673801893041116,18.01819935242373,3.6435516478590393,0.027418147957897182,0.25189198445392924,-2.952904211174604,miscanthus_floridulus_15wks vs miscanthus_sacchariflorus_ssp_lutarioriparius_15wks,TRUE
4440,-4.207870631195281,18.496683928084565,-3.640519378111317,0.027484441716389262,0.25189198445392924,-2.955266928289707,miscanthus_floridulus_15wks vs miscanthus_sacchariflorus_ssp_lutarioriparius_15wks,TRUE
1752,3.517751261344298,19.430907373229093,3.6319888836441994,0.027672001286913873,0.2522690910971037,-2.9619233594936007,miscanthus_floridulus_15wks vs miscanthus_sacchariflorus_ssp_lutarioriparius_15wks,TRUE
4567,-3.015632992278295,18.018262566518487,-3.60412027077038,0.028295808120375767,0.25552905016938054,-2.983767906440936,miscanthus_floridulus_15wks vs miscanthus_sacchariflorus_ssp_lutarioriparius_15wks,TRUE
5039,-3.3898378632185597,17.87351149789182,-3.602781677195376,0.02832620347205553,0.25552905016938054,-2.984820949589366,miscanthus_floridulus_15wks vs miscanthus_sacchariflorus_ssp_lutarioriparius_15wks,TRUE
5137,-3.284767957721602,17.189896523263467,-3.585819676769068,0.028714853080825428,0.2576858950951157,-2.9981948307515354,miscanthus_floridulus_15wks vs miscanthus_sacchariflorus_ssp_lutarioriparius_15wks,TRUE
5417,2.4241598167260534,17.764341431167352,3.5591451187728773,0.029339378011159618,0.26015065258058484,-3.019340315035007,miscanthus_floridulus_15wks vs miscanthus_sacchariflorus_ssp_lutarioriparius_15wks,TRUE
2856,-3.229686156249702,17.85082383504503,-3.556677538441576,0.029397989153097475,0.26015065258058484,-3.0213034534600434,miscanthus_floridulus_15wks vs miscanthus_sacchariflorus_ssp_lutarioriparius_15wks,TRUE
2508,2.221617893070208,16.87715051416691,3.551556761588195,0.02952007924290243,0.26015065258058484,-3.025381209349159,miscanthus_floridulus_15wks vs miscanthus_sacchariflorus_ssp_lutarioriparius_15wks,TRUE
197,3.8912349606731667,18.11054265626253,3.548368767235606,0.029596401888220863,0.26015065258058484,-3.027922456907759,miscanthus_floridulus_15wks vs miscanthus_sacchariflorus_ssp_lutarioriparius_15wks,TRUE
3500,2.2009542932104793,18.76451105045454,3.5422136636195605,0.029744444897489963,0.26015065258058484,-3.0328345199347746,miscanthus_floridulus_15wks vs miscanthus_sacchariflorus_ssp_lutarioriparius_15wks,TRUE
2895,-2.096433871716709,24.967798054428687,-3.513479869852268,0.030447685014955254,0.26495637010488843,-3.0558639697387036,miscanthus_floridulus_15wks vs miscanthus_sacchariflorus_ssp_lutarioriparius_15wks,TRUE
5222,-2.420528940877933,17.947492604767202,-3.5054748851632582,0.030647220206444573,0.2653525649030352,-3.062308733740851,miscanthus_floridulus_15wks vs miscanthus_sacchariflorus_ssp_lutarioriparius_15wks,TRUE
601,-2.3056629694164776,23.71506324714833,-3.4936517188688967,0.030944867796118217,0.26563066139532443,-3.0718506263996557,miscanthus_floridulus_15wks vs miscanthus_sacchariflorus_ssp_lutarioriparius_15wks,TRUE
2107,2.918737227465474,18.11153698126953,3.4879982001001677,0.031088445779867354,0.26563066139532443,-3.0764230626123954,miscanthus_floridulus_15wks vs miscanthus_sacchariflorus_ssp_lutarioriparius_15wks,TRUE
4274,2.6198031078635946,16.89612265720175,3.485903828300699,0.031141841904733337,0.26563066139532443,-3.078118546833933,miscanthus_floridulus_15wks vs miscanthus_sacchariflorus_ssp_lutarioriparius_15wks,TRUE
2385,4.344546397855236,19.85865827450356,3.4728273279845174,0.03147777925799832,0.2671734663129611,-3.0887241686758875,miscanthus_floridulus_15wks vs miscanthus_sacchariflorus_ssp_lutarioriparius_15wks,TRUE
3127,2.262514480841965,16.34197224286076,3.447714661737095,0.03213545572989992,0.2714185795226351,-3.1091867144338936,miscanthus_floridulus_15wks vs miscanthus_sacchariflorus_ssp_lutarioriparius_15wks,TRUE
1049,-2.069852948058111,16.53920687149133,-3.4341178630578644,0.03249855804385806,0.27314641711984117,-3.120318066372849,miscanthus_floridulus_15wks vs miscanthus_sacchariflorus_ssp_lutarioriparius_15wks,TRUE
2374,3.956798033630527,18.454544092729126,3.4222649934075187,0.03281918924518368,0.27337220629018044,-3.1300517277321807,miscanthus_floridulus_15wks vs miscanthus_sacchariflorus_ssp_lutarioriparius_15wks,TRUE
4752,-2.5617885099006017,16.89899619624317,-3.4213998497547964,0.032842743297775596,0.27337220629018044,-3.1307632859472925,miscanthus_floridulus_15wks vs miscanthus_sacchariflorus_ssp_lutarioriparius_15wks,TRUE
2667,2.3547865380036335,16.168426955302436,3.4091575306769113,0.0331782730797617,0.2748373294059106,-3.140848275278813,miscanthus_floridulus_15wks vs miscanthus_sacchariflorus_ssp_lutarioriparius_15wks,TRUE
2829,-2.760715916431895,16.91260672255684,-3.3967071731248812,0.03352381096862595,0.27637093922939,-3.1511353236632127,miscanthus_floridulus_15wks vs miscanthus_sacchariflorus_ssp_lutarioriparius_15wks,TRUE
6259,2.7664439190634447,17.949104529266968,3.385009572537884,0.03385247085073862,0.27671639695541644,-3.1608286360596582,miscanthus_floridulus_15wks vs miscanthus_sacchariflorus_ssp_lutarioriparius_15wks,TRUE
2314,2.8579267859890614,16.697760896012447,3.3837915697923737,0.03388691802530056,0.27671639695541644,-3.1618395172835876,miscanthus_floridulus_15wks vs miscanthus_sacchariflorus_ssp_lutarioriparius_15wks,TRUE
3275,-2.31321531480393,22.029277966325687,-3.3534744400175267,0.03475829219504657,0.282493101188987,-3.1870969663542676,miscanthus_floridulus_15wks vs miscanthus_sacchariflorus_ssp_lutarioriparius_15wks,TRUE
4946,2.9293514874737596,17.549653581796992,3.3402741950681274,0.03514622673106341,0.28430492327522183,-3.1981518110763543,miscanthus_floridulus_15wks vs miscanthus_sacchariflorus_ssp_lutarioriparius_15wks,TRUE
4975,3.237206037283908,17.162578717367477,3.2700289425707303,0.03730171370408686,0.30033108743991427,-3.257570099538298,miscanthus_floridulus_15wks vs miscanthus_sacchariflorus_ssp_lutarioriparius_15wks,TRUE
4283,-2.424964988624012,21.661397021376306,-3.2609010237002063,0.03759348427067519,0.30127243441103885,-3.2653641983390136,miscanthus_floridulus_15wks vs miscanthus_sacchariflorus_ssp_lutarioriparius_15wks,TRUE
2071,3.4488150265865087,17.585624030203448,3.2428404186213284,0.03817901098365612,0.30454831446684955,-3.280835327586631,miscanthus_floridulus_15wks vs miscanthus_sacchariflorus_ssp_lutarioriparius_15wks,TRUE
4672,-3.045026059402474,17.790011994053252,-3.2242224001644915,0.03879425999156867,0.3080299998408886,-3.2968530393323143,miscanthus_floridulus_15wks vs miscanthus_sacchariflorus_ssp_lutarioriparius_15wks,TRUE
109,3.961387365955936,18.6275534903432,3.213449586485198,0.0391557624293164,0.3083033485585114,-3.306153316470763,miscanthus_floridulus_15wks vs miscanthus_sacchariflorus_ssp_lutarioriparius_15wks,TRUE
2114,2.3651145475613387,15.396324807331691,3.212537569395127,0.03918655445984562,0.3083033485585114,-3.3069417495176365,miscanthus_floridulus_15wks vs miscanthus_sacchariflorus_ssp_lutarioriparius_15wks,TRUE
4707,-2.4387491829517387,19.34490895444035,-3.1725742775560897,0.040565168016988236,0.31613070727400355,-3.341655376076052,miscanthus_floridulus_15wks vs miscanthus_sacchariflorus_ssp_lutarioriparius_15wks,TRUE
4270,-2.1453610322561367,18.71982390369249,-3.162428518256578,0.04092449004735034,0.31613070727400355,-3.3505199417912457,miscanthus_floridulus_15wks vs miscanthus_sacchariflorus_ssp_lutarioriparius_15wks,TRUE
1160,4.776048235787204,17.888338195843936,3.162412233898587,0.04092506987026947,0.31613070727400355,-3.350534186578087,miscanthus_floridulus_15wks vs miscanthus_sacchariflorus_ssp_lutarioriparius_15wks,TRUE
4430,-3.1430173416033362,18.586022291578065,-3.1596738175348,0.04102271615404375,0.31613070727400355,-3.352930389582207,miscanthus_floridulus_15wks vs miscanthus_sacchariflorus_ssp_lutarioriparius_15wks,TRUE
31,-1.8843264795072372,24.24143436287139,-3.154333713804233,0.04121394730192921,0.31613070727400355,-3.357607532930639,miscanthus_floridulus_15wks vs miscanthus_sacchariflorus_ssp_lutarioriparius_15wks,TRUE
3538,1.9477089044676106,16.885812916422445,3.1484023844283913,0.041427619151456554,0.31613070727400355,-3.36280929067335,miscanthus_floridulus_15wks vs miscanthus_sacchariflorus_ssp_lutarioriparius_15wks,TRUE
4360,-3.518808375537869,18.151411799124823,-3.138737082574493,0.04177868958535362,0.31613070727400355,-3.371301038817286,miscanthus_floridulus_15wks vs miscanthus_sacchariflorus_ssp_lutarioriparius_15wks,TRUE
1044,-2.0041964644315584,25.362511689950566,-3.137958058634259,0.041807142626688124,0.31613070727400355,-3.371986300573199,miscanthus_floridulus_15wks vs miscanthus_sacchariflorus_ssp_lutarioriparius_15wks,TRUE
4022,1.971617258061542,23.625531266955118,3.1327952721749037,0.04199630273707113,0.31613070727400355,-3.376530817307676,miscanthus_floridulus_15wks vs miscanthus_sacchariflorus_ssp_lutarioriparius_15wks,TRUE
2860,-2.3100638071224466,28.111885342923728,-3.132253544628275,0.04201621123955125,0.31613070727400355,-3.377007984131556,miscanthus_floridulus_15wks vs miscanthus_sacchariflorus_ssp_lutarioriparius_15wks,TRUE
4619,-4.117873469130018,18.873293088472884,-3.1208809320633373,0.04243680693321211,0.3174626309221655,-3.387039022049236,miscanthus_floridulus_15wks vs miscanthus_sacchariflorus_ssp_lutarioriparius_15wks,TRUE
955,3.72114919733178,17.98764257906116,3.117529268709337,0.042561734035415105,0.3174626309221655,-3.3900003184263054,miscanthus_floridulus_15wks vs miscanthus_sacchariflorus_ssp_lutarioriparius_15wks,TRUE
3467,3.7193368516970366,18.105454511353685,3.1060939481397694,0.04299132991287949,0.3192847475857386,-3.400120950132125,miscanthus_floridulus_15wks vs miscanthus_sacchariflorus_ssp_lutarioriparius_15wks,TRUE
2271,3.0761492280553,16.60340982999423,3.0625662606044175,0.04467531049985245,0.33036721026285737,-3.4388874289289193,miscanthus_floridulus_15wks vs miscanthus_sacchariflorus_ssp_lutarioriparius_15wks,TRUE
2655,3.216278351671207,19.30421865069745,3.0234552319943355,0.04625686181671531,0.34060073893248066,-3.474048616371784,miscanthus_floridulus_15wks vs miscanthus_sacchariflorus_ssp_lutarioriparius_15wks,TRUE
2861,-5.394717957212013,20.517830640793186,-2.9952340157465707,0.04744014963026051,0.34530129352673145,-3.499612572379794,miscanthus_floridulus_15wks vs miscanthus_sacchariflorus_ssp_lutarioriparius_15wks,TRUE
4230,-2.1649300384287002,22.48772605663361,-2.9949226209612423,0.047453408416301426,0.34530129352673145,-3.499895547553531,miscanthus_floridulus_15wks vs miscanthus_sacchariflorus_ssp_lutarioriparius_15wks,TRUE
5056,1.7780214446104452,17.47444367616775,2.993912156283622,0.04749646347407739,0.34530129352673145,-3.5008139269851446,miscanthus_floridulus_15wks vs miscanthus_sacchariflorus_ssp_lutarioriparius_15wks,TRUE
5231,3.3549348822687275,17.56529680050364,2.95830234777016,0.04904428072181585,0.3550558642171795,-3.533310612005136,miscanthus_floridulus_15wks vs miscanthus_sacchariflorus_ssp_lutarioriparius_15wks,TRUE
1939,-3.1489197981097448,21.341625361165047,-2.929173788939033,0.05035571797151706,0.3630246948323176,-3.5600833470723408,miscanthus_floridulus_15wks vs miscanthus_sacchariflorus_ssp_lutarioriparius_15wks,FALSE
2947,2.561631288884257,24.02305971449158,2.922566834761213,0.050659023300024864,0.3636895714414285,-3.566179784350045,miscanthus_floridulus_15wks vs miscanthus_sacchariflorus_ssp_lutarioriparius_15wks,FALSE
375,-1.8015618823539192,24.79163683676621,-2.909284213932969,0.051275461124952584,0.36658763285598883,-3.5784626905588235,miscanthus_floridulus_15wks vs miscanthus_sacchariflorus_ssp_lutarioriparius_15wks,FALSE
5631,1.7267741248610342,18.374931786567995,2.8979511847382047,0.051808557228131324,0.3688683640664061,-3.5889708311684103,miscanthus_floridulus_15wks vs miscanthus_sacchariflorus_ssp_lutarioriparius_15wks,FALSE
5800,-1.7474297820543523,16.771506016902453,-2.8893388829936564,0.05221812821750507,0.3702544646862602,-3.596973552568492,miscanthus_floridulus_15wks vs miscanthus_sacchariflorus_ssp_lutarioriparius_15wks,FALSE
2565,-2.0138360916124647,23.781610607569167,-2.8530811283387973,0.053985613960301944,0.3812180854655748,-3.6308282531919396,miscanthus_floridulus_15wks vs miscanthus_sacchariflorus_ssp_lutarioriparius_15wks,FALSE
5788,-2.3253363996766456,16.767015304584877,-2.8334664823463114,0.05497166935196416,0.38659667874871123,-3.6492525864993834,miscanthus_floridulus_15wks vs miscanthus_sacchariflorus_ssp_lutarioriparius_15wks,FALSE
5908,2.678488070598039,18.038836638518326,2.8209928406099642,0.05560996416823878,0.389495805942583,-3.661009198505387,miscanthus_floridulus_15wks vs miscanthus_sacchariflorus_ssp_lutarioriparius_15wks,FALSE
2643,1.6550332826368184,19.517510506653508,2.798141363785018,0.056802474685074725,0.39508588069851197,-3.682627392001557,miscanthus_floridulus_15wks vs miscanthus_sacchariflorus_ssp_lutarioriparius_15wks,FALSE
3321,2.149838491965566,16.806441044552354,2.7948576768327573,0.05697633751081225,0.39508588069851197,-3.6857423785857946,miscanthus_floridulus_15wks vs miscanthus_sacchariflorus_ssp_lutarioriparius_15wks,FALSE
5422,-2.500368410701963,16.568764994858775,-2.785485902485027,0.05747605922923154,0.39508588069851197,-3.6946444234504074,miscanthus_floridulus_15wks vs miscanthus_sacchariflorus_ssp_lutarioriparius_15wks,FALSE
4119,-2.4958185784272082,18.66358079084012,-2.7841933102037895,0.05754539318130385,0.39508588069851197,-3.6958735930219135,miscanthus_floridulus_15wks vs miscanthus_sacchariflorus_ssp_lutarioriparius_15wks,FALSE
5700,-3.1281032309317407,17.473745677322256,-2.782539120728689,0.057634268865900666,0.39508588069851197,-3.697447099604336,miscanthus_floridulus_15wks vs miscanthus_sacchariflorus_ssp_lutarioriparius_15wks,FALSE
2305,3.6989524722393092,21.981036559318593,2.779216477143323,0.0578132827269716,0.39508588069851197,-3.7006093162887477,miscanthus_floridulus_15wks vs miscanthus_sacchariflorus_ssp_lutarioriparius_15wks,FALSE
254,1.713590630622214,22.866029272039835,2.7755205157769818,0.05801319083965382,0.39508588069851197,-3.7041293887196023,miscanthus_floridulus_15wks vs miscanthus_sacchariflorus_ssp_lutarioriparius_15wks,FALSE
5922,2.055054516447729,17.52660076266789,2.7635147356923473,0.058668283643445465,0.3967482555966754,-3.7155824207621304,miscanthus_floridulus_15wks vs miscanthus_sacchariflorus_ssp_lutarioriparius_15wks,FALSE
1928,-3.6825861954273904,19.16607107574005,-2.762613392449048,0.05871782076445284,0.3967482555966754,-3.716443412669335,miscanthus_floridulus_15wks vs miscanthus_sacchariflorus_ssp_lutarioriparius_15wks,FALSE
784,1.7833475107131882,17.495423886869233,2.746812240203089,0.05959440221698713,0.39768384967366927,-3.7315631394415982,miscanthus_floridulus_15wks vs miscanthus_sacchariflorus_ssp_lutarioriparius_15wks,FALSE
156,-2.2064441843758473,22.102548910547746,-2.7435220177076123,0.05977888894364866,0.39768384967366927,-3.734717640877476,miscanthus_floridulus_15wks vs miscanthus_sacchariflorus_ssp_lutarioriparius_15wks,FALSE
4693,-1.9346089137516174,15.971607847226226,-2.743350430909557,0.059788528696152296,0.39768384967366927,-3.734882208015225,miscanthus_floridulus_15wks vs miscanthus_sacchariflorus_ssp_lutarioriparius_15wks,FALSE
5325,3.781092727774144,18.648671018554744,2.7364865842365824,0.060175664601078954,0.39768384967366927,-3.7414699858250335,miscanthus_floridulus_15wks vs miscanthus_sacchariflorus_ssp_lutarioriparius_15wks,FALSE
1122,-4.95020475802869,21.429242919146212,-2.735604374816537,0.06022563962038956,0.39768384967366927,-3.742317381502549,miscanthus_floridulus_15wks vs miscanthus_sacchariflorus_ssp_lutarioriparius_15wks,FALSE
1717,3.8309864527188395,17.32746645776477,2.7353309182337524,0.06024114031620875,0.39768384967366927,-3.7425800778789964,miscanthus_floridulus_15wks vs miscanthus_sacchariflorus_ssp_lutarioriparius_15wks,FALSE
6128,2.1498024327797403,17.24043620510385,2.728963998074005,0.0606033928463694,0.3985482666957804,-3.748700603191162,miscanthus_floridulus_15wks vs miscanthus_sacchariflorus_ssp_lutarioriparius_15wks,FALSE
6112,2.848795765491486,17.051009007970343,2.7073351456144072,0.06185352649989354,0.40522291315329495,-3.7695515412306686,miscanthus_floridulus_15wks vs miscanthus_sacchariflorus_ssp_lutarioriparius_15wks,FALSE
2420,1.8763731293902275,17.33993410307493,2.686655252963865,0.06307762380591103,0.41148248052844943,-3.789572706339331,miscanthus_floridulus_15wks vs miscanthus_sacchariflorus_ssp_lutarioriparius_15wks,FALSE
4355,-2.8608138044697142,17.59194689065214,-2.683172092818116,0.06328662643066692,0.41148248052844943,-3.7929530644543563,miscanthus_floridulus_15wks vs miscanthus_sacchariflorus_ssp_lutarioriparius_15wks,FALSE
4834,1.8101774991677644,17.265406695112414,2.671720131468256,0.06397961453651807,0.41159798732307534,-3.804083537903125,miscanthus_floridulus_15wks vs miscanthus_sacchariflorus_ssp_lutarioriparius_15wks,FALSE
4636,-1.668644676234134,20.568338303035482,-2.6716790090962994,0.06398211916357059,0.41159798732307534,-3.804123551401348,miscanthus_floridulus_15wks vs miscanthus_sacchariflorus_ssp_lutarioriparius_15wks,FALSE
5897,3.491254490211942,16.11143288888738,2.6684614009148153,0.06417845472312893,0.41159798732307534,-3.8072554050354586,miscanthus_floridulus_15wks vs miscanthus_sacchariflorus_ssp_lutarioriparius_15wks,FALSE
3614,-2.0306446014380093,17.111981181798875,-2.6671295985811643,0.06425992953563973,0.41159798732307534,-3.808552295407929,miscanthus_floridulus_15wks vs miscanthus_sacchariflorus_ssp_lutarioriparius_15wks,FALSE
847,-1.847732386498656,17.521181027813583,-2.6627658867863766,0.06452774782135086,0.4117826277636575,-3.812804004904144,miscanthus_floridulus_15wks vs miscanthus_sacchariflorus_ssp_lutarioriparius_15wks,FALSE
3266,1.8071783403304433,16.60810058269915,2.654996370093349,0.06500788311052244,0.4133158029499268,-3.820383150030161,miscanthus_floridulus_15wks vs miscanthus_sacchariflorus_ssp_lutarioriparius_15wks,FALSE
395,-3.6339585641645265,21.156441119162317,-2.6455775683467624,0.06559563998737308,0.4151976845476686,-3.829586670628972,miscanthus_floridulus_15wks vs miscanthus_sacchariflorus_ssp_lutarioriparius_15wks,FALSE
4729,-1.609460425161732,18.81905431831834,-2.642551364940926,0.06578582001248609,0.4151976845476686,-3.83254730401849,miscanthus_floridulus_15wks vs miscanthus_sacchariflorus_ssp_lutarioriparius_15wks,FALSE
476,4.223997252909969,17.31424530062283,2.6331085958850653,0.06638346504658035,0.41744054844984657,-3.841796696208995,miscanthus_floridulus_15wks vs miscanthus_sacchariflorus_ssp_lutarioriparius_15wks,FALSE
5045,-2.294706196445084,20.542284016551193,-2.6205132059048095,0.06719069685087319,0.42098025699656183,-3.8541605334928293,miscanthus_floridulus_15wks vs miscanthus_sacchariflorus_ssp_lutarioriparius_15wks,FALSE
2447,-3.111465515705282,16.912054789708716,-2.5961871515445383,0.06878291153486259,0.4263922361586716,-3.8781242980770974,miscanthus_floridulus_15wks vs miscanthus_sacchariflorus_ssp_lutarioriparius_15wks,FALSE
1052,-2.3432397927049777,16.624965620136198,-2.5961242049052458,0.06878708917200996,0.4263922361586716,-3.878186451751111,miscanthus_floridulus_15wks vs miscanthus_sacchariflorus_ssp_lutarioriparius_15wks,FALSE
4381,3.0615401518872893,17.690823866737826,2.5959765468803804,0.06879689010569397,0.4263922361586716,-3.8783322525839266,miscanthus_floridulus_15wks vs miscanthus_sacchariflorus_ssp_lutarioriparius_15wks,FALSE
2715,2.3606187785144197,16.926885515192193,2.5693236869176603,0.07059337855850246,0.4359583915996407,-3.9047166793090295,miscanthus_floridulus_15wks vs miscanthus_sacchariflorus_ssp_lutarioriparius_15wks,FALSE
6119,2.5037251558820763,17.526470990745967,2.550543021833486,0.07189259911043033,0.44132759668741356,-3.9233874993148055,miscanthus_floridulus_15wks vs miscanthus_sacchariflorus_ssp_lutarioriparius_15wks,FALSE
2604,-5.321193260721703,21.203773202996565,-2.549364353595933,0.0719750752577848,0.44132759668741356,-3.924561445951955,miscanthus_floridulus_15wks vs miscanthus_sacchariflorus_ssp_lutarioriparius_15wks,FALSE
1745,1.724315671131997,21.203068023202345,2.5386758187147254,0.07272811542850754,0.4443636272458103,-3.935218823541091,miscanthus_floridulus_15wks vs miscanthus_sacchariflorus_ssp_lutarioriparius_15wks,FALSE
5156,1.519579475658194,22.448991782058286,2.5316639348268444,0.073227174611905893,0.4458318793509323,-3.9422216439341655,miscanthus_floridulus_15wks vs miscanthus_sacchariflorus_ssp_lutarioriparius_15wks,FALSE
1390,-1.7325902341245332,16.920008069568762,-2.521341751568628,0.07396920626390892,0.44876388166448966,-3.9525468143867184,miscanthus_floridulus_15wks vs miscanthus_sacchariflorus_ssp_lutarioriparius_15wks,FALSE
923,2.9993954562350638,16.775718025888207,2.51209364615455,0.074641562061168,0.450490574988542,-3.9618140442654943,miscanthus_floridulus_15wks vs miscanthus_sacchariflorus_ssp_lutarioriparius_15wks,FALSE
3946,-2.1998093427043166,16.716123454678694,-2.5102462982322074,0.07477672922038481,0.450490574988542,-3.9636670686707647,miscanthus_floridulus_15wks vs miscanthus_sacchariflorus_ssp_lutarioriparius_15wks,FALSE
3208,2.390367435381144,17.318422942786796,2.5054378393169063,0.07512990943091936,0.4505085216799302,-3.968493193653107,miscanthus_floridulus_15wks vs miscanthus_sacchariflorus_ssp_lutarioriparius_15wks,FALSE
5947,2.6023541173597913,18.98146645778862,2.5003112841723225,0.07550861901635172,0.4505085216799302,-3.9736431748380205,miscanthus_floridulus_15wks vs miscanthus_sacchariflorus_ssp_lutarioriparius_15wks,FALSE
5696,1.500650376273633,15.854504784176301,2.4995626410728726,0.07556411071706316,0.4505085216799302,-3.9743956346729234,miscanthus_floridulus_15wks vs miscanthus_sacchariflorus_ssp_lutarioriparius_15wks,FALSE
3463,1.911649196939745,18.462272460794615,2.4690081441457608,0.07787038339276241,0.4626112824015994,-4.005191417710328,miscanthus_floridulus_15wks vs miscanthus_sacchariflorus_ssp_lutarioriparius_15wks,FALSE
3498,2.0214679032114624,22.46509686020263,2.4653240827211684,0.07815401063525314,0.4626112824015994,-4.00891577790465,miscanthus_floridulus_15wks vs miscanthus_sacchariflorus_ssp_lutarioriparius_15wks,FALSE
2986,1.5177559282845365,22.82659541369697,2.4621468834493014,0.07839959051727627,0.4626112824015994,-4.01212965471071,miscanthus_floridulus_15wks vs miscanthus_sacchariflorus_ssp_lutarioriparius_15wks,FALSE
128,3.475118108473204,20.77010873976167,2.450605790389957,0.07929930787546313,0.4663232336840375,-4.02381891009484,miscanthus_floridulus_15wks vs miscanthus_sacchariflorus_ssp_lutarioriparius_15wks,FALSE
1086,-3.8152671055223983,17.199616483893898,-2.4403164052397974,0.08011167506813183,0.4686511133180223,-4.034260036268181,miscanthus_floridulus_15wks vs miscanthus_sacchariflorus_ssp_lutarioriparius_15wks,FALSE
1941,-1.7477628374237248,23.30767464092633,-2.4357645093171216,0.08047416744024063,0.4686511133180223,-4.038884938129332,miscanthus_floridulus_15wks vs miscanthus_sacchariflorus_ssp_lutarioriparius_15wks,FALSE
3653,4.1179421814499975,17.976867853360613,2.4353013314363348,0.08051116050036831,0.4686511133180223,-4.039355746182201,miscanthus_floridulus_15wks vs miscanthus_sacchariflorus_ssp_lutarioriparius_15wks,FALSE
4396,-1.583753564621162,20.350966039287787,-2.426994455900266,0.08117800945486607,0.4697005796325497,-4.047805765772349,miscanthus_floridulus_15wks vs miscanthus_sacchariflorus_ssp_lutarioriparius_15wks,FALSE
4884,2.071019569791684,16.609571304783287,2.4245986545428577,0.08137153752872006,0.4697005796325497,-4.050245063878926,miscanthus_floridulus_15wks vs miscanthus_sacchariflorus_ssp_lutarioriparius_15wks,FALSE
3646,3.2502813741679937,24.133863596634576,2.419822541806258,0.08175895725507211,0.4697005796325497,-4.055110834383438,miscanthus_floridulus_15wks vs miscanthus_sacchariflorus_ssp_lutarioriparius_15wks,FALSE
139,3.6716544704641265,19.93147188022391,2.417367975151326,0.08195890228915091,0.4697005796325497,-4.057613001414902,miscanthus_floridulus_15wks vs miscanthus_sacchariflorus_ssp_lutarioriparius_15wks,FALSE
5379,3.0749858149622824,17.397025604697628,2.4161970802450123,0.08205448315113027,0.4697005796325497,-4.05880696657891,miscanthus_floridulus_15wks vs miscanthus_sacchariflorus_ssp_lutarioriparius_15wks,FALSE
6251,1.6077770216347513,16.01480258236499,2.4099098511558865,0.08256995032931824,0.47108617356760046,-4.065222080876778,miscanthus_floridulus_15wks vs miscanthus_sacchariflorus_ssp_lutarioriparius_15wks,FALSE
1415,1.7607174178529714,16.1275703756483,2.4039426493933673,0.08306268778018207,0.4722939468376721,-4.071316888656623,miscanthus_floridulus_15wks vs miscanthus_sacchariflorus_ssp_lutarioriparius_15wks,FALSE
2163,2.3314981020053764,17.28375332230375,2.4007243221024455,0.08332986641825439,0.4722939468376721,-4.074606548289378,miscanthus_floridulus_15wks vs miscanthus_sacchariflorus_ssp_lutarioriparius_15wks,FALSE
3265,4.764112010209455,19.897852515394995,2.3888005466075635,0.08432854972490066,0.47427656597181445,-4.086809860560761,miscanthus_floridulus_15wks vs miscanthus_sacchariflorus_ssp_lutarioriparius_15wks,FALSE
3920,4.053535186550603,17.64282133520292,2.388580147563115,0.08434714064549369,0.47427656597181445,-4.087035651858783,miscanthus_floridulus_15wks vs miscanthus_sacchariflorus_ssp_lutarioriparius_15wks,FALSE
4210,-3.7173461666398104,19.130874391721207,-2.386705549660266,0.08450545893984157,0.47427656597181445,-4.088956442881665,miscanthus_floridulus_15wks vs miscanthus_sacchariflorus_ssp_lutarioriparius_15wks,FALSE
5693,1.4139735699286007,18.821271372968532,2.3785628020096032,0.08519719231111172,0.4747901727571983,-4.097306666629425,miscanthus_floridulus_15wks vs miscanthus_sacchariflorus_ssp_lutarioriparius_15wks,FALSE
5263,-2.23346008040399,18.124981566620527,-2.3752338534158253,0.08548189214529364,0.4747901727571983,-4.10072362145487,miscanthus_floridulus_15wks vs miscanthus_sacchariflorus_ssp_lutarioriparius_15wks,FALSE
3595,-1.6945132691241085,16.850406528498773,-2.3674326491502184,0.08615343199216134,0.4747901727571983,-4.108738270177917,miscanthus_floridulus_15wks vs miscanthus_sacchariflorus_ssp_lutarioriparius_15wks,FALSE
3894,2.316162527087979,18.307273199427527,2.3662384443689515,0.08625677345638895,0.4747901727571983,-4.109966037752871,miscanthus_floridulus_15wks vs miscanthus_sacchariflorus_ssp_lutarioriparius_15wks,FALSE
6117,2.0455155392913618,17.26321001252862,2.3654963138572556,0.08632106717603172,0.4747901727571983,-4.110729144235123,miscanthus_floridulus_15wks vs miscanthus_sacchariflorus_ssp_lutarioriparius_15wks,FALSE
1367,1.5368622223990371,21.666915206339695,2.3654213614709385,0.08632756370745401,0.4747901727571983,-4.110806220167222,miscanthus_floridulus_15wks vs miscanthus_sacchariflorus_ssp_lutarioriparius_15wks,FALSE
1362,-1.4254130735146848,16.046881658364537,-2.363136335730166,0.08652589335215338,0.4747901727571983,-4.113156429564706,miscanthus_floridulus_15wks vs miscanthus_sacchariflorus_ssp_lutarioriparius_15wks,FALSE
2974,1.4378819035026993,17.47139140293884,2.3593690355628465,0.0868540391693983,0.474971618216513,-4.117033073673752,miscanthus_floridulus_15wks vs miscanthus_sacchariflorus_ssp_lutarioriparius_15wks,FALSE
3930,-1.5768840326690992,16.725197796731205,-2.355278087939351,0.08721202072342081,0.474971618216513,-4.1212453972592975,miscanthus_floridulus_15wks vs miscanthus_sacchariflorus_ssp_lutarioriparius_15wks,FALSE
2570,1.762697776021497,23.78805660171638,2.353297443032794,0.08738595645654941,0.474971618216513,-4.123285791055728,miscanthus_floridulus_15wks vs miscanthus_sacchariflorus_ssp_lutarioriparius_15wks,FALSE
221,-1.8909566133665976,24.949996754329916,-2.3486776055041614,0.08779323387321203,0.4756847231557998,-4.12804748114881,miscanthus_floridulus_15wks vs miscanthus_sacchariflorus_ssp_lutarioriparius_15wks,FALSE
2697,1.8641338352465802,26.18385445183324,2.3436606853930413,0.0882380249724989,0.47659597814299565,-4.133222379748095,miscanthus_floridulus_15wks vs miscanthus_sacchariflorus_ssp_lutarioriparius_15wks,FALSE
4498,2.815969157238822,16.86566561394591,2.3372714578321836,0.08880828783137822,0.47817712479207714,-4.139818701501913,miscanthus_floridulus_15wks vs miscanthus_sacchariflorus_ssp_lutarioriparius_15wks,FALSE
589,-1.5650539319263927,25.01374051924543,-2.3141250091253824,0.09091042100515484,0.4869941780427895,-4.163770228616004,miscanthus_floridulus_15wks vs miscanthus_sacchariflorus_ssp_lutarioriparius_15wks,FALSE
691,2.062638926752456,16.0931080361255,2.308020725670332,0.09147440950434249,0.4869941780427895,-4.170101002381218,miscanthus_floridulus_15wks vs miscanthus_sacchariflorus_ssp_lutarioriparius_15wks,FALSE
5234,-2.4463499478552286,16.554053699292925,-2.307111582286053,0.09155875468046112,0.4869941780427895,-4.1710443796259735,miscanthus_floridulus_15wks vs miscanthus_sacchariflorus_ssp_lutarioriparius_15wks,FALSE
5636,1.424433289222204,19.508522276124395,2.3069216562150072,0.09157638635279385,0.4869941780427895,-4.17124147375686,miscanthus_floridulus_15wks vs miscanthus_sacchariflorus_ssp_lutarioriparius_15wks,FALSE
5452,-1.4788494130031893,16.394714470964892,-2.303172452814765,0.09192525007623319,0.4871911882509266,-4.175133334148476,miscanthus_floridulus_15wks vs miscanthus_sacchariflorus_ssp_lutarioriparius_15wks,FALSE
4876,-1.4041923732340216,16.896438031590016,-2.3004563497810757,0.09217894798015211,0.4871911882509266,-4.17795415774415,miscanthus_floridulus_15wks vs miscanthus_sacchariflorus_ssp_lutarioriparius_15wks,FALSE
3,1.3719471119092468,25.917002080785174,2.2958850444155203,0.09260776906329371,0.48796081374940387,-4.182704307331886,miscanthus_floridulus_15wks vs miscanthus_sacchariflorus_ssp_lutarioriparius_15wks,FALSE
1264,2.996667116937136,17.20504168249987,2.2903938284552607,0.09312594914058679,0.48919515356472876,-4.188414644848074,miscanthus_floridulus_15wks vs miscanthus_sacchariflorus_ssp_lutarioriparius_15wks,FALSE
799,1.5887977424682713,16.024573137365476,2.2824365567531535,0.09388282018831806,0.4902132629956784,-4.19669769840979,miscanthus_floridulus_15wks vs miscanthus_sacchariflorus_ssp_lutarioriparius_15wks,FALSE
1385,-1.940519948161139,17.15178049353868,-2.2823741408090945,0.09388878513556231,0.4902132629956784,-4.196762708189368,miscanthus_floridulus_15wks vs miscanthus_sacchariflorus_ssp_lutarioriparius_15wks,FALSE
2656,2.857281695101978,18.688663023264155,2.26969839565664,0.09510933224568004,0.49508573854775434,-4.2099775355083935,miscanthus_floridulus_15wks vs miscanthus_sacchariflorus_ssp_lutarioriparius_15wks,FALSE
332,1.464337125640835,26.57486309512886,2.2607081459455567,0.09598614955229505,0.4981449869837481,-4.219364870606128,miscanthus_floridulus_15wks vs miscanthus_sacchariflorus_ssp_lutarioriparius_15wks,FALSE
3836,1.615149462877202,20.05747804908229,2.2520478317980035,0.09683964821515789,0.4988527822108495,-4.228419142827393,miscanthus_floridulus_15wks vs miscanthus_sacchariflorus_ssp_lutarioriparius_15wks,FALSE
3989,1.5053509174048862,16.48307468758037,2.250058129514273,0.09703697747127228,0.4988527822108495,-4.230500932082454,miscanthus_floridulus_15wks vs miscanthus_sacchariflorus_ssp_lutarioriparius_15wks,FALSE
2510,-1.7198882899003696,16.836655476126467,-2.243576807848239,0.09768299622377435,0.4988527822108495,-4.237286276570218,miscanthus_floridulus_15wks vs miscanthus_sacchariflorus_ssp_lutarioriparius_15wks,FALSE
2220,-3.0635736722037006,17.259887035352396,-2.2426079320052636,0.09777999448549622,0.4988527822108495,-4.238301131308852,miscanthus_floridulus_15wks vs miscanthus_sacchariflorus_ssp_lutarioriparius_15wks,FALSE
4013,-1.402880967170173,24.62944617665762,-2.2387948637069757,0.09816281964797656,0.4988527822108495,-4.242296488663604,miscanthus_floridulus_15wks vs miscanthus_sacchariflorus_ssp_lutarioriparius_15wks,FALSE
2452,4.048540767479395,21.409218993118866,2.2369751431754183,0.0983461266602102,0.4988527822108495,-4.244203952813763,miscanthus_floridulus_15wks vs miscanthus_sacchariflorus_ssp_lutarioriparius_15wks,FALSE
2352,3.770962949032514,17.07446029849519,2.234248105686897,0.09862157191749217,0.4988527822108495,-4.24706338660465,miscanthus_floridulus_15wks vs miscanthus_sacchariflorus_ssp_lutarioriparius_15wks,FALSE
3867,3.607105390462456,17.699341015005917,2.233628469540946,0.09868428264506604,0.4988527822108495,-4.247713256578324,miscanthus_floridulus_15wks vs miscanthus_sacchariflorus_ssp_lutarioriparius_15wks,FALSE
2449,1.9928352723119858,21.391957995977418,2.2331941678478615,0.09872826391984892,0.4988527822108495,-4.248168782335812,miscanthus_floridulus_15wks vs miscanthus_sacchariflorus_ssp_lutarioriparius_15wks,FALSE
2445,4.172907349964099,17.385702641650607,2.228955006318876,0.09915875033651816,0.4995629439468445,-4.252616544734722,miscanthus_floridulus_15wks vs miscanthus_sacchariflorus_ssp_lutarioriparius_15wks,FALSE
5338,1.5518819357354179,16.536901341147477,2.2235233836889403,0.09971350230917705,0.5003319464292064,-4.258319237881914,miscanthus_floridulus_15wks vs miscanthus_sacchariflorus_ssp_lutarioriparius_15wks,FALSE
2520,1.7099161955164632,17.470560641878937,2.221781564794306,0.09989215877634765,0.5003319464292064,-4.260148881596127,miscanthus_floridulus_15wks vs miscanthus_sacchariflorus_ssp_lutarioriparius_15wks,FALSE
4788,-2.8576428839603185,16.42668249603939,-2.2135169054290866,0.10074490544322985,0.5013920233362124,-4.268836159755161,miscanthus_floridulus_15wks vs miscanthus_sacchariflorus_ssp_lutarioriparius_15wks,FALSE
1189,4.245484625663657,16.556183331779383,2.2124879822200625,0.10085165621187248,0.5013920233362124,-4.269918377139899,miscanthus_floridulus_15wks vs miscanthus_sacchariflorus_ssp_lutarioriparius_15wks,FALSE
2382,1.766300247276721,16.592772607158103,2.2112833428855776,0.10097680330682861,0.5013920233362124,-4.271185602413299,miscanthus_floridulus_15wks vs miscanthus_sacchariflorus_ssp_lutarioriparius_15wks,FALSE
369,-2.4859313025645733,16.859588158523152,-2.200647937810272,0.10208949085197133,0.5043522012336553,-4.282382420493679,miscanthus_floridulus_15wks vs miscanthus_sacchariflorus_ssp_lutarioriparius_15wks,FALSE
4958,-4.6219519983281305,17.579450489328643,-2.1974096022931873,0.10243108991767735,0.5043522012336553,-4.285794839278465,miscanthus_floridulus_15wks vs miscanthus_sacchariflorus_ssp_lutarioriparius_15wks,FALSE
233,-1.446422342450525,22.550696656696086,-2.1931156822639686,0.102886070151413,0.5043522012336553,-4.290321830603517,miscanthus_floridulus_15wks vs miscanthus_sacchariflorus_ssp_lutarioriparius_15wks,FALSE
127,3.3888918802680816,17.561850348583018,2.1920440640977623,0.10299998044068034,0.5043522012336553,-4.291452012749465,miscanthus_floridulus_15wks vs miscanthus_sacchariflorus_ssp_lutarioriparius_15wks,FALSE
3325,-1.342125094815108,16.245736491889257,-2.191700327388423,0.1030365495265506,0.5043522012336553,-4.291814568208471,miscanthus_floridulus_15wks vs miscanthus_sacchariflorus_ssp_lutarioriparius_15wks,FALSE
2613,3.251679955279826,17.58437594936741,2.1871331766679045,0.1035238556063148,0.5051478960010289,-4.296633300625523,miscanthus_floridulus_15wks vs miscanthus_sacchariflorus_ssp_lutarioriparius_15wks,FALSE
4711,-2.472593045205894,23.39669716965749,-2.1810556591062196,0.104176432654742,0.5051478960010289,-4.3030500218710985,miscanthus_floridulus_15wks vs miscanthus_sacchariflorus_ssp_lutarioriparius_15wks,FALSE
279,-5.194099850966779,18.39929681504225,-2.177972096577245,0.10450934045317836,0.5051478960010289,-4.306307606105956,miscanthus_floridulus_15wks vs miscanthus_sacchariflorus_ssp_lutarioriparius_15wks,FALSE
209,4.264799726516603,21.29442832557227,2.177176398793547,0.10459544406844995,0.5051478960010289,-4.307148418049684,miscanthus_floridulus_15wks vs miscanthus_sacchariflorus_ssp_lutarioriparius_15wks,FALSE
2299,2.9974599039954164,17.57986924548735,2.176534149817197,0.10466500224745638,0.5051478960010289,-4.307827143324038,miscanthus_floridulus_15wks vs miscanthus_sacchariflorus_ssp_lutarioriparius_15wks,FALSE
4648,1.3812254669007764,19.606877135222778,2.172820419869167,0.1050682585073169,0.5056776799109134,-4.311752882142704,miscanthus_floridulus_15wks vs miscanthus_sacchariflorus_ssp_lutarioriparius_15wks,FALSE
4540,-1.3619236394684826,16.589152796943026,-2.1662273485519736,0.10578857519479082,0.5063604178840775,-4.318726887874041,miscanthus_floridulus_15wks vs miscanthus_sacchariflorus_ssp_lutarioriparius_15wks,FALSE
4901,-2.057770427999916,19.938510771979352,-2.1661425022752896,0.10579788185622048,0.5063604178840775,-4.318816674145728,miscanthus_floridulus_15wks vs miscanthus_sacchariflorus_ssp_lutarioriparius_15wks,FALSE
2309,-1.2887965810038757,23.06246624939387,-2.1571966890218834,0.1067844308190837,0.5086301848733268,-4.328288679176546,miscanthus_floridulus_15wks vs miscanthus_sacchariflorus_ssp_lutarioriparius_15wks,FALSE
2659,-1.367782553666963,16.72214007608322,-2.1555330782880033,0.10696905694145081,0.5086301848733268,-4.330051303889833,miscanthus_floridulus_15wks vs miscanthus_sacchariflorus_ssp_lutarioriparius_15wks,FALSE
2678,-2.974446674914134,21.07510248198193,-2.1538364631348763,0.10715772322055579,0.5086301848733268,-4.331849269897947,miscanthus_floridulus_15wks vs miscanthus_sacchariflorus_ssp_lutarioriparius_15wks,FALSE
3326,-4.000001337931678,16.966437613181935,-2.149844041625097,0.10760319481425587,0.5093225816017446,-4.33608166564358,miscanthus_floridulus_15wks vs miscanthus_sacchariflorus_ssp_lutarioriparius_15wks,FALSE
4519,3.1391627737872447,17.896693961507477,2.1472408496337847,0.10789480109381125,0.5093225816017446,-4.338842441758755,miscanthus_floridulus_15wks vs miscanthus_sacchariflorus_ssp_lutarioriparius_15wks,FALSE
3236,-1.4188602052607493,21.561600590194242,-2.1303247705901667,0.1098119358501336,0.5125467944554034,-4.356803672422783,miscanthus_floridulus_15wks vs miscanthus_sacchariflorus_ssp_lutarioriparius_15wks,FALSE
6056,1.8788500605954646,15.984095625218185,2.1302165926873715,0.10982432081619523,0.5125467944554034,-4.3569186506907585,miscanthus_floridulus_15wks vs miscanthus_sacchariflorus_ssp_lutarioriparius_15wks,FALSE
857,1.3247813571989724,26.398605751798126,2.129731992954051,0.10987982082767025,0.5125467944554034,-4.357433731736223,miscanthus_floridulus_15wks vs miscanthus_sacchariflorus_ssp_lutarioriparius_15wks,FALSE
5058,-1.2833700299528221,16.27121556235845,-2.128162471203844,0.11005979479827088,0.5125467944554034,-4.3591021783561175,miscanthus_floridulus_15wks vs miscanthus_sacchariflorus_ssp_lutarioriparius_15wks,FALSE
234,-1.5709764582360535,25.503550859336933,-2.1222264754655633,0.11074352131245999,0.5125467944554034,-4.365415090728313,miscanthus_floridulus_15wks vs miscanthus_sacchariflorus_ssp_lutarioriparius_15wks,FALSE
3035,1.9276361180702644,16.509205293873002,2.122118116728512,0.11075604750160715,0.5125467944554034,-4.365530370568861,miscanthus_floridulus_15wks vs miscanthus_sacchariflorus_ssp_lutarioriparius_15wks,FALSE
4287,2.4556014282245293,18.56931521502933,2.121619872702349,0.11081366500406903,0.5125467944554034,-4.366060457201101,miscanthus_floridulus_15wks vs miscanthus_sacchariflorus_ssp_lutarioriparius_15wks,FALSE
6108,2.0711709132017546,17.053195676430814,2.1203764491214616,0.11095760553213319,0.5125467944554034,-4.367383481395378,miscanthus_floridulus_15wks vs miscanthus_sacchariflorus_ssp_lutarioriparius_15wks,FALSE
424,1.3610780373470277,19.46594954042487,2.105409972775508,0.11270702528002181,0.5192358410627743,-4.383322917955199,miscanthus_floridulus_15wks vs miscanthus_sacchariflorus_ssp_lutarioriparius_15wks,FALSE
1893,-1.473304060399947,20.585552370498988,-2.087269002902556,0.11486989824767371,0.5264593128579588,-4.402679219172503,miscanthus_floridulus_15wks vs miscanthus_sacchariflorus_ssp_lutarioriparius_15wks,FALSE
1574,1.234732431685245,25.83898187138636,2.0871348203953666,0.11488607175542224,0.5264593128579588,-4.402822535014175,miscanthus_floridulus_15wks vs miscanthus_sacchariflorus_ssp_lutarioriparius_15wks,FALSE
417,-3.0339444151908435,16.798417172551297,-2.0823401471739444,0.11546569866309596,0.5277119331472528,-4.407944931455983,miscanthus_floridulus_15wks vs miscanthus_sacchariflorus_ssp_lutarioriparius_15wks,FALSE
4723,2.0623609346480514,17.41045557320277,2.0669913377939375,0.11734374013441252,0.5324210525655603,-4.424360491931778,miscanthus_floridulus_15wks vs miscanthus_sacchariflorus_ssp_lutarioriparius_15wks,FALSE
1545,-2.70506463282649,17.024857811357116,-2.0664052630658585,0.11741613710456372,0.5324210525655603,-4.424987824373743,miscanthus_floridulus_15wks vs miscanthus_sacchariflorus_ssp_lutarioriparius_15wks,FALSE
2444,3.5252565203961232,17.98971614727943,2.066348924284758,0.1174230992309419,0.5324210525655603,-4.425048131230399,miscanthus_floridulus_15wks vs miscanthus_sacchariflorus_ssp_lutarioriparius_15wks,FALSE
4413,1.2770685822811387,18.795665739815025,2.062548030648235,0.11789388545023799,0.533152663072861,-4.429117543570975,miscanthus_floridulus_15wks vs miscanthus_sacchariflorus_ssp_lutarioriparius_15wks,FALSE
1798,3.030275939502797,17.735848791387895,2.055099153903758,0.11882275825974381,0.5359466295328236,-4.437097262193545,miscanthus_floridulus_15wks vs miscanthus_sacchariflorus_ssp_lutarioriparius_15wks,FALSE
158,3.8089708494431314,21.785583040703706,2.050168161669607,0.11944222801319256,0.5373340962577827,-4.442382976403644,miscanthus_floridulus_15wks vs miscanthus_sacchariflorus_ssp_lutarioriparius_15wks,FALSE
2257,1.6043704060552457,16.255056123348847,2.037210512890051,0.12108762968588588,0.5422721185695297,-4.456285115662877,miscanthus_floridulus_15wks vs miscanthus_sacchariflorus_ssp_lutarioriparius_15wks,FALSE
5201,2.0742163432387883,15.716541572647653,2.031914499495832,0.12176752797739271,0.5422721185695297,-4.461972217700183,miscanthus_floridulus_15wks vs miscanthus_sacchariflorus_ssp_lutarioriparius_15wks,FALSE
3875,-1.8557009908093853,15.71744344297121,-2.0300281682065697,0.12201073875719927,0.5422721185695297,-4.463998544351313,miscanthus_floridulus_15wks vs miscanthus_sacchariflorus_ssp_lutarioriparius_15wks,FALSE
4564,-4.376226097238797,16.78878012378615,-2.0292403211512666,0.12211248145397213,0.5422721185695297,-4.464844969786473,miscanthus_floridulus_15wks vs miscanthus_sacchariflorus_ssp_lutarioriparius_15wks,FALSE
4299,1.8729569907013595,16.84368809522744,2.02696508070295,0.12240684678079851,0.5422721185695297,-4.467289735040164,miscanthus_floridulus_15wks vs miscanthus_sacchariflorus_ssp_lutarioriparius_15wks,FALSE
1182,1.2354463347035463,20.356525602212834,2.0267999829394876,0.12242823802875627,0.5422721185695297,-4.467467154463911,miscanthus_floridulus_15wks vs miscanthus_sacchariflorus_ssp_lutarioriparius_15wks,FALSE
5321,-1.2425908290429746,17.441111423334274,-2.0126635603640666,0.1242756596254647,0.5465773793063916,-4.482668741757818,miscanthus_floridulus_15wks vs miscanthus_sacchariflorus_ssp_lutarioriparius_15wks,FALSE
2061,-2.2451409656013155,16.34919134159629,-2.008443048945299,0.12483332149815564,0.5465773793063916,-4.48721108343325,miscanthus_floridulus_15wks vs miscanthus_sacchariflorus_ssp_lutarioriparius_15wks,FALSE
325,1.1878952165690855,26.30331100744295,2.0031407029668333,0.12553794433768847,0.5465773793063916,-4.492920190506961,miscanthus_floridulus_15wks vs miscanthus_sacchariflorus_ssp_lutarioriparius_15wks,FALSE
3961,1.573190961510175,18.02965905421881,2.0022210601084645,0.1256606117908074,0.5465773793063916,-4.493910655812163,miscanthus_floridulus_15wks vs miscanthus_sacchariflorus_ssp_lutarioriparius_15wks,FALSE
924,1.2311235787599948,24.24499164189573,1.998527687604585,0.12615462258013008,0.5465773793063916,-4.497889264780762,miscanthus_floridulus_15wks vs miscanthus_sacchariflorus_ssp_lutarioriparius_15wks,FALSE
3826,1.1805892720457773,16.152937897282285,1.9968127778474778,0.126384748014217,0.5465773793063916,-4.499737052356837,miscanthus_floridulus_15wks vs miscanthus_sacchariflorus_ssp_lutarioriparius_15wks,FALSE
5435,6.192774492567178,17.924587046512027,1.9966504178879592,0.12640655982737323,0.5465773793063916,-4.499912006863287,miscanthus_floridulus_15wks vs miscanthus_sacchariflorus_ssp_lutarioriparius_15wks,FALSE
3070,1.9567756091556525,17.00900865646518,1.9914585846634392,0.12710629009607186,0.5465773793063916,-4.505507872432295,miscanthus_floridulus_15wks vs miscanthus_sacchariflorus_ssp_lutarioriparius_15wks,FALSE
1265,2.583311968084761,17.384526047472484,1.991385937007074,0.12711611218593738,0.5465773793063916,-4.5055861912754285,miscanthus_floridulus_15wks vs miscanthus_sacchariflorus_ssp_lutarioriparius_15wks,FALSE
4493,-1.2851734643555837,16.69887731400174,-1.990855774026336,0.12718781710248284,0.5465773793063916,-4.506157755745747,miscanthus_floridulus_15wks vs miscanthus_sacchariflorus_ssp_lutarioriparius_15wks,FALSE
2899,1.306137395362871,16.871399851144773,1.9848294417663732,0.12800610064679976,0.5465773793063916,-4.512656501808162,miscanthus_floridulus_15wks vs miscanthus_sacchariflorus_ssp_lutarioriparius_15wks,FALSE
962,-4.109007468051161,17.4894349429804,-1.9823654708928393,0.1283423801735612,0.5465773793063916,-4.515314574562703,miscanthus_floridulus_15wks vs miscanthus_sacchariflorus_ssp_lutarioriparius_15wks,FALSE
5803,2.994600904124674,18.826083626357114,1.9792671424122914,0.12876665145299143,0.5465773793063916,-4.518657748282373,miscanthus_floridulus_15wks vs miscanthus_sacchariflorus_ssp_lutarioriparius_15wks,FALSE
5967,1.8442109381571825,17.120527879512213,1.9780940830917475,0.12892769763228484,0.5465773793063916,-4.519923731202436,miscanthus_floridulus_15wks vs miscanthus_sacchariflorus_ssp_lutarioriparius_15wks,FALSE
954,3.525512916073474,20.384439724312912,1.9779213737573262,0.1289514276126896,0.5465773793063916,-4.520110131943589,miscanthus_floridulus_15wks vs miscanthus_sacchariflorus_ssp_lutarioriparius_15wks,FALSE
4029,-3.011359725324681,18.61058408259958,-1.977145494373348,0.12905809295156226,0.5465773793063916,-4.5209475510808,miscanthus_floridulus_15wks vs miscanthus_sacchariflorus_ssp_lutarioriparius_15wks,FALSE
4379,3.7059768641531434,20.86837586334937,1.975622060062077,0.12926781923962194,0.5465773793063916,-4.522591972493084,miscanthus_floridulus_15wks vs miscanthus_sacchariflorus_ssp_lutarioriparius_15wks,FALSE
2422,1.5874774353814587,25.158496727675114,1.9752923445279,0.1293132606774955,0.5465773793063916,-4.522947899977272,miscanthus_floridulus_15wks vs miscanthus_sacchariflorus_ssp_lutarioriparius_15wks,FALSE
2948,1.691529066729288,20.736209442538165,1.971706166109177,0.1298086729689594,0.5465773793063916,-4.5268197876714,miscanthus_floridulus_15wks vs miscanthus_sacchariflorus_ssp_lutarioriparius_15wks,FALSE
5556,2.228718885044355,17.158446648148182,1.9703889454364683,0.12999117713672087,0.5465773793063916,-4.528242231012346,miscanthus_floridulus_15wks vs miscanthus_sacchariflorus_ssp_lutarioriparius_15wks,FALSE
6148,1.6178157938166287,24.92397250286135,1.968386003865684,0.13026924392006176,0.5465773793063916,-4.530405458646692,miscanthus_floridulus_15wks vs miscanthus_sacchariflorus_ssp_lutarioriparius_15wks,FALSE
2337,1.53899500511476,23.901911124333054,1.9649968589818927,0.13074128360942536,0.5465773793063916,-4.5340666022250575,miscanthus_floridulus_15wks vs miscanthus_sacchariflorus_ssp_lutarioriparius_15wks,FALSE
3009,2.5887821370995567,17.3270756907632,1.9640171117749086,0.1308781013756437,0.5465773793063916,-4.5351251615710275,miscanthus_floridulus_15wks vs miscanthus_sacchariflorus_ssp_lutarioriparius_15wks,FALSE
528,2.784651834214575,17.424699881101635,1.9630478437029275,0.13101361442457327,0.5465773793063916,-4.536172478536851,miscanthus_floridulus_15wks vs miscanthus_sacchariflorus_ssp_lutarioriparius_15wks,FALSE
3211,1.2140565459785755,20.595659280252992,1.9562962558338568,0.13196194510958975,0.549203940637254,-4.5434699059502925,miscanthus_floridulus_15wks vs miscanthus_sacchariflorus_ssp_lutarioriparius_15wks,FALSE
5586,2.859708464412904,16.919389782120565,1.9525003967509247,0.1324985032159616,0.5501082434725345,-4.547574295901404,miscanthus_floridulus_15wks vs miscanthus_sacchariflorus_ssp_lutarioriparius_15wks,FALSE
4043,-1.252344607205167,22.0131904412875,-1.9499598726620664,0.1328589857132625,0.5502789239998829,-4.550321969505365,miscanthus_floridulus_15wks vs miscanthus_sacchariflorus_ssp_lutarioriparius_15wks,FALSE
34,1.5230576637337343,26.669671499860662,1.9463886504940313,0.13336758266541257,0.5503606486032305,-4.554185257753791,miscanthus_floridulus_15wks vs miscanthus_sacchariflorus_ssp_lutarioriparius_15wks,FALSE
1499,1.156010015420648,23.93858891219611,1.9436071038762217,0.1337652335778234,0.5503606486032305,-4.557194989249066,miscanthus_floridulus_15wks vs miscanthus_sacchariflorus_ssp_lutarioriparius_15wks,FALSE
431,3.1670833580087,17.0914157159762,1.9417367826765748,0.13403336426714768,0.5503606486032305,-4.5592190843556635,miscanthus_floridulus_15wks vs miscanthus_sacchariflorus_ssp_lutarioriparius_15wks,FALSE
4953,-2.860903464409102,19.12498220513715,-1.9408799835649995,0.13415639722191344,0.5503606486032305,-4.560146418815666,miscanthus_floridulus_15wks vs miscanthus_sacchariflorus_ssp_lutarioriparius_15wks,FALSE
2424,3.201026450315286,19.23804800007585,1.9321679944127939,0.13541462947296898,0.5508426837075038,-4.569578819200217,miscanthus_floridulus_15wks vs miscanthus_sacchariflorus_ssp_lutarioriparius_15wks,FALSE
6013,2.2623419772273863,18.760900058170055,1.9316378525987654,0.1354916218037253,0.5508426837075038,-4.5701529852596465,miscanthus_floridulus_15wks vs miscanthus_sacchariflorus_ssp_lutarioriparius_15wks,FALSE
893,-1.5750759979316964,16.128559157042666,-1.9239074060226924,0.13661990801501,0.5508426837075038,-4.578527753495807,miscanthus_floridulus_15wks vs miscanthus_sacchariflorus_ssp_lutarioriparius_15wks,FALSE
711,-2.3504722999080876,17.231461606564647,-1.9227063240529185,0.13679615387150396,0.5508426837075038,-4.579829336384369,miscanthus_floridulus_15wks vs miscanthus_sacchariflorus_ssp_lutarioriparius_15wks,FALSE
2150,2.6268880240167647,16.8810734334259,1.922365408338232,0.1368462260023119,0.5508426837075038,-4.580198797314084,miscanthus_floridulus_15wks vs miscanthus_sacchariflorus_ssp_lutarioriparius_15wks,FALSE
1662,-3.7210680658410595,20.3020962187965,-1.9216749040515029,0.13694770703627157,0.5508426837075038,-4.580947143854873,miscanthus_floridulus_15wks vs miscanthus_sacchariflorus_ssp_lutarioriparius_15wks,FALSE
2074,1.4429060743233695,16.06747525002823,1.9191552916102432,0.13731872164389405,0.5508426837075038,-4.583678109200614,miscanthus_floridulus_15wks vs miscanthus_sacchariflorus_ssp_lutarioriparius_15wks,FALSE
1185,1.346393781122167,15.84062775692772,1.9190943607955018,0.13732770768149435,0.5508426837075038,-4.583744156685894,miscanthus_floridulus_15wks vs miscanthus_sacchariflorus_ssp_lutarioriparius_15wks,FALSE
5092,1.6571043105087035,22.13481171726454,1.9181481741806208,0.1374673352500191,0.5508426837075038,-4.584769833200427,miscanthus_floridulus_15wks vs miscanthus_sacchariflorus_ssp_lutarioriparius_15wks,FALSE
137,1.143701717681168,25.079523283323947,1.9167775366237725,0.13766988060906446,0.5508426837075038,-4.586255731352605,miscanthus_floridulus_15wks vs miscanthus_sacchariflorus_ssp_lutarioriparius_15wks,FALSE
135,-2.279188323733857,16.68074852097555,-1.9143570627726283,0.1380283818069342,0.5508426837075038,-4.588880071417022,miscanthus_floridulus_15wks vs miscanthus_sacchariflorus_ssp_lutarioriparius_15wks,FALSE
2908,1.5242197477117827,20.638349284083112,1.913169372104331,0.13820467522948351,0.5508426837075038,-4.5901679455161295,miscanthus_floridulus_15wks vs miscanthus_sacchariflorus_ssp_lutarioriparius_15wks,FALSE
3347,-1.2038775131845547,21.734290682152945,-1.908749518620468,0.1388629484351569,0.5508426837075038,-4.59496147317282,miscanthus_floridulus_15wks vs miscanthus_sacchariflorus_ssp_lutarioriparius_15wks,FALSE
5252,1.6883857251125072,20.156305009058336,1.9040777116703078,0.1395625627489486,0.5508426837075038,-4.6000296947593,miscanthus_floridulus_15wks vs miscanthus_sacchariflorus_ssp_lutarioriparius_15wks,FALSE
3032,2.7779569383639426,18.215679976212485,1.8959442459985087,0.1407899920364099,0.5508426837075038,-4.6088567399969165,miscanthus_floridulus_15wks vs miscanthus_sacchariflorus_ssp_lutarioriparius_15wks,FALSE
3799,-3.333910875178626,16.45674985111112,-1.8948848889682008,0.14095074669523797,0.5508426837075038,-4.610006747430237,miscanthus_floridulus_15wks vs miscanthus_sacchariflorus_ssp_lutarioriparius_15wks,FALSE
1379,1.3654895542943777,16.48727384356954,1.8944862691409268,0.14101128929450638,0.5508426837075038,-4.610439496054402,miscanthus_floridulus_15wks vs miscanthus_sacchariflorus_ssp_lutarioriparius_15wks,FALSE
5816,1.3391708958285893,16.241011910324247,1.8933176870235031,0.14118894164298024,0.5508426837075038,-4.611708186990097,miscanthus_floridulus_15wks vs miscanthus_sacchariflorus_ssp_lutarioriparius_15wks,FALSE
2483,1.3146169464624453,16.651553518685734,1.8890411458491114,0.1418412120530948,0.5508426837075038,-4.6163518143985325,miscanthus_floridulus_15wks vs miscanthus_sacchariflorus_ssp_lutarioriparius_15wks,FALSE
636,-2.825269022299306,17.306391885192642,-1.8827330809968512,0.14280948463965554,0.5508426837075038,-4.623203391139793,miscanthus_floridulus_15wks vs miscanthus_sacchariflorus_ssp_lutarioriparius_15wks,FALSE
766,3.4394779937017397,16.446119361915386,1.881936468827494,0.142932286225366,0.5508426837075038,-4.624068810427296,miscanthus_floridulus_15wks vs miscanthus_sacchariflorus_ssp_lutarioriparius_15wks,FALSE
2851,1.8500162615482623,18.58208172887297,1.8781878663833638,0.14351173430894942,0.5508426837075038,-4.628141698467971,miscanthus_floridulus_15wks vs miscanthus_sacchariflorus_ssp_lutarioriparius_15wks,FALSE
1618,2.70494961164974,16.37200688924247,1.877965731920134,0.14354615331782528,0.5508426837075038,-4.6283830751467985,miscanthus_floridulus_15wks vs miscanthus_sacchariflorus_ssp_lutarioriparius_15wks,FALSE
223,2.8682729067765624,16.86397294466783,1.8772812981345692,0.14365226196413816,0.5508426837075038,-4.629126815380522,miscanthus_floridulus_15wks vs miscanthus_sacchariflorus_ssp_lutarioriparius_15wks,FALSE
6159,2.281128004010533,20.833683916351823,1.8770918324964485,0.14368165051348702,0.5508426837075038,-4.6293327030636835,miscanthus_floridulus_15wks vs miscanthus_sacchariflorus_ssp_lutarioriparius_15wks,FALSE
1451,3.2178840818970755,19.411184190173543,1.8763727774388075,0.14379324616370737,0.5508426837075038,-4.630114101422901,miscanthus_floridulus_15wks vs miscanthus_sacchariflorus_ssp_lutarioriparius_15wks,FALSE
2686,2.1258871308690725,15.759088956211407,1.8762542157810977,0.14381165592932094,0.5508426837075038,-4.630242945428634,miscanthus_floridulus_15wks vs miscanthus_sacchariflorus_ssp_lutarioriparius_15wks,FALSE
1781,-2.626639541337326,17.131917695105944,-1.8759873946654892,0.1438530964212963,0.5508426837075038,-4.630532909748622,miscanthus_floridulus_15wks vs miscanthus_sacchariflorus_ssp_lutarioriparius_15wks,FALSE
6045,1.677160609695438,23.506623675170033,1.8745045383986765,0.1440836442570597,0.5508426837075038,-4.632144458218995,miscanthus_floridulus_15wks vs miscanthus_sacchariflorus_ssp_lutarioriparius_15wks,FALSE
451,4.133354004038326,17.436432333331837,1.8742275154380021,0.14412676017134043,0.5508426837075038,-4.63244553694369,miscanthus_floridulus_15wks vs miscanthus_sacchariflorus_ssp_lutarioriparius_15wks,FALSE
206,4.27243040250114,19.692989744490575,1.868276954551698,0.14505638576384258,0.5508426837075038,-4.63891386224234,miscanthus_floridulus_15wks vs miscanthus_sacchariflorus_ssp_lutarioriparius_15wks,FALSE
6245,1.7784764451138066,17.030386544334778,1.867924670340064,0.14511163032111457,0.5508426837075038,-4.639296860398454,miscanthus_floridulus_15wks vs miscanthus_sacchariflorus_ssp_lutarioriparius_15wks,FALSE
236,1.254442283357733,23.679308970590366,1.8677231898832833,0.14514323664258974,0.5508426837075038,-4.639515909996199,miscanthus_floridulus_15wks vs miscanthus_sacchariflorus_ssp_lutarioriparius_15wks,FALSE
4301,1.2077930489886342,19.496648728558238,1.8677202982538466,0.14514369030946414,0.5508426837075038,-4.639519053792461,miscanthus_floridulus_15wks vs miscanthus_sacchariflorus_ssp_lutarioriparius_15wks,FALSE
5731,2.0710565372306586,16.593514329759586,1.8587256715754903,0.14656252215231144,0.5530630911937562,-4.64930022552088,miscanthus_floridulus_15wks vs miscanthus_sacchariflorus_ssp_lutarioriparius_15wks,FALSE
2089,1.3051152765606524,17.28652223049258,1.8574202777216866,0.14676971695016344,0.5530630911937562,-4.650720122256242,miscanthus_floridulus_15wks vs miscanthus_sacchariflorus_ssp_lutarioriparius_15wks,FALSE
1933,1.2240202690457664,21.644768969313937,1.8573335452597233,0.14678349483961248,0.5530630911937562,-4.65081446555656,miscanthus_floridulus_15wks vs miscanthus_sacchariflorus_ssp_lutarioriparius_15wks,FALSE
1905,-2.12383359710201,24.561943463661457,-1.8544265317506299,0.14724612143482724,0.5530630911937562,-4.653976791765443,miscanthus_floridulus_15wks vs miscanthus_sacchariflorus_ssp_lutarioriparius_15wks,FALSE
4915,-2.8724796275023525,16.898892754820864,-1.8537029381851018,0.14736152699969812,0.5530630911937562,-4.6547640018694265,miscanthus_floridulus_15wks vs miscanthus_sacchariflorus_ssp_lutarioriparius_15wks,FALSE
4748,3.296550148840982,19.98278218308476,1.8518676650586192,0.14765468482247698,0.5530630911937562,-4.656760743916078,miscanthus_floridulus_15wks vs miscanthus_sacchariflorus_ssp_lutarioriparius_15wks,FALSE
5145,-2.2782446885831398,17.545511954529285,-1.8478207321351556,0.14830341511462478,0.553772230407527,-4.661164309922052,miscanthus_floridulus_15wks vs miscanthus_sacchariflorus_ssp_lutarioriparius_15wks,FALSE
5635,-1.2475942654522605,16.101319294950944,-1.8444554576751109,0.14884528539559036,0.553772230407527,-4.664826741643837,miscanthus_floridulus_15wks vs miscanthus_sacchariflorus_ssp_lutarioriparius_15wks,FALSE
1688,-1.2881036032864603,16.21108848304676,-1.8440389950266958,0.14891249614735458,0.553772230407527,-4.665280015222431,miscanthus_floridulus_15wks vs miscanthus_sacchariflorus_ssp_lutarioriparius_15wks,FALSE
1091,-2.323569952733589,16.819605190759972,-1.8426951128003546,0.14912960818867818,0.553772230407527,-4.66674273717488,miscanthus_floridulus_15wks vs miscanthus_sacchariflorus_ssp_lutarioriparius_15wks,FALSE
5070,-1.1317123715411306,18.228665632189514,-1.8378791332446958,0.14991054766468115,0.5547321017170875,-4.671985268258503,miscanthus_floridulus_15wks vs miscanthus_sacchariflorus_ssp_lutarioriparius_15wks,FALSE
5710,3.223362548407355,17.428644525475587,1.8371325660504512,0.15003201358105792,0.5547321017170875,-4.672798051563004,miscanthus_floridulus_15wks vs miscanthus_sacchariflorus_ssp_lutarioriparius_15wks,FALSE
525,1.1290242117375868,21.600016129299924,1.8295808922506784,0.15126681832777836,0.5580143284910822,-4.6810208634097386,miscanthus_floridulus_15wks vs miscanthus_sacchariflorus_ssp_lutarioriparius_15wks,FALSE
1678,1.9911539268374838,16.846707156146216,1.8230145856870776,0.1523496581182829,0.5580143284910822,-4.688172649420196,miscanthus_floridulus_15wks vs miscanthus_sacchariflorus_ssp_lutarioriparius_15wks,FALSE
1315,1.3413207876905382,21.605504897027977,1.8227478926790408,0.15239381908517483,0.5580143284910822,-4.688463157944347,miscanthus_floridulus_15wks vs miscanthus_sacchariflorus_ssp_lutarioriparius_15wks,FALSE
1925,1.6468088014125826,16.619930381440945,1.8218275396463242,0.15254632668930457,0.5580143284910822,-4.689465719018912,miscanthus_floridulus_15wks vs miscanthus_sacchariflorus_ssp_lutarioriparius_15wks,FALSE
4392,1.2439900122680356,23.028796469618857,1.8204408706878696,0.15277642451645168,0.5580143284910822,-4.690976309716331,miscanthus_floridulus_15wks vs miscanthus_sacchariflorus_ssp_lutarioriparius_15wks,FALSE
4782,3.9032419247703416,18.80403951251774,1.8185047716251668,0.15309833513878918,0.5580143284910822,-4.69308555275598,miscanthus_floridulus_15wks vs miscanthus_sacchariflorus_ssp_lutarioriparius_15wks,FALSE
2261,2.686746950534479,17.144455613367725,1.8151819877801962,0.15365255702415564,0.5580143284910822,-4.696705814051399,miscanthus_floridulus_15wks vs miscanthus_sacchariflorus_ssp_lutarioriparius_15wks,FALSE
1637,-1.081399547066372,16.055583696743785,-1.8143536099203985,0.1537910711510653,0.5580143284910822,-4.697608416074086,miscanthus_floridulus_15wks vs miscanthus_sacchariflorus_ssp_lutarioriparius_15wks,FALSE
4186,2.0153872182422425,17.356115679141386,1.8117040131073539,0.1542350414829983,0.5580143284910822,-4.7004955847856955,miscanthus_floridulus_15wks vs miscanthus_sacchariflorus_ssp_lutarioriparius_15wks,FALSE
1938,3.1675710902890337,19.655632078505768,1.8106781300189778,0.15440732028233348,0.5580143284910822,-4.701613517791775,miscanthus_floridulus_15wks vs miscanthus_sacchariflorus_ssp_lutarioriparius_15wks,FALSE
2259,-3.876491676785948,16.873277843069104,-1.8102326176846804,0.15448220237390958,0.5580143284910822,-4.702099016093217,miscanthus_floridulus_15wks vs miscanthus_sacchariflorus_ssp_lutarioriparius_15wks,FALSE
4531,1.383097270184841,20.549949075501317,1.8010899086728687,0.156027810312856,0.5608792701290853,-4.712063757148362,miscanthus_floridulus_15wks vs miscanthus_sacchariflorus_ssp_lutarioriparius_15wks,FALSE
138,-1.8596294174987893,15.700333827184174,-1.7998517693720106,0.1562384317783537,0.5608792701290853,-4.713413422796956,miscanthus_floridulus_15wks vs miscanthus_sacchariflorus_ssp_lutarioriparius_15wks,FALSE
300,3.0252358496665472,20.17219861157229,1.7997725705360634,0.15625191506788216,0.5608792701290853,-4.713499757114605,miscanthus_floridulus_15wks vs miscanthus_sacchariflorus_ssp_lutarioriparius_15wks,FALSE
385,1.0812544543402147,27.136536649313978,1.7939823541192845,0.15724116325572277,0.5611106735924363,-4.719812149041485,miscanthus_floridulus_15wks vs miscanthus_sacchariflorus_ssp_lutarioriparius_15wks,FALSE
148,-4.043194199263903,17.927697271750276,-1.7937852179186111,0.15727496500860932,0.5611106735924363,-4.720027080416924,miscanthus_floridulus_15wks vs miscanthus_sacchariflorus_ssp_lutarioriparius_15wks,FALSE
4092,3.4722812232216533,19.833423919630047,1.7936779688917714,0.15729335771627784,0.5611106735924363,-4.720144011101314,miscanthus_floridulus_15wks vs miscanthus_sacchariflorus_ssp_lutarioriparius_15wks,FALSE
2638,6.96150054309987,20.155186598913605,1.7865958081473448,0.15851317923995412,0.5623469412159848,-4.727866185783907,miscanthus_floridulus_15wks vs miscanthus_sacchariflorus_ssp_lutarioriparius_15wks,FALSE
2348,1.4335813086650049,23.69665658673926,1.7862727534635716,0.1585690697862875,0.5623469412159848,-4.728218466071651,miscanthus_floridulus_15wks vs miscanthus_sacchariflorus_ssp_lutarioriparius_15wks,FALSE
1406,2.5445979583853244,19.931331239838375,1.7859840000818157,0.1586190443592389,0.5623469412159848,-4.728533344157865,miscanthus_floridulus_15wks vs miscanthus_sacchariflorus_ssp_lutarioriparius_15wks,FALSE
4438,3.0676105107517166,16.520925618987526,1.7745117274552618,0.16061865089167626,0.5671594991649919,-4.741045148644992,miscanthus_floridulus_15wks vs miscanthus_sacchariflorus_ssp_lutarioriparius_15wks,FALSE
4175,4.381484153120141,20.794465889856156,1.7741438905732674,0.16068322179258232,0.5671594991649919,-4.741446364016223,miscanthus_floridulus_15wks vs miscanthus_sacchariflorus_ssp_lutarioriparius_15wks,FALSE
2111,3.0228878924299956,16.973495423413652,1.7725462112465329,0.16096401340202032,0.5671594991649919,-4.7431890527412905,miscanthus_floridulus_15wks vs miscanthus_sacchariflorus_ssp_lutarioriparius_15wks,FALSE
144,-5.565856986009777,18.51022162717749,-1.768340067474523,0.16170582453935195,0.5686104809822519,-4.74777719375435,miscanthus_floridulus_15wks vs miscanthus_sacchariflorus_ssp_lutarioriparius_15wks,FALSE
3985,1.4120561018784592,16.96918778374204,1.7645023949702536,0.16238592902809307,0.5693885007774266,-4.75196367955234,miscanthus_floridulus_15wks vs miscanthus_sacchariflorus_ssp_lutarioriparius_15wks,FALSE
1314,1.070131864547804,22.50633399968355,1.7617168541758732,0.16288154445182523,0.5693885007774266,-4.75500255767814,miscanthus_floridulus_15wks vs miscanthus_sacchariflorus_ssp_lutarioriparius_15wks,FALSE
3589,1.8151283116222174,17.474957576879916,1.7588146482200377,0.1633996844150449,0.5693885007774266,-4.7581688389423284,miscanthus_floridulus_15wks vs miscanthus_sacchariflorus_ssp_lutarioriparius_15wks,FALSE
3110,-2.6091738486176403,20.089263249602443,-1.7582343352837766,0.16350350636752264,0.5693885007774266,-4.758801970048239,miscanthus_floridulus_15wks vs miscanthus_sacchariflorus_ssp_lutarioriparius_15wks,FALSE
61,5.334176601410189,19.181050691866865,1.7578103780168983,0.16357940097784457,0.5693885007774266,-4.759264517509691,miscanthus_floridulus_15wks vs miscanthus_sacchariflorus_ssp_lutarioriparius_15wks,FALSE
5475,2.622899692584115,15.74405282225078,1.7488157644773619,0.1651987093030637,0.5738656776797959,-4.769078395327974,miscanthus_floridulus_15wks vs miscanthus_sacchariflorus_ssp_lutarioriparius_15wks,FALSE
29,3.5056888080773128,21.31270952091245,1.745737646482452,0.16575689429155277,0.5743572471151774,-4.77243708601917,miscanthus_floridulus_15wks vs miscanthus_sacchariflorus_ssp_lutarioriparius_15wks,FALSE
1458,-3.1948666759077025,17.359304206985577,-1.744362601523991,0.1660069118185481,0.5743572471151774,-4.773937495648494,miscanthus_floridulus_15wks vs miscanthus_sacchariflorus_ssp_lutarioriparius_15wks,FALSE
519,2.3178521615815715,17.02045886169014,1.7394680861185279,0.166900213180202,0.5762907160510783,-4.779278372849608,miscanthus_floridulus_15wks vs miscanthus_sacchariflorus_ssp_lutarioriparius_15wks,FALSE
2148,1.1525772268817533,24.435320663173165,1.7327766976336612,0.16812998462930961,0.5775263747782381,-4.786580231371685,miscanthus_floridulus_15wks vs miscanthus_sacchariflorus_ssp_lutarioriparius_15wks,FALSE
2022,3.731773788469944,17.882304378379104,1.7309887264373376,0.1684602605539872,0.5775263747782381,-4.78853135602628,miscanthus_floridulus_15wks vs miscanthus_sacchariflorus_ssp_lutarioriparius_15wks,FALSE
3790,-1.098013590252446,28.1320831099937,-1.7298161948839237,0.1686772367778378,0.5775263747782381,-4.789810887007393,miscanthus_floridulus_15wks vs miscanthus_sacchariflorus_ssp_lutarioriparius_15wks,FALSE
1564,2.124294577933462,23.141122272082885,1.7258154257916618,0.16941987800743102,0.5775263747782381,-4.794176767495575,miscanthus_floridulus_15wks vs miscanthus_sacchariflorus_ssp_lutarioriparius_15wks,FALSE
12,4.797451980925274,18.766871579269903,1.7244119454316,0.16968124403715804,0.5775263747782381,-4.79570833409927,miscanthus_floridulus_15wks vs miscanthus_sacchariflorus_ssp_lutarioriparius_15wks,FALSE
1838,1.0824332373897008,16.491716970920308,1.7239227382371833,0.16977245110982345,0.5775263747782381,-4.796242188084268,miscanthus_floridulus_15wks vs miscanthus_sacchariflorus_ssp_lutarioriparius_15wks,FALSE
2751,2.811659432405392,20.289524017065073,1.723439494553929,0.16986259890722258,0.5775263747782381,-4.7967695342939525,miscanthus_floridulus_15wks vs miscanthus_sacchariflorus_ssp_lutarioriparius_15wks,FALSE
2993,1.024697327505251,20.799557304075407,1.7230271291315997,0.16993956588077003,0.5775263747782381,-4.797219533595935,miscanthus_floridulus_15wks vs miscanthus_sacchariflorus_ssp_lutarioriparius_15wks,FALSE
2607,-2.7454129200782162,18.1698157223185,-1.718205012262008,0.17084243239200805,0.5794517933295864,-4.802481719997365,miscanthus_floridulus_15wks vs miscanthus_sacchariflorus_ssp_lutarioriparius_15wks,FALSE
1811,2.5621889272898457,16.88102866279145,1.7120713028847927,0.17199844270674702,0.5803088283721966,-4.809175105906087,miscanthus_floridulus_15wks vs miscanthus_sacchariflorus_ssp_lutarioriparius_15wks,FALSE
2216,1.518012835235801,15.990192510652268,1.7104076597426372,0.17231345490636987,0.5803088283721966,-4.81099052084341,miscanthus_floridulus_15wks vs miscanthus_sacchariflorus_ssp_lutarioriparius_15wks,FALSE
2437,4.2261146303253625,18.43771447068793,1.704714713714946,0.17339618310277072,0.5803088283721966,-4.817202691989072,miscanthus_floridulus_15wks vs miscanthus_sacchariflorus_ssp_lutarioriparius_15wks,FALSE
150,3.76274295621338,20.734805321404963,1.7038470334048124,0.1735618548012659,0.5803088283721966,-4.818149487450678,miscanthus_floridulus_15wks vs miscanthus_sacchariflorus_ssp_lutarioriparius_15wks,FALSE
5555,2.121535570446584,16.009831034075084,1.7024368323732848,0.17383148109592886,0.5803088283721966,-4.819688256651061,miscanthus_floridulus_15wks vs miscanthus_sacchariflorus_ssp_lutarioriparius_15wks,FALSE
2160,3.506328361571498,19.67614020197694,1.7023211852860711,0.17385361269537528,0.5803088283721966,-4.8198144464917005,miscanthus_floridulus_15wks vs miscanthus_sacchariflorus_ssp_lutarioriparius_15wks,FALSE
3393,3.3488509270441504,22.359897053563348,1.70201105714106,0.17391297763698407,0.5803088283721966,-4.820152846278531,miscanthus_floridulus_15wks vs miscanthus_sacchariflorus_ssp_lutarioriparius_15wks,FALSE
10,-5.9313738571580075,23.074491327417928,-1.700818840530698,0.17414139802520479,0.5803088283721966,-4.821453738137757,miscanthus_floridulus_15wks vs miscanthus_sacchariflorus_ssp_lutarioriparius_15wks,FALSE
130,5.58077774409767,22.525514904871876,1.697738769580619,0.17473303030977216,0.5803088283721966,-4.82481450211427,miscanthus_floridulus_15wks vs miscanthus_sacchariflorus_ssp_lutarioriparius_15wks,FALSE
1923,-1.083205833778372,23.4316729993321,-1.6958192517653718,0.1751028443528467,0.5803088283721966,-4.826908895783214,miscanthus_floridulus_15wks vs miscanthus_sacchariflorus_ssp_lutarioriparius_15wks,FALSE
2497,3.147327348633606,19.84484739812857,1.6950309734895601,0.17525496034560972,0.5803088283721966,-4.827768976567699,miscanthus_floridulus_15wks vs miscanthus_sacchariflorus_ssp_lutarioriparius_15wks,FALSE
4637,2.451724266332846,18.712487829818652,1.6940866614009262,0.1754373757003821,0.5803088283721966,-4.828799293657353,miscanthus_floridulus_15wks vs miscanthus_sacchariflorus_ssp_lutarioriparius_15wks,FALSE
6093,1.8897075618704697,22.175144725877068,1.6938996054669233,0.17547353429014184,0.5803088283721966,-4.829003384703109,miscanthus_floridulus_15wks vs miscanthus_sacchariflorus_ssp_lutarioriparius_15wks,FALSE
2839,-1.010503059503499,23.338730987716318,-1.689946845455104,0.17623951380406802,0.581520487445356,-4.833316009781802,miscanthus_floridulus_15wks vs miscanthus_sacchariflorus_ssp_lutarioriparius_15wks,FALSE
3028,1.2510091559990109,21.708021629793212,1.6885301756847026,0.1765149245118521,0.581520487445356,-4.834861600397971,miscanthus_floridulus_15wks vs miscanthus_sacchariflorus_ssp_lutarioriparius_15wks,FALSE
1562,-2.3537805370427485,17.512441380893073,-1.6857183024184688,0.17706295808260028,0.5822127419395425,-4.837929268915595,miscanthus_floridulus_15wks vs miscanthus_sacchariflorus_ssp_lutarioriparius_15wks,FALSE
4192,-1.9654749889812084,16.21251386186066,-1.6805829596557986,0.17806860738222322,0.584223453904112,-4.843531424701978,miscanthus_floridulus_15wks vs miscanthus_sacchariflorus_ssp_lutarioriparius_15wks,FALSE
1433,2.988507901065079,16.92541327514439,1.6765308879670344,0.17886649345439443,0.584223453904112,-4.84795148739256,miscanthus_floridulus_15wks vs miscanthus_sacchariflorus_ssp_lutarioriparius_15wks,FALSE
2020,-1.2760662670400578,16.508780911156887,-1.6738806495109706,0.17939044279270014,0.584223453904112,-4.850842225561317,miscanthus_floridulus_15wks vs miscanthus_sacchariflorus_ssp_lutarioriparius_15wks,FALSE
1599,-2.3448061804176508,16.85860643552225,-1.672012611650408,0.17976075093378374,0.584223453904112,-4.852879688744673,miscanthus_floridulus_15wks vs miscanthus_sacchariflorus_ssp_lutarioriparius_15wks,FALSE
403,5.246553259292272,18.33470900396463,1.6690192375726616,0.1803558660042668,0.584223453904112,-4.85614438496249,miscanthus_floridulus_15wks vs miscanthus_sacchariflorus_ssp_lutarioriparius_15wks,FALSE
3856,1.842584453996846,18.604236953075507,1.6680155528029637,0.18055588661552682,0.584223453904112,-4.857238996592147,miscanthus_floridulus_15wks vs miscanthus_sacchariflorus_ssp_lutarioriparius_15wks,FALSE
3261,2.3654794371735086,17.60433633977416,1.6676146699072452,0.18063584417333572,0.584223453904112,-4.857676189758732,miscanthus_floridulus_15wks vs miscanthus_sacchariflorus_ssp_lutarioriparius_15wks,FALSE
4776,2.13392557476244,17.44982014135698,1.6640126507318325,0.18135600136877458,0.584223453904112,-4.861604281508525,miscanthus_floridulus_15wks vs miscanthus_sacchariflorus_ssp_lutarioriparius_15wks,FALSE
3304,2.8428339491357875,16.989371100748862,1.6635442668394373,0.1814498740610907,0.584223453904112,-4.862115040968806,miscanthus_floridulus_15wks vs miscanthus_sacchariflorus_ssp_lutarioriparius_15wks,FALSE
1890,1.1406345669493696,24.43810413888196,1.6625743294227537,0.18164443438887443,0.584223453904112,-4.863172711710076,miscanthus_floridulus_15wks vs miscanthus_sacchariflorus_ssp_lutarioriparius_15wks,FALSE
3737,-1.1383236087760906,17.881787397095753,-1.6613232382880023,0.18189572475816257,0.584223453904112,-4.86453692936101,miscanthus_floridulus_15wks vs miscanthus_sacchariflorus_ssp_lutarioriparius_15wks,FALSE
383,3.941585197107667,16.758778746492762,1.6612680212240145,0.1819068241480345,0.584223453904112,-4.864597138281916,miscanthus_floridulus_15wks vs miscanthus_sacchariflorus_ssp_lutarioriparius_15wks,FALSE
4368,2.746488267635547,17.180015116968605,1.658945823186835,0.1823742814907951,0.584223453904112,-4.867129195090206,miscanthus_floridulus_15wks vs miscanthus_sacchariflorus_ssp_lutarioriparius_15wks,FALSE
59,1.0563342831803766,26.688277403048744,1.6580979232230633,0.18254528680837528,0.584223453904112,-4.868053681863321,miscanthus_floridulus_15wks vs miscanthus_sacchariflorus_ssp_lutarioriparius_15wks,FALSE
1863,3.307806313247095,19.725745342887514,1.6570317576193696,0.18276055812786787,0.584223453904112,-4.86921611924958,miscanthus_floridulus_15wks vs miscanthus_sacchariflorus_ssp_lutarioriparius_15wks,FALSE
2440,-1.059847365298971,22.493984306282744,-1.6528904272479434,0.1835993464691856,0.5844353527020271,-4.873731073709843,miscanthus_floridulus_15wks vs miscanthus_sacchariflorus_ssp_lutarioriparius_15wks,FALSE
263,3.3430186377794318,16.971074446379337,1.6526110879558502,0.18365607355346272,0.5844353527020271,-4.874035595314333,miscanthus_floridulus_15wks vs miscanthus_sacchariflorus_ssp_lutarioriparius_15wks,FALSE
285,2.245882664559197,18.976464208346496,1.6484451650074627,0.1845043210907913,0.5844353527020271,-4.8785767736131636,miscanthus_floridulus_15wks vs miscanthus_sacchariflorus_ssp_lutarioriparius_15wks,FALSE
4518,2.0211469637424386,16.725349112574875,1.6456112429693328,0.18508376780088337,0.5844353527020271,-4.88166563436864,miscanthus_floridulus_15wks vs miscanthus_sacchariflorus_ssp_lutarioriparius_15wks,FALSE
1995,1.4440465040463515,15.752303729542762,1.6414487267101143,0.18593843069194213,0.5844353527020271,-4.886202093975114,miscanthus_floridulus_15wks vs miscanthus_sacchariflorus_ssp_lutarioriparius_15wks,FALSE
1353,-1.0498887592877626,16.434170428383275,-1.6407814083223822,0.1860758421400898,0.5844353527020271,-4.886929302518801,miscanthus_floridulus_15wks vs miscanthus_sacchariflorus_ssp_lutarioriparius_15wks,FALSE
4279,2.459010807131545,17.543892685221806,1.6382569189518086,0.1865966653415269,0.5844353527020271,-4.889680206317713,miscanthus_floridulus_15wks vs miscanthus_sacchariflorus_ssp_lutarioriparius_15wks,FALSE
529,2.7354332975399025,19.871762830334443,1.6361485470540156,0.18703284344575313,0.5844353527020271,-4.891977483617805,miscanthus_floridulus_15wks vs miscanthus_sacchariflorus_ssp_lutarioriparius_15wks,FALSE
208,-5.5800242052470885,17.96218337565466,-1.6357401967483678,0.1871174494452644,0.5844353527020271,-4.892422400938208,miscanthus_floridulus_15wks vs miscanthus_sacchariflorus_ssp_lutarioriparius_15wks,FALSE
4875,1.0266177592705006,17.978797843786815,1.6355685522549361,0.1871530247259051,0.5844353527020271,-4.892609413894749,miscanthus_floridulus_15wks vs miscanthus_sacchariflorus_ssp_lutarioriparius_15wks,FALSE
2950,3.459483861937869,19.37740793098724,1.634354505163946,0.1874048578374263,0.5844353527020271,-4.893932128859,miscanthus_floridulus_15wks vs miscanthus_sacchariflorus_ssp_lutarioriparius_15wks,FALSE
5476,0.9737118900814394,19.63983638039964,1.6333648556151739,0.1876104134269662,0.5844353527020271,-4.895010316540385,miscanthus_floridulus_15wks vs miscanthus_sacchariflorus_ssp_lutarioriparius_15wks,FALSE
2155,-0.9746801972968839,18.182480337327043,-1.631731870462197,0.18795012403679567,0.5844353527020271,-4.896789307182795,miscanthus_floridulus_15wks vs miscanthus_sacchariflorus_ssp_lutarioriparius_15wks,FALSE
1492,2.782034903302481,19.539993110344458,1.6286909503653504,0.18858449293820972,0.5844353527020271,-4.900101817608893,miscanthus_floridulus_15wks vs miscanthus_sacchariflorus_ssp_lutarioriparius_15wks,FALSE
348,4.992686620965571,21.644963405314556,1.6280551138991077,0.18871742619946918,0.5844353527020271,-4.900794391670376,miscanthus_floridulus_15wks vs miscanthus_sacchariflorus_ssp_lutarioriparius_15wks,FALSE
387,1.7532634410743881,21.648143076927308,1.627935037637324,0.18874254165114604,0.5844353527020271,-4.90092518072168,miscanthus_floridulus_15wks vs miscanthus_sacchariflorus_ssp_lutarioriparius_15wks,FALSE
23,4.783147312261892,17.853151058253953,1.6256332728100373,0.189224679906742,0.5844353527020271,-4.903432178349513,miscanthus_floridulus_15wks vs miscanthus_sacchariflorus_ssp_lutarioriparius_15wks,FALSE
2967,1.4095292252364189,22.04697977559168,1.625301938942353,0.189294191560935,0.5844353527020271,-4.903793035617123,miscanthus_floridulus_15wks vs miscanthus_sacchariflorus_ssp_lutarioriparius_15wks,FALSE
85,1.5278352254497065,18.171841660457996,1.624493702909521,0.1894638692877463,0.5844353527020271,-4.904673268528475,miscanthus_floridulus_15wks vs miscanthus_sacchariflorus_ssp_lutarioriparius_15wks,FALSE
4817,1.464648818448385,16.980534999090228,1.6225727688673703,0.18986779841273244,0.5844353527020271,-4.9067651981521285,miscanthus_floridulus_15wks vs miscanthus_sacchariflorus_ssp_lutarioriparius_15wks,FALSE
4258,-1.0030604425180343,21.282028138065524,-1.617636467689929,0.19091003999210532,0.5844353527020271,-4.912140121703776,miscanthus_floridulus_15wks vs miscanthus_sacchariflorus_ssp_lutarioriparius_15wks,FALSE
464,-4.602341838087838,17.10756820929675,-1.6137555608402696,0.19173375960909195,0.5844353527020271,-4.916365041674948,miscanthus_floridulus_15wks vs miscanthus_sacchariflorus_ssp_lutarioriparius_15wks,FALSE
92,4.891186604557856,22.290195129062973,1.6137415651139606,0.19173673708325775,0.5844353527020271,-4.916380276653958,miscanthus_floridulus_15wks vs miscanthus_sacchariflorus_ssp_lutarioriparius_15wks,FALSE
2147,0.985425108834189,26.617154631243615,1.6134191798592676,0.1918053355912735,0.5844353527020271,-4.916731204787635,miscanthus_floridulus_15wks vs miscanthus_sacchariflorus_ssp_lutarioriparius_15wks,FALSE
808,0.9547968395142838,22.06035673831247,1.6100065174858231,0.19253311258553754,0.5844353527020271,-4.9204456854392715,miscanthus_floridulus_15wks vs miscanthus_sacchariflorus_ssp_lutarioriparius_15wks,FALSE
196,-1.8737664036072808,16.263627602865895,-1.6087713639268595,0.19279724797180756,0.5844353527020271,-4.921789927173443,miscanthus_floridulus_15wks vs miscanthus_sacchariflorus_ssp_lutarioriparius_15wks,FALSE
1858,-1.7661935499532113,16.96013799565472,-1.608291959651442,0.1928998723259364,0.5844353527020271,-4.922311650424688,miscanthus_floridulus_15wks vs miscanthus_sacchariflorus_ssp_lutarioriparius_15wks,FALSE
4955,0.948306750566335,23.316671451898046,1.605306773300326,0.19354021891949827,0.5844353527020271,-4.925560073255819,miscanthus_floridulus_15wks vs miscanthus_sacchariflorus_ssp_lutarioriparius_15wks,FALSE
3559,-3.1001519341403743,18.37762208403499,-1.6036511941575475,0.19389633530401526,0.5844353527020271,-4.927361432989134,miscanthus_floridulus_15wks vs miscanthus_sacchariflorus_ssp_lutarioriparius_15wks,FALSE
35,1.693289552824929,17.389535096496736,1.603493916506122,0.1939302023304491,0.5844353527020271,-4.9275325516841875,miscanthus_floridulus_15wks vs miscanthus_sacchariflorus_ssp_lutarioriparius_15wks,FALSE
1572,-5.179646468225487,18.163564419162125,-1.601827390419095,0.19428944930893172,0.5844353527020271,-4.929345653388474,miscanthus_floridulus_15wks vs miscanthus_sacchariflorus_ssp_lutarioriparius_15wks,FALSE
418,0.9510347390979526,20.52975072980646,1.5980947510922427,0.1950966677509221,0.5844353527020271,-4.933406014768102,miscanthus_floridulus_15wks vs miscanthus_sacchariflorus_ssp_lutarioriparius_15wks,FALSE
453,3.2577183302469166,21.304444534365636,1.5967175347819635,0.19539540933428778,0.5844353527020271,-4.934903944856819,miscanthus_floridulus_15wks vs miscanthus_sacchariflorus_ssp_lutarioriparius_15wks,FALSE
4177,-2.4371413216509303,18.074875678157582,-1.5940120352344498,0.19598370350513764,0.5844353527020271,-4.9378462547327775,miscanthus_floridulus_15wks vs miscanthus_sacchariflorus_ssp_lutarioriparius_15wks,FALSE
3747,2.907818864534711,20.297244521308862,1.593428895155852,0.19611075161073366,0.5844353527020271,-4.938480378877658,miscanthus_floridulus_15wks vs miscanthus_sacchariflorus_ssp_lutarioriparius_15wks,FALSE
2096,3.6013433518622655,22.01781826327975,1.5910426300795035,0.19663156246236083,0.5844353527020271,-4.941075058862079,miscanthus_floridulus_15wks vs miscanthus_sacchariflorus_ssp_lutarioriparius_15wks,FALSE
3247,3.0739450478663937,17.523895835750007,1.588088406290025,0.1972783803277185,0.5844353527020271,-4.944286812077628,miscanthus_floridulus_15wks vs miscanthus_sacchariflorus_ssp_lutarioriparius_15wks,FALSE
5545,-1.1333194888853448,16.685984540788333,-1.5877413233376831,0.19735452207725068,0.5844353527020271,-4.944664115204066,miscanthus_floridulus_15wks vs miscanthus_sacchariflorus_ssp_lutarioriparius_15wks,FALSE
1204,2.3550912005177995,16.575229913068277,1.5877272520384735,0.19735760964765114,0.5844353527020271,-4.944679411515616,miscanthus_floridulus_15wks vs miscanthus_sacchariflorus_ssp_lutarioriparius_15wks,FALSE
2870,2.031008848983788,18.764743571483447,1.587245878425216,0.19746326528621924,0.5844353527020271,-4.94520268470153,miscanthus_floridulus_15wks vs miscanthus_sacchariflorus_ssp_lutarioriparius_15wks,FALSE
2987,3.6371047476570766,19.510626965415366,1.586772113918536,0.19756730978891104,0.5844353527020271,-4.945717671979899,miscanthus_floridulus_15wks vs miscanthus_sacchariflorus_ssp_lutarioriparius_15wks,FALSE
70,-3.8553800434821284,18.346355305543117,-1.5832997407550102,0.1983316741048112,0.5844353527020271,-4.94949173612625,miscanthus_floridulus_15wks vs miscanthus_sacchariflorus_ssp_lutarioriparius_15wks,FALSE
363,4.017360454733861,20.510076994393067,1.5821975175493077,0.1985749629264531,0.5844353527020271,-4.950689558452807,miscanthus_floridulus_15wks vs miscanthus_sacchariflorus_ssp_lutarioriparius_15wks,FALSE
4920,1.5571015268599275,16.882397691310718,1.5818329411167382,0.19865550431179171,0.5844353527020271,-4.9510857379021145,miscanthus_floridulus_15wks vs miscanthus_sacchariflorus_ssp_lutarioriparius_15wks,FALSE
3135,3.3096192044750357,16.579408423346,1.57838441477328,0.19941907041997392,0.5844353527020271,-4.954832753964025,miscanthus_floridulus_15wks vs miscanthus_sacchariflorus_ssp_lutarioriparius_15wks,FALSE
3001,-1.3432083010101437,21.232584331306782,-1.5727401839799653,0.20067556308246406,0.5844353527020271,-4.960963754008986,miscanthus_floridulus_15wks vs miscanthus_sacchariflorus_ssp_lutarioriparius_15wks,FALSE
404,2.255353324535996,20.179128638294724,1.5692650109112876,0.20145338201626597,0.5844353527020271,-4.964737504124072,miscanthus_floridulus_15wks vs miscanthus_sacchariflorus_ssp_lutarioriparius_15wks,FALSE
3971,-1.9865363628092219,17.16721338910068,-1.5678765700369501,0.20176504171158172,0.5844353527020271,-4.966244989227778,miscanthus_floridulus_15wks vs miscanthus_sacchariflorus_ssp_lutarioriparius_15wks,FALSE
3014,3.255335473579475,21.0344259255066,1.567374569467453,0.20187785071001055,0.5844353527020271,-4.966789995960491,miscanthus_floridulus_15wks vs miscanthus_sacchariflorus_ssp_lutarioriparius_15wks,FALSE
918,2.668065020272943,16.844813041914446,1.5668320171778192,0.2019998478997911,0.5844353527020271,-4.967379007369059,miscanthus_floridulus_15wks vs miscanthus_sacchariflorus_ssp_lutarioriparius_15wks,FALSE
1537,-2.4333379696918236,20.37400850325533,-1.5645703956567374,0.20250923683597938,0.5844353527020271,-4.969834055185761,miscanthus_floridulus_15wks vs miscanthus_sacchariflorus_ssp_lutarioriparius_15wks,FALSE
1820,2.243356159982257,17.03266153967597,1.5602609946104815,0.20348363496205832,0.5844353527020271,-4.974510939894422,miscanthus_floridulus_15wks vs miscanthus_sacchariflorus_ssp_lutarioriparius_15wks,FALSE
505,2.242869650495283,16.674181892791893,1.5575128490869028,0.20410761835745872,0.5844353527020271,-4.977492677435612,miscanthus_floridulus_15wks vs miscanthus_sacchariflorus_ssp_lutarioriparius_15wks,FALSE
3283,2.015321414750691,16.556730776825585,1.5553627170531386,0.20459723588600845,0.5844353527020271,-4.979825151374855,miscanthus_floridulus_15wks vs miscanthus_sacchariflorus_ssp_lutarioriparius_15wks,FALSE
28,3.231246752966179,20.525102074745227,1.5540936848968094,0.20488679864684925,0.5844353527020271,-4.981201628743957,miscanthus_floridulus_15wks vs miscanthus_sacchariflorus_ssp_lutarioriparius_15wks,FALSE
2500,-0.9830055153095305,16.292864223282372,-1.5535199103339943,0.20501786301983146,0.5844353527020271,-4.981823940076125,miscanthus_floridulus_15wks vs miscanthus_sacchariflorus_ssp_lutarioriparius_15wks,FALSE
354,3.4830580042263524,16.944202973619863,1.5531222370317344,0.20510875368532414,0.5844353527020271,-4.982255237580195,miscanthus_floridulus_15wks vs miscanthus_sacchariflorus_ssp_lutarioriparius_15wks,FALSE
1349,1.0917430871731248,16.0220897339249,1.5527653781998212,0.20519035235270408,0.5844353527020271,-4.982642258610951,miscanthus_floridulus_15wks vs miscanthus_sacchariflorus_ssp_lutarioriparius_15wks,FALSE
1401,0.9438128224978577,19.38705804067095,1.5512493767064723,0.20553738251414042,0.5844353527020271,-4.984286277591929,miscanthus_floridulus_15wks vs miscanthus_sacchariflorus_ssp_lutarioriparius_15wks,FALSE
4288,2.754324514976563,20.019085219666835,1.5489156650014342,0.20607281320093146,0.5844353527020271,-4.986816683889573,miscanthus_floridulus_15wks vs miscanthus_sacchariflorus_ssp_lutarioriparius_15wks,FALSE
183,0.9696706002362667,24.40696393562842,1.5473767572687815,0.20642669856690943,0.5844353527020271,-4.988485046115251,miscanthus_floridulus_15wks vs miscanthus_sacchariflorus_ssp_lutarioriparius_15wks,FALSE
203,4.100673723249848,21.057594017481,1.5467498200486092,0.20657105291387307,0.5844353527020271,-4.989164664233531,miscanthus_floridulus_15wks vs miscanthus_sacchariflorus_ssp_lutarioriparius_15wks,FALSE
180,2.1804381552578214,17.141871587049156,1.5462802161723281,0.20667925082250332,0.5844353527020271,-4.989673706441207,miscanthus_floridulus_15wks vs miscanthus_sacchariflorus_ssp_lutarioriparius_15wks,FALSE
1104,2.4359734006984226,17.230952607938264,1.5446419460793381,0.2070571827679918,0.5844353527020271,-4.991449413508012,miscanthus_floridulus_15wks vs miscanthus_sacchariflorus_ssp_lutarioriparius_15wks,FALSE
2338,4.538530767989554,17.73362564261512,1.5438115070193204,0.20724903602221365,0.5844353527020271,-4.9923494306997185,miscanthus_floridulus_15wks vs miscanthus_sacchariflorus_ssp_lutarioriparius_15wks,FALSE
359,3.371526600387707,17.8711299379313,1.5427383250526252,0.20749724820092844,0.5844353527020271,-4.993512439938719,miscanthus_floridulus_15wks vs miscanthus_sacchariflorus_ssp_lutarioriparius_15wks,FALSE
850,2.1554961532398593,17.087632619516608,1.542715355310354,0.20750256422538374,0.5844353527020271,-4.993537331188497,miscanthus_floridulus_15wks vs miscanthus_sacchariflorus_ssp_lutarioriparius_15wks,FALSE
1146,-2.687332961040731,17.734745659219797,-1.5381604644695872,0.208559584370317,0.5844353527020271,-4.998472333253668,miscanthus_floridulus_15wks vs miscanthus_sacchariflorus_ssp_lutarioriparius_15wks,FALSE
3402,3.1693198931807487,17.587022229574384,1.5365776908975397,0.20892821984110146,0.5844353527020271,-5.000186755749646,miscanthus_floridulus_15wks vs miscanthus_sacchariflorus_ssp_lutarioriparius_15wks,FALSE
4419,-1.2177319984049326,18.149801826710757,-1.5333895345815782,0.20967285024283638,0.5844353527020271,-5.00363939559969,miscanthus_floridulus_15wks vs miscanthus_sacchariflorus_ssp_lutarioriparius_15wks,FALSE
3929,2.66608432580826,17.39074609303511,1.5325818870304733,0.20986193065809564,0.5844353527020271,-5.004513895007939,miscanthus_floridulus_15wks vs miscanthus_sacchariflorus_ssp_lutarioriparius_15wks,FALSE
5690,0.9061858440617563,17.507989714039432,1.5323360328494815,0.20991952397815564,0.5844353527020271,-5.004780087346299,miscanthus_floridulus_15wks vs miscanthus_sacchariflorus_ssp_lutarioriparius_15wks,FALSE
792,2.064393786440249,18.69190038886611,1.5320203269013233,0.20999350513575613,0.5844353527020271,-5.005121901620488,miscanthus_floridulus_15wks vs miscanthus_sacchariflorus_ssp_lutarioriparius_15wks,FALSE
5707,-1.6357798644642472,16.659809912135568,-1.531472831622878,0.2101218681288148,0.5844353527020271,-5.00571465166879,miscanthus_floridulus_15wks vs miscanthus_sacchariflorus_ssp_lutarioriparius_15wks,FALSE
2844,-1.2723830835566847,16.059279285722084,-1.531434461906523,0.21013086720836993,0.5844353527020271,-5.0057561918882145,miscanthus_floridulus_15wks vs miscanthus_sacchariflorus_ssp_lutarioriparius_15wks,FALSE
3219,2.6062693693810424,17.328447419521023,1.5308860557711068,0.210259532702995,0.5844353527020271,-5.006349897888271,miscanthus_floridulus_15wks vs miscanthus_sacchariflorus_ssp_lutarioriparius_15wks,FALSE
2053,1.8113968833179808,16.335747606899346,1.528601055092729,0.2107965296527796,0.5844353527020271,-5.008823339895399,miscanthus_floridulus_15wks vs miscanthus_sacchariflorus_ssp_lutarioriparius_15wks,FALSE
3730,2.041871231811111,24.008678902313378,1.5274905160440508,0.2110580398282802,0.5844353527020271,-5.010025284163348,miscanthus_floridulus_15wks vs miscanthus_sacchariflorus_ssp_lutarioriparius_15wks,FALSE
2124,0.9428461631929608,25.33819111950692,1.5245347156732028,0.21175574328909227,0.5844353527020271,-5.013223788146769,miscanthus_floridulus_15wks vs miscanthus_sacchariflorus_ssp_lutarioriparius_15wks,FALSE
2777,4.308232911667584,20.52389461232691,1.5240365465496626,0.21187357339830246,0.5844353527020271,-5.013762778700386,miscanthus_floridulus_15wks vs miscanthus_sacchariflorus_ssp_lutarioriparius_15wks,FALSE
56,4.92162342811692,18.56902886753525,1.522876623950457,0.21214819376869223,0.5844353527020271,-5.015017654336785,miscanthus_floridulus_15wks vs miscanthus_sacchariflorus_ssp_lutarioriparius_15wks,FALSE
1741,1.029817696962608,16.00383752261063,1.5205877146934084,0.21269121232429058,0.5844353527020271,-5.017493546815117,miscanthus_floridulus_15wks vs miscanthus_sacchariflorus_ssp_lutarioriparius_15wks,FALSE
2417,2.452610177364953,19.022484022221565,1.5180368164153837,0.21329811216352543,0.5844353527020271,-5.020252212958789,miscanthus_floridulus_15wks vs miscanthus_sacchariflorus_ssp_lutarioriparius_15wks,FALSE
5310,2.56453353108628,19.763912675926065,1.517959202067513,0.21331660645979766,0.5844353527020271,-5.0203361386120315,miscanthus_floridulus_15wks vs miscanthus_sacchariflorus_ssp_lutarioriparius_15wks,FALSE
903,0.9178939760916229,23.179507576961708,1.5152298594174198,0.21396804219184015,0.5844353527020271,-5.023287030500416,miscanthus_floridulus_15wks vs miscanthus_sacchariflorus_ssp_lutarioriparius_15wks,FALSE
2853,-1.6316761624397849,18.954304131780724,-1.5110608421862348,0.214967145247147,0.5844353527020271,-5.027792974638281,miscanthus_floridulus_15wks vs miscanthus_sacchariflorus_ssp_lutarioriparius_15wks,FALSE
1445,3.1315385593266214,17.002250920197262,1.5093393893108484,0.2153811220896118,0.5844353527020271,-5.029653017996376,miscanthus_floridulus_15wks vs miscanthus_sacchariflorus_ssp_lutarioriparius_15wks,FALSE
2077,-1.1194814414532992,16.98483298863608,-1.5075756774001263,0.21580613145497418,0.5844353527020271,-5.031558395644046,miscanthus_floridulus_15wks vs miscanthus_sacchariflorus_ssp_lutarioriparius_15wks,FALSE
4267,-2.7325905034912967,16.738643696274956,-1.5058770485774569,0.2162162913857241,0.5844353527020271,-5.033393146856287,miscanthus_floridulus_15wks vs miscanthus_sacchariflorus_ssp_lutarioriparius_15wks,FALSE
3417,2.077966547205774,16.934093034595886,1.5031541407610927,0.21687548991507805,0.5844353527020271,-5.036333605917787,miscanthus_floridulus_15wks vs miscanthus_sacchariflorus_ssp_lutarioriparius_15wks,FALSE
2614,1.1230930903718281,22.3591887844941,1.5020495205087656,0.21714351331810572,0.5844353527020271,-5.037526249939196,miscanthus_floridulus_15wks vs miscanthus_sacchariflorus_ssp_lutarioriparius_15wks,FALSE
3050,2.1750288185445825,21.905435081550923,1.5004112923569193,0.21754165145555515,0.5844353527020271,-5.039294774814159,miscanthus_floridulus_15wks vs miscanthus_sacchariflorus_ssp_lutarioriparius_15wks,FALSE
1335,3.134226271011384,16.63706156693057,1.500267685079489,0.21757658882672115,0.5844353527020271,-5.039449789689602,miscanthus_floridulus_15wks vs miscanthus_sacchariflorus_ssp_lutarioriparius_15wks,FALSE
1138,2.0741552561201857,19.429287494636586,1.4986723964157433,0.2179650937608092,0.5844353527020271,-5.041171646664981,miscanthus_floridulus_15wks vs miscanthus_sacchariflorus_ssp_lutarioriparius_15wks,FALSE
2852,1.6719623137905195,17.010187046314442,1.4982454169100863,0.2180692007432799,0.5844353527020271,-5.041632453743967,miscanthus_floridulus_15wks vs miscanthus_sacchariflorus_ssp_lutarioriparius_15wks,FALSE
1722,3.509224904113827,17.345197120312722,1.4972494996857455,0.21831223015856985,0.5844353527020271,-5.042707192827392,miscanthus_floridulus_15wks vs miscanthus_sacchariflorus_ssp_lutarioriparius_15wks,FALSE
3339,3.4082221231459258,20.789269427313037,1.4972117708120691,0.21832144256119515,0.5844353527020271,-5.042747905546193,miscanthus_floridulus_15wks vs miscanthus_sacchariflorus_ssp_lutarioriparius_15wks,FALSE
2050,1.4735699332857912,16.994666286393947,1.4958002963002952,0.2186663809618148,0.5844353527020271,-5.04427089245468,miscanthus_floridulus_15wks vs miscanthus_sacchariflorus_ssp_lutarioriparius_15wks,FALSE
2504,1.533166523980853,20.43132219161673,1.4940017215108323,0.21910674831224666,0.5844353527020271,-5.046211232380595,miscanthus_floridulus_15wks vs miscanthus_sacchariflorus_ssp_lutarioriparius_15wks,FALSE
3350,-1.705009840401999,17.507029772446987,-1.4938899662303184,0.21913414142259835,0.5844353527020271,-5.046331784039704,miscanthus_floridulus_15wks vs miscanthus_sacchariflorus_ssp_lutarioriparius_15wks,FALSE
3207,-0.9510034620677388,17.84135224322568,-1.4930975323582445,0.21932848343805153,0.5844353527020271,-5.047186549887523,miscanthus_floridulus_15wks vs miscanthus_sacchariflorus_ssp_lutarioriparius_15wks,FALSE
466,2.7935562958358453,17.689873654146705,1.4923667665261182,0.21950786175272602,0.5844353527020271,-5.047974732543169,miscanthus_floridulus_15wks vs miscanthus_sacchariflorus_ssp_lutarioriparius_15wks,FALSE
1898,-2.4409546343389223,16.504593889721274,-1.4923163242187687,0.21952024930884942,0.5844353527020271,-5.048029135854373,miscanthus_floridulus_15wks vs miscanthus_sacchariflorus_ssp_lutarioriparius_15wks,FALSE
54,-1.0437064802736558,21.72144676177139,-1.4891415378564237,0.22030138566644114,0.5844353527020271,-5.051452625638962,miscanthus_floridulus_15wks vs miscanthus_sacchariflorus_ssp_lutarioriparius_15wks,FALSE
6149,1.692927945244966,16.443326427301557,1.4889585026264252,0.22034650906609118,0.5844353527020271,-5.0516499632097895,miscanthus_floridulus_15wks vs miscanthus_sacchariflorus_ssp_lutarioriparius_15wks,FALSE
3271,2.8324918686912604,17.174971679410802,1.4884616036358482,0.220469057663788,0.5844353527020271,-5.052185669828036,miscanthus_floridulus_15wks vs miscanthus_sacchariflorus_ssp_lutarioriparius_15wks,FALSE
2098,-1.188256817312693,16.573735481101057,-1.4795465772127934,0.22267991045953264,0.5844353527020271,-5.061791917373205,miscanthus_floridulus_15wks vs miscanthus_sacchariflorus_ssp_lutarioriparius_15wks,FALSE
22,0.8888754570171251,27.136336726268443,1.479203706653085,0.22276540138849454,0.5844353527020271,-5.062161178512165,miscanthus_floridulus_15wks vs miscanthus_sacchariflorus_ssp_lutarioriparius_15wks,FALSE
5810,2.4484543145882327,17.40342210318217,1.4752872483896482,0.22374436439323764,0.5844353527020271,-5.066378045101505,miscanthus_floridulus_15wks vs miscanthus_sacchariflorus_ssp_lutarioriparius_15wks,FALSE
4551,-1.0503023948475487,20.21239599057145,-1.474145127070491,0.22403069646910392,0.5844353527020271,-5.067607408646434,miscanthus_floridulus_15wks vs miscanthus_sacchariflorus_ssp_lutarioriparius_15wks,FALSE
5943,3.8988057746380242,17.90606917732582,1.473709552230338,0.22413999675103438,0.5844353527020271,-5.068076211793352,miscanthus_floridulus_15wks vs miscanthus_sacchariflorus_ssp_lutarioriparius_15wks,FALSE
4018,2.067678458616646,17.015483821436955,1.473547657953261,0.22418063563210466,0.5844353527020271,-5.06825045020453,miscanthus_floridulus_15wks vs miscanthus_sacchariflorus_ssp_lutarioriparius_15wks,FALSE
1947,-4.892119422566639,17.013302814794784,-1.473538122171365,0.22418302955464625,0.5844353527020271,-5.0682607129678345,miscanthus_floridulus_15wks vs miscanthus_sacchariflorus_ssp_lutarioriparius_15wks,FALSE
5415,1.6731664090202933,16.37789822684521,1.4735012912971497,0.22419227605921482,0.5844353527020271,-5.068300351616444,miscanthus_floridulus_15wks vs miscanthus_sacchariflorus_ssp_lutarioriparius_15wks,FALSE
1208,1.7689290233557031,16.385506994468088,1.4710682043576833,0.22480399308174326,0.5844353527020271,-5.0709185391134906,miscanthus_floridulus_15wks vs miscanthus_sacchariflorus_ssp_lutarioriparius_15wks,FALSE
2152,4.457407486138763,21.691287371563877,1.470431843209665,0.2249642717810909,0.5844353527020271,-5.071603186918369,miscanthus_floridulus_15wks vs miscanthus_sacchariflorus_ssp_lutarioriparius_15wks,FALSE
102,2.0763762282700853,16.72213414377294,1.4704201870189781,0.2249672087090563,0.5844353527020271,-5.071615727085633,miscanthus_floridulus_15wks vs miscanthus_sacchariflorus_ssp_lutarioriparius_15wks,FALSE
5789,3.140332075854264,16.798452341429343,1.4703189315654634,0.22499272301374426,0.5844353527020271,-5.071724660762966,miscanthus_floridulus_15wks vs miscanthus_sacchariflorus_ssp_lutarioriparius_15wks,FALSE
2253,2.0208405227610804,16.92324343686223,1.4688328858267474,0.22536752376514066,0.5844353527020271,-5.073323240938762,miscanthus_floridulus_15wks vs miscanthus_sacchariflorus_ssp_lutarioriparius_15wks,FALSE
6041,2.5532553004210676,17.313736925719052,1.468583924147677,0.2254303789465058,0.5844353527020271,-5.073591027797367,miscanthus_floridulus_15wks vs miscanthus_sacchariflorus_ssp_lutarioriparius_15wks,FALSE
4153,-1.5977888439238868,19.056203279117874,-1.4685168483182236,0.2254473166620339,0.5844353527020271,-5.073663174169633,miscanthus_floridulus_15wks vs miscanthus_sacchariflorus_ssp_lutarioriparius_15wks,FALSE
446,0.8675795097060153,22.80298108760421,1.467371068018101,0.22573684957688897,0.5844353527020271,-5.074895478101027,miscanthus_floridulus_15wks vs miscanthus_sacchariflorus_ssp_lutarioriparius_15wks,FALSE
1084,5.790448772056326,23.290703139875184,1.467129336943471,0.2257979833376368,0.5844353527020271,-5.075155441564664,miscanthus_floridulus_15wks vs miscanthus_sacchariflorus_ssp_lutarioriparius_15wks,FALSE
3654,3.7567749946455837,17.58079357654864,1.466882124941146,0.22586052108544863,0.5844353527020271,-5.075421291424456,miscanthus_floridulus_15wks vs miscanthus_sacchariflorus_ssp_lutarioriparius_15wks,FALSE
26,1.1807896866749275,21.36827353756208,1.4664464821860705,0.22597077053463077,0.5844353527020271,-5.075889758710952,miscanthus_floridulus_15wks vs miscanthus_sacchariflorus_ssp_lutarioriparius_15wks,FALSE
1682,3.426652159837241,17.701512577276336,1.465974504524867,0.22609027871443002,0.5844353527020271,-5.076397270461502,miscanthus_floridulus_15wks vs miscanthus_sacchariflorus_ssp_lutarioriparius_15wks,FALSE
685,3.9339748509083243,17.89218420232438,1.4653462914296327,0.22624944909763625,0.5844353527020271,-5.077072734669576,miscanthus_floridulus_15wks vs miscanthus_sacchariflorus_ssp_lutarioriparius_15wks,FALSE
5742,0.8641666470163258,17.389205567269833,1.458882460499076,0.22789398959173782,0.5844353527020271,-5.084019685485963,miscanthus_floridulus_15wks vs miscanthus_sacchariflorus_ssp_lutarioriparius_15wks,FALSE
5037,3.697095787266676,20.360824617867607,1.4572683796526726,0.22830658670018927,0.5844353527020271,-5.085753524825599,miscanthus_floridulus_15wks vs miscanthus_sacchariflorus_ssp_lutarioriparius_15wks,FALSE
1306,1.556806771805924,17.221395609968166,1.4541699283448204,0.2291008040120264,0.5844353527020271,-5.089080865705567,miscanthus_floridulus_15wks vs miscanthus_sacchariflorus_ssp_lutarioriparius_15wks,FALSE
1246,-2.1526428178533266,17.355171019770523,-1.452464856384599,0.22953908580762653,0.5844353527020271,-5.090911326974574,miscanthus_floridulus_15wks vs miscanthus_sacchariflorus_ssp_lutarioriparius_15wks,FALSE
3140,1.4065888212865545,17.967755351690872,1.4515374143996063,0.22977784699746223,0.5844353527020271,-5.09190680132198,miscanthus_floridulus_15wks vs miscanthus_sacchariflorus_ssp_lutarioriparius_15wks,FALSE
1319,1.4188853090320066,17.029904690068616,1.4509729476824862,0.2299232900077439,0.5844353527020271,-5.092512615216719,miscanthus_floridulus_15wks vs miscanthus_sacchariflorus_ssp_lutarioriparius_15wks,FALSE
2584,-5.014518245420184,18.778470854101634,-1.4502510065631264,0.230109448048319,0.5844353527020271,-5.0932873730245225,miscanthus_floridulus_15wks vs miscanthus_sacchariflorus_ssp_lutarioriparius_15wks,FALSE
269,4.367493741604029,17.87779576048679,1.4490700971572148,0.23041429231731517,0.5844353527020271,-5.0945545178867,miscanthus_floridulus_15wks vs miscanthus_sacchariflorus_ssp_lutarioriparius_15wks,FALSE
726,2.8041438195869652,20.794073986906035,1.4489956098498789,0.23043353480718012,0.5844353527020271,-5.0946344379646336,miscanthus_floridulus_15wks vs miscanthus_sacchariflorus_ssp_lutarioriparius_15wks,FALSE
5316,1.2525305023522861,17.408861753651752,1.4484227814288688,0.23058157078893135,0.5844353527020271,-5.095249019539974,miscanthus_floridulus_15wks vs miscanthus_sacchariflorus_ssp_lutarioriparius_15wks,FALSE
2034,1.5996375325270904,23.672257198363496,1.4475276449853016,0.23081309864689964,0.5844353527020271,-5.096209308284293,miscanthus_floridulus_15wks vs miscanthus_sacchariflorus_ssp_lutarioriparius_15wks,FALSE
214,0.869870475748499,25.652477807999276,1.4457192219521264,0.23128158586919528,0.5844353527020271,-5.098149006647179,miscanthus_floridulus_15wks vs miscanthus_sacchariflorus_ssp_lutarioriparius_15wks,FALSE
2960,3.088706284053977,21.263099192628296,1.441304873647904,0.23242931024033164,0.5844353527020271,-5.1028818086802215,miscanthus_floridulus_15wks vs miscanthus_sacchariflorus_ssp_lutarioriparius_15wks,FALSE
1461,3.2697011598524615,16.93918764494856,1.4409610505042962,0.2325189514825564,0.5844353527020271,-5.103250315895783,miscanthus_floridulus_15wks vs miscanthus_sacchariflorus_ssp_lutarioriparius_15wks,FALSE
4855,1.0529535570530584,16.168200118192928,1.4403384360576486,0.23268137019663263,0.5844353527020271,-5.103917585358411,miscanthus_floridulus_15wks vs miscanthus_sacchariflorus_ssp_lutarioriparius_15wks,FALSE
1354,1.0193238006498042,23.22221444751805,1.4396740011781992,0.2328548282054901,0.5844353527020271,-5.104629611583877,miscanthus_floridulus_15wks vs miscanthus_sacchariflorus_ssp_lutarioriparius_15wks,FALSE
2031,2.250327551816145,17.83894383838471,1.4396022762815532,0.23287356079277521,0.5844353527020271,-5.104706470001687,miscanthus_floridulus_15wks vs miscanthus_sacchariflorus_ssp_lutarioriparius_15wks,FALSE
1625,3.186840975045051,18.134806864119298,1.4376752656778018,0.23337742871518374,0.5844353527020271,-5.10677111549519,miscanthus_floridulus_15wks vs miscanthus_sacchariflorus_ssp_lutarioriparius_15wks,FALSE
1359,2.5660401928625802,20.78328096847587,1.4366733310112885,0.23363985744063803,0.5844353527020271,-5.107844393686129,miscanthus_floridulus_15wks vs miscanthus_sacchariflorus_ssp_lutarioriparius_15wks,FALSE
1372,2.807920788304287,17.473799588809726,1.436248913050248,0.23375111402437923,0.5844353527020271,-5.108298987326195,miscanthus_floridulus_15wks vs miscanthus_sacchariflorus_ssp_lutarioriparius_15wks,FALSE
2848,1.5302206683682442,16.934054103732024,1.4361587195447825,0.2337747643490166,0.5844353527020271,-5.108395590014216,miscanthus_floridulus_15wks vs miscanthus_sacchariflorus_ssp_lutarioriparius_15wks,FALSE
4802,2.7159793980449827,17.21504623861916,1.4355462752615138,0.23393542360626576,0.5844353527020271,-5.109051522466852,miscanthus_floridulus_15wks vs miscanthus_sacchariflorus_ssp_lutarioriparius_15wks,FALSE
1348,3.6654854609204186,17.84278299952192,1.4349420418528929,0.23409404104231796,0.5844353527020271,-5.109698605663218,miscanthus_floridulus_15wks vs miscanthus_sacchariflorus_ssp_lutarioriparius_15wks,FALSE
2816,1.172326551832633,16.716002135279705,1.4301745059720774,0.23534948043790915,0.5844353527020271,-5.114802291756039,miscanthus_floridulus_15wks vs miscanthus_sacchariflorus_ssp_lutarioriparius_15wks,FALSE
2505,2.609296336262563,19.07161682197636,1.4286398929516608,0.2357550722981315,0.5844353527020271,-5.116444366339744,miscanthus_floridulus_15wks vs miscanthus_sacchariflorus_ssp_lutarioriparius_15wks,FALSE
3317,2.799501569920679,17.59373477889797,1.4271386092910208,0.23615255499943158,0.5844353527020271,-5.118050424636269,miscanthus_floridulus_15wks vs miscanthus_sacchariflorus_ssp_lutarioriparius_15wks,FALSE
1844,2.839099779248439,19.057417263751404,1.4263598864525666,0.23635900402254137,0.5844353527020271,-5.118883356327291,miscanthus_floridulus_15wks vs miscanthus_sacchariflorus_ssp_lutarioriparius_15wks,FALSE
1342,3.7888767261342675,16.87608271363394,1.4257570930311547,0.23651894010434435,0.5844353527020271,-5.119528046619901,miscanthus_floridulus_15wks vs miscanthus_sacchariflorus_ssp_lutarioriparius_15wks,FALSE
2046,1.3573857358145212,16.802163301454467,1.425025264382612,0.23671326280388538,0.5844353527020271,-5.120310664109622,miscanthus_floridulus_15wks vs miscanthus_sacchariflorus_ssp_lutarioriparius_15wks,FALSE
2526,1.7342027085713774,17.41795729352592,1.4243202282810545,0.23690062732917,0.5844353527020271,-5.121064550023578,miscanthus_floridulus_15wks vs miscanthus_sacchariflorus_ssp_lutarioriparius_15wks,FALSE
4038,-2.111228467333145,17.170185197077878,-1.4212853402909573,0.2377089049438908,0.5844353527020271,-5.124308818650224,miscanthus_floridulus_15wks vs miscanthus_sacchariflorus_ssp_lutarioriparius_15wks,FALSE
3051,2.90556821221967,21.173931033086216,1.4206603010701224,0.23787572420976472,0.5844353527020271,-5.124976798135957,miscanthus_floridulus_15wks vs miscanthus_sacchariflorus_ssp_lutarioriparius_15wks,FALSE
1419,3.0320511956415643,17.30424239836501,1.420449504739022,0.23793201175613904,0.5844353527020271,-5.1252020621120415,miscanthus_floridulus_15wks vs miscanthus_sacchariflorus_ssp_lutarioriparius_15wks,FALSE
522,2.6383590951299887,16.610245358788454,1.4203286496623622,0.23796428908777092,0.5844353527020271,-5.125331208661132,miscanthus_floridulus_15wks vs miscanthus_sacchariflorus_ssp_lutarioriparius_15wks,FALSE
1561,3.341199005250978,20.68423523181465,1.4202953798538704,0.23797317540494134,0.5844353527020271,-5.1253667605919295,miscanthus_floridulus_15wks vs miscanthus_sacchariflorus_ssp_lutarioriparius_15wks,FALSE
5244,2.9594833797473576,20.28710400463239,1.4197613732740577,0.2381158546702397,0.5844353527020271,-5.125937372744351,miscanthus_floridulus_15wks vs miscanthus_sacchariflorus_ssp_lutarioriparius_15wks,FALSE
862,-1.0155034812445152,19.79336869010792,-1.4166085819692542,0.23896003879511932,0.5856730396073835,-5.12930534805471,miscanthus_floridulus_15wks vs miscanthus_sacchariflorus_ssp_lutarioriparius_15wks,FALSE
30,0.9100962382987134,22.061623912261915,1.4146728977635668,0.23947986232224594,0.5861133562233377,-5.131372346974918,miscanthus_floridulus_15wks vs miscanthus_sacchariflorus_ssp_lutarioriparius_15wks,FALSE
3523,-1.3256864493113305,21.473259364789083,-1.4129338378773486,0.23994787718249075,0.5862971450034428,-5.133228859457414,miscanthus_floridulus_15wks vs miscanthus_sacchariflorus_ssp_lutarioriparius_15wks,FALSE
1659,1.9371089191170192,17.715239271395408,1.4118667779810856,0.24023551037285581,0.5862971450034428,-5.134367739695634,miscanthus_floridulus_15wks vs miscanthus_sacchariflorus_ssp_lutarioriparius_15wks,FALSE
1822,0.8440784456824311,22.74347615438949,1.410413091834702,0.24062793308131525,0.5864242272971798,-5.135918965121718,miscanthus_floridulus_15wks vs miscanthus_sacchariflorus_ssp_lutarioriparius_15wks,FALSE
339,3.0136494719999334,21.361820764759624,1.4059063780779595,0.24184872195670973,0.5885528803806325,-5.140725823846566,miscanthus_floridulus_15wks vs miscanthus_sacchariflorus_ssp_lutarioriparius_15wks,FALSE
1633,2.471051205421805,17.212174104859535,1.404234916053174,0.24230311037477703,0.5885528803806325,-5.142507732477774,miscanthus_floridulus_15wks vs miscanthus_sacchariflorus_ssp_lutarioriparius_15wks,FALSE
191,-2.670962387832496,17.854530124622034,-1.403415671316448,0.2425261433953854,0.5885528803806325,-5.143380937298449,miscanthus_floridulus_15wks vs miscanthus_sacchariflorus_ssp_lutarioriparius_15wks,FALSE
388,-2.860676301388981,20.091038500677072,-1.399053764427901,0.24371719749533535,0.588768156503313,-5.148028201788094,miscanthus_floridulus_15wks vs miscanthus_sacchariflorus_ssp_lutarioriparius_15wks,FALSE
881,0.9297763048156433,16.30215916248883,1.3988890555907527,0.2437622901870539,0.588768156503313,-5.148203621431591,miscanthus_floridulus_15wks vs miscanthus_sacchariflorus_ssp_lutarioriparius_15wks,FALSE
3669,2.0662717772008232,16.889219852242285,1.3963213404602028,0.24446636827088267,0.588768156503313,-5.150937699342503,miscanthus_floridulus_15wks vs miscanthus_sacchariflorus_ssp_lutarioriparius_15wks,FALSE
1948,-1.0249667032499232,25.076659618400683,-1.3945500829770088,0.24495327113934248,0.588768156503313,-5.15282304226745,miscanthus_floridulus_15wks vs miscanthus_sacchariflorus_ssp_lutarioriparius_15wks,FALSE
2956,1.2619309705806003,16.89208014341499,1.3940225769669725,0.24509847010811095,0.588768156503313,-5.153384417467852,miscanthus_floridulus_15wks vs miscanthus_sacchariflorus_ssp_lutarioriparius_15wks,FALSE
1859,1.7560247740938415,17.53966037377596,1.3925150095592427,0.24551392349791848,0.588768156503313,-5.154988507897311,miscanthus_floridulus_15wks vs miscanthus_sacchariflorus_ssp_lutarioriparius_15wks,FALSE
1013,2.19889471959214,19.411368628584647,1.3913979301353951,0.24582223265761297,0.588768156503313,-5.1561768478953836,miscanthus_floridulus_15wks vs miscanthus_sacchariflorus_ssp_lutarioriparius_15wks,FALSE
4317,1.3184763682617664,17.217893764141856,1.3899465799885733,0.24622339224896925,0.588768156503313,-5.157720448616299,miscanthus_floridulus_15wks vs miscanthus_sacchariflorus_ssp_lutarioriparius_15wks,FALSE
3733,1.6786127569254177,19.711235884610662,1.3895904058761472,0.2463219428793387,0.588768156503313,-5.158099203984185,miscanthus_floridulus_15wks vs miscanthus_sacchariflorus_ssp_lutarioriparius_15wks,FALSE
4435,-1.2473096781902342,16.396092615833638,-1.3881627066310673,0.24671738228036635,0.588768156503313,-5.159617188871799,miscanthus_floridulus_15wks vs miscanthus_sacchariflorus_ssp_lutarioriparius_15wks,FALSE
309,2.6134826149752968,21.05169413872527,1.3873066225020114,0.24695480957488522,0.588768156503313,-5.160527233582965,miscanthus_floridulus_15wks vs miscanthus_sacchariflorus_ssp_lutarioriparius_15wks,FALSE
4259,-1.5814305289726285,16.894191516569897,-1.3868467901290744,0.247082436611989,0.588768156503313,-5.1610159951022485,miscanthus_floridulus_15wks vs miscanthus_sacchariflorus_ssp_lutarioriparius_15wks,FALSE
555,0.9146261451175448,20.865062408122757,1.3859229481429187,0.24733905436504955,0.588768156503313,-5.161997841786515,miscanthus_floridulus_15wks vs miscanthus_sacchariflorus_ssp_lutarioriparius_15wks,FALSE
1819,-2.7475878343437454,17.168609973235107,-1.385707973595371,0.2473988074918158,0.588768156503313,-5.162226291473661,miscanthus_floridulus_15wks vs miscanthus_sacchariflorus_ssp_lutarioriparius_15wks,FALSE
2228,1.7925649086672948,20.54016533271153,1.3839160181236732,0.24789746497938006,0.5891411478061681,-5.164130241906809,miscanthus_floridulus_15wks vs miscanthus_sacchariflorus_ssp_lutarioriparius_15wks,FALSE
1226,-2.6019159516466193,17.207486407764033,-1.3816855029506334,0.2485196006902568,0.5892454372215233,-5.1664993357907205,miscanthus_floridulus_15wks vs miscanthus_sacchariflorus_ssp_lutarioriparius_15wks,FALSE
5438,2.2604950368017356,17.12379394538942,1.3812028590349161,0.2486544299582499,0.5892454372215233,-5.167011844517555,miscanthus_floridulus_15wks vs miscanthus_sacchariflorus_ssp_lutarioriparius_15wks,FALSE
3718,-1.0979703077754053,16.83806063357776,-1.3788400057806771,0.2493155868268344,0.5892454372215233,-5.1695202793762975,miscanthus_floridulus_15wks vs miscanthus_sacchariflorus_ssp_lutarioriparius_15wks,FALSE
136,1.754240002172338,23.49810202441907,1.3787470128792632,0.2493416441818138,0.5892454372215233,-5.169618980479998,miscanthus_floridulus_15wks vs miscanthus_sacchariflorus_ssp_lutarioriparius_15wks,FALSE
709,-4.060958334099421,20.969991337242313,-1.3771920375906732,0.24977777345989435,0.5892454372215233,-5.1712691645927364,miscanthus_floridulus_15wks vs miscanthus_sacchariflorus_ssp_lutarioriparius_15wks,FALSE
510,2.979863579220048,18.340438109878807,1.3761966912913743,0.25005735088294895,0.5892454372215233,-5.172325215435069,miscanthus_floridulus_15wks vs miscanthus_sacchariflorus_ssp_lutarioriparius_15wks,FALSE
4047,3.3966498747546936,17.26841678090896,1.3689614650312658,0.2520992434182862,0.5892454372215233,-5.1799960335022375,miscanthus_floridulus_15wks vs miscanthus_sacchariflorus_ssp_lutarioriparius_15wks,FALSE
20,0.819667947600653,21.788874262807106,1.3672224073156702,0.2525925637200619,0.5892454372215233,-5.181838285759721,miscanthus_floridulus_15wks vs miscanthus_sacchariflorus_ssp_lutarioriparius_15wks,FALSE
118,2.909527653119113,20.908436351509668,1.3663003135536513,0.2528545342312474,0.5892454372215233,-5.18281485671151,miscanthus_floridulus_15wks vs miscanthus_sacchariflorus_ssp_lutarioriparius_15wks,FALSE
1219,1.7232224243244811,16.43706524033332,1.3642068136573444,0.2534503344953969,0.5892454372215233,-5.185031421403151,miscanthus_floridulus_15wks vs miscanthus_sacchariflorus_ssp_lutarioriparius_15wks,FALSE
241,0.8295547690240284,21.850241371499127,1.3635721429554801,0.2536312412332015,0.5892454372215233,-5.185703230269345,miscanthus_floridulus_15wks vs miscanthus_sacchariflorus_ssp_lutarioriparius_15wks,FALSE
4671,-0.9089584120841856,18.772181381927844,-1.3630345660647352,0.2537845752130044,0.5892454372215233,-5.186272201541989,miscanthus_floridulus_15wks vs miscanthus_sacchariflorus_ssp_lutarioriparius_15wks,FALSE
245,2.92758763322381,16.850995864381012,1.3625489039405025,0.25392318263619457,0.5892454372215233,-5.186786177032639,miscanthus_floridulus_15wks vs miscanthus_sacchariflorus_ssp_lutarioriparius_15wks,FALSE
579,3.524658677996719,18.16209588493291,1.3604708399535246,0.2545171308980988,0.5892454372215233,-5.18898485963104,miscanthus_floridulus_15wks vs miscanthus_sacchariflorus_ssp_lutarioriparius_15wks,FALSE
1233,2.1129757918037804,19.2106726933828,1.3604279326650468,0.2545294094695593,0.5892454372215233,-5.189030248349449,miscanthus_floridulus_15wks vs miscanthus_sacchariflorus_ssp_lutarioriparius_15wks,FALSE
2582,-2.890720870937514,19.602185835026827,-1.3592933747222284,0.25485429926733444,0.5892454372215233,-5.19023028682686,miscanthus_floridulus_15wks vs miscanthus_sacchariflorus_ssp_lutarioriparius_15wks,FALSE
4717,1.6160255314665335,19.262428878523146,1.357865477978283,0.25526378883131595,0.5892454372215233,-5.191740226932229,miscanthus_floridulus_15wks vs miscanthus_sacchariflorus_ssp_lutarioriparius_15wks,FALSE
5954,-1.7384850150942732,16.722380989589208,-1.3569270064183745,0.25553328641403134,0.5892454372215233,-5.192732397013726,miscanthus_floridulus_15wks vs miscanthus_sacchariflorus_ssp_lutarioriparius_15wks,FALSE
447,0.8698821391281584,22.470323111692288,1.3535989594850095,0.2564913242992064,0.5892454372215233,-5.196249432343637,miscanthus_floridulus_15wks vs miscanthus_sacchariflorus_ssp_lutarioriparius_15wks,FALSE
4169,2.1507398678336607,16.489914187997506,1.3524883100495733,0.25681185640834064,0.5892454372215233,-5.1974226489237445,miscanthus_floridulus_15wks vs miscanthus_sacchariflorus_ssp_lutarioriparius_15wks,FALSE
273,1.0058975811240245,21.803371660177625,1.3516173905974262,0.25706348736949935,0.5892454372215233,-5.198342453530036,miscanthus_floridulus_15wks vs miscanthus_sacchariflorus_ssp_lutarioriparius_15wks,FALSE
5460,3.2378768827177318,18.024623689009793,1.3515337400370135,0.2570876693395762,0.5892454372215233,-5.198430791226866,miscanthus_floridulus_15wks vs miscanthus_sacchariflorus_ssp_lutarioriparius_15wks,FALSE
4810,1.2650460958437861,17.00479338786517,1.3497227376522536,0.2576117664230082,0.5892454372215233,-5.200342914326615,miscanthus_floridulus_15wks vs miscanthus_sacchariflorus_ssp_lutarioriparius_15wks,FALSE
4129,1.9546095960894547,18.207752938174874,1.3490763584515106,0.25779908862956613,0.5892454372215233,-5.201025220989889,miscanthus_floridulus_15wks vs miscanthus_sacchariflorus_ssp_lutarioriparius_15wks,FALSE
392,4.706487120742981,22.422451225981774,1.3487208398523522,0.25790217768220325,0.5892454372215233,-5.201400463284793,miscanthus_floridulus_15wks vs miscanthus_sacchariflorus_ssp_lutarioriparius_15wks,FALSE
1045,-5.535962998509227,18.867018222322386,-1.348554667502014,0.25795037671030796,0.5892454372215233,-5.201575845645916,miscanthus_floridulus_15wks vs miscanthus_sacchariflorus_ssp_lutarioriparius_15wks,FALSE
2132,-1.5376474075171735,16.868433238822774,-1.3478917253191112,0.2581427570356238,0.5892454372215233,-5.2022754738393795,miscanthus_floridulus_15wks vs miscanthus_sacchariflorus_ssp_lutarioriparius_15wks,FALSE
396,1.8125063002420667,19.62394150261146,1.3466930245595417,0.25849097974224117,0.5892454372215233,-5.20354027578553,miscanthus_floridulus_15wks vs miscanthus_sacchariflorus_ssp_lutarioriparius_15wks,FALSE
4959,-2.4033728792216777,17.60755573262803,-1.345891615761187,0.2587240548433898,0.5892454372215233,-5.204385709833003,miscanthus_floridulus_15wks vs miscanthus_sacchariflorus_ssp_lutarioriparius_15wks,FALSE
5692,2.8115040800664257,17.35029367447957,1.3455755058253318,0.2588160482500689,0.5892454372215233,-5.204719148167148,miscanthus_floridulus_15wks vs miscanthus_sacchariflorus_ssp_lutarioriparius_15wks,FALSE
2411,1.500766658969372,16.956808680508786,1.3430910772459188,0.2595402151468476,0.5892454372215233,-5.207339034708588,miscanthus_floridulus_15wks vs miscanthus_sacchariflorus_ssp_lutarioriparius_15wks,FALSE
2556,2.161572591767772,17.198142259223673,1.3426655349363432,0.25966445906070384,0.5892454372215233,-5.207787647932201,miscanthus_floridulus_15wks vs miscanthus_sacchariflorus_ssp_lutarioriparius_15wks,FALSE
3021,1.7854511101321684,17.022373212986054,1.3419311501642595,0.2598790162675514,0.5892454372215233,-5.208561757249118,miscanthus_floridulus_15wks vs miscanthus_sacchariflorus_ssp_lutarioriparius_15wks,FALSE
5757,4.475730043416153,17.944451986284538,1.341104276053844,0.2601208100669764,0.5892454372215233,-5.209433221618054,miscanthus_floridulus_15wks vs miscanthus_sacchariflorus_ssp_lutarioriparius_15wks,FALSE
569,0.8074111453882082,23.29130554577251,1.341026550315037,0.26014355027394875,0.5892454372215233,-5.209515131329805,miscanthus_floridulus_15wks vs miscanthus_sacchariflorus_ssp_lutarioriparius_15wks,FALSE
1975,1.325354578321189,17.988923407759412,1.3406528289111237,0.2602529180067204,0.5892454372215233,-5.209908952145863,miscanthus_floridulus_15wks vs miscanthus_sacchariflorus_ssp_lutarioriparius_15wks,FALSE
2088,0.8125643079545775,16.79509980082458,1.3383114810458459,0.2609391624111583,0.5900238541134196,-5.212375541880201,miscanthus_floridulus_15wks vs miscanthus_sacchariflorus_ssp_lutarioriparius_15wks,FALSE
3230,2.413616072216147,18.003640901007905,1.3359138292653547,0.2616438077565188,0.590073418565108,-5.2149002249886145,miscanthus_floridulus_15wks vs miscanthus_sacchariflorus_ssp_lutarioriparius_15wks,FALSE
971,-1.921319521313789,16.92673023465089,-1.3359063134321563,0.2616460196075116,0.590073418565108,-5.2149081370677255,miscanthus_floridulus_15wks vs miscanthus_sacchariflorus_ssp_lutarioriparius_15wks,FALSE
287,3.588629818761614,17.26032843598145,1.3332556463793575,0.26242727085733714,0.5902570172959146,-5.217697785181179,miscanthus_floridulus_15wks vs miscanthus_sacchariflorus_ssp_lutarioriparius_15wks,FALSE
5587,1.2014777188574826,16.811902378958088,1.3311047512984011,0.26306295352942444,0.5902570172959146,-5.219960328360423,miscanthus_floridulus_15wks vs miscanthus_sacchariflorus_ssp_lutarioriparius_15wks,FALSE
1736,1.054890287088444,16.346498233774852,1.330123411631103,0.26335349859010343,0.5902570172959146,-5.220992269135748,miscanthus_floridulus_15wks vs miscanthus_sacchariflorus_ssp_lutarioriparius_15wks,FALSE
3054,1.133372715167317,16.062882327583527,1.3299683901323724,0.263399425417617,0.5902570172959146,-5.221155264613957,miscanthus_floridulus_15wks vs miscanthus_sacchariflorus_ssp_lutarioriparius_15wks,FALSE
5735,2.0986977549245776,16.964106892794774,1.3292481844919743,0.2636129003932129,0.5902570172959146,-5.221912446417148,miscanthus_floridulus_15wks vs miscanthus_sacchariflorus_ssp_lutarioriparius_15wks,FALSE
3529,-2.5125587500922038,16.889183892203658,-1.3286751391997924,0.26378288062556837,0.5902570172959146,-5.2225148304241165,miscanthus_floridulus_15wks vs miscanthus_sacchariflorus_ssp_lutarioriparius_15wks,FALSE
1538,3.3136184740961614,17.445525810797086,1.3272288711040579,0.26421237386172036,0.5902748967171252,-5.224034820039034,miscanthus_floridulus_15wks vs miscanthus_sacchariflorus_ssp_lutarioriparius_15wks,FALSE
920,2.4608940248509157,19.475760129293803,1.3263421749246735,0.2644760419417415,0.5902748967171252,-5.224966483864363,miscanthus_floridulus_15wks vs miscanthus_sacchariflorus_ssp_lutarioriparius_15wks,FALSE
2907,1.4513331645398928,16.83877761617444,1.322493529722513,0.26562355566883117,0.5920690639293611,-5.229008264353658,miscanthus_floridulus_15wks vs miscanthus_sacchariflorus_ssp_lutarioriparius_15wks,FALSE
5028,0.9637550980993908,16.163538092007713,1.3176208690949796,0.26708359282180816,0.5945543028836893,-5.23412063399809,miscanthus_floridulus_15wks vs miscanthus_sacchariflorus_ssp_lutarioriparius_15wks,FALSE
5985,1.8422240992307497,16.216775674170112,1.314872262258757,0.2679107438496344,0.595626079552155,-5.237002056009326,miscanthus_floridulus_15wks vs miscanthus_sacchariflorus_ssp_lutarioriparius_15wks,FALSE
4019,2.1032044647209,17.39870838629268,1.3132346204999248,0.26840479184424426,0.595955484984063,-5.238717998605779,miscanthus_floridulus_15wks vs miscanthus_sacchariflorus_ssp_lutarioriparius_15wks,FALSE
104,2.866857226049266,20.748239815211374,1.3111383622687787,0.26903853364343044,0.5963779447435309,-5.240913573436518,miscanthus_floridulus_15wks vs miscanthus_sacchariflorus_ssp_lutarioriparius_15wks,FALSE
3550,0.7981009461021316,17.003278588771312,1.310316817846323,0.2692873134129234,0.5963779447435309,-5.241773760362497,miscanthus_floridulus_15wks vs miscanthus_sacchariflorus_ssp_lutarioriparius_15wks,FALSE
4007,-1.7796811059791313,16.843306128006855,-1.3084170863584037,0.26986347497479174,0.5968867360482236,-5.243762240130009,miscanthus_floridulus_15wks vs miscanthus_sacchariflorus_ssp_lutarioriparius_15wks,FALSE
2712,-3.230312482308374,21.437416076577616,-1.296941641479958,0.2733702152483775,0.6038677959909673,-5.2557554515420355,miscanthus_floridulus_15wks vs miscanthus_sacchariflorus_ssp_lutarioriparius_15wks,FALSE
1843,1.640119514260629,19.729230240641506,1.2929161209239295,0.2746111466787271,0.6044659667815794,-5.259955020618592,miscanthus_floridulus_15wks vs miscanthus_sacchariflorus_ssp_lutarioriparius_15wks,FALSE
1823,0.7713528225199191,22.949280400498274,1.2928706712928615,0.2746251893853198,0.6044659667815794,-5.260002412492595,miscanthus_floridulus_15wks vs miscanthus_sacchariflorus_ssp_lutarioriparius_15wks,FALSE
2396,-2.97609770413521,17.551528676919542,-1.2926497062341185,0.27469347184560455,0.6044659667815794,-5.260232812969734,miscanthus_floridulus_15wks vs miscanthus_sacchariflorus_ssp_lutarioriparius_15wks,FALSE
103,3.5917782747183864,21.25332006031558,1.287500929640011,0.276289356902057,0.6062654518493319,-5.2655980028989635,miscanthus_floridulus_15wks vs miscanthus_sacchariflorus_ssp_lutarioriparius_15wks,FALSE
81,0.7637413805204183,22.0763170262041,1.286938229331136,0.2764643287620641,0.6062654518493319,-5.266183951897168,miscanthus_floridulus_15wks vs miscanthus_sacchariflorus_ssp_lutarioriparius_15wks,FALSE
2694,0.7859916223137198,24.448426393145237,1.2855408876692818,0.27689931128218764,0.6062654518493319,-5.2676386809301725,miscanthus_floridulus_15wks vs miscanthus_sacchariflorus_ssp_lutarioriparius_15wks,FALSE
2910,3.821460113190696,20.847651289546228,1.284395130816734,0.27725648689150495,0.6062654518493319,-5.268831124033879,miscanthus_floridulus_15wks vs miscanthus_sacchariflorus_ssp_lutarioriparius_15wks,FALSE
904,1.940234827469851,17.91576120258514,1.2840360191610287,0.2773685301359191,0.6062654518493319,-5.269204799848804,miscanthus_floridulus_15wks vs miscanthus_sacchariflorus_ssp_lutarioriparius_15wks,FALSE
2393,-2.483444669491181,17.971761518898077,-1.2815876426044215,0.2781336310192549,0.6062654518493319,-5.271751597111221,miscanthus_floridulus_15wks vs miscanthus_sacchariflorus_ssp_lutarioriparius_15wks,FALSE
5845,2.0203553797264604,17.13826665225083,1.2802748945813713,0.2785447220435226,0.6062654518493319,-5.273116483812055,miscanthus_floridulus_15wks vs miscanthus_sacchariflorus_ssp_lutarioriparius_15wks,FALSE
3496,-0.7623265009199045,19.72001505280275,-1.2774758792133685,0.2794232651365416,0.6062654518493319,-5.276025186558698,miscanthus_floridulus_15wks vs miscanthus_sacchariflorus_ssp_lutarioriparius_15wks,FALSE
580,0.7668913686092989,16.174352094055884,1.276648519397455,0.2796834814315577,0.6062654518493319,-5.276884580711789,miscanthus_floridulus_15wks vs miscanthus_sacchariflorus_ssp_lutarioriparius_15wks,FALSE
481,0.9383159891616977,24.00201412804814,1.2763689671389116,0.27977145907252976,0.6062654518493319,-5.277174916705519,miscanthus_floridulus_15wks vs miscanthus_sacchariflorus_ssp_lutarioriparius_15wks,FALSE
3047,-2.5301727421733915,17.465839669536056,-1.2754578721932075,0.2800583802010445,0.6062654518493319,-5.2781210160352225,miscanthus_floridulus_15wks vs miscanthus_sacchariflorus_ssp_lutarioriparius_15wks,FALSE
570,3.082715173781544,17.678150709173874,1.2734950642093454,0.2806775011611411,0.6062654518493319,-5.280158499278042,miscanthus_floridulus_15wks vs miscanthus_sacchariflorus_ssp_lutarioriparius_15wks,FALSE
1250,-2.307833722706212,15.740056871147164,-1.273094034693433,0.2808041637857823,0.6062654518493319,-5.280574661922003,miscanthus_floridulus_15wks vs miscanthus_sacchariflorus_ssp_lutarioriparius_15wks,FALSE
4987,-1.3002221674111496,16.79292742930849,-1.272912562047458,0.2808614994512851,0.6062654518493319,-5.280762968694059,miscanthus_floridulus_15wks vs miscanthus_sacchariflorus_ssp_lutarioriparius_15wks,FALSE
5142,2.047254115140923,19.489366226561167,1.2705449453089264,0.28161060747627026,0.6062654518493319,-5.2832189539822085,miscanthus_floridulus_15wks vs miscanthus_sacchariflorus_ssp_lutarioriparius_15wks,FALSE
1496,1.009761714130061,22.491615557928863,1.2705108611851574,0.28162140609829606,0.6062654518493319,-5.2832542994583385,miscanthus_floridulus_15wks vs miscanthus_sacchariflorus_ssp_lutarioriparius_15wks,FALSE
3083,-2.259674032133141,18.59199073878643,-1.2685836601183658,0.28223265690125104,0.6062654518493319,-5.285252319882074,miscanthus_floridulus_15wks vs miscanthus_sacchariflorus_ssp_lutarioriparius_15wks,FALSE
3575,0.8724698790083707,16.535337586113954,1.2684675908250729,0.28226951268059475,0.6062654518493319,-5.285372622929483,miscanthus_floridulus_15wks vs miscanthus_sacchariflorus_ssp_lutarioriparius_15wks,FALSE
253,2.994074767348522,17.729779618128994,1.266833229055247,0.2827889835676813,0.6062654518493319,-5.287066218836037,miscanthus_floridulus_15wks vs miscanthus_sacchariflorus_ssp_lutarioriparius_15wks,FALSE
1305,1.0311581997934276,22.627173123524173,1.2667875300834937,0.2828035223133887,0.6062654518493319,-5.287113563832457,miscanthus_floridulus_15wks vs miscanthus_sacchariflorus_ssp_lutarioriparius_15wks,FALSE
2926,0.7995848082725701,17.11663379749156,1.2664745255517902,0.28290312203809587,0.6062654518493319,-5.287437827423335,miscanthus_floridulus_15wks vs miscanthus_sacchariflorus_ssp_lutarioriparius_15wks,FALSE
2054,2.072524764551453,16.854999842127455,1.265378097703012,0.28325228597719804,0.6062654518493319,-5.288573487963262,miscanthus_floridulus_15wks vs miscanthus_sacchariflorus_ssp_lutarioriparius_15wks,FALSE
5020,3.3751833810518015,20.200816160864026,1.2632659748330908,0.28392610983948696,0.6065437329596215,-5.290760277420034,miscanthus_floridulus_15wks vs miscanthus_sacchariflorus_ssp_lutarioriparius_15wks,FALSE
1418,-3.254003829703075,17.419180971774097,-1.2627644079022853,0.2840863566444658,0.6065437329596215,-5.291279398818629,miscanthus_floridulus_15wks vs miscanthus_sacchariflorus_ssp_lutarioriparius_15wks,FALSE
435,-1.9451202497653632,19.94968192089905,-1.2604862792827454,0.2848153307623994,0.60734754319754225,-5.2936364030328535,miscanthus_floridulus_15wks vs miscanthus_sacchariflorus_ssp_lutarioriparius_15wks,FALSE
162,-2.65288848016635,20.635182190966386,-1.2579830760279869,0.28561846380187916,0.6081027158864377,-5.296224646483517,miscanthus_floridulus_15wks vs miscanthus_sacchariflorus_ssp_lutarioriparius_15wks,FALSE
202,3.0475991658658543,21.204400152533648,1.2570297025585484,0.28592493567504834,0.6081027158864377,-5.297209957792925,miscanthus_floridulus_15wks vs miscanthus_sacchariflorus_ssp_lutarioriparius_15wks,FALSE
405,2.65171482677367,17.635109940095706,1.2560870970580682,0.28622826615432445,0.6081027158864377,-5.298183894993677,miscanthus_floridulus_15wks vs miscanthus_sacchariflorus_ssp_lutarioriparius_15wks,FALSE
4174,1.0398105107859585,23.138605723995326,1.2545903570555461,0.28671057164395003,0.6083772351508939,-5.299729882885498,miscanthus_floridulus_15wks vs miscanthus_sacchariflorus_ssp_lutarioriparius_15wks,FALSE
2159,2.513197333019427,20.431293607264955,1.252368439347898,0.2874280395115173,0.6091133119769655,-5.302023766225912,miscanthus_floridulus_15wks vs miscanthus_sacchariflorus_ssp_lutarioriparius_15wks,FALSE
5155,0.7629941003056935,21.933073223594462,1.2513283428226079,0.2877645014215031,0.6091133119769655,-5.303097078966477,miscanthus_floridulus_15wks vs miscanthus_sacchariflorus_ssp_lutarioriparius_15wks,FALSE
1199,1.452198035595874,16.802622342667703,1.2497074724687423,0.2882896146358379,0.6093882580653346,-5.30476911094779,miscanthus_floridulus_15wks vs miscanthus_sacchariflorus_ssp_lutarioriparius_15wks,FALSE
1261,2.2254840021382307,19.597479253862723,1.2487453779878246,0.2886017519334376,0.6093882580653346,-5.305761225251249,miscanthus_floridulus_15wks vs miscanthus_sacchariflorus_ssp_lutarioriparius_15wks,FALSE
1289,3.813981100916532,20.489071809163093,1.2462270848572892,0.28942035577901315,0.6093990828607286,-5.30835686246647,miscanthus_floridulus_15wks vs miscanthus_sacchariflorus_ssp_lutarioriparius_15wks,FALSE
4968,-1.8853834867102144,17.690745926402123,-1.2454251257859228,0.2896815238232073,0.6093990828607286,-5.309183075934256,miscanthus_floridulus_15wks vs miscanthus_sacchariflorus_ssp_lutarioriparius_15wks,FALSE
1660,2.6328701668849206,17.757411806469527,1.244541539628249,0.2899695440054109,0.6093990828607286,-5.310093174049361,miscanthus_floridulus_15wks vs miscanthus_sacchariflorus_ssp_lutarioriparius_15wks,FALSE
1867,0.8193033070742324,21.818517668400663,1.2440593374070712,0.2901268452882692,0.6093990828607286,-5.310589751162541,miscanthus_floridulus_15wks vs miscanthus_sacchariflorus_ssp_lutarioriparius_15wks,FALSE
1404,0.9937113129421125,15.748868701333677,1.2432982230849547,0.2903753029765863,0.6093990828607286,-5.31137342030859,miscanthus_floridulus_15wks vs miscanthus_sacchariflorus_ssp_lutarioriparius_15wks,FALSE
1154,2.699034937271989,19.41990338714301,1.2402368703649311,0.29137676947322316,0.6107569024359653,-5.314523820892442,miscanthus_floridulus_15wks vs miscanthus_sacchariflorus_ssp_lutarioriparius_15wks,FALSE
3357,1.9255264883725793,16.783488482248515,1.2354091875984976,0.2929629761117218,0.6125947525533529,-5.319486445386122,miscanthus_floridulus_15wks vs miscanthus_sacchariflorus_ssp_lutarioriparius_15wks,FALSE
3807,-1.4247507557950172,18.002833207690202,-1.2354041345704017,0.2929646408032286,0.6125947525533529,-5.319491636113068,miscanthus_floridulus_15wks vs miscanthus_sacchariflorus_ssp_lutarioriparius_15wks,FALSE
1010,1.2368764684740299,16.628608051333767,1.2331125838132841,0.29372053882853477,0.6127767364423808,-5.32184486523478,miscanthus_floridulus_15wks vs miscanthus_sacchariflorus_ssp_lutarioriparius_15wks,FALSE
2491,1.8684096069280507,17.18139757155375,1.2326614397255864,0.2938695803904778,0.6127767364423808,-5.322307971076714,miscanthus_floridulus_15wks vs miscanthus_sacchariflorus_ssp_lutarioriparius_15wks,FALSE
982,2.1082183322661905,17.09915522217276,1.231065679354959,0.29439735813452067,0.6127767364423808,-5.323945562106703,miscanthus_floridulus_15wks vs miscanthus_sacchariflorus_ssp_lutarioriparius_15wks,FALSE
2538,1.6011603325146062,16.940953845247186,1.230332953469426,0.294640009934576,0.6127767364423808,-5.324697244180477,miscanthus_floridulus_15wks vs miscanthus_sacchariflorus_ssp_lutarioriparius_15wks,FALSE
358,2.842820211892473,20.854752105124952,1.2290923401838036,0.29505130327519297,0.6127767364423808,-5.325969591492666,miscanthus_floridulus_15wks vs miscanthus_sacchariflorus_ssp_lutarioriparius_15wks,FALSE
442,2.4095965405203934,16.723502765698917,1.2282219410740995,0.2953401981103278,0.6127767364423808,-5.326861982729087,miscanthus_floridulus_15wks vs miscanthus_sacchariflorus_ssp_lutarioriparius_15wks,FALSE
1374,-1.7151302611160375,17.156644514207294,-1.2276168781002965,0.29554118861498463,0.6127767364423808,-5.3274822011457,miscanthus_floridulus_15wks vs miscanthus_sacchariflorus_ssp_lutarioriparius_15wks,FALSE
319,4.737778746160901,18.363003970634214,1.2249419883331878,0.29643134594633624,0.6134390381379535,-5.3302227837572485,miscanthus_floridulus_15wks vs miscanthus_sacchariflorus_ssp_lutarioriparius_15wks,FALSE
2830,2.1412069066064934,16.520718070904785,1.2245180251176278,0.2965726748513728,0.6134390381379535,-5.330656962762481,miscanthus_floridulus_15wks vs miscanthus_sacchariflorus_ssp_lutarioriparius_15wks,FALSE
1504,2.056002797796282,17.301137214487134,1.2218530358320232,0.2974625676388657,0.6139372002233743,-5.3333849308832,miscanthus_floridulus_15wks vs miscanthus_sacchariflorus_ssp_lutarioriparius_15wks,FALSE
1497,0.8079816171754715,22.006336314911863,1.221662912995451,0.29752615332937754,0.6139372002233743,-5.333579464915387,miscanthus_floridulus_15wks vs miscanthus_sacchariflorus_ssp_lutarioriparius_15wks,FALSE
484,2.473035711642826,17.687784139547936,1.2188599722793079,0.29846512997438446,0.6144079229626477,-5.336446168890994,miscanthus_floridulus_15wks vs miscanthus_sacchariflorus_ssp_lutarioriparius_15wks,FALSE
822,2.6868854479422097,17.846978256275477,1.2186604859494576,0.2985320677740563,0.6144079229626477,-5.336650102350182,miscanthus_floridulus_15wks vs miscanthus_sacchariflorus_ssp_lutarioriparius_15wks,FALSE
1251,2.1641905167828384,17.166081361734935,1.217790837338968,0.2988240507502605,0.6144079229626477,-5.33753899632944,miscanthus_floridulus_15wks vs miscanthus_sacchariflorus_ssp_lutarioriparius_15wks,FALSE
410,0.8093823145636669,21.205809224640507,1.2136983799685788,0.30020184066614797,0.6148066744520654,-5.341718912951607,miscanthus_floridulus_15wks vs miscanthus_sacchariflorus_ssp_lutarioriparius_15wks,FALSE
185,2.0853740824198397,19.38567878197287,1.2132587381585795,0.3003502218752151,0.6148066744520654,-5.3421676439968095,miscanthus_floridulus_15wks vs miscanthus_sacchariflorus_ssp_lutarioriparius_15wks,FALSE
1860,-2.4315925300139867,17.649625681429715,-1.2131012555761091,0.30040339042965264,0.6148066744520654,-5.342328367889646,miscanthus_floridulus_15wks vs miscanthus_sacchariflorus_ssp_lutarioriparius_15wks,FALSE
1901,2.6878006862239427,16.97609467491334,1.2129771957481832,0.3004452814211486,0.6148066744520654,-5.3424549757259445,miscanthus_floridulus_15wks vs miscanthus_sacchariflorus_ssp_lutarioriparius_15wks,FALSE
5499,3.85756303396834,17.697678269448254,1.2100246267048194,0.30144395404621016,0.6158272486304145,-5.345466779483994,miscanthus_floridulus_15wks vs miscanthus_sacchariflorus_ssp_lutarioriparius_15wks,FALSE
210,0.8486321462041246,22.65989596852639,1.2090939425838552,0.3017594185615472,0.6158272486304145,-5.346415573470131,miscanthus_floridulus_15wks vs miscanthus_sacchariflorus_ssp_lutarioriparius_15wks,FALSE
3004,-1.2126008872436245,18.044211839913622,-1.2073554525026815,0.30234955995676405,0.6158272486304145,-5.348187167689564,miscanthus_floridulus_15wks vs miscanthus_sacchariflorus_ssp_lutarioriparius_15wks,FALSE
1989,2.2628313856596307,17.5707083484714,1.2072844650957821,0.30237368098742345,0.6158272486304145,-5.348259486727679,miscanthus_floridulus_15wks vs miscanthus_sacchariflorus_ssp_lutarioriparius_15wks,FALSE
6163,2.67021021538935,19.995794957402648,1.2051639888143062,0.3030950699892591,0.6160493575218506,-5.350419010670155,miscanthus_floridulus_15wks vs miscanthus_sacchariflorus_ssp_lutarioriparius_15wks,FALSE
3891,1.064955006542327,20.379984551792905,1.204534970362327,0.3033093854077441,0.6160493575218506,-5.351059339995628,miscanthus_floridulus_15wks vs miscanthus_sacchariflorus_ssp_lutarioriparius_15wks,FALSE
4789,-0.713788880545156,19.457984051038128,-1.2038135326480577,0.30355537117588577,0.6160493575218506,-5.351793596638801,miscanthus_floridulus_15wks vs miscanthus_sacchariflorus_ssp_lutarioriparius_15wks,FALSE
3865,-0.9101196321212619,16.556287919176444,-1.2004038642680053,0.3047205840095111,0.6170981083087284,-5.355261617335842,miscanthus_floridulus_15wks vs miscanthus_sacchariflorus_ssp_lutarioriparius_15wks,FALSE
83,1.4422637885997815,20.848051612046156,1.1997060643085498,0.30495958482987384,0.6170981083087284,-5.3559709031281,miscanthus_floridulus_15wks vs miscanthus_sacchariflorus_ssp_lutarioriparius_15wks,FALSE
40,0.742089435788948,25.864760698609782,1.198423816950156,0.3053992380743503,0.6170981083087284,-5.357273850451756,miscanthus_floridulus_15wks vs miscanthus_sacchariflorus_ssp_lutarioriparius_15wks,FALSE
4578,1.2645434890984752,16.38239199878119,1.1981163552818561,0.30550475124047893,0.6170981083087284,-5.357586197335468,miscanthus_floridulus_15wks vs miscanthus_sacchariflorus_ssp_lutarioriparius_15wks,FALSE
4687,1.5484966448340387,17.985322055989066,1.1958578213839743,0.3062809108475929,0.6179382173518845,-5.359879685444147,miscanthus_floridulus_15wks vs miscanthus_sacchariflorus_ssp_lutarioriparius_15wks,FALSE
568,1.1653383632184617,16.4316126003992,1.1937751238796803,0.306998341223793,0.6179382173518845,-5.361993157206778,miscanthus_floridulus_15wks vs miscanthus_sacchariflorus_ssp_lutarioriparius_15wks,FALSE
5005,2.372160457184613,17.972757700167428,1.1928651197358864,0.307312324045109,0.6179382173518845,-5.362916166435636,miscanthus_floridulus_15wks vs miscanthus_sacchariflorus_ssp_lutarioriparius_15wks,FALSE
627,3.9137801569082225,17.689703563572838,1.192740852358274,0.3073552247652728,0.6179382173518845,-5.3630421888682855,miscanthus_floridulus_15wks vs miscanthus_sacchariflorus_ssp_lutarioriparius_15wks,FALSE
5746,0.922545900279502,17.342175703384477,1.1891826709544526,0.30858608135570026,0.619193705236931,-5.366648486508743,miscanthus_floridulus_15wks vs miscanthus_sacchariflorus_ssp_lutarioriparius_15wks,FALSE
1029,3.772898225644104,17.739726627360984,1.1888585810272017,0.3086984287861426,0.619193705236931,-5.366976753146169,miscanthus_floridulus_15wks vs miscanthus_sacchariflorus_ssp_lutarioriparius_15wks,FALSE
1320,-3.0654054467131395,20.04902991496853,-1.1865972843559958,0.3094834230675049,0.6197093446672752,-5.369266230871052,miscanthus_floridulus_15wks vs miscanthus_sacchariflorus_ssp_lutarioriparius_15wks,FALSE
1624,1.5017636893588442,16.71428592056872,1.186046727350477,0.3096748379329796,0.6197093446672752,-5.369823393868706,miscanthus_floridulus_15wks vs miscanthus_sacchariflorus_ssp_lutarioriparius_15wks,FALSE
472,3.5079606033849444,20.581476422640893,1.184341463534879,0.3102684433138725,0.61999041398062,-5.37154848211839,miscanthus_floridulus_15wks vs miscanthus_sacchariflorus_ssp_lutarioriparius_15wks,FALSE
2331,1.2198941373252534,15.769095105890571,1.18292025957846,0.310764008499683,0.61999041398062,-5.372985470653809,miscanthus_floridulus_15wks vs miscanthus_sacchariflorus_ssp_lutarioriparius_15wks,FALSE
146,3.0203418029010756,20.88885776782504,1.1825455734907246,0.31089478681326504,0.61999041398062,-5.373364206174549,miscanthus_floridulus_15wks vs miscanthus_sacchariflorus_ssp_lutarioriparius_15wks,FALSE
2041,1.8678444856551302,25.79027178265472,1.1798266107990152,0.3118453943631673,0.6203556855408425,-5.376111148770945,miscanthus_floridulus_15wks vs miscanthus_sacchariflorus_ssp_lutarioriparius_15wks,FALSE
1888,-1.2794331046695717,16.601884476310943,-1.1789985169338304,0.312135471614217,0.6203556855408425,-5.376947271934538,miscanthus_floridulus_15wks vs miscanthus_sacchariflorus_ssp_lutarioriparius_15wks,FALSE
640,0.9094113072238521,16.272361859594955,1.1789339947594462,0.31215808436675013,0.6203556855408425,-5.377012410041911,miscanthus_floridulus_15wks vs miscanthus_sacchariflorus_ssp_lutarioriparius_15wks,FALSE
4902,-2.1332819545457795,17.364981253557865,-1.1740387817646845,0.31387830628418406,0.6220434235408767,-5.381950252401709,miscanthus_floridulus_15wks vs miscanthus_sacchariflorus_ssp_lutarioriparius_15wks,FALSE
2142,1.2915761625635973,17.290637089345324,1.173472993746746,0.3140777182577004,0.6220434235408767,-5.382520443321517,miscanthus_floridulus_15wks vs miscanthus_sacchariflorus_ssp_lutarioriparius_15wks,FALSE
2561,-2.31791049925514,16.895903895861487,-1.1730899825561683,0.31421277991027047,0.6220434235408767,-5.382906373120297,miscanthus_floridulus_15wks vs miscanthus_sacchariflorus_ssp_lutarioriparius_15wks,FALSE
4568,-0.781810048034739,19.508548752467377,-1.1724135875543527,0.3144514346512499,0.6220434235408767,-5.383587800058146,miscanthus_floridulus_15wks vs miscanthus_sacchariflorus_ssp_lutarioriparius_15wks,FALSE
5498,0.9593533332452431,15.864660700364897,1.1692440580843118,0.3155720805389022,0.6234477039111997,-5.386778821121295,miscanthus_floridulus_15wks vs miscanthus_sacchariflorus_ssp_lutarioriparius_15wks,FALSE
657,1.1648008234911167,16.102680687992976,1.168360978615592,0.3158849944947634,0.6234477039111997,-5.387667273243361,miscanthus_floridulus_15wks vs miscanthus_sacchariflorus_ssp_lutarioriparius_15wks,FALSE
4114,0.8533154517574779,15.364172476914181,1.1652706381697846,0.31698239197386485,0.6239326311927627,-5.390774292278103,miscanthus_floridulus_15wks vs miscanthus_sacchariflorus_ssp_lutarioriparius_15wks,FALSE
863,0.820465410426845,25.130634005364037,1.1637917078893834,0.3175088655161438,0.6239326311927627,-5.392260030895202,miscanthus_floridulus_15wks vs miscanthus_sacchariflorus_ssp_lutarioriparius_15wks,FALSE
1224,-1.051862432803711,16.472901354954267,-1.163646757137695,0.31756051069742924,0.6239326311927627,-5.392405607908059,miscanthus_floridulus_15wks vs miscanthus_sacchariflorus_ssp_lutarioriparius_15wks,FALSE
1147,2.772755959838104,17.5153728243152,1.162513919093062,0.3179644131693387,0.6239326311927627,-5.393543087532021,miscanthus_floridulus_15wks vs miscanthus_sacchariflorus_ssp_lutarioriparius_15wks,FALSE
2282,2.0340210727707593,17.694981775686145,1.1622566531801215,0.31805620763071457,0.6239326311927627,-5.3938013449936815,miscanthus_floridulus_15wks vs miscanthus_sacchariflorus_ssp_lutarioriparius_15wks,FALSE
16,0.6891905086438115,25.96502317678311,1.1604515053982798,0.3187010148533673,0.6239326311927627,-5.395612797357415,miscanthus_floridulus_15wks vs miscanthus_sacchariflorus_ssp_lutarioriparius_15wks,FALSE
326,-2.6981468896263223,16.910036027972474,-1.1580180908483653,0.3195722291862144,0.6239326311927627,-5.398052895834609,miscanthus_floridulus_15wks vs miscanthus_sacchariflorus_ssp_lutarioriparius_15wks,FALSE
2080,1.7443104785218466,28.946322868117903,1.1578214589687956,0.31964272733900445,0.6239326311927627,-5.398249976490394,miscanthus_floridulus_15wks vs miscanthus_sacchariflorus_ssp_lutarioriparius_15wks,FALSE
933,0.8087382808653096,16.556773140685053,1.1578172999476335,0.31964421862820996,0.6239326311927627,-5.3982541448559935,miscanthus_floridulus_15wks vs miscanthus_sacchariflorus_ssp_lutarioriparius_15wks,FALSE
3030,-0.6935981335753532,19.978420251710304,-1.157137869555512,0.31988792983725184,0.6239326311927627,-5.3989350195445,miscanthus_floridulus_15wks vs miscanthus_sacchariflorus_ssp_lutarioriparius_15wks,FALSE
5432,4.410840752977489,18.700790145205865,1.156508024872008,0.32011401391433675,0.6239326311927627,-5.3995660569497606,miscanthus_floridulus_15wks vs miscanthus_sacchariflorus_ssp_lutarioriparius_15wks,FALSE
2343,-2.0176794944399,16.86814532188336,-1.155112667698454,0.3206154262932733,0.6242038186478077,-5.400963554523951,miscanthus_floridulus_15wks vs miscanthus_sacchariflorus_ssp_lutarioriparius_15wks,FALSE
1455,-2.9087304140491135,17.645987366347494,-1.1520726808714372,0.32171043357658663,0.6252521031398027,-5.404005799979366,miscanthus_floridulus_15wks vs miscanthus_sacchariflorus_ssp_lutarioriparius_15wks,FALSE
5364,-0.8081547447269131,16.916972146992407,-1.1513476962579012,0.321972102596711,0.6252521031398027,-5.404730834500163,miscanthus_floridulus_15wks vs miscanthus_sacchariflorus_ssp_lutarioriparius_15wks,FALSE
189,1.4811464302078896,28.608851884790887,1.1492606262343237,0.32272652780268424,0.6252521031398027,-5.406816992532172,miscanthus_floridulus_15wks vs miscanthus_sacchariflorus_ssp_lutarioriparius_15wks,FALSE
3290,1.3448404761346318,16.931031211812325,1.1491314617587005,0.322773273176145,0.6252521031398027,-5.406946048958565,miscanthus_floridulus_15wks vs miscanthus_sacchariflorus_ssp_lutarioriparius_15wks,FALSE
2952,1.6255802781526576,20.030306928072246,1.1485927810194332,0.3229682947152782,0.6252521031398027,-5.407484214081194,miscanthus_floridulus_15wks vs miscanthus_sacchariflorus_ssp_lutarioriparius_15wks,FALSE
411,3.1955861884977423,18.063387895565672,1.145506976376397,0.3240876389751327,0.6266116553082581,-5.410565038454843,miscanthus_floridulus_15wks vs miscanthus_sacchariflorus_ssp_lutarioriparius_15wks,FALSE
256,1.8589836854801227,20.540301353653415,1.1439227504079692,0.3246637402692286,0.6266116553082581,-5.412145361621189,miscanthus_floridulus_15wks vs miscanthus_sacchariflorus_ssp_lutarioriparius_15wks,FALSE
3769,2.1525123598594895,16.898696956083857,1.143653957521661,0.3247615833954002,0.6266116553082581,-5.412413401365559,miscanthus_floridulus_15wks vs miscanthus_sacchariflorus_ssp_lutarioriparius_15wks,FALSE
1429,2.925589568543362,20.129547968193176,1.1416020624911227,0.32550942068640143,0.6273520490410175,-5.414458674875979,miscanthus_floridulus_15wks vs miscanthus_sacchariflorus_ssp_lutarioriparius_15wks,FALSE
1686,1.7841694381924,17.050167008195956,1.1397566394163792,0.32618341023969344,0.6275252599296782,-5.416296821087685,miscanthus_floridulus_15wks vs miscanthus_sacchariflorus_ssp_lutarioriparius_15wks,FALSE
2094,0.6745348247298324,21.6861667011514,1.1386618863024751,0.3265838671945052,0.6275252599296782,-5.417386663631323,miscanthus_floridulus_15wks vs miscanthus_sacchariflorus_ssp_lutarioriparius_15wks,FALSE
2624,0.8576084465227733,16.05198617795164,1.1383667468474383,0.3266919083905522,0.6275252599296782,-5.41768040336682,miscanthus_floridulus_15wks vs miscanthus_sacchariflorus_ssp_lutarioriparius_15wks,FALSE
3056,-2.2041584991483276,17.553522643455313,-1.1316948558407698,0.32914337907650437,0.6315301137514666,-5.424312003720842,miscanthus_floridulus_15wks vs miscanthus_sacchariflorus_ssp_lutarioriparius_15wks,FALSE
3778,-0.9488002986264163,19.566275665626346,-1.130244364741442,0.32967864834515037,0.6315636275086074,-5.42575152936659,miscanthus_floridulus_15wks vs miscanthus_sacchariflorus_ssp_lutarioriparius_15wks,FALSE
5653,2.075046528105265,17.123096795941613,1.1293552690264537,0.3300071569014282,0.6315636275086074,-5.426633511502104,miscanthus_floridulus_15wks vs miscanthus_sacchariflorus_ssp_lutarioriparius_15wks,FALSE
1495,-1.954800761675413,16.815934567594834,-1.1273073062369567,0.33076503435825466,0.6315636275086074,-5.428663950922609,miscanthus_floridulus_15wks vs miscanthus_sacchariflorus_ssp_lutarioriparius_15wks,FALSE
5002,3.430696941594821,18.586018164292305,1.1273028173639177,0.3307666973429325,0.6315636275086074,-5.428668399640035,miscanthus_floridulus_15wks vs miscanthus_sacchariflorus_ssp_lutarioriparius_15wks,FALSE
169,1.0900954850155529,21.118038559721004,1.124523974393104,0.3317976947310237,0.6315636275086074,-5.431420912608042,miscanthus_floridulus_15wks vs miscanthus_sacchariflorus_ssp_lutarioriparius_15wks,FALSE
719,1.65520716195687,17.36921791805968,1.1233692445304924,0.3322270149224528,0.6315636275086074,-5.432563834420019,miscanthus_floridulus_15wks vs miscanthus_sacchariflorus_ssp_lutarioriparius_15wks,FALSE
3644,1.2297172648352728,18.09351205690258,1.1213564872782977,0.3329766027349289,0.6315636275086074,-5.434554787558877,miscanthus_floridulus_15wks vs miscanthus_sacchariflorus_ssp_lutarioriparius_15wks,FALSE
413,1.2952307464089934,24.183422111529325,1.1195140766925087,0.3336641547557114,0.6315636275086074,-5.436375872826325,miscanthus_floridulus_15wks vs miscanthus_sacchariflorus_ssp_lutarioriparius_15wks,FALSE
1801,-2.0689342735991865,16.975399800248585,-1.1192832137480906,0.3337504030689149,0.6315636275086074,-5.4366039712353835,miscanthus_floridulus_15wks vs miscanthus_sacchariflorus_ssp_lutarioriparius_15wks,FALSE
5305,-1.200144420379937,15.984721273639652,-1.1155554701874761,0.33514597840757643,0.6315636275086074,-5.440284215767124,miscanthus_floridulus_15wks vs miscanthus_sacchariflorus_ssp_lutarioriparius_15wks,FALSE
5485,2.227306109450094,16.83577218861197,1.1152792269366292,0.3352496164346156,0.6315636275086074,-5.440556724069266,miscanthus_floridulus_15wks vs miscanthus_sacchariflorus_ssp_lutarioriparius_15wks,FALSE
755,0.9504239496858986,16.452289691252158,1.1151968415282396,0.33528053078720416,0.6315636275086074,-5.440637989823399,miscanthus_floridulus_15wks vs miscanthus_sacchariflorus_ssp_lutarioriparius_15wks,FALSE
438,1.144535223609882,18.126638201559828,1.1148466427210642,0.33541196968289,0.6315636275086074,-5.440983399715387,miscanthus_floridulus_15wks vs miscanthus_sacchariflorus_ssp_lutarioriparius_15wks,FALSE
3991,-0.9679667653751878,25.06269785857147,-1.1134692717288115,0.33592940609683025,0.6315636275086074,-5.44234147047339,miscanthus_floridulus_15wks vs miscanthus_sacchariflorus_ssp_lutarioriparius_15wks,FALSE
111,0.6580311143139568,26.465531914478877,1.1109924166285565,0.3368617828407772,0.6315636275086074,-5.4447817480517084,miscanthus_floridulus_15wks vs miscanthus_sacchariflorus_ssp_lutarioriparius_15wks,FALSE
2095,3.1941458225640247,17.739784386203816,1.1106770666089685,0.33698066703156043,0.6315636275086074,-5.445092267972601,miscanthus_floridulus_15wks vs miscanthus_sacchariflorus_ssp_lutarioriparius_15wks,FALSE
5683,-1.0376553636303765,16.447875092216176,-1.1100031976558058,0.33723484243000823,0.6315636275086074,-5.445755684149746,miscanthus_floridulus_15wks vs miscanthus_sacchariflorus_ssp_lutarioriparius_15wks,FALSE
2021,-2.286951743041195,16.725553586028088,-1.1082261004522969,0.3379060101366167,0.6315636275086074,-5.44750435559946,miscanthus_floridulus_15wks vs miscanthus_sacchariflorus_ssp_lutarioriparius_15wks,FALSE
3472,-1.5749492500716649,16.999245546809707,-1.106517719606137,0.3385524124930927,0.6315636275086074,-5.4491842303516185,miscanthus_floridulus_15wks vs miscanthus_sacchariflorus_ssp_lutarioriparius_15wks,FALSE
55,3.4777334880597834,17.873493508234414,1.1054666973535237,0.3389506679702682,0.6315636275086074,-5.450217138826227,miscanthus_floridulus_15wks vs miscanthus_sacchariflorus_ssp_lutarioriparius_15wks,FALSE
5640,1.6286568221296207,15.941857278214567,1.1053533107110038,0.33899365902986844,0.6315636275086074,-5.450328545019166,miscanthus_floridulus_15wks vs miscanthus_sacchariflorus_ssp_lutarioriparius_15wks,FALSE
1610,0.817414516128931,16.16869006913164,1.1044748737705177,0.3393268964258133,0.6315636275086074,-5.451191465106548,miscanthus_floridulus_15wks vs miscanthus_sacchariflorus_ssp_lutarioriparius_15wks,FALSE
2127,1.8150074897542652,16.418346314916604,1.104250104939519,0.3394122126288951,0.6315636275086074,-5.451412214082649,miscanthus_floridulus_15wks vs miscanthus_sacchariflorus_ssp_lutarioriparius_15wks,FALSE
2838,0.7810301399246384,20.992676600196464,1.1039189656834647,0.3395379409780434,0.6315636275086074,-5.451737394326013,miscanthus_floridulus_15wks vs miscanthus_sacchariflorus_ssp_lutarioriparius_15wks,FALSE
367,2.0946992369012314,17.17543972615492,1.1032692975282778,0.3397847371143794,0.6315636275086074,-5.452375243936634,miscanthus_floridulus_15wks vs miscanthus_sacchariflorus_ssp_lutarioriparius_15wks,FALSE
247,1.1747404700629218,23.19344778237807,1.1027872479751168,0.33996796734526696,0.6315636275086074,-5.452848414974181,miscanthus_floridulus_15wks vs miscanthus_sacchariflorus_ssp_lutarioriparius_15wks,FALSE
2069,2.545006293724157,20.1926373657841,1.1026243451761022,0.34002990879591355,0.6315636275086074,-5.453008296330095,miscanthus_floridulus_15wks vs miscanthus_sacchariflorus_ssp_lutarioriparius_15wks,FALSE
4358,0.6998602809941872,17.325523365398784,1.1020963159691175,0.3402307573187139,0.6315636275086074,-5.453526458724395,miscanthus_floridulus_15wks vs miscanthus_sacchariflorus_ssp_lutarioriparius_15wks,FALSE
5551,2.234003829868401,15.947419639995207,1.1019641787756995,0.3402810363136456,0.6315636275086074,-5.453656109279508,miscanthus_floridulus_15wks vs miscanthus_sacchariflorus_ssp_lutarioriparius_15wks,FALSE
1598,2.287279226489698,20.335026227129543,1.1017671770601574,0.3403560096265659,0.6315636275086074,-5.453849390674656,miscanthus_floridulus_15wks vs miscanthus_sacchariflorus_ssp_lutarioriparius_15wks,FALSE
5352,-0.7614707538422856,16.587661724030735,-1.1013262785002675,0.340523859521472,0.6315636275086074,-5.454281906478272,miscanthus_floridulus_15wks vs miscanthus_sacchariflorus_ssp_lutarioriparius_15wks,FALSE
1225,-1.865901428384582,19.295992436535045,-1.1000555435232215,0.34100806336604356,0.6317816055695624,-5.455528043452313,miscanthus_floridulus_15wks vs miscanthus_sacchariflorus_ssp_lutarioriparius_15wks,FALSE
1117,-1.6435653717559386,16.00499416060407,-1.0975056212255605,0.3419816444759615,0.6329048049753832,-5.458026639735235,miscanthus_floridulus_15wks vs miscanthus_sacchariflorus_ssp_lutarioriparius_15wks,FALSE
4359,-1.0109355716021575,16.773820292692125,-1.0952632203301704,0.3428399679921871,0.633812515934054,-5.460221726024559,miscanthus_floridulus_15wks vs miscanthus_sacchariflorus_ssp_lutarioriparius_15wks,FALSE
2166,0.6467368267257356,22.107571869433947,1.0932566780015054,0.3436097252388195,0.6345547230294598,-5.462184193543063,miscanthus_floridulus_15wks vs miscanthus_sacchariflorus_ssp_lutarioriparius_15wks,FALSE
5963,1.0986038898351644,16.85350174304853,1.0899821456565026,0.3448693939051469,0.635977264285357,-5.465383257086532,miscanthus_floridulus_15wks vs miscanthus_sacchariflorus_ssp_lutarioriparius_15wks,FALSE
4002,-1.5748398474564809,17.128927031352013,-1.0884949696652648,0.34544291768375496,0.635977264285357,-5.466834700411236,miscanthus_floridulus_15wks vs miscanthus_sacchariflorus_ssp_lutarioriparius_15wks,FALSE
1196,1.961108874294215,17.134563199470865,1.0883798278823862,0.3454873588921034,0.635977264285357,-5.466947037557997,miscanthus_floridulus_15wks vs miscanthus_sacchariflorus_ssp_lutarioriparius_15wks,FALSE
1203,0.6452374949219823,20.758750749707986,1.087374174892426,0.34587573768881635,0.6360126958781543,-5.467927961533079,miscanthus_floridulus_15wks vs miscanthus_sacchariflorus_ssp_lutarioriparius_15wks,FALSE
4887,-1.154565394717043,17.349588082690435,-1.0851495628337875,0.34673632445629154,0.6368180089095871,-5.470096379989961,miscanthus_floridulus_15wks vs miscanthus_sacchariflorus_ssp_lutarioriparius_15wks,FALSE
3832,0.6410649396221153,21.849991403352615,1.0838528864883656,0.34723886408960675,0.6368180089095871,-5.471359352339053,miscanthus_floridulus_15wks vs miscanthus_sacchariflorus_ssp_lutarioriparius_15wks,FALSE
2409,1.625075856832444,16.682693909215587,1.0830732835686938,0.34754133431681583,0.6368180089095871,-5.472118353537001,miscanthus_floridulus_15wks vs miscanthus_sacchariflorus_ssp_lutarioriparius_15wks,FALSE
4071,1.0652193865018713,16.01732383124162,1.0801968436707003,0.3486594646462007,0.6368180089095871,-5.474916578467871,miscanthus_floridulus_15wks vs miscanthus_sacchariflorus_ssp_lutarioriparius_15wks,FALSE
898,1.6713794850106751,16.680077698538305,1.0797412226752583,0.34883688141202535,0.6368180089095871,-5.4753594915424575,miscanthus_floridulus_15wks vs miscanthus_sacchariflorus_ssp_lutarioriparius_15wks,FALSE
1719,0.64014137560752,17.254741940378196,1.0787481818765328,0.34922385882283363,0.6368180089095871,-5.476324531945968,miscanthus_floridulus_15wks vs miscanthus_sacchariflorus_ssp_lutarioriparius_15wks,FALSE
78,-3.570850428875765,22.41312519156284,-1.0753670591515727,0.35054444889157543,0.6368180089095871,-5.479607192128251,miscanthus_floridulus_15wks vs miscanthus_sacchariflorus_ssp_lutarioriparius_15wks,FALSE
1836,1.671012859471059,17.5037122432293,1.0742846559066928,0.35096819300429083,0.6368180089095871,-5.480657049253122,miscanthus_floridulus_15wks vs miscanthus_sacchariflorus_ssp_lutarioriparius_15wks,FALSE
246,3.3082483406078325,18.868286119628767,1.0717568470196288,0.3519596481994558,0.6368180089095871,-5.48310690508486,miscanthus_floridulus_15wks vs miscanthus_sacchariflorus_ssp_lutarioriparius_15wks,FALSE
5060,0.8884807795294645,16.33819625170827,1.0708201956800953,0.3523276817766154,0.6368180089095871,-5.4840139776720935,miscanthus_floridulus_15wks vs miscanthus_sacchariflorus_ssp_lutarioriparius_15wks,FALSE
2362,2.1080918987483823,16.158013780062273,1.0703272405633788,0.3525215197318015,0.6368180089095871,-5.484491214473335,miscanthus_floridulus_15wks vs miscanthus_sacchariflorus_ssp_lutarioriparius_15wks,FALSE
1841,1.9621084976154073,17.262132782253538,1.070152704868932,0.35259017375398877,0.6368180089095871,-5.484660159924446,miscanthus_floridulus_15wks vs miscanthus_sacchariflorus_ssp_lutarioriparius_15wks,FALSE
5697,-2.9512807655366,17.183149459201406,-1.068419550816111,0.3532725883717217,0.6368180089095871,-5.486337091242866,miscanthus_floridulus_15wks vs miscanthus_sacchariflorus_ssp_lutarioriparius_15wks,FALSE
15,3.938937284109631,18.878468040933882,1.0675504052887788,0.3536152686085025,0.6368180089095871,-5.487177554665828,miscanthus_floridulus_15wks vs miscanthus_sacchariflorus_ssp_lutarioriparius_15wks,FALSE
4483,2.0088393576947112,17.074746188764507,1.0674391852592213,0.35365914187919295,0.6368180089095871,-5.487285080854236,miscanthus_floridulus_15wks vs miscanthus_sacchariflorus_ssp_lutarioriparius_15wks,FALSE
3942,2.2550050966792057,17.57666909059916,1.067153131956901,0.3537720053215248,0.6368180089095871,-5.487561609193119,miscanthus_floridulus_15wks vs miscanthus_sacchariflorus_ssp_lutarioriparius_15wks,FALSE
1532,-0.7954076544556852,16.207360816655108,-1.066845774949938,0.35389331147928266,0.6368180089095871,-5.487858692436513,miscanthus_floridulus_15wks vs miscanthus_sacchariflorus_ssp_lutarioriparius_15wks,FALSE
4706,0.8036323685143927,17.111675184012636,1.0664630916527438,0.3540444009980818,0.6368180089095871,-5.488228526972272,miscanthus_floridulus_15wks vs miscanthus_sacchariflorus_ssp_lutarioriparius_15wks,FALSE
2266,-1.2549859864543507,19.612355255953062,-1.0644734590735112,0.3548309047311676,0.6368180089095871,-5.490150333714239,miscanthus_floridulus_15wks vs miscanthus_sacchariflorus_ssp_lutarioriparius_15wks,FALSE
1920,0.6659016178267478,23.07960726921369,1.064339063081423,0.3548840899769688,0.6368180089095871,-5.490280086217984,miscanthus_floridulus_15wks vs miscanthus_sacchariflorus_ssp_lutarioriparius_15wks,FALSE
795,1.3104080853423241,16.291117243245434,1.0634177780076937,0.3552488740588198,0.6368180089095871,-5.4911693285524565,miscanthus_floridulus_15wks vs miscanthus_sacchariflorus_ssp_lutarioriparius_15wks,FALSE
3023,0.9342152773740295,16.694497801514636,1.0630796564283618,0.35538284091350764,0.6368180089095871,-5.491495597361891,miscanthus_floridulus_15wks vs miscanthus_sacchariflorus_ssp_lutarioriparius_15wks,FALSE
5210,0.8492355969625116,17.045048831108744,1.0627137602676275,0.35552786504830397,0.6368180089095871,-5.491848610959127,miscanthus_floridulus_15wks vs miscanthus_sacchariflorus_ssp_lutarioriparius_15wks,FALSE
2006,1.449593607983088,16.506434335689157,1.0608651072290263,0.35626142323756926,0.6368180089095871,-5.493631282021754,miscanthus_floridulus_15wks vs miscanthus_sacchariflorus_ssp_lutarioriparius_15wks,FALSE
3289,0.7040886777220319,16.11208685379465,1.0606936786312984,0.3563295182410898,0.6368180089095871,-5.493796516246356,miscanthus_floridulus_15wks vs miscanthus_sacchariflorus_ssp_lutarioriparius_15wks,FALSE
1457,0.8745907989721537,16.499554267616162,1.0591050212938893,0.3569611393205345,0.6368180089095871,-5.495327156089527,miscanthus_floridulus_15wks vs miscanthus_sacchariflorus_ssp_lutarioriparius_15wks,FALSE
2018,1.7677672572181908,15.959009137632636,1.0588895392470696,0.3570468907816686,0.6368180089095871,-5.495534683397866,miscanthus_floridulus_15wks vs miscanthus_sacchariflorus_ssp_lutarioriparius_15wks,FALSE
4284,0.7783814741488406,18.14739879744128,1.0587661033039681,0.357096020917488,0.6368180089095871,-5.495653553378931,miscanthus_floridulus_15wks vs miscanthus_sacchariflorus_ssp_lutarioriparius_15wks,FALSE
967,1.3769706725304722,17.22554838617297,1.058484207990354,0.35720824470795476,0.6368180089095871,-5.49592499609787,miscanthus_floridulus_15wks vs miscanthus_sacchariflorus_ssp_lutarioriparius_15wks,FALSE
3440,1.6769299651270728,17.402978143908662,1.0579986260389473,0.3574016335551774,0.6368180089095871,-5.496392490783975,miscanthus_floridulus_15wks vs miscanthus_sacchariflorus_ssp_lutarioriparius_15wks,FALSE
4939,2.2680631509259026,16.88678940651339,1.0549982492481098,0.3585987178846043,0.6370686638291975,-5.499278799509794,miscanthus_floridulus_15wks vs miscanthus_sacchariflorus_ssp_lutarioriparius_15wks,FALSE
195,3.785266491059023,17.947656244453967,1.0537601063565243,0.35909378844278805,0.6370686638291975,-5.5004687089712805,miscanthus_floridulus_15wks vs miscanthus_sacchariflorus_ssp_lutarioriparius_15wks,FALSE
3605,2.8071542142111845,16.86325255048044,1.0490609102078268,0.36097850328306536,0.6370686638291975,-5.504978627582186,miscanthus_floridulus_15wks vs miscanthus_sacchariflorus_ssp_lutarioriparius_15wks,FALSE
877,1.4487052997373784,16.720648397002147,1.0481499099280918,0.36134493334336976,0.6370686638291975,-5.505851790321059,miscanthus_floridulus_15wks vs miscanthus_sacchariflorus_ssp_lutarioriparius_15wks,FALSE
5406,-1.1641962285538163,17.047523149833104,-1.04667373795593,0.3619394187665321,0.6370686638291975,-5.50726585859777,miscanthus_floridulus_15wks vs miscanthus_sacchariflorus_ssp_lutarioriparius_15wks,FALSE
2347,1.9102865234106226,18.989624774984797,1.046530614525785,0.361997105431292,0.6370686638291975,-5.5074029085192935,miscanthus_floridulus_15wks vs miscanthus_sacchariflorus_ssp_lutarioriparius_15wks,FALSE
705,2.2026482303823585,18.253510753684537,1.0447411654609706,0.3627190669860404,0.6370686638291975,-5.50911564086561,miscanthus_floridulus_15wks vs miscanthus_sacchariflorus_ssp_lutarioriparius_15wks,FALSE
414,2.012197309834317,17.01215010443001,1.0446548822489656,0.36275391180098004,0.6370686638291975,-5.5091981883876064,miscanthus_floridulus_15wks vs miscanthus_sacchariflorus_ssp_lutarioriparius_15wks,FALSE
6064,0.9566445555568279,18.191801541529323,1.0441625259851588,0.3629528050199541,0.6370686638291975,-5.509669163255707,miscanthus_floridulus_15wks vs miscanthus_sacchariflorus_ssp_lutarioriparius_15wks,FALSE
4608,-0.6275305489225858,21.450783535174025,-1.044018517767863,0.3630109978183383,0.6370686638291975,-5.509806896917915,miscanthus_floridulus_15wks vs miscanthus_sacchariflorus_ssp_lutarioriparius_15wks,FALSE
1732,-1.5310835289667217,18.277303302861892,-1.043523727872343,0.3632110046227885,0.6370686638291975,-5.510280056770942,miscanthus_floridulus_15wks vs miscanthus_sacchariflorus_ssp_lutarioriparius_15wks,FALSE
2169,-1.1220705727577638,16.99695306140087,-1.0418404321448211,0.36389219471662576,0.6370686638291975,-5.5118889338456505,miscanthus_floridulus_15wks vs miscanthus_sacchariflorus_ssp_lutarioriparius_15wks,FALSE
3666,1.2549131217619802,16.909442748527482,1.0416458078445991,0.36397103024155514,0.6370686638291975,-5.512074870682324,miscanthus_floridulus_15wks vs miscanthus_sacchariflorus_ssp_lutarioriparius_15wks,FALSE
1529,-1.3170836337202587,18.24294320076548,-1.0413699453666452,0.36408279940014493,0.6370686638291975,-5.512338389906059,miscanthus_floridulus_15wks vs miscanthus_sacchariflorus_ssp_lutarioriparius_15wks,FALSE
2571,0.8683488371807488,16.385980960440975,1.0407697205886361,0.36432609694698054,0.6370686638291975,-5.512911638262194,miscanthus_floridulus_15wks vs miscanthus_sacchariflorus_ssp_lutarioriparius_15wks,FALSE
3907,0.7470554604078732,16.324706937324915,1.0406618210935272,0.36436984919430687,0.6370686638291975,-5.513014670914646,miscanthus_floridulus_15wks vs miscanthus_sacchariflorus_ssp_lutarioriparius_15wks,FALSE
5708,1.2468660902602977,17.002508062405354,1.0404535006248106,0.3644543348663788,0.6370686638291975,-5.513213579989194,miscanthus_floridulus_15wks vs miscanthus_sacchariflorus_ssp_lutarioriparius_15wks,FALSE
4986,1.5898143180097932,17.77034310126202,1.0403751708802835,0.3644861066377511,0.6370686638291975,-5.513288365868846,miscanthus_floridulus_15wks vs miscanthus_sacchariflorus_ssp_lutarioriparius_15wks,FALSE
1899,2.1209649897832357,17.92396954071947,1.0401746762558717,0.3645674419823498,0.6370686638291975,-5.513479776772568,miscanthus_floridulus_15wks vs miscanthus_sacchariflorus_ssp_lutarioriparius_15wks,FALSE
1150,3.2123764109807063,18.48331925469302,1.0340715840311254,0.36705128521643976,0.6390375714596616,-5.519297538870924,miscanthus_floridulus_15wks vs miscanthus_sacchariflorus_ssp_lutarioriparius_15wks,FALSE
4064,1.4720582839689769,19.586726629483486,1.0333493533292053,0.3673462432898925,0.6390375714596616,-5.519984868633593,miscanthus_floridulus_15wks vs miscanthus_sacchariflorus_ssp_lutarioriparius_15wks,FALSE
4316,1.613313913346893,19.450019053840442,1.0330330052114758,0.36747550776783566,0.6390375714596616,-5.520285853572347,miscanthus_floridulus_15wks vs miscanthus_sacchariflorus_ssp_lutarioriparius_15wks,FALSE
278,3.2435272425465413,21.49245264619049,1.032999026048622,0.3674893946276249,0.6390375714596616,-5.520318179809181,miscanthus_floridulus_15wks vs miscanthus_sacchariflorus_ssp_lutarioriparius_15wks,FALSE
5820,1.115101678663386,16.68377390967705,1.0313004636492236,0.36818418814631426,0.6390375714596616,-5.521933432738129,miscanthus_floridulus_15wks vs miscanthus_sacchariflorus_ssp_lutarioriparius_15wks,FALSE
161,-1.7234784556704241,20.232658179659158,-1.0309121509094303,0.36834319534564824,0.6390375714596616,-5.522302511706031,miscanthus_floridulus_15wks vs miscanthus_sacchariflorus_ssp_lutarioriparius_15wks,FALSE
5131,0.8670374562489549,17.535131809867185,1.0308239891646878,0.36837930476680714,0.6390375714596616,-5.522386296885236,miscanthus_floridulus_15wks vs miscanthus_sacchariflorus_ssp_lutarioriparius_15wks,FALSE
754,-2.0479140342479063,17.11189784657766,-1.0301358694339864,0.3686612571276283,0.6390375714596616,-5.523040132346518,miscanthus_floridulus_15wks vs miscanthus_sacchariflorus_ssp_lutarioriparius_15wks,FALSE
2936,1.99774758016531,16.95161985538925,1.0282931812109861,0.36941725759966915,0.6397044571298793,-5.524789924923401,miscanthus_floridulus_15wks vs miscanthus_sacchariflorus_ssp_lutarioriparius_15wks,FALSE
4421,1.652802362652995,19.206655052704377,1.026150792493735,0.3702979963439569,0.6405857908640941,-5.526822312741304,miscanthus_floridulus_15wks vs miscanthus_sacchariflorus_ssp_lutarioriparius_15wks,FALSE
1137,2.695899281225035,17.330403150261596,1.0242822156977383,0.3710677347671852,0.640741840561298,-5.528593188222002,miscanthus_floridulus_15wks vs miscanthus_sacchariflorus_ssp_lutarioriparius_15wks,FALSE
2291,0.9441611042421343,16.810591958669672,1.0233559533269163,0.3714498384394978,0.640741840561298,-5.529470409963389,miscanthus_floridulus_15wks vs miscanthus_sacchariflorus_ssp_lutarioriparius_15wks,FALSE
2507,-0.7069460644332963,18.790424066963883,-1.023225142261143,0.37150382978568586,0.640741840561298,-5.529594262659414,miscanthus_floridulus_15wks vs miscanthus_sacchariflorus_ssp_lutarioriparius_15wks,FALSE
384,-2.802607228131734,17.530462574047533,-1.0196946931671436,0.3729637007769357,0.6413318829462562,-5.532933854088559,miscanthus_floridulus_15wks vs miscanthus_sacchariflorus_ssp_lutarioriparius_15wks,FALSE
5091,-1.0536425110834031,18.75196636279806,-1.0193708933637697,0.3730978559165896,0.6413318829462562,-5.533239853036813,miscanthus_floridulus_15wks vs miscanthus_sacchariflorus_ssp_lutarioriparius_15wks,FALSE
72,4.653442554691075,18.53537324977217,1.018352590052031,0.37352004052455823,0.6413318829462562,-5.534201849979107,miscanthus_floridulus_15wks vs miscanthus_sacchariflorus_ssp_lutarioriparius_15wks,FALSE
5787,1.015413353566693,17.7428003708652,1.0177849478549525,0.3737555713598709,0.6413318829462562,-5.534737890273802,miscanthus_floridulus_15wks vs miscanthus_sacchariflorus_ssp_lutarioriparius_15wks,FALSE
2615,2.4012156870296906,16.301775714127718,1.0166845993514768,0.37421252176697906,0.6413318829462562,-5.535776541815271,miscanthus_floridulus_15wks vs miscanthus_sacchariflorus_ssp_lutarioriparius_15wks,FALSE
3400,1.4159000985422843,17.031497700776278,1.0161130954513138,0.3744500550049958,0.6413318829462562,-5.53631577286636,miscanthus_floridulus_15wks vs miscanthus_sacchariflorus_ssp_lutarioriparius_15wks,FALSE
6135,1.1352804875368214,16.574145818436804,1.01610970392506,0.3744514650284003,0.6413318829462562,-5.536318972406387,miscanthus_floridulus_15wks vs miscanthus_sacchariflorus_ssp_lutarioriparius_15wks,FALSE
318,2.797110856725091,18.11318857665967,1.0149810845268978,0.37492095531173564,0.6414983177776767,-5.537383397268478,miscanthus_floridulus_15wks vs miscanthus_sacchariflorus_ssp_lutarioriparius_15wks,FALSE
2897,-3.188061181645903,17.887181392168337,-1.0138714377612021,0.37538307437431706,0.641651822566417,-5.538429332761881,miscanthus_floridulus_15wks vs miscanthus_sacchariflorus_ssp_lutarioriparius_15wks,FALSE
1805,0.6457978660764461,23.74836255912,1.0124681260566064,0.37596823232206017,0.6420151281376706,-5.5397512241471105,miscanthus_floridulus_15wks vs miscanthus_sacchariflorus_ssp_lutarioriparius_15wks,FALSE
3185,0.9444948367577464,16.45788492692206,1.0063863569634337,0.3785138000960822,0.6448530194488892,-5.545469120731331,miscanthus_floridulus_15wks vs miscanthus_sacchariflorus_ssp_lutarioriparius_15wks,FALSE
1345,-1.288653753040375,17.734871953737926,-1.0057625645834294,0.3787757732732586,0.6448530194488892,-5.546054574911527,miscanthus_floridulus_15wks vs miscanthus_sacchariflorus_ssp_lutarioriparius_15wks,FALSE
810,-0.6237906962700563,15.89967079790491,-1.0054088051995684,0.3789244139542486,0.6448530194488892,-5.546386507858123,miscanthus_floridulus_15wks vs miscanthus_sacchariflorus_ssp_lutarioriparius_15wks,FALSE
1650,-1.1697969708614142,15.661721387077398,-1.0049264627086698,0.3791271669772053,0.6448530194488892,-5.546838991968849,miscanthus_floridulus_15wks vs miscanthus_sacchariflorus_ssp_lutarioriparius_15wks,FALSE
5202,-1.5193233273815778,17.27082253124815,-1.0007729035134632,0.38087717995546944,0.6452718014692868,-5.550730713535084,miscanthus_floridulus_15wks vs miscanthus_sacchariflorus_ssp_lutarioriparius_15wks,FALSE
97,2.2353665045581295,17.51329985823093,0.9995048613580522,0.38141289358084673,0.6452718014692868,-5.551917127512404,miscanthus_floridulus_15wks vs miscanthus_sacchariflorus_ssp_lutarioriparius_15wks,FALSE
3957,-0.6075124687464175,20.82142665285985,-0.998269114586681,0.3819356170842551,0.6452718014692868,-5.553072560540819,miscanthus_floridulus_15wks vs miscanthus_sacchariflorus_ssp_lutarioriparius_15wks,FALSE
4196,-0.985350359751541,15.841310799949511,-0.996123819240749,0.38284461532140696,0.6452718014692868,-5.555076631183594,miscanthus_floridulus_15wks vs miscanthus_sacchariflorus_ssp_lutarioriparius_15wks,FALSE
5969,1.6571786121002425,16.833908603391023,0.9960348520022563,0.38288235431186324,0.6452718014692868,-5.5551596923446995,miscanthus_floridulus_15wks vs miscanthus_sacchariflorus_ssp_lutarioriparius_15wks,FALSE
1864,1.364141107566489,18.553339874548744,0.9933553332059041,0.3840205492561645,0.6452718014692868,-5.557659483618584,miscanthus_floridulus_15wks vs miscanthus_sacchariflorus_ssp_lutarioriparius_15wks,FALSE
235,1.0120488744960614,16.250402455715605,0.9929618087250717,0.3841879651093838,0.6452718014692868,-5.558026310756042,miscanthus_floridulus_15wks vs miscanthus_sacchariflorus_ssp_lutarioriparius_15wks,FALSE
1910,-0.7596135716541852,16.49029244077629,-0.992882878073359,0.3842215522247659,0.6452718014692868,-5.558099877296656,miscanthus_floridulus_15wks vs miscanthus_sacchariflorus_ssp_lutarioriparius_15wks,FALSE
57,0.7092059188372168,27.89750108654396,0.992659534446477,0.38431660525302913,0.6452718014692868,-5.55830802564358,miscanthus_floridulus_15wks vs miscanthus_sacchariflorus_ssp_lutarioriparius_15wks,FALSE
292,2.550075274732393,19.953368726009188,0.992135708830871,0.3845396236547433,0.6452718014692868,-5.558796114576095,miscanthus_floridulus_15wks vs miscanthus_sacchariflorus_ssp_lutarioriparius_15wks,FALSE
204,-0.6480202126011818,23.79006057153378,-0.9911950275931753,0.3849404101210864,0.6452718014692868,-5.55967227496004,miscanthus_floridulus_15wks vs miscanthus_sacchariflorus_ssp_lutarioriparius_15wks,FALSE
4224,1.841598440850511,17.627443640282873,0.9906722135861041,0.3851633224145839,0.6452718014692868,-5.560159037430613,miscanthus_floridulus_15wks vs miscanthus_sacchariflorus_ssp_lutarioriparius_15wks,FALSE
530,-2.8619648647682716,17.66037526647321,-0.9896889449260355,0.3855828729869732,0.6452718014692868,-5.561074130968091,miscanthus_floridulus_15wks vs miscanthus_sacchariflorus_ssp_lutarioriparius_15wks,FALSE
17,2.228328400905127,20.154281860248297,0.9866552708444736,0.38687989716498633,0.6452718014692868,-5.563894393666959,miscanthus_floridulus_15wks vs miscanthus_sacchariflorus_ssp_lutarioriparius_15wks,FALSE
3619,2.1484334380325887,16.77049567807716,0.9860470729691166,0.38714039801215316,0.6452718014692868,-5.564459246547757,miscanthus_floridulus_15wks vs miscanthus_sacchariflorus_ssp_lutarioriparius_15wks,FALSE
927,2.025831312274871,17.008327135608116,0.9857523707281328,0.38726668023233457,0.6452718014692868,-5.564732878562065,miscanthus_floridulus_15wks vs miscanthus_sacchariflorus_ssp_lutarioriparius_15wks,FALSE
2644,-1.1039934425374174,15.972505043845105,-0.9855490063917508,0.38735384497481956,0.6452718014692868,-5.564921677348279,miscanthus_floridulus_15wks vs miscanthus_sacchariflorus_ssp_lutarioriparius_15wks,FALSE
1438,0.6346072537605529,16.339854247284066,0.9839405889630981,0.3880438543475393,0.6452718014692868,-5.566414155458296,miscanthus_floridulus_15wks vs miscanthus_sacchariflorus_ssp_lutarioriparius_15wks,FALSE
936,1.7158654354013905,16.879669011740255,0.9832680974986762,0.3883326787304339,0.6452718014692868,-5.56703778184311,miscanthus_floridulus_15wks vs miscanthus_sacchariflorus_ssp_lutarioriparius_15wks,FALSE
5907,2.294877654754984,17.384720958995988,0.9830929289621325,0.3884079424224664,0.6452718014692868,-5.567200184344523,miscanthus_floridulus_15wks vs miscanthus_sacchariflorus_ssp_lutarioriparius_15wks,FALSE
4472,0.602600949307547,16.342714281108524,0.9829449106028733,0.3884715508284988,0.6452718014692868,-5.567337403147096,miscanthus_floridulus_15wks vs miscanthus_sacchariflorus_ssp_lutarioriparius_15wks,FALSE
2044,0.627296290827875,25.919348282492678,0.9824283832938814,0.38869359282522603,0.6452718014692868,-5.567816156644908,miscanthus_floridulus_15wks vs miscanthus_sacchariflorus_ssp_lutarioriparius_15wks,FALSE
133,2.1173033812299984,17.916391779665222,0.9819851788798089,0.38888420570846305,0.6452718014692868,-5.56822684087269,miscanthus_floridulus_15wks vs miscanthus_sacchariflorus_ssp_lutarioriparius_15wks,FALSE
3781,-1.4449150007774136,18.8163910274024,-0.9803503180263063,0.3895880483330789,0.6452718014692868,-5.569740875585073,miscanthus_floridulus_15wks vs miscanthus_sacchariflorus_ssp_lutarioriparius_15wks,FALSE
3863,1.5650843604800748,19.023366603543774,0.9791731230173344,0.3900955611983579,0.6452718014692868,-5.570830221280808,miscanthus_floridulus_15wks vs miscanthus_sacchariflorus_ssp_lutarioriparius_15wks,FALSE
3193,0.5995649775539889,19.955770432761163,0.9781504079030843,0.39053695415419964,0.6452718014692868,-5.571776037962501,miscanthus_floridulus_15wks vs miscanthus_sacchariflorus_ssp_lutarioriparius_15wks,FALSE
6151,-1.7538836734393861,17.15414410247471,-0.9779994185773053,0.39060215732346576,0.6452718014692868,-5.571915628789415,miscanthus_floridulus_15wks vs miscanthus_sacchariflorus_ssp_lutarioriparius_15wks,FALSE
858,1.5904968431629491,17.57175062872016,0.9774032175759528,0.39085971552287224,0.6452718014692868,-5.572466706735125,miscanthus_floridulus_15wks vs miscanthus_sacchariflorus_ssp_lutarioriparius_15wks,FALSE
1614,0.623485360907015,16.41690852290171,0.9769961133571847,0.39103567123107136,0.6452718014692868,-5.572842894407254,miscanthus_floridulus_15wks vs miscanthus_sacchariflorus_ssp_lutarioriparius_15wks,FALSE
1699,1.9288294408659752,17.580673086430153,0.9768472062362981,0.3911000484762751,0.6452718014692868,-5.572980471807531,miscanthus_floridulus_15wks vs miscanthus_sacchariflorus_ssp_lutarioriparius_15wks,FALSE
5544,-1.7588123045928796,17.91164303893781,-0.9742551651518069,0.3922221858131507,0.6452718014692868,-5.5753734615377,miscanthus_floridulus_15wks vs miscanthus_sacchariflorus_ssp_lutarioriparius_15wks,FALSE
3649,-2.344203193604418,17.795588900959572,-0.9729583759037962,0.3927846640789739,0.6452718014692868,-5.576569361227733,miscanthus_floridulus_15wks vs miscanthus_sacchariflorus_ssp_lutarioriparius_15wks,FALSE
5557,-0.6449047820828042,18.27112806438537,-0.972750543493672,0.3928748775422571,0.6452718014692868,-5.576760943266202,miscanthus_floridulus_15wks vs miscanthus_sacchariflorus_ssp_lutarioriparius_15wks,FALSE
3951,-1.4363010175148112,16.770158537058876,-0.9724487443430174,0.39300591185718625,0.6452718014692868,-5.577039104866289,miscanthus_floridulus_15wks vs miscanthus_sacchariflorus_ssp_lutarioriparius_15wks,FALSE
4591,-2.437179644900578,17.671314993428656,-0.972028641879222,0.3931883755902099,0.6452718014692868,-5.577426225216145,miscanthus_floridulus_15wks vs miscanthus_sacchariflorus_ssp_lutarioriparius_15wks,FALSE
2141,1.300297705242528,16.844975985470857,0.9712477044212668,0.3935277618212181,0.6452718014692868,-5.5781456075990326,miscanthus_floridulus_15wks vs miscanthus_sacchariflorus_ssp_lutarioriparius_15wks,FALSE
4456,-1.7342952966593081,16.804619042938484,-0.970105588157593,0.3940245817481488,0.6452718014692868,-5.579197127951896,miscanthus_floridulus_15wks vs miscanthus_sacchariflorus_ssp_lutarioriparius_15wks,FALSE
217,1.471743646546983,17.42210528574821,0.9694793928919904,0.394297213182949,0.6452718014692868,-5.579773362809525,miscanthus_floridulus_15wks vs miscanthus_sacchariflorus_ssp_lutarioriparius_15wks,FALSE
4595,1.6145406563545706,16.908688417795794,0.9688551824651687,0.3945691474646507,0.6452718014692868,-5.580347567310905,miscanthus_floridulus_15wks vs miscanthus_sacchariflorus_ssp_lutarioriparius_15wks,FALSE
944,3.0518397274885665,17.932370255541716,0.9680798553435145,0.39490714724181913,0.6452718014692868,-5.58106049866303,miscanthus_floridulus_15wks vs miscanthus_sacchariflorus_ssp_lutarioriparius_15wks,FALSE
429,2.9354243552987676,18.445352031000972,0.9676387346129526,0.3950995663717106,0.6452718014692868,-5.581465978961103,miscanthus_floridulus_15wks vs miscanthus_sacchariflorus_ssp_lutarioriparius_15wks,FALSE
4582,3.04440064198754,21.918841031177468,0.9667505129587421,0.3954872660528099,0.6452718014692868,-5.582282127046642,miscanthus_floridulus_15wks vs miscanthus_sacchariflorus_ssp_lutarioriparius_15wks,FALSE
1748,-1.1606575823357712,16.27352152184156,-0.9665829534429897,0.395560441957823,0.6452718014692868,-5.582436043749965,miscanthus_floridulus_15wks vs miscanthus_sacchariflorus_ssp_lutarioriparius_15wks,FALSE
2865,-1.6515464401012565,16.91102369458664,-0.9659165438894007,0.3958515926599165,0.6452718014692868,-5.583048047797752,miscanthus_floridulus_15wks vs miscanthus_sacchariflorus_ssp_lutarioriparius_15wks,FALSE
3561,1.0663389701010502,17.21470185849436,0.9631683973974765,0.3970542539223883,0.6466204910286153,-5.585569366296114,miscanthus_floridulus_15wks vs miscanthus_sacchariflorus_ssp_lutarioriparius_15wks,FALSE
749,0.6192490225714451,21.857124330967125,0.9623014558837536,0.397434322384974,0.6466282695649767,-5.586363924639802,miscanthus_floridulus_15wks vs miscanthus_sacchariflorus_ssp_lutarioriparius_15wks,FALSE
5110,2.6591945382194666,17.480823367545863,0.959983645101475,0.3984520381150248,0.6476725110114978,-5.58848626049643,miscanthus_floridulus_15wks vs miscanthus_sacchariflorus_ssp_lutarioriparius_15wks,FALSE
5197,0.9946442505897934,17.190259375832937,0.9564322259449224,0.4000158892286044,0.6496016749678468,-5.591732624503269,miscanthus_floridulus_15wks vs miscanthus_sacchariflorus_ssp_lutarioriparius_15wks,FALSE
1684,0.5832833765886711,25.457246965859404,0.9540849590962506,0.40105247396094607,0.6501948532095351,-5.593874569147611,miscanthus_floridulus_15wks vs miscanthus_sacchariflorus_ssp_lutarioriparius_15wks,FALSE
255,-2.994718314097266,21.702711121965052,-0.953896315401221,0.40113588448156456,0.6501948532095351,-5.594046583342394,miscanthus_floridulus_15wks vs miscanthus_sacchariflorus_ssp_lutarioriparius_15wks,FALSE
959,0.7620589528889141,16.524746947046864,0.9506255787757203,0.4025845062372215,0.6519296092544479,-5.597025950047896,miscanthus_floridulus_15wks vs miscanthus_sacchariflorus_ssp_lutarioriparius_15wks,FALSE
6267,0.6686793624114671,16.813600950774862,0.948281097615047,0.40362572202246344,0.6530019897133376,-5.5991580209126965,miscanthus_floridulus_15wks vs miscanthus_sacchariflorus_ssp_lutarioriparius_15wks,FALSE
509,2.732826494298301,21.865588037986537,0.9448959455487131,0.4051332966480398,0.6535507313276869,-5.602231212654731,miscanthus_floridulus_15wks vs miscanthus_sacchariflorus_ssp_lutarioriparius_15wks,FALSE
1558,1.4505117359071846,16.2979468342496,0.9436736521953464,0.40567885943668314,0.6535507313276869,-5.603339329975267,miscanthus_floridulus_15wks vs miscanthus_sacchariflorus_ssp_lutarioriparius_15wks,FALSE
5171,-0.6359067452934504,16.792149761834366,-0.9434893829988577,0.4057611627792924,0.6535507313276869,-5.603506315499684,miscanthus_floridulus_15wks vs miscanthus_sacchariflorus_ssp_lutarioriparius_15wks,FALSE
2975,-0.924518801389798,16.810808877674315,-0.9427895842884809,0.4060738596278475,0.6535507313276869,-5.604140306738126,miscanthus_floridulus_15wks vs miscanthus_sacchariflorus_ssp_lutarioriparius_15wks,FALSE
3763,-0.8673454060152075,26.835486605663526,-0.9410509444154288,0.4068516664702064,0.6535507313276869,-5.605714286882859,miscanthus_floridulus_15wks vs miscanthus_sacchariflorus_ssp_lutarioriparius_15wks,FALSE
6046,-1.0247358479246955,21.47630338174951,-0.9407049240201381,0.40700661982708347,0.6535507313276869,-5.606027339021675,miscanthus_floridulus_15wks vs miscanthus_sacchariflorus_ssp_lutarioriparius_15wks,FALSE
1619,-0.7939434603468918,16.655400225056503,-0.9404034825050156,0.4071416522556601,0.6535507313276869,-5.606300006027801,miscanthus_floridulus_15wks vs miscanthus_sacchariflorus_ssp_lutarioriparius_15wks,FALSE
5428,-0.605236874968238,16.416394943598274,-0.9400382097396655,0.40730533090683263,0.6535507313276869,-5.606630344195934,miscanthus_floridulus_15wks vs miscanthus_sacchariflorus_ssp_lutarioriparius_15wks,FALSE
4626,-1.8308260475591656,16.691475249027626,-0.9393699676445559,0.4076049193958285,0.6535507313276869,-5.607234485657483,miscanthus_floridulus_15wks vs miscanthus_sacchariflorus_ssp_lutarioriparius_15wks,FALSE
76,2.3405277263928,21.088120815990237,0.9376952275643654,0.4083565931154415,0.6535507313276869,-5.608747495623628,miscanthus_floridulus_15wks vs miscanthus_sacchariflorus_ssp_lutarioriparius_15wks,FALSE
3880,0.9264238475833508,17.429502369371704,0.9362458982431049,0.40900807549112367,0.6535507313276869,-5.610055611650726,miscanthus_floridulus_15wks vs miscanthus_sacchariflorus_ssp_lutarioriparius_15wks,FALSE
244,2.1939479116774585,17.630445817245732,0.9359235663620425,0.4091530892588219,0.6535507313276869,-5.610346379478042,miscanthus_floridulus_15wks vs miscanthus_sacchariflorus_ssp_lutarioriparius_15wks,FALSE
2935,2.253559954743203,19.66745874671497,0.9358666230906745,0.4091787121217043,0.6535507313276869,-5.610397740645655,miscanthus_floridulus_15wks vs miscanthus_sacchariflorus_ssp_lutarioriparius_15wks,FALSE
6015,-1.4067776138127037,20.190272037865455,-0.9351562016358862,0.40949849974746944,0.6535507313276869,-5.611038368851852,miscanthus_floridulus_15wks vs miscanthus_sacchariflorus_ssp_lutarioriparius_15wks,FALSE
3295,-1.0823046084322847,16.96197960376313,-0.9348097054916629,0.4096545501067336,0.6535507313276869,-5.611350722875269,miscanthus_floridulus_15wks vs miscanthus_sacchariflorus_ssp_lutarioriparius_15wks,FALSE
2593,-0.9478793777524928,15.915406909806766,-0.9312299288713409,0.4112698080218613,0.6550190527717884,-5.614573853812189,miscanthus_floridulus_15wks vs miscanthus_sacchariflorus_ssp_lutarioriparius_15wks,FALSE
3164,-0.8981679982554311,17.0877139804707,-0.9310851802132801,0.41133523801455313,0.6550190527717884,-5.614704031090743,miscanthus_floridulus_15wks vs miscanthus_sacchariflorus_ssp_lutarioriparius_15wks,FALSE
1872,0.6284027734239253,21.16666334213776,0.9290961549501999,0.4122352474202348,0.6558461046214816,-5.6164916399376,miscanthus_floridulus_15wks vs miscanthus_sacchariflorus_ssp_lutarioriparius_15wks,FALSE
1856,-1.24012058157731,16.279491731203567,-0.9275551244667671,0.4129337250475067,0.6563512991299392,-5.617875094182195,miscanthus_floridulus_15wks vs miscanthus_sacchariflorus_ssp_lutarioriparius_15wks,FALSE
1628,1.593340675870671,17.653061460704443,0.926075033591792,0.413605552290327,0.6567667368933557,-5.619202582577876,miscanthus_floridulus_15wks vs miscanthus_sacchariflorus_ssp_lutarioriparius_15wks,FALSE
501,-0.6673122384754393,24.55337165108132,-0.9249298046218989,0.41412603551524113,0.6567667368933557,-5.6202288869169115,miscanthus_floridulus_15wks vs miscanthus_sacchariflorus_ssp_lutarioriparius_15wks,FALSE
3222,0.9730221313971974,17.101650281166382,0.9244624103476143,0.4143386204312697,0.6567667368933557,-5.6206475324603415,miscanthus_floridulus_15wks vs miscanthus_sacchariflorus_ssp_lutarioriparius_15wks,FALSE
2208,-1.3573171166533058,19.049674456024235,-0.9213407660426973,0.41576087286088137,0.6583595176110509,-5.6234404200723125,miscanthus_floridulus_15wks vs miscanthus_sacchariflorus_ssp_lutarioriparius_15wks,FALSE
639,2.3145028727831995,17.13007042751696,0.9205810033540938,0.41610766957541173,0.6583595176110509,-5.624119331078226,miscanthus_floridulus_15wks vs miscanthus_sacchariflorus_ssp_lutarioriparius_15wks,FALSE
1879,-0.7079165427321286,20.72750298373776,-0.917803419561856,0.41737764657950227,0.6587108168792339,-5.62659853309342,miscanthus_floridulus_15wks vs miscanthus_sacchariflorus_ssp_lutarioriparius_15wks,FALSE
5065,2.150853293611636,21.037952500521826,0.9164252785394116,0.41800901195413653,0.6587108168792339,-5.627826990974629,miscanthus_floridulus_15wks vs miscanthus_sacchariflorus_ssp_lutarioriparius_15wks,FALSE
1231,2.960253403572512,21.78168038029484,0.9163973864809857,0.4180217986351086,0.6587108168792339,-5.627851842378954,miscanthus_floridulus_15wks vs miscanthus_sacchariflorus_ssp_lutarioriparius_15wks,FALSE
1617,1.9858934895269478,17.185108135113087,0.9162137101479414,0.4181060106609279,0.6587108168792339,-5.628015484087967,miscanthus_floridulus_15wks vs miscanthus_sacchariflorus_ssp_lutarioriparius_15wks,FALSE
164,-1.5088189908643272,17.219688270441853,-0.9159188550162313,0.4182412267358572,0.6587108168792339,-5.628278137232031,miscanthus_floridulus_15wks vs miscanthus_sacchariflorus_ssp_lutarioriparius_15wks,FALSE
2233,1.8748956008816897,19.549980898101268,0.9146331748036609,0.41883126278822946,0.6590376856475976,-5.629422821306159,miscanthus_floridulus_15wks vs miscanthus_sacchariflorus_ssp_lutarioriparius_15wks,FALSE
2221,-2.778001335295526,17.082884066209612,-0.9137604681331183,0.419232183705795,0.6590666537637635,-5.630199279827401,miscanthus_floridulus_15wks vs miscanthus_sacchariflorus_ssp_lutarioriparius_15wks,FALSE
2568,-1.6656214010177912,17.26856311215833,-0.9124464314849077,0.41983647766492926,0.6594149963688908,-5.631367567880049,miscanthus_floridulus_15wks vs miscanthus_sacchariflorus_ssp_lutarioriparius_15wks,FALSE
5553,0.9420766388336119,17.355427603259272,0.9114025657155357,0.42031706315706124,0.659568579070689,-5.632294941401739,miscanthus_floridulus_15wks vs miscanthus_sacchariflorus_ssp_lutarioriparius_15wks,FALSE
3415,2.454509949044475,17.656247525012894,0.9099939217854253,0.4209663423996415,0.6599863584664079,-5.633545386137475,miscanthus_floridulus_15wks vs miscanthus_sacchariflorus_ssp_lutarioriparius_15wks,FALSE
5184,-1.4278819186353857,19.851658071988574,-0.9074320961205105,0.42214937143763265,0.6603757160692071,-5.635816554318617,miscanthus_floridulus_15wks vs miscanthus_sacchariflorus_ssp_lutarioriparius_15wks,FALSE
2158,-1.0939866880907374,16.091961643242023,-0.9073233746329028,0.4221996414614572,0.6603757160692071,-5.635912856203345,miscanthus_floridulus_15wks vs miscanthus_sacchariflorus_ssp_lutarioriparius_15wks,FALSE
366,0.5482312594068084,21.1335433834971,0.9069668981178428,0.4223645032549427,0.6603757160692071,-5.6362285629971876,miscanthus_floridulus_15wks vs miscanthus_sacchariflorus_ssp_lutarioriparius_15wks,FALSE
6032,-0.9169626795415624,16.606696843231852,-0.9041047353699504,0.4236901964872407,0.6615580257013625,-5.638760697738461,miscanthus_floridulus_15wks vs miscanthus_sacchariflorus_ssp_lutarioriparius_15wks,FALSE
116,0.5401935452264368,22.46201987540645,0.9036770439631994,0.4238886014940825,0.6615580257013625,-5.639138662093288,miscanthus_floridulus_15wks vs miscanthus_sacchariflorus_ssp_lutarioriparius_15wks,FALSE
4197,2.3887037478791022,20.003338849540125,0.9026949989332007,0.424344472367012,0.661670159174988,-5.640006120691533,miscanthus_floridulus_15wks vs miscanthus_sacchariflorus_ssp_lutarioriparius_15wks,FALSE
1344,1.0613640582806951,16.063365727422077,0.9013880043353771,0.42495184066693875,0.6620181025941551,-5.641159735667485,miscanthus_floridulus_15wks vs miscanthus_sacchariflorus_ssp_lutarioriparius_15wks,FALSE
3216,1.9372461170707993,18.350210190556158,0.8986155432081437,0.4262426935477807,0.6634292330468168,-5.643603513397747,miscanthus_floridulus_15wks vs miscanthus_sacchariflorus_ssp_lutarioriparius_15wks,FALSE
165,1.3208756811680402,16.836687122778912,0.8968582128938255,0.4270626450389884,0.6641055391716398,-5.645150157877011,miscanthus_floridulus_15wks vs miscanthus_sacchariflorus_ssp_lutarioriparius_15wks,FALSE
282,1.798687232700118,17.834597084328678,0.8925910272165821,0.4290592968077937,0.6655995497775465,-5.648898128522085,miscanthus_floridulus_15wks vs miscanthus_sacchariflorus_ssp_lutarioriparius_15wks,FALSE
5296,-1.7065758397545885,16.707684156321832,-0.8924347024793111,0.4291325939330635,0.6655995497775465,-5.64903522650288,miscanthus_floridulus_15wks vs miscanthus_sacchariflorus_ssp_lutarioriparius_15wks,FALSE
89,0.5271240323591009,21.17217735930565,0.8911651062358015,0.4297282755656393,0.6655995497775465,-5.650148131707993,miscanthus_floridulus_15wks vs miscanthus_sacchariflorus_ssp_lutarioriparius_15wks,FALSE
3866,-0.9846168492249667,19.282235274548324,-0.8905434692468351,0.4300201989984354,0.6655995497775465,-5.650692696206666,miscanthus_floridulus_15wks vs miscanthus_sacchariflorus_ssp_lutarioriparius_15wks,FALSE
39,-1.6391319468269145,17.110849480908115,-0.8900609151721778,0.43024692529907044,0.6655995497775465,-5.651115262305832,miscanthus_floridulus_15wks vs miscanthus_sacchariflorus_ssp_lutarioriparius_15wks,FALSE
648,-0.7261011096671446,16.1583697040549,-0.8891485597779859,0.43067587124469736,0.6655995497775465,-5.6519138184440125,miscanthus_floridulus_15wks vs miscanthus_sacchariflorus_ssp_lutarioriparius_15wks,FALSE
3535,1.111323916831612,16.928858310076066,0.8890387801343336,0.4307275089970774,0.6655995497775465,-5.652009871495819,miscanthus_floridulus_15wks vs miscanthus_sacchariflorus_ssp_lutarioriparius_15wks,FALSE
2386,1.7083061776281134,20.438619353435836,0.8865752444795515,0.4318876884788263,0.6667943434130984,-5.654163468430375,miscanthus_floridulus_15wks vs miscanthus_sacchariflorus_ssp_lutarioriparius_15wks,FALSE
2215,-0.720180012196634,16.28733846985611,-0.8835161355798241,0.43333205477572573,0.6683762733460074,-5.656832619796033,miscanthus_floridulus_15wks vs miscanthus_sacchariflorus_ssp_lutarioriparius_15wks,FALSE
3477,1.1667694937988529,16.450826393184325,0.8827632856070895,0.43368814486409535,0.6683762733460074,-5.65748863332782,miscanthus_floridulus_15wks vs miscanthus_sacchariflorus_ssp_lutarioriparius_15wks,FALSE
1432,2.897921832446201,20.88771331708139,0.8784020694151043,0.4357558530094024,0.6687627558393162,-5.661282110111057,miscanthus_floridulus_15wks vs miscanthus_sacchariflorus_ssp_lutarioriparius_15wks,FALSE
492,1.9496248496544126,17.201463228885558,0.878223246631713,0.435840813556502,0.6687627558393162,-5.661437406707399,miscanthus_floridulus_15wks vs miscanthus_sacchariflorus_ssp_lutarioriparius_15wks,FALSE
1750,1.1406344769534549,17.066221602718603,0.8777984332125204,0.4360427031532379,0.6687627558393162,-5.661806252766906,miscanthus_floridulus_15wks vs miscanthus_sacchariflorus_ssp_lutarioriparius_15wks,FALSE
1085,2.3516896285479056,19.975681116842193,0.8770417044056626,0.4364025297505408,0.6687627558393162,-5.662463012619853,miscanthus_floridulus_15wks vs miscanthus_sacchariflorus_ssp_lutarioriparius_15wks,FALSE
1840,1.6958863326994447,16.66660984920489,0.8768353955440865,0.4365006738512574,0.6687627558393162,-5.662642005952325,miscanthus_floridulus_15wks vs miscanthus_sacchariflorus_ssp_lutarioriparius_15wks,FALSE
818,-0.6444782481548934,16.778655066739166,-0.8757979249790288,0.436994497273859,0.6687627558393162,-5.6635417192940345,miscanthus_floridulus_15wks vs miscanthus_sacchariflorus_ssp_lutarioriparius_15wks,FALSE
1551,0.6129595269585728,20.845463229145203,0.875181924944416,0.4372879297986536,0.6687627558393162,-5.6640756136836705,miscanthus_floridulus_15wks vs miscanthus_sacchariflorus_ssp_lutarioriparius_15wks,FALSE
966,2.0287912098010867,16.79700835271236,0.8751318261617053,0.43731180176646745,0.6687627558393162,-5.66411902464805,miscanthus_floridulus_15wks vs miscanthus_sacchariflorus_ssp_lutarioriparius_15wks,FALSE
6087,1.7330733121078943,16.751118486987952,0.8748792550205537,0.437432168212948,0.6687627558393162,-5.664337855949995,miscanthus_floridulus_15wks vs miscanthus_sacchariflorus_ssp_lutarioriparius_15wks,FALSE
108,0.531738902458919,23.560877432462483,0.8730557144672979,0.4383020356930012,0.6694985882083697,-5.665916635152917,miscanthus_floridulus_15wks vs miscanthus_sacchariflorus_ssp_lutarioriparius_15wks,FALSE
4285,1.2960257071757049,17.22761089511828,0.86413195673873,0.44257996679162065,0.6754342628715344,-5.673612988615888,miscanthus_floridulus_15wks vs miscanthus_sacchariflorus_ssp_lutarioriparius_15wks,FALSE
3834,0.619301844970618,22.282938212474978,0.8626923371667269,0.4432733874959375,0.6758938465977878,-5.674849958981915,miscanthus_floridulus_15wks vs miscanthus_sacchariflorus_ssp_lutarioriparius_15wks,FALSE
3015,1.564152719408625,16.661593750404332,0.8617819058434688,0.44371238597351087,0.6759650230171169,-5.675631563481407,miscanthus_floridulus_15wks vs miscanthus_sacchariflorus_ssp_lutarioriparius_15wks,FALSE
1903,0.6451440093616512,26.161758452634317,0.8592302586660084,0.44494470553054494,0.6772435756441068,-5.677819380095016,miscanthus_floridulus_15wks vs miscanthus_sacchariflorus_ssp_lutarioriparius_15wks,FALSE
1878,0.5742718396387474,16.559204437339034,0.8570291798666508,0.446010024803261,0.6776723166251646,-5.679703324416235,miscanthus_floridulus_15wks vs miscanthus_sacchariflorus_ssp_lutarioriparius_15wks,FALSE
1983,1.1839256258523747,16.790437275501862,0.8570230292797988,0.4460130046737879,0.6776723166251646,-5.679708584537546,miscanthus_floridulus_15wks vs miscanthus_sacchariflorus_ssp_lutarioriparius_15wks,FALSE
4099,0.8911786228700702,16.179094527709875,0.8549339187602016,0.4470261142788893,0.6786132113678646,-5.681493855968726,miscanthus_floridulus_15wks vs miscanthus_sacchariflorus_ssp_lutarioriparius_15wks,FALSE
3817,-1.7888307166012787,17.240421325899106,-0.8540124588282207,0.44747358639565105,0.6786945328870658,-5.682280421250469,miscanthus_floridulus_15wks vs miscanthus_sacchariflorus_ssp_lutarioriparius_15wks,FALSE
3069,-1.0450284400047476,16.285503250647597,-0.8527064466682781,0.44810844378009085,0.6790596733800321,-5.68339432045914,miscanthus_floridulus_15wks vs miscanthus_sacchariflorus_ssp_lutarioriparius_15wks,FALSE
120,0.506038190162279,23.691819482929755,0.8495205681201836,0.44966027038446255,0.6805513578189655,-5.686107007499066,miscanthus_floridulus_15wks vs miscanthus_sacchariflorus_ssp_lutarioriparius_15wks,FALSE
119,0.6937791210384567,24.605030859844703,0.8490645515758471,0.44988276062437704,0.6805513578189655,-5.686494763263158,miscanthus_floridulus_15wks vs miscanthus_sacchariflorus_ssp_lutarioriparius_15wks,FALSE
5529,0.5758399554474707,16.42138927860303,0.8477897976271862,0.45050519969460656,0.6808951395384273,-5.687577994814642,miscanthus_floridulus_15wks vs miscanthus_sacchariflorus_ssp_lutarioriparius_15wks,FALSE
3430,0.8334939052882078,25.04997557975626,0.8464101953784089,0.45117964313167797,0.6813168493566005,-5.688749149274886,miscanthus_floridulus_15wks vs miscanthus_sacchariflorus_ssp_lutarioriparius_15wks,FALSE
611,-1.3064321061430118,16.06329022117656,-0.8398896075988586,0.4543787327062026,0.6850981197617934,-5.694267949357805,miscanthus_floridulus_15wks vs miscanthus_sacchariflorus_ssp_lutarioriparius_15wks,FALSE
2872,3.260955958386628,20.81219462573861,0.8396860495839125,0.4544789035912535,0.6850981197617934,-5.694439791598241,miscanthus_floridulus_15wks vs miscanthus_sacchariflorus_ssp_lutarioriparius_15wks,FALSE
1517,-2.2814951091908107,17.393575813677078,-0.8349428527092827,0.4568182187383881,0.6874365972700557,-5.698436339850155,miscanthus_floridulus_15wks vs miscanthus_sacchariflorus_ssp_lutarioriparius_15wks,FALSE
2645,1.8994466844497602,17.692759978708864,0.8341786484187935,0.4571960503664671,0.6874365972700557,-5.699078875473096,miscanthus_floridulus_15wks vs miscanthus_sacchariflorus_ssp_lutarioriparius_15wks,FALSE
426,-1.001008656144041,16.5738541868894,-0.8333638844173408,0.45759916389574257,0.6874365972700557,-5.699763500581297,miscanthus_floridulus_15wks vs miscanthus_sacchariflorus_ssp_lutarioriparius_15wks,FALSE
2250,-2.108699916517846,16.687571963739252,-0.8330555947572765,0.4577517702182661,0.6874365972700557,-5.700022435094597,miscanthus_floridulus_15wks vs miscanthus_sacchariflorus_ssp_lutarioriparius_15wks,FALSE
4330,1.2023013868320298,17.81000866475233,0.8325036756413755,0.4580250804794103,0.6874365972700557,-5.70048584008025,miscanthus_floridulus_15wks vs miscanthus_sacchariflorus_ssp_lutarioriparius_15wks,FALSE
258,1.8474648404735774,19.407613328134723,0.8309749490956678,0.45878280936410665,0.6874440646645695,-5.701768353714074,miscanthus_floridulus_15wks vs miscanthus_sacchariflorus_ssp_lutarioriparius_15wks,FALSE
991,1.1813513412161072,17.30469352925639,0.8308838068310395,0.45882801762289904,0.6874440646645695,-5.701844768360893,miscanthus_floridulus_15wks vs miscanthus_sacchariflorus_ssp_lutarioriparius_15wks,FALSE
4151,0.6168357169423224,21.945542039509483,0.8299370989087947,0.45929781977969464,0.6875500812166933,-5.702638175391881,miscanthus_floridulus_15wks vs miscanthus_sacchariflorus_ssp_lutarioriparius_15wks,FALSE
5614,1.0666009529262155,16.14566877468511,0.8267642363869828,0.4608752399065664,0.6893125332977552,-5.705292948843749,miscanthus_floridulus_15wks vs miscanthus_sacchariflorus_ssp_lutarioriparius_15wks,FALSE
942,0.8080652630546865,21.74953388648686,0.8243295331385206,0.4620886987383624,0.690445167165727,-5.707325582942419,miscanthus_floridulus_15wks vs miscanthus_sacchariflorus_ssp_lutarioriparius_15wks,FALSE
215,1.7431456155440408,18.056229182700363,0.8236377446477341,0.4624339657047295,0.690445167165727,-5.707902411746019,miscanthus_floridulus_15wks vs miscanthus_sacchariflorus_ssp_lutarioriparius_15wks,FALSE
1630,1.4038291186614522,17.014583715397656,0.8206215667436442,0.4639417959123252,0.6918698943256382,-5.710413649373729,miscanthus_floridulus_15wks vs miscanthus_sacchariflorus_ssp_lutarioriparius_15wks,FALSE
5827,2.2446288814719857,19.56915363837227,0.8201232626265631,0.46419129300083445,0.6918698943256382,-5.710827948449338,miscanthus_floridulus_15wks vs miscanthus_sacchariflorus_ssp_lutarioriparius_15wks,FALSE
5873,-0.6295334601110021,16.173824960321134,-0.8164970178025956,0.4660102384790808,0.6935551804823584,-5.713837872035811,miscanthus_floridulus_15wks vs miscanthus_sacchariflorus_ssp_lutarioriparius_15wks,FALSE
4298,0.6696523870616673,16.673833654665977,0.8159995649930486,0.46626021801753276,0.6935551804823584,-5.714250089505274,miscanthus_floridulus_15wks vs miscanthus_sacchariflorus_ssp_lutarioriparius_15wks,FALSE
69,0.8486075282687544,28.51087960407325,0.8154637996551676,0.46652957294199265,0.6935551804823584,-5.714693868914207,miscanthus_floridulus_15wks vs miscanthus_sacchariflorus_ssp_lutarioriparius_15wks,FALSE
5265,-0.7391231875602902,16.221134359366893,-0.8144709307942075,0.4670290718985387,0.6936992162768812,-5.715515760989441,miscanthus_floridulus_15wks vs miscanthus_sacchariflorus_ssp_lutarioriparius_15wks,FALSE
307,0.65674852347993,16.94432536681346,0.8120977482762382,0.4682247575469386,0.6948761905713826,-5.71747757838509,miscanthus_floridulus_15wks vs miscanthus_sacchariflorus_ssp_lutarioriparius_15wks,FALSE
2265,1.5750327087491094,17.8634610406297,0.8106132978834355,0.4689739399264988,0.6953488062238918,-5.718702781438253,miscanthus_floridulus_15wks vs miscanthus_sacchariflorus_ssp_lutarioriparius_15wks,FALSE
166,1.549514356244206,23.982621432032936,0.8096024110959049,0.46948467987663334,0.6953488062238918,-5.71953627093316,miscanthus_floridulus_15wks vs miscanthus_sacchariflorus_ssp_lutarioriparius_15wks,FALSE
1351,-0.49675452614239646,19.955192330020694,-0.8090698682787099,0.4697539236474812,0.6953488062238918,-5.719975080819071,miscanthus_floridulus_15wks vs miscanthus_sacchariflorus_ssp_lutarioriparius_15wks,FALSE
1402,0.5259584678766487,23.831078830506723,0.806943576421527,0.470830189905329,0.6963437057569801,-5.721725203428202,miscanthus_floridulus_15wks vs miscanthus_sacchariflorus_ssp_lutarioriparius_15wks,FALSE
3955,-0.7679462421501206,17.943111100058687,-0.8054890838810771,0.4715675650838915,0.6968361189018397,-5.722920604283163,miscanthus_floridulus_15wks vs miscanthus_sacchariflorus_ssp_lutarioriparius_15wks,FALSE
2983,1.3519505696277676,16.696499680988115,0.8033497544358817,0.47265383133577077,0.6978428032489572,-5.72467622659498,miscanthus_floridulus_15wks vs miscanthus_sacchariflorus_ssp_lutarioriparius_15wks,FALSE
2579,-1.2471098626369077,16.806238099082904,-0.8017781275613145,0.4734531331196712,0.6984244420934875,-5.725963973116501,miscanthus_floridulus_15wks vs miscanthus_sacchariflorus_ssp_lutarioriparius_15wks,FALSE
5114,1.0300800498237752,16.010326507028314,0.8009798153465337,0.47385955988697026,0.6984260236828483,-5.726617438757883,miscanthus_floridulus_15wks vs miscanthus_sacchariflorus_ssp_lutarioriparius_15wks,FALSE
93,-1.1780479391379757,18.28711094903921,-0.7949738179087245,0.4769263138135029,0.702049975166664,-5.7315196317613,miscanthus_floridulus_15wks vs miscanthus_sacchariflorus_ssp_lutarioriparius_15wks,FALSE
2731,0.894451661375582,16.262372920735555,0.7945697518009899,0.4771332100523294,0.702049975166664,-5.731848542253846,miscanthus_floridulus_15wks vs miscanthus_sacchariflorus_ssp_lutarioriparius_15wks,FALSE
243,0.7521486939765794,24.000165415289143,0.790363858995296,0.47929107312328073,0.7046233097196354,-5.735265413249068,miscanthus_floridulus_15wks vs miscanthus_sacchariflorus_ssp_lutarioriparius_15wks,FALSE
2270,1.8029477155480045,17.498858069494844,0.7875013083525996,0.4807642081421787,0.7060125173125669,-5.737583900635029,miscanthus_floridulus_15wks vs miscanthus_sacchariflorus_ssp_lutarioriparius_15wks,FALSE
941,-0.611481915423628,16.15482616736985,-0.7869360355558673,0.48105553994483663,0.7060125173125669,-5.738041058619221,miscanthus_floridulus_15wks vs miscanthus_sacchariflorus_ssp_lutarioriparius_15wks,FALSE
3779,-1.7976674630074427,18.990103328145025,-0.7795971003154346,0.48485075057798266,0.7109768878688205,-5.743955947142893,miscanthus_floridulus_15wks vs miscanthus_sacchariflorus_ssp_lutarioriparius_15wks,FALSE
6004,1.1792313499793146,16.311167943600108,0.778273707004345,0.4855376610667699,0.7110759601364048,-5.74501850176209,miscanthus_floridulus_15wks vs miscanthus_sacchariflorus_ssp_lutarioriparius_15wks,FALSE
335,1.1757862965727774,17.80642383915511,0.7778770348928403,0.4857437057925412,0.7110759601364048,-5.745336748511411,miscanthus_floridulus_15wks vs miscanthus_sacchariflorus_ssp_lutarioriparius_15wks,FALSE
316,0.461199669988563,21.22315086299118,0.7728713634489367,0.4883498068344889,0.7142841402171685,-5.749343138523096,miscanthus_floridulus_15wks vs miscanthus_sacchariflorus_ssp_lutarioriparius_15wks,FALSE
352,1.843144551577506,17.637012101603833,0.7718590383664872,0.48887820218838507,0.7143733004471728,-5.750151199889068,miscanthus_floridulus_15wks vs miscanthus_sacchariflorus_ssp_lutarioriparius_15wks,FALSE
1259,1.046627621112961,16.991793067448995,0.7709351645453569,0.4893608253367437,0.7143733004471728,-5.750888017180903,miscanthus_floridulus_15wks vs miscanthus_sacchariflorus_ssp_lutarioriparius_15wks,FALSE
5304,-0.6840772442663088,16.387181153683596,-0.7689941452105316,0.4903760268326715,0.7143733004471728,-5.752434044926897,miscanthus_floridulus_15wks vs miscanthus_sacchariflorus_ssp_lutarioriparius_15wks,FALSE
565,0.5196461324128929,15.99961658147963,0.7681978593182015,0.4907929866466045,0.7143733004471728,-5.753067506190333,miscanthus_floridulus_15wks vs miscanthus_sacchariflorus_ssp_lutarioriparius_15wks,FALSE
314,0.4900115781289749,21.49645515989491,0.7680372866686455,0.4908771014353402,0.7143733004471728,-5.7531951896696665,miscanthus_floridulus_15wks vs miscanthus_sacchariflorus_ssp_lutarioriparius_15wks,FALSE
816,0.5784657272815465,16.828552206676143,0.7679965824628239,0.49089842584413973,0.7143733004471728,-5.753227553719833,miscanthus_floridulus_15wks vs miscanthus_sacchariflorus_ssp_lutarioriparius_15wks,FALSE
1689,-1.954435897485137,17.803425849875353,-0.7635892905214907,0.4932116872733764,0.7171339554194325,-5.756724737833085,miscanthus_floridulus_15wks vs miscanthus_sacchariflorus_ssp_lutarioriparius_15wks,FALSE
1114,0.5659138110369533,22.714421189120895,0.7612672266205048,0.4944339292648473,0.7179004761521526,-5.758561642671313,miscanthus_floridulus_15wks vs miscanthus_sacchariflorus_ssp_lutarioriparius_15wks,FALSE
90,0.5568783899312599,22.52903001237738,0.7599334952872098,0.49513703079415816,0.7179004761521526,-5.7596149415535836,miscanthus_floridulus_15wks vs miscanthus_sacchariflorus_ssp_lutarioriparius_15wks,FALSE
110,0.9986915642474763,17.115092537728344,0.7590577472277864,0.4955991257473678,0.7179004761521526,-5.760305849549932,miscanthus_floridulus_15wks vs miscanthus_sacchariflorus_ssp_lutarioriparius_15wks,FALSE
3024,0.510037338998508,18.689076424948738,0.7584153657033001,0.4959382987655119,0.7179004761521526,-5.7608122913717015,miscanthus_floridulus_15wks vs miscanthus_sacchariflorus_ssp_lutarioriparius_15wks,FALSE
526,0.5921274197484365,21.958286900132542,0.7582945566686974,0.49600210548997037,0.7179004761521526,-5.760907501391288,miscanthus_floridulus_15wks vs miscanthus_sacchariflorus_ssp_lutarioriparius_15wks,FALSE
488,-0.5125186530749275,23.212483497230615,-0.7578464995445828,0.4962388085300138,0.7179004761521526,-5.761260523803192,miscanthus_floridulus_15wks vs miscanthus_sacchariflorus_ssp_lutarioriparius_15wks,FALSE
2357,1.4622135709896895,16.20127642054893,0.753168194630146,0.4987156007820851,0.7208783390499435,-5.764937773500923,miscanthus_floridulus_15wks vs miscanthus_sacchariflorus_ssp_lutarioriparius_15wks,FALSE
188,0.45331948753316453,23.007944779748964,0.750874467853366,0.4999334817269811,0.7220330167775258,-5.766734826499078,miscanthus_floridulus_15wks vs miscanthus_sacchariflorus_ssp_lutarioriparius_15wks,FALSE
934,-0.7401773026915706,16.525630836936138,-0.7491289824138326,0.5008618250710533,0.722767943548932,-5.76809975552975,miscanthus_floridulus_15wks vs miscanthus_sacchariflorus_ssp_lutarioriparius_15wks,FALSE
134,0.4529399506932208,23.301622452497117,0.7465973227018051,0.5022106897186683,0.7241079651759543,-5.7700754550127185,miscanthus_floridulus_15wks vs miscanthus_sacchariflorus_ssp_lutarioriparius_15wks,FALSE
186,-0.4408726740408717,21.389590136916272,-0.7419603157343918,0.504688618483346,0.7270723157581983,-5.773681833925828,miscanthus_floridulus_15wks vs miscanthus_sacchariflorus_ssp_lutarioriparius_15wks,FALSE
3582,0.9342992386553242,16.63664649451127,0.7404674113647315,0.5054884176531184,0.7276161600804704,-5.774839516334153,miscanthus_floridulus_15wks vs miscanthus_sacchariflorus_ssp_lutarioriparius_15wks,FALSE
82,0.4726419377378477,23.94757267833777,0.736763558507366,0.5074769414406282,0.7292968916588971,-5.777704496238932,miscanthus_floridulus_15wks vs miscanthus_sacchariflorus_ssp_lutarioriparius_15wks,FALSE
1063,1.0122915271173554,17.513880078652317,0.7367158472575841,0.5075025961108635,0.7292968916588971,-5.777741334450054,miscanthus_floridulus_15wks vs miscanthus_sacchariflorus_ssp_lutarioriparius_15wks,FALSE
3726,1.172196719596169,16.694835088312054,0.7354599676831733,0.5081782521309288,0.7296592736846587,-5.778710393502459,miscanthus_floridulus_15wks vs miscanthus_sacchariflorus_ssp_lutarioriparius_15wks,FALSE
4235,0.4519402387637932,22.0397395989241,0.7326779673479357,0.5096774277963094,0.7308371892400822,-5.780852807656868,miscanthus_floridulus_15wks vs miscanthus_sacchariflorus_ssp_lutarioriparius_15wks,FALSE
1288,-2.100359000364012,18.221938121157084,-0.7323637778162968,0.5098469538401502,0.7308371892400822,-5.7810943977897,miscanthus_floridulus_15wks vs miscanthus_sacchariflorus_ssp_lutarioriparius_15wks,FALSE
177,-0.7695724596904512,22.14426404438533,-0.7313373660240118,0.5104010739887639,0.7310233171094266,-5.781883118147824,miscanthus_floridulus_15wks vs miscanthus_sacchariflorus_ssp_lutarioriparius_15wks,FALSE
3422,-1.0879990403735071,16.568440029609413,-0.7289065167923556,0.5117152462991957,0.7317456250474698,-5.783747863882617,miscanthus_floridulus_15wks vs miscanthus_sacchariflorus_ssp_lutarioriparius_15wks,FALSE
5237,-0.46407500023772386,16.205425734253797,-0.7288334733664144,0.5117547754975049,0.7317456250474698,-5.7838038274394785,miscanthus_floridulus_15wks vs miscanthus_sacchariflorus_ssp_lutarioriparius_15wks,FALSE
5375,2.5933322959683522,19.339154597986976,0.72777551890213,0.5123275762316034,0.7319572254121498,-5.784613944543131,miscanthus_floridulus_15wks vs miscanthus_sacchariflorus_ssp_lutarioriparius_15wks,FALSE
473,-1.4152966615003315,18.109610503033064,-0.726287859894637,0.5131338621819524,0.7325017767518676,-5.785751664498276,miscanthus_floridulus_15wks vs miscanthus_sacchariflorus_ssp_lutarioriparius_15wks,FALSE
1663,1.008337729642065,16.404765997884184,0.7243313656114934,0.5141957312850305,0.7334099710298904,-5.787245371519047,miscanthus_floridulus_15wks vs miscanthus_sacchariflorus_ssp_lutarioriparius_15wks,FALSE
1113,0.8165092760120345,16.24720398096106,0.7230044950527189,0.5149168360429688,0.7338310244020142,-5.7882567236066205,miscanthus_floridulus_15wks vs miscanthus_sacchariflorus_ssp_lutarioriparius_15wks,FALSE
1505,1.3026832144150475,16.830456136173073,0.7163274241921689,0.5185573199560265,0.7379409028753772,-5.7933255707458,miscanthus_floridulus_15wks vs miscanthus_sacchariflorus_ssp_lutarioriparius_15wks,FALSE
5249,0.8460553106211712,17.66817569593698,0.71614465481105,0.5186572451434021,0.7379409028753772,-5.7934638367196305,miscanthus_floridulus_15wks vs miscanthus_sacchariflorus_ssp_lutarioriparius_15wks,FALSE
4908,0.6205802844319912,16.364988988463658,0.71316353384872,0.5202891781173616,0.7396520246668433,-5.795715428661928,miscanthus_floridulus_15wks vs miscanthus_sacchariflorus_ssp_lutarioriparius_15wks,FALSE
1069,-0.7060649558090564,16.070460280971858,-0.7107946399220251,0.5215887441962969,0.7400142934358604,-5.797499711109728,miscanthus_floridulus_15wks vs miscanthus_sacchariflorus_ssp_lutarioriparius_15wks,FALSE
293,0.8469891665231088,24.324956181608968,0.7098678412356008,0.5220978520418257,0.7400142934358604,-5.798196603053729,miscanthus_floridulus_15wks vs miscanthus_sacchariflorus_ssp_lutarioriparius_15wks,FALSE
2467,-0.578379305020654,16.71845800747583,-0.7096005140943039,0.5222447698037305,0.7400142934358604,-5.798397491514486,miscanthus_floridulus_15wks vs miscanthus_sacchariflorus_ssp_lutarioriparius_15wks,FALSE
1597,-1.1650750143556223,16.61305448022105,-0.7095341388420209,0.5222812531966846,0.7400142934358604,-5.798447361946596,miscanthus_floridulus_15wks vs miscanthus_sacchariflorus_ssp_lutarioriparius_15wks,FALSE
1491,2.13007764888318,18.0373637375455,0.7080344382319265,0.5231060835845746,0.7400142934358604,-5.799573234248928,miscanthus_floridulus_15wks vs miscanthus_sacchariflorus_ssp_lutarioriparius_15wks,FALSE
3548,1.4426018529606424,18.619833556183963,0.7080074114115911,0.5231209572866384,0.7400142934358604,-5.799593508064354,miscanthus_floridulus_15wks vs miscanthus_sacchariflorus_ssp_lutarioriparius_15wks,FALSE
2557,0.8291988620052351,17.95590616105143,0.7069079907074615,0.5237262740476832,0.7402628139328615,-5.800417741358797,miscanthus_floridulus_15wks vs miscanthus_sacchariflorus_ssp_lutarioriparius_15wks,FALSE
3982,-1.4150123595625956,16.768585323100357,-0.7042142779430287,0.5252116100672236,0.7413695274448173,-5.802433222591251,miscanthus_floridulus_15wks vs miscanthus_sacchariflorus_ssp_lutarioriparius_15wks,FALSE
5240,0.661594055476936,17.503222112015205,0.7039277045078538,0.5253698160244469,0.7413695274448173,-5.802647307624829,miscanthus_floridulus_15wks vs miscanthus_sacchariflorus_ssp_lutarioriparius_15wks,FALSE
4631,-1.1881966324830273,16.992986011879232,-0.7023741491856041,0.5262280984665857,0.7414258057130396,-5.803806772806711,miscanthus_floridulus_15wks vs miscanthus_sacchariflorus_ssp_lutarioriparius_15wks,FALSE
916,-0.43359086301473226,15.981593806965861,-0.7015567063125981,0.5266801296715949,0.7414258057130396,-5.804416094747296,miscanthus_floridulus_15wks vs miscanthus_sacchariflorus_ssp_lutarioriparius_15wks,FALSE
2769,0.42149141804609513,20.246961635571452,0.700810055562756,0.5270932694770392,0.7414258057130396,-5.804972189506228,miscanthus_floridulus_15wks vs miscanthus_sacchariflorus_ssp_lutarioriparius_15wks,FALSE
368,0.8028974756182414,25.640924889439013,0.7007419945757722,0.5271309413804257,0.7414258057130396,-5.8050228585561845,miscanthus_floridulus_15wks vs miscanthus_sacchariflorus_ssp_lutarioriparius_15wks,FALSE
141,2.15625351091159,17.1686830811297,0.6992069879218803,0.5279811087649393,0.742015864928214,-5.806164649702883,miscanthus_floridulus_15wks vs miscanthus_sacchariflorus_ssp_lutarioriparius_15wks,FALSE
3246,0.4251235985489359,19.16961766495656,0.6967246353168335,0.5293581451488216,0.7433130729145023,-5.808007179107129,miscanthus_floridulus_15wks vs miscanthus_sacchariflorus_ssp_lutarioriparius_15wks,FALSE
5684,0.9010816461808986,19.678862959662624,0.6954134202377432,0.5300866022734978,0.7433130729145023,-5.808978465332739,miscanthus_floridulus_15wks vs miscanthus_sacchariflorus_ssp_lutarioriparius_15wks,FALSE
1072,-0.570180397221062,16.363598204303138,-0.6949012997126517,0.530371319191586,0.7433130729145023,-5.80935745053184,miscanthus_floridulus_15wks vs miscanthus_sacchariflorus_ssp_lutarioriparius_15wks,FALSE
4096,-1.3537885183492975,16.705014185716188,-0.6944366168801472,0.5306297618600335,0.7433130729145023,-5.809701150567286,miscanthus_floridulus_15wks vs miscanthus_sacchariflorus_ssp_lutarioriparius_15wks,FALSE
739,1.42318463400483,17.079109391439204,0.6933040063422676,0.531260080644423,0.743591485743575,-5.810538162358494,miscanthus_floridulus_15wks vs miscanthus_sacchariflorus_ssp_lutarioriparius_15wks,FALSE
2465,1.2817335266491234,19.186450893783494,0.6917015683586373,0.5321528230983652,0.7442364563299377,-5.8117206420632535,miscanthus_floridulus_15wks vs miscanthus_sacchariflorus_ssp_lutarioriparius_15wks,FALSE
2256,-1.3358357743735034,17.303298210099744,-0.6900053017069416,0.5330990588589575,0.7449551325336446,-5.812970135043414,miscanthus_floridulus_15wks vs miscanthus_sacchariflorus_ssp_lutarioriparius_15wks,FALSE
1977,1.092413139295072,16.716278196710906,0.681207942868428,0.5380266281126711,0.7489393492008982,-5.819413491988832,miscanthus_floridulus_15wks vs miscanthus_sacchariflorus_ssp_lutarioriparius_15wks,FALSE
4990,-1.3327766224343804,19.618479871870626,-0.6802165055324999,0.5385840615631386,0.7489393492008982,-5.820135742874211,miscanthus_floridulus_15wks vs miscanthus_sacchariflorus_ssp_lutarioriparius_15wks,FALSE
3462,1.285064480444099,16.9766976078725,0.6800096111191115,0.5387004413408871,0.7489393492008982,-5.820286363150433,miscanthus_floridulus_15wks vs miscanthus_sacchariflorus_ssp_lutarioriparius_15wks,FALSE
970,1.9701191163472522,20.665963756388702,0.6799334702907944,0.5387432758516597,0.7489393492008982,-5.8203417854005925,miscanthus_floridulus_15wks vs miscanthus_sacchariflorus_ssp_lutarioriparius_15wks,FALSE
3576,0.46353519055869086,16.246093184723687,0.679629088831716,0.5389145367410861,0.7489393492008982,-5.820563295296024,miscanthus_floridulus_15wks vs miscanthus_sacchariflorus_ssp_lutarioriparius_15wks,FALSE
965,-0.6211613976169694,16.679090074558772,-0.6791761906683168,0.539169435347987,0.7489393492008982,-5.820892747976252,miscanthus_floridulus_15wks vs miscanthus_sacchariflorus_ssp_lutarioriparius_15wks,FALSE
4502,0.8276491650129856,16.53357855625934,0.6790871028466419,0.5392195859365433,0.7489393492008982,-5.820957533824953,miscanthus_floridulus_15wks vs miscanthus_sacchariflorus_ssp_lutarioriparius_15wks,FALSE
5283,-1.277438708224448,17.645559530142474,-0.6787176738135086,0.5394275869752262,0.7489393492008982,-5.8212261191102,miscanthus_floridulus_15wks vs miscanthus_sacchariflorus_ssp_lutarioriparius_15wks,FALSE
3403,1.2691038982162297,17.074526223781668,0.6763324276657917,0.5407719871349669,0.7502013960012462,-5.822957602988013,miscanthus_floridulus_15wks vs miscanthus_sacchariflorus_ssp_lutarioriparius_15wks,FALSE
2943,-0.43026417347466506,21.72835514897887,-0.6746757327650263,0.5417072051832501,0.7508942192524054,-5.824157508488437,miscanthus_floridulus_15wks vs miscanthus_sacchariflorus_ssp_lutarioriparius_15wks,FALSE
4623,0.4138314438811186,18.0171597006359,0.6716570726465297,0.5434143224026505,0.7525246603933937,-5.826338119902525,miscanthus_floridulus_15wks vs miscanthus_sacchariflorus_ssp_lutarioriparius_15wks,FALSE
172,-0.45162723141546834,25.118428885726754,-0.6710520741358338,0.5437569368483895,0.7525246603933937,-5.826774264517729,miscanthus_floridulus_15wks vs miscanthus_sacchariflorus_ssp_lutarioriparius_15wks,FALSE
1184,1.4070279084977884,17.746294175251567,0.6675503324015244,0.5457431066276273,0.7546672333221524,-5.829292805497798,miscanthus_floridulus_15wks vs miscanthus_sacchariflorus_ssp_lutarioriparius_15wks,FALSE
1616,0.6829670509190571,17.645544390423996,0.6655373303744412,0.5468872709427431,0.7556429573651535,-5.830736063745254,miscanthus_floridulus_15wks vs miscanthus_sacchariflorus_ssp_lutarioriparius_15wks,FALSE
1412,0.6003864695838956,16.257428757638344,0.6621178597011674,0.5488348650540612,0.7577263401347336,-5.833180085105269,miscanthus_floridulus_15wks vs miscanthus_sacchariflorus_ssp_lutarioriparius_15wks,FALSE
2419,0.3906813319153777,21.151432881246652,0.6593193231966361,0.5504325530914458,0.7579906575196156,-5.835173131205132,miscanthus_floridulus_15wks vs miscanthus_sacchariflorus_ssp_lutarioriparius_15wks,FALSE
3636,-0.7677623836616636,16.227928250429247,-0.6590950429789583,0.5505607410476381,0.7579906575196156,-5.83533257775284,miscanthus_floridulus_15wks vs miscanthus_sacchariflorus_ssp_lutarioriparius_15wks,FALSE
4553,0.6719614964791703,16.90371639526351,0.6584108927908333,0.5509519027704343,0.7579906575196156,-5.835818700497648,miscanthus_floridulus_15wks vs miscanthus_sacchariflorus_ssp_lutarioriparius_15wks,FALSE
1427,1.105086436264962,16.66708783876475,0.657119179844926,0.5516909870105018,0.7579906575196156,-5.836735469946187,miscanthus_floridulus_15wks vs miscanthus_sacchariflorus_ssp_lutarioriparius_15wks,FALSE
4547,0.3937155063573776,18.54244997871527,0.6570983653823456,0.5517029023801363,0.7579906575196156,-5.836750231305629,miscanthus_floridulus_15wks vs miscanthus_sacchariflorus_ssp_lutarioriparius_15wks,FALSE
953,0.5268454379134369,21.25367010287889,0.6566012862047929,0.5519875138706766,0.7579906575196156,-5.837102646950664,miscanthus_floridulus_15wks vs miscanthus_sacchariflorus_ssp_lutarioriparius_15wks,FALSE
2040,-0.38998205457348334,16.768997208007335,-0.6563947703813293,0.5521057894295517,0.7579906575196156,-5.837249000788504,miscanthus_floridulus_15wks vs miscanthus_sacchariflorus_ssp_lutarioriparius_15wks,FALSE
4106,0.8964440946367578,16.208994708133343,0.6556171627101229,0.5525513048300482,0.7579983266100103,-5.8377997589266775,miscanthus_floridulus_15wks vs miscanthus_sacchariflorus_ssp_lutarioriparius_15wks,FALSE
4206,-0.40437829852166374,16.31781958754067,-0.6548316332582781,0.5530016229426636,0.7580125666906996,-5.838355617835558,miscanthus_floridulus_15wks vs miscanthus_sacchariflorus_ssp_lutarioriparius_15wks,FALSE
5867,1.9393810081678353,19.48346014115246,0.6532340971608146,0.55391825605737,0.7586654651723755,-5.839484488314175,miscanthus_floridulus_15wks vs miscanthus_sacchariflorus_ssp_lutarioriparius_15wks,FALSE
149,0.3890163110206011,24.27194022533243,0.6510359822674017,0.5551812811461903,0.7593309171227323,-5.841034271235069,miscanthus_floridulus_15wks vs miscanthus_sacchariflorus_ssp_lutarioriparius_15wks,FALSE
46,0.39497330815932585,25.48045299030284,0.6508547259011234,0.5552855226782604,0.7593309171227323,-5.841161886250756,miscanthus_floridulus_15wks vs miscanthus_sacchariflorus_ssp_lutarioriparius_15wks,FALSE
5676,-0.5454683067476864,16.175242373352958,-0.6489352501943815,0.5563902888341974,0.7600660623371582,-5.842511623399111,miscanthus_floridulus_15wks vs miscanthus_sacchariflorus_ssp_lutarioriparius_15wks,FALSE
507,0.42699837814920016,20.625637515494553,0.6477311792234144,0.5570841058594963,0.7600660623371582,-5.843356728253792,miscanthus_floridulus_15wks vs miscanthus_sacchariflorus_ssp_lutarioriparius_15wks,FALSE
3707,1.1282751882686561,17.09877228613609,0.6475238934530292,0.557203612017283,0.7600660623371582,-5.8435020939436,miscanthus_floridulus_15wks vs miscanthus_sacchariflorus_ssp_lutarioriparius_15wks,FALSE
2229,0.9215000779891298,20.697427655115014,0.6468580064134117,0.5575876394626628,0.7600660623371582,-5.843968824419856,miscanthus_floridulus_15wks vs miscanthus_sacchariflorus_ssp_lutarioriparius_15wks,FALSE
3585,-1.0751327869648364,17.647913720827884,-0.643370844004103,0.5596018412749515,0.7622086739262778,-5.846406946708434,miscanthus_floridulus_15wks vs miscanthus_sacchariflorus_ssp_lutarioriparius_15wks,FALSE
2887,1.209963725634509,17.007923284734343,0.6417326126455615,0.5605498877392165,0.7625495367576239,-5.847548815352256,miscanthus_floridulus_15wks vs miscanthus_sacchariflorus_ssp_lutarioriparius_15wks,FALSE
6153,0.8373183319293247,17.037940855950545,0.6405918261592974,0.5612107397259787,0.7625495367576239,-5.8483426205378954,miscanthus_floridulus_15wks vs miscanthus_sacchariflorus_ssp_lutarioriparius_15wks,FALSE
1818,0.38952395589966216,18.660250046182814,0.6402091680467986,0.561432536194392,0.7625495367576239,-5.848608643152906,miscanthus_floridulus_15wks vs miscanthus_sacchariflorus_ssp_lutarioriparius_15wks,FALSE
5624,1.3053251937485975,17.139562043052315,0.6398817210550635,0.5616223808156847,0.7625495367576239,-5.848836184870234,miscanthus_floridulus_15wks vs miscanthus_sacchariflorus_ssp_lutarioriparius_15wks,FALSE
6007,0.6768077220334199,17.87802801183073,0.6388450636820341,0.5622237076606437,0.7627182748780201,-5.849555955977292,miscanthus_floridulus_15wks vs miscanthus_sacchariflorus_ssp_lutarioriparius_15wks,FALSE
3627,1.4298551496947631,19.9827626035026,0.63743124848575194,0.5630445490769409,0.7627182748780201,-5.8505361276071906,miscanthus_floridulus_15wks vs miscanthus_sacchariflorus_ssp_lutarioriparius_15wks,FALSE
1035,-0.9511137664765634,17.264183197129636,-0.6372155134537001,0.5631698768047371,0.7627182748780201,-5.850685543619546,miscanthus_floridulus_15wks vs miscanthus_sacchariflorus_ssp_lutarioriparius_15wks,FALSE
3042,-0.3793922929715201,19.351088469521784,-0.6366175931433912,0.5635173325128959,0.7627182748780201,-5.851099451046691,miscanthus_floridulus_15wks vs miscanthus_sacchariflorus_ssp_lutarioriparius_15wks,FALSE
2135,-0.4512103397889202,15.90816722978649,-0.6348880594350879,0.5645232345123117,0.7631127187252764,-5.852295002568178,miscanthus_floridulus_15wks vs miscanthus_sacchariflorus_ssp_lutarioriparius_15wks,FALSE
675,-1.3501088652604913,17.242329545153005,-0.6337321563877314,0.5651962214802989,0.7631127187252764,-5.853092609613959,miscanthus_floridulus_15wks vs miscanthus_sacchariflorus_ssp_lutarioriparius_15wks,FALSE
2662,-1.587406727244499,18.468598736883266,-0.6335998967809918,0.5652732615997551,0.7631127187252764,-5.85318380008348,miscanthus_floridulus_15wks vs miscanthus_sacchariflorus_ssp_lutarioriparius_15wks,FALSE
4444,-1.290756678740248,16.983592465675592,-0.6330728270352013,0.5655803492815891,0.7631127187252764,-5.853547056524204,miscanthus_floridulus_15wks vs miscanthus_sacchariflorus_ssp_lutarioriparius_15wks,FALSE
4656,1.338608060534348,20.84725338519234,0.630707157602105,0.5669601192627065,0.7642878540176113,-5.855174556644247,miscanthus_floridulus_15wks vs miscanthus_sacchariflorus_ssp_lutarioriparius_15wks,FALSE
5394,-0.9986174223849105,16.65236099811954,-0.630059190520476,0.5673384592504497,0.7642878540176113,-5.8556195018726696,miscanthus_floridulus_15wks vs miscanthus_sacchariflorus_ssp_lutarioriparius_15wks,FALSE
2,1.0387041124689915,16.832137200779858,0.6286235707301642,0.568177335182351,0.7648199597806179,-5.856604031674701,miscanthus_floridulus_15wks vs miscanthus_sacchariflorus_ssp_lutarioriparius_15wks,FALSE
531,-1.3308351463849633,20.079261043040592,-0.6277128425588556,0.5687099546742775,0.764939306716456,-5.857227682180466,miscanthus_floridulus_15wks vs miscanthus_sacchariflorus_ssp_lutarioriparius_15wks,FALSE
408,0.4266821456665184,23.20746051793467,0.6212881380353172,0.5724772898859167,0.7694059052054871,-5.861606953292827,miscanthus_floridulus_15wks vs miscanthus_sacchariflorus_ssp_lutarioriparius_15wks,FALSE
4500,0.5762685361039495,17.49980577329994,0.6183308874554057,0.5742172384633727,0.7711428697368599,-5.863610735258181,miscanthus_floridulus_15wks vs miscanthus_sacchariflorus_ssp_lutarioriparius_15wks,FALSE
3724,-0.74580263446488,17.10956146610763,-0.6159352140021597,0.5756294798227728,0.7724373782980043,-5.865228446137235,miscanthus_floridulus_15wks vs miscanthus_sacchariflorus_ssp_lutarioriparius_15wks,FALSE
1240,0.40710252888143117,26.743104872022236,0.6142591788386971,0.5766189350154634,0.7731629766783216,-5.866357247154089,miscanthus_floridulus_15wks vs miscanthus_sacchariflorus_ssp_lutarioriparius_15wks,FALSE
1916,0.40415938503269544,23.863606710982335,0.6117250473225704,0.5781172168636091,0.7745691793592522,-5.8680593259122285,miscanthus_floridulus_15wks vs miscanthus_sacchariflorus_ssp_lutarioriparius_15wks,FALSE
1358,0.4488919673103524,23.065675094413546,0.6107137749641162,0.5787158761014441,0.7747688069330134,-5.868736994519338,miscanthus_floridulus_15wks vs miscanthus_sacchariflorus_ssp_lutarioriparius_15wks,FALSE
5358,0.7631152773652765,16.69869614798639,0.6095858186041485,0.5793841174781311,0.7750612068438042,-5.869491800323765,miscanthus_floridulus_15wks vs miscanthus_sacchariflorus_ssp_lutarioriparius_15wks,FALSE
535,0.8886207055693234,17.142923482023726,0.6084591266226681,0.5800521430061308,0.7753528645458212,-5.8702446485840145,miscanthus_floridulus_15wks vs miscanthus_sacchariflorus_ssp_lutarioriparius_15wks,FALSE
4252,-1.2773145259608327,18.679001185726378,-0.6055991012217268,0.5817502678708533,0.7754901724977217,-5.872150700988929,miscanthus_floridulus_15wks vs miscanthus_sacchariflorus_ssp_lutarioriparius_15wks,FALSE
5886,-0.6853050097277773,16.484191316699473,-0.6055710313752817,0.581766951176993,0.7754901724977217,-5.8721693724380355,miscanthus_floridulus_15wks vs miscanthus_sacchariflorus_ssp_lutarioriparius_15wks,FALSE
2223,-1.1589929417355087,18.580751375415172,-0.6050329245000817,0.5820868386444891,0.7754901724977217,-5.872527175479982,miscanthus_floridulus_15wks vs miscanthus_sacchariflorus_ssp_lutarioriparius_15wks,FALSE
3768,1.2800852270584144,24.57085397215413,0.6044768678337614,0.5824175240370154,0.7754901724977217,-5.8728966463466845,miscanthus_floridulus_15wks vs miscanthus_sacchariflorus_ssp_lutarioriparius_15wks,FALSE
1165,-0.3685743036274154,16.036333209710065,-0.6037987978987303,0.5828209454737882,0.7754901724977217,-5.873346820531689,miscanthus_floridulus_15wks vs miscanthus_sacchariflorus_ssp_lutarioriparius_15wks,FALSE
399,0.6351590995146452,27.535498782885067,0.6033573691049641,0.5830836793195335,0.7754901724977217,-5.873639669864794,miscanthus_floridulus_15wks vs miscanthus_sacchariflorus_ssp_lutarioriparius_15wks,FALSE
5490,-0.44793257955522137,16.279226165885426,-0.6029848966525482,0.5833054344498243,0.7754901724977217,-5.873886639173436,miscanthus_floridulus_15wks vs miscanthus_sacchariflorus_ssp_lutarioriparius_15wks,FALSE
1090,0.5871975978692667,22.612961837094403,0.6019748103795406,0.5839070910967628,0.7756915327368714,-5.874555765277067,miscanthus_floridulus_15wks vs miscanthus_sacchariflorus_ssp_lutarioriparius_15wks,FALSE
1074,0.3648747723549981,16.40437720251153,0.5999677741231366,0.5851038444484138,0.7766825300343736,-5.875882643139904,miscanthus_floridulus_15wks vs miscanthus_sacchariflorus_ssp_lutarioriparius_15wks,FALSE
5558,0.9613517457726672,15.940683554521575,0.5988829728917718,0.5857513883790755,0.7769435274650862,-5.876598337086031,miscanthus_floridulus_15wks vs miscanthus_sacchariflorus_ssp_lutarioriparius_15wks,FALSE
598,-0.6474221263975224,17.492876679194133,-0.5961900254536622,0.5873609935054207,0.7779376830143206,-5.878370494717628,miscanthus_floridulus_15wks vs miscanthus_sacchariflorus_ssp_lutarioriparius_15wks,FALSE
4877,-0.9750284130562221,16.729532152489558,-0.5961183041513136,0.5874039034252068,0.7779376830143206,-5.8784176046806165,miscanthus_floridulus_15wks vs miscanthus_sacchariflorus_ssp_lutarioriparius_15wks,FALSE
1046,1.2008202157212686,16.806304561243778,0.5951148861774361,0.5880044597510168,0.7781349340637496,-5.87907621827777,miscanthus_floridulus_15wks vs miscanthus_sacchariflorus_ssp_lutarioriparius_15wks,FALSE
125,-0.42004237467472194,16.53064848410398,-0.5921234418334097,0.5897973549007592,0.778968970849929,-5.881034398681703,miscanthus_floridulus_15wks vs miscanthus_sacchariflorus_ssp_lutarioriparius_15wks,FALSE
1810,1.4654327600593753,19.516027183249673,0.5915013983397099,0.5901706377558673,0.778968970849929,-5.881440583185367,miscanthus_floridulus_15wks vs miscanthus_sacchariflorus_ssp_lutarioriparius_15wks,FALSE
834,1.62543930409824,16.81769236181491,0.5909572063697546,0.5904973342425497,0.778968970849929,-5.881795648776562,miscanthus_floridulus_15wks vs miscanthus_sacchariflorus_ssp_lutarioriparius_15wks,FALSE
1999,-0.6048378265680512,22.06192810091556,-0.589664435463469,0.5912739198188739,0.778968970849929,-5.882638074816794,miscanthus_floridulus_15wks vs miscanthus_sacchariflorus_ssp_lutarioriparius_15wks,FALSE
3098,0.4550666997601418,16.287013374854606,0.5896192115711143,0.591301098983023,0.778968970849929,-5.882667517649058,miscanthus_floridulus_15wks vs miscanthus_sacchariflorus_ssp_lutarioriparius_15wks,FALSE
3107,0.3810330361077092,19.740210705953945,0.589542324693303,0.5913473092697081,0.778968970849929,-5.882717570343403,miscanthus_floridulus_15wks vs miscanthus_sacchariflorus_ssp_lutarioriparius_15wks,FALSE
5638,1.6074886446583818,18.754489145756366,0.5875199801676522,0.5925636508335197,0.7795991943652808,-5.884032200161678,miscanthus_floridulus_15wks vs miscanthus_sacchariflorus_ssp_lutarioriparius_15wks,FALSE
2549,-1.0447476895224952,17.167290274419315,-0.5872425059032528,0.5927306701210202,0.7795991943652808,-5.8842122872715175,miscanthus_floridulus_15wks vs miscanthus_sacchariflorus_ssp_lutarioriparius_15wks,FALSE
4187,0.882782401382471,16.56290206827046,0.5859415701956833,0.593514163182921,0.780034251078698,-5.885055703693396,miscanthus_floridulus_15wks vs miscanthus_sacchariflorus_ssp_lutarioriparius_15wks,FALSE
5798,-0.9107459441572594,19.183577667840463,-0.5811309031290769,0.5964174738540728,0.7817981764760386,-5.888161323979811,miscanthus_floridulus_15wks vs miscanthus_sacchariflorus_ssp_lutarioriparius_15wks,FALSE
3978,-1.3069422984151569,16.5433614987157,-0.5809310850857694,0.5965382734539256,0.7817981764760386,-5.888289869657876,miscanthus_floridulus_15wks vs miscanthus_sacchariflorus_ssp_lutarioriparius_15wks,FALSE
3123,0.819607273303232,16.035071653387394,0.5794088207606282,0.5974590948175242,0.7817981764760386,-5.8892679801508105,miscanthus_floridulus_15wks vs miscanthus_sacchariflorus_ssp_lutarioriparius_15wks,FALSE
3780,1.079340282506866,17.196376106956865,0.5788178240425174,0.5978168470423568,0.7817981764760386,-5.889647153115825,miscanthus_floridulus_15wks vs miscanthus_sacchariflorus_ssp_lutarioriparius_15wks,FALSE
2576,-0.6643268854221951,21.656295304709044,-0.578573200379286,0.5979649688348043,0.7817981764760386,-5.889804006908862,miscanthus_floridulus_15wks vs miscanthus_sacchariflorus_ssp_lutarioriparius_15wks,FALSE
963,-1.408596315435883,17.14491017421734,-0.5781890656811367,0.5981976154273048,0.7817981764760386,-5.890050206592534,miscanthus_floridulus_15wks vs miscanthus_sacchariflorus_ssp_lutarioriparius_15wks,FALSE
4793,0.668182456827541,17.19690707225113,0.5771887402042315,0.598803735089918,0.7817981764760386,-5.8906907088169715,miscanthus_floridulus_15wks vs miscanthus_sacchariflorus_ssp_lutarioriparius_15wks,FALSE
3545,-0.6690352695275088,17.005552520611687,-0.5766988965945391,0.5991006922027843,0.7817981764760386,-5.891004022193537,miscanthus_floridulus_15wks vs miscanthus_sacchariflorus_ssp_lutarioriparius_15wks,FALSE
441,-0.39359370764614354,23.41275882758604,-0.5757352750419081,0.5996851543564927,0.7817981764760386,-5.8916197384316,miscanthus_floridulus_15wks vs miscanthus_sacchariflorus_ssp_lutarioriparius_15wks,FALSE
2649,0.9040561791484549,17.62763970494736,0.5751114611746521,0.600063717181313,0.7817981764760386,-5.892017881928344,miscanthus_floridulus_15wks vs miscanthus_sacchariflorus_ssp_lutarioriparius_15wks,FALSE
5281,-0.40596332812969393,17.8252760148117,-0.5747518982717278,0.6002819912035087,0.7817981764760386,-5.892247209233015,miscanthus_floridulus_15wks vs miscanthus_sacchariflorus_ssp_lutarioriparius_15wks,FALSE
3202,-0.8182777918320259,16.001069637929636,-0.5747202407884344,0.6003012115367377,0.7817981764760386,-5.892267394585925,miscanthus_floridulus_15wks vs miscanthus_sacchariflorus_ssp_lutarioriparius_15wks,FALSE
225,-1.7344335906443469,19.157647337485965,-0.5738326482087801,0.6008402662880687,0.7819091985002586,-5.892832968306072,miscanthus_floridulus_15wks vs miscanthus_sacchariflorus_ssp_lutarioriparius_15wks,FALSE
1382,0.37158138690562303,15.414355096900648,0.5714047001513369,0.6023164609757384,0.7832386884990168,-5.894376396563286,miscanthus_floridulus_15wks vs miscanthus_sacchariflorus_ssp_lutarioriparius_15wks,FALSE
390,0.7617897725002578,17.113675035566665,0.5664417329254431,0.6053414417009224,0.7865786606717114,-5.8975145952927805,miscanthus_floridulus_15wks vs miscanthus_sacchariflorus_ssp_lutarioriparius_15wks,FALSE
5081,-0.39315954345646986,20.891760675489834,-0.5643076552158021,0.6066452702271719,0.7871838415207673,-5.898857094999466,miscanthus_floridulus_15wks vs miscanthus_sacchariflorus_ssp_lutarioriparius_15wks,FALSE
5246,-0.820749983007584,17.037186047420395,-0.5641839297538144,0.6067209178987689,0.7871838415207673,-5.898934799799878,miscanthus_floridulus_15wks vs miscanthus_sacchariflorus_ssp_lutarioriparius_15wks,FALSE
1897,1.5783180799701775,17.333827664856923,0.56146430234663,0.6083853106943193,0.7884895513081062,-5.900639289168011,miscanthus_floridulus_15wks vs miscanthus_sacchariflorus_ssp_lutarioriparius_15wks,FALSE
824,0.33725829859659306,16.159390118363767,0.5610444187328522,0.6086425439580855,0.7884895513081062,-5.900901839460102,miscanthus_floridulus_15wks vs miscanthus_sacchariflorus_ssp_lutarioriparius_15wks,FALSE
5082,0.6020565135660014,20.865218759379662,0.5578762192275875,0.6105857801379533,0.7899561255502967,-5.9028776553433415,miscanthus_floridulus_15wks vs miscanthus_sacchariflorus_ssp_lutarioriparius_15wks,FALSE
5,0.33049483312237626,28.886480592806855,0.557703947158916,0.6106915607852554,0.7899561255502967,-5.902984825641366,miscanthus_floridulus_15wks vs miscanthus_sacchariflorus_ssp_lutarioriparius_15wks,FALSE
5656,1.8904815091329041,19.999135693954557,0.5555405966788547,0.6120209489876955,0.791081841789797,-5.904328309023979,miscanthus_floridulus_15wks vs miscanthus_sacchariflorus_ssp_lutarioriparius_15wks,FALSE
4948,0.8077085475309467,16.737990852168004,0.550801537474886,0.6149397160368226,0.7928676376532757,-5.9072562066080545,miscanthus_floridulus_15wks vs miscanthus_sacchariflorus_ssp_lutarioriparius_15wks,FALSE
3729,-0.5995505167098436,23.660504501595938,-0.5505446908184027,0.6150981650007801,0.7928676376532757,-5.90741429648552,miscanthus_floridulus_15wks vs miscanthus_sacchariflorus_ssp_lutarioriparius_15wks,FALSE
284,-0.5679930560748332,21.643792254456475,-0.5504157497951194,0.6151777188425517,0.7928676376532757,-5.907493636932375,miscanthus_floridulus_15wks vs miscanthus_sacchariflorus_ssp_lutarioriparius_15wks,FALSE
283,-0.7231148222629393,16.533419652868297,-0.5502818676055878,0.6152603283455838,0.7928676376532757,-5.907576001427538,miscanthus_floridulus_15wks vs miscanthus_sacchariflorus_ssp_lutarioriparius_15wks,FALSE
4,-0.893759991234198,23.88033924619549,-0.549564052111714,0.6157033657458404,0.7928676376532757,-5.908017317972703,miscanthus_floridulus_15wks vs miscanthus_sacchariflorus_ssp_lutarioriparius_15wks,FALSE
1195,-0.34295453679553844,16.71532886852188,-0.5452395183784455,0.6183768501124804,0.7957156928631843,-5.910665899364472,miscanthus_floridulus_15wks vs miscanthus_sacchariflorus_ssp_lutarioriparius_15wks,FALSE
4376,-0.34670048843129564,21.894810535998438,-0.5430444848165767,0.6197367122028221,0.7964313135974646,-5.91200357237084,miscanthus_floridulus_15wks vs miscanthus_sacchariflorus_ssp_lutarioriparius_15wks,FALSE
2984,0.41185459974847305,16.239084561692398,0.5424048557421327,0.6201333356886556,0.7964313135974646,-5.912392518981394,miscanthus_floridulus_15wks vs miscanthus_sacchariflorus_ssp_lutarioriparius_15wks,FALSE
4728,0.8239439755082785,16.69640637134518,0.5421044184566153,0.6203196882459648,0.7964313135974646,-5.912575076948854,miscanthus_floridulus_15wks vs miscanthus_sacchariflorus_ssp_lutarioriparius_15wks,FALSE
6106,0.3834420609147262,15.993821492638311,0.5394372194044613,0.6219756515979005,0.7978788960711212,-5.914192061449844,miscanthus_floridulus_15wks vs miscanthus_sacchariflorus_ssp_lutarioriparius_15wks,FALSE
4847,0.7444983847548912,16.444313358744388,0.5387973822478686,0.6223733234588432,0.7978788960711212,-5.914578967381473,miscanthus_floridulus_15wks vs miscanthus_sacchariflorus_ssp_lutarioriparius_15wks,FALSE
2032,-0.6928204234022459,23.57702709624203,-0.5361099079431902,0.6240454198416261,0.7994277014030645,-5.916199858572541,miscanthus_floridulus_15wks vs miscanthus_sacchariflorus_ssp_lutarioriparius_15wks,FALSE
3262,0.997000414083363,15.998419476089234,0.533929184635929,0.6254043303200825,0.7995085397492135,-5.91751010771763,miscanthus_floridulus_15wks vs miscanthus_sacchariflorus_ssp_lutarioriparius_15wks,FALSE
5940,-0.9243526141564118,22.336584977419676,-0.5335276034822036,0.6256547795689626,0.7995085397492135,-5.917750900829332,miscanthus_floridulus_15wks vs miscanthus_sacchariflorus_ssp_lutarioriparius_15wks,FALSE
3349,0.32300436335745886,19.045163709149104,0.5313019246052384,0.6270439975251797,0.7995085397492135,-5.919082679550309,miscanthus_floridulus_15wks vs miscanthus_sacchariflorus_ssp_lutarioriparius_15wks,FALSE
1762,1.5388010449595342,18.28900922097193,0.5310317249282062,0.6272127831707837,0.7995085397492135,-5.919244039505925,miscanthus_floridulus_15wks vs miscanthus_sacchariflorus_ssp_lutarioriparius_15wks,FALSE
190,0.9689043041078875,18.03605186508632,0.530917121973664,0.6272843809052755,0.7995085397492135,-5.919312458095125,miscanthus_floridulus_15wks vs miscanthus_sacchariflorus_ssp_lutarioriparius_15wks,FALSE
1632,-1.321425108137273,18.34991285385773,-0.5306103402549088,0.6274760670500403,0.7995085397492135,-5.9194955471780455,miscanthus_floridulus_15wks vs miscanthus_sacchariflorus_ssp_lutarioriparius_15wks,FALSE
4034,1.0516292482384308,16.548252634755173,0.5302448881757436,0.6277044605926456,0.7995085397492135,-5.919713534587987,miscanthus_floridulus_15wks vs miscanthus_sacchariflorus_ssp_lutarioriparius_15wks,FALSE
397,-1.1847243941055794,17.111394113062683,-0.5299976187500699,0.6278590243769209,0.7995085397492135,-5.919860955727809,miscanthus_floridulus_15wks vs miscanthus_sacchariflorus_ssp_lutarioriparius_15wks,FALSE
571,1.384033786334843,17.85666012313343,0.5293168038696625,0.6282847143473216,0.7995085397492135,-5.9202665553138525,miscanthus_floridulus_15wks vs miscanthus_sacchariflorus_ssp_lutarioriparius_15wks,FALSE
670,-0.775357388830237,16.94261999025127,-0.5276521212055082,0.6293263515939471,0.7996051444731179,-5.921256446035211,miscanthus_floridulus_15wks vs miscanthus_sacchariflorus_ssp_lutarioriparius_15wks,FALSE
3340,0.31344466089200296,19.438829764615342,0.5264695414362535,0.6300669861749304,0.7996051444731179,-5.9219580573400235,miscanthus_floridulus_15wks vs miscanthus_sacchariflorus_ssp_lutarioriparius_15wks,FALSE
5546,0.31055167920171556,16.59817906338061,0.5257450659479986,0.6305209873176307,0.7996051444731179,-5.922387222994566,miscanthus_floridulus_15wks vs miscanthus_sacchariflorus_ssp_lutarioriparius_15wks,FALSE
5620,1.3549987935755485,16.641202986795367,0.5256421508243411,0.630585497014829,0.7996051444731179,-5.922448147428815,miscanthus_floridulus_15wks vs miscanthus_sacchariflorus_ssp_lutarioriparius_15wks,FALSE
4921,0.49878625203500704,16.622329964173456,0.5254897767009588,0.6306810164474563,0.7996051444731179,-5.922538332427136,miscanthus_floridulus_15wks vs miscanthus_sacchariflorus_ssp_lutarioriparius_15wks,FALSE
3873,0.3138360108586724,20.849049296482722,0.5196651317895408,0.6343391554318633,0.8036517388302208,-5.925969124003813,miscanthus_floridulus_15wks vs miscanthus_sacchariflorus_ssp_lutarioriparius_15wks,FALSE
3091,1.051890326807051,17.33586524842649,0.5165141738089405,0.6363236206617354,0.8043485927884527,-5.927811543262563,miscanthus_floridulus_15wks vs miscanthus_sacchariflorus_ssp_lutarioriparius_15wks,FALSE
371,0.6941836588096137,22.310900795746228,0.5163992967334273,0.6363960429703126,0.8043485927884527,-5.927878533797027,miscanthus_floridulus_15wks vs miscanthus_sacchariflorus_ssp_lutarioriparius_15wks,FALSE
3966,-0.3059605327975241,19.93493776251102,-0.516110953008513,0.6365778469948065,0.8043485927884527,-5.928046625495904,miscanthus_floridulus_15wks vs miscanthus_sacchariflorus_ssp_lutarioriparius_15wks,FALSE
2489,-0.3714830924081447,16.586849906085234,-0.5158276281758829,0.6367565180286997,0.8043485927884527,-5.928211713562631,miscanthus_floridulus_15wks vs miscanthus_sacchariflorus_ssp_lutarioriparius_15wks,FALSE
6213,-0.5902027199436795,17.005018858355193,-0.5140302535222253,0.6378907092791886,0.8046292791556459,-5.9292572114815485,miscanthus_floridulus_15wks vs miscanthus_sacchariflorus_ssp_lutarioriparius_15wks,FALSE
5719,-0.7482291326024928,16.116454367533397,-0.5139954118700429,0.6379127076765015,0.8046292791556459,-5.929277447472445,miscanthus_floridulus_15wks vs miscanthus_sacchariflorus_ssp_lutarioriparius_15wks,FALSE
874,-0.33913802265118065,15.86411481939885,-0.5131190791293699,0.638466163323205,0.8047382585266146,-5.929786035917825,miscanthus_floridulus_15wks vs miscanthus_sacchariflorus_ssp_lutarioriparius_15wks,FALSE
946,-0.33062412626978244,16.40769719014685,-0.5104200081939712,0.6401726537067352,0.8051642510021577,-5.931347815560409,miscanthus_floridulus_15wks vs miscanthus_sacchariflorus_ssp_lutarioriparius_15wks,FALSE
3840,-1.1803485641937712,19.354186857519274,-0.5102654743618538,0.6402704431466657,0.8051642510021577,-5.93143702153165,miscanthus_floridulus_15wks vs miscanthus_sacchariflorus_ssp_lutarioriparius_15wks,FALSE
5998,0.8392777001451357,17.261290712100866,0.5095707757103092,0.6407101643172239,0.8051642510021577,-5.931837757154358,miscanthus_floridulus_15wks vs miscanthus_sacchariflorus_ssp_lutarioriparius_15wks,FALSE
96,-1.556150589919394,19.10366641684892,-0.5087414645077347,0.6412353346793299,0.8051642510021577,-5.932315532708352,miscanthus_floridulus_15wks vs miscanthus_sacchariflorus_ssp_lutarioriparius_15wks,FALSE
2146,-0.444977571487545,16.73960796060278,-0.5086177538232386,0.6413136985592675,0.8051642510021577,-5.9323867468004705,miscanthus_floridulus_15wks vs miscanthus_sacchariflorus_ssp_lutarioriparius_15wks,FALSE
1440,1.2330912141145554,16.97570768385471,0.5081532939182863,0.6416079608972505,0.8051642510021577,-5.93265398107994,miscanthus_floridulus_15wks vs miscanthus_sacchariflorus_ssp_lutarioriparius_15wks,FALSE
2730,-0.6352277873652117,15.247848212541184,-0.507079455469578,0.6422886182062607,0.8054317970665118,-5.933271031040943,miscanthus_floridulus_15wks vs miscanthus_sacchariflorus_ssp_lutarioriparius_15wks,FALSE
5194,-0.322901721400914,20.45318424215745,-0.504082132072801,0.64419083214096,0.8070014124162946,-5.934987439243894,miscanthus_floridulus_15wks vs miscanthus_sacchariflorus_ssp_lutarioriparius_15wks,FALSE
4509,0.8777842087289116,17.835012033747518,0.503631620333308,0.644477042068962,0.8070014124162946,-5.935244669309779,miscanthus_floridulus_15wks vs miscanthus_sacchariflorus_ssp_lutarioriparius_15wks,FALSE
193,1.6538903460629442,21.6380095945648,0.5021189471167348,0.64543861195512775,0.8076185391421098,-5.936106921047852,miscanthus_floridulus_15wks vs miscanthus_sacchariflorus_ssp_lutarioriparius_15wks,FALSE
5076,-0.37737892404389584,20.96924000861119,-0.4994842297846563,0.6471155290568738,0.8091292137626948,-5.9376034383467164,miscanthus_floridulus_15wks vs miscanthus_sacchariflorus_ssp_lutarioriparius_15wks,FALSE
2407,-0.330084538938479,16.648671200580438,-0.49826316867862175,0.6478935961971548,0.8094086261294106,-5.9382947040403415,miscanthus_floridulus_15wks vs miscanthus_sacchariflorus_ssp_lutarioriparius_15wks,FALSE
678,1.365581657896307,17.410046122200928,0.4976594045696342,0.6482785281825807,0.8094086261294106,-5.9386359682664125,miscanthus_floridulus_15wks vs miscanthus_sacchariflorus_ssp_lutarioriparius_15wks,FALSE
2951,0.8588769535126239,25.300007195860896,0.496265001458369,0.6491680654136038,0.8095369311714782,-5.939422761724152,miscanthus_floridulus_15wks vs miscanthus_sacchariflorus_ssp_lutarioriparius_15wks,FALSE
2612,-0.3585219174984182,19.933641117252712,-0.49602542417325246,0.6493209743929094,0.8095369311714782,-5.939557751997967,miscanthus_floridulus_15wks vs miscanthus_sacchariflorus_ssp_lutarioriparius_15wks,FALSE
3229,0.31590284530071955,17.69506723169905,0.49206932117466273,0.6518490877542614,0.8121012134494522,-5.941778693883979,miscanthus_floridulus_15wks vs miscanthus_sacchariflorus_ssp_lutarioriparius_15wks,FALSE
3820,0.551017633612414,22.30270801670496,0.4896466619297452,0.6534001930740416,0.8134454715798943,-5.943131180399931,miscanthus_floridulus_15wks vs miscanthus_sacchariflorus_ssp_lutarioriparius_15wks,FALSE
3445,1.0834654804544428,17.21370449546666,0.4879773828286948,0.6544702366380024,0.8141700511342473,-5.944059720162352,miscanthus_floridulus_15wks vs miscanthus_sacchariflorus_ssp_lutarioriparius_15wks,FALSE
5071,1.2190105718764777,16.91264493891722,0.4872649004865193,0.6549272727057845,0.8141700511342473,-5.944455203750488,miscanthus_floridulus_15wks vs miscanthus_sacchariflorus_ssp_lutarioriparius_15wks,FALSE
2959,-0.6939862867130806,17.38380473952793,-0.484896658684427,0.6564478005891371,0.8154719253172914,-5.9457661640181865,miscanthus_floridulus_15wks vs miscanthus_sacchariflorus_ssp_lutarioriparius_15wks,FALSE
485,-0.3622172209879082,25.332323497293924,-0.48133335231775914,0.6587395819968738,0.8177293226085112,-5.947728214168986,miscanthus_floridulus_15wks vs miscanthus_sacchariflorus_ssp_lutarioriparius_15wks,FALSE
1945,1.1245615917715561,17.042314307347105,0.47916126204126525,0.6601389150273795,0.8177725115393493,-5.94891805150007,miscanthus_floridulus_15wks vs miscanthus_sacchariflorus_ssp_lutarioriparius_15wks,FALSE
2494,0.8869042789315102,16.71494878402901,0.47915908387697353,0.6601403191564847,0.8177725115393493,-5.948919242314217,miscanthus_floridulus_15wks vs miscanthus_sacchariflorus_ssp_lutarioriparius_15wks,FALSE
1657,-0.29856104740214917,23.351971141992003,-0.4790692397586429,0.660198237696596,0.8177725115393493,-5.948968356471579,miscanthus_floridulus_15wks vs miscanthus_sacchariflorus_ssp_lutarioriparius_15wks,FALSE
2942,-1.23110947225598,18.08971387885379,-0.4778630729021507,0.6609760912859561,0.818121761673874,-5.949626942656898,miscanthus_floridulus_15wks vs miscanthus_sacchariflorus_ssp_lutarioriparius_15wks,FALSE
280,-0.47060683933888825,22.975732090486908,-0.4771598619111836,0.6614298398210716,0.818121761673874,-5.9500102395460726,miscanthus_floridulus_15wks vs miscanthus_sacchariflorus_ssp_lutarioriparius_15wks,FALSE
1528,0.3662925998211737,15.671532009825256,0.4727990766610174,0.6642477435589734,0.8210178351162921,-5.952376161627573,miscanthus_floridulus_15wks vs miscanthus_sacchariflorus_ssp_lutarioriparius_15wks,FALSE
6025,0.8777853813348351,18.16520820815063,0.47063145810515905,0.6656510581722052,0.8221625614557057,-5.953545130916537,miscanthus_floridulus_15wks vs miscanthus_sacchariflorus_ssp_lutarioriparius_15wks,FALSE
129,0.5412284160377325,22.331254396971165,0.46899143749921834,0.6667139571516718,0.8228854929601221,-5.9544264501487785,miscanthus_floridulus_15wks vs miscanthus_sacchariflorus_ssp_lutarioriparius_15wks,FALSE
2937,-1.035217936224793,18.894030636439876,-0.4677439772285448,0.6675230997794478,0.823294417265561,-5.955095010075686,miscanthus_floridulus_15wks vs miscanthus_sacchariflorus_ssp_lutarioriparius_15wks,FALSE
1786,1.0295690796840518,28.44619380750126,0.46485858139776054,0.6693968471627181,0.8250148552656389,-5.956635417903126,miscanthus_floridulus_15wks vs miscanthus_sacchariflorus_ssp_lutarioriparius_15wks,FALSE
4822,0.3805168841672,17.205421944850528,0.4628074234659823,0.6707307009835206,0.8260679040704832,-5.95772536824079,miscanthus_floridulus_15wks vs miscanthus_sacchariflorus_ssp_lutarioriparius_15wks,FALSE
295,1.6219861029927571,21.72708746916307,0.46187338167927666,0.6713386106125625,0.8262260186324608,-5.958220298692993,miscanthus_floridulus_15wks vs miscanthus_sacchariflorus_ssp_lutarioriparius_15wks,FALSE
44,-0.27163647168136507,26.578788369755014,-0.45850771891887043,0.6735317435633685,0.8281977793639207,-5.959996400966941,miscanthus_floridulus_15wks vs miscanthus_sacchariflorus_ssp_lutarioriparius_15wks,FALSE
3234,1.45699509482305,17.441767099713715,0.45786341719308465,0.6739520523742877,0.8281977793639207,-5.960335102595026,miscanthus_floridulus_15wks vs miscanthus_sacchariflorus_ssp_lutarioriparius_15wks,FALSE
1270,-0.36446816978294905,16.083071994140717,-0.45720342369196265,0.6743827535969709,0.8281977793639207,-5.960681618025448,miscanthus_floridulus_15wks vs miscanthus_sacchariflorus_ssp_lutarioriparius_15wks,FALSE
3404,-0.8432255590204605,18.320510962743004,-0.4544078544460187,0.6762088438534655,0.8298488874355562,-5.962144482682716,miscanthus_floridulus_15wks vs miscanthus_sacchariflorus_ssp_lutarioriparius_15wks,FALSE
4051,-1.0264660421814895,17.87974349156038,-0.4504307711672224,0.6788115619511761,0.8321349743087301,-5.9642119503377415,miscanthus_floridulus_15wks vs miscanthus_sacchariflorus_ssp_lutarioriparius_15wks,FALSE
6134,0.6274512042581541,17.3807321354792,0.4500857925048492,0.6790375936610995,0.8321349743087301,-5.964390528271473,miscanthus_floridulus_15wks vs miscanthus_sacchariflorus_ssp_lutarioriparius_15wks,FALSE
5313,0.26404437785098267,20.246646627958167,0.44621374717541157,0.6815774971100866,0.8344620451042051,-5.966386574954504,miscanthus_floridulus_15wks vs miscanthus_sacchariflorus_ssp_lutarioriparius_15wks,FALSE
4302,0.26498122776305877,19.195110797362098,0.4451486055843997,0.6822771246040595,0.8344620451042051,-5.966932975880935,miscanthus_floridulus_15wks vs miscanthus_sacchariflorus_ssp_lutarioriparius_15wks,FALSE
41,0.2630824159178218,25.598246538378483,0.444346411177337,0.6828043043849936,0.8344620451042051,-5.967343724016824,miscanthus_floridulus_15wks vs miscanthus_sacchariflorus_ssp_lutarioriparius_15wks,FALSE
939,1.1478586614204147,16.667956085467996,0.44424075280701936,0.6828737571659484,0.8344620451042051,-5.96739777532946,miscanthus_floridulus_15wks vs miscanthus_sacchariflorus_ssp_lutarioriparius_15wks,FALSE
2051,0.45661475269886864,16.6940585178924,0.4393099749564419,0.6861193233448024,0.837611184075407,-5.9699074888362,miscanthus_floridulus_15wks vs miscanthus_sacchariflorus_ssp_lutarioriparius_15wks,FALSE
1421,-0.6834818565492853,17.019668325279717,-0.4388491422272572,0.6864230945528002,0.837611184075407,-5.970140774439278,miscanthus_floridulus_15wks vs miscanthus_sacchariflorus_ssp_lutarioriparius_15wks,FALSE
2930,0.4659537393836999,16.718372573956856,0.4376382332349183,0.6872216567941054,0.8379921547461031,-5.970752729052764,miscanthus_floridulus_15wks vs miscanthus_sacchariflorus_ssp_lutarioriparius_15wks,FALSE
4165,0.7411052269287595,17.857244714344638,0.4345403901272911,0.6892669474630795,0.839891761300485,-5.972311418692061,miscanthus_floridulus_15wks vs miscanthus_sacchariflorus_ssp_lutarioriparius_15wks,FALSE
1830,-0.3285540060100427,16.10378965502689,-0.4317223688794249,0.6911304101761612,0.8414891266755102,-5.973720730011557,miscanthus_floridulus_15wks vs miscanthus_sacchariflorus_ssp_lutarioriparius_15wks,FALSE
4281,-0.4413632911118164,16.469269126179988,-0.43108144870044895,0.6915546160026248,0.8414891266755102,-5.974040114919981,miscanthus_floridulus_15wks vs miscanthus_sacchariflorus_ssp_lutarioriparius_15wks,FALSE
1544,0.2662164219619534,23.183181189928025,0.4286308571516727,0.693177906982333,0.8428691134301761,-5.975257385722994,miscanthus_floridulus_15wks vs miscanthus_sacchariflorus_ssp_lutarioriparius_15wks,FALSE
1060,-1.1695373224457697,16.686140143272876,-0.4183644986776127,0.700000976305651,0.8505653611950893,-5.980289267142868,miscanthus_floridulus_15wks vs miscanthus_sacchariflorus_ssp_lutarioriparius_15wks,FALSE
976,-1.0059733709473697,17.47414203867417,-0.4170664390458155,0.7008662464430799,0.851016590994663,-5.980917679879641,miscanthus_floridulus_15wks vs miscanthus_sacchariflorus_ssp_lutarioriparius_15wks,FALSE
5160,0.6829352787308416,16.407318578006283,0.4155662435965033,0.7018669723721737,0.8515145491054885,-5.981641759020544,miscanthus_floridulus_15wks vs miscanthus_sacchariflorus_ssp_lutarioriparius_15wks,FALSE
4690,-1.1922760616092347,20.45916068531829,-0.4148810925261113,0.7023242661722429,0.8515145491054885,-5.9819716695223315,miscanthus_floridulus_15wks vs miscanthus_sacchariflorus_ssp_lutarioriparius_15wks,FALSE
4929,-0.704370739912747,17.91781180227437,-0.41423002284769944,0.7027589604341293,0.8515145491054885,-5.982284714556483,miscanthus_floridulus_15wks vs miscanthus_sacchariflorus_ssp_lutarioriparius_15wks,FALSE
87,0.33037294315005283,16.998600612040008,0.4114762151560834,0.704599159139193,0.8531443086414825,-5.983603884367502,miscanthus_floridulus_15wks vs miscanthus_sacchariflorus_ssp_lutarioriparius_15wks,FALSE
2066,-0.30979614811950285,15.259509330946187,-0.4085432720064971,0.70656187565617945,0.8541616336630066,-5.98500012523433,miscanthus_floridulus_15wks vs miscanthus_sacchariflorus_ssp_lutarioriparius_15wks,FALSE
4914,0.2992496469699617,15.618740095131436,0.40795278466725204,0.7069573775703322,0.8541616336630066,-5.985280137364358,miscanthus_floridulus_15wks vs miscanthus_sacchariflorus_ssp_lutarioriparius_15wks,FALSE
3141,0.8123064166956624,17.352732452993504,0.40739710823112196,0.7073296702964401,0.8541616336630066,-5.985543307357,miscanthus_floridulus_15wks vs miscanthus_sacchariflorus_ssp_lutarioriparius_15wks,FALSE
4117,0.24319694491680366,23.092754541013306,0.40725885048947463,0.7074223164463785,0.8541616336630066,-5.985608736205643,miscanthus_floridulus_15wks vs miscanthus_sacchariflorus_ssp_lutarioriparius_15wks,FALSE
1832,-0.5703941744447398,17.142395192760702,-0.40637836355019014,0.7080124785608113,0.854275560616441,-5.986024944673941,miscanthus_floridulus_15wks vs miscanthus_sacchariflorus_ssp_lutarioriparius_15wks,FALSE
3949,0.24304537419484973,17.681316477767613,0.40401078948209673,0.7096006719402093,0.8555926926193006,-5.987140056607274,miscanthus_floridulus_15wks vs miscanthus_sacchariflorus_ssp_lutarioriparius_15wks,FALSE
249,-0.26780523614275253,22.721126264861493,-0.39981148082913687,0.7124221982599042,0.858023390140753,-5.989103366842262,miscanthus_floridulus_15wks vs miscanthus_sacchariflorus_ssp_lutarioriparius_15wks,FALSE
511,0.6742733766227076,25.325293010891137,0.39935966544916435,0.7127261222293997,0.858023390140753,-5.989313495257831,miscanthus_floridulus_15wks vs miscanthus_sacchariflorus_ssp_lutarioriparius_15wks,FALSE
2631,0.8914828932081882,17.32794914065304,0.3986470413087657,0.7132056221857643,0.858023390140753,-5.989644480800369,miscanthus_floridulus_15wks vs miscanthus_sacchariflorus_ssp_lutarioriparius_15wks,FALSE
3287,-0.3153865100116313,16.480076613931082,-0.3980484213993676,0.7136085421193843,0.858023390140753,-5.98992210074069,miscanthus_floridulus_15wks vs miscanthus_sacchariflorus_ssp_lutarioriparius_15wks,FALSE
2637,0.6804193166459775,27.61984844335381,0.3966240490712387,0.7145677350936133,0.8582547661350304,-5.990581152006788,miscanthus_floridulus_15wks vs miscanthus_sacchariflorus_ssp_lutarioriparius_15wks,FALSE
2776,-0.6172391489115476,16.953334940327487,-0.39628343556140433,0.7147972080114733,0.8582547661350304,-5.990738434123769,miscanthus_floridulus_15wks vs miscanthus_sacchariflorus_ssp_lutarioriparius_15wks,FALSE
2384,0.5701577325899869,16.29427097819383,0.3939263569521783,0.7163862257662508,0.8588332264898012,-5.9918234710414335,miscanthus_floridulus_15wks vs miscanthus_sacchariflorus_ssp_lutarioriparius_15wks,FALSE
19,0.23291252698487952,27.361681392512633,0.39338565394174435,0.7167509956045239,0.8588332264898012,-5.992071542340137,miscanthus_floridulus_15wks vs miscanthus_sacchariflorus_ssp_lutarioriparius_15wks,FALSE
5376,1.3358205653819404,18.29348575339684,0.39293301561408295,0.7170564285644851,0.8588332264898012,-5.992278971382883,miscanthus_floridulus_15wks vs miscanthus_sacchariflorus_ssp_lutarioriparius_15wks,FALSE
4803,0.2839717987315744,16.97636355479957,0.39261244101206655,0.7172727875326894,0.8588332264898012,-5.992425748389544,miscanthus_floridulus_15wks vs miscanthus_sacchariflorus_ssp_lutarioriparius_15wks,FALSE
4859,0.5245008408454872,16.275850979038573,0.390958420757343,0.7183896344150151,0.8592914851841271,-5.9931813160333824,miscanthus_floridulus_15wks vs miscanthus_sacchariflorus_ssp_lutarioriparius_15wks,FALSE
4937,0.7489690912127784,16.450370437617543,0.3900006190934987,0.719036779390873,0.8592914851841271,-5.993617516127444,miscanthus_floridulus_15wks vs miscanthus_sacchariflorus_ssp_lutarioriparius_15wks,FALSE
3382,-0.7189545793099796,16.56551668787923,-0.3898306272195672,0.7191516666485847,0.8592914851841271,-5.993694831474845,miscanthus_floridulus_15wks vs miscanthus_sacchariflorus_ssp_lutarioriparius_15wks,FALSE
5189,-0.3312035084233145,16.640678576725946,-0.3890132935577324,0.7197041840761869,0.8593557236058698,-5.9940661398892265,miscanthus_floridulus_15wks vs miscanthus_sacchariflorus_ssp_lutarioriparius_15wks,FALSE
43,-0.8373880498929509,18.78946115299318,-0.3875605059809473,0.7206868023565635,0.859608343296579,-5.994724373565354,miscanthus_floridulus_15wks vs miscanthus_sacchariflorus_ssp_lutarioriparius_15wks,FALSE
641,0.2982941220312405,16.25219584433785,0.3868297361620056,0.7211813292319034,0.859608343296579,-5.99505462263162,miscanthus_floridulus_15wks vs miscanthus_sacchariflorus_ssp_lutarioriparius_15wks,FALSE
5009,-0.3295673915725814,17.76205230892648,-0.3864882816328452,0.7214124575779763,0.859608343296579,-5.995208737312132,miscanthus_floridulus_15wks vs miscanthus_sacchariflorus_ssp_lutarioriparius_15wks,FALSE
753,-1.0373999100340932,18.946761262707074,-0.38226841872326406,0.7242719512474254,0.8624191928122418,-5.997103084783587,miscanthus_floridulus_15wks vs miscanthus_sacchariflorus_ssp_lutarioriparius_15wks,FALSE
18,0.3220772850735223,21.81094685791687,0.3796769479030276,0.7260308283820736,0.8630121152706346,-5.998256987019914,miscanthus_floridulus_15wks vs miscanthus_sacchariflorus_ssp_lutarioriparius_15wks,FALSE
2187,-0.8731300172116647,17.55247755832206,-0.37879742723508425,0.726628260992422,0.8630121152706346,-5.998646974950427,miscanthus_floridulus_15wks vs miscanthus_sacchariflorus_ssp_lutarioriparius_15wks,FALSE
2925,0.4240113336165976,16.755072752353737,0.37821025420305415,0.727027247262513,0.8630121152706346,-5.998906871304939,miscanthus_floridulus_15wks vs miscanthus_sacchariflorus_ssp_lutarioriparius_15wks,FALSE
5322,-0.9861712887393494,18.12432035723159,-0.37738187993225214,0.727590316715206,0.8630121152706346,-5.999272899768518,miscanthus_floridulus_15wks vs miscanthus_sacchariflorus_ssp_lutarioriparius_15wks,FALSE
1622,-0.30412583907542867,16.812628548772274,-0.3772607643688518,0.7276726606204026,0.8630121152706346,-5.999326354610262,miscanthus_floridulus_15wks vs miscanthus_sacchariflorus_ssp_lutarioriparius_15wks,FALSE
2224,0.6783960986934225,18.218700376677766,0.3766625146068601,0.7280794660973293,0.8630121152706346,-5.999590163492065,miscanthus_floridulus_15wks vs miscanthus_sacchariflorus_ssp_lutarioriparius_15wks,FALSE
1902,0.2708429219238475,23.923043591132334,0.37637349303399303,0.7282760392359273,0.8630121152706346,-5.999717474985309,miscanthus_floridulus_15wks vs miscanthus_sacchariflorus_ssp_lutarioriparius_15wks,FALSE
2117,-0.2590885973870378,21.958123415866226,-0.37498126799814213,0.7292233073678251,0.863540727556538,-6.0003294803902065,miscanthus_floridulus_15wks vs miscanthus_sacchariflorus_ssp_lutarioriparius_15wks,FALSE
4237,0.7012621762626949,19.57919670016353,0.3733764368085087,0.7303159906877591,0.8642406950240445,-6.00103235873742,miscanthus_floridulus_15wks vs miscanthus_sacchariflorus_ssp_lutarioriparius_15wks,FALSE
3464,-0.24176333225549484,16.867773252603207,-0.3720002960227784,0.7312536101079017,0.8643011733391385,-6.001632868174951,miscanthus_floridulus_15wks vs miscanthus_sacchariflorus_ssp_lutarioriparius_15wks,FALSE
242,0.22399905015882382,21.167865100910504,0.37139867607326443,0.7316637042720455,0.8643011733391385,-6.001894757421638,miscanthus_floridulus_15wks vs miscanthus_sacchariflorus_ssp_lutarioriparius_15wks,FALSE
729,0.32186623764400224,16.778025475934946,0.37109320143281027,0.7318719744061539,0.8643011733391385,-6.002027583274876,miscanthus_floridulus_15wks vs miscanthus_sacchariflorus_ssp_lutarioriparius_15wks,FALSE
1111,-0.3708215258964813,17.364687573849505,-0.37006992115149423,0.732569851209997,0.8645327764622087,-6.002471790825165,miscanthus_floridulus_15wks vs miscanthus_sacchariflorus_ssp_lutarioriparius_15wks,FALSE
891,0.23831084433455274,16.357678261984102,0.36791854659337186,0.7340381533230581,0.8656726476219228,-6.003402020714001,miscanthus_floridulus_15wks vs miscanthus_sacchariflorus_ssp_lutarioriparius_15wks,FALSE
4026,0.7552984706454531,16.97848895265194,0.3659548648902116,0.7353796121074367,0.8666614717244279,-6.0042467294167166,miscanthus_floridulus_15wks vs miscanthus_sacchariflorus_ssp_lutarioriparius_15wks,FALSE
4873,0.6529172519839577,17.782760913746532,0.3650813444172869,0.7359767280293822,0.866772318793319,-6.004621147851581,miscanthus_floridulus_15wks vs miscanthus_sacchariflorus_ssp_lutarioriparius_15wks,FALSE
5021,-0.33857016025395126,16.49966023283234,-0.3587563529975537,0.7403073362120047,0.871277008397052,-6.007307568604721,miscanthus_floridulus_15wks vs miscanthus_sacchariflorus_ssp_lutarioriparius_15wks,FALSE
2770,1.3728530188013295,18.678764035814446,0.35765961609848473,0.7410594978753466,0.8715669043271143,-6.007768968629151,miscanthus_floridulus_15wks vs miscanthus_sacchariflorus_ssp_lutarioriparius_15wks,FALSE
350,0.360874985223564,21.967519057649923,0.3539505062142996,0.7436059774909864,0.8739652791384512,-6.009319701846784,miscanthus_floridulus_15wks vs miscanthus_sacchariflorus_ssp_lutarioriparius_15wks,FALSE
2811,0.36071509792401457,28.229651162653788,0.35297928110542254,0.7442734567345586,0.8740399633785046,-6.009723282790679,miscanthus_floridulus_15wks vs miscanthus_sacchariflorus_ssp_lutarioriparius_15wks,FALSE
1273,0.26328697135672385,24.726522818842646,0.35238200624394733,0.7446840779104149,0.8740399633785046,-6.009970962273878,miscanthus_floridulus_15wks vs miscanthus_sacchariflorus_ssp_lutarioriparius_15wks,FALSE
2812,0.9685637185768918,18.04096700442822,0.3491907566309197,0.7468798481170386,0.8759242125625384,-6.011287717670557,miscanthus_floridulus_15wks vs miscanthus_sacchariflorus_ssp_lutarioriparius_15wks,FALSE
2317,0.2694106013184694,16.37567447072759,0.3485716174311652,0.7473062057265998,0.8759242125625384,-6.01154189429107,miscanthus_floridulus_15wks vs miscanthus_sacchariflorus_ssp_lutarioriparius_15wks,FALSE
2474,-0.24987682976069436,16.78238603864833,-0.3472366044224878,0.7482259240015967,0.876406027909416,-6.0120885331638085,miscanthus_floridulus_15wks vs miscanthus_sacchariflorus_ssp_lutarioriparius_15wks,FALSE
2575,0.9266190354340011,18.167185201239683,0.3450855460052877,0.7497089468952183,0.8775453339065589,-6.012965207338498,miscanthus_floridulus_15wks vs miscanthus_sacchariflorus_ssp_lutarioriparius_15wks,FALSE
1237,-0.786127439546835,17.131457827985756,-0.3443487698559916,0.7502172239375283,0.8775453339065589,-6.0132643181218075,miscanthus_floridulus_15wks vs miscanthus_sacchariflorus_ssp_lutarioriparius_15wks,FALSE
6281,0.3153005694027371,16.634692781241004,0.3432423364776254,0.7509808161178172,0.8778425686370414,-6.013712381133858,miscanthus_floridulus_15wks vs miscanthus_sacchariflorus_ssp_lutarioriparius_15wks,FALSE
5792,0.30130088889216466,16.323473756431508,0.3413968624117488,0.7522552506290803,0.8780688180024141,-6.014456737462883,miscanthus_floridulus_15wks vs miscanthus_sacchariflorus_ssp_lutarioriparius_15wks,FALSE
4006,0.5554893875079223,17.1644392289555,0.34138030161391897,0.7522666915976612,0.8780688180024141,-6.014463400186386,miscanthus_floridulus_15wks vs miscanthus_sacchariflorus_ssp_lutarioriparius_15wks,FALSE
2767,0.44704503844378607,16.397853659409737,0.3407485170812103,0.7527032177536654,0.8780688180024141,-6.014717354049526,miscanthus_floridulus_15wks vs miscanthus_sacchariflorus_ssp_lutarioriparius_15wks,FALSE
3200,0.5658653039636938,17.592253279202197,0.33964105565503466,0.7534686907971613,0.8782306448936832,-6.0151614536587426,miscanthus_floridulus_15wks vs miscanthus_sacchariflorus_ssp_lutarioriparius_15wks,FALSE
1272,0.20242112228284626,17.569596681048584,0.33831187213993863,0.754387890297257,0.8782306448936832,-6.01569268414072,miscanthus_floridulus_15wks vs miscanthus_sacchariflorus_ssp_lutarioriparius_15wks,FALSE
710,0.2324127517445298,23.746698149546248,0.3378010955775731,0.7547412557842992,0.8782306448936832,-6.015896307388564,miscanthus_floridulus_15wks vs miscanthus_sacchariflorus_ssp_lutarioriparius_15wks,FALSE
4478,0.680505568531224,16.577470105321776,0.3375994478015624,0.7548807806660155,0.8782306448936832,-6.015976616044533,miscanthus_floridulus_15wks vs miscanthus_sacchariflorus_ssp_lutarioriparius_15wks,FALSE
6006,-0.2513454650574385,16.084142069817663,-0.3358806529607345,0.7560705348931483,0.8788059221956573,-6.0166593287223264,miscanthus_floridulus_15wks vs miscanthus_sacchariflorus_ssp_lutarioriparius_15wks,FALSE
1173,-0.25980663141775295,16.902580000539235,-0.33529263035009094,0.7564777622330118,0.8788059221956573,-6.016892146322411,miscanthus_floridulus_15wks vs miscanthus_sacchariflorus_ssp_lutarioriparius_15wks,FALSE
549,0.39184862950445876,16.2470739001254,0.33408950325336767,0.7573112835305277,0.8788059221956573,-6.017367315758769,miscanthus_floridulus_15wks vs miscanthus_sacchariflorus_ssp_lutarioriparius_15wks,FALSE
5284,-0.5935120647866476,17.337165207180867,-0.3339392106177656,0.7574154349742026,0.8788059221956573,-6.017426560920031,miscanthus_floridulus_15wks vs miscanthus_sacchariflorus_ssp_lutarioriparius_15wks,FALSE
3735,0.22458955132871594,16.912665423513424,0.33210542284218114,0.7586867570414473,0.8796886153313686,-6.0181474292191925,miscanthus_floridulus_15wks vs miscanthus_sacchariflorus_ssp_lutarioriparius_15wks,FALSE
907,-0.19548967284441332,20.87195831066229,-0.32657219416418476,0.7625286461034968,0.8828949566777986,-6.020300024866946,miscanthus_floridulus_15wks vs miscanthus_sacchariflorus_ssp_lutarioriparius_15wks,FALSE
2070,0.3901981373811907,23.418046033991878,0.32605199169366456,0.7628902861064129,0.8828949566777986,-6.020500655981865,miscanthus_floridulus_15wks vs miscanthus_sacchariflorus_ssp_lutarioriparius_15wks,FALSE
3421,0.48301909846004776,15.967335979584071,0.32578821535321933,0.763073690248823,0.8828949566777986,-6.020602274306512,miscanthus_floridulus_15wks vs miscanthus_sacchariflorus_ssp_lutarioriparius_15wks,FALSE
4829,-0.3129638401299495,21.840598875449867,-0.3246482131518434,0.7638665616653089,0.8828949566777986,-6.021040566112359,miscanthus_floridulus_15wks vs miscanthus_sacchariflorus_ssp_lutarioriparius_15wks,FALSE
198,0.21325255749037453,20.079282483118703,0.3238997348193735,0.764387327467227,0.8828949566777986,-6.0213275461679405,miscanthus_floridulus_15wks vs miscanthus_sacchariflorus_ssp_lutarioriparius_15wks,FALSE
5050,0.3304283732782416,24.12162473700505,0.3236996487699138,0.7645265672450815,0.8828949566777986,-6.021404157413894,miscanthus_floridulus_15wks vs miscanthus_sacchariflorus_ssp_lutarioriparius_15wks,FALSE
1462,1.0249508050757576,18.80491111731238,0.32172708427129953,0.7658998753002243,0.8830184104945509,-6.022157055486409,miscanthus_floridulus_15wks vs miscanthus_sacchariflorus_ssp_lutarioriparius_15wks,FALSE
888,-0.2410615297588805,16.241178905938348,-0.3212074736341145,0.7662618118266784,0.8830184104945509,-6.022354663479152,miscanthus_floridulus_15wks vs miscanthus_sacchariflorus_ssp_lutarioriparius_15wks,FALSE
3156,-0.6625038477562093,16.605517399331426,-0.32118926990586216,0.7662744930623936,0.8830184104945509,-6.022361580916854,miscanthus_floridulus_15wks vs miscanthus_sacchariflorus_ssp_lutarioriparius_15wks,FALSE
731,-0.2526723788841707,15.975131535735821,-0.31909023164334094,0.7677373624966768,0.8830184104945509,-6.023156746054921,miscanthus_floridulus_15wks vs miscanthus_sacchariflorus_ssp_lutarioriparius_15wks,FALSE
5353,-0.3637916730786479,16.05039769608444,-0.3176008373640722,0.7687760994435926,0.8830184104945509,-6.023717989019464,miscanthus_floridulus_15wks vs miscanthus_sacchariflorus_ssp_lutarioriparius_15wks,FALSE
767,0.723721146289563,18.097555168542602,0.31704088507122985,0.7691667816494775,0.8830184104945509,-6.0239283545858235,miscanthus_floridulus_15wks vs miscanthus_sacchariflorus_ssp_lutarioriparius_15wks,FALSE
3519,0.6282856197932674,18.53804571444867,0.31662903270992815,0.769454188924155,0.8830184104945509,-6.024082858214928,miscanthus_floridulus_15wks vs miscanthus_sacchariflorus_ssp_lutarioriparius_15wks,FALSE
219,1.1931871208216975,20.571721152577883,0.3164433474125086,0.7695837829714828,0.8830184104945509,-6.024152454953572,miscanthus_floridulus_15wks vs miscanthus_sacchariflorus_ssp_lutarioriparius_15wks,FALSE
3596,0.19066416239479622,23.96379708782466,0.3164419432026739,0.7695847630381327,0.8830184104945509,-6.024152981119253,miscanthus_floridulus_15wks vs miscanthus_sacchariflorus_ssp_lutarioriparius_15wks,FALSE
2919,-0.9189570071891637,19.162325526722782,-0.31619323245190495,0.7697583590033752,0.8830184104945509,-6.024246139819403,miscanthus_floridulus_15wks vs miscanthus_sacchariflorus_ssp_lutarioriparius_15wks,FALSE
4420,-0.45587879231421624,17.09394040546927,-0.3152772614366537,0.77039783853982,0.8831534039446132,-6.024588636934167,miscanthus_floridulus_15wks vs miscanthus_sacchariflorus_ssp_lutarioriparius_15wks,FALSE
1430,0.24516366562333047,16.940248811084917,0.3132897473280781,0.7717862023554414,0.8831534039446132,-6.025328582380345,miscanthus_floridulus_15wks vs miscanthus_sacchariflorus_ssp_lutarioriparius_15wks,FALSE
1436,-0.3932063747607941,18.562620196077102,-0.3131935092383852,0.7718534562743078,0.8831534039446132,-6.025364299573814,miscanthus_floridulus_15wks vs miscanthus_sacchariflorus_ssp_lutarioriparius_15wks,FALSE
3105,0.18922740574024033,20.025345936586593,0.3130892669133537,0.771926306639923,0.8831534039446132,-6.025402975736483,miscanthus_floridulus_15wks vs miscanthus_sacchariflorus_ssp_lutarioriparius_15wks,FALSE
2516,-0.18904354269189128,16.744913449972533,-0.3107982414667455,0.7735281524302113,0.883816961376092,-6.0262499295791985,miscanthus_floridulus_15wks vs miscanthus_sacchariflorus_ssp_lutarioriparius_15wks,FALSE
4770,-0.4685180504200268,17.5775803523871,-0.31026446432338717,0.7739015655729448,0.883816961376092,-6.026446415105903,miscanthus_floridulus_15wks vs miscanthus_sacchariflorus_ssp_lutarioriparius_15wks,FALSE
2988,-0.33457410769595697,16.40099964533359,-0.3100592452870718,0.7740451507350684,0.883816961376092,-6.026521872230282,miscanthus_floridulus_15wks vs miscanthus_sacchariflorus_ssp_lutarioriparius_15wks,FALSE
5504,-0.2272561036677736,16.66985169532839,-0.3034752417121737,0.7786577967053491,0.8874534459386668,-6.028917710701135,miscanthus_floridulus_15wks vs miscanthus_sacchariflorus_ssp_lutarioriparius_15wks,FALSE
2072,0.20204937758668606,21.989602739071024,0.30345085628233903,0.7786749023481775,0.8874534459386668,-6.028926493883605,miscanthus_floridulus_15wks vs miscanthus_sacchariflorus_ssp_lutarioriparius_15wks,FALSE
3760,0.1872914488655688,17.209978440634288,0.30330792778658516,0.7787751655596425,0.8874534459386668,-6.0289779606657605,miscanthus_floridulus_15wks vs miscanthus_sacchariflorus_ssp_lutarioriparius_15wks,FALSE
4405,-0.2425585322417163,16.731887739733406,-0.29884015234776296,0.7819120081521101,0.8903884824701921,-6.030575174466017,miscanthus_floridulus_15wks vs miscanthus_sacchariflorus_ssp_lutarioriparius_15wks,FALSE
4286,-0.2358231123936605,19.342728883095493,-0.2975202477127029,0.7828397264536756,0.8903884824701921,-6.031042737926091,miscanthus_floridulus_15wks vs miscanthus_sacchariflorus_ssp_lutarioriparius_15wks,FALSE
3597,-0.2990285039759861,16.289071497684766,-0.2969805350149856,0.7832192047286868,0.8903884824701921,-6.0312333606444355,miscanthus_floridulus_15wks vs miscanthus_sacchariflorus_ssp_lutarioriparius_15wks,FALSE
1635,0.813389822097907,18.832434133712624,0.2966980684779815,0.7834178406412137,0.8903884824701921,-6.031332994980456,miscanthus_floridulus_15wks vs miscanthus_sacchariflorus_ssp_lutarioriparius_15wks,FALSE
117,-0.5700707289415625,18.912428920391086,-0.2942762552238782,0.7851217612108966,0.8917368454623433,-6.032183548190728,miscanthus_floridulus_15wks vs miscanthus_sacchariflorus_ssp_lutarioriparius_15wks,FALSE
1991,-0.512949194089579,16.42273902871543,-0.29181885460504964,0.7868522773644343,0.8930246627005676,-6.033039834073283,miscanthus_floridulus_15wks vs miscanthus_sacchariflorus_ssp_lutarioriparius_15wks,FALSE
2529,0.1768596387664303,20.007350588348178,0.2907539545689362,0.78760267071473,0.8930246627005676,-6.0334087817485305,miscanthus_floridulus_15wks vs miscanthus_sacchariflorus_ssp_lutarioriparius_15wks,FALSE
374,0.1717856663359889,20.30547322045222,0.29045909603230013,0.7878104975652134,0.8930246627005676,-6.0335107124784635,miscanthus_floridulus_15wks vs miscanthus_sacchariflorus_ssp_lutarioriparius_15wks,FALSE
462,0.8462305555706209,18.552246071112727,0.28970817843222313,0.7883398720017267,0.8930372120045859,-6.033769855898729,miscanthus_floridulus_15wks vs miscanthus_sacchariflorus_ssp_lutarioriparius_15wks,FALSE
8,0.25195948851996874,23.493089020844213,0.28777670561504887,0.7897021658638859,0.893992662144202,-6.034433480612669,miscanthus_floridulus_15wks vs miscanthus_sacchariflorus_ssp_lutarioriparius_15wks,FALSE
6103,-0.5704491827606724,16.73467430183631,-0.2863218491959421,0.7907289239524504,0.8943264765061181,-6.034930558004596,miscanthus_floridulus_15wks vs miscanthus_sacchariflorus_ssp_lutarioriparius_15wks,FALSE
2136,0.3945689732364066,19.381430786607154,0.2842954901664485,0.7921599120300822,0.8943264765061181,-6.035618901976475,miscanthus_floridulus_15wks vs miscanthus_sacchariflorus_ssp_lutarioriparius_15wks,FALSE
2808,-0.2461017356210462,16.641054040690488,-0.28328690945531865,0.792872544956491,0.8943264765061181,-6.035959775886114,miscanthus_floridulus_15wks vs miscanthus_sacchariflorus_ssp_lutarioriparius_15wks,FALSE
274,0.18097421527999202,22.245357908473064,0.2831817227627928,0.7929468814696256,0.8943264765061181,-6.035995259764657,miscanthus_floridulus_15wks vs miscanthus_sacchariflorus_ssp_lutarioriparius_15wks,FALSE
2222,0.5893030036883644,23.790893107305347,0.28316009769193584,0.7929621644735105,0.8943264765061181,-6.036002553250817,miscanthus_floridulus_15wks vs miscanthus_sacchariflorus_ssp_lutarioriparius_15wks,FALSE
400,-1.1354774375975367,20.303611492232026,-0.2829490125714924,0.7931113500298017,0.8943264765061181,-6.036073718036124,miscanthus_floridulus_15wks vs miscanthus_sacchariflorus_ssp_lutarioriparius_15wks,FALSE
5038,-0.20075053545869714,15.981646816105243,-0.2816667714939144,0.7940178211760551,0.8947630515934224,-6.036504923031309,miscanthus_floridulus_15wks vs miscanthus_sacchariflorus_ssp_lutarioriparius_15wks,FALSE
362,-0.16797913688431265,20.451833637858318,-0.2799323190726101,0.795244634371563,0.8955587020156299,-6.037085230285953,miscanthus_floridulus_15wks vs miscanthus_sacchariflorus_ssp_lutarioriparius_15wks,FALSE
1535,-0.17176842239915047,21.848655022348055,-0.277829408976637,0.7967330692496251,0.8955587020156299,-6.037784227402168,miscanthus_floridulus_15wks vs miscanthus_sacchariflorus_ssp_lutarioriparius_15wks,FALSE
5334,-0.21577256129667077,16.360765313789233,-0.2776691762533976,0.7968465265375461,0.8955587020156299,-6.03783728169511,miscanthus_floridulus_15wks vs miscanthus_sacchariflorus_ssp_lutarioriparius_15wks,FALSE
950,0.28763312318203127,15.707278554195572,0.2770872599028152,0.7972586221447047,0.8955587020156299,-6.0380297129049785,miscanthus_floridulus_15wks vs miscanthus_sacchariflorus_ssp_lutarioriparius_15wks,FALSE
4339,0.17307298468072574,24.624268485851097,0.2768253448956627,0.797444129733022,0.8955587020156299,-6.0381161985535385,miscanthus_floridulus_15wks vs miscanthus_sacchariflorus_ssp_lutarioriparius_15wks,FALSE
2608,-0.3477548413995386,23.865686347173586,-0.2758623679715914,0.7981263265687717,0.8955587020156299,-6.0384335067328765,miscanthus_floridulus_15wks vs miscanthus_sacchariflorus_ssp_lutarioriparius_15wks,FALSE
3204,0.5300985981948507,18.157913052512328,0.27524048212112423,0.7985670071896653,0.8955587020156299,-6.0386378614521155,miscanthus_floridulus_15wks vs miscanthus_sacchariflorus_ssp_lutarioriparius_15wks,FALSE
1368,-0.19067396272410875,16.504302529291152,-0.2747960162867026,0.7988820226337917,0.8955587020156299,-6.0387836450475145,miscanthus_floridulus_15wks vs miscanthus_sacchariflorus_ssp_lutarioriparius_15wks,FALSE
2558,0.7420655264835219,18.155282782823868,0.27308346067498496,0.8000962494830017,0.8957854201632423,-6.039343253000832,miscanthus_floridulus_15wks vs miscanthus_sacchariflorus_ssp_lutarioriparius_15wks,FALSE
4747,-0.19529950923960726,21.4886023818511,-0.27265806671739007,0.8003979709617737,0.8957854201632423,-6.039481739392634,miscanthus_floridulus_15wks vs miscanthus_sacchariflorus_ssp_lutarioriparius_15wks,FALSE
1787,0.37688280884392,25.238650433455224,0.2723112920396727,0.8006439623049293,0.8957854201632423,-6.0395944786306215,miscanthus_floridulus_15wks vs miscanthus_sacchariflorus_ssp_lutarioriparius_15wks,FALSE
5455,0.16853586677188304,16.562452056376618,0.2708147562441133,0.8017058939079542,0.8963914699567846,-6.040079440127106,miscanthus_floridulus_15wks vs miscanthus_sacchariflorus_ssp_lutarioriparius_15wks,FALSE
809,0.27035150815317976,21.279389927250143,0.2690611638862584,0.8029509204009655,0.8972013202664485,-6.04064444779627,miscanthus_floridulus_15wks vs miscanthus_sacchariflorus_ssp_lutarioriparius_15wks,FALSE
3969,0.34396951687241284,17.82517813406517,0.26726807016285437,0.8042247573201591,0.8980422921987259,-6.041218548328962,miscanthus_floridulus_15wks vs miscanthus_sacchariflorus_ssp_lutarioriparius_15wks,FALSE
5328,-0.35219046061183334,17.37421667857655,-0.2659858947381778,0.8051361031335569,0.8984776591315534,-6.041626811331089,miscanthus_floridulus_15wks vs miscanthus_sacchariflorus_ssp_lutarioriparius_15wks,FALSE
3842,0.9663955185139521,19.70700868745358,0.2643719915743376,0.8062837911604649,0.898883984391571,-6.042138025939957,miscanthus_floridulus_15wks vs miscanthus_sacchariflorus_ssp_lutarioriparius_15wks,FALSE
3353,0.16011499269034246,21.30935699671918,0.2640067495519398,0.8065436099067724,0.898883984391571,-6.0422533048292335,miscanthus_floridulus_15wks vs miscanthus_sacchariflorus_ssp_lutarioriparius_15wks,FALSE
1268,0.1822619846388065,23.45719429075024,0.2631171943547765,0.8071765363343073,0.8990078681991025,-6.042533429662644,miscanthus_floridulus_15wks vs miscanthus_sacchariflorus_ssp_lutarioriparius_15wks,FALSE
2906,0.29270464857629364,16.037353905394532,0.26173529390675815,0.8081601409053665,0.8995219139405339,-6.042966797059227,miscanthus_floridulus_15wks vs miscanthus_sacchariflorus_ssp_lutarioriparius_15wks,FALSE
1200,0.22005839848080555,16.198006430705366,0.2605257734007604,0.8090214176054098,0.8998992269426217,-6.043344308191165,miscanthus_floridulus_15wks vs miscanthus_sacchariflorus_ssp_lutarioriparius_15wks,FALSE
1940,-0.21967025882501012,15.6739465385325,-0.25774963067506346,0.8109995482529786,0.9004438828582675,-6.044204437057574,miscanthus_floridulus_15wks vs miscanthus_sacchariflorus_ssp_lutarioriparius_15wks,FALSE
5474,-0.17813410079011405,16.786566806381384,-0.25771650889367403,0.8110231598754157,0.9004438828582675,-6.044214645699566,miscanthus_floridulus_15wks vs miscanthus_sacchariflorus_ssp_lutarioriparius_15wks,FALSE
2052,-0.6603272043748305,18.67599017720438,-0.25763835083065095,0.811078877652949,0.9004438828582675,-6.044238730218348,miscanthus_floridulus_15wks vs miscanthus_sacchariflorus_ssp_lutarioriparius_15wks,FALSE
3886,-0.16271242107532302,21.979273728958724,-0.2558724221765427,0.8123381596624497,0.9012612035405028,-6.044781032018691,miscanthus_floridulus_15wks vs miscanthus_sacchariflorus_ssp_lutarioriparius_15wks,FALSE
4607,-0.4317321544569559,17.2462376138331,-0.2518992324488102,0.8151740558432978,0.9033141732979618,-6.045988047987909,miscanthus_floridulus_15wks vs miscanthus_sacchariflorus_ssp_lutarioriparius_15wks,FALSE
1697,0.16899236166851495,22.84926212550457,0.2509100207099554,0.8158806730066757,0.9033141732979618,-6.0462857340991985,miscanthus_floridulus_15wks vs miscanthus_sacchariflorus_ssp_lutarioriparius_15wks,FALSE
1573,0.21535081095750286,16.29379460885092,0.25058774968719033,0.8161109266227513,0.9033141732979618,-6.0463824724010875,miscanthus_floridulus_15wks vs miscanthus_sacchariflorus_ssp_lutarioriparius_15wks,FALSE
2911,0.15568131524384654,21.728642892836895,0.2503432284444376,0.8162856458647282,0.9033141732979618,-6.04645579213007,miscanthus_floridulus_15wks vs miscanthus_sacchariflorus_ssp_lutarioriparius_15wks,FALSE
4409,-0.38418004296539365,16.61005623128455,-0.24718881543171642,0.8185407942245138,0.9052283622906528,-6.047395459645741,miscanthus_floridulus_15wks vs miscanthus_sacchariflorus_ssp_lutarioriparius_15wks,FALSE
3560,-0.6358707337911369,17.630279052021923,-0.2453453553690779,0.8198597483838989,0.9061054178739306,-6.04793928970807,miscanthus_floridulus_15wks vs miscanthus_sacchariflorus_ssp_lutarioriparius_15wks,FALSE
6094,0.1536643839327425,21.826889389540263,0.2431581569944434,0.8214256169980765,0.9072540628767217,-6.0485794304617135,miscanthus_floridulus_15wks vs miscanthus_sacchariflorus_ssp_lutarioriparius_15wks,FALSE
4494,0.15678112675468014,16.623166673789658,0.24195244200927996,0.8222892684253761,0.9076261431754793,-6.04892994890854,miscanthus_floridulus_15wks vs miscanthus_sacchariflorus_ssp_lutarioriparius_15wks,FALSE
747,-0.27696300773353144,22.000980491968424,-0.2403465188256596,0.8234400826529722,0.9076934059540662,-6.049394200712153,miscanthus_floridulus_15wks vs miscanthus_sacchariflorus_ssp_lutarioriparius_15wks,FALSE
1176,-0.8900159889605561,19.317857856763393,-0.2403084592269282,0.8234673632177202,0.9076934059540662,-6.049405167032484,miscanthus_floridulus_15wks vs miscanthus_sacchariflorus_ssp_lutarioriparius_15wks,FALSE
5902,0.5010896785810672,16.790012746347237,0.23915834727384785,0.8242918952636414,0.9076934059540662,-6.0497357636702045,miscanthus_floridulus_15wks vs miscanthus_sacchariflorus_ssp_lutarioriparius_15wks,FALSE
3712,0.2152318378878384,16.581494209972142,0.23792783685743596,0.8251743837058502,0.9076934059540662,-6.050087773531382,miscanthus_floridulus_15wks vs miscanthus_sacchariflorus_ssp_lutarioriparius_15wks,FALSE
2958,-0.15442061895760162,19.69380045426189,-0.23742563192126237,0.8255346453548169,0.9076934059540662,-6.050230934042914,miscanthus_floridulus_15wks vs miscanthus_sacchariflorus_ssp_lutarioriparius_15wks,FALSE
2125,-0.1536930651468822,19.717994476274676,-0.2372549199341059,0.8256571196560832,0.9076934059540662,-6.050279531275597,miscanthus_floridulus_15wks vs miscanthus_sacchariflorus_ssp_lutarioriparius_15wks,FALSE
101,-0.15237955564549566,23.285063554903008,-0.2363181697433775,0.8263292861055916,0.9076934059540662,-6.050545597964785,miscanthus_floridulus_15wks vs miscanthus_sacchariflorus_ssp_lutarioriparius_15wks,FALSE
1615,-0.19097164949003087,16.410645134525033,-0.23599017187517435,0.8265646859790655,0.9076934059540662,-6.050638519138697,miscanthus_floridulus_15wks vs miscanthus_sacchariflorus_ssp_lutarioriparius_15wks,FALSE
2012,0.5363286302281409,19.225525747675746,0.23153290824830902,0.8297658800287097,0.9103441351577266,-6.051888872948966,miscanthus_floridulus_15wks vs miscanthus_sacchariflorus_ssp_lutarioriparius_15wks,FALSE
3922,0.4550791544868815,17.690654079467414,0.2311581913728551,0.8300351922999353,0.9103441351577266,-6.051992936978268,miscanthus_floridulus_15wks vs miscanthus_sacchariflorus_ssp_lutarioriparius_15wks,FALSE
373,0.6003119718898837,19.27732554791303,0.22956425986898799,0.8311810941388285,0.910581133506643,-6.0524337693491574,miscanthus_floridulus_15wks vs miscanthus_sacchariflorus_ssp_lutarioriparius_15wks,FALSE
6156,0.29333325533712795,16.614614361482346,0.22938742699226014,0.8313082547916132,0.910581133506643,-6.052482493774578,miscanthus_floridulus_15wks vs miscanthus_sacchariflorus_ssp_lutarioriparius_15wks,FALSE
357,-0.1382764722217047,20.235027675934305,-0.22389512219299912,0.8352610039134039,0.9140559848846689,-6.053977714430872,miscanthus_floridulus_15wks vs miscanthus_sacchariflorus_ssp_lutarioriparius_15wks,FALSE
2514,0.4068129310452768,24.810682237550274,0.22350556474797642,0.8355415996479126,0.9140559848846689,-6.0540824322824625,miscanthus_floridulus_15wks vs miscanthus_sacchariflorus_ssp_lutarioriparius_15wks,FALSE
695,0.4176054019931108,18.612836859374696,0.22159256621239698,0.8369199685854259,0.9149829351984068,-6.054594100938606,miscanthus_floridulus_15wks vs miscanthus_sacchariflorus_ssp_lutarioriparius_15wks,FALSE
5278,-0.21252190004257088,16.607478434796455,-0.21857168953836326,0.8390981007598036,0.9167825159220936,-6.055393394283924,miscanthus_floridulus_15wks vs miscanthus_sacchariflorus_ssp_lutarioriparius_15wks,FALSE
1696,0.36115336484775895,17.088474119013906,0.2165187645645581,0.8405793565043959,0.9174398928842262,-6.055930492613154,miscanthus_floridulus_15wks vs miscanthus_sacchariflorus_ssp_lutarioriparius_15wks,FALSE
4556,-0.3853067351486992,17.123438776311954,-0.21626196181957172,0.8407647074081214,0.9174398928842262,-6.055997332121553,miscanthus_floridulus_15wks vs miscanthus_sacchariflorus_ssp_lutarioriparius_15wks,FALSE
1760,-0.14610550209567563,16.21013892546946,-0.21073775389126154,0.8447550176271351,0.9206307724927706,-6.057416461442418,miscanthus_floridulus_15wks vs miscanthus_sacchariflorus_ssp_lutarioriparius_15wks,FALSE
406,0.12473658038976865,22.01929157473801,0.21073425656434774,0.8447575457406096,0.9206307724927706,-6.057417348559632,miscanthus_floridulus_15wks vs miscanthus_sacchariflorus_ssp_lutarioriparius_15wks,FALSE
2961,0.8006003525096546,19.670915484172685,0.20719680172141058,0.8473158709818084,0.9228351742741188,-6.058307300846964,miscanthus_floridulus_15wks vs miscanthus_sacchariflorus_ssp_lutarioriparius_15wks,FALSE
819,0.12691023626150866,21.67431687006095,0.20634018939186485,0.8479357418086324,0.9229269002755992,-6.058520599288075,miscanthus_floridulus_15wks vs miscanthus_sacchariflorus_ssp_lutarioriparius_15wks,FALSE
389,0.6104685166895081,18.74560442102388,0.20264419132942219,0.8506118671966724,0.925255206552946,-6.059431031165326,miscanthus_floridulus_15wks vs miscanthus_sacchariflorus_ssp_lutarioriparius_15wks,FALSE
3122,-0.735869527453108,19.325613694437703,-0.2008731133551017,0.8518951397621872,0.9260238774719098,-6.059861609379185,miscanthus_floridulus_15wks vs miscanthus_sacchariflorus_ssp_lutarioriparius_15wks,FALSE
5875,0.3871181406764066,18.027887259940496,0.19993927954425597,0.8525720029855394,0.9260238774719098,-6.060087154276782,miscanthus_floridulus_15wks vs miscanthus_sacchariflorus_ssp_lutarioriparius_15wks,FALSE
3111,-0.37196575761477746,17.81513051205145,-0.19944425523324585,0.8529308726337324,0.9260238774719098,-6.060206299260866,miscanthus_floridulus_15wks vs miscanthus_sacchariflorus_ssp_lutarioriparius_15wks,FALSE
440,-0.11606828064462249,21.255755617033383,-0.19544760786677184,0.8558298966606941,0.9285862165909169,-6.061157664772687,miscanthus_floridulus_15wks vs miscanthus_sacchariflorus_ssp_lutarioriparius_15wks,FALSE
5951,0.13066379802443961,16.824454228163226,0.19450878175190628,0.8565113070709799,0.92874070615689,-6.061378414285167,miscanthus_floridulus_15wks vs miscanthus_sacchariflorus_ssp_lutarioriparius_15wks,FALSE
803,0.12636795613991403,15.69073559784392,0.19192839840969367,0.858384990834598,0.9301870057912027,-6.061979794960723,miscanthus_floridulus_15wks vs miscanthus_sacchariflorus_ssp_lutarioriparius_15wks,FALSE
4211,0.12811546631436954,21.39180272559011,0.1907375878001722,0.8592500685044855,0.9305392005237136,-6.062254674526385,miscanthus_floridulus_15wks vs miscanthus_sacchariflorus_ssp_lutarioriparius_15wks,FALSE
3316,-0.1139003173015034,19.976893904814307,-0.1884208866178558,0.8609337767775849,0.9315212253784965,-6.062784651039726,miscanthus_floridulus_15wks vs miscanthus_sacchariflorus_ssp_lutarioriparius_15wks,FALSE
1486,-0.4775174291803701,19.266483938585655,-0.18757705663371296,0.861547279797886,0.9315212253784965,-6.062976113347543,miscanthus_floridulus_15wks vs miscanthus_sacchariflorus_ssp_lutarioriparius_15wks,FALSE
599,0.3357240110397264,17.699865557120862,0.18674508784517246,0.8621522801577478,0.9315212253784965,-6.063164060578202,miscanthus_floridulus_15wks vs miscanthus_sacchariflorus_ssp_lutarioriparius_15wks,FALSE
2327,0.11380224493675328,16.984478385145778,0.1865152787438661,0.8623194164124793,0.9315212253784965,-6.063215831759447,miscanthus_floridulus_15wks vs miscanthus_sacchariflorus_ssp_lutarioriparius_15wks,FALSE
106,0.4335879385760606,18.047895260827254,0.18186547199309727,0.8657030855733574,0.9344852776280593,-6.064249917939297,miscanthus_floridulus_15wks vs miscanthus_sacchariflorus_ssp_lutarioriparius_15wks,FALSE
574,-0.13241926567212303,15.97203878395491,-0.1812544620796665,0.8661479909297798,0.9344852776280593,-6.064383900404329,miscanthus_floridulus_15wks vs miscanthus_sacchariflorus_ssp_lutarioriparius_15wks,FALSE
5412,-0.2082429450841481,17.103617757458693,-0.18005055601020156,0.8670247955508141,0.9348094909016383,-6.064646599492053,miscanthus_floridulus_15wks vs miscanthus_sacchariflorus_ssp_lutarioriparius_15wks,FALSE
4777,-0.36763557186987583,17.33624608598234,-0.1793521024476443,0.8675335902215437,0.9348094909016383,-6.064798218979201,miscanthus_floridulus_15wks vs miscanthus_sacchariflorus_ssp_lutarioriparius_15wks,FALSE
1661,0.10655866092433186,21.75543796717241,0.1780057217122991,0.8685146019439203,0.9352816619683592,-6.065088858454861,miscanthus_floridulus_15wks vs miscanthus_sacchariflorus_ssp_lutarioriparius_15wks,FALSE
2323,0.15297919007903005,16.19828538930867,0.17704909652306172,0.8692118086761593,0.935447811585898,-6.065294056668723,miscanthus_floridulus_15wks vs miscanthus_sacchariflorus_ssp_lutarioriparius_15wks,FALSE
5768,-0.10597256679393041,16.052157563741975,-0.17480521512075967,0.8708477812205345,0.9363398813617807,-6.065771115528613,miscanthus_floridulus_15wks vs miscanthus_sacchariflorus_ssp_lutarioriparius_15wks,FALSE
58,0.10243412961759191,24.042633221602088,0.17320811284536913,0.8720126977422988,0.9363398813617807,-6.066107026806898,miscanthus_floridulus_15wks vs miscanthus_sacchariflorus_ssp_lutarioriparius_15wks,FALSE
381,0.7380262814976746,20.13526463326278,0.1728880944193359,0.8722461667063982,0.9363398813617807,-6.066173970676594,miscanthus_floridulus_15wks vs miscanthus_sacchariflorus_ssp_lutarioriparius_15wks,FALSE
113,0.9150518909655574,20.522317931978343,0.17238950017354324,0.8726099481818232,0.9363398813617807,-6.066278028060466,miscanthus_floridulus_15wks vs miscanthus_sacchariflorus_ssp_lutarioriparius_15wks,FALSE
618,0.14256032800359364,16.42765054133852,0.17218674465955394,0.8727578929001856,0.9363398813617807,-6.066320259012112,miscanthus_floridulus_15wks vs miscanthus_sacchariflorus_ssp_lutarioriparius_15wks,FALSE
173,0.10167979419948381,22.62416907189965,0.17063759341485363,0.8738884795969268,0.9365940858044783,-6.0666413122901455,miscanthus_floridulus_15wks vs miscanthus_sacchariflorus_ssp_lutarioriparius_15wks,FALSE
1276,-0.1357046988076398,16.172068734744233,-0.17037247737848774,0.8740820023062108,0.9365940858044783,-6.0666959704434,miscanthus_floridulus_15wks vs miscanthus_sacchariflorus_ssp_lutarioriparius_15wks,FALSE
25,-0.11226768240723928,22.11667947571244,-0.16570075726856062,0.8774939595327337,0.9393023299554571,-6.0676454151505625,miscanthus_floridulus_15wks vs miscanthus_sacchariflorus_ssp_lutarioriparius_15wks,FALSE
3853,0.09874931054602243,16.786797181519113,0.1654190684090279,0.8776997975788079,0.9393023299554571,-6.067701833603309,miscanthus_floridulus_15wks vs miscanthus_sacchariflorus_ssp_lutarioriparius_15wks,FALSE
257,0.4551924343660758,19.209365516866114,0.1641384690017714,0.8786357218114462,0.9397202660962891,-6.067957129676777,miscanthus_floridulus_15wks vs miscanthus_sacchariflorus_ssp_lutarioriparius_15wks,FALSE
5920,0.22457792786065767,16.924675856078032,0.16176203927320942,0.8803731954965783,0.9408312356714416,-6.0684257130505275,miscanthus_floridulus_15wks vs miscanthus_sacchariflorus_ssp_lutarioriparius_15wks,FALSE
997,0.4603038885074824,18.989934110963855,0.16122417708426762,0.8807665601497593,0.9408312356714416,-6.068530834927168,miscanthus_floridulus_15wks vs miscanthus_sacchariflorus_ssp_lutarioriparius_15wks,FALSE
3528,0.09426220667469565,19.655298446259586,0.15668828755558384,0.8840855929280664,0.9434670810039582,-6.0694036304467405,miscanthus_floridulus_15wks vs miscanthus_sacchariflorus_ssp_lutarioriparius_15wks,FALSE
6026,0.17101938907964964,16.553503990994745,0.15604768103275093,0.8845545866317703,0.9434670810039582,-6.069524918433047,miscanthus_floridulus_15wks vs miscanthus_sacchariflorus_ssp_lutarioriparius_15wks,FALSE
1583,-0.12461218701952959,16.32056687765698,-0.1549478255308496,0.88535994000294,0.9434670810039582,-6.069732015235177,miscanthus_floridulus_15wks vs miscanthus_sacchariflorus_ssp_lutarioriparius_15wks,FALSE
6111,0.16555201140036857,16.770369333052916,0.15485978131152187,0.8854244167053977,0.9434670810039582,-6.069748531066516,miscanthus_floridulus_15wks vs miscanthus_sacchariflorus_ssp_lutarioriparius_15wks,FALSE
5764,0.19410615059959468,17.263269717333994,0.15354381630872713,0.8863882599658205,0.9434799311102051,-6.069994284324528,miscanthus_floridulus_15wks vs miscanthus_sacchariflorus_ssp_lutarioriparius_15wks,FALSE
2151,-0.23689781351539807,21.76041271404572,-0.15334808992893265,0.8865316357907266,0.9434799311102051,-6.070030659108329,miscanthus_floridulus_15wks vs miscanthus_sacchariflorus_ssp_lutarioriparius_15wks,FALSE
5362,0.10953153579670172,17.369349595436073,0.15115379241141927,0.8881394032616289,0.944607525814683,-6.070435326481523,miscanthus_floridulus_15wks vs miscanthus_sacchariflorus_ssp_lutarioriparius_15wks,FALSE
2026,-0.42771174321305594,18.645629265385857,-0.15011019861074998,0.8889042866720881,0.9448378074867414,-6.070625765060248,miscanthus_floridulus_15wks vs miscanthus_sacchariflorus_ssp_lutarioriparius_15wks,FALSE
490,0.11751248704764095,21.89664344262233,0.146446463262518,0.8915907607243203,0.9466149005602155,-6.0712840267456265,miscanthus_floridulus_15wks vs miscanthus_sacchariflorus_ssp_lutarioriparius_15wks,FALSE
4503,0.09672722329725758,24.337723641640856,0.14633165384517183,0.8916749759774983,0.9466149005602155,-6.071304395072575,miscanthus_floridulus_15wks vs miscanthus_sacchariflorus_ssp_lutarioriparius_15wks,FALSE
482,-0.49767684942424495,19.382178010224695,-0.14305664292681713,0.8940780248574165,0.9482414213813616,-6.071878771254406,miscanthus_floridulus_15wks vs miscanthus_sacchariflorus_ssp_lutarioriparius_15wks,FALSE
3703,-0.09200098976777582,26.195806106225806,-0.14274361917524167,0.8943077827885737,0.9482414213813616,-6.071932997521933,miscanthus_floridulus_15wks vs miscanthus_sacchariflorus_ssp_lutarioriparius_15wks,FALSE
262,-0.32314360488466676,18.93292288874968,-0.140103236076073,0.8962463305324924,0.9497124400415032,-6.072385730573701,miscanthus_floridulus_15wks vs miscanthus_sacchariflorus_ssp_lutarioriparius_15wks,FALSE
5716,-0.09044327140995634,16.295116444279937,-0.13699970734070666,0.8985260866934456,0.9515429916243433,-6.0729071951157545,miscanthus_floridulus_15wks vs miscanthus_sacchariflorus_ssp_lutarioriparius_15wks,FALSE
605,0.11763827653140346,15.69457023187065,0.13567590231375076,0.8994988915362971,0.9519880774674694,-6.073126110966754,miscanthus_floridulus_15wks vs miscanthus_sacchariflorus_ssp_lutarioriparius_15wks,FALSE
2553,-0.3402467547880548,18.83766847901507,-0.13382561914268085,0.9008589553594066,0.9527118364836139,-6.07342856679048,miscanthus_floridulus_15wks vs miscanthus_sacchariflorus_ssp_lutarioriparius_15wks,FALSE
534,0.08587858796439818,21.86050752402083,0.13324120799176875,0.9012886207012715,0.9527118364836139,-6.073523243543301,miscanthus_floridulus_15wks vs miscanthus_sacchariflorus_ssp_lutarioriparius_15wks,FALSE
4254,0.1476198849851329,16.152065242345827,0.13227652035855153,0.901997962895028,0.9528770631932147,-6.0736786295246254,miscanthus_floridulus_15wks vs miscanthus_sacchariflorus_ssp_lutarioriparius_15wks,FALSE
306,-0.07794376378302914,22.95050231019937,-0.1314514463935025,0.9026047379575362,0.9529338011647271,-6.0738106408953385,miscanthus_floridulus_15wks vs miscanthus_sacchariflorus_ssp_lutarioriparius_15wks,FALSE
4065,0.25803337189897846,18.162381206026037,0.127114597693261,0.9057955107241676,0.9557168799618743,-6.074491088569868,miscanthus_floridulus_15wks vs miscanthus_sacchariflorus_ssp_lutarioriparius_15wks,FALSE
2200,0.21924014493506405,18.45133428011254,0.12316953311586828,0.9086999910493057,0.9581946662043779,-6.075090428172473,miscanthus_floridulus_15wks vs miscanthus_sacchariflorus_ssp_lutarioriparius_15wks,FALSE
1764,-0.08915117788300364,16.946267967935878,-0.11929172655589856,0.9115567146764735,0.9599012193202049,-6.075661300404005,miscanthus_floridulus_15wks vs miscanthus_sacchariflorus_ssp_lutarioriparius_15wks,FALSE
320,-0.509496204835024,19.634952424904473,-0.11876081695999535,0.9119479609149335,0.9599012193202049,-6.075738049440223,miscanthus_floridulus_15wks vs miscanthus_sacchariflorus_ssp_lutarioriparius_15wks,FALSE
3196,0.10273168418289558,16.358806541357744,0.11825169596776115,0.9123231800129863,0.9599012193202049,-6.075811329837994,miscanthus_floridulus_15wks vs miscanthus_sacchariflorus_ssp_lutarioriparius_15wks,FALSE
4124,0.10367005516411965,16.30628470818965,0.11794824498813826,0.9125468353142748,0.9599012193202049,-6.075854858601625,miscanthus_floridulus_15wks vs miscanthus_sacchariflorus_ssp_lutarioriparius_15wks,FALSE
3800,-0.11426248045480492,17.220886254066105,-0.11641482381551031,0.9136771831840762,0.9601721980286083,-6.076073124843222,miscanthus_floridulus_15wks vs miscanthus_sacchariflorus_ssp_lutarioriparius_15wks,FALSE
5982,0.11067684614915407,17.244691520621075,0.1160868480205308,0.9139189812924653,0.9601721980286083,-6.076119440949867,miscanthus_floridulus_15wks vs miscanthus_sacchariflorus_ssp_lutarioriparius_15wks,FALSE
157,0.0744454435382842,22.27273972439312,0.11371902513926982,0.9156649916198878,0.9614203415972374,-6.0764499738698285,miscanthus_floridulus_15wks vs miscanthus_sacchariflorus_ssp_lutarioriparius_15wks,FALSE
1487,-0.10906935355176373,22.829481429258593,-0.1121709570995994,0.9168068486779644,0.9620330086919199,-6.076662420251357,miscanthus_floridulus_15wks vs miscanthus_sacchariflorus_ssp_lutarioriparius_15wks,FALSE
1842,-0.22649064513271,16.999225926411366,-0.11111479206999983,0.9175860233397976,0.9622645880794104,-6.076805702724763,miscanthus_floridulus_15wks vs miscanthus_sacchariflorus_ssp_lutarioriparius_15wks,FALSE
1023,0.06599295565248298,20.85906215576409,0.11034061121446455,0.9181572415786469,0.9622779362773773,-6.076909875778084,miscanthus_floridulus_15wks vs miscanthus_sacchariflorus_ssp_lutarioriparius_15wks,FALSE
4880,-0.08489733991274662,16.2401575581156,-0.10940585203942768,0.9188470234666691,0.9624154537587057,-6.077034692493362,miscanthus_floridulus_15wks vs miscanthus_sacchariflorus_ssp_lutarioriparius_15wks,FALSE
1006,0.0686655472196982,16.185938099075997,0.10456372670347308,0.9224215767205312,0.9654085701690078,-6.0776643721773285,miscanthus_floridulus_15wks vs miscanthus_sacchariflorus_ssp_lutarioriparius_15wks,FALSE
2635,-0.30147403883860235,18.879986277661306,-0.10334480245155478,0.923321780393062,0.9654085701690078,-6.07781842308897,miscanthus_floridulus_15wks vs miscanthus_sacchariflorus_ssp_lutarioriparius_15wks,FALSE
1746,-0.27024332119341565,18.433146218430053,-0.10325844596473001,0.9233855621813842,0.9654085701690078,-6.077829268972958,miscanthus_floridulus_15wks vs miscanthus_sacchariflorus_ssp_lutarioriparius_15wks,FALSE
2286,0.2281312902001673,18.59853181567744,0.10098993376342628,0.9250613152415401,0.9665740728691169,-6.078110954020846,miscanthus_floridulus_15wks vs miscanthus_sacchariflorus_ssp_lutarioriparius_15wks,FALSE
3571,0.12229508981590342,16.260058616128543,0.09870402687947084,0.9267504154134347,0.9677521004589987,-6.078388507829194,miscanthus_floridulus_15wks vs miscanthus_sacchariflorus_ssp_lutarioriparius_15wks,FALSE
4443,-0.061619544196595655,16.43306287327814,-0.09738399498062093,0.9277260353377446,0.9681841059278825,-6.07854590815398,miscanthus_floridulus_15wks vs miscanthus_sacchariflorus_ssp_lutarioriparius_15wks,FALSE
4045,-0.07689888010093782,16.86567693483854,-0.0960131745570828,0.9287393625717987,0.9686549162900782,-6.07870713405341,miscanthus_floridulus_15wks vs miscanthus_sacchariflorus_ssp_lutarioriparius_15wks,FALSE
4166,0.05659062635928791,25.475892481230826,0.09473569956439545,0.9296838416601081,0.9689786640425876,-6.078855335189591,miscanthus_floridulus_15wks vs miscanthus_sacchariflorus_ssp_lutarioriparius_15wks,FALSE
2405,-0.17714524806781995,18.026814554143368,-0.09407209096148848,0.9301745271772721,0.9689786640425876,-6.078931541862824,miscanthus_floridulus_15wks vs miscanthus_sacchariflorus_ssp_lutarioriparius_15wks,FALSE
2129,-0.055770050765893586,20.153368426002057,-0.09193082389498822,0.9317580893998163,0.9700418054597483,-6.0791738040597485,miscanthus_floridulus_15wks vs miscanthus_sacchariflorus_ssp_lutarioriparius_15wks,FALSE
3491,0.07620588214651924,15.777351750311993,0.08969837573600384,0.9334095095178343,0.9711742662434956,-6.0794204728935535,miscanthus_floridulus_15wks vs miscanthus_sacchariflorus_ssp_lutarioriparius_15wks,FALSE
311,-0.12345988280280906,16.662290505919955,-0.0875265297560481,0.9350165071029515,0.9715212315773383,-6.079654654244911,miscanthus_floridulus_15wks vs miscanthus_sacchariflorus_ssp_lutarioriparius_15wks,FALSE
6162,0.12113081668492498,16.77386352863908,0.08716193412362044,0.935286318257657,0.9715212315773383,-6.079693407067342,miscanthus_floridulus_15wks vs miscanthus_sacchariflorus_ssp_lutarioriparius_15wks,FALSE
222,0.2347859483049497,19.02330659937482,0.08696164006540726,0.9354345462488707,0.9715212315773383,-6.0797146277664975,miscanthus_floridulus_15wks vs miscanthus_sacchariflorus_ssp_lutarioriparius_15wks,FALSE
1954,0.0637529881233867,16.52804231087382,0.08460330976563703,0.9371800799336909,0.972747757666114,-6.079960832148707,miscanthus_floridulus_15wks vs miscanthus_sacchariflorus_ssp_lutarioriparius_15wks,FALSE
879,0.0498345794394055,16.4570053700595,0.08303607495645489,0.9383403269127981,0.9733656732515057,-6.08012072020868,miscanthus_floridulus_15wks vs miscanthus_sacchariflorus_ssp_lutarioriparius_15wks,FALSE
1634,-0.19815388721643146,18.086347545456388,-0.08201660390245047,0.9390951605176683,0.9735625520890148,-6.080223127614851,miscanthus_floridulus_15wks vs miscanthus_sacchariflorus_ssp_lutarioriparius_15wks,FALSE
2451,0.09803864836342058,16.720499372163182,0.08059154629014612,0.940150432719383,0.9735709131021648,-6.0803641651123845,miscanthus_floridulus_15wks vs miscanthus_sacchariflorus_ssp_lutarioriparius_15wks,FALSE
5332,-0.10285916708880194,16.836799503244197,-0.08047963141761207,0.9402333136401637,0.9735709131021648,-6.08037513700928,miscanthus_floridulus_15wks vs miscanthus_sacchariflorus_ssp_lutarioriparius_15wks,FALSE
6,0.45638249321241275,21.962814680542373,0.07931869137333758,0.9410931285343371,0.9738759522310287,-6.080488057122528,miscanthus_floridulus_15wks vs miscanthus_sacchariflorus_ssp_lutarioriparius_15wks,FALSE
3178,-0.24083503137044104,18.57741802654523,-0.07511503526380567,0.9442072774138244,0.9758223739716528,-6.080883253392067,miscanthus_floridulus_15wks vs miscanthus_sacchariflorus_ssp_lutarioriparius_15wks,FALSE
3508,-0.0764275288630536,20.28803737858471,-0.0750210026806138,0.9442769532400708,0.9758223739716528,-6.080891848471628,miscanthus_floridulus_15wks vs miscanthus_sacchariflorus_ssp_lutarioriparius_15wks,FALSE
353,-0.06694154711308009,15.972449611985143,-0.0744864147103667,0.9446730817090638,0.9758223739716528,-6.080940508752667,miscanthus_floridulus_15wks vs miscanthus_sacchariflorus_ssp_lutarioriparius_15wks,FALSE
2019,-0.23023398977851528,17.98609140520611,-0.07101322468889049,0.9472471940767215,0.9775058159227193,-6.081248204270547,miscanthus_floridulus_15wks vs miscanthus_sacchariflorus_ssp_lutarioriparius_15wks,FALSE
1167,-0.06609503312238019,16.28295571614632,-0.07075657184132284,0.9474374420144754,0.9775058159227193,-6.08127036049221,miscanthus_floridulus_15wks vs miscanthus_sacchariflorus_ssp_lutarioriparius_15wks,FALSE
2380,0.07441846159379395,16.520746917142457,0.06843098297944626,0.9491615212757427,0.9782637153872624,-6.081467476835802,miscanthus_floridulus_15wks vs miscanthus_sacchariflorus_ssp_lutarioriparius_15wks,FALSE
1694,-0.06180261291581601,24.283046902299184,-0.06788188651730485,0.9495686467031222,0.9782637153872624,-6.081513059603134,miscanthus_floridulus_15wks vs miscanthus_sacchariflorus_ssp_lutarioriparius_15wks,FALSE
5369,0.04576966071585353,15.71776816067044,0.06746827352820825,0.9498753313075392,0.9782637153872624,-6.081547153498541,miscanthus_floridulus_15wks vs miscanthus_sacchariflorus_ssp_lutarioriparius_15wks,FALSE
6197,-0.05639625064532083,15.69930537300503,-0.06544385688905602,0.9513765472988869,0.9790466811329842,-6.0817110272208454,miscanthus_floridulus_15wks vs miscanthus_sacchariflorus_ssp_lutarioriparius_15wks,FALSE
2533,0.05470237115600085,16.262760862385935,0.06459333924590321,0.9520073293996341,0.9790466811329842,-6.081778390061558,miscanthus_floridulus_15wks vs miscanthus_sacchariflorus_ssp_lutarioriparius_15wks,FALSE
5654,-0.11700000166091229,19.394739814615935,-0.06404485441170338,0.9524141340262182,0.9790466811329842,-6.081821365052819,miscanthus_floridulus_15wks vs miscanthus_sacchariflorus_ssp_lutarioriparius_15wks,FALSE
4801,0.06268365579138901,15.96525397159445,0.063378393915162,0.9529084644573502,0.9790466811329842,-6.081873091711699,miscanthus_floridulus_15wks vs miscanthus_sacchariflorus_ssp_lutarioriparius_15wks,FALSE
3960,0.052309849149253296,16.96303987293567,0.06048703990839344,0.9550533608554939,0.9799088735594911,-6.082091249905935,miscanthus_floridulus_15wks vs miscanthus_sacchariflorus_ssp_lutarioriparius_15wks,FALSE
1126,0.03929907010699196,16.501751671530048,0.06002941140608843,0.9553928886558969,0.9799088735594911,-6.082124847361756,miscanthus_floridulus_15wks vs miscanthus_sacchariflorus_ssp_lutarioriparius_15wks,FALSE
1549,-0.1971569980497634,19.162286744436482,-0.059947306524020694,0.9554538059082677,0.9799088735594911,-6.082130848272593,miscanthus_floridulus_15wks vs miscanthus_sacchariflorus_ssp_lutarioriparius_15wks,FALSE
1431,-0.07549581209609357,22.511273014703,-0.05663390933432201,0.9579124776547234,0.9812121003465079,-6.0823661792179395,miscanthus_floridulus_15wks vs miscanthus_sacchariflorus_ssp_lutarioriparius_15wks,FALSE
73,0.1625196043956052,19.18474589417456,0.056549157013879296,0.9579753751453639,0.9812121003465079,-6.082372023561537,miscanthus_floridulus_15wks vs miscanthus_sacchariflorus_ssp_lutarioriparius_15wks,FALSE
4313,-0.039657733796239825,16.70619461129141,-0.05593261167545536,0.9584329453761885,0.9812121003465079,-6.082414276310904,miscanthus_floridulus_15wks vs miscanthus_sacchariflorus_ssp_lutarioriparius_15wks,FALSE
2530,-0.03459403429581087,21.419709573038197,-0.05380927908228436,0.9600089341246966,0.9818852278930927,-6.082556253291512,miscanthus_floridulus_15wks vs miscanthus_sacchariflorus_ssp_lutarioriparius_15wks,FALSE
4227,0.0945657309098884,18.02456613646513,0.05323196416539211,0.9604374715641549,0.9818852278930927,-6.082593907242877,miscanthus_floridulus_15wks vs miscanthus_sacchariflorus_ssp_lutarioriparius_15wks,FALSE
4280,0.03858058666211406,16.72547656372934,0.05274351905299926,0.9608000546881916,0.9818852278930927,-6.08262544822329,miscanthus_floridulus_15wks vs miscanthus_sacchariflorus_ssp_lutarioriparius_15wks,FALSE
3351,-0.07111934851738155,16.68106583731391,-0.05144898238849295,0.9617610743241796,0.9820557848152157,-6.082707637842265,miscanthus_floridulus_15wks vs miscanthus_sacchariflorus_ssp_lutarioriparius_15wks,FALSE
3612,0.0313721884438678,16.418827825103396,0.04951476296482856,0.9631971250287579,0.9820557848152157,-6.082826641086837,miscanthus_floridulus_15wks vs miscanthus_sacchariflorus_ssp_lutarioriparius_15wks,FALSE
1244,0.0478485237360573,23.04568339690608,0.04898105333653234,0.9635934062274722,0.9820557848152157,-6.082858676220688,miscanthus_floridulus_15wks vs miscanthus_sacchariflorus_ssp_lutarioriparius_15wks,FALSE
2230,0.03125009860354311,16.81210478251115,0.047433285246558723,0.9647427039697788,0.9820557848152157,-6.082949618190066,miscanthus_floridulus_15wks vs miscanthus_sacchariflorus_ssp_lutarioriparius_15wks,FALSE
2013,0.15260527622036335,17.717847170400617,0.047414997888122895,0.9647562839325596,0.9820557848152157,-6.082950675268239,miscanthus_floridulus_15wks vs miscanthus_sacchariflorus_ssp_lutarioriparius_15wks,FALSE
1568,-0.0674674773926327,17.163273152455325,-0.04717725065373235,0.9649328334180836,0.9820557848152157,-6.082964380906067,miscanthus_floridulus_15wks vs miscanthus_sacchariflorus_ssp_lutarioriparius_15wks,FALSE
722,0.039554527034084686,16.518475959426183,0.04666979801145294,0.9653096728030797,0.9820557848152157,-6.082993404348626,miscanthus_floridulus_15wks vs miscanthus_sacchariflorus_ssp_lutarioriparius_15wks,FALSE
3484,-0.10607317357236923,18.24686774517291,-0.04637755939724505,0.9655266973168749,0.9820557848152157,-6.083009976515346,miscanthus_floridulus_15wks vs miscanthus_sacchariflorus_ssp_lutarioriparius_15wks,FALSE
2057,-0.1422380181494205,19.291389831920824,-0.04448815324989925,0.9669299129339095,0.9829027964514019,-6.0831146112653585,miscanthus_floridulus_15wks vs miscanthus_sacchariflorus_ssp_lutarioriparius_15wks,FALSE
1968,-0.04621568859905523,17.123207340080143,-0.04287351522992832,0.9681291852962263,0.9835416192602583,-6.083200585240452,miscanthus_floridulus_15wks vs miscanthus_sacchariflorus_ssp_lutarioriparius_15wks,FALSE
232,-0.028700178664827547,22.056525550469665,-0.041937541627392494,0.9688244287538299,0.9836679379745722,-6.08324896919045,miscanthus_floridulus_15wks vs miscanthus_sacchariflorus_ssp_lutarioriparius_15wks,FALSE
423,0.16608424000899902,20.49832039173374,0.04072892344210206,0.9697222450113978,0.9839996632241688,-6.083309868924235,miscanthus_floridulus_15wks vs miscanthus_sacchariflorus_ssp_lutarioriparius_15wks,FALSE
259,-0.12158616549141499,19.262578327977984,-0.03585948766224642,0.9733400400921685,0.9861567215518678,-6.083537205519512,miscanthus_floridulus_15wks vs miscanthus_sacchariflorus_ssp_lutarioriparius_15wks,FALSE
3490,0.031974207819025935,16.56407835950511,0.03566113097887445,0.9734874290846471,0.9861567215518678,-6.08354585382302,miscanthus_floridulus_15wks vs miscanthus_sacchariflorus_ssp_lutarioriparius_15wks,FALSE
2231,0.12288760182633851,18.26153965008068,0.0350789870525096,0.9739199990074716,0.9861567215518678,-6.083570958380675,miscanthus_floridulus_15wks vs miscanthus_sacchariflorus_ssp_lutarioriparius_15wks,FALSE
4685,-0.07103935061160982,18.014110665402995,-0.03444224203516109,0.974393153997412,0.9861567215518678,-6.083597944782081,miscanthus_floridulus_15wks vs miscanthus_sacchariflorus_ssp_lutarioriparius_15wks,FALSE
422,0.04101761035195395,24.091125900558243,0.03367781229219675,0.9749612070415097,0.9861567215518678,-6.083629690182277,miscanthus_floridulus_15wks vs miscanthus_sacchariflorus_ssp_lutarioriparius_15wks,FALSE
1434,-0.022645890494555232,23.381140221930103,-0.033246001148596986,0.9752820972283127,0.9861567215518678,-6.083647307834613,miscanthus_floridulus_15wks vs miscanthus_sacchariflorus_ssp_lutarioriparius_15wks,FALSE
2495,-0.1135088798344519,19.180878281046386,-0.029360080922871852,0.9781700835330092,0.9884968058225071,-6.083795628483643,miscanthus_floridulus_15wks vs miscanthus_sacchariflorus_ssp_lutarioriparius_15wks,FALSE
3129,0.01734699653862748,17.171176212339226,0.028424342852575397,0.9788655822977264,0.9886198114296498,-6.083828595195649,miscanthus_floridulus_15wks vs miscanthus_sacchariflorus_ssp_lutarioriparius_15wks,FALSE
267,0.05166547133982391,18.70609661637393,0.02592714715392524,0.9807217677601451,0.9899142389283714,-6.083911348801161,miscanthus_floridulus_15wks vs miscanthus_sacchariflorus_ssp_lutarioriparius_15wks,FALSE
2425,-0.07437554654958589,18.660132966220978,-0.02382926327531137,0.9822812615280971,0.9899313036433804,-6.0839749944906325,miscanthus_floridulus_15wks vs miscanthus_sacchariflorus_ssp_lutarioriparius_15wks,FALSE
928,0.019111633497047364,16.93282140061271,0.02364472276835657,0.9824184474315798,0.9899313036433804,-6.083980336360135,miscanthus_floridulus_15wks vs miscanthus_sacchariflorus_ssp_lutarioriparius_15wks,FALSE
5335,-0.05097701008864064,17.960788730185893,-0.023585743814070897,0.9824622920662686,0.9899313036433804,-6.083982034861586,miscanthus_floridulus_15wks vs miscanthus_sacchariflorus_ssp_lutarioriparius_15wks,FALSE
1243,-0.05075040732291569,18.43732893600569,-0.022208837641985835,0.9834858985012551,0.9903835202324152,-6.084020482470984,miscanthus_floridulus_15wks vs miscanthus_sacchariflorus_ssp_lutarioriparius_15wks,FALSE
5418,-0.04471246834411602,18.110596292846168,-0.02013608561443359,0.9850268790682013,0.9905267180753058,-6.084074001645876,miscanthus_floridulus_15wks vs miscanthus_sacchariflorus_ssp_lutarioriparius_15wks,FALSE
869,-0.0569839833660879,18.837802425609254,-0.019776438998765446,0.9852942657947643,0.9905267180753058,-6.084082754557231,miscanthus_floridulus_15wks vs miscanthus_sacchariflorus_ssp_lutarioriparius_15wks,FALSE
380,-0.06369114357976002,19.370322266809225,-0.01862701959602543,0.9861488416272437,0.9905267180753058,-6.084109671146049,miscanthus_floridulus_15wks vs miscanthus_sacchariflorus_ssp_lutarioriparius_15wks,FALSE
337,0.0581759586950632,19.055614718949762,0.018357221423054498,0.9863494359231966,0.9905267180753058,-6.0841157557230705,miscanthus_floridulus_15wks vs miscanthus_sacchariflorus_ssp_lutarioriparius_15wks,FALSE
6246,-0.01495198276064258,16.292693449595426,-0.018151320493323825,0.9865025236315873,0.9905267180753058,-6.084120339554224,miscanthus_floridulus_15wks vs miscanthus_sacchariflorus_ssp_lutarioriparius_15wks,FALSE
2284,0.017423740415427602,17.385767506462805,0.016998533482512464,0.9873596361740804,0.9908099319324056,-6.084145048347735,miscanthus_floridulus_15wks vs miscanthus_sacchariflorus_ssp_lutarioriparius_15wks,FALSE
2363,-0.048694652631205315,19.700491127814427,-0.01451716777953932,0.9892046360406727,0.9920835785204184,-6.084192735832134,miscanthus_floridulus_15wks vs miscanthus_sacchariflorus_ssp_lutarioriparius_15wks,FALSE
5337,0.02094509815327683,18.292109774801382,0.008760853496710621,0.9934850021937164,0.9957967764861974,-6.084274448807408,miscanthus_floridulus_15wks vs miscanthus_sacchariflorus_ssp_lutarioriparius_15wks,FALSE
2049,-0.008751386091727653,17.939558070576428,-0.0038190897083989614,0.9971599008739289,0.9986259426084819,-6.084312360562388,miscanthus_floridulus_15wks vs miscanthus_sacchariflorus_ssp_lutarioriparius_15wks,FALSE
2609,0.003905272156519146,16.315693510819855,0.0034064377440708653,0.9974667714620995,0.9986259426084819,-6.084314178884984,miscanthus_floridulus_15wks vs miscanthus_sacchariflorus_ssp_lutarioriparius_15wks,FALSE
3228,0.011459950643811112,19.968110899950318,0.0026060983298804483,0.9980619491791952,0.9986415438070578,-6.084317113491455,miscanthus_floridulus_15wks vs miscanthus_sacchariflorus_ssp_lutarioriparius_15wks,FALSE
2823,7.741195986454841e-5,16.264157758590457,1.2078683105828677e-4,0.9999101755470323,0.9999101755470323,-6.084321246500944,miscanthus_floridulus_15wks vs miscanthus_sacchariflorus_ssp_lutarioriparius_15wks,FALSE
