ID,logFC,AveExpr,t,P.Value,adj.P.Val,B,comparison,pass
1273,8.680182589408119,23.901520089101293,11.755935483198353,8.965345928176737e-11,9.610850835005462e-8,14.011909489970307,miscanthus_sinensis_15wks vs control_6wks,TRUE
1684,8.797637263966891,24.07459139835885,10.099793838769047,1.4171266949999972e-9,7.595799085199985e-7,11.66012737899771,miscanthus_sinensis_15wks vs control_6wks,TRUE
1090,6.561580164269678,22.337225935852487,9.295466294769268,6.062867333550636e-9,2.166464593855427e-6,10.382935418499024,miscanthus_sinensis_15wks vs control_6wks,TRUE
4235,5.019087782966601,21.530889177795657,6.935348077137935,6.963794118169852e-7,1.8662968236695204e-4,6.070917246997884,miscanthus_sinensis_15wks vs control_6wks,TRUE
5389,-3.0372327017411997,17.785154155253107,-6.539492190571181,1.6587641989456173e-6,3.5563904425394034e-4,5.263729928635754,miscanthus_sinensis_15wks vs control_6wks,TRUE
3457,-5.371202554934193,18.680144773972938,-6.445769681184503,2.0431834355678597e-6,3.650487738214576e-4,5.069261341201316,miscanthus_sinensis_15wks vs control_6wks,TRUE
4047,-4.187330774938552,18.469896937219303,-6.263640160479759,3.0731316073134224e-6,4.706281547199984e-4,4.687797019882532,miscanthus_sinensis_15wks vs control_6wks,TRUE
1903,6.4118567255137044,24.55993475044015,6.1670351299594675,3.822315098401025e-6,5.09822774933274e-4,4.483599622890815,miscanthus_sinensis_15wks vs control_6wks,TRUE
5597,-3.112426347077303,17.591376866294983,-6.117124378998353,4.2802285208950235e-6,5.09822774933274e-4,4.377608040913777,miscanthus_sinensis_15wks vs control_6wks,TRUE
3553,-9.382859807083733,20.329362743287625,-5.925599818828015,6.625389461662464e-6,7.102417502902162e-4,3.9678503838822143,miscanthus_sinensis_15wks vs control_6wks,TRUE
238,-3.962907138492497,18.3337856332815,-5.8695314024133936,7.5353454997348405e-6,7.343536705196136e-4,3.8470102397201336,miscanthus_sinensis_15wks vs control_6wks,TRUE
3412,-2.980620715232508,17.83985162604343,-5.521846892174812,1.6864496624264166e-5,0.0015065616984342655,3.0893326914173445,miscanthus_sinensis_15wks vs control_6wks,TRUE
1746,5.899795510046019,21.210050752517713,5.334129058077729,2.618473227121021e-5,0.0021160976798987596,2.674796285351035,miscanthus_sinensis_15wks vs control_6wks,TRUE
395,5.487544936027739,21.58981317583246,5.311213642239103,2.763560402852858e-5,0.0021160976798987596,2.6239563165577424,miscanthus_sinensis_15wks vs control_6wks,TRUE
5157,-2.5168454643617437,17.849974344240923,-5.145828156690157,4.083889490640884e-5,0.002918619689311352,2.255642308132072,miscanthus_sinensis_15wks vs control_6wks,TRUE
5390,-2.4846980651825703,17.675306409408172,-5.107161743311925,4.475734535648386e-5,0.0029987421388844187,2.169201415363916,miscanthus_sinensis_15wks vs control_6wks,TRUE
3029,-4.121279980414538,18.324439400177805,-5.0181358793826645,5.5291849066482503e-5,0.003486638952898191,1.9697457155881173,miscanthus_sinensis_15wks vs control_6wks,TRUE
386,-3.274172196172799,17.72791818248643,-4.974246256584337,6.137705877902375e-5,0.0035436486665807415,1.8712056143894875,miscanthus_sinensis_15wks vs control_6wks,TRUE
2363,-6.399732059463069,19.34618454100118,-4.964571239243526,6.280720584424822e-5,0.0035436486665807415,1.8494659635056694,miscanthus_sinensis_15wks vs control_6wks,TRUE
1451,4.943103622249804,19.785251240253913,4.789023639438987,9.548860945764375e-5,0.005118189466929705,1.4540265547559938,miscanthus_sinensis_15wks vs control_6wks,TRUE
4229,-3.676297991186946,17.83801996802374,-4.7422115689999895,1.0680590396852047e-4,0.005452187097821617,1.3482998281293117,miscanthus_sinensis_15wks vs control_6wks,TRUE
489,-4.123277728914431,18.18863224959765,-4.586110953793399,1.5528097903985338e-4,0.0075664186150328555,0.995098106478082,miscanthus_sinensis_15wks vs control_6wks,TRUE
1661,4.767074091575516,21.091826380616673,4.550844787393044,1.6900217830647087e-4,0.00787697109324073,0.915194998563587,miscanthus_sinensis_15wks vs control_6wks,TRUE
3514,-3.284024013510905,18.50700145022035,-4.500041816292259,1.9094019278812475e-4,0.008528661944536239,0.8000400076689651,miscanthus_sinensis_15wks vs control_6wks,TRUE
459,-4.064583936993191,17.942690273188905,-4.425132642696398,2.2861639151819076e-4,0.00969138261096254,0.6301662912183259,miscanthus_sinensis_15wks vs control_6wks,TRUE
2447,-2.8488056567156548,18.165261921067625,-4.40008949669846,2.4280947825038683e-4,0.00969138261096254,0.5733624374207364,miscanthus_sinensis_15wks vs control_6wks,TRUE
1225,4.318503673110236,20.49361348186783,4.397898219487748,2.4409265904476544e-4,0.00969138261096254,0.568391919366058,miscanthus_sinensis_15wks vs control_6wks,TRUE
1593,-3.1241161883312962,18.163836494687754,-4.3429034546112035,2.786213549648084e-4,0.010667217590081237,0.443642470189606,miscanthus_sinensis_15wks vs control_6wks,TRUE
2490,4.906205727495234,20.944292088127067,4.321177109542073,2.9357494033866723e-4,0.010852149518725906,0.3943596074934028,miscanthus_sinensis_15wks vs control_6wks,TRUE
3519,3.840366468716855,20.106428125903655,4.270939998982116,3.3130201822340445e-4,0.011838525451182986,0.28041671402093193,miscanthus_sinensis_15wks vs control_6wks,TRUE
2960,5.440968256477522,21.768098617381167,4.25487472184875,0.00034436235497582577,0.01190827240432533,0.24398477708287913,miscanthus_sinensis_15wks vs control_6wks,TRUE
5322,-4.173346752515904,18.98026364409953,-4.227907183363203,3.6745372416185863e-4,0.012309699759422265,0.18283808588129613,miscanthus_sinensis_15wks vs control_6wks,TRUE
318,-3.058570558765531,17.89917119578668,-4.1808347651511815,4.115302512376e-4,0.013368497858385068,0.07613906702531814,miscanthus_sinensis_15wks vs control_6wks,TRUE
172,-1.6500414022370045,26.320566559468702,-4.105548627738667,4.9325624972732e-4,0.015552079403167265,-0.09438899733944428,miscanthus_sinensis_15wks vs control_6wks,TRUE
4237,-4.341076807880679,19.074748405769846,-4.064013285095549,5.450790903129457e-4,0.01638992960107659,-0.18838458042102246,miscanthus_sinensis_15wks vs control_6wks,TRUE
2096,5.238273463332213,21.899393874835717,4.059967557578629,5.504080836182437e-4,0.01638992960107659,-0.19753637740264907,miscanthus_sinensis_15wks vs control_6wks,TRUE
2733,-5.450438050206792,19.04490838280543,-4.029335191473188,5.924767618175662e-4,0.01716581320725489,-0.26680555737427003,miscanthus_sinensis_15wks vs control_6wks,TRUE
4540,2.527110805410686,17.960016294048245,4.0055810638866935,6.272899552199767e-4,0.017696179789363553,-0.32048976938643037,miscanthus_sinensis_15wks vs control_6wks,TRUE
5762,-1.9763084824725503,17.64296938720517,-3.9878353093397005,6.546189578743848e-4,0.0179936287908036,-0.36057589469678586,miscanthus_sinensis_15wks vs control_6wks,TRUE
5474,-2.3335884100344124,19.011433228493544,-3.946511273060822,7.229344916535322e-4,0.01906020057416645,-0.45385417103724013,miscanthus_sinensis_15wks vs control_6wks,TRUE
5672,-2.9292654489049035,17.915060146784537,-3.9430424403893753,7.289815518104707e-4,0.01906020057416645,-0.46167948888595056,miscanthus_sinensis_15wks vs control_6wks,TRUE
248,-3.290858727370896,17.896290287666517,-3.8873083100951664,8.333209200313295e-4,0.02126952443508536,-0.587301234975973,miscanthus_sinensis_15wks vs control_6wks,TRUE
4987,-2.0734660650940953,17.23642267761648,-3.8702492761276837,8.681254312432407e-4,0.021642568890529165,-0.6257078300757035,miscanthus_sinensis_15wks vs control_6wks,TRUE
1537,3.3830515557676257,20.376214395966784,3.8553601210837356,8.996787002684761e-4,0.021919444697450146,-0.6592112813189361,miscanthus_sinensis_15wks vs control_6wks,TRUE
4650,-3.542142010795658,17.94635906524946,-3.8197639781078196,9.797969024476201e-4,0.022825405514501677,-0.7392382466487541,miscanthus_sinensis_15wks vs control_6wks,TRUE
2422,4.029307620600729,24.215557541588225,3.817244692557164,9.857278737660043e-4,0.022825405514501677,-0.7448981297850104,miscanthus_sinensis_15wks vs control_6wks,TRUE
4672,-2.205744436688793,17.662126254696325,-3.8076010325150556,0.0010087616110668123,0.022825405514501677,-0.766558792902579,miscanthus_sinensis_15wks vs control_6wks,TRUE
4175,3.5982584644946947,20.15890300738553,3.802143123643303,0.0010220330827388812,0.022825405514501677,-0.7788142672080891,miscanthus_sinensis_15wks vs control_6wks,TRUE
5249,-2.8029532823572545,19.315618912934394,-3.763156597977936,0.0011219927622832843,0.02454645390138124,-0.866279032804278,miscanthus_sinensis_15wks vs control_6wks,TRUE
5917,-1.6748429214047817,17.356209734560423,-3.7508421683425803,0.0011555320391175795,0.024774606918680907,-0.8938765790749317,miscanthus_sinensis_15wks vs control_6wks,TRUE
5661,-2.3664514097474694,18.22771075112457,-3.7365598068718433,0.001195674048648034,0.025132599610797893,-0.9258659543787164,miscanthus_sinensis_15wks vs control_6wks,TRUE
4636,-2.8141779099870803,20.135259157305725,-3.688626202761569,0.001340733679845157,0.027639740476807853,-1.0330749198765687,miscanthus_sinensis_15wks vs control_6wks,TRUE
3737,-1.7321587493261958,18.28780826504515,-3.675675056634275,0.001382822742474696,0.027969546791186302,-1.0619995945454281,miscanthus_sinensis_15wks vs control_6wks,TRUE
1023,2.39591169377368,20.134828406734954,3.6661243087763746,0.0014146936346318935,0.02808428845047018,-1.0833179839511544,miscanthus_sinensis_15wks vs control_6wks,TRUE
342,-4.688057229479604,19.874985045095787,-3.654252409352547,0.0014553216948220084,0.0281100094573918,-1.1098030359260695,miscanthus_sinensis_15wks vs control_6wks,TRUE
414,-3.0270376913746517,18.535299716999546,-3.650490735112481,0.0014684333298637508,0.0281100094573918,-1.1181915822290662,miscanthus_sinensis_15wks vs control_6wks,TRUE
5321,-2.4958025742533287,18.632594014537293,-3.6079326576232,0.0016251295444319267,0.030563839853175886,-1.212979065975036,miscanthus_sinensis_15wks vs control_6wks,TRUE
5545,-2.517892326068946,18.080980924922276,-3.552131887557173,0.0018557468631220668,0.03429932133218717,-1.3369163543426303,miscanthus_sinensis_15wks vs control_6wks,TRUE
1487,5.393229820733886,20.822464051709964,3.5314290915080453,0.0019492519559951053,0.03535751931895011,-1.38279270814186,miscanthus_sinensis_15wks vs control_6wks,TRUE
5184,3.2628322212815775,20.42149042114576,3.5250541619738667,0.001978965633523327,0.03535751931895011,-1.3969071895155567,miscanthus_sinensis_15wks vs control_6wks,TRUE
121,-6.917775426944548,22.483789148592273,-3.478399447869187,0.0022103809543252777,0.03884472759076554,-1.500024582528865,miscanthus_sinensis_15wks vs control_6wks,TRUE
2678,5.664701419003634,21.60707320077177,3.468457748929236,0.0022630210922912957,0.03912836469252046,-1.5219560111681272,miscanthus_sinensis_15wks vs control_6wks,TRUE
5622,-1.6174592175253295,17.426914869137732,-3.4581906122318484,0.002318673963962559,0.03945426173599783,-1.5445893891097295,miscanthus_sinensis_15wks vs control_6wks,TRUE
1632,3.860627531027589,19.886847219702833,3.4186234704368217,0.002545963903205961,0.042510053062319884,-1.6316571232173835,miscanthus_sinensis_15wks vs control_6wks,TRUE
1236,-1.8975531467115978,17.685853426469155,-3.405280699985664,0.00262741992885587,0.042510053062319884,-1.6609604881585387,miscanthus_sinensis_15wks vs control_6wks,TRUE
1114,-1.5239085155875358,23.14679370962589,-3.4010632149857964,0.0026536934383917035,0.042510053062319884,-1.6702167342928274,miscanthus_sinensis_15wks vs control_6wks,TRUE
277,-2.300115130864185,18.16991342548992,-3.4005547487695336,0.0026568783163949928,0.042510053062319884,-1.671332478677022,miscanthus_sinensis_15wks vs control_6wks,TRUE
2442,-2.3432875734892775,17.92529335147583,-3.3774867413300544,0.0028053675149275004,0.04422579376473942,-1.7219050264841176,miscanthus_sinensis_15wks vs control_6wks,TRUE
4770,-2.472606626300685,18.195341287497865,-3.3406837042126996,0.003059210953526317,0.04697235166087708,-1.8023964396618766,miscanthus_sinensis_15wks vs control_6wks,TRUE
1902,2.125655054579042,23.775910286186797,3.339571058512706,0.0030672244554677194,0.04697235166087708,-1.8048261038759117,miscanthus_sinensis_15wks vs control_6wks,TRUE
1106,-2.6326798411469916,17.698748625178354,-3.3091410074927077,0.00329450182843028,0.049030762194603596,-1.871186972674188,miscanthus_sinensis_15wks vs control_6wks,TRUE
347,-3.2001852868120295,18.56018154763046,-3.3042072476343547,0.00333286616417283,0.049030762194603596,-1.8819299916485104,miscanthus_sinensis_15wks vs control_6wks,TRUE
2152,4.65838275731808,21.70865234676343,3.3034428893387706,0.003338848544968342,0.049030762194603596,-1.8835939295977715,miscanthus_sinensis_15wks vs control_6wks,TRUE
6077,-1.4608372099167823,17.01002053268537,-3.2862982324118812,0.0034758169621029868,0.050352375451005425,-1.9208867777186232,miscanthus_sinensis_15wks vs control_6wks,TRUE
1486,4.780920399745515,20.901419939696506,3.2613856931707357,0.0036846409919507666,0.05266580191161629,-1.9749738178377978,miscanthus_sinensis_15wks vs control_6wks,TRUE
2151,5.029709732312714,21.238669676374865,3.2398264614535535,0.0038751692448944822,0.054660281980616905,-2.0216801367542985,miscanthus_sinensis_15wks vs control_6wks,TRUE
245,-2.3628980966906994,18.32517326668634,-3.2267740510610583,0.003995138046139684,0.055608235985486656,-2.049910769109588,miscanthus_sinensis_15wks vs control_6wks,TRUE
2791,-2.8840572908874584,18.871463932110988,-3.2213420765092704,0.0040461216481977235,0.055608235985486656,-2.061648947405173,miscanthus_sinensis_15wks vs control_6wks,TRUE
3854,-3.3081789325826065,20.28844928058265,-3.2094037285094803,0.004160403597405768,0.05645509691669599,-2.087425156154569,miscanthus_sinensis_15wks vs control_6wks,TRUE
3234,-3.2845286880756674,18.450684182395744,-3.1978868049860845,0.004273618148011361,0.057239836617432455,-2.1122626718380237,miscanthus_sinensis_15wks vs control_6wks,TRUE
1683,-2.68675836381243,18.029699593759997,-3.1927548032542945,0.004325024968294803,0.057239836617432455,-2.1233211941928056,miscanthus_sinensis_15wks vs control_6wks,TRUE
824,2.2672644172896383,17.92683081452445,3.1861625128196973,0.004391940354787464,0.05741658610161172,-2.137517970911441,miscanthus_sinensis_15wks vs control_6wks,TRUE
4043,-2.476402571616852,23.2312282711448,-3.1782367312975786,0.0044737215862592225,0.05778107880084201,-2.1545738795494396,miscanthus_sinensis_15wks vs control_6wks,TRUE
216,-3.815277238183249,18.347612881441524,-3.162360024261302,0.004642008219788979,0.05829531690185323,-2.1886979627978356,miscanthus_sinensis_15wks vs control_6wks,TRUE
1358,-1.3967275762294307,23.532435769895212,-3.1540500699466087,0.0047325199959420226,0.05829531690185323,-2.2065361735073727,miscanthus_sinensis_15wks vs control_6wks,TRUE
924,-1.6569651686553861,23.754626169586363,-3.151121770686358,0.00476482050517486,0.05829531690185323,-2.2128183589482617,miscanthus_sinensis_15wks vs control_6wks,TRUE
1181,-2.6723367843536927,18.881895572348398,-3.1431468800327975,0.004853873593950361,0.05829531690185323,-2.2299172697100804,miscanthus_sinensis_15wks vs control_6wks,TRUE
1938,-3.40170004622712,18.294130683634993,-3.1431261572544233,0.004854107084851598,0.05829531690185323,-2.229961682327726,miscanthus_sinensis_15wks vs control_6wks,TRUE
233,3.4211034804926506,22.781902794967674,3.141237062234069,0.004875437934068991,0.05829531690185323,-2.2340099363520647,miscanthus_sinensis_15wks vs control_6wks,TRUE
4967,-3.2202143830575025,17.77733890397833,-3.1395823845072672,0.004894196381685439,0.05829531690185323,-2.2375551695147387,miscanthus_sinensis_15wks vs control_6wks,TRUE
2231,4.358584834223418,20.37491316897727,3.1309589115380883,0.004993093839458356,0.058819742812080855,-2.2560211750597627,miscanthus_sinensis_15wks vs control_6wks,TRUE
1137,-4.325597868497379,20.111615256262183,-3.1193875555882142,0.005128841908886588,0.05923244089959576,-2.280772479763578,miscanthus_sinensis_15wks vs control_6wks,TRUE
2385,-3.578418631077543,21.26869745590652,-3.11856425343164,0.005138635264610453,0.05923244089959576,-2.282532338952958,miscanthus_sinensis_15wks vs control_6wks,TRUE
6016,-1.6594879995290484,17.360691371598698,-3.1067483957516533,0.005281195449225016,0.060228101293289545,-2.307771801727708,miscanthus_sinensis_15wks vs control_6wks,TRUE
2308,3.8380197354707306,19.993412396992763,3.0902274928459756,0.005486948637302405,0.06131012142684923,-2.343005614524432,miscanthus_sinensis_15wks vs control_6wks,TRUE
268,-2.627676635868305,18.370001006227785,-3.0881256640652213,0.0055136739479682215,0.06131012142684923,-2.3474834169376853,miscanthus_sinensis_15wks vs control_6wks,TRUE
4656,-4.156515303324042,19.651135419915807,-3.0854676873726103,0.005547650912690649,0.06131012142684923,-2.3531445149954178,miscanthus_sinensis_15wks vs control_6wks,TRUE
6095,-1.81725050817003,17.19752316329188,-3.0792916195399833,0.005627382320993641,0.06155667191944064,-2.3662919637829702,miscanthus_sinensis_15wks vs control_6wks,TRUE
5345,-1.8572400082298692,18.073442434292115,-3.0707496828843492,0.0057394820014446245,0.06214873439948119,-2.3844603622166516,miscanthus_sinensis_15wks vs control_6wks,TRUE
198,3.116715547164535,20.254066862396023,3.0553124664976967,0.005947561664735882,0.06375786104596866,-2.417248813675719,miscanthus_sinensis_15wks vs control_6wks,TRUE
680,-1.7124411104087045,17.395112554550714,-3.0335396479716543,0.006253446862675678,0.06637321818602304,-2.4633918158276575,miscanthus_sinensis_15wks vs control_6wks,TRUE
5091,2.8626248976347703,19.85703844767897,3.023859411180831,0.006394261703114724,0.06720243672293122,-2.483868063759111,miscanthus_sinensis_15wks vs control_6wks,TRUE
3546,-2.6075245186021405,17.75725396871522,-3.017400145088774,0.006489915763251844,0.06754553105054348,-2.4975175800206153,miscanthus_sinensis_15wks vs control_6wks,TRUE
4595,-2.416042260659953,18.993060720811844,-3.0067697799522146,0.006650345322834343,0.06854971332767708,-2.5199575389447113,miscanthus_sinensis_15wks vs control_6wks,TRUE
1649,2.0386142382718866,18.605028945578578,2.9887747779003253,0.006930653941437153,0.0702729335741617,-2.557875482639334,miscanthus_sinensis_15wks vs control_6wks,TRUE
5201,-1.6527148138722652,18.278648468969983,-2.9876448036539993,0.006948629625803303,0.0702729335741617,-2.560253602241287,miscanthus_sinensis_15wks vs control_6wks,TRUE
4160,-1.72041866237317,17.480154743933458,-2.9594727644596825,0.0074115536564026635,0.07409493675952863,-2.6194316996163454,miscanthus_sinensis_15wks vs control_6wks,TRUE
982,-3.457942462835657,18.867922176216886,-2.9563421223337087,0.007464788404877885,0.07409493675952863,-2.625994459436945,miscanthus_sinensis_15wks vs control_6wks,TRUE
138,-2.3472651165169154,18.462929114419588,-2.9090533622899484,0.008314918568152663,0.08177607986293262,-2.724790032437501,miscanthus_sinensis_15wks vs control_6wks,TRUE
1491,-3.0864256559844563,18.5525160719328,-2.903798697968616,0.00841491794690284,0.08200720035527131,-2.7357284917363542,miscanthus_sinensis_15wks vs control_6wks,TRUE
5887,-1.5845260937049304,17.451467133469265,-2.8939264156316176,0.008605915183965277,0.08311298267757458,-2.7562574658956356,miscanthus_sinensis_15wks vs control_6wks,TRUE
25,4.483578769530318,20.96664796136989,2.8761619264725113,0.0089600955825023,0.08576091486109344,-2.793125444215834,miscanthus_sinensis_15wks vs control_6wks,TRUE
157,2.1399217362856717,22.089621636137412,2.863464394748395,0.009221748564696952,0.08748419877305429,-2.819419761023008,miscanthus_sinensis_15wks vs control_6wks,TRUE
3955,-1.754931094032159,18.80939175396965,-2.8565107551995492,0.009368116879691538,0.08809316925464324,-2.8337988416086444,miscanthus_sinensis_15wks vs control_6wks,TRUE
3957,-1.3505607533541841,21.745369302573554,-2.849036552114239,0.009527915674640453,0.08827406428239216,-2.8492379280408984,miscanthus_sinensis_15wks vs control_6wks,TRUE
2497,2.9724726417494907,19.996441744817403,2.845093367673059,0.009613266356064847,0.08827406428239216,-2.8573762640756346,miscanthus_sinensis_15wks vs control_6wks,TRUE
4210,-2.4753293391370264,19.792980025664864,-2.8441226423858668,0.009634389478581981,0.08827406428239216,-2.85937900937477,miscanthus_sinensis_15wks vs control_6wks,TRUE
5431,2.141623508257183,22.25050671615525,2.838341261983295,0.009761113493788054,0.08867723445204063,-2.871300798647068,miscanthus_sinensis_15wks vs control_6wks,TRUE
1761,-2.9081166112519625,18.4399608603008,-2.823142841753736,0.010101881238959932,0.09100182090894997,-2.9025919221608136,miscanthus_sinensis_15wks vs control_6wks,TRUE
5281,-1.8791557718227665,18.429933525017447,-2.8043437949852876,0.010539080057986336,0.09414911518467793,-2.9411956564920256,miscanthus_sinensis_15wks vs control_6wks,TRUE
5478,-2.678825353359848,17.836247882381546,-2.794303537338628,0.01077990393442149,0.09550460345206478,-2.9617671371969383,miscanthus_sinensis_15wks vs control_6wks,TRUE
5490,-1.3350710808542594,16.866232411805495,-2.7779838875255516,0.011182552853460816,0.09825980867959012,-2.995135013800215,miscanthus_sinensis_15wks vs control_6wks,TRUE
3675,-1.9015680945246203,19.440829758236625,-2.7703343551943314,0.011376172271144997,0.09837205654452026,-3.0107456905145042,miscanthus_sinensis_15wks vs control_6wks,TRUE
4858,-1.57980248253525,17.44193823211028,-2.770229147795988,0.01137885728686615,0.09837205654452026,-3.0109602570979526,miscanthus_sinensis_15wks vs control_6wks,TRUE
309,2.30557976741132,22.193001379544548,2.762565263455742,0.011576076477213443,0.0992764318685825,-3.0265806453167357,miscanthus_sinensis_15wks vs control_6wks,TRUE
1178,-1.4781826110782497,17.76139304798126,-2.7564439578247244,0.011735927744592959,0.09984852811272739,-3.039043005971968,miscanthus_sinensis_15wks vs control_6wks,TRUE
2199,2.0576758957591785,22.449729015346854,2.7500928449779725,0.011903994585127798,0.10048096216737794,-3.0519600389586294,miscanthus_sinensis_15wks vs control_6wks,TRUE
2135,-1.6336124678045145,17.798463565601825,-2.7335945416095417,0.012351321449772296,0.10344231714184297,-3.0854513492925517,miscanthus_sinensis_15wks vs control_6wks,TRUE
2383,-3.0540125069215343,19.42236560363911,-2.7249334560208673,0.012592489811966338,0.1046445664994412,-3.1029963042521436,miscanthus_sinensis_15wks vs control_6wks,TRUE
5081,-1.9412235000686842,21.991590071172674,-2.7181267641036513,0.012785147665752653,0.1054282945975911,-3.116766772533484,miscanthus_sinensis_15wks vs control_6wks,TRUE
329,-3.161502664204953,19.561913274336447,-2.70145154226522,0.013268992926904132,0.10734414081420574,-3.150434495294058,miscanthus_sinensis_15wks vs control_6wks,TRUE
2007,-3.2243986279112242,19.96378992584098,-2.699471468058058,0.013327584346197418,0.10734414081420574,-3.1544259005969826,miscanthus_sinensis_15wks vs control_6wks,TRUE
185,-2.579351982137272,18.698646881424196,-2.69635841750631,0.01342019641560675,0.10734414081420574,-3.1606983719623085,miscanthus_sinensis_15wks vs control_6wks,TRUE
788,-2.2253642228640764,18.316319812572186,-2.693796124333302,0.013496880167346464,0.10734414081420574,-3.165858577481872,miscanthus_sinensis_15wks vs control_6wks,TRUE
5743,-5.233980609145004,21.097173816740916,-2.6930877902002868,0.01351815206149046,0.10734414081420574,-3.1672846859686925,miscanthus_sinensis_15wks vs control_6wks,TRUE
5202,2.3521146383772056,18.838851815774664,2.689572664905859,0.01362418434920209,0.10739062957606355,-3.174359173803295,miscanthus_sinensis_15wks vs control_6wks,TRUE
262,-2.985476065522022,19.198594632024914,-2.6634725098779675,0.014436435756195706,0.11271333301191484,-3.226750913284934,miscanthus_sinensis_15wks vs control_6wks,TRUE
615,-2.683043633115499,19.00333903291807,-2.6597757355738834,0.01455511340433959,0.11271333301191484,-3.234151867795011,miscanthus_sinensis_15wks vs control_6wks,TRUE
2952,2.9320409568044177,19.037596571821673,2.6579247278199483,0.014614881799119555,0.11271333301191484,-3.2378557383354973,miscanthus_sinensis_15wks vs control_6wks,TRUE
3300,2.437693531357322,19.541445554914876,2.6459088406286533,0.01500853846513593,0.1149225231044694,-3.2618693418206863,miscanthus_sinensis_15wks vs control_6wks,TRUE
222,2.458254769485052,19.41071660407922,2.6417927330362394,0.015145672239018703,0.11515007546261029,-3.270083233588952,miscanthus_sinensis_15wks vs control_6wks,TRUE
2569,-2.328217999509846,18.086322073168063,-2.631043461781163,0.015509390650072223,0.11708497730195368,-3.291504597043546,miscanthus_sinensis_15wks vs control_6wks,TRUE
2632,-2.2391843256407427,19.35789219298193,-2.627243223447253,0.01563993537278332,0.11724483020715887,-3.299067589426322,miscanthus_sinensis_15wks vs control_6wks,TRUE
5826,-1.4624147485973822,17.044720651240542,-2.6162496493993492,0.016023435159948876,0.11822576442198784,-3.3209160958165964,miscanthus_sinensis_15wks vs control_6wks,TRUE
4270,-1.7324488681995476,19.00980452963118,-2.614434045355386,0.016087616191115484,0.11822576442198784,-3.3245200687335026,miscanthus_sinensis_15wks vs control_6wks,TRUE
4700,2.7259969366118497,19.086839173059275,2.61292260867611,0.01614122946480808,0.11822576442198784,-3.3275193279951503,miscanthus_sinensis_15wks vs control_6wks,TRUE
4013,-1.4559153933640054,25.99495115475605,-2.6109367052694954,0.016211928516821093,0.11822576442198784,-3.3314588054522702,miscanthus_sinensis_15wks vs control_6wks,TRUE
1499,4.553611034115303,22.901173957535498,2.6039891140550706,0.01646156516995916,0.11880312787153599,-3.3452292144139792,miscanthus_sinensis_15wks vs control_6wks,TRUE
4120,3.6212137087545173,18.976556072848698,2.6025768998931884,0.016512748183637,0.11880312787153599,-3.348026054439466,miscanthus_sinensis_15wks vs control_6wks,TRUE
1251,3.5468580153030906,18.9012872265496,2.5986111443253304,0.016657280787060306,0.11904403335819098,-3.355876058131688,miscanthus_sinensis_15wks vs control_6wks,TRUE
3111,3.282410363846914,19.635971952110573,2.5803952122673386,0.017336569934679337,0.12307816536408112,-3.391856623687427,miscanthus_sinensis_15wks vs control_6wks,TRUE
5193,1.7738910565665051,18.238004930156627,2.56347421927297,0.01799079646828214,0.1268824593026214,-3.4251650611966857,miscanthus_sinensis_15wks vs control_6wks,TRUE
156,2.0421460072974895,22.54423419405971,2.5533745032019537,0.01839225047726412,0.12886596412828194,-3.4449929330859637,miscanthus_sinensis_15wks vs control_6wks,TRUE
169,2.7806468786804963,21.00993141287439,2.5499219992591664,0.018531399192802413,0.12899779178366355,-3.451761750615117,miscanthus_sinensis_15wks vs control_6wks,TRUE
2125,-1.7706308738301182,21.251702728325473,-2.5447101332401028,0.018743326306694386,0.12963126323081536,-3.461970992646029,miscanthus_sinensis_15wks vs control_6wks,TRUE
2032,-2.3720101946932637,23.45821116160698,-2.534316431665554,0.01917275346357395,0.13175122892917485,-3.48229853359795,miscanthus_sinensis_15wks vs control_6wks,TRUE
4413,-1.082400798801121,18.484722237861554,-2.5227024897784496,0.019663481604056753,0.13426275337292254,-3.5049616021343057,miscanthus_sinensis_15wks vs control_6wks,TRUE
4707,1.8964698528092754,18.881488663262026,2.5087330064374127,0.020269296369629784,0.13752332726736158,-3.532149283620367,miscanthus_sinensis_15wks vs control_6wks,TRUE
373,-3.047640199836632,19.195324211263443,-2.4913020131526653,0.021049680635974975,0.14157261343006716,-3.56596248695687,miscanthus_sinensis_15wks vs control_6wks,TRUE
28,4.139442825826002,20.380737316752626,2.487286255130258,0.021233396535306665,0.14157261343006716,-3.573734709189229,miscanthus_sinensis_15wks vs control_6wks,TRUE
2298,-2.956994024191186,20.056541599763634,-2.4854620184357077,0.02131734612495653,0.14157261343006716,-3.5772631942496904,miscanthus_sinensis_15wks vs control_6wks,TRUE
2495,-3.308145944003929,21.331765312379922,-2.4831802307814845,0.02142278747711704,0.14157261343006716,-3.5816747482156037,miscanthus_sinensis_15wks vs control_6wks,TRUE
942,-1.464202325321704,22.597781711785395,-2.4809474920601917,0.02152643282565387,0.14157261343006716,-3.585989384062488,miscanthus_sinensis_15wks vs control_6wks,TRUE
1035,2.514064921430542,19.4438401917947,2.476865352462729,0.021717138289597492,0.1419559283320031,-3.5938725265077225,miscanthus_sinensis_15wks vs control_6wks,TRUE
3619,-2.7205289345752135,19.409261799554393,-2.4734198198830333,0.02187932750468987,0.1421493277880457,-3.6005209005961327,miscanthus_sinensis_15wks vs control_6wks,TRUE
2352,3.389729633143645,20.209648243113808,2.465094317203155,0.022275897486913516,0.14299956425100085,-3.616565013642188,miscanthus_sinensis_15wks vs control_6wks,TRUE
5809,-1.0035864357774145,17.28107068522589,-2.4650716899820226,0.022276984356265992,0.14299956425100085,-3.6166085790827394,miscanthus_sinensis_15wks vs control_6wks,TRUE
2257,2.571831995112351,18.131513593023566,2.4619079079945125,0.022429439558472646,0.14312118575406355,-3.622697865381498,miscanthus_sinensis_15wks vs control_6wks,TRUE
67,3.528643246057655,20.701714514122227,2.455417947293124,0.02274521966909303,0.14416681619467955,-3.635175805267767,miscanthus_sinensis_15wks vs control_6wks,TRUE
5304,1.2030342895816801,17.72423908217271,2.4530334915985366,0.022862274956245827,0.14416681619467955,-3.6397558153906395,miscanthus_sinensis_15wks vs control_6wks,TRUE
3961,2.4591208401075164,18.900788947836933,2.4499618094953326,0.023013892835102905,0.14427422876742874,-3.6456522843889974,miscanthus_sinensis_15wks vs control_6wks,TRUE
944,-2.7892531705681307,18.677443234225684,-2.442984726764446,0.023361761656616003,0.14491083503888916,-3.6590307487962224,miscanthus_sinensis_15wks vs control_6wks,TRUE
127,-2.04651468727846,18.660960335891062,-2.442506231316546,0.0233857970725073,0.14491083503888916,-3.6599474975223787,miscanthus_sinensis_15wks vs control_6wks,TRUE
337,2.592023764208527,20.35502305241671,2.4355073506013096,0.023739996212862834,0.14542823388248338,-3.6733454546722624,miscanthus_sinensis_15wks vs control_6wks,TRUE
4901,2.3486586965603493,19.01022762520553,2.4354951784651977,0.02374061653865167,0.14542823388248338,-3.673368737514529,miscanthus_sinensis_15wks vs control_6wks,TRUE
393,-3.198290787172855,18.98808834257398,-2.432520925829159,0.023892644842404474,0.1455279276764636,-3.679055976168452,miscanthus_sinensis_15wks vs control_6wks,TRUE
5013,2.6934322812422877,19.52123535901511,2.376393439918985,0.026936430003560687,0.16288080793931867,-3.7856581679056576,miscanthus_sinensis_15wks vs control_6wks,TRUE
387,2.5355861970652143,20.030996594017303,2.374185895200723,0.027063178105571198,0.16288080793931867,-3.789822472852185,miscanthus_sinensis_15wks vs control_6wks,TRUE
1455,-2.2212913354060326,18.113364975797218,-2.3718315743907312,0.027198960798705225,0.16288080793931867,-3.7942612483911136,miscanthus_sinensis_15wks vs control_6wks,TRUE
2556,-2.398649998400739,18.86537193307028,-2.369235958723761,0.027349389392796044,0.16288080793931867,-3.7991520703410906,miscanthus_sinensis_15wks vs control_6wks,TRUE
3470,-1.9564059227580515,18.287426625620043,-2.361942619320631,0.027776197912060405,0.1638924194271536,-3.812878398592135,miscanthus_sinensis_15wks vs control_6wks,TRUE
2697,2.330702427349806,25.262746687200625,2.3589906174825512,0.027950692046794647,0.1638924194271536,-3.818427342361317,miscanthus_sinensis_15wks vs control_6wks,TRUE
2038,-2.9275153145850865,19.45895134680376,-2.358531799216849,0.027977903689523423,0.1638924194271536,-3.819289438992402,miscanthus_sinensis_15wks vs control_6wks,TRUE
5391,-1.817636174074817,18.692576649837882,-2.3518051606567294,0.02837966517698968,0.16466876232880467,-3.831917488524695,miscanthus_sinensis_15wks vs control_6wks,TRUE
1968,2.075217600465045,19.123806929176382,2.3511737366029943,0.02841765021532543,0.16466876232880467,-3.833101816921291,miscanthus_sinensis_15wks vs control_6wks,TRUE
3790,-1.06902916236362,29.44995083718391,-2.3476097932655255,0.028632929817807257,0.16502419765962031,-3.8397831072896635,miscanthus_sinensis_15wks vs control_6wks,TRUE
3265,3.6929333109788693,20.076495238749338,2.329866464862973,0.029727265329933188,0.16993931943648077,-3.8729597475403135,miscanthus_sinensis_15wks vs control_6wks,TRUE
43,2.7786387068094704,19.31357366315352,2.328664217211881,0.02980279109520372,0.16993931943648077,-3.8752024764077615,miscanthus_sinensis_15wks vs control_6wks,TRUE
2614,1.7590863894913724,22.60583508026566,2.3199387250360837,0.030356246111058253,0.1719598845465837,-3.891459342689295,miscanthus_sinensis_15wks vs control_6wks,TRUE
4381,2.2924761432525678,19.22380879790543,2.318039424714663,0.030477964611801217,0.1719598845465837,-3.8949933275850204,miscanthus_sinensis_15wks vs control_6wks,TRUE
4211,1.50300294571705,22.113836653758792,2.3142702999850275,0.03072084304960206,0.17233931753001733,-3.9020014714890245,miscanthus_sinensis_15wks vs control_6wks,TRUE
331,3.1620942240262018,19.90944658681635,2.3094566399128373,0.0310336181040314,0.17233931753001733,-3.9109421237664375,miscanthus_sinensis_15wks vs control_6wks,TRUE
3008,2.0792069581065213,19.260804819100656,2.3067172047155737,0.031212921444051283,0.17233931753001733,-3.9160253665564864,miscanthus_sinensis_15wks vs control_6wks,TRUE
2612,2.624894483457158,19.134494706657115,2.3058305825689316,0.03127115683874582,0.17233931753001733,-3.91766981075872,miscanthus_sinensis_15wks vs control_6wks,TRUE
83,2.585985316118432,19.320992895279062,2.301011147758351,0.03158945833056587,0.17233931753001733,-3.9266020909690886,miscanthus_sinensis_15wks vs control_6wks,TRUE
4419,-1.7156683856608304,19.06661491821235,-2.2999668778226177,0.0316588186538564,0.17233931753001733,-3.9285360855361375,miscanthus_sinensis_15wks vs control_6wks,TRUE
1810,2.7035096255144957,19.236290129836902,2.2997902379279953,0.0316705648819155,0.17233931753001733,-3.928863172879244,miscanthus_sinensis_15wks vs control_6wks,TRUE
975,-2.0772095823071055,17.84889458555118,-2.2745921581890913,0.03338777310077003,0.1807661250708357,-3.9753712136202872,miscanthus_sinensis_15wks vs control_6wks,TRUE
4902,-1.795337981249837,18.01353595799312,-2.268744471970827,0.03379829551009286,0.18133720301846445,-3.9861208982048857,miscanthus_sinensis_15wks vs control_6wks,TRUE
2424,-2.0659008758460295,19.3114980612977,-2.268273380343175,0.03383156772732546,0.18133720301846445,-3.9869861802765016,miscanthus_sinensis_15wks vs control_6wks,TRUE
1752,2.6094774697721164,19.011720462820364,2.2595883733042306,0.03445036906170467,0.1837353016624249,-4.002919252721378,miscanthus_sinensis_15wks vs control_6wks,TRUE
5493,-1.400390026240224,17.59083082495836,-2.2564835229858593,0.03467408901852527,0.18401298726662915,-4.008606392038066,miscanthus_sinensis_15wks vs control_6wks,TRUE
4789,-2.176955637487822,18.843967031498714,-2.2524332152251816,0.03496793134886077,0.18439317492200868,-4.016018281189606,miscanthus_sinensis_15wks vs control_6wks,TRUE
4531,-1.5311043949633785,21.548575110400858,-2.250763247733784,0.03508974597396434,0.18439317492200868,-4.01907192487622,miscanthus_sinensis_15wks vs control_6wks,TRUE
5070,-1.6444722725720275,19.623896652900818,-2.2465698273558523,0.035397344156753253,0.18510220944409506,-4.0267338680123155,miscanthus_sinensis_15wks vs control_6wks,TRUE
107,2.0364080221841725,19.07213234735415,2.240915282627878,0.03581602127291833,0.18638240196392453,-4.0370518643375135,miscanthus_sinensis_15wks vs control_6wks,TRUE
203,-3.0474481377434586,20.19261137869239,-2.2349990553287764,0.03625891158334517,0.1877756194074687,-4.047830561558662,miscanthus_sinensis_15wks vs control_6wks,TRUE
3032,3.398382985911013,19.60464690664366,2.228598689130587,0.03674366972632702,0.18937122089722389,-4.059471884857881,miscanthus_sinensis_15wks vs control_6wks,TRUE
5522,-1.3647232288648752,17.58876942924275,-2.2221098665358805,0.03724115615144398,0.19101683920740645,-4.071253408793649,miscanthus_sinensis_15wks vs control_6wks,TRUE
267,-2.44081292849998,19.76416721747947,-2.2112511945331392,0.03808742357265785,0.19442722890423433,-4.090922275568188,miscanthus_sinensis_15wks vs control_6wks,TRUE
4307,-1.4311085827552006,17.748618520205362,-2.2052361908384794,0.038563704139952415,0.195106043861419,-4.101792194984526,miscanthus_sinensis_15wks vs control_6wks,TRUE
295,-2.8543231877976396,21.801784227913025,-2.2036516215450095,0.038690072645127305,0.195106043861419,-4.1046527031839375,miscanthus_sinensis_15wks vs control_6wks,TRUE
3891,3.3924698986561523,20.207588222288503,2.202696735730156,0.0387664061030618,0.195106043861419,-4.106375879883785,miscanthus_sinensis_15wks vs control_6wks,TRUE
2224,3.122127326751901,19.85975228403493,2.198724035024075,0.03908545649362173,0.19579256710823595,-4.1135400455609235,miscanthus_sinensis_15wks vs control_6wks,TRUE
4986,-1.433479049359864,18.813021698384826,-2.194493153546926,0.039427866247105994,0.19658917496231454,-4.121161047697832,miscanthus_sinensis_15wks vs control_6wks,TRUE
3484,-2.443550984572056,19.41455942037508,-2.1697978052811315,0.04148145547165006,0.20587092715559657,-4.165462854755944,miscanthus_sinensis_15wks vs control_6wks,TRUE
221,2.4631677258065316,24.850849186263613,2.163698481373184,0.042003378095093795,0.2072798045757749,-4.176356574581546,miscanthus_sinensis_15wks vs control_6wks,TRUE
1036,2.4949650945154076,19.068092082075747,2.1619736374653042,0.042152049811118406,0.2072798045757749,-4.179433761434086,miscanthus_sinensis_15wks vs control_6wks,TRUE
131,1.163585153636454,31.2863057421911,2.157185309539425,0.04256727895901101,0.20836585864867488,-4.187968263486551,miscanthus_sinensis_15wks vs control_6wks,TRUE
4671,-1.4200295550611841,19.0524828868898,-2.1504304820601776,0.043159336932420966,0.2103036781434331,-4.19998756868595,miscanthus_sinensis_15wks vs control_6wks,TRUE
5788,-1.1456473748394025,18.568393766672624,-2.1373990385441655,0.04432263791954665,0.21499487714820817,-4.22310813033079,miscanthus_sinensis_15wks vs control_6wks,TRUE
4748,-2.5088865576261163,20.88500458945077,-2.1323253388455377,0.04478317491765654,0.21625028608886404,-4.232085914212573,miscanthus_sinensis_15wks vs control_6wks,TRUE
1576,-1.6461765528213803,18.16235442805122,-2.116607454196072,0.0462374401699854,0.22227146126558,-4.259812182571597,miscanthus_sinensis_15wks vs control_6wks,TRUE
953,-2.161127575264043,20.289471173878585,-2.1130265740352945,0.04657465490447479,0.22289299132855792,-4.266110531191984,miscanthus_sinensis_15wks vs control_6wks,TRUE
2860,0.8690966677618235,27.681585791710802,2.104469664166151,0.04738946192930675,0.22578445861429702,-4.281133463285334,miscanthus_sinensis_15wks vs control_6wks,FALSE
518,-1.5338989262020526,17.424208535481903,-2.0942575177276663,0.048378672548741584,0.22947759722234948,-4.299011113424371,miscanthus_sinensis_15wks vs control_6wks,TRUE
4065,-1.6787023334968225,18.421580453356707,-2.0809089150526225,0.049699694856292796,0.23448641975473591,-4.322294804981008,miscanthus_sinensis_15wks vs control_6wks,TRUE
3724,1.797792318665465,18.11005503211291,2.0760033970659415,0.05019324634012039,0.23448641975473591,-4.330827137497149,miscanthus_sinensis_15wks vs control_6wks,FALSE
2374,1.9482869205090836,18.610644559471062,2.0747513556603265,0.05031991896004856,0.23448641975473591,-4.333002758259115,miscanthus_sinensis_15wks vs control_6wks,FALSE
1837,-1.9647312131071217,18.299628854480186,-2.0709464616641835,0.050706633869551626,0.23448641975473591,-4.33960912172349,miscanthus_sinensis_15wks vs control_6wks,FALSE
1065,-4.259514056055885,19.358246836683115,-2.069851343580343,0.05081843063509283,0.23448641975473591,-4.341509089655374,miscanthus_sinensis_15wks vs control_6wks,FALSE
2429,-1.8016908226761181,18.36511721314772,-2.0686671336176916,0.05093957128111807,0.23448641975473591,-4.343562889498692,miscanthus_sinensis_15wks vs control_6wks,FALSE
3404,2.7365800505047417,19.447160178178656,2.065141013453778,0.05130181673833472,0.23448641975473591,-4.34967376953546,miscanthus_sinensis_15wks vs control_6wks,FALSE
4421,-1.4073694357096045,20.682972383718525,-2.0648247986174324,0.05133441472341128,0.23448641975473591,-4.3502214473762635,miscanthus_sinensis_15wks vs control_6wks,FALSE
2866,-2.076031695372258,18.024272963833415,-2.063829049489865,0.051437185956938664,0.23448641975473591,-4.3519457071236705,miscanthus_sinensis_15wks vs control_6wks,FALSE
5045,1.8259008455367685,19.41274256649937,2.0618268711862746,0.05164438919613019,0.23448641975473591,-4.35541107424451,miscanthus_sinensis_15wks vs control_6wks,FALSE
1628,-0.9251460910208991,20.366113957918646,-2.0599361182551177,0.051840747651000385,0.23448641975473591,-4.358681565882064,miscanthus_sinensis_15wks vs control_6wks,FALSE
3951,1.8418120720596924,18.437756120977927,2.0497748061236036,0.05290752136166088,0.2383061466373969,-4.376224176828762,miscanthus_sinensis_15wks vs control_6wks,FALSE
2117,-0.8174988038003761,22.610482438214266,-2.0308430302686817,0.05494756953280612,0.24645939137727266,-4.408755662313678,miscanthus_sinensis_15wks vs control_6wks,FALSE
2782,1.694429236378646,18.299949245392604,2.028497265116423,0.05520517659895108,0.2465831221419815,-4.412772605445659,miscanthus_sinensis_15wks vs control_6wks,FALSE
2388,3.295733795871829,20.131186779460972,2.0201531016443686,0.056130275675146855,0.2496749191857155,-4.427036341035474,miscanthus_sinensis_15wks vs control_6wks,FALSE
2943,-0.9211876897823856,22.38209061733881,-2.0088508192166454,0.05740537459123463,0.25357887371968046,-4.446294248636246,miscanthus_sinensis_15wks vs control_6wks,FALSE
3204,1.8141371864484306,18.97196290454789,2.0081872571418264,0.05748103200921861,0.25357887371968046,-4.447422644753511,miscanthus_sinensis_15wks vs control_6wks,FALSE
963,-1.7145726623755557,18.227124785719187,-1.9961748803257555,0.0588660844817995,0.25862476460856176,-4.467806611638359,miscanthus_sinensis_15wks vs control_6wks,FALSE
5428,0.840033537597975,17.725812039123653,1.9914820960247974,0.059415185343773054,0.25899180525885085,-4.475747525540983,miscanthus_sinensis_15wks vs control_6wks,FALSE
2986,-1.130364988094545,23.359868715858582,-1.991332016425567,0.05943282098290795,0.25899180525885085,-4.476001275582323,miscanthus_sinensis_15wks vs control_6wks,FALSE
5037,1.750952661941632,21.58318291398596,1.985483447772165,0.060123710823955484,0.26094177329263274,-4.485879809197099,miscanthus_sinensis_15wks vs control_6wks,FALSE
1,-0.8868077949063533,23.5727078495135,-1.9833465545401079,0.060377915203849435,0.26096831936330706,-4.489484236524149,miscanthus_sinensis_15wks vs control_6wks,FALSE
130,-1.794680341662776,25.21574686712926,-1.9813464738991258,0.060616708508827846,0.26096831936330706,-4.492855515480558,miscanthus_sinensis_15wks vs control_6wks,FALSE
1841,2.9050638012841645,18.961931411997277,1.9772340705932412,0.061110331237048225,0.2620411003444628,-4.499780028815822,miscanthus_sinensis_15wks vs control_6wks,FALSE
4301,1.0189248410231606,19.405213675761807,1.9651309278014522,0.06258385513225238,0.26648355470179974,-4.520102747544721,miscanthus_sinensis_15wks vs control_6wks,FALSE
2465,-2.3436176218403943,19.798140341028873,-1.9646461788302674,0.06264352218736337,0.26648355470179974,-4.5209149344586494,miscanthus_sinensis_15wks vs control_6wks,FALSE
550,-1.4452032491920512,17.757974585683982,-1.9607806730216795,0.06312112734270088,0.2670039836230959,-4.527386621285009,miscanthus_sinensis_15wks vs control_6wks,FALSE
1551,1.5485407615437694,21.79709249920613,1.9580538683889372,0.06345997598423352,0.2670039836230959,-4.531946645079495,miscanthus_sinensis_15wks vs control_6wks,FALSE
461,1.8564518290540022,18.378885478647707,1.9576277393933796,0.06351307446258345,0.2670039836230959,-4.532658867164238,miscanthus_sinensis_15wks vs control_6wks,FALSE
3262,-2.2799213206935036,18.670544546793273,-1.9532670789298208,0.06405870519903803,0.26824582802097174,-4.53994108066874,miscanthus_sinensis_15wks vs control_6wks,FALSE
2595,-2.303315080985378,18.79560292348686,-1.9455268315559373,0.06503742566462889,0.271284514834561,-4.552839730355717,miscanthus_sinensis_15wks vs control_6wks,FALSE
1597,2.412775362894781,18.796383508297392,1.9371387237470443,0.06611296089706745,0.27348695142722895,-4.5667782647985975,miscanthus_sinensis_15wks vs control_6wks,FALSE
311,2.1639272089336465,18.957128993507325,1.9340363557102367,0.06651471050033023,0.27348695142722895,-4.571922967747025,miscanthus_sinensis_15wks vs control_6wks,FALSE
1434,-2.377961633992033,22.27456483799819,-1.9337132305705655,0.0665566780752191,0.27348695142722895,-4.572458483972811,miscanthus_sinensis_15wks vs control_6wks,FALSE
4194,1.6174897581314553,18.12562070112458,1.9334882770761557,0.0665859088829354,0.27348695142722895,-4.572831263600241,miscanthus_sinensis_15wks vs control_6wks,FALSE
192,-1.7995040855741813,18.368413719298612,-1.9270022248071481,0.06743360101508147,0.27591152781743256,-4.583566681299363,miscanthus_sinensis_15wks vs control_6wks,FALSE
3702,-2.833250211885691,19.005437988536077,-1.924754816793055,0.06772953655894534,0.276068681335321,-4.5872806688946755,miscanthus_sinensis_15wks vs control_6wks,FALSE
3535,2.0647557783922537,19.78530654015928,1.9197411450000164,0.06839385698404014,0.27772051017761756,-4.595555265425727,miscanthus_sinensis_15wks vs control_6wks,FALSE
1557,1.2008346413212934,25.794131502604685,1.91486650292171,0.06904525018938339,0.27826497657975685,-4.603586045930209,miscanthus_sinensis_15wks vs control_6wks,FALSE
407,-2.2335649814801997,19.950403569903877,-1.9114211972570925,0.06950892972319209,0.27826497657975685,-4.609253490166015,miscanthus_sinensis_15wks vs control_6wks,FALSE
1138,1.9143484268684112,19.040741000920807,1.9110228190270562,0.06956272093049906,0.27826497657975685,-4.609908354640567,miscanthus_sinensis_15wks vs control_6wks,FALSE
174,-1.6074466986313212,17.771800678311028,-1.9104464418465446,0.0696406113339958,0.27826497657975685,-4.61085565021059,miscanthus_sinensis_15wks vs control_6wks,FALSE
739,-1.6480831984569377,18.189719950311712,-1.909078201533663,0.06982581968279346,0.27826497657975685,-4.613103602965024,miscanthus_sinensis_15wks vs control_6wks,FALSE
2975,1.1961445417130427,17.736405361313487,1.9034948947493244,0.07058608632602986,0.28025290570927414,-4.622265065589724,miscanthus_sinensis_15wks vs control_6wks,FALSE
247,-3.328761429222503,20.484516883619506,-1.8987999672768954,0.07123100392249597,0.28176987529489184,-4.629954312269637,miscanthus_sinensis_15wks vs control_6wks,FALSE
4444,1.5265674072422506,18.487385969304935,1.8913856945932601,0.07226000140184854,0.2843658561173661,-4.642070169189404,miscanthus_sinensis_15wks vs control_6wks,FALSE
1250,2.181949517641435,18.968027118554758,1.888644956634893,0.07264366569670182,0.2843658561173661,-4.646540465605809,miscanthus_sinensis_15wks vs control_6wks,FALSE
339,-2.395637921843253,20.688058339441,-1.8872140701625864,0.07284467823348359,0.2843658561173661,-4.648872512630739,miscanthus_sinensis_15wks vs control_6wks,FALSE
364,1.252403688927025,24.57766698456242,1.8864775837316683,0.07294833062712283,0.2843658561173661,-4.650072348092061,miscanthus_sinensis_15wks vs control_6wks,FALSE
4955,-2.202666973307899,22.738943630385506,-1.871558299507639,0.07507606032357121,0.29159977053213165,-4.674306815870048,miscanthus_sinensis_15wks vs control_6wks,FALSE
2071,2.5047464421064944,18.841565481528974,1.8686065773808735,0.07550339921904113,0.2922008807321736,-4.679085410041759,miscanthus_sinensis_15wks vs control_6wks,FALSE
3207,1.129606027581918,17.839709478927496,1.862430823218082,0.0764043855673559,0.2946241054971422,-4.689066165880622,miscanthus_sinensis_15wks vs control_6wks,FALSE
1063,1.9122499887081439,18.83356134068078,1.8554461115230152,0.07743469650443188,0.297526862554663,-4.700326033806142,miscanthus_sinensis_15wks vs control_6wks,FALSE
3500,-1.0717994916888323,19.28345088456251,-1.850588308839229,0.07815839833435939,0.2992350107658331,-4.708139425131947,miscanthus_sinensis_15wks vs control_6wks,FALSE
4454,-0.8201335175644147,23.70899423880496,-1.8452218715725661,0.07896472554707644,0.301246212763224,-4.716753940550273,miscanthus_sinensis_15wks vs control_6wks,FALSE
4906,-0.8146058730283485,17.21873253724526,-1.8429824103533672,0.07930335089443864,0.30146522042141216,-4.720343572005274,miscanthus_sinensis_15wks vs control_6wks,FALSE
479,-1.7782077961693723,18.619112279876212,-1.8408804798393048,0.07962233055102494,0.3016082627233171,-4.723709921340873,miscanthus_sinensis_15wks vs control_6wks,FALSE
3842,2.760355123651898,19.550004369534225,1.8369265205908831,0.08022539436426543,0.3018090927461763,-4.730034941653326,miscanthus_sinensis_15wks vs control_6wks,FALSE
1513,2.2619121951369756,19.023854674583756,1.8348665844929424,0.0805411511368471,0.3018090927461763,-4.733326295778718,miscanthus_sinensis_15wks vs control_6wks,FALSE
158,-1.411383436642872,22.793146396504728,-1.8340088244079846,0.08067295121202431,0.3018090927461763,-4.7346960394354545,miscanthus_sinensis_15wks vs control_6wks,FALSE
302,1.2136356484414108,18.00070335007294,1.8321218039225184,0.08096356400973925,0.3018090927461763,-4.737707776248328,miscanthus_sinensis_15wks vs control_6wks,FALSE
4178,-1.6103226076917707,18.257613004329563,-1.8313477263057096,0.08108303984225632,0.3018090927461763,-4.7389425821478035,miscanthus_sinensis_15wks vs control_6wks,FALSE
196,-1.0562141562810012,17.87658485619727,-1.8263797991137558,0.08185347503879484,0.30362257869061615,-4.746858480897069,miscanthus_sinensis_15wks vs control_6wks,FALSE
936,1.841871706372217,18.415540358275344,1.8223110553028652,0.08248919392783514,0.30433344105694904,-4.753330101460185,miscanthus_sinensis_15wks vs control_6wks,FALSE
5656,1.370425252784024,22.186649220193377,1.8201811914371453,0.08282368004371889,0.30433344105694904,-4.756713654246315,miscanthus_sinensis_15wks vs control_6wks,FALSE
5310,-0.9164434010679514,21.654406215694436,-1.8197166183978264,0.08289679551178089,0.30433344105694904,-4.757451307330193,miscanthus_sinensis_15wks vs control_6wks,FALSE
609,-1.2878574002410126,17.471301058914467,-1.8150038902014254,0.08364166678559427,0.30602002318824933,-4.764926540331309,miscanthus_sinensis_15wks vs control_6wks,FALSE
165,1.8730994441875737,19.058825448250346,1.8107284238146466,0.0843224426072371,0.3074614233842115,-4.771696085562743,miscanthus_sinensis_15wks vs control_6wks,FALSE
438,-0.9223762502597808,18.525047521353034,-1.8087402766200442,0.08464064504177828,0.30757549655859767,-4.774840079235139,miscanthus_sinensis_15wks vs control_6wks,FALSE
442,-1.7961101660006946,19.812977398580724,-1.8056387423552163,0.0851391226705579,0.3077002657461484,-4.7797397553014855,miscanthus_sinensis_15wks vs control_6wks,FALSE
1666,1.7739141447069784,19.42146995204624,1.8040830807718182,0.08539010439242971,0.3077002657461484,-4.782195031156561,miscanthus_sinensis_15wks vs control_6wks,FALSE
1635,2.910834960750151,20.070119697698257,1.8031800914469263,0.08553608133614946,0.3077002657461484,-4.783619501087875,miscanthus_sinensis_15wks vs control_6wks,FALSE
2891,2.7035564238164227,19.078465019374562,1.795499644593262,0.0867864573650656,0.30898160559951343,-4.79571450965706,miscanthus_sinensis_15wks vs control_6wks,FALSE
4637,-1.4833199939277648,19.99387085993851,-1.794872696655691,0.08688921892743083,0.30898160559951343,-4.796700157884552,miscanthus_sinensis_15wks vs control_6wks,FALSE
5997,-1.0597667438981269,17.18793827670843,-1.7945963926115693,0.0869345406692826,0.30898160559951343,-4.7971344662850965,miscanthus_sinensis_15wks vs control_6wks,FALSE
1402,-0.6517452881973753,23.98181843740664,-1.79392233489439,0.08704519112971368,0.30898160559951343,-4.7981937795502745,miscanthus_sinensis_15wks vs control_6wks,FALSE
5122,-0.8680260536292401,17.56854709298218,-1.7805165344280927,0.08927125181319684,0.31583756417078224,-4.8192013403267975,miscanthus_sinensis_15wks vs control_6wks,FALSE
180,-1.4223878583043543,17.714734688418318,-1.774103695502694,0.09035337635593103,0.31861453767617787,-4.829209846954696,miscanthus_sinensis_15wks vs control_6wks,FALSE
2187,3.316624823296241,20.408112339485985,1.7664120776246572,0.09166618254950197,0.32218409079693805,-4.841179208720841,miscanthus_sinensis_15wks vs control_6wks,FALSE
1374,-1.1138035301436595,17.899897510063983,-1.758369592134758,0.09305640409909255,0.32600152024257256,-4.853653675183226,miscanthus_sinensis_15wks vs control_6wks,FALSE
5313,-1.4361055613275653,19.254464528730797,-1.7522544337618986,0.09412556569845848,0.3275729888019254,-4.863110633952959,miscanthus_sinensis_15wks vs control_6wks,FALSE
2418,-1.7401914440851698,17.961209722460218,-1.7504546063550592,0.09444224685348047,0.3275729888019254,-4.865889393817639,miscanthus_sinensis_15wks vs control_6wks,FALSE
1933,0.740452210830945,21.54850425180842,1.7492276481096416,0.09465865525665354,0.3275729888019254,-4.867782489088694,miscanthus_sinensis_15wks vs control_6wks,FALSE
5194,2.2200833206811588,19.421548655456267,1.7488391663781109,0.094727263552795607,0.3275729888019254,-4.868381679756525,miscanthus_sinensis_15wks vs control_6wks,FALSE
3467,-1.5868254378549018,18.52495996659153,-1.745425910950681,0.09533190294311865,0.32813496215423993,-4.873642020222667,miscanthus_sinensis_15wks vs control_6wks,FALSE
2244,0.73355461883278394,25.80262040396785,1.7416357790214614,0.09600718081234334,0.32813496215423993,-4.879474265677412,miscanthus_sinensis_15wks vs control_6wks,FALSE
5156,-1.8156552076112256,21.15429979920702,-1.7409710951756991,0.09612602755149463,0.32813496215423993,-4.88049611097156,miscanthus_sinensis_15wks vs control_6wks,FALSE
36,1.2497852336252322,25.662163570212464,1.7400994191481836,0.09628207603470186,0.32813496215423993,-4.881835735265362,miscanthus_sinensis_15wks vs control_6wks,FALSE
2937,-1.2264713553137305,19.546747187810467,-1.7393285728540624,0.09642025473748655,0.32813496215423993,-4.883019985988134,miscanthus_sinensis_15wks vs control_6wks,FALSE
22,-0.7091538725526263,27.521301163016958,-1.7369458427239202,0.09684844817581195,0.32854916596351397,-4.886678110341884,miscanthus_sinensis_15wks vs control_6wks,FALSE
4029,1.513462309164698,19.130015379720955,1.7272972693275517,0.09859905710802334,0.3328409898309042,-4.901453110778741,miscanthus_sinensis_15wks vs control_6wks,FALSE
444,-2.752563340883075,19.125208696360414,-1.7252891041053964,0.0989667969582756,0.3328409898309042,-4.904520537346141,miscanthus_sinensis_15wks vs control_6wks,FALSE
4376,-1.0905760640978315,22.73177391999818,-1.7248388384742652,0.09904941141731223,0.3328409898309042,-4.9052079426955935,miscanthus_sinensis_15wks vs control_6wks,FALSE
2851,1.271077674601628,20.387945166126315,1.7231732819225158,0.09935551935250872,0.3328409898309042,-4.9077495284908625,miscanthus_sinensis_15wks vs control_6wks,FALSE
4722,1.9765274623738698,18.714457888811932,1.7154039847999292,0.10079412033771523,0.33608771056382813,-4.919580991310349,miscanthus_sinensis_15wks vs control_6wks,FALSE
863,-0.7361600830033765,25.03079281327394,-1.714558624089844,0.10095171903129913,0.33608771056382813,-4.920865935833512,miscanthus_sinensis_15wks vs control_6wks,FALSE
159,2.331089939599721,18.558859314713988,1.7116688188869107,0.10149204815397886,0.3368404817989639,-4.925254845427503,miscanthus_sinensis_15wks vs control_6wks,FALSE
1798,-1.6623224816359787,18.705319888495147,-1.704409606498323,0.10286025151481526,0.3403277457527221,-4.936255329806485,miscanthus_sinensis_15wks vs control_6wks,FALSE
5252,-1.0289838380563125,19.314527843403404,-1.7007761231509066,0.10355096596054392,0.3415588784913941,-4.941748261627444,miscanthus_sinensis_15wks vs control_6wks,FALSE
1991,1.3703365337576052,19.078583072374844,1.699007537566862,0.10388859548548057,0.3416213937436662,-4.94441873784122,miscanthus_sinensis_15wks vs control_6wks,FALSE
3156,1.5973961017773277,18.84572002219942,1.6905030522625601,0.10552524688660658,0.34241590399929916,-4.957230854319323,miscanthus_sinensis_15wks vs control_6wks,FALSE
2291,1.4548003077064138,18.182694516610354,1.6884369712497223,0.10592614839576035,0.34241590399929916,-4.960336109730282,miscanthus_sinensis_15wks vs control_6wks,FALSE
3107,1.6778499768469999,20.135082504330775,1.688287511623446,0.10595519960944284,0.34241590399929916,-4.960560631680826,miscanthus_sinensis_15wks vs control_6wks,FALSE
2458,-1.7477346135379364,18.192581669259233,-1.6882579899496284,0.10596093868512427,0.34241590399929916,-4.960604978094821,miscanthus_sinensis_15wks vs control_6wks,FALSE
440,1.0687518570065748,21.195050058275033,1.6871921021805545,0.10616832650102394,0.34241590399929916,-4.9622057246338285,miscanthus_sinensis_15wks vs control_6wks,FALSE
3829,1.8401427847934215,22.55840914840357,1.6864663725430225,0.10630972760077377,0.34241590399929916,-4.963295185813257,miscanthus_sinensis_15wks vs control_6wks,FALSE
1289,1.2263480012204688,22.517631758317524,1.6861770982073334,0.10636613435799125,0.34241590399929916,-4.9637293440613215,miscanthus_sinensis_15wks vs control_6wks,FALSE
1781,2.3189181134218764,18.9830207320875,1.6822241162953693,0.1071394923536744,0.34387286168604475,-4.969656545352081,miscanthus_sinensis_15wks vs control_6wks,FALSE
5499,-2.69538022947534,18.922949789821544,-1.6795895525395899,0.10765756217794611,0.3445041989694276,-4.973601030054345,miscanthus_sinensis_15wks vs control_6wks,FALSE
3560,-1.8205733867126028,18.913909811916582,-1.6715321261153646,0.10925520782392988,0.3485761392477763,-4.98563556507992,miscanthus_sinensis_15wks vs control_6wks,FALSE
3211,-0.6032344662463203,20.66476121585821,-1.6669653485259126,0.11016960548893591,0.348971923798913,-4.992436966658364,miscanthus_sinensis_15wks vs control_6wks,FALSE
4747,-1.2097944572996404,22.386392465934463,-1.66575952385127,0.11041212387348587,0.348971923798913,-4.9942304660942485,miscanthus_sinensis_15wks vs control_6wks,FALSE
857,-0.7653328095721221,26.422483816938005,-1.665691785794747,0.11042576090771901,0.348971923798913,-4.994331187901606,miscanthus_sinensis_15wks vs control_6wks,FALSE
103,1.4818106152155686,22.521949922295043,1.6630584440205343,0.11095701133425896,0.348971923798913,-4.998244368130623,miscanthus_sinensis_15wks vs control_6wks,FALSE
5069,1.226212279198677,17.92836153692228,1.6628115655700983,0.11100692725319901,0.348971923798913,-4.998610990995761,miscanthus_sinensis_15wks vs control_6wks,FALSE
1904,0.7947459467869535,24.71867343729887,1.653780309768782,0.11284603661344389,0.3527105023854936,-5.011994171601145,miscanthus_sinensis_15wks vs control_6wks,FALSE
808,-1.000629247940072,21.96552552005668,-1.6523232005669635,0.1131451574644101,0.3527105023854936,-5.014148209201721,miscanthus_sinensis_15wks vs control_6wks,FALSE
4842,-0.9670834657950635,17.24861210367622,-1.6517976642209542,0.1132532056501799,0.3527105023854936,-5.014924750962067,miscanthus_sinensis_15wks vs control_6wks,FALSE
2270,2.4669706032322907,19.449345752611936,1.6505394572232999,0.11351224190577919,0.3527105023854936,-5.016783132321692,miscanthus_sinensis_15wks vs control_6wks,FALSE
3284,-1.3831346912372133,17.487270522852445,-1.6473685085156171,0.11416728676328214,0.3535374903800378,-5.021461841405467,miscanthus_sinensis_15wks vs control_6wks,FALSE
3747,-1.7651206837052307,19.9643777901211,-1.6460626373555498,0.11443797496443388,0.3535374903800378,-5.023386641197003,miscanthus_sinensis_15wks vs control_6wks,FALSE
141,-1.5685664390469078,18.25974240368168,-1.6404788087883786,0.1156015327773324,0.35610587108419633,-5.0316037738080786,miscanthus_sinensis_15wks vs control_6wks,FALSE
418,-1.8264576259853413,19.276993875482717,-1.6355849469412156,0.11662949419421152,0.3582430308773489,-5.038787930612478,miscanthus_sinensis_15wks vs control_6wks,FALSE
1231,-1.8754720964580436,22.019479871252493,-1.6326677347140284,0.11724590968013404,0.359107471934582,-5.043062530310266,miscanthus_sinensis_15wks vs control_6wks,FALSE
3350,1.385823526257159,19.428372673078528,1.6266381425714092,0.11852866691025939,0.3620020824153791,-5.051879088340036,miscanthus_sinensis_15wks vs control_6wks,FALSE
256,-1.9408248085367639,20.469776516830972,-1.6208683253345033,0.1197671775627254,0.3647454953046637,-5.060292245405618,miscanthus_sinensis_15wks vs control_6wks,FALSE
481,-2.276667729208466,23.076574254575103,-1.6089107625162964,0.12236849847387961,0.3707258632235438,-5.077654344214811,miscanthus_sinensis_15wks vs control_6wks,FALSE
5803,-1.3472911092041073,18.991339433463235,-1.6064772451047828,0.12290365471340114,0.3707258632235438,-5.081175554790327,miscanthus_sinensis_15wks vs control_6wks,FALSE
358,-1.3023174610378376,22.454308945550572,-1.6061227597602836,0.1229817729884254,0.3707258632235438,-5.081688137051168,miscanthus_sinensis_15wks vs control_6wks,FALSE
2229,-1.7889676701722017,20.355439009013857,-1.6055223260737745,0.12311418592125149,0.3707258632235438,-5.082556157867837,miscanthus_sinensis_15wks vs control_6wks,FALSE
484,-1.7318810231579214,18.358523176429323,-1.6015983001484229,0.12398248658059718,0.37229474962016856,-5.088222744724069,miscanthus_sinensis_15wks vs control_6wks,FALSE
2166,-1.838737870556919,21.120801510189708,-1.5956029903215567,0.1253189990613841,0.37259198924662384,-5.096859597635261,miscanthus_sinensis_15wks vs control_6wks,FALSE
375,0.8415360888325232,24.639704008928156,1.5946261571770832,0.12553789677467092,0.37259198924662384,-5.098264436356394,miscanthus_sinensis_15wks vs control_6wks,FALSE
2305,-1.8914190687349581,21.028076432973556,-1.593860730467192,0.12570964358620845,0.37259198924662384,-5.099364771313278,miscanthus_sinensis_15wks vs control_6wks,FALSE
33,-2.2451905509737493,19.139206287766562,-1.5925169225964921,0.1260116422687671,0.37259198924662384,-5.101295559179878,miscanthus_sinensis_15wks vs control_6wks,FALSE
5635,-0.5459822721695424,17.073638427122198,-1.5923004522798538,0.12606034698425092,0.37259198924662384,-5.1016064657934,miscanthus_sinensis_15wks vs control_6wks,FALSE
2564,2.107975890136757,18.756444377504472,1.5910827819197042,0.12633460939236826,0.37259198924662384,-5.1033547371864945,miscanthus_sinensis_15wks vs control_6wks,FALSE
316,1.1984881292092346,21.204338424061717,1.5902855483195868,0.12651444410986107,0.37259198924662384,-5.1044988011430465,miscanthus_sinensis_15wks vs control_6wks,FALSE
363,-2.080275744198019,20.2451233803546,-1.580454361291382,0.12874969985790624,0.3775806406278912,-5.118570155183718,miscanthus_sinensis_15wks vs control_6wks,FALSE
3966,-0.9964367256303142,20.087412666176977,-1.5797426175000786,0.12891279334870165,0.3775806406278912,-5.119586223914156,miscanthus_sinensis_15wks vs control_6wks,FALSE
1153,-0.752117369592348,17.17532475869988,-1.5725118565033775,0.13057946265357762,0.3800669555327154,-5.129888364468962,miscanthus_sinensis_15wks vs control_6wks,FALSE
5000,-1.358309436347966,19.141896058886992,-1.571994823026146,0.13069932049176172,0.3800669555327154,-5.130623596600422,miscanthus_sinensis_15wks vs control_6wks,FALSE
6134,-1.5808737931179841,18.493570539288886,-1.571451867270274,0.13082528599960075,0.3800669555327154,-5.131395486550646,miscanthus_sinensis_15wks vs control_6wks,FALSE
5099,-1.045925514965539,18.840657099276967,-1.5686846654576698,0.1314688438604789,0.3804059051337232,-5.135326211537715,miscanthus_sinensis_15wks vs control_6wks,FALSE
4230,-1.3935726748991897,23.16092702493398,-1.5666360946016453,0.13194696430602323,0.3804059051337232,-5.13823263840942,miscanthus_sinensis_15wks vs control_6wks,FALSE
1105,2.2251284611174,20.054451343258776,1.5662016688564255,0.13204854118937376,0.3804059051337232,-5.1388486000030085,miscanthus_sinensis_15wks vs control_6wks,FALSE
2161,-1.6431861724313777,18.476130845277225,-1.5648654419782944,0.1323613830362675,0.3804059051337232,-5.140742361545657,miscanthus_sinensis_15wks vs control_6wks,FALSE
4623,0.786782242190526,17.749384763333033,1.5611961651459418,0.13322361082129291,0.3818601893059519,-5.145936088231222,miscanthus_sinensis_15wks vs control_6wks,FALSE
2872,2.1399669503342587,22.194080539166762,1.5586391694343942,0.13382721816137758,0.38256740765065805,-5.14954974687801,miscanthus_sinensis_15wks vs control_6wks,FALSE
1890,-0.8626691691105144,23.897645455846433,-1.5548142443450539,0.13473436401319733,0.38413627186741367,-5.1549465847831515,miscanthus_sinensis_15wks vs control_6wks,FALSE
115,-2.3278260198357756,19.78958275869596,-1.5521166220301479,0.1353772084886283,0.38494527188278393,-5.158746547346204,miscanthus_sinensis_15wks vs control_6wks,FALSE
5787,-0.945220923975544,17.446786783860148,-1.5458131674449669,0.13688922375387289,0.387340791943518,-5.167605486998831,miscanthus_sinensis_15wks vs control_6wks,FALSE
1367,-1.6125451793132228,20.69066471651705,-1.5455928891274855,0.13694231356958333,0.387340791943518,-5.167914553017723,miscanthus_sinensis_15wks vs control_6wks,FALSE
5053,1.1416407385530576,18.08438436676575,1.5386680439737044,0.138619981975065,0.38941471566407565,-5.177612818618488,miscanthus_sinensis_15wks vs control_6wks,FALSE
1694,-0.8161098666637834,24.905362874117298,-1.5386669746271708,0.1386202423478496,0.38941471566407565,-5.177614313577099,miscanthus_sinensis_15wks vs control_6wks,FALSE
4051,-1.5920782295367424,18.410194154492807,-1.5357104095839567,0.13934167447384554,0.38941471566407565,-5.181744474829922,miscanthus_sinensis_15wks vs control_6wks,FALSE
5283,1.1574250196839664,18.99147438671945,1.5352886534920798,0.1394448392420943,0.38941471566407565,-5.18233313168343,miscanthus_sinensis_15wks vs control_6wks,FALSE
638,1.3844655093044196,19.327331886407574,1.5350965976262807,0.13949183844683308,0.38941471566407565,-5.1826011469499935,miscanthus_sinensis_15wks vs control_6wks,FALSE
3836,-1.0216269038414225,19.976769575577617,-1.529801947399194,0.14079267802958353,0.39202532687717806,-5.189979381862008,miscanthus_sinensis_15wks vs control_6wks,FALSE
3400,-1.5764455366409678,18.280554834668,-1.5236251230793643,0.1423228705801336,0.395259371144827,-5.198561330428199,miscanthus_sinensis_15wks vs control_6wks,FALSE
4405,-1.0130702151911315,18.856758766391984,-1.5182134636292224,0.143674727966721,0.39798270899308763,-5.206057444603276,miscanthus_sinensis_15wks vs control_6wks,FALSE
87,1.1176325252318975,18.366344187481907,1.5129009155598836,0.14501207228098684,0.400651911044376,-5.2133955708948445,miscanthus_sinensis_15wks vs control_6wks,FALSE
1146,-1.1989413563652889,17.77289963705634,-1.5107653794465374,0.14555252883910408,0.40111133911444624,-5.216339558124802,miscanthus_sinensis_15wks vs control_6wks,FALSE
453,-1.9071916377170375,20.782067932521244,-1.5046997487199545,0.1470966213150842,0.4017911019082612,-5.224683314109754,miscanthus_sinensis_15wks vs control_6wks,FALSE
3035,1.5082872198735906,18.72861138710844,1.501989438084445,0.14779089465666267,0.4017911019082612,-5.228402872112971,miscanthus_sinensis_15wks vs control_6wks,FALSE
2386,1.9993102747292362,19.511901945377414,1.5011275261808847,0.14801224354897352,0.4017911019082612,-5.229584610673305,miscanthus_sinensis_15wks vs control_6wks,FALSE
4472,-0.6839852963598645,16.84619634258807,-1.50094255868747,0.14805978068081266,0.4017911019082612,-5.22983814253688,miscanthus_sinensis_15wks vs control_6wks,FALSE
75,-2.318637379513227,21.045770953697527,-1.5006717249056993,0.14812940822012294,0.4017911019082612,-5.230209324700088,miscanthus_sinensis_15wks vs control_6wks,FALSE
1562,1.9816801786045914,19.043174451891883,1.5004271163297755,0.14819231666125351,0.4017911019082612,-5.230544518624758,miscanthus_sinensis_15wks vs control_6wks,FALSE
1319,-0.783675336517387,17.658136890174916,-1.499293259497077,0.1484842076504513,0.4017911019082612,-5.232097701749852,miscanthus_sinensis_15wks vs control_6wks,FALSE
1305,-1.6750224060009415,21.793307713916292,-1.4965071919651418,0.14920342889842034,0.4017911019082612,-5.2359101191837585,miscanthus_sinensis_15wks vs control_6wks,FALSE
954,-1.7502649745074166,21.05005295680806,-1.4955988464211452,0.14943853255298328,0.4017911019082612,-5.2371518565216775,miscanthus_sinensis_15wks vs control_6wks,FALSE
1047,-1.869322606157322,21.511729352496676,-1.4951792095663596,0.14954724781846662,0.4017911019082612,-5.237725309027588,miscanthus_sinensis_15wks vs control_6wks,FALSE
3886,-0.8396705833148559,22.969451493344636,-1.4911861058722773,0.15058497843990515,0.4032251636704421,-5.243175593691176,miscanthus_sinensis_15wks vs control_6wks,FALSE
465,-0.8581559622772765,17.707108623255937,-1.4902339440549819,0.15083329349985752,0.4032251636704421,-5.244473492327727,miscanthus_sinensis_15wks vs control_6wks,FALSE
749,-1.9026015716307079,20.07338431023212,-1.4880087166435318,0.1514149163000283,0.4037731101334088,-5.247504115091482,miscanthus_sinensis_15wks vs control_6wks,FALSE
6093,-1.874039016540472,22.065929287288483,-1.4863851723013528,0.15184042708297105,0.4039030715457691,-5.249712982491228,miscanthus_sinensis_15wks vs control_6wks,FALSE
3585,-1.375440407877889,18.179759352227347,-1.4842299604594607,0.15240678791188433,0.4044061303008416,-5.252642194804722,miscanthus_sinensis_15wks vs control_6wks,FALSE
3832,1.4420238413092186,18.90529645390969,1.4827505725621,0.15279654747391766,0.4044392565235549,-5.254650892376426,miscanthus_sinensis_15wks vs control_6wks,FALSE
2655,1.9545209046112078,19.30293007729775,1.4778046668376243,0.15410549821039812,0.40614514628785137,-5.2613546614715965,miscanthus_sinensis_15wks vs control_6wks,FALSE
4428,-1.2783585245854354,18.824157165691425,-1.4763460245425073,0.15449327183925216,0.40614514628785137,-5.263328279099848,miscanthus_sinensis_15wks vs control_6wks,FALSE
307,0.9685668386074617,17.955582474277442,1.4754664941646878,0.15472747472374196,0.40614514628785137,-5.264517567942686,miscanthus_sinensis_15wks vs control_6wks,FALSE
1725,-0.8945669491201187,17.850662993754746,-1.4746074661332402,0.15495649704452538,0.40614514628785137,-5.2656785810784275,miscanthus_sinensis_15wks vs control_6wks,FALSE
2935,1.7962617345975005,18.044854314083814,1.4718484986953844,0.1556939212980611,0.40706973743347014,-5.269403747055243,miscanthus_sinensis_15wks vs control_6wks,FALSE
34,0.7917129291878489,27.091796052777507,1.4695767309481647,0.15630326554971577,0.40706973743347014,-5.272466858746252,miscanthus_sinensis_15wks vs control_6wks,FALSE
205,-2.506899392409686,22.031709694950393,-1.4682801122881302,0.15665191864681427,0.40706973743347014,-5.274213423095378,miscanthus_sinensis_15wks vs control_6wks,FALSE
2870,-1.587301514726068,20.201831311171787,-1.4676011023836204,0.15683475233952748,0.40706973743347014,-5.27512756146152,miscanthus_sinensis_15wks vs control_6wks,FALSE
3605,1.712115555330108,18.81540014338003,1.4662172864947518,0.15720790232971701,0.40706973743347014,-5.276989506903946,miscanthus_sinensis_15wks vs control_6wks,FALSE
4519,-1.5915455988534468,18.584639910833975,-1.4645104477342894,0.15766914909794238,0.4072803080313114,-5.279284124511683,miscanthus_sinensis_15wks vs control_6wks,FALSE
4963,-0.7282083986053891,17.234776361692937,-1.4601330219671682,0.15885710311080678,0.4088801980921062,-5.285159084847356,miscanthus_sinensis_15wks vs control_6wks,FALSE
4119,-1.1295111237459032,20.15214279078826,-1.4577528031237237,0.15950609167649757,0.4088801980921062,-5.288347596212617,miscanthus_sinensis_15wks vs control_6wks,FALSE
4564,1.4567124475230422,18.656814594378062,1.454909666372568,0.16028411358957262,0.4088801980921062,-5.2921506889948935,miscanthus_sinensis_15wks vs control_6wks,FALSE
260,-1.948256693975864,18.649458525421448,-1.4547551459527934,0.16032648588467424,0.4088801980921062,-5.2923572088033595,miscanthus_sinensis_15wks vs control_6wks,FALSE
4953,-1.451251154656756,19.43314065837749,-1.4543441205687098,0.1604392406436826,0.4088801980921062,-5.292906466135737,miscanthus_sinensis_15wks vs control_6wks,FALSE
1320,-2.2217948001080146,20.115973368032712,-1.4537682789560145,0.160597316697879,0.4088801980921062,-5.293675756846641,miscanthus_sinensis_15wks vs control_6wks,FALSE
2635,-1.3922154822274209,22.13043762103682,-1.4524545076001587,0.1609584361892433,0.4088801980921062,-5.295429951255189,miscanthus_sinensis_15wks vs control_6wks,FALSE
385,-0.7002122583952506,27.35984384927629,-1.4491553062353169,0.1618681937452908,0.4102191576712807,-5.299829473907307,miscanthus_sinensis_15wks vs control_6wks,FALSE
1496,-0.5300971210583718,22.117181658289464,-1.4467989544949036,0.1625205022733875,0.4109008925402627,-5.302966709691577,miscanthus_sinensis_15wks vs control_6wks,FALSE
529,-1.1666699160365432,19.897267861116372,-1.4442865075231004,0.16321836164875655,0.41169431455874594,-5.306307187895103,miscanthus_sinensis_15wks vs control_6wks,FALSE
525,1.084109799146379,20.740198729768515,1.4417432423710184,0.16392724464655556,0.41251175178663746,-5.309683819819068,miscanthus_sinensis_15wks vs control_6wks,FALSE
4022,2.205649241431601,20.460614185776965,1.432582017698564,0.1665013709358014,0.41703696840718246,-5.321806672193614,miscanthus_sinensis_15wks vs control_6wks,FALSE
162,2.123232859470768,20.045464055183754,1.432455479571012,0.16653715244135942,0.41703696840718246,-5.321973675126862,miscanthus_sinensis_15wks vs control_6wks,FALSE
920,-1.33456896339532,19.719682399434333,-1.4311996840499612,0.16689259276742655,0.41703696840718246,-5.323630399145454,miscanthus_sinensis_15wks vs control_6wks,FALSE
4201,-1.015346245829253,19.281940310598955,-1.4270448916108147,0.16807292073291827,0.4190097000597404,-5.329103183190866,miscanthus_sinensis_15wks vs control_6wks,FALSE
332,-0.6308798403567799,26.698173652099825,-1.4212066295167292,0.1697428403503147,0.42219100894556233,-5.3367714334665175,miscanthus_sinensis_15wks vs control_6wks,FALSE
5341,1.1483938113535004,18.653900431038036,1.4138104588227183,0.17187747700366027,0.42634857878153537,-5.346448854118676,miscanthus_sinensis_15wks vs control_6wks,FALSE
1484,-1.0311078999481254,18.592742329640867,-1.412665558240568,0.17220982706381044,0.42634857878153537,-5.347943174361142,miscanthus_sinensis_15wks vs control_6wks,FALSE
4379,-1.7831250017895357,22.204540247247287,-1.4089141995416201,0.17330240894151266,0.4275682152355473,-5.352832455133863,miscanthus_sinensis_15wks vs control_6wks,FALSE
350,1.117568924523919,22.40057733662376,1.4082372443167206,0.17350016196591703,0.4275682152355473,-5.353713615257583,miscanthus_sinensis_15wks vs control_6wks,FALSE
2287,0.9062591183688475,17.59884248514852,1.4056925816626622,0.17424512853972043,0.42841921512518416,-5.357022760088964,miscanthus_sinensis_15wks vs control_6wks,FALSE
5038,-0.999856788761015,18.03080990528628,-1.3999454854668865,0.1759370460163761,0.4315892753536732,-5.364478271509019,miscanthus_sinensis_15wks vs control_6wks,FALSE
2853,1.9368382268115383,19.66104072335283,1.3974875764830206,0.17666463892668438,0.43171015300758436,-5.367659136134445,miscanthus_sinensis_15wks vs control_6wks,FALSE
4034,-0.7544482973863254,17.47214882220665,-1.3970590039887911,0.17679175109172532,0.43171015300758436,-5.368213293886646,miscanthus_sinensis_15wks vs control_6wks,FALSE
5263,1.1079600655668713,19.195934333400416,1.3893562394799865,0.17908881818743883,0.4363254843112146,-5.3781492459693805,miscanthus_sinensis_15wks vs control_6wks,FALSE
766,-1.3429848206011954,19.144487567237434,-1.3832331101143276,0.1809317322723773,0.4385116992519007,-5.386015140723731,miscanthus_sinensis_15wks vs control_6wks,FALSE
3319,0.9997207829934034,21.27365306862722,1.382894798300081,0.18103399424623834,0.4385116992519007,-5.386448903278532,miscanthus_sinensis_15wks vs control_6wks,FALSE
569,-0.5238944390482736,23.52964478280076,-1.382301892840827,0.18121332347816418,0.4385116992519007,-5.387208877855554,miscanthus_sinensis_15wks vs control_6wks,FALSE
3508,1.1306597802127811,20.79521711797234,1.3786308853579068,0.18232679773520166,0.4390011814605174,-5.391908281984074,miscanthus_sinensis_15wks vs control_6wks,FALSE
96,2.0870752890509436,19.364685402233867,1.3784790665519677,0.1823729635820232,0.4390011814605174,-5.392102407951366,miscanthus_sinensis_15wks vs control_6wks,FALSE
396,1.5513648297553502,19.886095976335866,1.3766097900931957,0.182942144289042,0.4390011814605174,-5.394491138178518,miscanthus_sinensis_15wks vs control_6wks,FALSE
1062,-1.2473065414521614,18.714855330129662,-1.3762440827173432,0.18305366428437622,0.4390011814605174,-5.394958157151798,miscanthus_sinensis_15wks vs control_6wks,FALSE
101,1.3599890949139173,22.357594225919406,1.3610407722111155,0.18773774394496578,0.44919718240961626,-5.414281816069179,miscanthus_sinensis_15wks vs control_6wks,FALSE
2247,1.6396517356996547,18.879545636370963,1.3597388722448083,0.1881432228562665,0.44919718240961626,-5.415928235563267,miscanthus_sinensis_15wks vs control_6wks,FALSE
111,-0.5515347696165698,26.542419513944875,-1.356848291904037,0.18904597385929556,0.45034951994925515,-5.4195790427864186,miscanthus_sinensis_15wks vs control_6wks,FALSE
2993,0.6578374793286415,20.151091334137245,1.3520817764802509,0.19054206325487807,0.4529070771823266,-5.425584980220265,miscanthus_sinensis_15wks vs control_6wks,FALSE
5432,-3.074272877746715,21.138384529336435,-1.3494402177618836,0.1913751962537771,0.45388099642488733,-5.42890580289586,miscanthus_sinensis_15wks vs control_6wks,FALSE
504,-0.8609883144328734,17.595663123701005,-1.347759320464684,0.19190683540528977,0.45413714691936125,-5.431016105113892,miscanthus_sinensis_15wks vs control_6wks,FALSE
263,-1.2178331549592087,18.421842364988926,-1.345519476437745,0.1926170676600523,0.4548138690122821,-5.433824720514923,miscanthus_sinensis_15wks vs control_6wks,FALSE
145,1.2629951271656878,20.336648531448894,1.3415946522118962,0.19386657983943623,0.4567581837096168,-5.438736748479748,miscanthus_sinensis_15wks vs control_6wks,FALSE
206,-1.0524249236670968,22.088298477441324,-1.3387277632191477,0.194783309731557,0.4579116404215551,-5.4423171346574835,miscanthus_sinensis_15wks vs control_6wks,FALSE
903,-0.4672463524175754,23.685592888476588,-1.3340943818174262,0.1962721005180735,0.4604019513246714,-5.448090054069429,miscanthus_sinensis_15wks vs control_6wks,FALSE
4177,-1.0753543861318313,18.78442725498417,-1.3289604767233067,0.19793213526415812,0.4632822030637064,-5.4544669478539625,miscanthus_sinensis_15wks vs control_6wks,FALSE
2705,-0.7893458596060086,18.26214592662277,-1.3275973880145626,0.19837473053343174,0.46330656020008454,-5.456156583933459,miscanthus_sinensis_15wks vs control_6wks,FALSE
3528,-0.5201753509147906,19.712415436997897,-1.3171580589353855,0.2017901333562079,0.46761300108841514,-5.469048352199291,miscanthus_sinensis_15wks vs control_6wks,FALSE
998,-0.8097962762435102,21.28358156607248,-1.3166183198582064,0.20196795982421736,0.46761300108841514,-5.469712554496037,miscanthus_sinensis_15wks vs control_6wks,FALSE
1999,-0.7334224727697816,22.582644074833187,-1.3143264377246668,0.2027244241185997,0.46761300108841514,-5.4725303817245745,miscanthus_sinensis_15wks vs control_6wks,FALSE
3172,-0.7281513377242277,17.50831991966186,-1.3134089666527533,0.20302786610325574,0.46761300108841514,-5.473657233446255,miscanthus_sinensis_15wks vs control_6wks,FALSE
199,-1.4898906641899998,19.772579650809032,-1.3129958902058825,0.20316460159683294,0.46761300108841514,-5.47416436309332,miscanthus_sinensis_15wks vs control_6wks,FALSE
4741,1.4790743017909733,19.10878304428254,1.3124338632141452,0.20335075769454694,0.46761300108841514,-5.4748541413088585,miscanthus_sinensis_15wks vs control_6wks,FALSE
5693,0.556664164616901,17.3639299995363,1.3119241968732676,0.20351968578793675,0.46761300108841514,-5.475479441285167,miscanthus_sinensis_15wks vs control_6wks,FALSE
4542,1.5982787019308908,19.411568999487827,1.3106262966633413,0.20395036705926067,0.46761300108841514,-5.477070883371981,miscanthus_sinensis_15wks vs control_6wks,FALSE
4776,-1.113463113460945,18.796049169500233,-1.309285289578317,0.20439609858166893,0.46761300108841514,-5.478713782693682,miscanthus_sinensis_15wks vs control_6wks,FALSE
278,-2.176938732733756,22.06661583835914,-1.3072559843912748,0.2050720539476432,0.46761300108841514,-5.481197226825796,miscanthus_sinensis_15wks vs control_6wks,FALSE
5137,-1.242129988082798,17.93280145208264,-1.3064588615895678,0.20533804901734493,0.46761300108841514,-5.482171846364549,miscanthus_sinensis_15wks vs control_6wks,FALSE
520,-1.0491362317982933,17.737674577371102,-1.3061143299274787,0.2054531002916451,0.46761300108841514,-5.482592939767343,miscanthus_sinensis_15wks vs control_6wks,FALSE
1662,-1.8304882444480413,21.399942662868867,-1.300966465325161,0.20717813768473128,0.4705401771144745,-5.488873558388363,miscanthus_sinensis_15wks vs control_6wks,FALSE
254,-0.6099747162273452,23.20499563035513,-1.2982601636126763,0.20808951904488612,0.47083363330465927,-5.492166933251129,miscanthus_sinensis_15wks vs control_6wks,FALSE
2530,-1.1934186533792257,20.46934439639677,-1.2972419848658951,0.20843320896997614,0.47083363330465927,-5.493404477879611,miscanthus_sinensis_15wks vs control_6wks,FALSE
242,-0.43438858540890024,21.128887559411844,-1.2966744389422045,0.20862497744376227,0.47083363330465927,-5.494093943615401,miscanthus_sinensis_15wks vs control_6wks,FALSE
19,-0.46268041073680877,27.230040136410402,-1.2790418496999063,0.2146513364700735,0.4826880256259006,-5.5153865522636645,miscanthus_sinensis_15wks vs control_6wks,FALSE
284,-0.9843838219248155,22.319423742988853,-1.2786749116397573,0.2147781606563009,0.4826880256259006,-5.515827019849155,miscanthus_sinensis_15wks vs control_6wks,FALSE
2147,-0.5234088428079069,27.012309038997287,-1.2723109666165042,0.21698693603999958,0.48627767538017574,-5.523449066253443,miscanthus_sinensis_15wks vs control_6wks,FALSE
193,2.2149399622572545,21.910909792167416,1.2714627349627523,0.21728265532379124,0.48627767538017574,-5.524462535132318,miscanthus_sinensis_15wks vs control_6wks,FALSE
3816,1.0689966360857852,17.94089587119305,1.2682154788956383,0.2184176182670019,0.4868154836992805,-5.5283370271869785,miscanthus_sinensis_15wks vs control_6wks,FALSE
6180,-0.8457643270813513,20.17462477766392,-1.2671120615942835,0.21880431591610544,0.4868154836992805,-5.529651651849382,miscanthus_sinensis_15wks vs control_6wks,FALSE
389,-1.0226095384782496,20.78395169127503,-1.264897885691412,0.21958187325857872,0.4868154836992805,-5.532286696138854,miscanthus_sinensis_15wks vs control_6wks,FALSE
1431,1.2364304419718835,22.35201789794835,1.264703444220947,0.21965025711573444,0.4868154836992805,-5.532517908594216,miscanthus_sinensis_15wks vs control_6wks,FALSE
2396,-1.1871475150477302,18.157054190475925,-1.2639490786491028,0.219915717843497,0.4868154836992805,-5.53341464503056,miscanthus_sinensis_15wks vs control_6wks,FALSE
410,-1.0401934088298752,21.84833338396622,-1.2630067279995414,0.2202476768602155,0.4868154836992805,-5.5345342017178485,miscanthus_sinensis_15wks vs control_6wks,FALSE
5406,0.7084988179472873,17.763121044444762,1.2557890782707142,0.2228029995828853,0.4901793546446759,-5.543085392649483,miscanthus_sinensis_15wks vs control_6wks,FALSE
2769,-0.4078638170789901,20.325341935321326,-1.2540306771349246,0.22342897238865322,0.4901793546446759,-5.545162315054436,miscanthus_sinensis_15wks vs control_6wks,FALSE
1240,-0.5138516402017252,26.48968459024953,-1.2535928002921146,0.22358506152298982,0.4901793546446759,-5.54567912188851,miscanthus_sinensis_15wks vs control_6wks,FALSE
390,1.0799607191365226,19.029914833030393,1.2535548181873646,0.22359860487056576,0.4901793546446759,-5.54572394320441,miscanthus_sinensis_15wks vs control_6wks,FALSE
150,-0.648669318879076,22.588955536659405,-1.2475023163315886,0.22576479765079557,0.49285109163049473,-5.552851389714949,miscanthus_sinensis_15wks vs control_6wks,FALSE
128,-1.5726593180633586,20.531570880003574,-1.2469984364892026,0.22594585794108332,0.49285109163049473,-5.553443424520741,miscanthus_sinensis_15wks vs control_6wks,FALSE
152,-1.0338808351671176,17.833454856419372,-1.2463011931814707,0.22619658309907037,0.49285109163049473,-5.554262313266278,miscanthus_sinensis_15wks vs control_6wks,FALSE
1638,0.7336294638316616,25.23500700369649,1.2367401964527731,0.22965615638554884,0.49807171524516836,-5.565451638728109,miscanthus_sinensis_15wks vs control_6wks,FALSE
2968,-1.1374706591337684,18.292046094707523,-1.2356358280966233,0.23005834909538597,0.49807171524516836,-5.56673931229355,miscanthus_sinensis_15wks vs control_6wks,FALSE
1049,-0.6675224973676208,18.55309922713205,-1.2355144516286496,0.23010258511767895,0.49807171524516836,-5.566880774619112,miscanthus_sinensis_15wks vs control_6wks,FALSE
1385,-1.2453386507283746,18.65853388317859,-1.2342829740915495,0.23055176737464833,0.49807171524516836,-5.5683153648639845,miscanthus_sinensis_15wks vs control_6wks,FALSE
232,1.2378147515779112,22.00226090107947,1.2326541913245779,0.23114689243835349,0.49807171524516836,-5.57021089557245,miscanthus_sinensis_15wks vs control_6wks,FALSE
1272,-0.5476537409415805,17.63239853618137,-1.2320161726279069,0.2313803304030726,0.49807171524516836,-5.570952815240388,miscanthus_sinensis_15wks vs control_6wks,FALSE
92,-1.9233454047412906,23.024995284238273,-1.2289190768859388,0.2325160443219493,0.49951342587801534,-5.574549563416705,miscanthus_sinensis_15wks vs control_6wks,FALSE
5579,1.0546646005316305,18.145523417285908,1.226023535907,0.2335816768098453,0.5007991150803083,-5.577905172951542,miscanthus_sinensis_15wks vs control_6wks,FALSE
13,1.2523138226759443,18.03088341133986,1.2210685923202567,0.23541382140548667,0.5037197935063508,-5.583631537484693,miscanthus_sinensis_15wks vs control_6wks,FALSE
3129,0.5147506575884542,17.505446132810363,1.2180583043408448,0.23653221865357965,0.5051046581606322,-5.587100697773742,miscanthus_sinensis_15wks vs control_6wks,FALSE
3997,-0.8490054527191013,17.58762119599569,-1.207121837269755,0.24062927204404128,0.5128321662648355,-5.599641842301557,miscanthus_sinensis_15wks vs control_6wks,FALSE
1429,-1.3124839987486894,21.473065100781337,-1.2039751942974724,0.24181794757969455,0.51434293612189,-5.603232012448738,miscanthus_sinensis_15wks vs control_6wks,FALSE
3468,1.5372526551812555,18.93610600906306,1.1975256815055637,0.24426814344074338,0.5185256431058949,-5.610565161800713,miscanthus_sinensis_15wks vs control_6wks,FALSE
2644,-0.7361534749041425,17.456372077493796,-1.1926491632420846,0.24613311985420136,0.5211765292095462,-5.616087064132586,miscanthus_sinensis_15wks vs control_6wks,FALSE
2656,1.023112365615411,18.84156404210585,1.190694336518395,0.2468837202215292,0.5211765292095462,-5.61829509654593,miscanthus_sinensis_15wks vs control_6wks,FALSE
236,1.4839487598024341,23.061487654775338,1.189986388821521,0.247155976316004,0.5211765292095462,-5.619093965650916,miscanthus_sinensis_15wks vs control_6wks,FALSE
2070,0.9541030909220893,23.451501715908766,1.1887880667878963,0.247617329479628,0.5211765292095462,-5.620445244515969,miscanthus_sinensis_15wks vs control_6wks,FALSE
934,0.8648299085606475,18.764286239267612,1.1867022249417183,0.24842191751795245,0.5211765292095462,-5.622794498883667,miscanthus_sinensis_15wks vs control_6wks,FALSE
1351,-0.880689698715269,20.6460534257288,-1.18466970668196,0.24920782029541938,0.5211765292095462,-5.625080235969418,miscanthus_sinensis_15wks vs control_6wks,FALSE
1457,0.5778065338546448,17.228752037406213,1.184159100513593,0.2494055460086581,0.5211765292095462,-5.625653918407861,miscanthus_sinensis_15wks vs control_6wks,FALSE
819,-1.2233227759751202,21.15898967009205,-1.1841571398182174,0.24940630548926976,0.5211765292095462,-5.625656120896409,miscanthus_sinensis_15wks vs control_6wks,FALSE
1720,-0.7786680906747812,18.133731513424966,-1.180594581076174,0.2507891343580939,0.5230465992838068,-5.629652759516228,miscanthus_sinensis_15wks vs control_6wks,FALSE
20,-0.48883695595310783,22.169121555105825,-1.1772728694945003,0.25208363601569905,0.5247255491433581,-5.6333697340734386,miscanthus_sinensis_15wks vs control_6wks,FALSE
17,-1.1841839048406086,20.527069038815682,-1.1734084152462234,0.2535959240486514,0.5256695635476786,-5.637682518758869,miscanthus_sinensis_15wks vs control_6wks,FALSE
3351,1.6360010280678985,19.48979983029186,1.1728601597404074,0.2538110216553675,0.5256695635476786,-5.638293375453727,miscanthus_sinensis_15wks vs control_6wks,FALSE
285,-1.0732980160410506,18.86779256805702,-1.1711801124906087,0.2544710036394593,0.5256695635476786,-5.640163699925373,miscanthus_sinensis_15wks vs control_6wks,FALSE
2958,0.9938584913662787,20.14456566531773,1.170631395078959,0.2546868361890109,0.5256695635476786,-5.640774055390498,miscanthus_sinensis_15wks vs control_6wks,FALSE
93,0.8182014042755874,19.03374767245548,1.1698638599325193,0.2549889673925307,0.5256695635476786,-5.64162738878591,miscanthus_sinensis_15wks vs control_6wks,FALSE
50,-1.6054302266348266,20.900956562947115,-1.1672264810248267,0.2560291760830204,0.5267827614776085,-5.644555851194793,miscanthus_sinensis_15wks vs control_6wks,FALSE
116,-0.9527363370766828,22.324687818816045,-1.165594231633783,0.25667453229201276,0.5267827614776085,-5.646365350313501,miscanthus_sinensis_15wks vs control_6wks,FALSE
4567,0.8836032323594125,18.100082650149304,1.16476423991605,0.25700315695222875,0.5267827614776085,-5.647284622104007,miscanthus_sinensis_15wks vs control_6wks,FALSE
3054,-0.7904417717903343,17.811575336466984,-1.1619445477329782,0.2581219154949543,0.5280662087988377,-5.650403335276766,miscanthus_sinensis_15wks vs control_6wks,FALSE
4918,0.5537484656558469,17.630869335297785,1.1584118613858505,0.2595286675626213,0.5299328221469144,-5.654301299967175,miscanthus_sinensis_15wks vs control_6wks,FALSE
4377,-0.9351940634855644,21.186205505235268,-1.156778816579373,0.26018088251425325,0.5302545742495808,-5.6560996815909075,miscanthus_sinensis_15wks vs control_6wks,FALSE
1923,0.760716018088921,24.337669835344045,1.1542964268630649,0.26117464085210557,0.5312698576725943,-5.658829133953766,miscanthus_sinensis_15wks vs control_6wks,FALSE
4946,-0.727122769212599,18.03905709165645,-1.1491365324387022,0.2632492592726422,0.5344757688262736,-5.6644860906057355,miscanthus_sinensis_15wks vs control_6wks,FALSE
2155,-0.9984251239328508,20.36071787184926,-1.14371469505891,0.26544230064599317,0.5379095393053018,-5.67040620888733,miscanthus_sinensis_15wks vs control_6wks,FALSE
422,0.7968810077079596,24.445794979334945,1.1366956642666075,0.26830136736652244,0.542677482673419,-5.6780336846512265,miscanthus_sinensis_15wks vs control_6wks,FALSE
3799,-1.168728932105875,18.120471886453732,-1.1350248177184803,0.2689852833585957,0.5430362029386339,-5.6798432699021175,miscanthus_sinensis_15wks vs control_6wks,FALSE
2613,1.4451026628450983,19.71558880479043,1.1325238048043893,0.27001140083152414,0.5431390196568753,-5.682547566401695,miscanthus_sinensis_15wks vs control_6wks,FALSE
2335,-1.018871485395259,18.178415352997966,-1.132431002228434,0.2700495312286516,0.5431390196568753,-5.682647810738973,miscanthus_sinensis_15wks vs control_6wks,FALSE
4580,1.1810928379749122,25.2279121534378,1.1291352116049151,0.2714062608611845,0.5444171329743637,-5.686203186143522,miscanthus_sinensis_15wks vs control_6wks,FALSE
280,0.6290574985603001,22.689059329196468,1.1284215177147296,0.2717007146840341,0.5444171329743637,-5.686971887077038,miscanthus_sinensis_15wks vs control_6wks,FALSE
181,0.39481265377840913,29.797343637758456,1.1269347055485488,0.27231489220803484,0.5446297844160697,-5.688571914505376,miscanthus_sinensis_15wks vs control_6wks,FALSE
1549,-1.7023576407937746,20.682326492292223,-1.1239696727226705,0.27354273685868485,0.5460666925745068,-5.69175715741621,miscanthus_sinensis_15wks vs control_6wks,FALSE
81,0.6584501362997237,22.326227085400177,1.1200109385338703,0.27518839681747853,0.546687474111008,-5.695998334216279,miscanthus_sinensis_15wks vs control_6wks,FALSE
1867,-0.8022823181759087,21.29993075349014,-1.119554423756832,0.27537863642390137,0.546687474111008,-5.6964865684003065,miscanthus_sinensis_15wks vs control_6wks,FALSE
5690,0.5152149403619859,18.863657123776548,1.1195424781932546,0.2753836156902466,0.546687474111008,-5.696499341596609,miscanthus_sinensis_15wks vs control_6wks,FALSE
4509,-0.9379825411904505,19.036944233901593,-1.1181918470642382,0.2759470235731329,0.5467933627918641,-5.697942771540097,miscanthus_sinensis_15wks vs control_6wks,FALSE
4252,-0.7068136808072367,20.041449394093377,-1.1109820389052176,0.2789688065537073,0.5517611819660042,-5.7056218372298435,miscanthus_sinensis_15wks vs control_6wks,FALSE
4728,0.8195424501699939,17.636846459691853,1.1091445338237393,0.2797427871374688,0.5522730530596069,-5.707571896847327,miscanthus_sinensis_15wks vs control_6wks,FALSE
2338,-1.2570628896838052,18.360888405069435,-1.1069667449038345,0.2806621234828631,0.553069478627995,-5.709879375890454,miscanthus_sinensis_15wks vs control_6wks,FALSE
2568,1.1179711105623724,18.185133806191107,1.101130455862117,0.2831367023159762,0.5546032675131267,-5.716043368410251,miscanthus_sinensis_15wks vs control_6wks,FALSE
2148,-0.468509822135978,24.075257068300896,-1.1010230229761662,0.28318240176349796,0.5546032675131267,-5.716156562276391,miscanthus_sinensis_15wks vs control_6wks,FALSE
4992,-1.3248290070451993,18.89374245966209,-1.100401404948658,0.28344692873053134,0.5546032675131267,-5.716811321263661,miscanthus_sinensis_15wks vs control_6wks,FALSE
3779,-1.2090938342922364,19.200289233746044,-1.1002535380132152,0.2835098792884267,0.5546032675131267,-5.71696702320062,miscanthus_sinensis_15wks vs control_6wks,FALSE
781,0.6968443617726408,17.680470971894884,1.0969922598551995,0.28490086535713055,0.5563091578558178,-5.720396376692159,miscanthus_sinensis_15wks vs control_6wks,FALSE
5108,-0.6430953265810793,17.796450271420074,-1.0944934912447986,0.28596997156418735,0.5573814718487433,-5.723017797081175,miscanthus_sinensis_15wks vs control_6wks,FALSE
117,0.8472303662544967,20.625060690887615,1.0883049389791501,0.2886302616901927,0.5612134299830687,-5.729487201280316,miscanthus_sinensis_15wks vs control_6wks,FALSE
970,1.5873889148097007,19.704605921258818,1.086577318910022,0.2893761007321237,0.5612134299830687,-5.731287390142572,miscanthus_sinensis_15wks vs control_6wks,FALSE
3498,-1.508013032743559,21.962880584108625,-1.0862754726908488,0.2895065548326838,0.5612134299830687,-5.731601653847492,miscanthus_sinensis_15wks vs control_6wks,FALSE
4582,1.665739778319729,18.421936152332272,1.0799062249187554,0.29226916345732384,0.5646049929930816,-5.738214762872086,miscanthus_sinensis_15wks vs control_6wks,FALSE
2419,-1.2592679353114455,21.374917042030752,-1.0798135777545197,0.29230948797682865,0.5646049929930816,-5.738310701197171,miscanthus_sinensis_15wks vs control_6wks,FALSE
2069,-1.1224097439010414,21.74434102762797,-1.077310227974529,0.2934005829065446,0.5649808131798246,-5.740900196959167,miscanthus_sinensis_15wks vs control_6wks,FALSE
3865,0.7168787788647712,17.57445232055161,1.076949319026819,0.29355812774362156,0.5649808131798246,-5.741273082941285,miscanthus_sinensis_15wks vs control_6wks,FALSE
335,-1.4852056991393496,20.44719697988731,-1.0751603233371325,0.294339962323924,0.5654703218839543,-5.743119799996531,miscanthus_sinensis_15wks vs control_6wks,FALSE
1712,-1.313386122775281,18.37508978265513,-1.073701853993294,0.29497845488657093,0.5656831907663757,-5.7446232964574335,miscanthus_sinensis_15wks vs control_6wks,FALSE
411,-1.575065345015041,21.485159243345144,-1.0670873867661295,0.2978866327738255,0.5694227712695068,-5.751419062213712,miscanthus_sinensis_15wks vs control_6wks,FALSE
2210,-1.1184959496461282,19.166615236160844,-1.0660300668837317,0.2983534007520269,0.5694227712695068,-5.752501879299456,miscanthus_sinensis_15wks vs control_6wks,FALSE
5,-0.4204293148933509,28.744293448542123,-1.0656484195898297,0.29852201254987204,0.5694227712695068,-5.752892493968725,miscanthus_sinensis_15wks vs control_6wks,FALSE
62,0.8218136331545516,26.6323746291144,1.0569239401141035,0.30239509149779975,0.5757860356760947,-5.761787788323808,miscanthus_sinensis_15wks vs control_6wks,FALSE
374,0.5116366718032168,20.108597058633872,1.0534207521262027,0.3039603093569878,0.5769044031522572,-5.765341111763865,miscanthus_sinensis_15wks vs control_6wks,FALSE
3548,-1.2053157047626968,20.186400709872192,-1.0532008410598317,0.30405875725841913,0.5769044031522572,-5.7655638169140575,miscanthus_sinensis_15wks vs control_6wks,FALSE
5422,0.7398564601556288,17.88314300839024,1.0517972406763454,0.3046876437344803,0.5770762439635386,-5.766984267371461,miscanthus_sinensis_15wks vs control_6wks,FALSE
4360,-0.7268640962870272,20.1757637245923,-1.049575497772974,0.3056849912833821,0.577944110504031,-5.769229204774054,miscanthus_sinensis_15wks vs control_6wks,FALSE
31,-0.5717162568414764,24.124105307607245,-1.0468513768016732,0.30691102131175985,0.578379802996453,-5.771975944668939,miscanthus_sinensis_15wks vs control_6wks,FALSE
2425,-0.9757632742244589,18.37788043651517,-1.046650534667937,0.307001551189696,0.578379802996453,-5.7721782005271844,miscanthus_sinensis_15wks vs control_6wks,FALSE
69,1.0406285001840843,28.479752320218275,1.0454700552423917,0.30753403704102444,0.578379802996453,-5.77336628425555,miscanthus_sinensis_15wks vs control_6wks,FALSE
204,-0.3571019413524432,23.47382036112402,-1.0410448415420428,0.3095359739707127,0.57979908254428425,-5.777809271473033,miscanthus_sinensis_15wks vs control_6wks,FALSE
3463,-0.3644287038430747,18.11687056063774,-1.0402763329354074,0.3098845804377134,0.57979908254428425,-5.778579138752723,miscanthus_sinensis_15wks vs control_6wks,FALSE
2712,-1.2972443475680322,21.503976630968506,-1.0398687037535101,0.31006959959388525,0.57979908254428425,-5.778987280924264,miscanthus_sinensis_15wks vs control_6wks,FALSE
30,1.3566486308264913,21.753970416356573,1.0363580125513032,0.3116663059731024,0.57979908254428425,-5.782496428798298,miscanthus_sinensis_15wks vs control_6wks,FALSE
367,-1.0945473775750543,18.449859767040056,-1.0363483552813078,0.3116707062192535,0.57979908254428425,-5.782506067083871,miscanthus_sinensis_15wks vs control_6wks,FALSE
5287,1.1096956539985428,18.990196732961692,1.0363302391161449,0.31167896080150126,0.57979908254428425,-5.782524147417766,miscanthus_sinensis_15wks vs control_6wks,FALSE
5707,-0.6292662263922004,17.57978073017062,-1.035094555133388,0.31224236151389256,0.57979908254428425,-5.783756715384703,miscanthus_sinensis_15wks vs control_6wks,FALSE
2740,0.6938385551069253,17.93386903747473,1.0342769223491013,0.3126155501031682,0.57979908254428425,-5.7845715580006525,miscanthus_sinensis_15wks vs control_6wks,FALSE
1975,0.9043391682942463,18.782342338317328,1.0320853413118538,0.31361739648771586,0.580020392884684,-5.7867527979496325,miscanthus_sinensis_15wks vs control_6wks,FALSE
3930,-0.7375437342040563,18.28920882797955,-1.0316492825151897,0.31381700361298204,0.580020392884684,-5.787186301708882,miscanthus_sinensis_15wks vs control_6wks,FALSE
3978,-0.7183730723492658,17.972488097579276,-1.027814263006828,0.3155763524069263,0.5817835872347861,-5.790991734276062,miscanthus_sinensis_15wks vs control_6wks,FALSE
3840,0.8808031697826664,20.566080100019274,1.0272052331109598,0.31585638784575143,0.5817835872347861,-5.791594889122749,miscanthus_sinensis_15wks vs control_6wks,FALSE
21,-1.0765583767674798,18.26398941077217,-1.0182709528138423,0.3199845208628094,0.5883303741765393,-5.80040587546983,miscanthus_sinensis_15wks vs control_6wks,FALSE
5922,1.0483589019503654,18.826555982694135,1.0171430781127055,0.32050833817080127,0.5883303741765393,-5.801513240852788,miscanthus_sinensis_15wks vs control_6wks,FALSE
224,-0.9585302063134549,18.320141802467194,-1.013275741196743,0.3223089990808342,0.5889539730889717,-5.805301825817684,miscanthus_sinensis_15wks vs control_6wks,FALSE
186,-1.0472496871765422,20.477356045862294,-1.0124209627976832,0.3227079430443359,0.5889539730889717,-5.806137436068999,miscanthus_sinensis_15wks vs control_6wks,FALSE
5875,-0.9390368428951064,18.4786002427383,-1.0122126407430738,0.32280522383614585,0.5889539730889717,-5.806340989840855,miscanthus_sinensis_15wks vs control_6wks,FALSE
5491,-0.5791789509056215,17.077294070500006,-1.0096570089591717,0.3240003029782187,0.5889539730889717,-5.80883503971738,miscanthus_sinensis_15wks vs control_6wks,FALSE
2491,1.4143760239214132,18.870459956584174,1.008192221622788,0.32468666596640794,0.5889539730889717,-5.810261956785803,miscanthus_sinensis_15wks vs control_6wks,FALSE
404,-1.2104517667518664,21.244414307719044,-1.0079925120923758,0.3247803234107587,0.5889539730889717,-5.810456357723445,miscanthus_sinensis_15wks vs control_6wks,FALSE
261,-0.5222926431340298,24.223025368135282,-1.0072249839568426,0.325140445159373,0.5889539730889717,-5.81120315907201,miscanthus_sinensis_15wks vs control_6wks,FALSE
3942,1.0240914664219893,18.521261360859377,1.0070060082947268,0.32524323887002915,0.5889539730889717,-5.811416126896511,miscanthus_sinensis_15wks vs control_6wks,FALSE
3873,0.6031404574781263,20.553209087584257,1.0037505952623147,0.32677409914176825,0.5907282196964175,-5.814577274767193,miscanthus_sinensis_15wks vs control_6wks,FALSE
3028,-0.9385963590918038,21.81527234739657,-1.0001454916215367,0.32847524643691417,0.592803811751468,-5.81806715732402,miscanthus_sinensis_15wks vs control_6wks,FALSE
1596,-1.3070969207240068,18.632051211867797,-0.9874373277660888,0.33452089197518653,0.6026998255418486,-5.830278211964938,miscanthus_sinensis_15wks vs control_6wks,FALSE
5497,-0.43397831623003924,17.08931875769041,-0.9797867175623503,0.3381973625529675,0.6083012964039952,-5.837561062473564,miscanthus_sinensis_15wks vs control_6wks,FALSE
4306,-1.2130123976163105,20.08908584635631,-0.9775407956758123,0.3392818926843977,0.6083992815223336,-5.839689230009345,miscanthus_sinensis_15wks vs control_6wks,FALSE
490,-0.4793019645976777,22.851165932699555,-0.9773235752223622,0.339386912640257,0.6083992815223336,-5.839894825534256,miscanthus_sinensis_15wks vs control_6wks,FALSE
3178,1.0455846701620608,19.70451819808669,0.9734832997842887,0.34124726667225325,0.6101817037785336,-5.843522705103246,miscanthus_sinensis_15wks vs control_6wks,FALSE
6213,-0.745815746006155,18.487174719014245,-0.972922315423455,0.3415196103238062,0.6101817037785336,-5.844051572693766,miscanthus_sinensis_15wks vs control_6wks,FALSE
3088,1.2907922237025637,19.262523496936847,0.966968484032471,0.34441922959404436,0.612874895169807,-5.849647400152214,miscanthus_sinensis_15wks vs control_6wks,FALSE
408,-1.638110623838621,22.129778169469045,-0.9665951059891699,0.34460163067218286,0.612874895169807,-5.849997282202412,miscanthus_sinensis_15wks vs control_6wks,FALSE
5921,1.1136970542174893,18.566828780823784,0.9663075966493542,0.34474212853301645,0.612874895169807,-5.850266615026064,miscanthus_sinensis_15wks vs control_6wks,FALSE
2153,0.764109549752984,18.737602750888467,0.9639096895672827,0.34591544451906,0.6139426432523714,-5.852510074635873,miscanthus_sinensis_15wks vs control_6wks,FALSE
2160,-1.0789328018956326,18.297392494852254,-0.9615457017277687,0.34707482978567916,0.6143579605809915,-5.854716814566469,miscanthus_sinensis_15wks vs control_6wks,FALSE
91,1.2139490140448288,20.442940009766254,0.9596118774841206,0.3480252158267375,0.6143579605809915,-5.856518321678728,miscanthus_sinensis_15wks vs control_6wks,FALSE
5621,-0.4466010370592599,18.329871722811674,-0.9593775577186842,0.3481404935943223,0.6143579605809915,-5.8567363834777435,miscanthus_sinensis_15wks vs control_6wks,FALSE
4151,-0.6617642248172366,22.506204731829346,-0.9583360314800294,0.3486532056655114,0.6143579605809915,-5.857705055545761,miscanthus_sinensis_15wks vs control_6wks,FALSE
847,-0.9694517627110031,19.47437759836191,-0.9576018630763318,0.34901492350170127,0.6143579605809915,-5.858387291085996,miscanthus_sinensis_15wks vs control_6wks,FALSE
1818,-0.49975881713421444,18.709205718143263,-0.9552522336198941,0.35017428001807427,0.6147573637013277,-5.860567499951935,miscanthus_sinensis_15wks vs control_6wks,FALSE
3649,1.2598009384304838,18.978506485005624,0.9548181370714626,0.350388758602156,0.6147573637013277,-5.860969759535633,miscanthus_sinensis_15wks vs control_6wks,FALSE
357,-0.5724597248999856,20.25559193933413,-0.9521134221007648,0.35172711607237683,0.6160971706365816,-5.8634723388354155,miscanthus_sinensis_15wks vs control_6wks,FALSE
709,-1.0870825685367116,22.122963173316787,-0.9496896913786741,0.35292938003178975,0.61719460912574,-5.865709410695845,miscanthus_sinensis_15wks vs control_6wks,FALSE
655,0.9494512435912092,19.663634382923433,0.9470190382221308,0.35425734955055943,0.6177039724075685,-5.868168339814318,miscanthus_sinensis_15wks vs control_6wks,FALSE
4614,-0.8271983897032484,18.662133046544557,-0.946569783340344,0.3544810713694925,0.6177039724075685,-5.868581355186329,miscanthus_sinensis_15wks vs control_6wks,FALSE
90,1.37154711331182,20.93013417056189,0.945630160854589,0.3549492975774834,0.6177039724075685,-5.869444601541013,miscanthus_sinensis_15wks vs control_6wks,FALSE
1730,1.0355621100651575,19.010846775233425,0.9414223789454288,0.3570512200935694,0.6203547940685679,-5.873300715743014,miscanthus_sinensis_15wks vs control_6wks,FALSE
166,-1.3285786438345148,23.06705716634125,-0.9378495455424074,0.35884254854205533,0.6224582719046655,-5.8765625613283134,miscanthus_sinensis_15wks vs control_6wks,FALSE
3021,0.5957276242064822,18.026928634629428,0.9340495488733709,0.36075440477792553,0.6247636864651634,-5.880019300910585,miscanthus_sinensis_15wks vs control_6wks,FALSE
2165,1.0827993896302281,19.713076392045078,0.9307344317533447,0.36242789240684126,0.6266495171937643,-5.883024429590981,miscanthus_sinensis_15wks vs control_6wks,FALSE
2449,-0.5233899539187838,21.548050629286525,-0.92840922482583,0.3636047728640478,0.6268320198230276,-5.885126351833324,miscanthus_sinensis_15wks vs control_6wks,FALSE
109,1.180542271337007,21.457375405049103,0.9236284378974783,0.3660325607590844,0.6268320198230276,-5.889432855532563,miscanthus_sinensis_15wks vs control_6wks,FALSE
4729,-0.6224974787591719,20.07132023833964,-0.9232529515393714,0.3662236990545742,0.6268320198230276,-5.889770224831735,miscanthus_sinensis_15wks vs control_6wks,FALSE
1013,-0.5259565091394123,20.582072084660343,-0.9232169373645703,0.36624203528548505,0.6268320198230276,-5.889802576433854,miscanthus_sinensis_15wks vs control_6wks,FALSE
1860,-1.0459178110352951,18.290502647993062,-0.9230436489750331,0.36633027179199407,0.6268320198230276,-5.88995822548453,miscanthus_sinensis_15wks vs control_6wks,FALSE
1315,-1.1052848010243466,21.39912830365855,-0.9221548803742711,0.36678304612678647,0.6268320198230276,-5.890756102002003,miscanthus_sinensis_15wks vs control_6wks,FALSE
41,-0.9420314177666214,25.134864837555714,-0.9212875957251314,0.3672252359818763,0.6268320198230276,-5.891534009512907,miscanthus_sinensis_15wks vs control_6wks,FALSE
120,-0.3081476525850384,23.63218574519953,-0.9179796932555954,0.3689150552502497,0.6268320198230276,-5.894494830565004,miscanthus_sinensis_15wks vs control_6wks,FALSE
273,-0.9132878822097261,22.39940100789005,-0.9177766155128181,0.3690189647602704,0.6268320198230276,-5.8946762807641715,miscanthus_sinensis_15wks vs control_6wks,FALSE
6163,-0.9614953581797288,22.063225291236602,-0.9176929806478827,0.3690617641797077,0.6268320198230276,-5.894750997860308,miscanthus_sinensis_15wks vs control_6wks,FALSE
4876,0.732734093146135,18.0997452270779,0.917318205883083,0.36925359255671586,0.6268320198230276,-5.895085734319479,miscanthus_sinensis_15wks vs control_6wks,FALSE
4592,0.9277719420812822,19.00495799564716,0.916738939445573,0.3695502206419342,0.6268320198230276,-5.89560286813928,miscanthus_sinensis_15wks vs control_6wks,FALSE
3778,0.7877056724659219,20.19736591753875,0.9127832839670785,0.3715800560830934,0.6292793366841646,-5.899126187786276,miscanthus_sinensis_15wks vs control_6wks,FALSE
2608,-0.6492365087890164,23.685334896757574,-0.9114788712502166,0.37225103453749,0.6294213076091313,-5.900284953742747,miscanthus_sinensis_15wks vs control_6wks,FALSE
2908,0.8420241097220753,21.543041281740756,0.9096791889213982,0.373178095730071,0.6299951474372222,-5.9018811796283135,miscanthus_sinensis_15wks vs control_6wks,FALSE
555,-0.34834227337531587,20.827482257248207,-0.908102402604943,0.3739915958135207,0.6303757715598965,-5.903277315699449,miscanthus_sinensis_15wks vs control_6wks,FALSE
108,-0.3384403183763922,23.56068796614359,-0.9022651671572166,0.3770133831227651,0.634471501895768,-5.908426323408927,miscanthus_sinensis_15wks vs control_6wks,FALSE
2223,-1.106164038398827,18.892636820121318,-0.8947692806177603,0.38091740974491717,0.6394050757462179,-5.914993415016224,miscanthus_sinensis_15wks vs control_6wks,FALSE
362,0.8707532478048705,19.135837643600208,0.8943474178269737,0.38113791362111304,0.6394050757462179,-5.91536149996071,miscanthus_sinensis_15wks vs control_6wks,FALSE
1084,-2.14246990381638,25.752835030606875,-0.8914984740010828,0.3826292287905855,0.6398522228153984,-5.917843063483849,miscanthus_sinensis_15wks vs control_6wks,FALSE
4685,0.9352037391309622,18.70165162975865,0.8911581729651891,0.38280761955988973,0.6398522228153984,-5.918138991696993,miscanthus_sinensis_15wks vs control_6wks,FALSE
2228,-1.0450679489057215,20.337757223442125,-0.8901884307276722,0.3833162721361517,0.6398522228153984,-5.9189817127850795,miscanthus_sinensis_15wks vs control_6wks,FALSE
2839,0.5674472730349365,24.408312707147662,0.8892823027608078,0.3837919582745347,0.6398522228153984,-5.919768384345605,miscanthus_sinensis_15wks vs control_6wks,FALSE
1544,0.3648072746813753,23.540289956336807,0.8865807705597937,0.38521246738556203,0.6400820112338512,-5.922109365131609,miscanthus_sinensis_15wks vs control_6wks,FALSE
4204,0.9417974307087107,18.81707139707831,0.8848362239985589,0.38613160580088024,0.6400820112338512,-5.923617575030133,miscanthus_sinensis_15wks vs control_6wks,FALSE
5566,0.4583873658835529,17.480807943476687,0.8846923148556831,0.3862074903428553,0.6400820112338512,-5.923741865658231,miscanthus_sinensis_15wks vs control_6wks,FALSE
2947,1.7138306955916711,21.49823623071436,0.8844824826609415,0.38631815416819193,0.6400820112338512,-5.923923058758594,miscanthus_sinensis_15wks vs control_6wks,FALSE
1255,0.9716946617536628,19.001082966726543,0.882909734471136,0.38714826936462987,0.6404675073439556,-5.925279881024644,miscanthus_sinensis_15wks vs control_6wks,FALSE
1104,-1.1967074618213616,19.3745464552125,-0.8774538290895162,0.390036989998816,0.64425216221684245,-5.929969375051162,miscanthus_sinensis_15wks vs control_6wks,FALSE
1598,1.1295742329960525,20.587428375053307,0.873922151982007,0.3919143646892209,0.6459698603652432,-5.932990563375063,miscanthus_sinensis_15wks vs control_6wks,FALSE
124,0.9015327151773889,18.65703917264485,0.8732317221670157,0.39228207005389304,0.6459698603652432,-5.9335798727164875,miscanthus_sinensis_15wks vs control_6wks,FALSE
8,0.8942141907951999,23.18322893893287,0.8708555732064519,0.39354925953595066,0.6464513857275189,-5.935604704596371,miscanthus_sinensis_15wks vs control_6wks,FALSE
3321,-0.899865234739071,18.52148682373103,-0.8704223998785531,0.3937805549254383,0.6464513857275189,-5.935973280348958,miscanthus_sinensis_15wks vs control_6wks,FALSE
3105,-0.27205364331504356,20.107833327138525,-0.8671984728080028,0.3955047593376795,0.6482891468042697,-5.938711081419968,miscanthus_sinensis_15wks vs control_6wks,FALSE
476,-1.1029279320241834,19.31144712944671,-0.8639345932994221,0.39725530365429806,0.6501644053700878,-5.9414731902938795,miscanthus_sinensis_15wks vs control_6wks,FALSE
907,-0.7465109778238421,20.06261303563553,-0.859472258547081,0.39965671613529774,0.6529832526400141,-5.945233832856928,miscanthus_sinensis_15wks vs control_6wks,FALSE
4621,-0.8463297172638349,18.989559224393204,-0.8572571173289719,0.4008522664831924,0.6529832526400141,-5.947093916332593,miscanthus_sinensis_15wks vs control_6wks,FALSE
1809,1.3874703995851156,18.407925337166894,0.85634001583052,0.4013479154067685,0.6529832526400141,-5.947862710478239,miscanthus_sinensis_15wks vs control_6wks,FALSE
2159,0.8460342449110314,20.79597167907745,0.8562175260300248,0.4014141450464266,0.6529832526400141,-5.947965334064919,miscanthus_sinensis_15wks vs control_6wks,FALSE
168,1.31320370982737,19.55276940233372,0.8537834713244503,0.40273168430118533,0.6540154702556262,-5.950001782150247,miscanthus_sinensis_15wks vs control_6wks,FALSE
4153,-0.605866482327805,19.722328154391565,-0.8527925343590645,0.4032688673870979,0.6540154702556262,-5.950829301133233,miscanthus_sinensis_15wks vs control_6wks,FALSE
3595,0.4914622407695788,17.677537836637253,0.8514343839140592,0.4040058623688829,0.6542209735036896,-5.951962020776637,miscanthus_sinensis_15wks vs control_6wks,FALSE
26,-0.5534207042987553,20.681975438252955,-0.8491095142932018,0.40526944750282556,0.6552772967164842,-5.953897094343346,miscanthus_sinensis_15wks vs control_6wks,FALSE
4581,-0.42398476164160215,22.762175986611087,-0.847695335038304,0.40603930210130446,0.6555333311033108,-5.955071754295666,miscanthus_sinensis_15wks vs control_6wks,FALSE
1939,0.6673784243361922,22.550420565921133,0.8424379949842368,0.4089095054137145,0.6591436105169466,-5.959422642521028,miscanthus_sinensis_15wks vs control_6wks,FALSE
3051,-0.9107967358569695,21.730565773117306,-0.8413496985859691,0.4095052654890732,0.6591436105169466,-5.9603201430914075,miscanthus_sinensis_15wks vs control_6wks,FALSE
5332,-0.5318779650921215,17.685247544905003,-0.8340305647208383,0.4135262962370826,0.6625099254467988,-5.966327965883425,miscanthus_sinensis_15wks vs control_6wks,FALSE
4651,-0.5618493185643061,18.434892141286603,-0.8336131073678457,0.4137563945045407,0.6625099254467988,-5.966669152231349,miscanthus_sinensis_15wks vs control_6wks,FALSE
134,-0.8302639706822248,22.80339074148485,-0.8331992982907067,0.41398456201745426,0.6625099254467988,-5.967007199284234,miscanthus_sinensis_15wks vs control_6wks,FALSE
210,-1.1560163010684015,21.727304106405526,-0.8330467343267655,0.41406870340424917,0.6625099254467988,-5.967131791567592,miscanthus_sinensis_15wks vs control_6wks,FALSE
5768,-0.3822452993753629,16.472380344500642,-0.8261597844078937,0.4178782484040581,0.6642403296785357,-5.972733837782396,miscanthus_sinensis_15wks vs control_6wks,FALSE
82,-0.33154739355240537,23.975826514336703,-0.8249634523776955,0.4185422537471194,0.6642403296785357,-5.973702533523383,miscanthus_sinensis_15wks vs control_6wks,FALSE
368,-0.5116497108933054,26.372235372432307,-0.8243672071329446,0.41887343871916327,0.6642403296785357,-5.974184835509581,miscanthus_sinensis_15wks vs control_6wks,FALSE
244,1.169193542326937,19.037101388481442,0.8241710532208313,0.4189824287062973,0.6642403296785357,-5.974343432792494,miscanthus_sinensis_15wks vs control_6wks,FALSE
6159,-0.5446086076808392,21.56475354105254,-0.8240365665627605,0.41905716453726427,0.6642403296785357,-5.974452149533245,miscanthus_sinensis_15wks vs control_6wks,FALSE
44,0.426197330009078,26.743221338256298,0.8233060153810428,0.41946328730194615,0.6642403296785357,-5.975042424593836,miscanthus_sinensis_15wks vs control_6wks,FALSE
4092,0.45713637240963934,22.487352349286354,0.8232623015164289,0.419487596261538,0.6642403296785357,-5.975077729238789,miscanthus_sinensis_15wks vs control_6wks,FALSE
1864,-0.8197517722045511,18.497860459035973,-0.8197313748657347,0.42145404927409336,0.6663698242209855,-5.9779236151254604,miscanthus_sinensis_15wks vs control_6wks,FALSE
2570,-1.1376169017842273,22.39417754938265,-0.817092435384973,0.42292751241649806,0.6677147176884918,-5.980043087050691,miscanthus_sinensis_15wks vs control_6wks,FALSE
3050,-1.2237683286948844,20.60262491290167,-0.8093265663540297,0.4272823398551697,0.6735980416540323,-5.986243092311967,miscanthus_sinensis_15wks vs control_6wks,FALSE
2910,1.07263999879574,21.309090676808125,0.8036828326693152,0.43046465150602564,0.6772535437465187,-5.990713994744037,miscanthus_sinensis_15wks vs control_6wks,FALSE
5058,-0.3575190205107752,16.860517185357956,-0.8019515118643485,0.4314438331134267,0.6772535437465187,-5.9920796388228474,miscanthus_sinensis_15wks vs control_6wks,FALSE
2266,-0.5004282788853729,20.283626398909544,-0.8018585871064212,0.4314964275922316,0.6772535437465187,-5.9921528584773,miscanthus_sinensis_15wks vs control_6wks,FALSE
2061,-0.5681854705824705,18.014880878347803,-0.7975358301106527,0.4339474645069813,0.6797678293274763,-5.99555014330212,miscanthus_sinensis_15wks vs control_6wks,FALSE
5254,-0.39506665637364335,17.409599705907993,-0.7967981935939363,0.43436657004600865,0.6797678293274763,-5.99612813295877,miscanthus_sinensis_15wks vs control_6wks,FALSE
183,0.4466407144892841,24.918957145762068,0.7921031509156182,0.4370400376901037,0.6829546944661679,-5.999795236877988,miscanthus_sinensis_15wks vs control_6wks,FALSE
1830,0.33430749163264295,16.822892188589954,0.7801971773189585,0.44386495422064753,0.6921644818965882,-6.009003023446849,miscanthus_sinensis_15wks vs control_6wks,FALSE
5362,-0.5589375166151598,18.40587574186557,-0.7795568538721077,0.4442338499084678,0.6921644818965882,-6.009494510772923,miscanthus_sinensis_15wks vs control_6wks,FALSE
3024,0.3246489364712488,18.651599837096576,0.7784522851445473,0.44487064181599745,0.6921644818965882,-6.0103414405736,miscanthus_sinensis_15wks vs control_6wks,FALSE
1044,-0.7011447100589621,26.03157943197313,-0.7772130557931061,0.4455857303077717,0.692272323028886,-6.011290273897367,miscanthus_sinensis_15wks vs control_6wks,FALSE
5155,-0.3586535408022691,23.088913576791505,-0.7758427590087417,0.4463772670721733,0.6924984519556726,-6.012337801154545,miscanthus_sinensis_15wks vs control_6wks,FALSE
6025,0.7085530044365385,18.798835250932072,0.7725323163761729,0.44829304384962365,0.6939174036901588,-6.014861283214304,miscanthus_sinensis_15wks vs control_6wks,FALSE
2309,0.5169960012859107,23.691712543465595,0.7720259359730276,0.44858653055716413,0.6939174036901588,-6.015246388720598,miscanthus_sinensis_15wks vs control_6wks,FALSE
1787,0.6339264505946609,25.65379786459388,0.7687068469740261,0.45051309246013005,0.6957221889472266,-6.017764675692113,miscanthus_sinensis_15wks vs control_6wks,FALSE
2582,1.0428322113272444,20.036173209776244,0.7677617950859393,0.4510625642612395,0.6957221889472266,-6.018479839746714,miscanthus_sinensis_15wks vs control_6wks,FALSE
2907,0.8165288446643153,18.10855489273994,0.7666659358669377,0.45170022715230385,0.6957221889472266,-6.019308086347715,miscanthus_sinensis_15wks vs control_6wks,FALSE
188,-0.5624121229010264,22.70471512118095,-0.7596987393777831,0.45576708770121843,0.7009789354601237,-6.0245477228228355,miscanthus_sinensis_15wks vs control_6wks,FALSE
4782,-0.8258235646057024,20.536347659669982,-0.7582126920716905,0.4566373658125805,0.7013112552307827,-6.02565944456788,miscanthus_sinensis_15wks vs control_6wks,FALSE
2472,0.8131593015287137,19.416100128496282,0.7564647725630749,0.45766228497362527,0.7018797846805812,-6.026964439857037,miscanthus_sinensis_15wks vs control_6wks,FALSE
5742,-0.33366488074689826,16.97154254361808,-0.7527413463084205,0.4598501807729921,0.7042277054123536,-6.029734846455595,miscanthus_sinensis_15wks vs control_6wks,FALSE
511,0.6837017321233496,26.020776595804822,0.7497338789240862,0.4616219498250571,0.7059325680634254,-6.031963099535362,miscanthus_sinensis_15wks vs control_6wks,FALSE
2607,0.8748006873978156,18.713964964354005,0.7451972756864095,0.46430228501390236,0.7090200135824835,-6.035308316539962,miscanthus_sinensis_15wks vs control_6wks,FALSE
2549,0.5039980039439449,19.013957498480348,0.7437049239871333,0.46518602812430254,0.7093590642236874,-6.036404547665544,miscanthus_sinensis_15wks vs control_6wks,FALSE
3730,-0.4101781178778161,25.630004406120783,-0.7407819351999253,0.4669198691269357,0.7109916188978339,-6.038545641379695,miscanthus_sinensis_15wks vs control_6wks,FALSE
2337,1.2329618958990096,21.059509608375016,0.7343013211208426,0.470777673378296,0.7142863400219632,-6.043264181660851,miscanthus_sinensis_15wks vs control_6wks,FALSE
5623,0.4759151509243651,17.759591979712848,0.7336210212678782,0.4711837358207761,0.7142863400219632,-6.043757227082705,miscanthus_sinensis_15wks vs control_6wks,FALSE
348,-0.410350899645362,23.44448813031985,-0.7326355567509827,0.471772314307786,0.7142863400219632,-6.044470670531286,miscanthus_sinensis_15wks vs control_6wks,FALSE
2838,0.5009446139019254,22.03869598683953,0.7318049120921901,0.4722687622836733,0.7142863400219632,-6.045071322554903,miscanthus_sinensis_15wks vs control_6wks,FALSE
2041,0.8450537536875657,25.731958167235856,0.7315601183014118,0.472415126003332,0.7142863400219632,-6.0452482133373575,miscanthus_sinensis_15wks vs control_6wks,FALSE
1745,-0.646028388268757,20.2971154365378,-0.7299290533061074,0.4733910331330182,0.7147537852374585,-6.046425405035279,miscanthus_sinensis_15wks vs control_6wks,FALSE
488,-0.3756092920787175,24.097065176031304,-0.7279245048538143,0.47459203115361115,0.7154143906123283,-6.047868734020738,miscanthus_sinensis_15wks vs control_6wks,FALSE
1633,0.6899992714441119,19.08053784080965,0.7269720837627094,0.4751632892872927,0.7154143906123283,-6.048553181768814,miscanthus_sinensis_15wks vs control_6wks,FALSE
4316,-0.629447684080926,20.360163761615873,-0.7199283398354911,0.4794006317358469,0.7205241987532335,-6.053588656723854,miscanthus_sinensis_15wks vs control_6wks,FALSE
23,1.1234827757455115,22.367891895275932,0.7190983606233476,0.4799013786472096,0.7205241987532335,-6.0541789276864675,miscanthus_sinensis_15wks vs control_6wks,FALSE
1406,-0.6536644681449069,21.09510169492752,-0.7164346515674476,0.4815105232967415,0.7219290642994501,-6.056068950098947,miscanthus_sinensis_15wks vs control_6wks,FALSE
354,-0.831730873013754,19.326471533320046,-0.7145276779809829,0.4826644550713629,0.7223683376266604,-6.057417935613736,miscanthus_sinensis_15wks vs control_6wks,FALSE
1244,-0.34268116152625794,23.359106071594322,-0.713422255686888,0.4833340955729837,0.7223683376266604,-6.058198340416632,miscanthus_sinensis_15wks vs control_6wks,FALSE
1928,0.6172615015931626,20.99245981427424,0.7126123492995902,0.48382506195516994,0.7223683376266604,-6.05876938728518,miscanthus_sinensis_15wks vs control_6wks,FALSE
473,0.6652433491278202,18.389358098075004,0.7088696841224036,0.4860976330408625,0.7241592033407891,-6.061400235949017,miscanthus_sinensis_15wks vs control_6wks,FALSE
1762,-0.7141500903092179,17.965445882429265,-0.7084126273648156,0.4863755843333658,0.7241592033407891,-6.0617206130372345,miscanthus_sinensis_15wks vs control_6wks,FALSE
6177,-0.3372957336759299,17.413402044788032,-0.7071710712565074,0.487131080221181,0.7242781109529903,-6.062589896896689,miscanthus_sinensis_15wks vs control_6wks,FALSE
5142,0.7636756474471262,19.507444733180137,0.7022924580101833,0.4901063213003045,0.7261240799592645,-6.065991619116107,miscanthus_sinensis_15wks vs control_6wks,FALSE
137,-0.32351919488252534,25.232732555275984,-0.7018596817817393,0.4903707566165485,0.7261240799592645,-6.066292298219006,miscanthus_sinensis_15wks vs control_6wks,FALSE
1940,0.7895307353494765,18.69434144721873,0.7018041464872715,0.49040469579338386,0.7261240799592645,-6.06633086957713,miscanthus_sinensis_15wks vs control_6wks,FALSE
6094,-0.8539697196991192,22.302505000843787,-0.6969889521813932,0.4933525376986002,0.7265235877434862,-6.069664137508625,miscanthus_sinensis_15wks vs control_6wks,FALSE
3246,0.4911752305917716,19.82931815411804,0.6964475003212555,0.49368464735412254,0.7265235877434862,-6.07003758289677,miscanthus_sinensis_15wks vs control_6wks,FALSE
599,-0.5648277653193965,18.267456770460583,-0.6960285749775884,0.4939416910570381,0.7265235877434862,-6.070326330403545,miscanthus_sinensis_15wks vs control_6wks,FALSE
5827,0.9006939642649598,21.890825222832703,0.6940291988277945,0.4951695225413486,0.7265235877434862,-6.07170213219579,miscanthus_sinensis_15wks vs control_6wks,FALSE
3596,-0.8872399307599892,21.349633667661962,-0.6930118635471846,0.49579494577537453,0.7265235877434862,-6.072400726619439,miscanthus_sinensis_15wks vs control_6wks,FALSE
6108,-0.7237833401998266,17.807824869927828,-0.6927034237636901,0.4959846533304121,0.7265235877434862,-6.072612336057433,miscanthus_sinensis_15wks vs control_6wks,FALSE
2948,-0.4892458805616293,20.980943357121504,-0.690983115641403,0.4970434992192343,0.7265235877434862,-6.073790928163087,miscanthus_sinensis_15wks vs control_6wks,FALSE
46,-0.24836344859218684,25.58210932400548,-0.6902300357360708,0.49750742419387484,0.7265235877434862,-6.0743059866982,miscanthus_sinensis_15wks vs control_6wks,FALSE
4197,1.0254801396690993,20.211138019431534,0.6902040611271317,0.4975234299177893,0.7265235877434862,-6.074323742104297,miscanthus_sinensis_15wks vs control_6wks,FALSE
441,-0.3586214773371381,23.44283300129076,-0.6894279795177478,0.4980017920135933,0.7265235877434862,-6.074853952188799,miscanthus_sinensis_15wks vs control_6wks,FALSE
747,0.8949659594421391,19.804148413565517,0.688182874443402,0.49876979904237106,0.7265235877434862,-6.075703403702952,miscanthus_sinensis_15wks vs control_6wks,FALSE
1233,-0.578837302105871,19.35934003391042,-0.6881222035729505,0.49880723934627413,0.7265235877434862,-6.075744757892629,miscanthus_sinensis_15wks vs control_6wks,FALSE
255,-0.8596765461639393,22.425075680287637,-0.6865441226281171,0.49978164333878683,0.7269551175836899,-6.07681917860229,miscanthus_sinensis_15wks vs control_6wks,FALSE
2265,-0.7961740316578911,19.222346709369678,-0.6786023070314867,0.5047018068741909,0.7331169877630522,-6.082190498175085,miscanthus_sinensis_15wks vs control_6wks,FALSE
2959,-0.41195357386624565,18.092338160636334,-0.6739093906982538,0.5076220102587623,0.7363610216473521,-6.085336384830093,miscanthus_sinensis_15wks vs control_6wks,FALSE
1497,-0.6818211863908807,21.738296362220193,-0.6708105425063934,0.5095554926493188,0.7381668758379321,-6.087402239877397,miscanthus_sinensis_15wks vs control_6wks,FALSE
4392,-0.3163211980492662,23.06623995274339,-0.6658650350857009,0.512649713270346,0.7416470885638475,-6.090680291522761,miscanthus_sinensis_15wks vs control_6wks,FALSE
2504,0.7396206760761359,20.089991390881885,0.664757587540474,0.5133440380434626,0.7416506856908247,-6.091411162008775,miscanthus_sinensis_15wks vs control_6wks,FALSE
447,-0.2587291047648925,22.333668230630312,-0.6601920179758476,0.5162119985289886,0.7446451593246519,-6.094411943297074,miscanthus_sinensis_15wks vs control_6wks,FALSE
2200,0.49403818756668727,18.814418282304302,0.6565349614228795,0.518515665766924,0.7446451593246519,-6.0968012923950194,miscanthus_sinensis_15wks vs control_6wks,FALSE
4259,0.9150342483902563,20.07579725646346,0.6541860965715558,0.5199982700814192,0.7446451593246519,-6.098329217361288,miscanthus_sinensis_15wks vs control_6wks,FALSE
5244,-0.5829401349510164,21.136896031931695,-0.6536511784451132,0.5203362378802707,0.7446451593246519,-6.098676444588222,miscanthus_sinensis_15wks vs control_6wks,FALSE
3952,0.47436769623402597,17.669950117042326,0.6524256658740443,0.5211109889173928,0.7446451593246519,-6.099470924656969,miscanthus_sinensis_15wks vs control_6wks,FALSE
1209,0.56110789243737,19.094838362640367,0.6523189384445853,0.52117849054959,0.7446451593246519,-6.099540046615922,miscanthus_sinensis_15wks vs control_6wks,FALSE
1122,0.5210495343264512,23.324525817862188,0.6520578348535149,0.5213436504254261,0.7446451593246519,-6.099709104464242,miscanthus_sinensis_15wks vs control_6wks,FALSE
890,0.35372013806853886,26.886283135470926,0.6517985897103385,0.5215076633074142,0.7446451593246519,-6.099876894762389,miscanthus_sinensis_15wks vs control_6wks,FALSE
2221,-0.7037701220736032,18.57647487361313,-0.6515445816185084,0.521668390534341,0.7446451593246519,-6.10004123340307,miscanthus_sinensis_15wks vs control_6wks,FALSE
1564,0.6975029145209675,23.061399368679673,0.6490488715559264,0.5232490378760776,0.7459082029297276,-6.1016526432223746,miscanthus_sinensis_15wks vs control_6wks,FALSE
2233,0.6497422814795115,20.936564869034335,0.6478951542105383,0.5239806293714535,0.7459591430095593,-6.102395559651983,miscanthus_sinensis_15wks vs control_6wks,FALSE
3326,-0.7494234038327008,21.943047351412616,-0.6449034972706251,0.5258803044740195,0.7476706716129295,-6.10431607338057,miscanthus_sinensis_15wks vs control_6wks,FALSE
2124,-0.23085860116581358,25.281107152222173,-0.6424064046946772,0.5274688208020897,0.7477702087164512,-6.105912561456096,miscanthus_sinensis_15wks vs control_6wks,FALSE
6013,-0.6007415899912516,18.962607031016137,-0.6420095162226708,0.5277215413411578,0.7477702087164512,-6.106165759638368,miscanthus_sinensis_15wks vs control_6wks,FALSE
4814,-0.3285214522706781,17.24745608944084,-0.6415048973418884,0.5280429552223447,0.7477702087164512,-6.1064874682072485,miscanthus_sinensis_15wks vs control_6wks,FALSE
2601,0.9050814518547945,19.356137474925557,0.6386759142217009,0.5298468365568582,0.7493348400909656,-6.108286522148127,miscanthus_sinensis_15wks vs control_6wks,FALSE
6259,0.5643878972779248,19.451959111703726,0.6333444051024975,0.5332555390803689,0.7519827728785412,-6.11165624576031,miscanthus_sinensis_15wks vs control_6wks,FALSE
4503,0.6796807354311767,24.23791765165076,0.6332013273576443,0.5333471793911085,0.7519827728785412,-6.1117463022546445,miscanthus_sinensis_15wks vs control_6wks,FALSE
2080,0.7251132367753037,28.79472178328002,0.6318631113358929,0.5342047104917302,0.7519827728785412,-6.112587659288479,miscanthus_sinensis_15wks vs control_6wks,FALSE
3001,-0.34929169695413265,22.578702352611476,-0.6313634772620651,0.5345250680349332,0.7519827728785412,-6.11290134793447,miscanthus_sinensis_15wks vs control_6wks,FALSE
406,-0.5888178551947476,21.34159425655362,-0.6302106419440251,0.5352646442650959,0.7520363022964388,-6.1136242294290915,miscanthus_sinensis_15wks vs control_6wks,FALSE
2129,-0.2842934914877411,20.761351211126833,-0.6231431767984107,0.5398106757454522,0.7574306863862889,-6.118028065118603,miscanthus_sinensis_15wks vs control_6wks,FALSE
6148,0.3916583423211293,26.09502476147923,0.6204958149021151,0.541518866965079,0.7577832532144593,-6.119665360732919,miscanthus_sinensis_15wks vs control_6wks,FALSE
1154,-0.7272895680864373,19.013968648436176,-0.6203426963621667,0.541617754019988,0.7577832532144593,-6.1197598534929964,miscanthus_sinensis_15wks vs control_6wks,FALSE
3627,-0.48410236848421206,20.796843869665363,-0.6191651126863562,0.5423785841345847,0.7577832532144593,-6.120485815023639,miscanthus_sinensis_15wks vs control_6wks,FALSE
1432,0.9867290998653573,20.480535051115613,0.6183748400785771,0.5428894948402097,0.7577832532144593,-6.120972260254142,miscanthus_sinensis_15wks vs control_6wks,FALSE
5352,0.3116457176587559,17.333830754247458,0.6169073401822333,0.5438389137259338,0.7579398049876727,-6.121873978657306,miscanthus_sinensis_15wks vs control_6wks,FALSE
534,-0.48495959225096286,22.006780507323914,-0.6158168161147985,0.544545015940044,0.7579398049876727,-6.122542723610365,miscanthus_sinensis_15wks vs control_6wks,FALSE
3430,0.3840169085678333,25.67993920579767,0.6149251051310379,0.5451227515349772,0.7579398049876727,-6.123088702363541,miscanthus_sinensis_15wks vs control_6wks,FALSE
5636,-0.41412002848890594,18.127665848508617,-0.61350788714351,0.5460416314249885,0.7582339752429893,-6.123954870382235,miscanthus_sinensis_15wks vs control_6wks,FALSE
1893,0.5677650668460217,21.428388666454833,0.6098061714432571,0.5484455844659137,0.7592181349947451,-6.126208175243402,miscanthus_sinensis_15wks vs control_6wks,FALSE
726,-0.67203330553982,19.995302901270076,-0.6096777794057615,0.5485290647234302,0.7592181349947451,-6.1262860939284,miscanthus_sinensis_15wks vs control_6wks,FALSE
4174,-0.29384341740438913,23.94667186453292,-0.6091457652676568,0.5488750509523577,0.7592181349947451,-6.1266087945331815,miscanthus_sinensis_15wks vs control_6wks,FALSE
5495,-0.47749178396502856,18.65634593879385,-0.6073527577725589,0.550041951991693,0.7598517687307924,-6.12769436686095,miscanthus_sinensis_15wks vs control_6wks,FALSE
889,0.7410203169995775,24.948907187494843,0.6020894987696718,0.5534748651058922,0.7633980258342699,-6.130863156976884,miscanthus_sinensis_15wks vs control_6wks,FALSE
446,-0.29137277490918834,23.049361598362992,-0.6012349929654874,0.554033268749125,0.7633980258342699,-6.1313751074580924,miscanthus_sinensis_15wks vs control_6wks,FALSE
2072,0.29497310724263315,22.69578705895629,0.5945600536887928,0.5584053648846319,0.7668737607676599,-6.135350020272451,miscanthus_sinensis_15wks vs control_6wks,FALSE
383,-0.9521521770277559,20.736789446951203,-0.5942219446953798,0.5586273043273275,0.7668737607676599,-6.135550222706923,miscanthus_sinensis_15wks vs control_6wks,FALSE
5638,0.9398140329508102,19.81984221994447,0.5937702198148391,0.5589238944859247,0.7668737607676599,-6.135817528103449,miscanthus_sinensis_15wks vs control_6wks,FALSE
862,0.36002572961538704,21.42503933472984,0.5930191013172192,0.5594172396644683,0.7668737607676599,-6.1362615629222415,miscanthus_sinensis_15wks vs control_6wks,FALSE
526,-0.4822350832206901,21.85696601249685,-0.5880565601077192,0.5626823870576612,0.7703646474148311,-6.139181589324556,miscanthus_sinensis_15wks vs control_6wks,FALSE
1574,-0.22609900370840919,26.100155416565045,-0.5851031248790725,0.5646302955722644,0.7706753658599946,-6.140908167283035,miscanthus_sinensis_15wks vs control_6wks,FALSE
209,1.016504664088906,20.914729666416093,0.5844653608148749,0.5650513825824005,0.7706753658599946,-6.141279900158823,miscanthus_sinensis_15wks vs control_6wks,FALSE
4608,-0.6278178914376866,19.726636403018773,-0.5838327947613475,0.5654691973772866,0.7706753658599946,-6.1416482158655805,miscanthus_sinensis_15wks vs control_6wks,FALSE
2515,0.9383076236427783,19.898237675565593,0.5825927772123446,0.5662886999601726,0.7706753658599946,-6.142369104522767,miscanthus_sinensis_15wks vs control_6wks,FALSE
4568,-0.536799910097205,19.388854226598934,-0.5822672931157662,0.5665039069941005,0.7706753658599946,-6.142558080148044,miscanthus_sinensis_15wks vs control_6wks,FALSE
1822,-0.2814983079421083,22.379637671677365,-0.5780321669739639,0.5693079593871838,0.7735084061635755,-6.14500767124854,miscanthus_sinensis_15wks vs control_6wks,FALSE
3030,-0.2875543436810659,19.146485142067263,-0.5724073701213119,0.5730430524469179,0.7753585296753891,-6.148234276905298,miscanthus_sinensis_15wks vs control_6wks,FALSE
2563,0.3753098280049443,17.378138384505114,0.5721578300872315,0.5732090454467819,0.7753585296753891,-6.148376714985977,miscanthus_sinensis_15wks vs control_6wks,FALSE
1823,-0.2662773484082095,22.868570200018382,-0.5701024979146764,0.5745771729209151,0.7753585296753891,-6.1495476149249395,miscanthus_sinensis_15wks vs control_6wks,FALSE
2107,0.4009534607291094,18.230181594289594,0.5693247655016066,0.5750953004402262,0.7753585296753891,-6.149989615700975,miscanthus_sinensis_15wks vs control_6wks,FALSE
4430,0.6879354962665829,19.00567326399876,0.5677112087363518,0.5761710110488782,0.7753585296753891,-6.150904767030848,miscanthus_sinensis_15wks vs control_6wks,FALSE
5190,-0.2716833316742395,17.292680474970453,-0.5676582761204959,0.5762063168942797,0.7753585296753891,-6.1509347458621955,miscanthus_sinensis_15wks vs control_6wks,FALSE
3768,0.8192516104631302,24.894703610640246,0.5674855967293077,0.5763215009716482,0.7753585296753891,-6.1510325254496685,miscanthus_sinensis_15wks vs control_6wks,FALSE
2409,-0.6297379883076069,19.529466117178888,-0.5672841004560571,0.5764559217829153,0.7753585296753891,-6.151146586124798,miscanthus_sinensis_15wks vs control_6wks,FALSE
5364,0.5790121833877322,19.21868603920959,0.5659412164955998,0.5773521819150015,0.7755909010186486,-6.151905747513957,miscanthus_sinensis_15wks vs control_6wks,FALSE
3817,0.7938781611701877,20.989318963640844,0.5641310866499392,0.5785614007281683,0.7762425802009968,-6.152926292945693,miscanthus_sinensis_15wks vs control_6wks,FALSE
6107,0.5691456515445239,18.774555996077204,0.5620878945694299,0.5799278428130619,0.7771033093695029,-6.154074429490025,miscanthus_sinensis_15wks vs control_6wks,FALSE
3313,0.422998548887918,24.461087221167894,0.5596273535940842,0.5815755484377686,0.7783383120165891,-6.155451725427255,miscanthus_sinensis_15wks vs control_6wks,FALSE
5889,0.3920393676137479,20.09865546466432,0.5549095129196844,0.5847414053459913,0.781599484452497,-6.158076155476377,miscanthus_sinensis_15wks vs control_6wks,FALSE
2951,0.6282658604539719,25.46141650728045,0.5493980184645154,0.5884506796624517,0.7855779932729119,-6.161114762338982,miscanthus_sinensis_15wks vs control_6wks,FALSE
5076,-0.5132898986602825,19.848700450817486,-0.5451852344809173,0.5912937476014306,0.7883916634685741,-6.163417498679208,miscanthus_sinensis_15wks vs control_6wks,FALSE
4283,-0.41148434986956417,24.146589328125533,-0.5435464340653005,0.5924015452013238,0.7888875235476014,-6.164308625652943,miscanthus_sinensis_15wks vs control_6wks,FALSE
1207,-0.5307162009858288,18.115348246306457,-0.5413141782450346,0.5939121469403843,0.7899178927048287,-6.165518260463871,miscanthus_sinensis_15wks vs control_6wks,FALSE
4216,0.6477641153477585,19.739572420536728,0.5393711911546918,0.5952285317747532,0.7902713993186198,-6.166567205043255,miscanthus_sinensis_15wks vs control_6wks,FALSE
234,-0.3911753412922998,27.443808166755378,-0.5361064635038693,0.5974436118898603,0.7902713993186198,-6.168321449120313,miscanthus_sinensis_15wks vs control_6wks,FALSE
5176,0.5870705962333247,18.677406690878552,0.5358327442696055,0.5976295095999328,0.7902713993186198,-6.168468056788342,miscanthus_sinensis_15wks vs control_6wks,FALSE
4192,-0.3542052887788145,18.334332349114575,-0.5353512612243583,0.5979565794311886,0.7902713993186198,-6.168725768824427,miscanthus_sinensis_15wks vs control_6wks,FALSE
40,-0.6973984455845397,24.82610046892588,-0.5353016344676009,0.5979902956746256,0.7902713993186198,-6.168752318555552,miscanthus_sinensis_15wks vs control_6wks,FALSE
563,0.23295824050865122,28.572284699830778,0.5344028345549614,0.5986010972450739,0.7902713993186198,-6.16923275164981,miscanthus_sinensis_15wks vs control_6wks,FALSE
325,-0.216885204661029,26.548336089897607,-0.5322516390294427,0.6000642255376101,0.7912285975108462,-6.170379435185805,miscanthus_sinensis_15wks vs control_6wks,FALSE
2643,-0.19734086795716976,18.709675044655043,-0.5270434849089816,0.6036136968320167,0.7949310602013783,-6.173136975995632,miscanthus_sinensis_15wks vs control_6wks,FALSE
6226,0.3816031844448844,17.645070924024044,0.523596010764412,0.6059687768442121,0.7970534095423256,-6.174947777806229,miscanthus_sinensis_15wks vs control_6wks,FALSE
3014,-0.5476289582297369,21.94903880169916,-0.521487124813089,0.6074115938680102,0.7979720939050331,-6.176049775548722,miscanthus_sinensis_15wks vs control_6wks,FALSE
1843,-0.558414051000053,19.288516705114215,-0.5203976843467537,0.6081575895200011,0.7979742178279573,-6.176617365516532,miscanthus_sinensis_15wks vs control_6wks,FALSE
1461,-0.9288250279019827,20.275004794237795,-0.518176960629749,0.609679586470505,0.7986003963580135,-6.177770764455904,miscanthus_sinensis_15wks vs control_6wks,FALSE
388,-0.8026384214640103,20.308608866249703,-0.5175279386026467,0.6101247431130719,0.7986003963580135,-6.178106945912036,miscanthus_sinensis_15wks vs control_6wks,FALSE
14,0.2786682406890364,26.33741205623574,0.5145720312069432,0.612154119323281,0.7995039241475274,-6.179632858339475,miscanthus_sinensis_15wks vs control_6wks,FALSE
2230,0.40612359527372277,17.59399000725787,0.5137451938081756,0.6127223563060149,0.7995039241475274,-6.180058167592657,miscanthus_sinensis_15wks vs control_6wks,FALSE
2895,0.44575441820896344,24.395820828111,0.5132650447222745,0.6130524492996898,0.7995039241475274,-6.180304841075949,miscanthus_sinensis_15wks vs control_6wks,FALSE
423,0.7882556161117868,20.585002046670155,0.5002577346787972,0.6220265472041697,0.8072508055332268,-6.186901665677669,miscanthus_sinensis_15wks vs control_6wks,FALSE
2637,0.5410551262503667,27.941375185973754,0.499911377063001,0.622266342511916,0.8072508055332268,-6.18707506721457,miscanthus_sinensis_15wks vs control_6wks,FALSE
5065,-0.5827433927323113,20.849910425592395,-0.4998821976380074,0.6222865463957584,0.8072508055332268,-6.187089670337606,miscanthus_sinensis_15wks vs control_6wks,FALSE
1314,-0.4793952103528163,22.015960471362565,-0.4998166574250973,0.6223319276631869,0.8072508055332268,-6.187122467532608,miscanthus_sinensis_15wks vs control_6wks,FALSE
58,-0.4975089605354839,23.771967289499738,-0.49911257048551655,0.6228195476162309,0.8072508055332268,-6.1874745372516085,miscanthus_sinensis_15wks vs control_6wks,FALSE
4775,-0.5296732827606938,18.92106790689334,-0.4981147716478309,0.623510883378276,0.8072508055332268,-6.187972644108101,miscanthus_sinensis_15wks vs control_6wks,FALSE
4288,-0.44745388533416275,21.65244902744982,-0.4926512072198523,0.6273026658530498,0.8097728640578261,-6.190682830962772,miscanthus_sinensis_15wks vs control_6wks,FALSE
2776,-0.38953406759187104,18.28996367400541,-0.4923270671234576,0.6275279564554562,0.8097728640578261,-6.190842702513363,miscanthus_sinensis_15wks vs control_6wks,FALSE
2576,0.6208581365235979,21.351301008859696,0.4920435446460818,0.6277250466716917,0.8097728640578261,-6.1909824564807066,miscanthus_sinensis_15wks vs control_6wks,FALSE
77,0.6854209847788972,24.622790466320158,0.48723295625716617,0.6310734489948113,0.8131138669740838,-6.193341704073838,miscanthus_sinensis_15wks vs control_6wks,FALSE
2751,-0.5118570974143495,20.26679882579722,-0.48546209689492703,0.6323081047324115,0.8137266365824071,-6.194204479537107,miscanthus_sinensis_15wks vs control_6wks,FALSE
214,-0.20432303754582648,26.412741165481755,-0.48390724017422243,0.6333930685848128,0.8141455270058985,-6.194959485373472,miscanthus_sinensis_15wks vs control_6wks,FALSE
1983,-0.5755791916220296,18.809964129314963,-0.47361459070566864,0.6405964128871913,0.822113600489635,-6.1998976428099715,miscanthus_sinensis_15wks vs control_6wks,FALSE
202,0.6443871590560448,19.9232566222401,0.4716122248994755,0.6420020315318634,0.822113600489635,-6.200846259937656,miscanthus_sinensis_15wks vs control_6wks,FALSE
3013,-0.6765007544262325,20.406356975013257,-0.471219467925696,0.6422779002209271,0.822113600489635,-6.201031866435345,miscanthus_sinensis_15wks vs control_6wks,FALSE
259,0.7533236362810563,20.835621239566898,0.46840009817529454,0.6442597492542499,0.822113600489635,-6.202359782620998,miscanthus_sinensis_15wks vs control_6wks,FALSE
536,0.4084159227335391,20.772624134468543,0.4678551168564351,0.6446431520663563,0.822113600489635,-6.202615567802797,miscanthus_sinensis_15wks vs control_6wks,FALSE
5092,0.38164372914751965,23.74547433092694,0.4676998912743314,0.6447523742147401,0.822113600489635,-6.202688369076073,miscanthus_sinensis_15wks vs control_6wks,FALSE
3436,0.7303114652709262,22.176598429181286,0.46740429340622175,0.6449603899363647,0.822113600489635,-6.202826939978179,miscanthus_sinensis_15wks vs control_6wks,FALSE
5998,-0.38942833212199446,18.2219193436663,-0.465292736638506,0.6464471829647527,0.8230301426819654,-6.203814304502632,miscanthus_sinensis_15wks vs control_6wks,FALSE
5574,0.4493874889081191,18.32685537879484,0.461903102211325,0.6488370635788607,0.8247242939552845,-6.205390143375755,miscanthus_sinensis_15wks vs control_6wks,FALSE
5082,0.4963520710914011,21.19306298729381,0.4612237461429682,0.6493165150170337,0.8247242939552845,-6.205704618017076,miscanthus_sinensis_15wks vs control_6wks,FALSE
4258,0.2745472468130927,20.831610305795905,0.4589771344852339,0.6509031558749727,0.8247394167699398,-6.206741347726056,miscanthus_sinensis_15wks vs control_6wks,FALSE
1359,0.6213854082858283,20.45609420133441,0.4589467753742143,0.6509246082457854,0.8247394167699398,-6.206755323390893,miscanthus_sinensis_15wks vs control_6wks,FALSE
4038,0.46833461892019557,21.22720261963383,0.4579396194920586,0.6516364608247565,0.8247394167699398,-6.207218449098481,miscanthus_sinensis_15wks vs control_6wks,FALSE
707,0.29868599381194727,22.796708132603058,0.4537630581290607,0.6545920598575325,0.8275031700085789,-6.20912833805116,miscanthus_sinensis_15wks vs control_6wks,FALSE
306,-0.6345021190182045,21.460844988904203,-0.451031381649023,0.6565283144029822,0.8280194776899606,-6.2103682210771955,miscanthus_sinensis_15wks vs control_6wks,FALSE
6015,0.487046559593157,21.696434848764067,0.45100744107812646,0.6565452948101367,0.8280194776899606,-6.210379055038306,miscanthus_sinensis_15wks vs control_6wks,FALSE
274,0.6164343790152316,21.506572567034382,0.44931077010452297,0.6577491819664665,0.8285630118308485,-6.211145423050079,miscanthus_sinensis_15wks vs control_6wks,FALSE
78,-0.8897427402856266,22.56763836696398,-0.4433550106769234,0.6619826606494683,0.8326161469572321,-6.213813148652458,miscanthus_sinensis_15wks vs control_6wks,FALSE
429,-0.6485496929611365,21.220427106474887,-0.4426000639890533,0.6625201243978721,0.8326161469572321,-6.214148813274434,miscanthus_sinensis_15wks vs control_6wks,FALSE
3122,0.7121601725233369,20.202390920744463,0.4402829808847844,0.664170871222324,0.833713318443011,-6.215175530164601,miscanthus_sinensis_15wks vs control_6wks,FALSE
4359,-0.311378694977936,17.467011819561048,-0.43888140744911025,0.6651702355106592,0.8337282991102422,-6.215794010762963,miscanthus_sinensis_15wks vs control_6wks,FALSE
1719,-0.17421691873993694,17.684132761527515,-0.4380851595234194,0.6657382686925069,0.8337282991102422,-6.216144513680533,miscanthus_sinensis_15wks vs control_6wks,FALSE
189,0.41360631836795747,28.491119443222008,0.43552960669516894,0.6675627553525315,0.8350376589707279,-6.217265230041577,miscanthus_sinensis_15wks vs control_6wks,FALSE
292,-0.525825024993896,21.232193343562457,-0.43252963731692873,0.669707214173219,0.8366139862468098,-6.2185726272929465,miscanthus_sinensis_15wks vs control_6wks,FALSE
149,-0.22417354349591534,24.265184467780323,-0.43158399869471165,0.6703837818899344,0.8366139862468098,-6.218982900504991,miscanthus_sinensis_15wks vs control_6wks,FALSE
402,0.441047341025925,20.423656605420426,0.42743262278998895,0.6733573148975509,0.8383668110094612,-6.220773574391363,miscanthus_sinensis_15wks vs control_6wks,FALSE
3002,-0.44113973329768186,19.942043503227293,-0.4259193088623115,0.6744426318127676,0.8383668110094612,-6.221422105487354,miscanthus_sinensis_15wks vs control_6wks,FALSE
18,-0.2054516431417177,22.254455074281854,-0.42518596225844696,0.6749688340157762,0.8383668110094612,-6.221735568404437,miscanthus_sinensis_15wks vs control_6wks,FALSE
119,-0.28899297503262744,24.896878655703425,-0.42324377586762024,0.6763632440837306,0.8383668110094612,-6.222563175345342,miscanthus_sinensis_15wks vs control_6wks,FALSE
3401,-0.43345170326903215,21.935702382236187,-0.4228121135581438,0.6766733217598593,0.8383668110094612,-6.222746610066517,miscanthus_sinensis_15wks vs control_6wks,FALSE
2987,0.3534348067373969,21.04851917914037,0.4225402708139461,0.6768686257814077,0.8383668110094612,-6.2228620351251145,miscanthus_sinensis_15wks vs control_6wks,FALSE
2347,0.47783080179116055,19.268209786103267,0.42199180240782413,0.6772627409833893,0.8383668110094612,-6.223094693975639,miscanthus_sinensis_15wks vs control_6wks,FALSE
2829,0.21910953444108117,17.5625672129631,0.4183123292916099,0.6799091595425524,0.840297071222464,-6.224647835692517,miscanthus_sinensis_15wks vs control_6wks,FALSE
1805,-0.3992759397537995,23.4363474478008,-0.4176447084360876,0.6803897927435623,0.840297071222464,-6.224928211756721,miscanthus_sinensis_15wks vs control_6wks,FALSE
1879,-0.4793594167970028,19.377819262611087,-0.41577080332303584,0.6817395964356767,0.8409384543536603,-6.225712830005043,miscanthus_sinensis_15wks vs control_6wks,FALSE
531,-0.43194662032197684,20.17685500285764,-0.4147462834593841,0.6824780366489593,0.8409384543536603,-6.226140337163183,miscanthus_sinensis_15wks vs control_6wks,FALSE
72,1.0007707615061179,21.268121798073462,0.40844112628572427,0.6870297376751964,0.8433661809654389,-6.228748484967912,miscanthus_sinensis_15wks vs control_6wks,FALSE
3502,0.45811489067029143,19.01739718699581,0.40807435472029535,0.6872948872896734,0.8433661809654389,-6.22889899138371,miscanthus_sinensis_15wks vs control_6wks,FALSE
842,-0.5204857991268774,20.53133914863066,-0.40749508173438204,0.6877137442059236,0.8433661809654389,-6.2291364277387595,miscanthus_sinensis_15wks vs control_6wks,FALSE
5907,0.4159938075758767,18.74874927550075,0.4072403720416694,0.6878979505449216,0.8433661809654389,-6.229240724828998,miscanthus_sinensis_15wks vs control_6wks,FALSE
2510,-0.18847054498232296,18.331779122593492,-0.40584948050911984,0.688904194794375,0.8433661809654389,-6.229809127222734,miscanthus_sinensis_15wks vs control_6wks,FALSE
2565,0.23490528162814428,25.33844689659105,0.40548409355070825,0.6891686329531013,0.8433661809654389,-6.229958129018573,miscanthus_sinensis_15wks vs control_6wks,FALSE
366,0.15145069606403894,21.341743231778032,0.4039037003753883,0.6903128648759256,0.8438031826077449,-6.230601079132239,miscanthus_sinensis_15wks vs control_6wks,FALSE
5867,0.6141500834341045,20.946845153575715,0.4025933405057196,0.6912621637905139,0.8440011840357982,-6.231132297717066,miscanthus_sinensis_15wks vs control_6wks,FALSE
2694,0.23465314123456338,25.328229453546303,0.4000959122425646,0.6930728825114032,0.8450454856174581,-6.232140046706415,miscanthus_sinensis_15wks vs control_6wks,FALSE
3729,-0.24494728244293995,24.913654099432136,-0.3992397593400389,0.6936940553576147,0.8450454856174581,-6.232484095896049,miscanthus_sinensis_15wks vs control_6wks,FALSE
4553,-0.40370371592691967,17.84183871245982,-0.39517938575095424,0.6966430157877981,0.8476745890176158,-6.234105893246098,miscanthus_sinensis_15wks vs control_6wks,FALSE
241,-0.21011801138566355,22.23898809935035,-0.3908399883342022,0.699800065195494,0.8505506461332989,-6.23582108610044,miscanthus_sinensis_15wks vs control_6wks,FALSE
148,-0.5788502399452682,20.356201028394782,-0.3850130432793994,0.7040481063083743,0.8547446998443683,-6.238094893181673,miscanthus_sinensis_15wks vs control_6wks,FALSE
3347,-0.38570298811299963,22.18061493616395,-0.38158575555962043,0.7065513571862332,0.8568134105244818,-6.239416574329559,miscanthus_sinensis_15wks vs control_6wks,FALSE
6046,0.33038761613113365,22.343167248047106,0.3787755383043376,0.7086064499466977,0.858334592477808,-6.240491597266066,miscanthus_sinensis_15wks vs control_6wks,FALSE
2967,-0.1996475298582716,21.858715892548084,-0.3756377884210083,0.7109037540648775,0.8601453999520865,-6.241682654489863,miscanthus_sinensis_15wks vs control_6wks,FALSE
139,0.42016758713593916,19.259125761604523,0.37257726851056283,0.7131472292165453,0.8607892683836813,-6.242834980418708,miscanthus_sinensis_15wks vs control_6wks,FALSE
1637,0.2151018703478016,17.43867212267381,0.3720294682036942,0.7135490687282152,0.8607892683836813,-6.243040253094403,miscanthus_sinensis_15wks vs control_6wks,FALSE
1401,-0.1306878979992625,19.5207685997533,-0.3709707348140349,0.7143259451142889,0.8607892683836813,-6.243436138920895,miscanthus_sinensis_15wks vs control_6wks,FALSE
3807,-0.18504812197762277,18.398696373603162,-0.3695427962345218,0.7153742392368856,0.8607892683836813,-6.243968316084869,miscanthus_sinensis_15wks vs control_6wks,FALSE
359,-0.5001878110845119,18.598948349046033,-0.36943856412192944,0.715450781837556,0.8607892683836813,-6.2440070829430185,miscanthus_sinensis_15wks vs control_6wks,FALSE
4440,0.271642216677197,20.58150083775387,0.36455840977625353,0.7190379315554106,0.8637679090437913,-6.245810066240839,miscanthus_sinensis_15wks vs control_6wks,FALSE
966,0.42086005879409427,19.11247129545062,0.3638788003808524,0.719538006320994,0.8637679090437913,-6.246059271983153,miscanthus_sinensis_15wks vs control_6wks,FALSE
3866,-0.24018912140945048,19.611203451214976,-0.36200704063435785,0.7209159618894346,0.8644540393126106,-6.246743253523644,miscanthus_sinensis_15wks vs control_6wks,FALSE
3523,-0.22906787580993182,22.58121163885293,-0.3607405851386052,0.7218488549897917,0.8646055559207337,-6.247204068264442,miscanthus_sinensis_15wks vs control_6wks,FALSE
6045,-0.23274502921833218,24.335487083227704,-0.35696703660986273,0.7246311412971067,0.8669694011947526,-6.248567662601375,miscanthus_sinensis_15wks vs control_6wks,FALSE
2811,-0.2394676534903155,28.82229925924785,-0.35525195511662144,0.7258969854416317,0.8675156838276802,-6.249182736283163,miscanthus_sinensis_15wks vs control_6wks,FALSE
1268,0.5487691179230083,23.06428636174178,0.3522591380322389,0.728107804579226,0.8691888268473611,-6.250249030912596,miscanthus_sinensis_15wks vs control_6wks,FALSE
4396,-0.4357814312706836,21.233306443102286,-0.34378262015341204,0.7343825945553069,0.8742333646816407,-6.253220700571596,miscanthus_sinensis_15wks vs control_6wks,FALSE
129,-0.6495676615957855,21.81542458982474,-0.3425501011729268,0.7352965711125087,0.8742333646816407,-6.25364683509787,miscanthus_sinensis_15wks vs control_6wks,FALSE
1872,-0.2795952456259414,21.546863164171604,-0.3422380571695216,0.7355280316796848,0.8742333646816407,-6.253754482011791,miscanthus_sinensis_15wks vs control_6wks,FALSE
320,0.6211439833980457,20.61094788971304,0.342146956587738,0.7355956109541417,0.8742333646816407,-6.253785891006307,miscanthus_sinensis_15wks vs control_6wks,FALSE
146,0.5119343965740448,19.717318373972446,0.3384696073957023,0.7383253290647933,0.8765058170071522,-6.255046837471186,miscanthus_sinensis_15wks vs control_6wks,FALSE
89,0.35011047429827613,19.49729346231401,0.33192687835802964,0.7431907674412737,0.8813058658153157,-6.257256989240317,miscanthus_sinensis_15wks vs control_6wks,FALSE
2950,-0.44091857262560197,19.679867769371324,-0.32795132368065255,0.746152544622211,0.88384036224863,-6.258579095585748,miscanthus_sinensis_15wks vs control_6wks,FALSE
1920,0.1517441258858092,22.91911114382865,0.3235903935275175,0.7494060534330844,0.8860548422869207,-6.260011229075173,miscanthus_sinensis_15wks vs control_6wks,FALSE
5719,-0.3317694274507197,18.648240460939107,-0.3232300141591319,0.7496751324199973,0.8860548422869207,-6.260128729109835,miscanthus_sinensis_15wks vs control_6wks,FALSE
6012,-0.2125437272138555,17.292206147206425,-0.3180151730426527,0.753572457912294,0.8891949731750425,-6.261814494187617,miscanthus_sinensis_15wks vs control_6wks,FALSE
4355,-0.23707724873146319,18.927765084932854,-0.3171162621241098,0.7542449452436197,0.8891949731750425,-6.262102335516682,miscanthus_sinensis_15wks vs control_6wks,FALSE
1176,-0.43120005685621976,19.315437126778214,-0.31634732006815164,0.7548203596915006,0.8891949731750425,-6.262347919050849,miscanthus_sinensis_15wks vs control_6wks,FALSE
5940,-0.208098207555377,24.242574163063203,-0.3121871504197404,0.7579360179871826,0.8909192568902526,-6.263666347716873,miscanthus_sinensis_15wks vs control_6wks,FALSE
2348,0.19014929636255218,24.32310330437759,0.31178637008740434,0.758236396366231,0.8909192568902526,-6.263792448879328,miscanthus_sinensis_15wks vs control_6wks,FALSE
1732,-0.21283292583414237,19.40591838641526,-0.3098969574745541,0.7596530067826162,0.8909192568902526,-6.264384770378763,miscanthus_sinensis_15wks vs control_6wks,FALSE
3994,-0.2540817119723009,18.424858753517057,-0.3093231619012298,0.760083388501327,0.8909192568902526,-6.264563946346275,miscanthus_sinensis_15wks vs control_6wks,FALSE
1697,0.47767185313473703,22.535131922168883,0.3088484952473232,0.7604394776628556,0.8909192568902526,-6.2647119192239185,miscanthus_sinensis_15wks vs control_6wks,FALSE
370,-0.4916729762060541,19.693858724112005,-0.30454777041551107,0.7636683001636576,0.8936755551060677,-6.266042366992018,miscanthus_sinensis_15wks vs control_6wks,FALSE
5020,-0.262191570182857,21.844758434579337,-0.3034949309643631,0.7644594067465149,0.8936755551060677,-6.266365250341202,miscanthus_sinensis_15wks vs control_6wks,FALSE
710,-0.13658632157167006,24.017541080823925,-0.3005986181938632,0.766637061814889,0.894189260212952,-6.267247769490829,miscanthus_sinensis_15wks vs control_6wks,FALSE
3996,-0.3719068826388501,18.95516481559616,-0.3002124308574477,0.7669275748622559,0.894189260212952,-6.26736480865229,miscanthus_sinensis_15wks vs control_6wks,FALSE
1948,-0.14931287359352297,25.711608138754478,-0.2995828864971783,0.7674012307797723,0.894189260212952,-6.267555280618095,miscanthus_sinensis_15wks vs control_6wks,FALSE
2513,-0.1686250127171185,17.326106474071622,-0.2941975107656361,0.7714568624221023,0.8975950511324576,-6.269168453893465,miscanthus_sinensis_15wks vs control_6wks,FALSE
501,-0.1665477224370946,24.90153461766595,-0.29347865642464055,0.7719987286792219,0.8975950511324576,-6.269381589545648,miscanthus_sinensis_15wks vs control_6wks,FALSE
177,0.3462665675484189,21.392075782759704,0.29184124620984586,0.7732334391360391,0.897804244234881,-6.269865140667684,miscanthus_sinensis_15wks vs control_6wks,FALSE
136,-0.15706491609091344,23.445706122244882,-0.29101905118674004,0.7738536582770803,0.897804244234881,-6.270106934938163,miscanthus_sinensis_15wks vs control_6wks,FALSE
163,-0.560576984862692,22.714260057528005,-0.2856650417652298,0.7778961991389619,0.9015186221372617,-6.2716649125372905,miscanthus_sinensis_15wks vs control_6wks,FALSE
424,-0.2340221924069823,19.727858696385134,-0.2802082413520747,0.7820229923454107,0.9018713291137396,-6.273223266658429,miscanthus_sinensis_15wks vs control_6wks,FALSE
4287,-0.21951911989035366,19.59694365876089,-0.27990844985823204,0.7822499064533197,0.9018713291137396,-6.27330801688656,miscanthus_sinensis_15wks vs control_6wks,FALSE
2222,-0.4202533535227744,20.307959004320693,-0.27985254409122035,0.7822922240856511,0.9018713291137396,-6.273323811332207,miscanthus_sinensis_15wks vs control_6wks,FALSE
1535,-0.29073810653849463,21.580707674767414,-0.2791631138463236,0.7828141421099414,0.9018713291137396,-6.273518331135667,miscanthus_sinensis_15wks vs control_6wks,FALSE
270,-0.39730450504787385,19.580824711936934,-0.27779478882822817,0.7838503126791875,0.9018713291137396,-6.273902987743033,miscanthus_sinensis_15wks vs control_6wks,FALSE
1492,-0.2785747634343103,19.62206523603474,-0.2770010410312836,0.7844515703978672,0.9018713291137396,-6.274125262373913,miscanthus_sinensis_15wks vs control_6wks,FALSE
1786,0.35968739679569595,28.685937869664635,0.2762000414033412,0.7850584611437637,0.9018713291137396,-6.274348927762272,miscanthus_sinensis_15wks vs control_6wks,FALSE
85,0.17313371676880607,17.814003376106612,0.27590842235216095,0.7852794459928307,0.9018713291137396,-6.2744301977295285,miscanthus_sinensis_15wks vs control_6wks,FALSE
228,0.5673467599757309,21.41043198727267,0.27525822736185973,0.7857722214479783,0.9018713291137396,-6.274611090740533,miscanthus_sinensis_15wks vs control_6wks,FALSE
4263,0.333195271703449,20.13233094669232,0.2694842388250584,0.7901522762411191,0.905076783747637,-6.276198903026292,miscanthus_sinensis_15wks vs control_6wks,FALSE
485,-0.14936469616471726,25.974626518573622,-0.26884849415864914,0.7906349794026383,0.905076783747637,-6.2763716864691546,miscanthus_sinensis_15wks vs control_6wks,FALSE
61,-0.6262813295840317,21.006664065919114,-0.26794745169977746,0.7913192632027111,0.905076783747637,-6.2766158786551465,miscanthus_sinensis_15wks vs control_6wks,FALSE
3496,0.15073325654033098,20.740069181976875,0.2671274050351477,0.7919421857791824,0.905076783747637,-6.276837412493286,miscanthus_sinensis_15wks vs control_6wks,FALSE
5706,0.20089388540243647,19.01811061930959,0.2651678340429999,0.7934312880253642,0.9058129294602668,-6.277364055230432,miscanthus_sinensis_15wks vs control_6wks,FALSE
147,-0.3520216490049073,19.880523978008632,-0.2622834722876163,0.7956246179976066,0.9068086670121763,-6.278132232646094,miscanthus_sinensis_15wks vs control_6wks,FALSE
507,-0.13131284125612197,21.682778611571678,-0.2611057413632666,0.7965206886962674,0.9068086670121763,-6.278443492222279,miscanthus_sinensis_15wks vs control_6wks,FALSE
4631,0.13774340812429386,17.62457859529344,0.2606845787311921,0.7968411980648042,0.9068086670121763,-6.278554462456331,miscanthus_sinensis_15wks vs control_6wks,FALSE
59,-0.1453744933867327,27.42982850927068,-0.258923997346964,0.7981814167852643,0.907370603174765,-6.279016423101736,miscanthus_sinensis_15wks vs control_6wks,FALSE
106,0.21275088868274494,19.569102384088474,0.2560196370288742,0.800393713732598,0.9080688100778203,-6.279771703227923,miscanthus_sinensis_15wks vs control_6wks,FALSE
314,-0.2344475565230475,22.039296731157645,-0.25589359281194146,0.8004897626152427,0.9080688100778203,-6.279804289413474,miscanthus_sinensis_15wks vs control_6wks,FALSE
557,-0.18839370333230931,17.79146259723856,-0.2523882491426408,0.8031622133370859,0.909750871900884,-6.280704136740088,miscanthus_sinensis_15wks vs control_6wks,FALSE
4908,0.155571295828139,18.091077897589052,0.25132503169299136,0.8039732927625454,0.909750871900884,-6.280974634367424,miscanthus_sinensis_15wks vs control_6wks,FALSE
3559,-0.31184082683130754,19.157437490268883,-0.24974744168865254,0.8051771799156937,0.909750871900884,-6.281373904273596,miscanthus_sinensis_15wks vs control_6wks,FALSE
1941,0.16169994878557503,25.33039463560525,0.24949857069036094,0.8053671431286744,0.909750871900884,-6.281436662460211,miscanthus_sinensis_15wks vs control_6wks,FALSE
1354,0.13338288141625299,23.461241994968294,0.24517638119341134,0.8086682240709577,0.9120860799789322,-6.2825166754332775,miscanthus_sinensis_15wks vs control_6wks,FALSE
118,0.28317547700029877,22.296159544621478,0.24456421329796274,0.8091360653544445,0.9120860799789322,-6.282668124814408,miscanthus_sinensis_15wks vs control_6wks,FALSE
5050,0.17343176009179828,24.707841562071092,0.2409614252466436,0.8118909249832672,0.9132847250756049,-6.283551821549183,miscanthus_sinensis_15wks vs control_6wks,FALSE
3703,-0.12092461176839109,26.855083034848175,-0.24005311352296063,0.8125858581451444,0.9132847250756049,-6.283772555151625,miscanthus_sinensis_15wks vs control_6wks,FALSE
5631,-0.10041135120425082,17.471241508876282,-0.23983174177319525,0.8127552497407902,0.9132847250756049,-6.283826226224249,miscanthus_sinensis_15wks vs control_6wks,FALSE
5969,-0.16405248359248858,18.544644606812287,-0.23524866306336928,0.8162642765333807,0.916267334496109,-6.2849263193514044,miscanthus_sinensis_15wks vs control_6wks,FALSE
3991,0.13652925418421447,25.554906386606532,0.23233365537901354,0.8184982087061508,0.9177578358126492,-6.285615035059524,miscanthus_sinensis_15wks vs control_6wks,FALSE
3584,-0.3284019781682659,20.70678815985614,-0.231282264603119,0.8193043366349864,0.9177578358126492,-6.285861346251232,miscanthus_sinensis_15wks vs control_6wks,FALSE
1586,0.14371660763954353,23.251752398368026,0.22928197367885783,0.8208385749194664,0.9185166516844133,-6.286326889269551,miscanthus_sinensis_15wks vs control_6wks,FALSE
1863,0.24326565393572608,20.910632561069086,0.2261011828077918,0.823279776950491,0.9188694740931194,-6.287058893203062,miscanthus_sinensis_15wks vs control_6wks,FALSE
505,0.23597653669054708,18.924604990897475,0.22468252347190687,0.8243691664662178,0.9188694740931194,-6.28738209190039,miscanthus_sinensis_15wks vs control_6wks,FALSE
2342,-0.33822807760257234,20.06578629297244,-0.22433879580392516,0.8246331698633376,0.9188694740931194,-6.2874600952162805,miscanthus_sinensis_15wks vs control_6wks,FALSE
3,-0.17867948528082778,26.728809148484135,-0.22391756337656296,0.8249567305432721,0.9188694740931194,-6.287555524897493,miscanthus_sinensis_15wks vs control_6wks,FALSE
2467,-0.12310908703955548,17.835160977038477,-0.2224459229988895,0.8260873894937187,0.9188694740931194,-6.28788752212621,miscanthus_sinensis_15wks vs control_6wks,FALSE
102,0.24827049380910537,19.205381193876633,0.22217341013569536,0.8262968031956782,0.9188694740931194,-6.287948761060842,miscanthus_sinensis_15wks vs control_6wks,FALSE
413,-0.22102777176570854,24.039118155551925,-0.22023991711508864,0.82778298381501,0.919568247305379,-6.28838110895464,miscanthus_sinensis_15wks vs control_6wks,FALSE
279,-0.3712929093970665,19.90883684077773,-0.21710079493915896,0.8301972778660985,0.9198988757955907,-6.2890750364206305,miscanthus_sinensis_15wks vs control_6wks,FALSE
4875,0.10628076991219615,17.802119653325395,0.21481479652178506,0.8319565190942446,0.9198988757955907,-6.289574134109088,miscanthus_sinensis_15wks vs control_6wks,FALSE
1167,0.23171036729241834,18.206110791553478,0.21425216639064926,0.8323896424874668,0.9198988757955907,-6.289696165546356,miscanthus_sinensis_15wks vs control_6wks,FALSE
6178,0.19740463279412523,18.33779523967362,0.21278494762490036,0.8335193917116364,0.9198988757955907,-6.290012898520487,miscanthus_sinensis_15wks vs control_6wks,FALSE
3275,0.17855112433520048,24.372329960376092,0.2119254059300536,0.8341814047665927,0.9198988757955907,-6.290197443825836,miscanthus_sinensis_15wks vs control_6wks,FALSE
293,0.19201330591187826,24.360469604894746,0.21140370151742507,0.834583279368424,0.9198988757955907,-6.290309092097147,miscanthus_sinensis_15wks vs control_6wks,FALSE
371,0.20252564584570365,22.542232147814527,0.21117667938707452,0.834758171459876,0.9198988757955907,-6.2903575908104,miscanthus_sinensis_15wks vs control_6wks,FALSE
2088,0.11768632193536988,17.50020764470967,0.2099245694934806,0.8357229223251132,0.9198988757955907,-6.290624146659723,miscanthus_sinensis_15wks vs control_6wks,FALSE
509,0.30081800797862,22.54035842945313,0.20943298253353906,0.8361017626761655,0.9198988757955907,-6.29072836682816,miscanthus_sinensis_15wks vs control_6wks,FALSE
2438,0.29744428014297597,19.82349291618865,0.20762164561923355,0.83749801630479,0.9198988757955907,-6.291110284045046,miscanthus_sinensis_15wks vs control_6wks,FALSE
2777,0.3080509903399644,22.008441229664843,0.206853015634009,0.8380906742827507,0.9198988757955907,-6.291271349962015,miscanthus_sinensis_15wks vs control_6wks,FALSE
1311,-0.24050578697849545,20.191067500997253,-0.20648044050335057,0.8383779866159442,0.9198988757955907,-6.291349208766327,miscanthus_sinensis_15wks vs control_6wks,FALSE
223,0.2311777382474176,18.421437452356674,0.19805161122829298,0.8448839965014688,0.926089615797111,-6.29307326314389,miscanthus_sinensis_15wks vs control_6wks,FALSE
4284,0.12831113559752794,17.478387247570268,0.19659302381707588,0.8460110108371112,0.9263438757163165,-6.293364342442256,miscanthus_sinensis_15wks vs control_6wks,FALSE
2417,-0.18312164132095887,20.52280055783106,-0.19406757799248953,0.8479631575926966,0.9263438757163165,-6.293863257657323,miscanthus_sinensis_15wks vs control_6wks,FALSE
2911,-0.1058210502652841,22.69316147765575,-0.19377056845979504,0.8481928092450003,0.9263438757163165,-6.293921511096501,miscanthus_sinensis_15wks vs control_6wks,FALSE
243,0.3180936852832481,22.82154037469799,0.19327959290793686,0.8485724682401332,0.9263438757163165,-6.294017612778265,miscanthus_sinensis_15wks vs control_6wks,FALSE
225,-0.24127737154472229,20.63680397473142,-0.19061478519228342,0.850633751233886,0.9276494214880221,-6.294534974447985,miscanthus_sinensis_15wks vs control_6wks,FALSE
57,0.10103253209018703,28.40837513311941,0.18841077349353588,0.8523394268538541,0.9279241008593913,-6.294957466505772,miscanthus_sinensis_15wks vs control_6wks,FALSE
175,0.09422596791744553,26.02708176826881,0.18805241691500826,0.852616827748601,0.9279241008593913,-6.295025697901942,miscanthus_sinensis_15wks vs control_6wks,FALSE
4829,0.11541340427491065,22.717279956178118,0.18653471362200555,0.8537918856447128,0.9282605490985113,-6.295313234733302,miscanthus_sinensis_15wks vs control_6wks,FALSE
2507,0.09713615413850718,18.89670268491143,0.1847508330932725,0.8551734714892661,0.9288206296215739,-6.295648231413301,miscanthus_sinensis_15wks vs control_6wks,FALSE
4227,0.1337154630236519,20.448336455015724,0.18306997750649673,0.8564757019039168,0.9292934741305656,-6.295960945076895,miscanthus_sinensis_15wks vs control_6wks,FALSE
5708,-0.07993622110600995,16.565492695603837,-0.17958547358443885,0.8591766257658403,0.9305067364496897,-6.2966001426440155,miscanthus_sinensis_15wks vs control_6wks,FALSE
5337,-0.19743035187668312,18.64048227655302,-0.1793877812653081,0.8593299151914111,0.9305067364496897,-6.296636040281565,miscanthus_sinensis_15wks vs control_6wks,FALSE
5790,0.17228985142119768,19.095370126449836,0.17524141612808908,0.8625462819167387,0.932019369934523,-6.297379867764711,miscanthus_sinensis_15wks vs control_6wks,FALSE
5318,0.09957749696593865,20.51603603399074,0.17498901405293385,0.8627421515985597,0.932019369934523,-6.297424586897992,miscanthus_sinensis_15wks vs control_6wks,FALSE
2256,-0.20801454202135616,19.9918926187466,-0.1742249897953323,0.8633351066650945,0.932019369934523,-6.2975595605854195,miscanthus_sinensis_15wks vs control_6wks,FALSE
1335,-0.1993649364156127,19.446111365038472,-0.17122452409671554,0.8656645468937056,0.9335939580181614,-6.298083929903205,miscanthus_sinensis_15wks vs control_6wks,FALSE
10,-0.07079794614286428,25.5807394958174,-0.16860416428078925,0.8676999128241072,0.9348485492939125,-6.298534440752995,miscanthus_sinensis_15wks vs control_6wks,FALSE
5798,0.16294489809006762,18.743598320699068,0.1625090957369855,0.8724378743339597,0.9379292512159765,-6.299555544904421,miscanthus_sinensis_15wks vs control_6wks,FALSE
3193,-0.1389489066280838,20.430048589963352,-0.1616602474150465,0.8730981145790832,0.9379292512159765,-6.299694777535477,miscanthus_sinensis_15wks vs control_6wks,FALSE
399,-0.0981774316206625,27.434213173142773,-0.16154966288877376,0.8731841349939782,0.9379292512159765,-6.299712862651327,miscanthus_sinensis_15wks vs control_6wks,FALSE
3110,-0.11988154345618085,22.289182358443618,-0.15507333191052092,0.8782246474276647,0.9415555871547843,-6.300750476350552,miscanthus_sinensis_15wks vs control_6wks,FALSE
472,0.1950342051172953,21.593376924414375,0.15495502019837484,0.8783167790622987,0.9415555871547843,-6.300769037946502,miscanthus_sinensis_15wks vs control_6wks,FALSE
1916,-0.08117645361509318,24.55068596224096,-0.15227444183692598,0.8804046684996716,0.9428509536779699,-6.301185798475047,miscanthus_sinensis_15wks vs control_6wks,FALSE
3820,0.08906328059078206,23.0196420609327,0.1487503011956497,0.8831509585193666,0.9440762110401152,-6.30172267011257,miscanthus_sinensis_15wks vs control_6wks,FALSE
4003,0.1353279094538138,18.45172629615479,0.14704692633547514,0.8844789054410409,0.9440762110401152,-6.301977667556718,miscanthus_sinensis_15wks vs control_6wks,FALSE
2044,-0.08454453194156386,26.823897852125803,-0.14567724402223034,0.88554695901858,0.9440762110401152,-6.3021805850296335,miscanthus_sinensis_15wks vs control_6wks,FALSE
3552,-0.08056002465843193,23.7825853927937,-0.14539444075681562,0.8857675117401137,0.9440762110401152,-6.302222246105102,miscanthus_sinensis_15wks vs control_6wks,FALSE
3834,0.12056626388005753,22.4318005063865,0.14515774173679866,0.8859521159574215,0.9440762110401152,-6.3022570532409965,miscanthus_sinensis_15wks vs control_6wks,FALSE
6064,-0.1426919921651546,19.95101211465255,-0.13617654044459593,0.8929614608962282,0.9506004827018438,-6.3035359399691,miscanthus_sinensis_15wks vs control_6wks,FALSE
5476,-0.04877379033724338,20.08346529999419,-0.13232142059545296,0.8959729610855447,0.9525567184957657,-6.304059891778216,miscanthus_sinensis_15wks vs control_6wks,FALSE
4711,-0.06125371572108307,23.748151344248704,-0.13108546383376815,0.8969387947114883,0.9525567184957657,-6.304224691769363,miscanthus_sinensis_15wks vs control_6wks,FALSE
29,-0.13931064165678464,22.37591195988687,-0.1295759109956975,0.8981186508658849,0.9525567184957657,-6.30442387801741,miscanthus_sinensis_15wks vs control_6wks,FALSE
300,0.1463097306246297,20.997306170022682,0.12927560384513884,0.8983533977604656,0.9525567184957657,-6.304463229010135,miscanthus_sinensis_15wks vs control_6wks,FALSE
3004,0.07392880371820709,19.074181527320228,0.12477723980062883,0.9018708498495493,0.9553414535955701,-6.3050417655740265,miscanthus_sinensis_15wks vs control_6wks,FALSE
2034,-0.16088157922939317,23.02717057112468,-0.12175392064889586,0.90423607038434894,0.9559948174127443,-6.3054191012221095,miscanthus_sinensis_15wks vs control_6wks,FALSE
98,-0.21542574029813366,23.05957961965769,-0.12170900341674601,0.9042712172169054,0.9559948174127443,-6.305424637600947,miscanthus_sinensis_15wks vs control_6wks,FALSE
16,-0.046685018772905096,26.137532089805298,-0.11502807927275283,0.9095011048840708,0.9605765363898757,-6.30622539243892,miscanthus_sinensis_15wks vs control_6wks,FALSE
4339,-0.05653998592793741,25.12204482688794,-0.11096838182576729,0.912681142951594,0.9629864027993196,-6.306689927337602,miscanthus_sinensis_15wks vs control_6wks,FALSE
1155,0.094601170377139,17.91876892905276,0.1096447014026117,0.9137183337207255,0.9631327962129969,-6.30683778715944,miscanthus_sinensis_15wks vs control_6wks,FALSE
601,0.047693295860749885,24.47105155812205,0.10730200007276788,0.915554379400435,0.9634523153038131,-6.3070951312301595,miscanthus_sinensis_15wks vs control_6wks,FALSE
5558,0.10418453428864893,18.31320143315344,0.10675147175857709,0.9159859155192575,0.9634523153038131,-6.307154800773854,miscanthus_sinensis_15wks vs control_6wks,FALSE
4,-0.0684478692506083,23.808025534715807,-0.10473961307616582,0.9175631520807983,0.9634523153038131,-6.3073702505441895,miscanthus_sinensis_15wks vs control_6wks,FALSE
2094,0.09509292499273414,22.426469725439038,0.10467166057838315,0.9176164309003667,0.9634523153038131,-6.307377456085466,miscanthus_sinensis_15wks vs control_6wks,FALSE
5557,-0.05252880581572228,18.87454631187604,-0.10226636584202677,0.9195025792996989,0.9644880283848113,-6.307629499363579,miscanthus_sinensis_15wks vs control_6wks,FALSE
2514,0.1207760193009868,25.290263050188155,0.10044828451461768,0.92092857822423,0.9650395267413241,-6.307816126192541,miscanthus_sinensis_15wks vs control_6wks,FALSE
4990,0.13596748481022303,19.474609330445524,0.09809040269556818,0.9227783709857837,0.9652551641363771,-6.308053182557162,miscanthus_sinensis_15wks vs control_6wks,FALSE
4500,0.047552930817680306,16.876670733953794,0.09789051283080699,0.9229352082460696,0.9652551641363771,-6.308073020395028,miscanthus_sinensis_15wks vs control_6wks,FALSE
589,-0.045441601853106306,25.886693068886856,-0.0967273999498399,0.9238478714886686,0.9652679514969325,-6.308187650120167,miscanthus_sinensis_15wks vs control_6wks,FALSE
54,-0.08493676210754941,21.56953986097866,-0.09061885632735235,0.9286428150347279,0.966546645899855,-6.308767198508818,miscanthus_sinensis_15wks vs control_6wks,FALSE
3656,0.0768744495022986,18.135392622022305,0.09012079199320257,0.9290338990981768,0.966546645899855,-6.308812787383725,miscanthus_sinensis_15wks vs control_6wks,FALSE
2505,0.08401804042378203,18.51837579889979,0.08976823367402945,0.9293107417964441,0.966546645899855,-6.30884490603127,miscanthus_sinensis_15wks vs control_6wks,FALSE
4166,0.04390273766588493,26.19099278295589,0.0897238478793465,0.9293455959237917,0.966546645899855,-6.30884894073508,miscanthus_sinensis_15wks vs control_6wks,FALSE
5375,0.11952628454970693,19.200963166337065,0.08765517658238625,0.9309701885078339,0.966546645899855,-6.309034772547143,miscanthus_sinensis_15wks vs control_6wks,FALSE
2054,0.09276220325910245,19.892755369490356,0.08740315152485305,0.9311681329215199,0.966546645899855,-6.30905711635238,miscanthus_sinensis_15wks vs control_6wks,FALSE
734,-0.09220393229582058,17.752502412917707,-0.08712945720671056,0.9313831018792444,0.966546645899855,-6.309081308474557,miscanthus_sinensis_15wks vs control_6wks,FALSE
3325,-0.04348067995604765,17.410693210070566,-0.08212146768733257,0.9353174798307131,0.9693811173200929,-6.309510583371772,miscanthus_sinensis_15wks vs control_6wks,FALSE
1947,-0.15854280343799587,22.504003429223214,-0.08135090756558275,0.9359230003976644,0.9693811173200929,-6.309574380654607,miscanthus_sinensis_15wks vs control_6wks,FALSE
1436,-0.07050064724235483,19.319271741388818,-0.0719698968086457,0.9432978486853745,0.9757393302150046,-6.310302862059621,miscanthus_sinensis_15wks vs control_6wks,FALSE
2770,-0.10704012447626354,18.489416484157296,-0.07122691960436935,0.9438821692471638,0.9757393302150046,-6.310356750158382,miscanthus_sinensis_15wks vs control_6wks,FALSE
648,-0.03377450914872071,17.668670628526954,-0.06673365020837994,0.9474166158479661,0.9781843753405631,-6.310670735297248,miscanthus_sinensis_15wks vs control_6wks,FALSE
809,0.08054735133691793,19.89549749223776,0.06578821099630056,0.9481604507203697,0.9781843753405631,-6.3107341983032,miscanthus_sinensis_15wks vs control_6wks,FALSE
5335,-0.07362706739093028,18.31418763273572,-0.06474045406698076,0.9489848417483077,0.9781843753405631,-6.310803472053286,miscanthus_sinensis_15wks vs control_6wks,FALSE
249,0.04742790864189672,22.40679110251031,0.05650483998819792,0.9554667109806697,0.983919610154926,-6.3113092677055,miscanthus_sinensis_15wks vs control_6wks,FALSE
2812,0.06507113564120459,20.870650274356436,0.05502565758065079,0.9566312545953213,0.9841734212343419,-6.3113928360571885,miscanthus_sinensis_15wks vs control_6wks,FALSE
1203,0.01920897349955908,20.939072721453606,0.0528807381593939,0.9583201010076091,0.9848574268971064,-6.311510079565537,miscanthus_sinensis_15wks vs control_6wks,FALSE
2477,0.02419606440247435,17.469264616020237,0.05044927876829903,0.9602348026380674,0.9848574268971064,-6.311637350502358,miscanthus_sinensis_15wks vs control_6wks,FALSE
4648,-0.028256197524878957,19.607770434522962,-0.049902587018611035,0.9606653403370398,0.9848574268971064,-6.311665141677688,miscanthus_sinensis_15wks vs control_6wks,FALSE
5591,0.020568510257312766,17.626465822806722,0.048246646598837185,0.9619695222536278,0.9848574268971064,-6.3117474744712805,miscanthus_sinensis_15wks vs control_6wks,FALSE
3646,-0.05424523768021672,23.161356698774227,-0.04732825288001876,0.9626928760249087,0.9848574268971064,-6.311791939299816,miscanthus_sinensis_15wks vs control_6wks,FALSE
4690,-0.035163859625694016,20.89213191954807,-0.04705067144392042,0.9629115137948354,0.9848574268971064,-6.3118052105094336,miscanthus_sinensis_15wks vs control_6wks,FALSE
5947,-0.03751068940593427,18.398877268383213,-0.045310064399234386,0.9642825750874879,0.9848574268971064,-6.311886650020391,miscanthus_sinensis_15wks vs control_6wks,FALSE
173,-0.015877470144335604,22.50406457998249,-0.04406408619182978,0.9652640912466475,0.9848574268971064,-6.3119430621214025,miscanthus_sinensis_15wks vs control_6wks,FALSE
5654,0.033038069479474075,20.577696179151687,0.043618811549329534,0.9656148689780556,0.9848574268971064,-6.311962840666522,miscanthus_sinensis_15wks vs control_6wks,FALSE
3229,0.02375130472002951,18.056266129580308,0.0425165704861563,0.966483221171414,0.9848574268971064,-6.312010936899891,miscanthus_sinensis_15wks vs control_6wks,FALSE
2207,0.03305018838065621,17.713871239715097,0.038395805917218126,0.9697299529352779,0.9872274544602259,-6.312179844878838,miscanthus_sinensis_15wks vs control_6wks,FALSE
2440,-0.027620473391188227,23.003700482691915,-0.033335339298231605,0.9737178014968553,0.9888516623117256,-6.312363736977021,miscanthus_sinensis_15wks vs control_6wks,FALSE
3140,0.03371276346593888,19.325572664341177,0.03150285055587547,0.9751620546725275,0.9888516623117256,-6.31242392942547,miscanthus_sinensis_15wks vs control_6wks,FALSE
4133,-0.01803471002938295,18.863816116070595,-0.031066189840086595,0.9755062164447152,0.9888516623117256,-6.312437770664475,miscanthus_sinensis_15wks vs control_6wks,FALSE
3733,-0.03488043783069372,19.59229804793283,-0.030885491296764725,0.9756486385924519,0.9888516623117256,-6.312443441923773,miscanthus_sinensis_15wks vs control_6wks,FALSE
3203,0.04228724525030003,22.842647465651204,0.03051893121919717,0.9759375547815352,0.9888516623117256,-6.312454844866074,miscanthus_sinensis_15wks vs control_6wks,FALSE
1027,0.023686498572082826,18.033167580317365,0.02691964928591713,0.9787746187281144,0.990789793462265,-6.312559580409557,miscanthus_sinensis_15wks vs control_6wks,FALSE
76,-0.040869361366791424,21.46960783477066,-0.02487749863435989,0.9803844346792651,0.9914831263926153,-6.312613168889811,miscanthus_sinensis_15wks vs control_6wks,FALSE
3550,0.009329976151935426,17.401420599299776,0.020868229342548034,0.9835451617775925,0.9937421427196789,-6.312706086200684,miscanthus_sinensis_15wks vs control_6wks,FALSE
5829,-0.00858326666223519,16.819140594907857,-0.01700150835168114,0.986593773106202,0.9940748180197524,-6.3127802717758,miscanthus_sinensis_15wks vs control_6wks,FALSE
104,-0.024369471493471906,21.156776822748768,-0.0168992574201258,0.9866743931388197,0.9940748180197524,-6.312782027930195,miscanthus_sinensis_15wks vs control_6wks,FALSE
3763,0.009654249306812801,27.480165704461715,0.016030664554643484,0.9873592434029272,0.9940748180197524,-6.312796518758492,miscanthus_sinensis_15wks vs control_6wks,FALSE
4117,-0.006537984945406805,22.91687836966753,-0.0157460434206696,0.9875836578274593,0.9940748180197524,-6.312801100838784,miscanthus_sinensis_15wks vs control_6wks,FALSE
2834,-0.007572322087384009,17.589831726187672,-0.014146250382023325,0.9888450611901596,0.9944107932418865,-6.312825328432994,miscanthus_sinensis_15wks vs control_6wks,FALSE
1657,-0.005011618731149525,24.059898097714225,-0.011857728179231685,0.990649564214529,0.994539762251567,-6.31285547815458,miscanthus_sinensis_15wks vs control_6wks,FALSE
3780,0.010107492078322622,18.31517737442283,0.01163042889035367,0.9908287929894343,0.994539762251567,-6.312858182960317,miscanthus_sinensis_15wks vs control_6wks,FALSE
1905,0.0067389895073795,25.644916711932748,0.009426465890002188,0.9925666739410488,0.9952451871394723,-6.312881694887643,miscanthus_sinensis_15wks vs control_6wks,FALSE
5200,-0.006127280700425786,17.77364313674122,-0.0083843958379163,0.9933883864171972,0.9952451871394723,-6.312891098011041,miscanthus_sinensis_15wks vs control_6wks,FALSE
4286,0.004296111114225454,18.299155896225574,0.0047704991498341105,0.9962381357899426,0.9971683301277483,-6.312915183424343,miscanthus_sinensis_15wks vs control_6wks,FALSE
3236,0.003732026368680863,20.523167931405983,0.0030450371918525057,0.9975987746719988,0.9975987746719988,-6.312922015549329,miscanthus_sinensis_15wks vs control_6wks,FALSE
