ID,logFC,AveExpr,t,P.Value,adj.P.Val,B,comparison,pass
2702,4.263135083928006,17.99392367547312,11.214080394927839,2.42819321278545e-10,2.459759724551661e-7,13.131226421114214,miscanthus_sacchariflorus_15wks vs miscanthus_sinensis_15wks,TRUE
3001,-6.118179358927556,21.285208141435138,-9.690729586675788,3.256488809183221e-9,1.6494115818513014e-6,10.904723137017271,miscanthus_sacchariflorus_15wks vs miscanthus_sinensis_15wks,TRUE
39,4.1867015490730495,18.226183086223035,8.836457685002257,1.5746935954530965e-8,5.317215373979956e-6,9.512522018780615,miscanthus_sacchariflorus_15wks vs miscanthus_sinensis_15wks,TRUE
1942,6.3176756648374734,18.7681276869083,8.554198863523764,2.7050116860254077e-8,6.850442094859345e-6,9.028404012700403,miscanthus_sacchariflorus_15wks vs miscanthus_sinensis_15wks,TRUE
5542,4.08121786659575,18.035053462485813,8.251437503211058,4.889091504114478e-8,9.905299387335931e-6,8.495471148430305,miscanthus_sacchariflorus_15wks vs miscanthus_sinensis_15wks,TRUE
2604,7.460055294362839,19.80242789167753,6.639346205184662,1.4037842688273489e-6,2.3700557738701741e-4,5.417114817670382,miscanthus_sacchariflorus_15wks vs miscanthus_sinensis_15wks,TRUE
3042,3.3329877412817446,18.01949156529546,6.357382415875635,2.6159186620262317e-6,3.7856080066179615e-4,4.837968180160533,miscanthus_sacchariflorus_15wks vs miscanthus_sinensis_15wks,TRUE
3349,2.801707542355178,18.28445946945135,5.802108009053713,9.169241904437806e-6,0.0011610552561494372,3.6651997048983356,miscanthus_sacchariflorus_15wks vs miscanthus_sinensis_15wks,TRUE
3083,3.273374336407489,18.424817539116553,5.6185253074315344,1.3988554117501563e-5,0.001539671554255596,3.26883638201316,miscanthus_sacchariflorus_15wks vs miscanthus_sinensis_15wks,TRUE
3856,3.0979041843066284,17.84196424281247,5.58263135829424,1.519912689294764e-5,0.001539671554255596,3.190882660738235,miscanthus_sacchariflorus_15wks vs miscanthus_sinensis_15wks,TRUE
4255,2.748710940499027,17.63820066883205,5.491999604034489,1.875362785346457e-5,0.0017270386377781465,2.993416031211251,miscanthus_sacchariflorus_15wks vs miscanthus_sinensis_15wks,TRUE
5693,2.320636066596297,17.939390045778936,5.235380915372975,3.414620839167492e-5,0.002882509091730558,2.429702860229731,miscanthus_sacchariflorus_15wks vs miscanthus_sinensis_15wks,TRUE
5631,3.145333484445718,18.080225935524577,4.932341130377967,6.978464276821583e-5,0.004983260376164517,1.7565023774305333,miscanthus_sacchariflorus_15wks vs miscanthus_sinensis_15wks,TRUE
3030,3.4524490294270933,19.48368658814028,4.92188010204286,7.153638148501125e-5,0.004983260376164517,1.7331417528262856,miscanthus_sacchariflorus_15wks vs miscanthus_sinensis_15wks,TRUE
2643,3.0166550103513643,19.273537873133883,4.887080454374134,7.769030433795586e-5,0.004983260376164517,1.6553797397155234,miscanthus_sacchariflorus_15wks vs miscanthus_sinensis_15wks,TRUE
355,2.995741526614175,17.348671293339226,4.881590298780252,7.870894967288477e-5,0.004983260376164517,1.6431047063115845,miscanthus_sacchariflorus_15wks vs miscanthus_sinensis_15wks,TRUE
734,4.285697128179827,18.668851135237105,4.775353444973898,1.0130909865394333e-4,0.006036830408026153,1.4052325536135353,miscanthus_sacchariflorus_15wks vs miscanthus_sinensis_15wks,TRUE
23,-5.974669485681389,21.376853331925975,-4.62520264031837,1.4488614372357476e-4,0.008153870199554512,1.0680799674321557,miscanthus_sacchariflorus_15wks vs miscanthus_sinensis_15wks,TRUE
13,5.1522418592876065,18.820328531100866,4.454249094823256,2.179795062484192e-4,0.01162174946471835,0.683270301030106,miscanthus_sacchariflorus_15wks vs miscanthus_sinensis_15wks,TRUE
4454,-2.2717348304448066,23.090620569203114,-4.422930787004599,2.3493833350404607e-4,0.011899626591979934,0.6127073954319595,miscanthus_sacchariflorus_15wks vs miscanthus_sinensis_15wks,TRUE
5742,1.683628374052411,17.060554982818115,4.354391543280664,2.768177771787632e-4,0.013353162299147006,0.4582482696365071,miscanthus_sacchariflorus_15wks vs miscanthus_sinensis_15wks,TRUE
3501,2.181886358031999,17.7630181986393,4.309493984776921,3.08232477840027e-4,0.01419270454781579,0.35705811765140893,miscanthus_sacchariflorus_15wks vs miscanthus_sinensis_15wks,TRUE
1904,2.0031149898270826,25.27824562462168,4.230167652165939,3.7271872072649895e-4,0.01641582887373667,0.17829598455323747,miscanthus_sacchariflorus_15wks vs miscanthus_sinensis_15wks,TRUE
1289,-3.359728638378762,22.090955630885865,-4.187104618481074,4.1321102764803433e-4,0.01744094879197745,0.08128626097763902,miscanthus_sacchariflorus_15wks vs miscanthus_sinensis_15wks,TRUE
2199,3.092973635984343,23.479858921695556,4.122822085668093,4.8197773368317544e-4,0.01952973776884227,-0.06345152316414104,miscanthus_sacchariflorus_15wks vs miscanthus_sinensis_15wks,TRUE
3832,3.7455392631289044,19.96816957398208,4.0947892662256065,5.154377433063359e-4,0.02008224746035839,-0.12653352709010157,miscanthus_sacchariflorus_15wks vs miscanthus_sinensis_15wks,TRUE
1484,3.037072445821842,18.978266560853783,4.054234545884631,5.679851060625269e-4,0.021309959720049624,-0.21774501713828087,miscanthus_sacchariflorus_15wks vs miscanthus_sinensis_15wks,TRUE
5431,3.0208728454556777,23.28300598689782,4.007909064743662,6.345700902590947e-4,0.022491449166054247,-0.32185340087407965,miscanthus_sacchariflorus_15wks vs miscanthus_sinensis_15wks,TRUE
4211,-3.1272413235602095,21.78898897819016,-4.001819875658181,6.438815654645343e-4,0.022491449166054247,-0.33553048814799435,miscanthus_sacchariflorus_15wks vs miscanthus_sinensis_15wks,TRUE
181,1.4131712512195946,30.158940418758057,3.9825946793039013,6.741821634017786e-4,0.022764884384200056,-0.37870064337052245,miscanthus_sacchariflorus_15wks vs miscanthus_sinensis_15wks,TRUE
164,3.562001197084772,17.911072277028772,3.9515862927015206,7.260709186073838e-4,0.02372612388868645,-0.4482889372240395,miscanthus_sacchariflorus_15wks vs miscanthus_sinensis_15wks,TRUE
2244,1.660781688744315,26.281487665483272,3.926900034674824,7.702037233295734e-4,0.024381761616651808,-0.5036502256089967,miscanthus_sacchariflorus_15wks vs miscanthus_sinensis_15wks,TRUE
1893,-4.176463834625448,20.551997941328192,-3.8378334323040204,9.527487040438348e-4,0.029246498096860748,-0.7030615186335085,miscanthus_sacchariflorus_15wks vs miscanthus_sinensis_15wks,TRUE
4503,-5.7745599658906634,23.118714013279938,-3.8164294292156966,0.0010026595314073428,0.02987335603869524,-0.7508969258288261,miscanthus_sacchariflorus_15wks vs miscanthus_sinensis_15wks,TRUE
3880,2.0465820227932667,17.533884823919387,3.7951655082208346,0.0010548076412400795,0.03052914687360573,-0.7983827240469381,miscanthus_sacchariflorus_15wks vs miscanthus_sinensis_15wks,TRUE
5621,-1.6171130680631087,17.915385908964826,-3.7432337653891943,0.0011937253834139214,0.033590105927730624,-0.9141907765384554,miscanthus_sacchariflorus_15wks vs miscanthus_sinensis_15wks,TRUE
2014,2.7526139136895296,17.539947332896556,3.718380481625252,0.0012664658365861654,0.03415774540809617,-0.9695256409110353,miscanthus_sacchariflorus_15wks vs miscanthus_sinensis_15wks,TRUE
1941,-2.5856974682987186,24.845595131702616,-3.713473549669011,0.001281336945219797,0.03415774540809617,-0.9804436203925384,miscanthus_sacchariflorus_15wks vs miscanthus_sinensis_15wks,TRUE
3157,3.026218677097525,17.711999482263316,3.6869495931183778,0.0013647581518589074,0.03544871814956598,-1.0394176360718301,miscanthus_sacchariflorus_15wks vs miscanthus_sinensis_15wks,TRUE
211,2.661906702927567,17.517899156768028,3.6418326356506108,0.0015191446453663674,0.03683053022357103,-1.1395606669801825,miscanthus_sacchariflorus_15wks vs miscanthus_sinensis_15wks,TRUE
4201,-2.5508908921370015,18.626521107398343,-3.640873548399194,0.0015226069554213427,0.03683053022357103,-1.141687044030733,miscanthus_sacchariflorus_15wks vs miscanthus_sinensis_15wks,TRUE
5037,-3.92164950954767,21.012998962215836,-3.6229372509875324,0.0015888091687925664,0.03683053022357103,-1.181433872498129,miscanthus_sacchariflorus_15wks vs miscanthus_sinensis_15wks,TRUE
5636,2.4717616699322456,18.144122595879974,3.6208510431691403,0.0015966911268057555,0.03683053022357103,-1.1860544820165977,miscanthus_sacchariflorus_15wks vs miscanthus_sinensis_15wks,TRUE
2860,1.4859787754586016,28.15260088035489,3.6200450385456326,0.001599746623728653,0.03683053022357103,-1.1878395135789885,miscanthus_sacchariflorus_15wks vs miscanthus_sinensis_15wks,TRUE
163,-5.987964044474612,21.58969138996532,-3.6100894150784844,0.0016379660165832702,0.036872434995530064,-1.2098815580787141,miscanthus_sacchariflorus_15wks vs miscanthus_sinensis_15wks,TRUE
3313,-2.6676862042855056,24.01214969008838,-3.5248251227067224,0.0020043234971317257,0.043406312028750046,-1.398152307772694,miscanthus_sacchariflorus_15wks vs miscanthus_sinensis_15wks,TRUE
157,-2.4424504973488226,22.02911588392478,-3.5228049216376425,0.0020139157604652045,0.043406312028750046,-1.4026014878603617,miscanthus_sacchariflorus_15wks vs miscanthus_sinensis_15wks,TRUE
4119,-2.7977925763511244,19.353744524287727,-3.496580788039049,0.0021426002725732822,0.04521779325243198,-1.4603044690991336,miscanthus_sacchariflorus_15wks vs miscanthus_sinensis_15wks,TRUE
4413,1.4596852315397086,18.56017912440927,3.4637023262776276,0.0023153868611353306,0.04662885734212796,-1.5325098859307227,miscanthus_sacchariflorus_15wks vs miscanthus_sinensis_15wks,TRUE
2646,3.1136796020186708,17.763220805641076,3.459996172701668,0.0023357008517335474,0.04662885734212796,-1.5406390426234085,miscanthus_sacchariflorus_15wks vs miscanthus_sinensis_15wks,TRUE
862,-2.3686106553646162,21.023322349579992,-3.4578483029105045,0.0023475535285770247,0.04662885734212796,-1.5453492774968405,miscanthus_sacchariflorus_15wks vs miscanthus_sinensis_15wks,TRUE
4582,5.292904840583304,19.71615253547407,3.4264306796608515,0.0025278149488957465,0.04924377967752675,-1.6141664960713964,miscanthus_sacchariflorus_15wks vs miscanthus_sinensis_15wks,TRUE
10,-3.97768818890766,24.771042268807296,-3.4008174287828905,0.002684744699476269,0.050411042775461316,-1.6701544731160256,miscanthus_sacchariflorus_15wks vs miscanthus_sinensis_15wks,TRUE
2614,-2.7756538099791683,22.402521596168103,-3.4004186398849767,0.0026872619051085006,0.050411042775461316,-1.6710253444746748,miscanthus_sacchariflorus_15wks vs miscanthus_sinensis_15wks,TRUE
5310,-2.397966004890147,20.991524334502817,-3.3742138170517864,0.0028578293538141335,0.05263602064388577,-1.7281933274515415,miscanthus_sacchariflorus_15wks vs miscanthus_sinensis_15wks,TRUE
4283,-2.574421536156077,23.549408150920403,-3.3462557208606105,0.003051477126159309,0.05519904158570322,-1.7890574617533543,miscanthus_sacchariflorus_15wks vs miscanthus_sinensis_15wks,TRUE
1045,2.651452283493086,17.682836021826535,3.326160296701185,0.0031985223102100856,0.056843914039347666,-1.8327199292041207,miscanthus_sacchariflorus_15wks vs miscanthus_sinensis_15wks,TRUE
3436,-5.254752958987126,21.12717384649326,-3.29945130699087,0.00340470417259192,0.05901731252729313,-1.8906387125048418,miscanthus_sacchariflorus_15wks vs miscanthus_sinensis_15wks,TRUE
1049,-1.8617732675547174,18.047240074147584,-3.2953693338512613,0.003437336070197724,0.05901731252729313,-1.8994788804178304,miscanthus_sacchariflorus_15wks vs miscanthus_sinensis_15wks,TRUE
131,1.7681578347798812,31.87265433987437,3.283676430758055,0.003532507235272057,0.05964049715550989,-1.9247843488930743,miscanthus_sacchariflorus_15wks vs miscanthus_sinensis_15wks,TRUE
4038,-3.9194113202166037,20.346549877663744,-3.2755732209852613,0.0035999621583543,0.0597829781379165,-1.9423058267946658,miscanthus_sacchariflorus_15wks vs miscanthus_sinensis_15wks,TRUE
2096,-4.6664036911124285,21.999767309287478,-3.2648804080026355,0.0036908969087931275,0.06030449304205546,-1.96540739990298,miscanthus_sacchariflorus_15wks vs miscanthus_sinensis_15wks,TRUE
4299,2.2544709018402003,18.000450477417075,3.255941402194608,0.003768629701260671,0.06059717281550888,-1.984702805733959,miscanthus_sacchariflorus_15wks vs miscanthus_sinensis_15wks,TRUE
5276,2.48104158513749,17.275840916784983,3.2470601898146314,0.0038474368932360204,0.060897712075751384,-2.003857854282307,miscanthus_sacchariflorus_15wks vs miscanthus_sinensis_15wks,TRUE
3894,1.8144368546141472,17.728176451912706,3.230426261524854,0.003999373132644763,0.062328692051832994,-2.039691572933301,miscanthus_sacchariflorus_15wks vs miscanthus_sinensis_15wks,TRUE
1549,-4.4221687274840455,19.67951453533905,-3.1944377648538103,0.004348321737907933,0.06657167689094293,-2.1170259813358534,miscanthus_sacchariflorus_15wks vs miscanthus_sinensis_15wks,TRUE
1902,-1.8164221961984204,23.83775685786292,-3.1885176264567,0.004408487253360362,0.06657167689094293,-2.129721560394289,miscanthus_sacchariflorus_15wks vs miscanthus_sinensis_15wks,TRUE
1311,3.586295349207088,20.892936383458114,3.1826631349105807,0.0044687798900139375,0.06657167689094293,-2.1422690051260744,miscanthus_sacchariflorus_15wks vs miscanthus_sinensis_15wks,TRUE
60,2.3513048163073478,17.80322065928478,3.1746441602584605,0.004552663626115558,0.0668383804819574,-2.1594434445431805,miscanthus_sacchariflorus_15wks vs miscanthus_sinensis_15wks,TRUE
29,-4.310311041132039,21.312257795077763,-3.1662437182199046,0.0046421754756515105,0.06717891081192828,-2.1774199262608214,miscanthus_sacchariflorus_15wks vs miscanthus_sinensis_15wks,TRUE
448,2.9617480974737234,18.080718281150272,3.1544808852076183,0.004770388897971668,0.06806202751613098,-2.2025657474470144,miscanthus_sacchariflorus_15wks vs miscanthus_sinensis_15wks,TRUE
3644,1.9914686014320857,17.702433770096395,3.1266555534706546,0.005087490446805488,0.07157816420297165,-2.2619260418179934,miscanthus_sacchariflorus_15wks vs miscanthus_sinensis_15wks,TRUE
4227,-2.328977838011525,20.03104929184894,-3.1114200479957383,0.005269666479188719,0.07312564580024894,-2.294353542483919,miscanthus_sacchariflorus_15wks vs miscanthus_sinensis_15wks,TRUE
3275,-2.6168682412038464,23.884666537002364,-3.0804581070039787,0.0056595297873211926,0.07604129618749723,-2.3600861840617906,miscanthus_sacchariflorus_15wks vs miscanthus_sinensis_15wks,TRUE
3525,1.4101210968388642,17.26286660374427,3.0755709191999725,0.005723561331845702,0.07604129618749723,-2.370440888074602,miscanthus_sacchariflorus_15wks vs miscanthus_sinensis_15wks,TRUE
3316,2.3626541994473307,18.409850341536046,3.0734198450215255,0.005751965801226036,0.07604129618749723,-2.37499663796956,miscanthus_sacchariflorus_15wks vs miscanthus_sinensis_15wks,TRUE
3276,2.6558802902466887,17.463456015408255,3.0668205865408247,0.0058399596242211145,0.07604129618749723,-2.3889661727487908,miscanthus_sacchariflorus_15wks vs miscanthus_sinensis_15wks,TRUE
2603,3.4758394534816297,18.43999531620386,3.065694444529258,0.00585510474099189,0.07604129618749723,-2.3913489696141976,miscanthus_sacchariflorus_15wks vs miscanthus_sinensis_15wks,TRUE
918,3.4291404964481487,18.12273190723134,3.056897043371624,0.005974730244872032,0.07661268022854897,-2.4099526490162764,miscanthus_sacchariflorus_15wks vs miscanthus_sinensis_15wks,TRUE
1928,-2.594510610287518,20.67741852077498,-3.0452932530620194,0.006136128487387557,0.07769872697154494,-2.434461742994966,miscanthus_sacchariflorus_15wks vs miscanthus_sinensis_15wks,TRUE
2565,-1.7347515548221644,25.03847764195225,-3.0016955775613714,0.0067809337943986565,0.08480353004599801,-2.5262436573732696,miscanthus_sacchariflorus_15wks vs miscanthus_sinensis_15wks,TRUE
3596,3.7365205158717316,21.96121925220064,2.988839405789727,0.006983214988770865,0.08589671689019086,-2.55321483035761,miscanthus_sacchariflorus_15wks vs miscanthus_sinensis_15wks,TRUE
2221,3.131309293910874,19.000514915562686,2.9854232344589198,0.007037934355267365,0.08589671689019086,-2.5603743523548466,miscanthus_sacchariflorus_15wks vs miscanthus_sinensis_15wks,TRUE
3236,3.709014480075677,21.045245332904916,2.971678091125137,0.00726229702955132,0.08750568111829678,-2.5891496899914066,miscanthus_sacchariflorus_15wks vs miscanthus_sinensis_15wks,TRUE
4175,-3.3650079292988018,20.14304965846809,-2.964471470343422,0.007382662557213677,0.08750568111829678,-2.6042164435089377,miscanthus_sacchariflorus_15wks vs miscanthus_sinensis_15wks,TRUE
1557,1.8534964211922755,26.4049977151074,2.961732333385809,0.007428912710931414,0.08750568111829678,-2.6099394270920313,miscanthus_sacchariflorus_15wks vs miscanthus_sinensis_15wks,TRUE
5013,-3.3191979520344574,19.411096221299474,-2.9532091753537477,0.007574612987461835,0.08819635581952688,-2.6277341375163537,miscanthus_sacchariflorus_15wks vs miscanthus_sinensis_15wks,TRUE
934,-2.401485115875669,18.329191450116504,-2.9480932722246247,0.007663381302721284,0.08821596885973479,-2.638405619988697,miscanthus_sacchariflorus_15wks vs miscanthus_sinensis_15wks,TRUE
4307,1.8530589457373416,17.321136067815047,2.9115761486595084,0.00832663177898102,0.09477391002368284,-2.714367053534846,miscanthus_sacchariflorus_15wks vs miscanthus_sinensis_15wks,TRUE
2935,3.2108252675798603,19.32507192234221,2.905890324298856,0.008434730428341258,0.09493757693232995,-2.726160627331987,miscanthus_sacchariflorus_15wks vs miscanthus_sinensis_15wks,TRUE
3834,-2.8983239392699076,21.87317689949433,-2.8859427281508347,0.008824702858579439,0.09823542852462605,-2.7674624987597145,miscanthus_sacchariflorus_15wks vs miscanthus_sinensis_15wks,TRUE
2504,-2.544317629273248,19.90011515344804,-2.873720621146148,0.009072106889951677,0.0998917856469679,-2.7927113566735575,miscanthus_sacchariflorus_15wks vs miscanthus_sinensis_15wks,TRUE
36,2.0522269659992496,26.32256601013736,2.8644161158005756,0.009264884973165037,0.10036646971743196,-2.8119033894519814,miscanthus_sacchariflorus_15wks vs miscanthus_sinensis_15wks,TRUE
526,-2.836344154199139,21.156987069769475,-2.8586417932111936,0.009386484587851327,0.10036646971743196,-2.8238009037226495,miscanthus_sacchariflorus_15wks vs miscanthus_sinensis_15wks,TRUE
309,-2.2619981833073943,22.201717696365332,-2.857417928433723,0.009412452737567656,0.10036646971743196,-2.8263212955142145,miscanthus_sacchariflorus_15wks vs miscanthus_sinensis_15wks,TRUE
112,2.3381870974843437,17.074770786225837,2.832239030894627,0.009962181100050928,0.10369431880397663,-2.878073618781391,miscanthus_sacchariflorus_15wks vs miscanthus_sinensis_15wks,TRUE
165,-2.923452972656939,18.851493395770067,-2.830067580667616,0.010010999506290058,0.10369431880397663,-2.8825277391029003,miscanthus_sacchariflorus_15wks vs miscanthus_sinensis_15wks,TRUE
2187,-4.883909927471496,20.44740474463546,-2.8291528789082645,0.010031632026445914,0.10369431880397663,-2.884403559226132,miscanthus_sacchariflorus_15wks vs miscanthus_sinensis_15wks,TRUE
1923,-1.8364544384899801,24.12252215126383,-2.8164481548460176,0.010322434504634936,0.10537005854971558,-2.9104310009571868,miscanthus_sacchariflorus_15wks vs miscanthus_sinensis_15wks,TRUE
2507,1.5299027912453482,19.08015241851393,2.813040818139976,0.010401782680129869,0.10537005854971558,-2.9174028991065226,miscanthus_sacchariflorus_15wks vs miscanthus_sinensis_15wks,TRUE
3817,-3.984247011384909,20.284315438248278,-2.798892355611776,0.010737525837806138,0.10721225910681391,-2.9463137867767246,miscanthus_sacchariflorus_15wks vs miscanthus_sinensis_15wks,TRUE
5341,2.4387133865970583,19.14478220629348,2.796499827882086,0.010795311380942762,0.10721225910681391,-2.95119643102617,miscanthus_sacchariflorus_15wks vs miscanthus_sinensis_15wks,TRUE
2967,-1.8268141254091503,21.4534235614946,-2.7626796979149755,0.011644489951144844,0.11244917982886381,-3.0200203700751342,miscanthus_sacchariflorus_15wks vs miscanthus_sinensis_15wks,TRUE
4580,2.7253629446326997,26.00920330995932,2.7571466936796827,0.011789324904742155,0.11244917982886381,-3.0312447860161003,miscanthus_sacchariflorus_15wks vs miscanthus_sinensis_15wks,TRUE
4174,-2.218744857562644,23.444154209539516,-2.7541740579432767,0.011867843464679423,0.11244917982886381,-3.0372710193590033,miscanthus_sacchariflorus_15wks vs miscanthus_sinensis_15wks,TRUE
5690,-1.2235064751220825,18.721998816824527,-2.7538747791138274,0.011875776019855011,0.11244917982886381,-3.0378775672141076,miscanthus_sacchariflorus_15wks vs miscanthus_sinensis_15wks,TRUE
5142,-2.3436573685058733,19.40570535500533,-2.7538040015423983,0.011877652755862219,0.11244917982886381,-3.038021007681113,miscanthus_sacchariflorus_15wks vs miscanthus_sinensis_15wks,TRUE
5557,-1.3013685065639855,18.6037668494001,-2.7378328211879275,0.012308423865883279,0.11461553638316695,-3.070346463331908,miscanthus_sacchariflorus_15wks vs miscanthus_sinensis_15wks,TRUE
507,-1.8208535173292155,21.29234533985461,-2.7369461816252243,0.012332767488415792,0.11461553638316695,-3.0721385281285167,miscanthus_sacchariflorus_15wks vs miscanthus_sinensis_15wks,TRUE
1455,2.5984793400856177,18.000289016075126,2.7231282819185,0.012718106406059922,0.11712219808489728,-3.1000330572023773,miscanthus_sacchariflorus_15wks vs miscanthus_sinensis_15wks,TRUE
4092,-1.4967443106568723,22.279430761636906,-2.6964808206141755,0.01349367700871088,0.12142095795780994,-3.1536441504113,miscanthus_sacchariflorus_15wks vs miscanthus_sinensis_15wks,TRUE
842,-3.03096015617842,19.824735007846282,-2.694958150943573,0.013539320347298003,0.12142095795780994,-3.1567001980836205,miscanthus_sacchariflorus_15wks vs miscanthus_sinensis_15wks,TRUE
402,-3.1365438959229657,19.768701444290233,-2.6947860008517295,0.013544489880782351,0.12142095795780994,-3.1570456584798294,miscanthus_sacchariflorus_15wks vs miscanthus_sinensis_15wks,TRUE
4918,-1.2806759651226187,17.71492097158958,-2.6844095686693,0.013859558897119968,0.12315555405949585,-3.1778494640674184,miscanthus_sacchariflorus_15wks vs miscanthus_sinensis_15wks,TRUE
106,-2.306417035450302,19.033896723844926,-2.660014551392857,0.014627808496553901,0.12817014478340963,-3.2266106404562427,miscanthus_sacchariflorus_15wks vs miscanthus_sinensis_15wks,TRUE
5076,2.704752936822768,20.199442303980728,2.651507132218872,0.014905059693750588,0.12817014478340963,-3.243565778300681,miscanthus_sacchariflorus_15wks vs miscanthus_sinensis_15wks,TRUE
6267,1.2729118820616385,17.065906380672956,2.648818914152989,0.014993693437150858,0.12817014478340963,-3.248917960443954,miscanthus_sacchariflorus_15wks vs miscanthus_sinensis_15wks,TRUE
2851,-2.00343249483819,20.241474202079004,-2.6473801740872536,0.015041334538824093,0.12817014478340963,-3.2517813928115262,miscanthus_sacchariflorus_15wks vs miscanthus_sinensis_15wks,TRUE
3203,-4.349348402676416,21.82992417071894,-2.6456793230432822,0.015097839201533682,0.12817014478340963,-3.2551655267848703,miscanthus_sacchariflorus_15wks vs miscanthus_sinensis_15wks,TRUE
3829,-2.4220721425892258,22.44202327684441,-2.643126073622079,0.01518303788154902,0.12817014478340963,-3.260243695069298,miscanthus_sacchariflorus_15wks vs miscanthus_sinensis_15wks,TRUE
784,1.9606541554735735,17.64932941201709,2.6378268265309917,0.015361316746575088,0.12845371604151218,-3.2707758685175126,miscanthus_sacchariflorus_15wks vs miscanthus_sinensis_15wks,TRUE
4597,2.1694821418887535,17.77453448273848,2.6346176067151603,0.015470240234022197,0.12845371604151218,-3.2771491943073183,miscanthus_sacchariflorus_15wks vs miscanthus_sinensis_15wks,TRUE
4204,-2.5346753819105565,18.487079805136595,-2.6287590860623826,0.015670963724581318,0.12906248986179575,-3.2887742108268303,miscanthus_sacchariflorus_15wks vs miscanthus_sinensis_15wks,TRUE
3790,-0.999066966543154,29.036331611402552,-2.6106568075589043,0.016306799712067183,0.13321603313164562,-3.324614896297707,miscanthus_sacchariflorus_15wks vs miscanthus_sinensis_15wks,FALSE
2940,1.251712488303692,17.60843271324937,2.6064474704519682,0.01645809321341408,0.13336039298543517,-3.3329316087905347,miscanthus_sacchariflorus_15wks vs miscanthus_sinensis_15wks,TRUE
1638,1.5405586015040988,25.689844616763644,2.602868486351733,0.016587768525335472,0.13336039298543517,-3.3399976986815454,miscanthus_sacchariflorus_15wks vs miscanthus_sinensis_15wks,TRUE
474,2.3844858372413142,17.985022060044006,2.5639839241468088,0.018059966394719355,0.14405311777835203,-3.4164575695890242,miscanthus_sacchariflorus_15wks vs miscanthus_sinensis_15wks,TRUE
4259,-3.344990159215474,19.735486846602505,-2.548369567041435,0.018684961670867504,0.14787395447334986,-3.446997770001133,miscanthus_sacchariflorus_15wks vs miscanthus_sinensis_15wks,TRUE
2549,-1.671839811803899,18.76295664560452,-2.544726702155747,0.01883366371058764,0.14789535921569985,-3.4541092435720784,miscanthus_sacchariflorus_15wks vs miscanthus_sinensis_15wks,TRUE
2570,-3.682069317514621,21.56379954535173,-2.5372983138218554,0.01914033389565752,0.14914737104846976,-3.4685946002053565,miscanthus_sacchariflorus_15wks vs miscanthus_sinensis_15wks,TRUE
5099,-1.993492487614681,18.059335167757382,-2.5166326990893597,0.020018262921712167,0.15436405027871888,-3.5087780702847637,miscanthus_sacchariflorus_15wks vs miscanthus_sinensis_15wks,TRUE
655,-2.4673197546763532,19.385954273111444,-2.5134678394705654,0.020155994916920956,0.15436405027871888,-3.514917023473341,miscanthus_sacchariflorus_15wks vs miscanthus_sinensis_15wks,TRUE
1272,1.046980391946967,17.56399497419109,2.5061671921791286,0.020477099268059674,0.15436405027871888,-3.5290629537807328,miscanthus_sacchariflorus_15wks vs miscanthus_sinensis_15wks,TRUE
3949,0.9605584085418322,17.421750514274297,2.504118263413745,0.02056807278050553,0.15436405027871888,-3.5330291627909887,miscanthus_sacchariflorus_15wks vs miscanthus_sinensis_15wks,FALSE
262,2.681733136998073,19.262480379797534,2.5040364200895913,0.020571714499138253,0.15436405027871888,-3.5331875556763377,miscanthus_sacchariflorus_15wks vs miscanthus_sinensis_15wks,TRUE
2478,2.296156713830733,17.859725047950693,2.4942978114662577,0.021009371803539893,0.156488923801367,-3.552015536375941,miscanthus_sacchariflorus_15wks vs miscanthus_sinensis_15wks,TRUE
966,-2.497509084406939,18.785637675146234,-2.4841823372633716,0.02147315952082454,0.15877598974157123,-3.5715313329059897,miscanthus_sacchariflorus_15wks vs miscanthus_sinensis_15wks,TRUE
2986,-1.4013255493911032,22.85353060836145,-2.4562337254758435,0.022804700929994967,0.1673997249426442,-3.6252339322657177,miscanthus_sacchariflorus_15wks vs miscanthus_sinensis_15wks,TRUE
2694,-1.495487419766679,25.076062597839883,-2.4493198896763286,0.023145755692452447,0.16868093896729733,-3.6384685968856068,miscanthus_sacchariflorus_15wks vs miscanthus_sinensis_15wks,TRUE
4381,-2.738171269189216,18.968468588895387,-2.43505560907718,0.023864449505472472,0.1726763382074544,-3.6657101262280807,miscanthus_sacchariflorus_15wks vs miscanthus_sinensis_15wks,TRUE
1730,-2.416320973177939,18.60531808143248,-2.4284011313143403,0.024206777748993887,0.17302619754168436,-3.6783891701379328,miscanthus_sacchariflorus_15wks vs miscanthus_sinensis_15wks,TRUE
1863,-2.0590920395364307,20.7490232543759,-2.427482099977226,0.024254412686001165,0.17302619754168436,-3.6801387548450353,miscanthus_sacchariflorus_15wks vs miscanthus_sinensis_15wks,TRUE
161,2.5184260148477904,19.109019855715545,2.4191905066842314,0.02468813287781058,0.1748762439004412,-3.6959073532072186,miscanthus_sacchariflorus_15wks vs miscanthus_sinensis_15wks,TRUE
749,2.92627480513476,20.490300816293338,2.4141085698610105,0.024957508312696868,0.1748762439004412,-3.705557379898236,miscanthus_sacchariflorus_15wks vs miscanthus_sinensis_15wks,TRUE
148,-3.4124483284401848,19.590047522545486,-2.4058684957101133,0.025400087620201503,0.1748762439004412,-3.7211806744903853,miscanthus_sacchariflorus_15wks vs miscanthus_sinensis_15wks,TRUE
87,-1.6979301352346567,18.19802709939283,-2.4043485607266235,0.02548251512160343,0.1748762439004412,-3.72405928071472,miscanthus_sacchariflorus_15wks vs miscanthus_sinensis_15wks,TRUE
1843,-2.414583204783405,18.680460506872244,-2.403721943806756,0.025516569288998467,0.1748762439004412,-3.7252457391357656,miscanthus_sacchariflorus_15wks vs miscanthus_sinensis_15wks,TRUE
2308,-3.57216288014358,19.66273230585983,-2.403116000000946,0.02554954007627374,0.1748762439004412,-3.726392892157129,miscanthus_sacchariflorus_15wks vs miscanthus_sinensis_15wks,TRUE
460,2.547358416116701,18.136809540321973,2.381595215849137,0.026746456259740103,0.1818179321407659,-3.7670313534055744,miscanthus_sacchariflorus_15wks vs miscanthus_sinensis_15wks,TRUE
2895,2.055322039486178,24.896036119650027,2.378502023624936,0.026922694788859707,0.1818179321407659,-3.7728556116255567,miscanthus_sacchariflorus_15wks vs miscanthus_sinensis_15wks,TRUE
172,-1.0132082843918866,25.787916622142923,-2.368090003421838,0.02752385716805874,0.18368061509410483,-3.7924295443659197,miscanthus_sacchariflorus_15wks vs miscanthus_sinensis_15wks,TRUE
5827,-3.5271449236749177,21.211471318284257,-2.3656295113444656,0.027667720739097006,0.18368061509410483,-3.7970480690003945,miscanthus_sacchariflorus_15wks vs miscanthus_sinensis_15wks,TRUE
92,-4.095703158530274,21.831254506038277,-2.3643555407175203,0.02774248184540774,0.18368061509410483,-3.7994383440605994,miscanthus_sacchariflorus_15wks vs miscanthus_sinensis_15wks,TRUE
5790,2.405239036768407,19.542554151836526,2.3493819480169167,0.028635283377595692,0.18801623810764004,-3.8274778799797944,miscanthus_sacchariflorus_15wks vs miscanthus_sinensis_15wks,TRUE
1246,1.9095051492238966,17.541285603693936,2.3471843342168808,0.02876852606780277,0.18801623810764004,-3.8315846358284418,miscanthus_sacchariflorus_15wks vs miscanthus_sinensis_15wks,TRUE
3319,1.8547989607926745,21.7950660234561,2.342486120621061,0.029055302568745996,0.1886568461492423,-3.8403570179843345,miscanthus_sacchariflorus_15wks vs miscanthus_sinensis_15wks,TRUE
93,-1.3645945421086942,19.047874050352892,-2.3394987729450825,0.029239017616417614,0.1886568461492423,-3.845929709409966,miscanthus_sacchariflorus_15wks vs miscanthus_sinensis_15wks,TRUE
2347,-2.3241605870612396,19.07868388370164,-2.3267644572665978,0.030034224228912738,0.192561197113219,-3.869639082335805,miscanthus_sacchariflorus_15wks vs miscanthus_sinensis_15wks,TRUE
1492,-2.239661754458762,19.191350217193197,-2.316709289494259,0.030676152304276047,0.19481611954761976,-3.8883077608549352,miscanthus_sacchariflorus_15wks vs miscanthus_sinensis_15wks,TRUE
2417,-2.0595091753068786,20.242712000253174,-2.3152468253303486,0.030770561823908357,0.19481611954761976,-3.8910191260917752,miscanthus_sacchariflorus_15wks vs miscanthus_sinensis_15wks,TRUE
367,2.522542436804514,18.614116492914896,2.311238656003193,0.031030681684916316,0.1952427363156536,-3.898445080802533,miscanthus_sacchariflorus_15wks vs miscanthus_sinensis_15wks,TRUE
4316,-2.3984221817815303,19.639983913736938,-2.30635181168461,0.031350561100575505,0.19603776786964805,-3.9074888812342925,miscanthus_sacchariflorus_15wks vs miscanthus_sinensis_15wks,TRUE
464,2.5826481772459857,17.83038926511015,2.2994376734892046,0.03180832237176223,0.1976799421018107,-3.920265488227519,miscanthus_sacchariflorus_15wks vs miscanthus_sinensis_15wks,TRUE
375,-1.3382743280119982,24.54035636109226,-2.289071155081425,0.032506169334817765,0.20078505814738046,-3.9393798313035617,miscanthus_sacchariflorus_15wks vs miscanthus_sinensis_15wks,TRUE
5155,-1.0451831790559396,22.808146232819862,-2.2756941766093375,0.033427439212112844,0.20522421770830493,-3.9639702078150756,miscanthus_sacchariflorus_15wks vs miscanthus_sinensis_15wks,TRUE
3468,-2.780945906187739,18.82590405074944,-2.272196490954615,0.03367224149384297,0.2054818110437526,-3.970385877847722,miscanthus_sacchariflorus_15wks vs miscanthus_sinensis_15wks,TRUE
364,1.2482718012558252,25.077802082598993,2.251911205019288,0.03512468426064177,0.2130617075211384,-4.0074790914748935,miscanthus_sacchariflorus_15wks vs miscanthus_sinensis_15wks,TRUE
538,1.6297767518704376,17.512713647132248,2.233335321710726,0.036504775013220046,0.2201151017166185,-4.041272356242544,miscanthus_sacchariflorus_15wks vs miscanthus_sinensis_15wks,TRUE
4564,2.18849080808889,19.404032414726764,2.229959684422228,0.03676082262753056,0.22034741610466543,-4.047395271512466,miscanthus_sacchariflorus_15wks vs miscanthus_sinensis_15wks,TRUE
2385,-2.4369786032384297,20.01597917145859,-2.225165059820882,0.037127321317861776,0.22123515585290576,-4.056082426186535,miscanthus_sacchariflorus_15wks vs miscanthus_sinensis_15wks,TRUE
889,2.399920701110535,25.669653727425,2.221932554309951,0.03737629084529267,0.2214162726683127,-4.061932877746424,miscanthus_sacchariflorus_15wks vs miscanthus_sinensis_15wks,TRUE
4500,0.9909233504874813,17.376567634202516,2.2153064945223493,0.0378914002096649,0.22316272332785203,-4.073909164155941,miscanthus_sacchariflorus_15wks vs miscanthus_sinensis_15wks,FALSE
3646,-3.096264186798191,22.434369355067165,-2.209037373426048,0.03838471075084191,0.22476134098614367,-4.085220310885584,miscanthus_sacchariflorus_15wks vs miscanthus_sinensis_15wks,TRUE
3111,-2.5921367026650586,19.946205402275883,-2.18158646791636,0.040614397722727645,0.2364504878915121,-4.134518068134312,miscanthus_sacchariflorus_15wks vs miscanthus_sinensis_15wks,TRUE
1657,-0.8999378808814669,23.878908197791702,-2.1754206498787814,0.041131131483207115,0.23692559615647046,-4.145538808321932,miscanthus_sacchariflorus_15wks vs miscanthus_sinensis_15wks,FALSE
50,-2.9708693821541132,20.057334980437442,-2.1740419631263843,0.041247487563456885,0.23692559615647046,-4.148000426387355,miscanthus_sacchariflorus_15wks vs miscanthus_sinensis_15wks,TRUE
1535,-2.4614065767775166,21.12168590459549,-2.172267789721281,0.041397660927636,0.23692559615647046,-4.151166757114625,miscanthus_sacchariflorus_15wks vs miscanthus_sinensis_15wks,TRUE
4151,-1.923084190639841,21.989235048737932,-2.16708563748432,0.04183914550581815,0.23796785572548357,-4.160406063645937,miscanthus_sacchariflorus_15wks vs miscanthus_sinensis_15wks,TRUE
2910,-2.9069051721888,20.931275799623126,-2.1622510120730336,0.042254869742040055,0.23796785572548357,-4.16901340638643,miscanthus_sacchariflorus_15wks vs miscanthus_sinensis_15wks,TRUE
2908,-2.0983108758479005,21.35827450273669,-2.161907901425321,0.042284515331280394,0.23796785572548357,-4.169623810421177,miscanthus_sacchariflorus_15wks vs miscanthus_sinensis_15wks,TRUE
3730,-1.2511059774688569,25.297747587051447,-2.1408209893826395,0.04414305948345434,0.24705480252342124,-4.2070218625476805,miscanthus_sacchariflorus_15wks vs miscanthus_sinensis_15wks,TRUE
4051,2.318483275072964,18.20173525063261,2.1371758701231713,0.04447172413162654,0.2475266843150422,-4.21346325008819,miscanthus_sacchariflorus_15wks vs miscanthus_sinensis_15wks,TRUE
1035,-2.4196211942955195,19.453078453311864,-2.133083595283307,0.044843342398778026,0.24823117950798984,-4.220686583748154,miscanthus_sacchariflorus_15wks vs miscanthus_sinensis_15wks,TRUE
397,2.2824197383665457,18.050693026612503,2.127095905710926,0.045392141904532786,0.2499034768983245,-4.2312398000413936,miscanthus_sacchariflorus_15wks vs miscanthus_sinensis_15wks,TRUE
2697,-2.5890964203048448,25.21106788860962,-2.119118328951968,0.04613274896592714,0.2501380509716051,-4.245270997144237,miscanthus_sacchariflorus_15wks vs miscanthus_sinensis_15wks,TRUE
54,1.794725020821918,22.01180094834899,2.1164034952634894,0.04638726022882439,0.2501380509716051,-4.250038300676963,miscanthus_sacchariflorus_15wks vs miscanthus_sinensis_15wks,TRUE
4672,1.4557656302633397,17.242213418907273,2.1160435486873754,0.04642109959836874,0.2501380509716051,-4.25067008280832,miscanthus_sacchariflorus_15wks vs miscanthus_sinensis_15wks,TRUE
4216,-2.614538700270124,19.249530930843765,-2.116029066335836,0.04642246158209453,0.2501380509716051,-4.250695500959928,miscanthus_sacchariflorus_15wks vs miscanthus_sinensis_15wks,TRUE
529,-1.961543936995632,19.1265898088299,-2.112091996896574,0.04679406069394554,0.25080626181463933,-4.257601396671191,miscanthus_sacchariflorus_15wks vs miscanthus_sinensis_15wks,TRUE
2233,-2.231632972325862,20.51461375525435,-2.1006611129542683,0.0478882087981087,0.25531976585517957,-4.2776054928491085,miscanthus_sacchariflorus_15wks vs miscanthus_sinensis_15wks,TRUE
2155,-1.830735362102697,19.7426183177835,-2.090997992767559,0.04883106595125453,0.25854775717518497,-4.294461788677177,miscanthus_sacchariflorus_15wks vs miscanthus_sinensis_15wks,TRUE
279,3.190636979781779,20.45640249551167,2.0891502242912035,0.04901324899766867,0.25854775717518497,-4.2976793432494524,miscanthus_sacchariflorus_15wks vs miscanthus_sinensis_15wks,TRUE
3350,-1.8212200837213999,19.303552144021772,-2.0866640058348978,0.049259345641471566,0.25854775717518497,-4.302005755661005,miscanthus_sacchariflorus_15wks vs miscanthus_sinensis_15wks,TRUE
325,-0.8495711644332076,26.33504481607876,-2.0800417881021604,0.049920271893529204,0.2606661620007479,-4.313513260431095,miscanthus_sacchariflorus_15wks vs miscanthus_sinensis_15wks,FALSE
2125,-1.24309856636674,20.6489568402861,-2.0744831877528913,0.05048118504160941,0.2608585679181092,-4.32315426666691,miscanthus_sacchariflorus_15wks vs miscanthus_sinensis_15wks,FALSE
185,2.0583256415675706,18.724486035461997,2.07220325393542,0.050712883469997146,0.2608585679181092,-4.327103825418708,miscanthus_sacchariflorus_15wks vs miscanthus_sinensis_15wks,FALSE
3032,-3.284252642723274,19.52365132632471,-2.0720386093425103,0.050729652398684606,0.2608585679181092,-4.327388932457777,miscanthus_sacchariflorus_15wks vs miscanthus_sinensis_15wks,FALSE
1619,1.3632091065117002,17.732298715295812,2.06600690262355,0.05134741912274727,0.2627016948047625,-4.337823614899822,miscanthus_sacchariflorus_15wks vs miscanthus_sinensis_15wks,FALSE
2129,-1.2162740443913407,20.461237703951017,-2.055361459757116,0.052454210301338275,0.26701565344349587,-4.356191642763118,miscanthus_sacchariflorus_15wks vs miscanthus_sinensis_15wks,FALSE
3229,-1.12436244999747,17.7869645529615,-2.0414099072869134,0.053937082653431695,0.27319132363963156,-4.380170234469386,miscanthus_sacchariflorus_15wks vs miscanthus_sinensis_15wks,FALSE
4959,1.5720374788370144,17.57101477026088,2.0310476281726975,0.05506262003449382,0.2775046472385186,-4.397910490807819,miscanthus_sacchariflorus_15wks vs miscanthus_sinensis_15wks,FALSE
5889,-1.4522306770195286,19.886617202783164,-2.0239854455844175,0.055841685521439165,0.2800377595703855,-4.409966844520904,miscanthus_sacchariflorus_15wks vs miscanthus_sinensis_15wks,FALSE
1586,-1.2636033781679714,23.02777504426234,-2.019428318210282,0.05634961558668803,0.2808325798776808,-4.41773189168637,miscanthus_sacchariflorus_15wks vs miscanthus_sinensis_15wks,FALSE
3816,-1.475848224587768,18.191160921806137,-2.0166381332571586,0.05666263621301113,0.2808325798776808,-4.422480458043734,miscanthus_sacchariflorus_15wks vs miscanthus_sinensis_15wks,FALSE
4440,1.7832658355048956,20.869335084919047,2.0127457823421295,0.057101895774036245,0.2808325798776808,-4.429097499352048,miscanthus_sacchariflorus_15wks vs miscanthus_sinensis_15wks,FALSE
589,-0.9674423025622367,25.68411628800379,-2.010604468231965,0.05734483975669307,0.2808325798776808,-4.432734134693745,miscanthus_sacchariflorus_15wks vs miscanthus_sinensis_15wks,FALSE
891,-1.470021354733074,17.307803305713,-2.0102396526272575,0.057386321850621834,0.2808325798776808,-4.433353451399408,miscanthus_sacchariflorus_15wks vs miscanthus_sinensis_15wks,FALSE
1255,1.9856111280593005,19.66761719429962,2.0045149799914603,0.058040768861332366,0.2826697060410081,-4.4430619413285495,miscanthus_sacchariflorus_15wks vs miscanthus_sinensis_15wks,FALSE
2256,-2.385378736849013,19.4900610328816,-1.991802943290008,0.05951783473219406,0.28847639513738077,-4.464554165169037,miscanthus_sacchariflorus_15wks vs miscanthus_sinensis_15wks,FALSE
1649,-1.6064562811894376,18.48010158514009,-1.9842055389953603,0.06041648629320093,0.29040410401681316,-4.477355308839576,miscanthus_sacchariflorus_15wks vs miscanthus_sinensis_15wks,FALSE
2409,-2.167494498529905,19.01389552361088,-1.9835976335461316,0.06048891011603906,0.29040410401681316,-4.478378169933693,miscanthus_sacchariflorus_15wks vs miscanthus_sinensis_15wks,FALSE
1227,1.7808032538262495,17.972907659568836,1.979891881460855,0.06093207139945766,0.29115183173420095,-4.48460890029077,miscanthus_sacchariflorus_15wks vs miscanthus_sinensis_15wks,FALSE
1429,2.2804412780991683,21.61857286775123,1.9771111303746125,0.06126650526865662,0.2913754452448317,-4.489279206881442,miscanthus_sacchariflorus_15wks vs miscanthus_sinensis_15wks,FALSE
107,-2.1881578384546962,18.599909773260276,-1.9697026983050347,0.06216546409825572,0.29335412556728846,-4.501700120878629,miscanthus_sacchariflorus_15wks vs miscanthus_sinensis_15wks,FALSE
2465,-2.0126768383683,19.365002609234597,-1.9684331832259692,0.062320679174558094,0.29335412556728846,-4.5038254136157,miscanthus_sacchariflorus_15wks vs miscanthus_sinensis_15wks,FALSE
14,1.0470718628660833,26.602560076946762,1.9652453465932789,0.06271195028893599,0.29335412556728846,-4.509158072726827,miscanthus_sacchariflorus_15wks vs miscanthus_sinensis_15wks,FALSE
3004,-1.3570249172451625,18.756869047787514,-1.9617458181871112,0.06314398372033714,0.29335412556728846,-4.515005384505264,miscanthus_sacchariflorus_15wks vs miscanthus_sinensis_15wks,FALSE
476,-2.2701427655482114,18.717420737825936,-1.9585236483907509,0.06354410547035155,0.29335412556728846,-4.520383003129645,miscanthus_sacchariflorus_15wks vs miscanthus_sinensis_15wks,FALSE
4531,-1.349210825689255,20.972512066270333,-1.9578004935897104,0.06363421312603859,0.29335412556728846,-4.521589081846632,miscanthus_sacchariflorus_15wks vs miscanthus_sinensis_15wks,FALSE
109,-2.7294405491534306,21.155019772737475,-1.9567833587852865,0.06376114321703197,0.29335412556728846,-4.523284948154833,miscanthus_sacchariflorus_15wks vs miscanthus_sinensis_15wks,FALSE
1122,-2.0821891831580466,23.012297888095873,-1.9548799833068309,0.06399927122445287,0.29335412556728846,-4.5264568300513615,miscanthus_sacchariflorus_15wks vs miscanthus_sinensis_15wks,FALSE
4722,-2.1491718473789483,18.811356506893716,-1.9505037024736835,0.06454976797342811,0.2937363253596612,-4.533741710653727,miscanthus_sacchariflorus_15wks vs miscanthus_sinensis_15wks,FALSE
3008,1.8573382677446055,20.001664375457818,1.9484504077713403,0.06480949479274929,0.2937363253596612,-4.537155844927551,miscanthus_sacchariflorus_15wks vs miscanthus_sinensis_15wks,FALSE
3930,-1.313091646931845,17.973375589472923,-1.9470412420820198,0.06498827840529997,0.2937363253596612,-4.539497527283754,miscanthus_sacchariflorus_15wks vs miscanthus_sinensis_15wks,FALSE
2891,-2.861282770294782,19.18017251868044,-1.9450432078566209,0.06524252044020115,0.2937363253596612,-4.542815778312649,miscanthus_sacchariflorus_15wks vs miscanthus_sinensis_15wks,FALSE
3089,1.706079742102908,17.944967835503846,1.9365795122633525,0.06632926806597883,0.29730773695060425,-4.5568460621189075,miscanthus_sacchariflorus_15wks vs miscanthus_sinensis_15wks,FALSE
5706,-1.5263986487044114,18.73879158029722,-1.9296287860740287,0.0672336714652921,0.3000339612085502,-4.568336893175441,miscanthus_sacchariflorus_15wks vs miscanthus_sinensis_15wks,FALSE
18,-0.9449896133422442,22.024366822985066,-1.927084825018212,0.06756739231115236,0.30020073864560237,-4.572535426540394,miscanthus_sacchariflorus_15wks vs miscanthus_sinensis_15wks,FALSE
3747,-2.0599035428638963,19.258841176742692,-1.912721447426207,0.06947914236046097,0.3065460854855493,-4.596168898013432,miscanthus_sacchariflorus_15wks vs miscanthus_sinensis_15wks,FALSE
3401,-2.2490151164806527,21.33332750231604,-1.9083124344074864,0.07007545347177284,0.3065460854855493,-4.603398932534293,miscanthus_sacchariflorus_15wks vs miscanthus_sinensis_15wks,FALSE
85,1.2926983508839065,17.86696136437261,1.9081720485432665,0.07009451415057631,0.3065460854855493,-4.603628951494073,miscanthus_sacchariflorus_15wks vs miscanthus_sinensis_15wks,FALSE
2298,-2.084812058717322,19.25581626539289,-1.907351503633158,0.07020601365513074,0.3065460854855493,-4.604973160265704,miscanthus_sacchariflorus_15wks vs miscanthus_sinensis_15wks,FALSE
43,-2.2083986608008743,19.52410973900711,-1.901462571498195,0.07101081642320084,0.3081163839093039,-4.614608566226728,miscanthus_sacchariflorus_15wks vs miscanthus_sinensis_15wks,FALSE
4608,1.937616412402619,20.032798620397823,1.9002758797744115,0.07117397219622618,0.3081163839093039,-4.616547709875086,miscanthus_sacchariflorus_15wks vs miscanthus_sinensis_15wks,FALSE
20,-0.7937852768554627,21.91259710854411,-1.8961990427522044,0.07173700028342982,0.3092322607962315,-4.6232031450981825,miscanthus_sacchariflorus_15wks vs miscanthus_sinensis_15wks,FALSE
307,-1.1948031192773776,18.067745739325563,-1.886169271487867,0.07313882991709493,0.3133025307441594,-4.639534270865445,miscanthus_sacchariflorus_15wks vs miscanthus_sinensis_15wks,FALSE
3014,-2.267048103864166,21.365167780432767,-1.883179318267454,0.07356134929315725,0.3133025307441594,-4.644390984357083,miscanthus_sacchariflorus_15wks vs miscanthus_sinensis_15wks,FALSE
5579,-1.5102306291206027,18.274744834037048,-1.8828424698968513,0.07360908422222107,0.3133025307441594,-4.644937803799755,miscanthus_sacchariflorus_15wks vs miscanthus_sinensis_15wks,FALSE
254,-0.901179779486931,22.902764731212272,-1.8781328675019693,0.07427933301399167,0.3148324867915212,-4.652575904690851,miscanthus_sacchariflorus_15wks vs miscanthus_sinensis_15wks,FALSE
3724,1.6545696758475614,18.827524223924122,1.8713312541183886,0.07525674110613682,0.3176461614188192,-4.663583137635845,miscanthus_sacchariflorus_15wks vs miscanthus_sinensis_15wks,FALSE
1,-0.8811419040443838,23.21911790972335,-1.8667825010822872,0.07591667236055888,0.3178458997373701,-4.670928817873055,miscanthus_sacchariflorus_15wks vs miscanthus_sinensis_15wks,FALSE
1401,-0.6586802621248111,19.362894967728487,-1.8666800297651966,0.0759315969757587,0.3178458997373701,-4.671094151397924,miscanthus_sacchariflorus_15wks vs miscanthus_sinensis_15wks,FALSE
2117,-0.7470509652111019,22.29757248441197,-1.8614064898731313,0.07670314282530148,0.31975425383551603,-4.679594156710543,miscanthus_sacchariflorus_15wks vs miscanthus_sinensis_15wks,FALSE
2839,-1.1833332104697725,24.285135519660695,-1.8489618396574958,0.07855106886104175,0.3261157080173578,-4.6995852331095245,miscanthus_sacchariflorus_15wks vs miscanthus_sinensis_15wks,FALSE
3002,-1.985247872443452,19.181818700180543,-1.8440922301318095,0.079284670562142,0.3267900351880957,-4.707381861997447,miscanthus_sacchariflorus_15wks vs miscanthus_sinensis_15wks,FALSE
363,2.197353161239942,20.527776253606017,1.8436031056242395,0.07935868574163034,0.3267900351880957,-4.708164180915573,miscanthus_sacchariflorus_15wks vs miscanthus_sinensis_15wks,FALSE
244,-2.3594417685014264,19.12047838320414,-1.8332753222991944,0.08093562309368886,0.33193435706035146,-4.724648181133002,miscanthus_sacchariflorus_15wks vs miscanthus_sinensis_15wks,FALSE
5486,1.358642623361824,17.26113238368203,1.8297596940024377,0.08147860856932726,0.3327417557131194,-4.730244332419357,miscanthus_sacchariflorus_15wks vs miscanthus_sinensis_15wks,FALSE
2388,-3.119350470323898,20.022184502302053,-1.8236080293352668,0.08243635279838224,0.3327417557131194,-4.740018010044405,miscanthus_sacchariflorus_15wks vs miscanthus_sinensis_15wks,FALSE
4286,1.4919661848700834,18.610182069789055,1.8227086526900176,0.08257719224659275,0.3327417557131194,-4.741444950792408,miscanthus_sacchariflorus_15wks vs miscanthus_sinensis_15wks,FALSE
1250,-2.1756823927152844,18.89505528201422,-1.8210085883894267,0.08284398800469674,0.3327417557131194,-4.744140874230781,miscanthus_sacchariflorus_15wks vs miscanthus_sinensis_15wks,FALSE
1385,1.8912382779852948,18.772606540616312,1.8197377969638284,0.0830439055856312,0.3327417557131194,-4.746154887389409,miscanthus_sacchariflorus_15wks vs miscanthus_sinensis_15wks,FALSE
311,-1.9289149420194995,19.157036535920682,-1.8193606304320926,0.0831033210221315,0.3327417557131194,-4.746752445345658,miscanthus_sacchariflorus_15wks vs miscanthus_sinensis_15wks,FALSE
350,-1.3955948784971284,22.344972145829114,-1.8169870948389149,0.0834780744458051,0.33292633627401796,-4.750510878013185,miscanthus_sacchariflorus_15wks vs miscanthus_sinensis_15wks,FALSE
4875,0.9097799053246476,17.863760782367535,1.8101709913631008,0.0845624241405465,0.33522179778127376,-4.76128438179925,miscanthus_sacchariflorus_15wks vs miscanthus_sinensis_15wks,FALSE
5364,-1.9073153467936486,18.889751640140553,-1.8092150202176394,0.08471547900494183,0.33522179778127376,-4.7627930541181644,miscanthus_sacchariflorus_15wks vs miscanthus_sinensis_15wks,FALSE
1661,-2.2735851067025408,21.60556446861005,-1.8020816895141887,0.08586515606004912,0.3372228021171025,-4.77403241278025,miscanthus_sacchariflorus_15wks vs miscanthus_sinensis_15wks,FALSE
306,2.5528125878577868,21.516227783883206,1.7990431219090954,0.08635897165590674,0.3372228021171025,-4.778810271569678,miscanthus_sacchariflorus_15wks vs miscanthus_sinensis_15wks,FALSE
5304,-0.9841276901497551,17.3604338169454,-1.797904102177588,0.08654471314565712,0.3372228021171025,-4.780599768831275,miscanthus_sacchariflorus_15wks vs miscanthus_sinensis_15wks,FALSE
1991,-1.7393887673148107,18.820108051075042,-1.7963446280192013,0.08679957953348814,0.3372228021171025,-4.783048505315986,miscanthus_sacchariflorus_15wks vs miscanthus_sinensis_15wks,FALSE
3129,-0.7544405328664503,17.457508157754766,-1.7958189488968268,0.08688563805781219,0.3372228021171025,-4.78387359680903,miscanthus_sacchariflorus_15wks vs miscanthus_sinensis_15wks,FALSE
6148,-1.125000459256814,25.948356338092093,-1.7866961580995637,0.08839092271906293,0.3383166672190302,-4.798164577227034,miscanthus_sacchariflorus_15wks vs miscanthus_sinensis_15wks,FALSE
1574,-0.6894187159801355,25.917051872627336,-1.7842080200160326,0.08880536399617259,0.3383166672190302,-4.802053103776367,miscanthus_sacchariflorus_15wks vs miscanthus_sinensis_15wks,FALSE
82,0.9387466212465867,24.09726635987554,1.781997663537143,0.08917494298410968,0.3383166672190302,-4.805504199204371,miscanthus_sacchariflorus_15wks vs miscanthus_sinensis_15wks,FALSE
3351,-2.6525742540421575,19.04461170029758,-1.7796758900869207,0.08956458080433596,0.3383166672190302,-4.809125898654429,miscanthus_sacchariflorus_15wks vs miscanthus_sinensis_15wks,FALSE
404,-2.2364999607882545,20.57635802161176,-1.778864416761948,0.08970110764911146,0.3383166672190302,-4.810390892360218,miscanthus_sacchariflorus_15wks vs miscanthus_sinensis_15wks,FALSE
490,-0.9768659515908311,22.559932349461853,-1.7785282163808993,0.08975772450110069,0.3383166672190302,-4.8109148669409105,miscanthus_sacchariflorus_15wks vs miscanthus_sinensis_15wks,FALSE
2147,-0.7030632774717063,26.767014614941367,-1.7777033261326827,0.08989676843888895,0.3383166672190302,-4.812200167909031,miscanthus_sacchariflorus_15wks vs miscanthus_sinensis_15wks,FALSE
150,-0.9440632215432139,22.27040902857495,-1.7774407436094637,0.08994106847262069,0.3383166672190302,-4.812609219077035,miscanthus_sacchariflorus_15wks vs miscanthus_sinensis_15wks,FALSE
410,-1.6434218693365423,21.365617772581537,-1.776066353379396,0.09017324792609886,0.3383166672190302,-4.81474952569851,miscanthus_sacchariflorus_15wks vs miscanthus_sinensis_15wks,FALSE
156,-1.5124709638889335,22.650169202741424,-1.7715647760136937,0.09093733520317657,0.3399244301137191,-4.8217512666612174,miscanthus_sacchariflorus_15wks vs miscanthus_sinensis_15wks,FALSE
179,3.32017534850824,18.925660247852583,1.7662715232456776,0.09184293407361177,0.34110182472720135,-4.829967757211746,miscanthus_sacchariflorus_15wks vs miscanthus_sinensis_15wks,FALSE
4029,1.1189209256739083,19.76008545929866,1.7657896319218869,0.09192576322855475,0.34110182472720135,-4.830714882860738,miscanthus_sacchariflorus_15wks vs miscanthus_sinensis_15wks,FALSE
2265,-2.0819458101271984,18.316487961858435,-1.7591737586439815,0.09306944275071319,0.3440852025783666,-4.840957039529164,miscanthus_sacchariflorus_15wks vs miscanthus_sinensis_15wks,FALSE
1564,-2.3037900688843145,22.634809017767523,-1.7566388418681946,0.09351088452424094,0.34446009462929483,-4.8448739141756985,miscanthus_sacchariflorus_15wks vs miscanthus_sinensis_15wks,FALSE
976,2.4346849123545162,18.614091777204685,1.7442287876827909,0.09569809855054562,0.3512397602597924,-4.863989539866219,miscanthus_sacchariflorus_15wks vs miscanthus_sinensis_15wks,FALSE
1231,-2.0926520556800874,21.397780652465375,-1.7396757457398686,0.09651149094875565,0.35294635498588256,-4.870977673892005,miscanthus_sacchariflorus_15wks vs miscanthus_sinensis_15wks,FALSE
3347,-1.915959017493556,21.79091088405461,-1.7313510746722969,0.09801401291224096,0.3571517808636694,-4.8837196606610345,miscanthus_sacchariflorus_15wks vs miscanthus_sinensis_15wks,FALSE
3836,-1.032232990397155,19.663287686460176,-1.72929283315523,0.09838858013303038,0.3572316547482429,-4.886863081560438,miscanthus_sacchariflorus_15wks vs miscanthus_sinensis_15wks,FALSE
615,1.965743046595012,19.067446122689084,1.7253650457012923,0.09910677642133148,0.3584892894071204,-4.8928540381499825,miscanthus_sacchariflorus_15wks vs miscanthus_sinensis_15wks,FALSE
2424,1.6864926000277478,19.00850355267423,1.7235360580888208,0.09944273477137298,0.3584892894071204,-4.895640293653826,miscanthus_sacchariflorus_15wks vs miscanthus_sinensis_15wks,FALSE
234,-1.273712034894185,27.110830691518082,-1.7167446408915004,0.10069875490831198,0.35986173006689676,-4.90596700391241,miscanthus_sacchariflorus_15wks vs miscanthus_sinensis_15wks,FALSE
4284,1.1024173808942095,17.873314897272433,1.7158714793039265,0.10086121868612327,0.35986173006689676,-4.90729248903605,miscanthus_sacchariflorus_15wks vs miscanthus_sinensis_15wks,FALSE
453,-2.2361483667683686,20.006231234444368,-1.7150730845896471,0.1010099669662395,0.35986173006689676,-4.9085040358238405,miscanthus_sacchariflorus_15wks vs miscanthus_sinensis_15wks,FALSE
2510,-0.8683250806866027,18.059865084240865,-1.712195652326667,0.10154761442853984,0.35986173006689676,-4.9128669874279405,miscanthus_sacchariflorus_15wks vs miscanthus_sinensis_15wks,FALSE
1436,-1.6515364653102758,19.18340367612558,-1.7119178050573038,0.10159965922915347,0.35986173006689676,-4.913287988233597,miscanthus_sacchariflorus_15wks vs miscanthus_sinensis_15wks,FALSE
2632,-1.5884845033165718,18.49304704762237,-1.704687999293231,0.10296193126802253,0.36254080452570975,-4.924224810093595,miscanthus_sacchariflorus_15wks vs miscanthus_sinensis_15wks,FALSE
4651,-1.1188620930538278,18.07878328827214,-1.7041083742971705,0.10307181806851373,0.36254080452570975,-4.925100133337108,miscanthus_sacchariflorus_15wks vs miscanthus_sinensis_15wks,FALSE
2608,-1.6339416621317362,23.228699262573425,-1.7008798763439459,0.10368571588236113,0.3631915141225315,-4.929971584586094,miscanthus_sacchariflorus_15wks vs miscanthus_sinensis_15wks,FALSE
1598,-2.258563242019342,20.25878302986802,-1.6977576644621386,0.10428236384538617,0.3631915141225315,-4.934676075444806,miscanthus_sacchariflorus_15wks vs miscanthus_sinensis_15wks,FALSE
406,1.3178448981173823,21.60728442019595,1.695187542630372,0.10477570016451189,0.3631915141225315,-4.938543820519271,miscanthus_sacchariflorus_15wks vs miscanthus_sinensis_15wks,FALSE
3024,-0.725727485786468,18.571384127233532,-1.6938519587015612,0.10503284970736804,0.3631915141225315,-4.940551987250988,miscanthus_sacchariflorus_15wks vs miscanthus_sinensis_15wks,FALSE
1916,-0.9083836362441211,24.352773944269114,-1.6917973367759678,0.10542948928274813,0.3631915141225315,-4.943638968122291,miscanthus_sacchariflorus_15wks vs miscanthus_sinensis_15wks,FALSE
371,-1.8143504540352957,22.27484634273849,-1.6903959408651914,0.1057007555505569,0.3631915141225315,-4.945742889216569,miscanthus_sacchariflorus_15wks vs miscanthus_sinensis_15wks,FALSE
4542,-2.120847570304999,19.21777435691248,-1.6880476195696772,0.1061566475178257,0.3631915141225315,-4.9492654924666875,miscanthus_sacchariflorus_15wks vs miscanthus_sinensis_15wks,FALSE
4615,2.2112257124221024,19.75852672921735,1.6824779818997124,0.10724459779634747,0.3631915141225315,-4.95760548709338,miscanthus_sacchariflorus_15wks vs miscanthus_sinensis_15wks,FALSE
1637,-0.9508764548110911,17.756970026084502,-1.6802327049899086,0.10768585170267217,0.3631915141225315,-4.960961694127765,miscanthus_sacchariflorus_15wks vs miscanthus_sinensis_15wks,FALSE
4013,-0.8106295709396676,25.541642161895314,-1.6794339075831637,0.10784320694086447,0.3631915141225315,-4.9621549090296995,miscanthus_sacchariflorus_15wks vs miscanthus_sinensis_15wks,FALSE
2472,-1.6676503808082792,19.397925608045686,-1.6753452234546904,0.10865169667768948,0.3631915141225315,-4.968255726789886,miscanthus_sacchariflorus_15wks vs miscanthus_sinensis_15wks,FALSE
2393,2.2978639946163604,18.234102246722433,1.6749154519119482,0.10873697685523909,0.3631915141225315,-4.968896345800367,miscanthus_sacchariflorus_15wks vs miscanthus_sinensis_15wks,FALSE
3463,0.657594730226144,18.175503765914353,1.6743631369213223,0.10884665685456428,0.3631915141225315,-4.969719446023561,miscanthus_sacchariflorus_15wks vs miscanthus_sinensis_15wks,FALSE
3820,-0.9374033000544095,22.849974057039972,-1.6719083904270229,0.10933526185130352,0.3631915141225315,-4.973375204068745,miscanthus_sacchariflorus_15wks vs miscanthus_sinensis_15wks,FALSE
4540,-1.128392885506333,18.17011066158433,-1.6715101095171185,0.10941471271763083,0.3631915141225315,-4.973967965542888,miscanthus_sacchariflorus_15wks vs miscanthus_sinensis_15wks,FALSE
1084,-4.687531810901056,24.33939716745186,-1.6700416665324906,0.10970806726074026,0.3631915141225315,-4.9761525253083,miscanthus_sacchariflorus_15wks vs miscanthus_sinensis_15wks,FALSE
216,1.930655041826821,17.699255257073293,1.6696044927356581,0.10979553121195516,0.3631915141225315,-4.976802615108829,miscanthus_sacchariflorus_15wks vs miscanthus_sinensis_15wks,FALSE
4133,-1.118183637721831,18.565944965520035,-1.6685577815351602,0.11000518344424154,0.3631915141225315,-4.978358580317039,miscanthus_sacchariflorus_15wks vs miscanthus_sinensis_15wks,FALSE
2152,-2.8641764009940545,21.930587212388215,-1.6682400089299878,0.11006889914670993,0.3631915141225315,-4.978830811791035,miscanthus_sacchariflorus_15wks vs miscanthus_sinensis_15wks,FALSE
362,1.4240631550013987,19.61677169490251,1.6630974404739296,0.11110437504754388,0.363674653404682,-4.986463529348776,miscanthus_sacchariflorus_15wks vs miscanthus_sinensis_15wks,FALSE
4153,-1.185884628018787,19.308555912773123,-1.66183011491931,0.11136081849251435,0.363674653404682,-4.988341775888848,miscanthus_sacchariflorus_15wks vs miscanthus_sinensis_15wks,FALSE
5495,-1.221867394897071,18.29835751728168,-1.6599967385574836,0.11173268854290622,0.363674653404682,-4.991057016125324,miscanthus_sacchariflorus_15wks vs miscanthus_sinensis_15wks,FALSE
6251,0.8367390133119272,17.01694067308355,1.6594162080964423,0.11185065827678899,0.363674653404682,-4.991916310068794,miscanthus_sacchariflorus_15wks vs miscanthus_sinensis_15wks,FALSE
2948,-1.366654054543659,20.609763370100445,-1.6586311521337567,0.11201035721842131,0.363674653404682,-4.993077976697899,miscanthus_sacchariflorus_15wks vs miscanthus_sinensis_15wks,FALSE
214,-0.7159312769061756,26.228690302591353,-1.6492158323522996,0.11394072194831807,0.36876022790302304,-5.006977444935556,miscanthus_sacchariflorus_15wks vs miscanthus_sinensis_15wks,FALSE
5922,-1.9282178176121931,18.413211970343234,-1.6368173018511503,0.11652548577696713,0.37592457672633023,-5.025188737852232,miscanthus_sacchariflorus_15wks vs miscanthus_sinensis_15wks,FALSE
2153,-1.118870385788295,18.911319186069644,-1.624627973304343,0.1191146018467756,0.38222361244810976,-5.042990054198384,miscanthus_sacchariflorus_15wks vs miscanthus_sinensis_15wks,FALSE
427,2.1951894979111835,18.32654887181796,1.6240776023596233,0.11923263724936099,0.38222361244810976,-5.04379140479349,miscanthus_sacchariflorus_15wks vs miscanthus_sinensis_15wks,FALSE
509,-2.727367514358413,22.020636168766817,-1.6220838905340138,0.1196610420592659,0.38238686311052483,-5.046692538292183,miscanthus_sacchariflorus_15wks vs miscanthus_sinensis_15wks,FALSE
28,-2.6767966127995564,20.89926121330511,-1.618187544062518,0.12050201344505257,0.3831520230964704,-5.0523543536811015,miscanthus_sacchariflorus_15wks vs miscanthus_sinensis_15wks,FALSE
2422,-1.4937441432609369,24.722670237056185,-1.6174721682750692,0.12065695495338011,0.3831520230964704,-5.0533927326270085,miscanthus_sacchariflorus_15wks vs miscanthus_sinensis_15wks,FALSE
433,1.3659457740041212,17.93404087689424,1.6152971071689162,0.1211290732858489,0.38344922262051545,-5.056547692676627,miscanthus_sacchariflorus_15wks vs miscanthus_sinensis_15wks,FALSE
423,2.482983545046004,21.11519404388666,1.6096825170760145,0.12235494117069183,0.3861232255635851,-5.064676595306063,miscanthus_sacchariflorus_15wks vs miscanthus_sinensis_15wks,FALSE
4685,-1.5750027131433413,18.64956132913519,-1.6076426305207017,0.12280288906196267,0.38633331248375213,-5.067624562756964,miscanthus_sacchariflorus_15wks vs miscanthus_sinensis_15wks,FALSE
3246,-1.132458526067719,19.701061495022852,-1.6026437455268587,0.12390642609340838,0.3875198861990518,-5.074836534155739,miscanthus_sacchariflorus_15wks vs miscanthus_sinensis_15wks,FALSE
5476,-0.5864252477173579,19.95642549238327,-1.6024689813069353,0.12394515609920315,0.3875198861990518,-5.07508835468164,miscanthus_sacchariflorus_15wks vs miscanthus_sinensis_15wks,FALSE
1783,1.4286046503736998,17.550118297816958,1.5992942349854493,0.12465048574362521,0.38852597556397644,-5.0796591919013,miscanthus_sacchariflorus_15wks vs miscanthus_sinensis_15wks,FALSE
4902,1.234846049989219,17.876301517067702,1.5941176685239975,0.12580775300421604,0.3899515866337926,-5.087097065282018,miscanthus_sacchariflorus_15wks vs miscanthus_sinensis_15wks,FALSE
473,1.5858462064128496,18.59607668014895,1.593183983348033,0.12601743911505484,0.3899515866337926,-5.0884366239184775,miscanthus_sacchariflorus_15wks vs miscanthus_sinensis_15wks,FALSE
358,-1.440399425569602,21.93971147006895,-1.5920935132443523,0.12626270524766434,0.3899515866337926,-5.090000349960677,miscanthus_sacchariflorus_15wks vs miscanthus_sinensis_15wks,FALSE
72,-3.7652678218797817,20.531087025496884,-1.5858624083794395,0.12767184785752284,0.3931051120962633,-5.0989197312754015,miscanthus_sacchariflorus_15wks vs miscanthus_sinensis_15wks,FALSE
3430,-0.9672256834039459,25.563297450830444,-1.5827303187432957,0.12838509759435168,0.39410334503963107,-5.103392807000414,miscanthus_sacchariflorus_15wks vs miscanthus_sinensis_15wks,FALSE
175,-0.7918054164249249,25.887565878567315,-1.5702813895574241,0.13125290763021802,0.4012721443625707,-5.121103407912216,miscanthus_sacchariflorus_15wks vs miscanthus_sinensis_15wks,FALSE
2449,-0.9416266992638818,21.255047298649995,-1.5691649203957982,0.13151268699740717,0.4012721443625707,-5.122686420669087,miscanthus_sacchariflorus_15wks vs miscanthus_sinensis_15wks,FALSE
2838,-1.0958261975077832,21.91971967011836,-1.5674431213615712,0.13191415168349518,0.4012883953615034,-5.1251259866696435,miscanthus_sacchariflorus_15wks vs miscanthus_sinensis_15wks,FALSE
77,2.039154964011505,25.245186525826142,1.5556790480920546,0.13468444895355883,0.4059220337908447,-5.141737920458664,miscanthus_sacchariflorus_15wks vs miscanthus_sinensis_15wks,FALSE
2907,-1.4752351992779573,18.26725806439242,-1.5543326081523452,0.13500457330500257,0.4059220337908447,-5.143632944280564,miscanthus_sacchariflorus_15wks vs miscanthus_sinensis_15wks,FALSE
6259,-1.3858875005914122,19.341437962174354,-1.5527990664312372,0.13536994990894216,0.4059220337908447,-5.145789728867204,miscanthus_sacchariflorus_15wks vs miscanthus_sinensis_15wks,FALSE
3560,1.4630293090690998,19.136692916891118,1.552580274384407,0.13542214528662955,0.4059220337908447,-5.146097303079682,miscanthus_sacchariflorus_15wks vs miscanthus_sinensis_15wks,FALSE
2159,-1.4646418546781277,20.654475137609456,-1.5525016105900868,0.13544091551955134,0.4059220337908447,-5.1462078789936,miscanthus_sacchariflorus_15wks vs miscanthus_sinensis_15wks,FALSE
3,-1.1651072984591302,26.46005179173614,-1.5426555191484854,0.13780739050684968,0.41179612561486345,-5.160013436566638,miscanthus_sacchariflorus_15wks vs miscanthus_sinensis_15wks,FALSE
3568,1.8872409043441856,17.988963130388644,1.53686857536204,0.1392141403170003,0.4147762474738862,-5.168095159557608,miscanthus_sacchariflorus_15wks vs miscanthus_sinensis_15wks,FALSE
2044,-0.9407878084625843,26.618831384044974,-1.53302309156457,0.14015548043807333,0.41635630992307415,-5.173452260351911,miscanthus_sacchariflorus_15wks vs miscanthus_sinensis_15wks,FALSE
3013,-2.151262860464449,19.98172912990715,-1.521149740216017,0.14309514404742602,0.42384614304106005,-5.189925730478326,miscanthus_sacchariflorus_15wks vs miscanthus_sinensis_15wks,FALSE
5544,1.1217353775128416,17.623403544759576,1.5173143146447672,0.14405551097783872,0.42525093835345057,-5.195225378746742,miscanthus_sacchariflorus_15wks vs miscanthus_sinensis_15wks,FALSE
1065,2.7444954030985045,19.16710509084315,1.5117169787082045,0.14546655118410054,0.42525093835345057,-5.2029404538909185,miscanthus_sacchariflorus_15wks vs miscanthus_sinensis_15wks,FALSE
472,-1.9106614712916539,21.283558499320563,-1.5098486149465817,0.14594006838251578,0.42525093835345057,-5.205510650404494,miscanthus_sacchariflorus_15wks vs miscanthus_sinensis_15wks,FALSE
4197,-2.218394924427802,20.014797858743016,-1.5086505371025702,0.14624437376848787,0.42525093835345057,-5.207157440602316,miscanthus_sacchariflorus_15wks vs miscanthus_sinensis_15wks,FALSE
1858,1.0423388113575704,17.99299803713982,1.5085826207309536,0.14626163974579612,0.42525093835345057,-5.20725076224589,miscanthus_sacchariflorus_15wks vs miscanthus_sinensis_15wks,FALSE
2257,-1.6414567787051162,18.275867467587457,-1.5072839890990528,0.14659210501435535,0.42525093835345057,-5.209034524172231,miscanthus_sacchariflorus_15wks vs miscanthus_sinensis_15wks,FALSE
4690,-1.0639828755870653,20.672302572505515,-1.5071794439285149,0.1466187354382569,0.42525093835345057,-5.209178070998895,miscanthus_sacchariflorus_15wks vs miscanthus_sinensis_15wks,FALSE
1905,1.1464829144876774,25.875561092731758,1.5056050215360597,0.1470202625383506,0.42525093835345057,-5.211338886678442,miscanthus_sacchariflorus_15wks vs miscanthus_sinensis_15wks,FALSE
4263,2.105426941278438,20.472512260302437,1.5033064329635097,0.1476080932398075,0.42525093835345057,-5.214490344885393,miscanthus_sacchariflorus_15wks vs miscanthus_sinensis_15wks,FALSE
5319,-1.1583119046917147,17.579978883086035,-1.5024243653682399,0.14783418001930299,0.42525093835345057,-5.215698673832886,miscanthus_sacchariflorus_15wks vs miscanthus_sinensis_15wks,FALSE
2582,2.1612851152812134,20.448078917145875,1.5010494822132572,0.14818714831072857,0.42525093835345057,-5.217580971596778,miscanthus_sacchariflorus_15wks vs miscanthus_sinensis_15wks,FALSE
3921,1.3967727810453177,17.697059568451888,1.4975985669072074,0.149076129206602,0.4265935561759543,-5.222299409617559,miscanthus_sacchariflorus_15wks vs miscanthus_sinensis_15wks,FALSE
1138,-1.3918321773064015,19.209152971546967,-1.48731382515644,0.15175146510833518,0.43302601170350297,-5.236310115279128,miscanthus_sacchariflorus_15wks vs miscanthus_sinensis_15wks,FALSE
710,-1.173211179800962,23.755581580549396,-1.482309687587046,0.15306728466793026,0.4355538184511611,-5.243099119999855,miscanthus_sacchariflorus_15wks vs miscanthus_sinensis_15wks,FALSE
5020,-1.5149119271304201,21.38637754369602,-1.4805937736568642,0.15352061495433802,0.43562012030460623,-5.245422827350838,miscanthus_sacchariflorus_15wks vs miscanthus_sinensis_15wks,FALSE
2440,-1.1557108589096607,22.802579352494057,-1.478818701380734,0.15399072561979338,0.43573353366718065,-5.247824368422998,miscanthus_sacchariflorus_15wks vs miscanthus_sinensis_15wks,FALSE
3942,-1.3532223448977128,18.70688328184517,-1.475448088885695,0.15488662812387524,0.43674216850911857,-5.252378171798989,miscanthus_sacchariflorus_15wks vs miscanthus_sinensis_15wks,FALSE
4775,-1.567089474370082,18.29966866823383,-1.4742374133862577,0.1552094577130135,0.43674216850911857,-5.254011788655765,miscanthus_sacchariflorus_15wks vs miscanthus_sinensis_15wks,FALSE
205,2.5196341036278653,22.013523278729615,1.46266443125391,0.1583231366830706,0.44138647934733294,-5.269573073228588,miscanthus_sacchariflorus_15wks vs miscanthus_sinensis_15wks,FALSE
5092,-1.196600028909149,23.58248307097461,-1.4626108528722643,0.15833766891535467,0.44138647934733294,-5.26964488540021,miscanthus_sacchariflorus_15wks vs miscanthus_sinensis_15wks,FALSE
6213,-1.1939701482650271,18.094224040175277,-1.4602333923632327,0.15898360585327537,0.44138647934733294,-5.272829300260246,miscanthus_sacchariflorus_15wks vs miscanthus_sinensis_15wks,FALSE
2467,-0.7429296801624332,17.735615628866718,-1.4594711576989554,0.1591911509899579,0.44138647934733294,-5.273849363895991,miscanthus_sacchariflorus_15wks vs miscanthus_sinensis_15wks,FALSE
6,3.116548990781581,19.59270612254881,1.4585985138278836,0.1594290287186911,0.44138647934733294,-5.275016653632461,miscanthus_sacchariflorus_15wks vs miscanthus_sinensis_15wks,FALSE
3994,-1.0842787142252952,18.338725627689694,-1.4584326101029281,0.15947428572667705,0.44138647934733294,-5.275238510345361,miscanthus_sacchariflorus_15wks vs miscanthus_sinensis_15wks,FALSE
3204,1.352537562263933,19.646700580615807,1.4506758980825494,0.16160190134974223,0.4460475434537573,-5.2855884240565345,miscanthus_sacchariflorus_15wks vs miscanthus_sinensis_15wks,FALSE
2613,-1.7315518843153122,19.76222254300064,-1.4490926462238882,0.16203898913226328,0.4460475434537573,-5.287695480566358,miscanthus_sacchariflorus_15wks vs miscanthus_sinensis_15wks,FALSE
5313,1.301364537292386,19.096485088096937,1.4472040670265496,0.1625616192433043,0.4462734967302636,-5.290206435070896,miscanthus_sacchariflorus_15wks vs miscanthus_sinensis_15wks,FALSE
394,1.326702865790594,18.54946473124165,1.4444848325529829,0.16331651223550944,0.44652450660621446,-5.293817109983896,miscanthus_sacchariflorus_15wks vs miscanthus_sinensis_15wks,FALSE
19,0.5482762789179603,27.247159310046634,1.442712310585238,0.16381011005573723,0.44652450660621446,-5.296167740705046,miscanthus_sacchariflorus_15wks vs miscanthus_sinensis_15wks,FALSE
5201,-0.8823187875052056,17.562319201468114,-1.4412972709620213,0.16420502372973358,0.44652450660621446,-5.298042610352234,miscanthus_sacchariflorus_15wks vs miscanthus_sinensis_15wks,FALSE
5862,-1.7654937726943416,18.616751002752295,-1.4405416127384347,0.16441622997445016,0.44652450660621446,-5.299043213234388,miscanthus_sacchariflorus_15wks vs miscanthus_sinensis_15wks,FALSE
2959,-0.8574722118442928,18.13216946323201,-1.437120897394731,0.16537506463621357,0.4479276483328458,-5.303567398322121,miscanthus_sacchariflorus_15wks vs miscanthus_sinensis_15wks,FALSE
1315,-1.906437896954106,20.74476064421667,-1.4293905224044872,0.16755852760223147,0.4526314358961613,-5.313759159714147,miscanthus_sacchariflorus_15wks vs miscanthus_sinensis_15wks,FALSE
16,-0.5430144506838701,26.019592195913948,-1.4249867184048874,0.16881273808842465,0.45480665873291,-5.319545080942581,miscanthus_sacchariflorus_15wks vs miscanthus_sinensis_15wks,FALSE
2383,-1.4616270170171575,18.756347951460867,-1.4166035583472192,0.17122114074995862,0.4600716593626209,-5.330518880914364,miscanthus_sacchariflorus_15wks vs miscanthus_sinensis_15wks,FALSE
5176,-1.331727412383124,18.600639358443757,-1.4142079686224376,0.17191441691924655,0.4607124453417904,-5.333645029477552,miscanthus_sacchariflorus_15wks vs miscanthus_sinensis_15wks,FALSE
267,-1.5990484055715513,19.05548842221699,-1.4117378523828354,0.17263161750312025,0.4614137955954111,-5.336863886614657,miscanthus_sacchariflorus_15wks vs miscanthus_sinensis_15wks,FALSE
285,-1.2815205915793442,18.43777661433803,-1.4038896676840698,0.17492627557365523,0.4658399194004205,-5.347060330756874,miscanthus_sacchariflorus_15wks vs miscanthus_sinensis_15wks,FALSE
1999,-1.2827276173096749,22.179414056817297,-1.4029341360101497,0.1752073142068709,0.4658399194004205,-5.34829857561022,miscanthus_sacchariflorus_15wks vs miscanthus_sinensis_15wks,FALSE
5798,-1.4028387507226476,18.416495456921226,-1.3997866002955672,0.17613561516438783,0.46708214178409657,-5.352372464498494,miscanthus_sacchariflorus_15wks vs miscanthus_sinensis_15wks,FALSE
1176,1.6793277234036097,19.949784388250325,1.3953664363366154,0.17744588479820658,0.469328149609878,-5.358080801762463,miscanthus_sacchariflorus_15wks vs miscanthus_sinensis_15wks,FALSE
1023,1.0807750543978898,20.61982238589177,1.3884033622548155,0.17952572380643117,0.4732694326290157,-5.367042913689218,miscanthus_sacchariflorus_15wks vs miscanthus_sinensis_15wks,FALSE
206,-1.3239544002524752,21.575873979022322,-1.3872555916765728,0.17987041615219254,0.4732694326290157,-5.368516644002345,miscanthus_sacchariflorus_15wks vs miscanthus_sinensis_15wks,FALSE
5194,-1.8705704180076062,19.514653243000378,-1.3855069281876182,0.18039657899344858,0.473424182695242,-5.370759980278874,miscanthus_sacchariflorus_15wks vs miscanthus_sinensis_15wks,FALSE
1841,-2.0747786800033268,19.26545043180981,-1.3804085744735144,0.18193764360711823,0.47505314290638184,-5.377287224614679,miscanthus_sacchariflorus_15wks vs miscanthus_sinensis_15wks,FALSE
3595,-0.8046290928982458,17.82557204758202,-1.3803506843878355,0.1819552018239646,0.47505314290638184,-5.377361224898209,miscanthus_sacchariflorus_15wks vs miscanthus_sinensis_15wks,FALSE
396,-1.4698235724516309,19.85495993067876,-1.376052717211864,0.18326255515201242,0.4772364225423871,-5.382848088399536,miscanthus_sacchariflorus_15wks vs miscanthus_sinensis_15wks,FALSE
2352,-2.209741060633931,20.302523351905403,-1.3729525029852974,0.18421020170988311,0.47847419059515794,-5.386797070456051,miscanthus_sacchariflorus_15wks vs miscanthus_sinensis_15wks,FALSE
5249,-1.0885531065598144,18.605132643255224,-1.3695835420621758,0.18524440257486086,0.4799298716325679,-5.3910799941711565,miscanthus_sacchariflorus_15wks vs miscanthus_sinensis_15wks,FALSE
2228,-1.6761810447480627,19.774078506378373,-1.3654777818842345,0.18651100543592705,0.4812933338532294,-5.396287783637869,miscanthus_sacchariflorus_15wks vs miscanthus_sinensis_15wks,FALSE
5867,-2.1275023787901013,20.60041022689532,-1.3647995062558298,0.1867209083951818,0.4812933338532294,-5.397146864555989,miscanthus_sacchariflorus_15wks vs miscanthus_sinensis_15wks,FALSE
3073,-1.2086303244612076,18.07659468486991,-1.3593079250413507,0.1884272604970742,0.48445892102420346,-5.404089234449654,miscanthus_sacchariflorus_15wks vs miscanthus_sinensis_15wks,FALSE
2438,-1.7462136437119717,19.663072432734296,-1.353477402096297,0.1902524035666959,0.4879131261090201,-5.411434563218758,miscanthus_sacchariflorus_15wks vs miscanthus_sinensis_15wks,FALSE
1305,1.58830708575276,21.71092819115601,1.3504378373677843,0.19120940745593382,0.48806459382325795,-5.415253380683639,miscanthus_sacchariflorus_15wks vs miscanthus_sinensis_15wks,FALSE
4430,1.867095338118979,19.42916509481513,1.3502297321622296,0.19127506786558085,0.48806459382325795,-5.415514575645589,miscanthus_sacchariflorus_15wks vs miscanthus_sinensis_15wks,FALSE
4301,-0.5010915097084307,19.508780342024753,-1.3408504806224955,0.19425287273195374,0.494417487631832,-5.427251634236187,miscanthus_sacchariflorus_15wks vs miscanthus_sinensis_15wks,FALSE
1434,1.9124716594608628,21.96738234379002,1.3380616898703839,0.19514528485098195,0.49544404399509956,-5.430728281355971,miscanthus_sacchariflorus_15wks vs miscanthus_sinensis_15wks,FALSE
2309,-0.8860451010018586,23.617902723522405,-1.3324990587951444,0.19693494984370347,0.49873776047917906,-5.43764481835412,miscanthus_sacchariflorus_15wks vs miscanthus_sinensis_15wks,FALSE
2495,1.8402345987483315,21.003319892085415,1.324187435882272,0.19963302688878176,0.5039070915929459,-5.447934358240124,miscanthus_sacchariflorus_15wks vs miscanthus_sinensis_15wks,FALSE
383,-2.0060817317529605,20.16632951014747,-1.323152417365213,0.19997102746334083,0.5039070915929459,-5.449211891566643,miscanthus_sacchariflorus_15wks vs miscanthus_sinensis_15wks,FALSE
389,1.1208290124481266,20.750651030837176,1.321603438081382,0.20047770644238377,0.5039303142087711,-5.451122241923647,miscanthus_sacchariflorus_15wks vs miscanthus_sinensis_15wks,FALSE
345,0.5533204547027566,17.41187952111992,1.3152260758010552,0.20257436387238065,0.5073793791097375,-5.458967572202522,miscanthus_sacchariflorus_15wks vs miscanthus_sinensis_15wks,FALSE
5362,-0.8035140994889858,18.38191665620176,-1.3143867458058212,0.20285157802511716,0.5073793791097375,-5.459997721839514,miscanthus_sacchariflorus_15wks vs miscanthus_sinensis_15wks,FALSE
648,0.9476478667453989,17.843392827712744,1.3092868527969443,0.20454234585325212,0.5094834115957202,-5.466245138820697,miscanthus_sacchariflorus_15wks vs miscanthus_sinensis_15wks,FALSE
326,1.6879629258172528,18.830450711342287,1.3088170051898604,0.20469866586323604,0.5094834115957202,-5.466819675491342,miscanthus_sacchariflorus_15wks vs miscanthus_sinensis_15wks,FALSE
5237,-0.6250433480729356,17.2613281682056,-1.3068887085521836,0.20534119306790194,0.5098299720043742,-5.469175801687237,miscanthus_sacchariflorus_15wks vs miscanthus_sinensis_15wks,FALSE
5318,-0.7373537238673187,20.388480788610465,-1.3042500474061616,0.20622296636908907,0.5102214606376352,-5.47239514483681,miscanthus_sacchariflorus_15wks vs miscanthus_sinensis_15wks,FALSE
6163,-1.4240424394165991,21.651834394532543,-1.3022591936877523,0.20689020860090748,0.5102214606376352,-5.474820479392776,miscanthus_sacchariflorus_15wks vs miscanthus_sinensis_15wks,FALSE
6246,0.5992918236904892,17.18120809978499,1.301870118961885,0.2070208045585853,0.5102214606376352,-5.475294099235718,miscanthus_sacchariflorus_15wks vs miscanthus_sinensis_15wks,FALSE
1203,-0.4715468189539038,20.848605152362737,-1.3004037911805861,0.20751356543208851,0.5102214606376352,-5.477077981217637,miscanthus_sacchariflorus_15wks vs miscanthus_sinensis_15wks,FALSE
1237,1.1038725647234706,17.971007418368075,1.2971586042793077,0.20860735715066636,0.5108793309968827,-5.481019910207692,miscanthus_sacchariflorus_15wks vs miscanthus_sinensis_15wks,FALSE
2072,-0.6563279623753466,22.62351608792975,-1.2966186709016159,0.20878977594541898,0.5108793309968827,-5.48167495822254,miscanthus_sacchariflorus_15wks vs miscanthus_sinensis_15wks,FALSE
4621,-1.323884224131426,18.472424968943066,-1.2924798775271866,0.21019220368668354,0.5124625259080654,-5.486688474549366,miscanthus_sacchariflorus_15wks vs miscanthus_sinensis_15wks,FALSE
5156,1.5525207370638547,20.873505087500828,1.2917255906032294,0.21044857924753724,0.5124625259080654,-5.487600714315221,miscanthus_sacchariflorus_15wks vs miscanthus_sinensis_15wks,FALSE
1063,-1.402639805508894,18.952744031898764,-1.2879462127685932,0.2117368115564037,0.5143630458192733,-5.492164717175345,miscanthus_sacchariflorus_15wks vs miscanthus_sinensis_15wks,FALSE
4648,-0.6313807212243567,19.516829497980368,-1.2802303302849196,0.21438579798548438,0.5195521850700854,-5.5014472031500485,miscanthus_sacchariflorus_15wks vs miscanthus_sinensis_15wks,FALSE
2911,-0.6969514442922637,22.53260697874424,-1.2756542852040607,0.21596889160225446,0.5221395875729923,-5.506929940879439,miscanthus_sacchariflorus_15wks vs miscanthus_sinensis_15wks,FALSE
59,-0.7462975239713074,27.251494105799072,-1.2731838030479126,0.21682730494147823,0.5229668092993273,-5.509882973280703,miscanthus_sacchariflorus_15wks vs miscanthus_sinensis_15wks,FALSE
1689,1.4415885456769573,19.275950929889255,1.2680544702205956,0.2186179872257984,0.5243615194832185,-5.515998617075583,miscanthus_sacchariflorus_15wks vs miscanthus_sinensis_15wks,FALSE
2947,-2.2733992660696742,21.529313186141156,-1.2676601118211663,0.2187561305146003,0.5243615194832185,-5.516467934374026,miscanthus_sacchariflorus_15wks vs miscanthus_sinensis_15wks,FALSE
5244,-1.2910844175458358,20.696226469402813,-1.26708285902501,0.21895846272596392,0.5243615194832185,-5.517154685697745,miscanthus_sacchariflorus_15wks vs miscanthus_sinensis_15wks,FALSE
1933,-0.544376039727311,21.58771948602915,-1.2613856637891514,0.2209631160507169,0.5279142371683401,-5.5239182502802295,miscanthus_sacchariflorus_15wks vs miscanthus_sinensis_15wks,FALSE
3951,-1.2263028018627367,18.338880952015305,-1.2578301764948177,0.22222130595713432,0.5296710186695931,-5.528126033676103,miscanthus_sacchariflorus_15wks vs miscanthus_sinensis_15wks,FALSE
4355,-1.03271869668394,18.773758261123778,-1.2529700907202583,0.22395004768628937,0.5325384936765519,-5.53386131991969,miscanthus_sacchariflorus_15wks vs miscanthus_sinensis_15wks,FALSE
4921,0.5760398561464157,16.840549230927188,1.247638026769879,0.22585851442186372,0.53581891126311,-5.5401316975759505,miscanthus_sacchariflorus_15wks vs miscanthus_sinensis_15wks,FALSE
189,-1.178511209395019,28.338138465016595,-1.241550947998225,0.2280524072971681,0.5397595527851198,-5.547261913540705,miscanthus_sacchariflorus_15wks vs miscanthus_sinensis_15wks,FALSE
1402,-0.4261534451032425,23.76623869074652,-1.2388826323211328,0.22901923398891566,0.54003762029129,-5.5503780554733275,miscanthus_sacchariflorus_15wks vs miscanthus_sinensis_15wks,FALSE
781,-0.825064492945419,17.468129014553526,-1.2382852714453447,0.22923610732996516,0.54003762029129,-5.551074882862989,miscanthus_sacchariflorus_15wks vs miscanthus_sinensis_15wks,FALSE
1551,-0.8548863202994674,21.935823387454988,-1.2350986652570979,0.23039566113088955,0.5415099877623925,-5.554787208718951,miscanthus_sacchariflorus_15wks vs miscanthus_sinensis_15wks,FALSE
2305,1.5422550641784056,20.879058749826193,1.2268112738612047,0.23343223618468292,0.5473769797571384,-5.564403282466278,miscanthus_sacchariflorus_15wks vs miscanthus_sinensis_15wks,FALSE
5428,-0.5063788968179956,17.620308188167904,-1.2236604428667337,0.234594680786753,0.5488323594387547,-5.568044634847155,miscanthus_sacchariflorus_15wks vs miscanthus_sinensis_15wks,FALSE
418,1.1729902507520578,19.478648129054775,1.2218598054221763,0.23526096625213797,0.5491229465746906,-5.570121968582572,miscanthus_sacchariflorus_15wks vs miscanthus_sinensis_15wks,FALSE
5940,-0.889186534174776,24.02311721471717,-1.2149085458017015,0.2378466016892484,0.5520886071077554,-5.578116615305506,miscanthus_sacchariflorus_15wks vs miscanthus_sinensis_15wks,FALSE
385,-0.5836090458995749,27.103079588417323,-1.2141585303161473,0.23812686388196702,0.5520886071077554,-5.578976852768051,miscanthus_sacchariflorus_15wks vs miscanthus_sinensis_15wks,FALSE
1537,-1.2264591327742096,20.802107730279328,-1.2140523632468618,0.23816655607708698,0.5520886071077554,-5.579098585002021,miscanthus_sacchariflorus_15wks vs miscanthus_sinensis_15wks,FALSE
2618,1.475710369827489,17.998766188516502,1.2119635399850026,0.23894851388133653,0.5523403888963389,-5.581491778587212,miscanthus_sacchariflorus_15wks vs miscanthus_sinensis_15wks,FALSE
290,0.9939099325474139,17.789203823000115,1.208951310288117,0.24007956977620015,0.5523403888963389,-5.584936653276226,miscanthus_sacchariflorus_15wks vs miscanthus_sinensis_15wks,FALSE
2124,-0.42905310195857993,25.149124811597297,-1.2072920938961833,0.24070431142293458,0.5523403888963389,-5.586831012506503,miscanthus_sacchariflorus_15wks vs miscanthus_sinensis_15wks,FALSE
3886,-0.6420765177100449,22.673102073139656,-1.2067582615294778,0.24090557522280978,0.5523403888963389,-5.587440020146043,miscanthus_sacchariflorus_15wks vs miscanthus_sinensis_15wks,FALSE
62,-0.9689739711867951,26.602942561507945,-1.2050793001599525,0.24153940038703361,0.5523403888963389,-5.589353895144432,miscanthus_sacchariflorus_15wks vs miscanthus_sinensis_15wks,FALSE
1513,-1.499591245795834,19.158651322546326,-1.2041408240023515,0.24189423278011163,0.5523403888963389,-5.590422673246951,miscanthus_sacchariflorus_15wks vs miscanthus_sinensis_15wks,FALSE
1406,-1.2585193688051248,20.63483141416523,-1.2023917945108415,0.24255658003510955,0.5523403888963389,-5.592412619389443,miscanthus_sacchariflorus_15wks vs miscanthus_sinensis_15wks,FALSE
4782,-1.2927403363376442,20.255345174972287,-1.2021791785847213,0.2426371895941469,0.5523403888963389,-5.592654350738284,miscanthus_sacchariflorus_15wks vs miscanthus_sinensis_15wks,FALSE
366,-0.4419868267339062,21.28363600564406,-1.200688108358973,0.243203070082602,0.5523872421382866,-5.594348565112421,miscanthus_sacchariflorus_15wks vs miscanthus_sinensis_15wks,FALSE
2530,1.0819673127563334,20.45113048105627,1.1978710038136395,0.24427491161877404,0.5528486065334343,-5.597544494471187,miscanthus_sacchariflorus_15wks vs miscanthus_sinensis_15wks,FALSE
2568,-1.108825064983229,18.455276891755453,-1.1972866070625867,0.24449770555476655,0.5528486065334343,-5.598206660921486,miscanthus_sacchariflorus_15wks vs miscanthus_sinensis_15wks,FALSE
4747,-0.7665365916155658,21.99112625615142,-1.1929748785141412,0.24614622740505757,0.5553365887780028,-5.603083507696852,miscanthus_sacchariflorus_15wks vs miscanthus_sinensis_15wks,FALSE
2952,1.5796406962213503,19.47769814689982,1.190871846439228,0.24695331410911506,0.5559193493167413,-5.60545662748039,miscanthus_sacchariflorus_15wks vs miscanthus_sinensis_15wks,FALSE
501,0.6309087027043425,24.994406813719397,1.1891421952437262,0.24761859577349862,0.5561810144535567,-5.607405685580099,miscanthus_sacchariflorus_15wks vs miscanthus_sinensis_15wks,FALSE
2247,-1.4337358213331264,18.876675611757374,-1.1874309990328065,0.24827810208780407,0.5564285783516495,-5.609331522855841,miscanthus_sacchariflorus_15wks vs miscanthus_sinensis_15wks,FALSE
3235,1.222757553100088,18.75159377218597,1.1803631361294544,0.2510160667980455,0.5613229043408833,-5.617260347022729,miscanthus_sacchariflorus_15wks vs miscanthus_sinensis_15wks,FALSE
117,-0.9705540260127137,20.502492670098345,-1.1781866434567059,0.25186373636854026,0.5619778963465446,-5.619693659395701,miscanthus_sacchariflorus_15wks vs miscanthus_sinensis_15wks,FALSE
809,1.5419445717736586,19.845733370797298,1.1767239981795523,0.2524345882485307,0.5620137096610146,-5.621326692321195,miscanthus_sacchariflorus_15wks vs miscanthus_sinensis_15wks,FALSE
5081,-0.7320164896045931,21.456942073238018,-1.1727037202144774,0.2540086326024052,0.5637441839007087,-5.625806184323585,miscanthus_sacchariflorus_15wks vs miscanthus_sinensis_15wks,FALSE
6045,-0.8133730122488316,24.126263474934273,-1.170692488608933,0.2547988264889645,0.5637441839007087,-5.628042124815708,miscanthus_sacchariflorus_15wks vs miscanthus_sinensis_15wks,FALSE
4166,-0.5764500067084128,26.08448332914739,-1.1704826431301243,0.2548813783085139,0.5637441839007087,-5.628275222575465,miscanthus_sacchariflorus_15wks vs miscanthus_sinensis_15wks,FALSE
4776,-1.012192482161101,18.419966483301398,-1.1677166210738665,0.25597137773405865,0.5645805426589179,-5.631344325692791,miscanthus_sacchariflorus_15wks vs miscanthus_sinensis_15wks,FALSE
2054,-1.2529058865298168,19.66779971176544,-1.1657155520497524,0.2567620964464589,0.5645805426589179,-5.633560700485659,miscanthus_sacchariflorus_15wks vs miscanthus_sinensis_15wks,FALSE
2829,0.7261646177735237,17.58545613254484,1.1652873885463806,0.25693152040055395,0.5645805426589179,-5.6340345006797765,miscanthus_sacchariflorus_15wks vs miscanthus_sinensis_15wks,FALSE
4987,0.6398263853672006,17.280091135755235,1.1634724315129708,0.2576506214639398,0.5649352371059979,-5.6360412180107655,miscanthus_sacchariflorus_15wks vs miscanthus_sinensis_15wks,FALSE
368,-0.7126158847784545,26.127382253297956,-1.15977977349746,0.25911830283826953,0.5653594713376229,-5.64011557450086,miscanthus_sacchariflorus_15wks vs miscanthus_sinensis_15wks,FALSE
747,-1.688687489321289,19.476351078366978,-1.1596250475231638,0.2591799354348475,0.5653594713376229,-5.640286046482263,miscanthus_sacchariflorus_15wks vs miscanthus_sinensis_15wks,FALSE
1975,-1.1495381409697032,18.473646155364676,-1.157040264273582,0.2602111530642343,0.5653594713376229,-5.643130928972606,miscanthus_sacchariflorus_15wks vs miscanthus_sinensis_15wks,FALSE
462,1.3808741086083423,18.706145679879842,1.155733099225928,0.2607338138016227,0.5653594713376229,-5.644567512319616,miscanthus_sacchariflorus_15wks vs miscanthus_sinensis_15wks,FALSE
2386,-1.6986412152574388,19.316074756408664,-1.155120468249736,0.2609790378357768,0.5653594713376229,-5.645240308084255,miscanthus_sacchariflorus_15wks vs miscanthus_sinensis_15wks,FALSE
3559,1.1668739624631002,19.672040268664773,1.1537065225408312,0.2615456651312661,0.5653594713376229,-5.646791919513757,miscanthus_sacchariflorus_15wks vs miscanthus_sinensis_15wks,FALSE
17,1.1674769098383706,20.498119627405117,1.153195116795076,0.26175083125108106,0.5653594713376229,-5.647352706769391,miscanthus_sacchariflorus_15wks vs miscanthus_sinensis_15wks,FALSE
4194,-0.9115720250024211,18.243394861070207,-1.148616623547502,0.2635929499069394,0.5680710017851807,-5.652363580841541,miscanthus_sacchariflorus_15wks vs miscanthus_sinensis_15wks,FALSE
1968,-1.1274123488410162,19.14249377347106,-1.1436762058720331,0.2655914255948631,0.5680710017851807,-5.657750921656568,miscanthus_sacchariflorus_15wks vs miscanthus_sinensis_15wks,FALSE
103,-1.2668641172389385,22.463393280007676,-1.1434862335849247,0.26566849517545005,0.5680710017851807,-5.657957671925138,miscanthus_sacchariflorus_15wks vs miscanthus_sinensis_15wks,FALSE
5300,1.3499377741581569,18.694819203241536,1.1434474737978975,0.2656842216053015,0.5680710017851807,-5.657999851192796,miscanthus_sacchariflorus_15wks vs miscanthus_sinensis_15wks,FALSE
2080,-1.2660409864111948,28.68653623335284,-1.1431372342474344,0.2658101232440036,0.5680710017851807,-5.658337415526026,miscanthus_sacchariflorus_15wks vs miscanthus_sinensis_15wks,FALSE
242,0.39337038624144327,21.120683919578354,1.1406228662961473,0.2668321313417264,0.5690546295771975,-5.661070268349157,miscanthus_sacchariflorus_15wks vs miscanthus_sinensis_15wks,FALSE
4287,-0.8952651170988943,19.413263108085335,-1.1373459736223555,0.2681684272288891,0.5707029764345897,-5.664623959419629,miscanthus_sacchariflorus_15wks vs miscanthus_sinensis_15wks,FALSE
183,-0.6763737261980474,24.873010543420314,-1.134338115651347,0.2693993465205554,0.571801200114354,-5.667877967923258,miscanthus_sacchariflorus_15wks vs miscanthus_sinensis_15wks,FALSE
4428,-0.9953610253409764,18.45256785675101,-1.1333286153729822,0.2698133994616596,0.571801200114354,-5.668968380439021,miscanthus_sacchariflorus_15wks vs miscanthus_sinensis_15wks,FALSE
998,-0.8574041283412015,20.836533890670758,-1.1317167414339657,0.2704754899465616,0.5720076645425196,-5.670707673967158,miscanthus_sacchariflorus_15wks vs miscanthus_sinensis_15wks,FALSE
4258,0.6617302643650405,21.018865808031535,1.127214802260851,0.27233102326368885,0.5747319303460767,-5.67555393322448,miscanthus_sacchariflorus_15wks vs miscanthus_sinensis_15wks,FALSE
511,-1.0271355828121678,25.95208982566706,-1.1230476450531266,0.27405688248880555,0.5765477761378277,-5.68002461467154,miscanthus_sacchariflorus_15wks vs miscanthus_sinensis_15wks,FALSE
709,-1.5037639559243559,21.656669171754608,-1.1223905785037138,0.27432974145946,0.5765477761378277,-5.680728205853964,miscanthus_sacchariflorus_15wks vs miscanthus_sinensis_15wks,FALSE
3957,-0.5239228264977847,21.37047258660316,-1.1188752561725048,0.27579292435550123,0.5784228413501507,-5.684486256590742,miscanthus_sacchariflorus_15wks vs miscanthus_sinensis_15wks,FALSE
4392,-0.5295037390137942,22.897074965330777,-1.1172652106994463,0.27646497687468113,0.5786343420951487,-5.686203994694095,miscanthus_sacchariflorus_15wks vs miscanthus_sinensis_15wks,FALSE
675,1.0665041097262495,18.31688933850555,1.1073589971164557,0.2806263020221761,0.584942633511567,-5.696724641275605,miscanthus_sacchariflorus_15wks vs miscanthus_sinensis_15wks,FALSE
3496,-0.6267059587442638,20.644874641536084,-1.107341056728949,0.28063387945372315,0.584942633511567,-5.696743619140372,miscanthus_sacchariflorus_15wks vs miscanthus_sinensis_15wks,FALSE
5145,0.8291903109225274,18.089295171382865,1.10332001168965,0.2823359979859809,0.5872820656258699,-5.700990320896069,miscanthus_sacchariflorus_15wks vs miscanthus_sinensis_15wks,FALSE
5202,-0.9977500426031867,19.060696843883395,-1.0999818739756069,0.2837547329035969,0.5883595736459061,-5.704505381137742,miscanthus_sacchariflorus_15wks vs miscanthus_sinensis_15wks,FALSE
2374,-1.1707810548386561,18.616480227694943,-1.0983950330578365,0.2844309654110187,0.5883595736459061,-5.706173010255087,miscanthus_sacchariflorus_15wks vs miscanthus_sinensis_15wks,FALSE
1047,-1.5750200971207633,20.893645012197137,-1.0980071550966903,0.28459643740029017,0.5883595736459061,-5.706580310526308,miscanthus_sacchariflorus_15wks vs miscanthus_sinensis_15wks,FALSE
2751,-1.2687329758955563,19.825201737115595,-1.0893555383991544,0.2883054545299979,0.5943444700521934,-5.715631912650679,miscanthus_sacchariflorus_15wks vs miscanthus_sinensis_15wks,FALSE
2165,-1.349895725482412,19.70629832156227,-1.0885215377024788,0.2886648363925756,0.5943444700521934,-5.716501106396494,miscanthus_sacchariflorus_15wks vs miscanthus_sinensis_15wks,FALSE
1745,1.0813269980430036,20.26938526653819,1.0848049387897434,0.2902703040273538,0.5952572715698152,-5.7203673341688885,miscanthus_sacchariflorus_15wks vs miscanthus_sinensis_15wks,FALSE
2662,2.397425172140675,20.664188628046734,1.0847746650510204,0.2902834078533946,0.5952572715698152,-5.720398778379219,miscanthus_sacchariflorus_15wks vs miscanthus_sinensis_15wks,FALSE
3265,-1.831212177471432,20.48098045191867,-1.0774448964958987,0.29346863135756585,0.6005731789196247,-5.727988921439086,miscanthus_sacchariflorus_15wks vs miscanthus_sinensis_15wks,FALSE
1153,0.5866178074474462,17.174931442318098,1.0740616041635493,0.2949473288483676,0.6013036023847899,-5.731476917050047,miscanthus_sacchariflorus_15wks vs miscanthus_sinensis_15wks,FALSE
89,1.215136443747305,19.619917727478967,1.072434929222918,0.2956601841189701,0.6013036023847899,-5.733150447634627,miscanthus_sacchariflorus_15wks vs miscanthus_sinensis_15wks,FALSE
3273,1.7432142471026104,18.719669855535656,1.072361558306541,0.2956923664777684,0.6013036023847899,-5.73322587859438,miscanthus_sacchariflorus_15wks vs miscanthus_sinensis_15wks,FALSE
1367,-1.1689672470547094,20.134930932339426,-1.0712052184194374,0.29619989890425485,0.6013036023847899,-5.734414076532518,miscanthus_sacchariflorus_15wks vs miscanthus_sinensis_15wks,FALSE
228,-2.34113347201907,20.781027177796336,-1.0685638924068395,0.29736155494222744,0.6024545103129527,-5.737123877932854,miscanthus_sacchariflorus_15wks vs miscanthus_sinensis_15wks,FALSE
2968,1.0097650313580004,18.150916648017358,1.065840071334824,0.29856290909489036,0.6028648126154759,-5.739912051290214,miscanthus_sacchariflorus_15wks vs miscanthus_sinensis_15wks,FALSE
1244,0.6074539412958657,23.412060627548243,1.06327396420484,0.2996978784074253,0.6028648126154759,-5.742532963328517,miscanthus_sacchariflorus_15wks vs miscanthus_sinensis_15wks,FALSE
249,-0.9454565490452538,22.305730358944146,-1.0621987639292896,0.3001743474932272,0.6028648126154759,-5.7436294468263664,miscanthus_sacchariflorus_15wks vs miscanthus_sinensis_15wks,FALSE
3854,1.38691510881047,19.687627695630738,1.0614604320927097,0.30050184866875673,0.6028648126154759,-5.744381818842325,miscanthus_sacchariflorus_15wks vs miscanthus_sinensis_15wks,FALSE
2148,-0.4549666950312172,23.890561764867456,-1.0613751038679455,0.30053971408767555,0.6028648126154759,-5.744468739496921,miscanthus_sacchariflorus_15wks vs miscanthus_sinensis_15wks,FALSE
1497,-1.2263995671921002,21.265250040778515,-1.0595199107633504,0.30136382129972866,0.6029574067267587,-5.746357008685248,miscanthus_sacchariflorus_15wks vs miscanthus_sinensis_15wks,FALSE
3649,1.6056469478244573,19.412652425374322,1.0560576229213745,0.30290613964373053,0.6029574067267587,-5.7498731132772365,miscanthus_sacchariflorus_15wks vs miscanthus_sinensis_15wks,FALSE
3584,-1.5430638954251101,20.161131134326013,-1.0557889371360023,0.3030260639506378,0.6029574067267587,-5.750145544371989,miscanthus_sacchariflorus_15wks vs miscanthus_sinensis_15wks,FALSE
2210,1.1876227014640506,18.865352268007783,1.054062217473213,0.3037975699972481,0.6029574067267587,-5.75189485100273,miscanthus_sacchariflorus_15wks vs miscanthus_sinensis_15wks,FALSE
202,1.3602674963257435,20.27850156090795,1.0532723166689986,0.30415096735439207,0.6029574067267587,-5.752694228865968,miscanthus_sacchariflorus_15wks vs miscanthus_sinensis_15wks,FALSE
2041,-1.177122003637951,25.665544517245777,-1.0517340378287157,0.3048400250572244,0.6029574067267587,-5.754249421691265,miscanthus_sacchariflorus_15wks vs miscanthus_sinensis_15wks,FALSE
370,-1.5173428392107695,19.51095226904944,-1.0510908787510882,0.3051284513388086,0.6029574067267587,-5.75489904831343,miscanthus_sacchariflorus_15wks vs miscanthus_sinensis_15wks,FALSE
2337,-1.909672613125558,20.901015646838513,-1.0495854915689238,0.30580430493130595,0.6029574067267587,-5.7564181800187795,miscanthus_sacchariflorus_15wks vs miscanthus_sinensis_15wks,FALSE
904,1.359811030350734,19.73871870997299,1.0492771904403388,0.305942850007457,0.6029574067267587,-5.756729055036739,miscanthus_sacchariflorus_15wks vs miscanthus_sinensis_15wks,FALSE
953,-1.2031306137885416,19.65638427499552,-1.0475569713956665,0.3067167051816009,0.6033087812601198,-5.758462131208042,miscanthus_sacchariflorus_15wks vs miscanthus_sinensis_15wks,FALSE
193,-1.860843099604672,21.817215404701262,-1.0395819670613617,0.31032249022319536,0.608294174959525,-5.7664633751747525,miscanthus_sacchariflorus_15wks vs miscanthus_sinensis_15wks,FALSE
4405,-0.6945646865609163,18.540863542938894,-1.0362744410188147,0.3118267132370286,0.608294174959525,-5.769765658575738,miscanthus_sacchariflorus_15wks vs miscanthus_sinensis_15wks,FALSE
2975,-0.5738768496294036,18.07556775444388,-1.0344976586451562,0.31263689753833324,0.608294174959525,-5.771535715922555,miscanthus_sacchariflorus_15wks vs miscanthus_sinensis_15wks,FALSE
1233,0.642881986279825,19.78150758988548,1.0335831767650476,0.3130544657613446,0.608294174959525,-5.772445671017962,miscanthus_sacchariflorus_15wks vs miscanthus_sinensis_15wks,FALSE
2993,0.5119142956590501,20.38504168913478,1.033118033309362,0.3132670093296244,0.608294174959525,-5.772908234045545,miscanthus_sacchariflorus_15wks vs miscanthus_sinensis_15wks,FALSE
2291,-0.88637808417391994,18.259837047368062,-1.0327520334464382,0.31343432162954804,0.608294174959525,-5.773272071723794,miscanthus_sacchariflorus_15wks vs miscanthus_sinensis_15wks,FALSE
4581,-0.5038508107404311,22.57660887213468,-1.032707576441897,0.3134546488932597,0.608294174959525,-5.773316258188885,miscanthus_sacchariflorus_15wks vs miscanthus_sinensis_15wks,FALSE
461,-1.0017219919144829,18.560162941008414,-1.0305106094121035,0.3144603366653227,0.6090790077284357,-5.775497722007573,miscanthus_sacchariflorus_15wks vs miscanthus_sinensis_15wks,FALSE
1499,-1.6527862002212963,23.549022852167734,-1.0250391129596956,0.31697486061200436,0.610700474936314,-5.780912413333732,miscanthus_sacchariflorus_15wks vs miscanthus_sinensis_15wks,FALSE
1576,0.8031748625559771,18.023919500283156,1.0244537075358744,0.317244729516881,0.610700474936314,-5.781490202221651,miscanthus_sacchariflorus_15wks vs miscanthus_sinensis_15wks,FALSE
3528,0.4556570015851662,19.66079963638041,1.024427298124736,0.31725690792815187,0.610700474936314,-5.781516261011115,miscanthus_sacchariflorus_15wks vs miscanthus_sinensis_15wks,FALSE
3211,-0.3589050400836129,20.472333314592223,-1.0226573827793388,0.31807383439989106,0.610700474936314,-5.783261297269346,miscanthus_sacchariflorus_15wks vs miscanthus_sinensis_15wks,FALSE
146,1.512477452826598,20.094892101773706,1.02214242397916,0.31831179740017157,0.610700474936314,-5.7837685062723745,miscanthus_sacchariflorus_15wks vs miscanthus_sinensis_15wks,FALSE
446,-0.46576006170233697,22.897935031040685,-1.0132005120825134,0.3224638071344299,0.6148832153157878,-5.792539067691568,miscanthus_sacchariflorus_15wks vs miscanthus_sinensis_15wks,FALSE
2088,-0.5610776150523122,17.41152938608628,-1.0119220735637235,0.3230605090123897,0.6148832153157878,-5.793787318839215,miscanthus_sacchariflorus_15wks vs miscanthus_sinensis_15wks,FALSE
250,1.5698321047677268,18.761070612048723,1.0116118134334113,0.3232054370179467,0.6148832153157878,-5.794090038051486,miscanthus_sacchariflorus_15wks vs miscanthus_sinensis_15wks,FALSE
2987,-0.7878489474992882,20.883201587296107,-1.0085496816758994,0.3246382509843948,0.6148832153157878,-5.797073241138904,miscanthus_sacchariflorus_15wks vs miscanthus_sinensis_15wks,FALSE
5391,-0.9307711828548122,18.076856173070134,-1.008458623391192,0.32468092621370925,0.6148832153157878,-5.797161827083057,miscanthus_sacchariflorus_15wks vs miscanthus_sinensis_15wks,FALSE
599,0.7299929911095795,18.240773348473592,1.0079421352974847,0.3249230567930361,0.6148832153157878,-5.7976641549830905,miscanthus_sacchariflorus_15wks vs miscanthus_sinensis_15wks,FALSE
292,-1.383748664605271,20.77785852625803,-1.0070841616837172,0.32532555490715487,0.6148832153157878,-5.79849809146932,miscanthus_sacchariflorus_15wks vs miscanthus_sinensis_15wks,FALSE
1947,1.931855812783283,22.58815967160874,1.0070365926825755,0.32534788095682354,0.6148832153157878,-5.7985443089673545,miscanthus_sacchariflorus_15wks vs miscanthus_sinensis_15wks,FALSE
3193,-1.0077520940618854,20.053976349981877,-1.0053443612782467,0.3261428087417195,0.6149667060942678,-5.8001871762403585,miscanthus_sacchariflorus_15wks vs miscanthus_sinensis_15wks,FALSE
4876,-0.8343072005109882,18.013618552733142,-1.0043592113157103,0.3266062071853071,0.6149667060942678,-5.801142436461015,miscanthus_sacchariflorus_15wks vs miscanthus_sinensis_15wks,FALSE
1544,-0.4120934684332589,23.530832717586428,-0.9995790693824279,0.3288612191620429,0.6172828947860048,-5.805765503160762,miscanthus_sacchariflorus_15wks vs miscanthus_sinensis_15wks,FALSE
118,-1.3259625791597252,21.964978688838816,-0.9980830525681806,0.32956917773667926,0.6172828947860048,-5.807208254570559,miscanthus_sacchariflorus_15wks vs miscanthus_sinensis_15wks,FALSE
411,-1.8065156679595056,20.659722267520387,-0.9976698854694265,0.3297648868511939,0.6172828947860048,-5.807606365720795,miscanthus_sacchariflorus_15wks vs miscanthus_sinensis_15wks,FALSE
5661,-0.5861857360083391,17.71007153857111,-0.9965963642848145,0.33027376996447644,0.6172828947860048,-5.808640068771363,miscanthus_sacchariflorus_15wks vs miscanthus_sinensis_15wks,FALSE
209,-1.5869693480840041,20.84646545388817,-0.9941659949856112,0.33142785541768915,0.6182991114882488,-5.810976563619363,miscanthus_sacchariflorus_15wks vs miscanthus_sinensis_15wks,FALSE
134,0.9361626071102904,22.825674834827005,0.9914148128735725,0.3327376528677435,0.6196015484467355,-5.8136152331189,miscanthus_sacchariflorus_15wks vs miscanthus_sinensis_15wks,FALSE
5193,-0.6739434133069615,18.38055119751948,-0.9881033283762108,0.3343189502946232,0.6208116483619395,-5.816782486308842,miscanthus_sacchariflorus_15wks vs miscanthus_sinensis_15wks,FALSE
5768,0.507555543249719,16.541360278045993,0.9874883435341625,0.3346131885544116,0.6208116483619395,-5.8173696259044325,miscanthus_sacchariflorus_15wks vs miscanthus_sinensis_15wks,FALSE
417,1.139464271355763,18.66613862139703,0.9841742173199224,0.3362019062524946,0.6226188867162286,-5.8205279770553435,miscanthus_sacchariflorus_15wks vs miscanthus_sinensis_15wks,FALSE
168,-1.5005324305164045,19.445872674223583,-0.9799997974512884,0.33821042628317244,0.6229363578814853,-5.824492446928572,miscanthus_sacchariflorus_15wks vs miscanthus_sinensis_15wks,FALSE
2497,-0.885037559755169,20.67377839169948,-0.979858665668681,0.3382784759074453,0.6229363578814853,-5.824626212706439,miscanthus_sacchariflorus_15wks vs miscanthus_sinensis_15wks,FALSE
2032,0.94402483727659,23.16576540974916,0.9798064284757775,0.3383036655470948,0.6229363578814853,-5.824675719071226,miscanthus_sacchariflorus_15wks vs miscanthus_sinensis_15wks,FALSE
1628,-0.5800324208889407,20.06507825553668,-0.9787091232346666,0.3388331028555759,0.6229363578814853,-5.825715104912588,miscanthus_sacchariflorus_15wks vs miscanthus_sinensis_15wks,FALSE
41,1.0033278950029292,25.150195459375176,0.9758344088422461,0.3402228225468169,0.6243581870288506,-5.828433055925544,miscanthus_sacchariflorus_15wks vs miscanthus_sinensis_15wks,FALSE
3140,-1.0857180527456833,18.81845654491831,-0.9730831487129937,0.3415565249196557,0.6256722599341975,-5.83102746678407,miscanthus_sacchariflorus_15wks vs miscanthus_sinensis_15wks,FALSE
2070,-0.7642648265388168,23.48946936878542,-0.9717609076488972,0.34219877033498425,0.6257172461179406,-5.8322719528292595,miscanthus_sacchariflorus_15wks vs miscanthus_sinensis_15wks,FALSE
373,1.2403856968388247,18.567884837193006,0.9673289543209234,0.344357518411775,0.627599956470457,-5.836432033149508,miscanthus_sacchariflorus_15wks vs miscanthus_sinensis_15wks,FALSE
335,-1.3701656300021625,19.74363055022734,-0.9669898239879454,0.3445230875896099,0.627599956470457,-5.836749645758568,miscanthus_sacchariflorus_15wks vs miscanthus_sinensis_15wks,FALSE
970,1.4860882237311088,20.180321201740117,0.9647699666750199,0.34560820466643427,0.627599956470457,-5.838826144775551,miscanthus_sacchariflorus_15wks vs miscanthus_sinensis_15wks,FALSE
601,0.4267441089726205,24.565939039088722,0.9645689324533718,0.34570659003999504,0.627599956470457,-5.839013981203999,miscanthus_sacchariflorus_15wks vs miscanthus_sinensis_15wks,FALSE
91,-1.0836249942860725,20.48667582804974,-0.9593255395976926,0.3482794464272476,0.6311396766203968,-5.8439005270505495,miscanthus_sacchariflorus_15wks vs miscanthus_sinensis_15wks,FALSE
57,-0.5153549944720552,28.325510640643035,-0.9549382618509531,0.3504422255475269,0.6339249544279371,-5.8479705246936105,miscanthus_sacchariflorus_15wks vs miscanthus_sinensis_15wks,FALSE
25,-1.6491070127430696,21.39878365368843,-0.9516225948648206,0.3520827853185655,0.6350927449755617,-5.8510350929257005,miscanthus_sacchariflorus_15wks vs miscanthus_sinensis_15wks,FALSE
1632,-1.1221950252012043,20.468953474428762,-0.9498618477139622,0.3529561025965321,0.6350927449755617,-5.852658533376037,miscanthus_sacchariflorus_15wks vs miscanthus_sinensis_15wks,FALSE
1091,0.8667825779786682,18.170138843456517,0.9486263258822757,0.3535697887463298,0.6350927449755617,-5.853796064117144,miscanthus_sacchariflorus_15wks vs miscanthus_sinensis_15wks,FALSE
3733,-1.0449538489296302,19.278131218652746,-0.9485744612764802,0.35359556581067797,0.6350927449755617,-5.853843785629341,miscanthus_sacchariflorus_15wks vs miscanthus_sinensis_15wks,FALSE
329,1.3485235434118898,18.755959469958842,0.9444324309802481,0.35565829674893823,0.6370600673779521,-5.857647225060054,miscanthus_sacchariflorus_15wks vs miscanthus_sinensis_15wks,FALSE
4339,-0.4846100924353465,25.01381481121528,-0.9438506678873806,0.3559486654846208,0.6370600673779521,-5.858180211017916,miscanthus_sacchariflorus_15wks vs miscanthus_sinensis_15wks,FALSE
1496,-0.3422336573472151,21.942715502608348,-0.94179586456407,0.35697553867056975,0.6377711122985664,-5.860060323929851,miscanthus_sacchariflorus_15wks vs miscanthus_sinensis_15wks,FALSE
314,-0.6887708392770762,21.981790020646468,-0.936396466333863,0.3596833783282867,0.6403858069749329,-5.8649827847262905,miscanthus_sacchariflorus_15wks vs miscanthus_sinensis_15wks,FALSE
4990,1.1054323084544002,19.94046627358145,0.9363566849449285,0.3597033802258014,0.6403858069749329,-5.865018955841448,miscanthus_sacchariflorus_15wks vs miscanthus_sinensis_15wks,FALSE
78,2.003585910783613,22.646969496639304,0.9326172880683201,0.3615868767804158,0.6417018313314304,-5.868412695816667,miscanthus_sacchariflorus_15wks vs miscanthus_sinensis_15wks,FALSE
3404,-1.4973798714552373,19.49043550445932,-0.9323051136245634,0.36174441527881684,0.6417018313314304,-5.8686954502319635,miscanthus_sacchariflorus_15wks vs miscanthus_sinensis_15wks,FALSE
177,0.9624719079663357,21.765276952985925,0.9311198276305543,0.3623429886688827,0.6417018313314304,-5.869768240747765,miscanthus_sacchariflorus_15wks vs miscanthus_sinensis_15wks,FALSE
1720,0.7380702677563917,17.744693996890906,0.9285401067855342,0.3636480549298635,0.6421895243221627,-5.872098787851873,miscanthus_sacchariflorus_15wks vs miscanthus_sinensis_15wks,FALSE
173,0.3382202855625067,22.568533143066123,0.9280699074127695,0.3638862655093005,0.6421895243221627,-5.872522931007537,miscanthus_sacchariflorus_15wks vs miscanthus_sinensis_15wks,FALSE
5719,-0.887179563038373,18.200448464438267,-0.9234595788743397,0.36622747425787106,0.6442912372121947,-5.8766712166684325,miscanthus_sacchariflorus_15wks vs miscanthus_sinensis_15wks,FALSE
4728,-0.7416497523622958,17.851061037635052,-0.9223424150512203,0.36679630412006703,0.6442912372121947,-5.877673560536218,miscanthus_sacchariflorus_15wks vs miscanthus_sinensis_15wks,FALSE
5591,-0.46460589438235544,17.491501433526658,-0.9219716155231953,0.3669852358059589,0.6442912372121947,-5.87800600335276,miscanthus_sacchariflorus_15wks vs miscanthus_sinensis_15wks,FALSE
569,0.35523586415166974,23.495913067821437,0.9177077894195225,0.36916243616717825,0.6459626630311449,-5.881819926804499,miscanthus_sacchariflorus_15wks vs miscanthus_sinensis_15wks,FALSE
2950,-1.1991148804601899,19.415023670260112,-0.9176097117845127,0.36921261786281634,0.6459626630311449,-5.881907464236875,miscanthus_sacchariflorus_15wks vs miscanthus_sinensis_15wks,FALSE
2601,-1.280807649114685,19.28612496644191,-0.9162989379623957,0.36988371558607913,0.6460210411874107,-5.883076545145804,miscanthus_sacchariflorus_15wks vs miscanthus_sinensis_15wks,FALSE
3207,-0.5579666006624855,17.92721830756343,-0.911982900752054,0.37209920706124544,0.647926227066828,-5.886915146627281,miscanthus_sacchariflorus_15wks vs miscanthus_sinensis_15wks,FALSE
337,1.0904660178236014,20.973787052978953,0.9113229102791327,0.37243876705461176,0.647926227066828,-5.887500657781378,miscanthus_sacchariflorus_15wks vs miscanthus_sinensis_15wks,FALSE
5422,-0.5858294542208142,18.061397547603598,-0.9100277615236301,0.3731057094703296,0.647926227066828,-5.888648514716045,miscanthus_sacchariflorus_15wks vs miscanthus_sinensis_15wks,FALSE
1240,0.38275631518803266,26.463465525246793,0.9091988292279108,0.3735329877660687,0.647926227066828,-5.889382386301371,miscanthus_sacchariflorus_15wks vs miscanthus_sinensis_15wks,FALSE
332,-0.40405968667614545,26.49118574669324,-0.9075500674887995,0.37438381740927906,0.648291977838632,-5.890840237627135,miscanthus_sacchariflorus_15wks vs miscanthus_sinensis_15wks,FALSE
5683,0.5747018787864242,17.4260233212284,0.9010464441138863,0.3777524804511764,0.6530089807116752,-5.896566997664187,miscanthus_sacchariflorus_15wks vs miscanthus_sinensis_15wks,FALSE
1114,-0.3835475289471155,22.76530250071896,-0.8965948915716396,0.3800697512588268,0.6558643512937414,-5.900464886043992,miscanthus_sacchariflorus_15wks vs miscanthus_sinensis_15wks,FALSE
4117,-0.36405255948474746,22.8427602607815,-0.890262672868419,0.3833821184338708,0.6558643512937414,-5.90597878909131,miscanthus_sacchariflorus_15wks vs miscanthus_sinensis_15wks,FALSE
2477,0.4657568534909764,17.219254980075398,0.8900621237781999,0.38348733406776614,0.6558643512937414,-5.906152830723932,miscanthus_sacchariflorus_15wks vs miscanthus_sinensis_15wks,FALSE
2943,-0.4006498780639731,22.117723103769546,-0.8886017689669853,0.38425406311585264,0.6558643512937414,-5.907419070208692,miscanthus_sacchariflorus_15wks vs miscanthus_sinensis_15wks,FALSE
4019,1.3253037504658138,19.773997569429902,0.8874516682710789,0.3848586072300868,0.6558643512937414,-5.908414941389111,miscanthus_sacchariflorus_15wks vs miscanthus_sinensis_15wks,FALSE
1105,-1.230841763232327,20.41840966411039,-0.8872265634065144,0.38497700531247425,0.6558643512937414,-5.9086097198254075,miscanthus_sacchariflorus_15wks vs miscanthus_sinensis_15wks,FALSE
40,-1.506395002377829,24.226234721040456,-0.8865965868809904,0.38530848008429763,0.6558643512937414,-5.909154581990318,miscanthus_sacchariflorus_15wks vs miscanthus_sinensis_15wks,FALSE
5338,0.4415160444541435,16.43553852127165,0.8861636467944098,0.385536388605455,0.6558643512937414,-5.909528821076774,miscanthus_sacchariflorus_15wks vs miscanthus_sinensis_15wks,FALSE
2811,-0.5865613688815579,28.657093454773477,-0.8851518072154241,0.38606938605457586,0.6558643512937414,-5.910402808603373,miscanthus_sacchariflorus_15wks vs miscanthus_sinensis_15wks,FALSE
1903,-0.9629672351398568,25.649712648514917,-0.8845809750391832,0.38637029089042085,0.6558643512937414,-5.910895463283853,miscanthus_sacchariflorus_15wks vs miscanthus_sinensis_15wks,FALSE
6278,-0.41654493727573083,17.39468358668984,-0.884285364607872,0.3865261774159562,0.6558643512937414,-5.911150473164438,miscanthus_sacchariflorus_15wks vs miscanthus_sinensis_15wks,FALSE
1787,-0.7518057713237525,25.63022200044806,-0.8812392780675494,0.38813489069482054,0.6574927161770121,-5.913773597845062,miscanthus_sacchariflorus_15wks vs miscanthus_sinensis_15wks,FALSE
4306,-1.0187099485976177,19.78897255127719,-0.8729861799671967,0.3925155005005081,0.6628488209126072,-5.920838555562929,miscanthus_sacchariflorus_15wks vs miscanthus_sinensis_15wks,FALSE
6025,-0.7581411694496047,18.84524702362233,-0.8728173969694539,0.3926054220607743,0.6628488209126072,-5.920982396733112,miscanthus_sacchariflorus_15wks vs miscanthus_sinensis_15wks,FALSE
424,-0.6214081676023753,19.65232387320112,-0.8686756063344182,0.39481621594048244,0.6646186272434875,-5.924504047444949,miscanthus_sacchariflorus_15wks vs miscanthus_sinensis_15wks,FALSE
5189,0.40208756900345577,17.10659548044187,0.8678301392358706,0.3952684976698897,0.6646186272434875,-5.925221013667806,miscanthus_sacchariflorus_15wks vs miscanthus_sinensis_15wks,FALSE
5998,0.7152791608216873,17.9557181985615,0.8666087138081998,0.3959224907525343,0.6646186272434875,-5.926255652168862,miscanthus_sacchariflorus_15wks vs miscanthus_sinensis_15wks,FALSE
222,-1.120154997857405,19.036787987638075,-0.8659452299900967,0.39627803638209913,0.6646186272434875,-5.926817105202022,miscanthus_sacchariflorus_15wks vs miscanthus_sinensis_15wks,FALSE
6159,-0.5850226427372291,21.338827290968926,-0.8620603822690659,0.39836398342571977,0.6666099933953684,-5.930096520708775,miscanthus_sacchariflorus_15wks vs miscanthus_sinensis_15wks,FALSE
2061,-0.6001138546710507,17.69333225724703,-0.8612843901729589,0.39878149654254025,0.6666099933953684,-5.930749936571069,miscanthus_sacchariflorus_15wks vs miscanthus_sinensis_15wks,FALSE
5623,-0.5795789253525427,17.754404640710334,-0.858916652782653,0.4000571743666833,0.6676407209776775,-5.932740282997187,miscanthus_sacchariflorus_15wks vs miscanthus_sinensis_15wks,FALSE
2958,-0.6905124312531719,20.24209257477236,-0.8538483394009763,0.4027966877621697,0.6711069814195361,-5.9369836302570125,miscanthus_sacchariflorus_15wks vs miscanthus_sinensis_15wks,FALSE
1432,1.4144920032893538,20.88458100869273,0.8472108226046202,0.40640257349755204,0.6751342940368809,-5.942505399162808,miscanthus_sacchariflorus_15wks vs miscanthus_sinensis_15wks,FALSE
1358,-0.35432609186570474,23.182225036276186,-0.8469461051045647,0.40654681082181376,0.6751342940368809,-5.942724785958941,miscanthus_sacchariflorus_15wks vs miscanthus_sinensis_15wks,FALSE
3840,-0.8024043027125138,20.581759873433302,-0.8420589213793144,0.40921558698118365,0.6784539928182308,-5.9467635972155515,miscanthus_sacchariflorus_15wks vs miscanthus_sinensis_15wks,FALSE
2229,0.9298281294695592,20.20738958709804,0.840116243051206,0.41027953650831483,0.6791064877171943,-5.948362989170583,miscanthus_sacchariflorus_15wks vs miscanthus_sinensis_15wks,FALSE
1062,-0.8112828316712992,18.261997792717683,-0.8388379524083392,0.41098058070583343,0.6791571423409613,-5.94941351590172,miscanthus_sacchariflorus_15wks vs miscanthus_sinensis_15wks,FALSE
2348,-0.5160120466080969,24.25793075432848,-0.8354396361511299,0.4128480027454541,0.6811319654416043,-5.952199064634831,miscanthus_sacchariflorus_15wks vs miscanthus_sinensis_15wks,FALSE
2612,-0.9690826991904977,19.548452897927014,-0.831803823401932,0.41485189284509516,0.6833251503285876,-5.955167593761318,miscanthus_sacchariflorus_15wks vs miscanthus_sinensis_15wks,FALSE
300,0.9640238266615668,21.121233531401344,0.82423187283823,0.41904494970044603,0.6891112565690777,-5.961311014975078,miscanthus_sacchariflorus_15wks vs miscanthus_sinensis_15wks,FALSE
3552,0.4526682492309817,23.857007037708208,0.8228842328654568,0.41979401546520667,0.6892242101560038,-5.962398900862444,miscanthus_sacchariflorus_15wks vs miscanthus_sinensis_15wks,FALSE
4592,-0.8126075786124325,18.847144792012177,-0.8166364550914942,0.423277764810727,0.6922753930962245,-5.967420666970904,miscanthus_sacchariflorus_15wks vs miscanthus_sinensis_15wks,FALSE
2222,-1.1958883137227545,19.822790312153447,-0.8128733726132708,0.4253847860317084,0.6922753930962245,-5.970428016778751,miscanthus_sacchariflorus_15wks vs miscanthus_sinensis_15wks,FALSE
4360,-0.5685256205476605,19.91668578122536,-0.8122013132917802,0.4257617750032514,0.6922753930962245,-5.970963737977661,miscanthus_sacchariflorus_15wks vs miscanthus_sinensis_15wks,FALSE
255,1.033080308827909,22.46617614977529,0.8121480852175283,0.4257916420125456,0.6922753930962245,-5.971006150127569,miscanthus_sacchariflorus_15wks vs miscanthus_sinensis_15wks,FALSE
4252,-0.5828945532123342,19.763977913255307,-0.8117551842267109,0.4260121447619506,0.6922753930962245,-5.97131913320168,miscanthus_sacchariflorus_15wks vs miscanthus_sinensis_15wks,FALSE
104,-1.1727021460426421,20.820749795734773,-0.811302595169747,0.42626623402066455,0.6922753930962245,-5.9716794875705554,miscanthus_sacchariflorus_15wks vs miscanthus_sinensis_15wks,FALSE
1633,-0.9072168214061733,18.753261503399727,-0.8109999869241623,0.4264361750168254,0.6922753930962245,-5.971920321154747,miscanthus_sacchariflorus_15wks vs miscanthus_sinensis_15wks,FALSE
1872,-0.6097614505647222,21.417601772292837,-0.8083841433893381,0.42790696559645924,0.6935516098387412,-5.973998653272733,miscanthus_sacchariflorus_15wks vs miscanthus_sinensis_15wks,FALSE
2812,-0.9483156536783817,20.64302682354431,-0.8071380723903944,0.4286086969762404,0.693579249260274,-5.974986463794365,miscanthus_sacchariflorus_15wks vs miscanthus_sinensis_15wks,FALSE
4444,0.7893424231414201,18.67215298784232,0.8031753453056164,0.43084509476638677,0.6936211573128646,-5.978118374115933,miscanthus_sacchariflorus_15wks vs miscanthus_sinensis_15wks,FALSE
5000,-0.7657954899945842,18.88394055612444,-0.8022666089337632,0.43135896937825013,0.6936211573128646,-5.978834547799093,miscanthus_sacchariflorus_15wks vs miscanthus_sinensis_15wks,FALSE
3703,-0.405278122487875,26.74984248799692,-0.802208611547104,0.43139177882465896,0.6936211573128646,-5.978880229612309,miscanthus_sacchariflorus_15wks vs miscanthus_sinensis_15wks,FALSE
101,0.6226600635410264,22.76856869240194,0.8005660168961848,0.4323216479582078,0.6936211573128646,-5.9801727367742235,miscanthus_sacchariflorus_15wks vs miscanthus_sinensis_15wks,FALSE
1867,0.5704148643066205,21.25355726271628,0.8003385725253839,0.43245050176085675,0.6936211573128646,-5.980351509697941,miscanthus_sacchariflorus_15wks vs miscanthus_sinensis_15wks,FALSE
6281,-0.46769074172390646,16.890720902152623,-0.799822582276808,0.4327429135456371,0.6936211573128646,-5.980756904922592,miscanthus_sacchariflorus_15wks vs miscanthus_sinensis_15wks,FALSE
278,1.325030089496142,21.87946896097108,0.7918099506470629,0.437299406678088,0.6987721082051674,-5.987020619059554,miscanthus_sacchariflorus_15wks vs miscanthus_sinensis_15wks,FALSE
5091,-0.7182912534301025,20.330683414466645,-0.7913091376903433,0.4375851813595967,0.6987721082051674,-5.987410151199416,miscanthus_sacchariflorus_15wks vs miscanthus_sinensis_15wks,FALSE
4,0.5257331957522666,23.89948260001614,0.7905370949349471,0.4380259513428246,0.6987721082051674,-5.988010191782731,miscanthus_sacchariflorus_15wks vs miscanthus_sinensis_15wks,FALSE
5418,0.775370389581493,18.175371840309204,0.7890940679207051,0.43885052955697756,0.698986771133991,-5.98913025209557,miscanthus_sacchariflorus_15wks vs miscanthus_sinensis_15wks,FALSE
22,-0.3129800500140618,27.31687437850362,-0.7867038214897271,0.4402184729405366,0.7000648557123448,-5.990981297431992,miscanthus_sacchariflorus_15wks vs miscanthus_sinensis_15wks,FALSE
2769,0.2634413621703331,20.296457444339595,0.783487639024502,0.4420632353526559,0.7018966417119756,-5.993463621436555,miscanthus_sacchariflorus_15wks vs miscanthus_sinensis_15wks,FALSE
5743,1.709789794894487,20.55808862327489,0.7792739569062693,0.44448731942365893,0.7027623150565633,-5.996701348286547,miscanthus_sacchariflorus_15wks vs miscanthus_sinensis_15wks,FALSE
3961,-0.7804391536750508,19.232130133497577,-0.7789368407120665,0.44468160948248303,0.7027623150565633,-5.996959672551102,miscanthus_sacchariflorus_15wks vs miscanthus_sinensis_15wks,FALSE
1684,-0.6777164660598949,25.69857555794025,-0.7778954140572993,0.44528214265349186,0.7027623150565633,-5.997757028302491,miscanthus_sacchariflorus_15wks vs miscanthus_sinensis_15wks,FALSE
1666,0.9091007518035568,19.627092577915022,0.7777198634762363,0.44538342178313295,0.7027623150565633,-5.997891337490612,miscanthus_sacchariflorus_15wks vs miscanthus_sinensis_15wks,FALSE
954,1.0413798326609651,20.685758827808883,0.7758370223455694,0.44647056089872683,0.7033820811670456,-5.999330054026966,miscanthus_sacchariflorus_15wks vs miscanthus_sinensis_15wks,FALSE
274,1.0551002055491097,21.583688375563273,0.7702893951868446,0.44968312602450433,0.7072013808648643,-6.003549990328014,miscanthus_sacchariflorus_15wks vs miscanthus_sinensis_15wks,FALSE
2553,1.1354644701056564,18.8987587309201,0.7692422202000205,0.45029110627624624,0.7072013808648643,-6.004343344550722,miscanthus_sacchariflorus_15wks vs miscanthus_sinensis_15wks,FALSE
1431,0.8173110083361692,22.63625148242385,0.7623038962470635,0.4543320338158221,0.7115603734311304,-6.009574177424392,miscanthus_sacchariflorus_15wks vs miscanthus_sinensis_15wks,FALSE
2013,1.7660499256618039,19.86006626879517,0.7620652141541293,0.454471432981186,0.7115603734311304,-6.009753324681395,miscanthus_sacchariflorus_15wks vs miscanthus_sinensis_15wks,FALSE
1146,0.6676848916414961,17.483092356203795,0.760147377524368,0.4555924585202191,0.7120004948410733,-6.011190868753005,miscanthus_sacchariflorus_15wks vs miscanthus_sinensis_15wks,FALSE
3535,-0.7366483097963545,20.151706996015005,-0.7591804867347132,0.4561582637234517,0.7120004948410733,-6.011914319061912,miscanthus_sacchariflorus_15wks vs miscanthus_sinensis_15wks,FALSE
3865,-0.5547460008641814,17.63566880226045,-0.7520185949069006,0.46036243684952194,0.7153230508748067,-6.017245909609188,miscanthus_sacchariflorus_15wks vs miscanthus_sinensis_15wks,FALSE
2937,0.5513983259911868,19.39172523612241,0.7516933336279872,0.4605539221478404,0.7153230508748067,-6.017486912235491,miscanthus_sacchariflorus_15wks vs miscanthus_sinensis_15wks,FALSE
3035,-0.7600087663405546,18.808107581321458,-0.751276920319989,0.46079913948043794,0.7153230508748067,-6.017795310074445,miscanthus_sacchariflorus_15wks vs miscanthus_sinensis_15wks,FALSE
5359,-0.5518585652444692,17.9969944015904,-0.7507466763135485,0.4611115026863265,0.7153230508748067,-6.018187777512446,miscanthus_sacchariflorus_15wks vs miscanthus_sinensis_15wks,FALSE
75,-1.2040711815872278,20.636303068065477,-0.7491714927892084,0.46204018097374133,0.7156677420892966,-6.0193521250606885,miscanthus_sacchariflorus_15wks vs miscanthus_sinensis_15wks,FALSE
3675,-0.6050455227013067,18.81890594382985,-0.7468944737726896,0.46338461663095554,0.7166543765605465,-6.0210311657208315,miscanthus_sacchariflorus_15wks vs miscanthus_sinensis_15wks,FALSE
76,-1.3514897081864454,21.04952651698573,-0.7426840109271708,0.46587677796897276,0.7172470168791805,-6.024123152002679,miscanthus_sacchariflorus_15wks vs miscanthus_sinensis_15wks,FALSE
4192,-0.5469244518540322,17.881843729514323,-0.7423427291491711,0.4660791310236003,0.7172470168791805,-6.0243730496177434,miscanthus_sacchariflorus_15wks vs miscanthus_sinensis_15wks,FALSE
4376,-0.4352924622286629,22.42660021473288,-0.741992673275494,0.46628674079476284,0.7172470168791805,-6.024629258873236,miscanthus_sacchariflorus_15wks vs miscanthus_sinensis_15wks,FALSE
5065,0.8428962522134142,20.923003296321063,0.7414646813428872,0.46659998432712724,0.7172470168791805,-6.025015484678264,miscanthus_sacchariflorus_15wks vs miscanthus_sinensis_15wks,FALSE
129,-1.329496019638885,21.452739125973704,-0.7400230570658536,0.4674558991239858,0.7174739785039358,-6.026068705432706,miscanthus_sacchariflorus_15wks vs miscanthus_sinensis_15wks,FALSE
1351,-0.6103421221465268,20.30355240465718,-0.73668257365984,0.46944277970525083,0.7181659689179863,-6.028501726982238,miscanthus_sacchariflorus_15wks vs miscanthus_sinensis_15wks,FALSE
2160,0.8702473185296427,18.239226616252424,0.7358256074899476,0.4699532993074047,0.7181659689179863,-6.029124211383149,miscanthus_sacchariflorus_15wks vs miscanthus_sinensis_15wks,FALSE
4288,-0.8114945297253797,21.229360455201583,-0.7348719310107916,0.47052181866380205,0.7181659689179863,-6.029816136676829,miscanthus_sacchariflorus_15wks vs miscanthus_sinensis_15wks,FALSE
3550,-0.32680728788441016,17.397024303390076,-0.734501843495684,0.47074255020882816,0.7181659689179863,-6.030084418789228,miscanthus_sacchariflorus_15wks vs miscanthus_sinensis_15wks,FALSE
166,-1.1520079405733625,22.504646256527828,-0.7308239766574001,0.4729394718046812,0.720432608929537,-6.032743593509897,miscanthus_sacchariflorus_15wks vs miscanthus_sinensis_15wks,FALSE
3955,0.46743478107551084,18.513489254184826,0.7283885189785921,0.4743975831650662,0.7215686963156338,-6.034497509421264,miscanthus_sacchariflorus_15wks vs miscanthus_sinensis_15wks,FALSE
2637,-0.7832361181484906,27.89293898759413,-0.7222531404458633,0.47808255909646136,0.7260834068436511,-6.03889131318519,miscanthus_sacchariflorus_15wks vs miscanthus_sinensis_15wks,FALSE
536,0.5447877733119597,20.959515229103896,0.7197404170927258,0.47959656040642706,0.7272923887600459,-6.040680589451086,miscanthus_sacchariflorus_15wks vs miscanthus_sinensis_15wks,FALSE
1359,-1.1142338194965085,20.07018255839531,-0.7174403654411148,0.48098487603542084,0.7283074430850244,-6.0423132296323105,miscanthus_sacchariflorus_15wks vs miscanthus_sinensis_15wks,FALSE
3729,-0.43167398317689987,24.778329846308168,-0.7143699122379968,0.48284186081873426,0.7300280671781758,-6.044484978430515,miscanthus_sacchariflorus_15wks vs miscanthus_sinensis_15wks,FALSE
563,0.3092200188429537,28.6807203517011,0.7122538886926374,0.4841240422013816,0.7308757894932929,-6.045976497331041,miscanthus_sacchariflorus_15wks vs miscanthus_sinensis_15wks,FALSE
1209,-0.7115066633865901,18.769801514411625,-0.7101583601019195,0.4853957543538956,0.7317052070840718,-6.047449421268863,miscanthus_sacchariflorus_15wks vs miscanthus_sinensis_15wks,FALSE
1337,0.8073490326812269,17.88499675176451,0.7085713673474519,0.4863601410692423,0.7320695734073439,-6.048562152623646,miscanthus_sacchariflorus_15wks vs miscanthus_sinensis_15wks,FALSE
3807,0.38514005051460387,18.4196027605984,0.7019728768037393,0.49038181540638237,0.7349637192853754,-6.053163313118393,miscanthus_sacchariflorus_15wks vs miscanthus_sinensis_15wks,FALSE
1090,-0.5035651565524262,23.548828937395935,-0.7015861368414407,0.49061812090982304,0.7349637192853754,-6.053431716743073,miscanthus_sacchariflorus_15wks vs miscanthus_sinensis_15wks,FALSE
4567,0.6320567102498984,18.246437688905235,0.7012833371321013,0.4908031831298669,0.7349637192853754,-6.053641766143262,miscanthus_sacchariflorus_15wks vs miscanthus_sinensis_15wks,FALSE
4789,0.6282254216499581,18.80669171538818,0.6999040898885004,0.49164664705414696,0.7349637192853754,-6.054597444251664,miscanthus_sacchariflorus_15wks vs miscanthus_sinensis_15wks,FALSE
3508,-0.5502106242825207,20.934981462304876,-0.6994728075636557,0.49191056433907654,0.7349637192853754,-6.054895911071739,miscanthus_sacchariflorus_15wks vs miscanthus_sinensis_15wks,FALSE
302,-0.5618191146118576,17.81874194168643,-0.6848012028474411,0.5009370531383542,0.7467321047636427,-6.064944783107738,miscanthus_sacchariflorus_15wks vs miscanthus_sinensis_15wks,FALSE
890,-0.3725499834670707,26.88251716639122,-0.6842767777983487,0.5012614326152784,0.7467321047636427,-6.065300208465882,miscanthus_sacchariflorus_15wks vs miscanthus_sinensis_15wks,FALSE
273,-0.7580097474955316,21.960330438161346,-0.681970536231343,0.5026893576842908,0.7468708112270775,-6.066860160538738,miscanthus_sacchariflorus_15wks vs miscanthus_sinensis_15wks,FALSE
4829,-0.41262855868838244,22.657836925295424,-0.6817450143792118,0.5028291147649229,0.7468708112270775,-6.06701243449291,miscanthus_sacchariflorus_15wks vs miscanthus_sinensis_15wks,FALSE
259,-1.1420449553212677,20.704774881542622,-0.6800005837438355,0.5039108913843172,0.7470599004022549,-6.068188660747897,miscanthus_sacchariflorus_15wks vs miscanthus_sinensis_15wks,FALSE
3605,-0.8185410132134869,18.966372477541203,-0.6777521239361542,0.5053071736008428,0.7470599004022549,-6.069700493002469,miscanthus_sacchariflorus_15wks vs miscanthus_sinensis_15wks,FALSE
331,0.9972121863833472,20.885966839261368,0.6773705285957112,0.5055443591587709,0.7470599004022549,-6.069956597205134,miscanthus_sacchariflorus_15wks vs miscanthus_sinensis_15wks,FALSE
3326,-0.8717788443421881,21.47387954451102,-0.6766878710904657,0.5059688306280188,0.7470599004022549,-6.070414412543167,miscanthus_sacchariflorus_15wks vs miscanthus_sinensis_15wks,FALSE
5053,-0.5005716619243117,18.080908810918654,-0.6730649483785078,0.5082249003572303,0.7470599004022549,-6.072836690881795,miscanthus_sacchariflorus_15wks vs miscanthus_sinensis_15wks,FALSE
482,0.9489502593585435,19.462090630160944,0.6726574043291429,0.5084790402608717,0.7470599004022549,-6.073108395797788,miscanthus_sacchariflorus_15wks vs miscanthus_sinensis_15wks,FALSE
982,-0.7233080600536823,18.192901840477756,-0.6718807711344021,0.5089635378232091,0.7470599004022549,-6.073625732367379,miscanthus_sacchariflorus_15wks vs miscanthus_sinensis_15wks,FALSE
280,-0.41348694972496247,22.732173438963535,-0.6713608066617259,0.5092880592169842,0.7470599004022549,-6.0739717753712785,miscanthus_sacchariflorus_15wks vs miscanthus_sinensis_15wks,FALSE
4003,-0.6239536510491348,18.350439402838674,-0.6708713063718874,0.5095936734234532,0.7470599004022549,-6.074297309854387,miscanthus_sacchariflorus_15wks vs miscanthus_sinensis_15wks,FALSE
4379,-0.830849912164549,21.784739908100498,-0.6672497423650054,0.511857953504433,0.7491306255624836,-6.076698714908044,miscanthus_sacchariflorus_15wks vs miscanthus_sinensis_15wks,FALSE
2712,0.8612400283791075,21.51243274808359,0.6650599635255707,0.5132297778029458,0.7491306255624836,-6.078144688395774,miscanthus_sacchariflorus_15wks vs miscanthus_sinensis_15wks,FALSE
819,-0.7013851001949902,20.89354717008632,-0.6628651603750342,0.5146068079096385,0.7491306255624836,-6.079589412527778,miscanthus_sacchariflorus_15wks vs miscanthus_sinensis_15wks,FALSE
2230,0.45864012151677613,17.68384781492032,0.6625274499556886,0.5148188717634234,0.7491306255624836,-6.079811303621092,miscanthus_sacchariflorus_15wks vs miscanthus_sinensis_15wks,FALSE
2094,-0.6731124944073485,22.242172535520933,-0.6608836568753572,0.5158517798671676,0.7491306255624836,-6.080889803684871,miscanthus_sacchariflorus_15wks vs miscanthus_sinensis_15wks,FALSE
4509,-0.5830918638083986,18.794290817957304,-0.6601321186859352,0.5163244068184336,0.7491306255624836,-6.081382036305021,miscanthus_sacchariflorus_15wks vs miscanthus_sinensis_15wks,FALSE
5352,0.290107090696452,17.69465948893107,0.659772362203857,0.516550735485169,0.7491306255624836,-6.081617474971336,miscanthus_sacchariflorus_15wks vs miscanthus_sinensis_15wks,FALSE
188,-0.7604688492274896,22.379090397305376,-0.6575254269477296,0.5179655661089764,0.7491306255624836,-6.083085174139422,miscanthus_sacchariflorus_15wks vs miscanthus_sinensis_15wks,FALSE
2777,0.9343205678299498,22.20948912838631,0.6551958329026525,0.5194347116122247,0.7491306255624836,-6.084601798904898,miscanthus_sacchariflorus_15wks vs miscanthus_sinensis_15wks,FALSE
374,0.21063770463136322,20.253051933920787,0.6549055187127688,0.5196179581624267,0.7491306255624836,-6.08479043919214,miscanthus_sacchariflorus_15wks vs miscanthus_sinensis_15wks,FALSE
293,-0.6269629248613633,24.27347968110485,-0.6548010445202941,0.5196839111095058,0.7491306255624836,-6.08485830479629,miscanthus_sacchariflorus_15wks vs miscanthus_sinensis_15wks,FALSE
847,-0.7264082078992082,18.9193049004897,-0.6524113781240345,0.5211937345523543,0.7491306255624836,-6.086407778450886,miscanthus_sacchariflorus_15wks vs miscanthus_sinensis_15wks,FALSE
34,-0.3551336204843665,27.179111914518202,-0.6516391581572357,0.5216821508578247,0.7491306255624836,-6.086907328901365,miscanthus_sacchariflorus_15wks vs miscanthus_sinensis_15wks,FALSE
3467,0.6461611547277677,18.353787578866818,0.6515711920525045,0.5217251503787261,0.7491306255624836,-6.086951269123988,miscanthus_sacchariflorus_15wks vs miscanthus_sinensis_15wks,FALSE
5947,0.47550256815523895,18.48554150737494,0.6509805082082045,0.522098935485798,0.7491306255624836,-6.08733296228502,miscanthus_sacchariflorus_15wks vs miscanthus_sinensis_15wks,FALSE
392,1.2698454829315367,19.76127744929253,0.6489951242196554,0.523356369211515,0.7498727044006572,-6.088613460706949,miscanthus_sacchariflorus_15wks vs miscanthus_sinensis_15wks,FALSE
5281,-0.45075556527072536,18.015876343661972,-0.6403586897955633,0.5288455536090966,0.7552485961917064,-6.094139949021092,miscanthus_sacchariflorus_15wks vs miscanthus_sinensis_15wks,FALSE
440,-0.21558254267023358,21.3656839211423,-0.6402296031820405,0.5289278368980377,0.7552485961917064,-6.094222012801216,miscanthus_sacchariflorus_15wks vs miscanthus_sinensis_15wks,FALSE
69,-0.6036320052529938,28.567151619204488,-0.6395752949595611,0.5293450180613144,0.7552485961917064,-6.094637729444493,miscanthus_sacchariflorus_15wks vs miscanthus_sinensis_15wks,FALSE
3050,-1.0284004162749163,20.066563447310443,-0.6382093473515476,0.5302165123854511,0.7554280267882728,-6.095504272157829,miscanthus_sacchariflorus_15wks vs miscanthus_sinensis_15wks,FALSE
169,-0.6450909377565743,21.349260805683294,-0.631550184972876,0.5344763228880068,0.7594609178155712,-6.099703273618078,miscanthus_sacchariflorus_15wks vs miscanthus_sinensis_15wks,FALSE
90,0.8213411663655528,21.472076221778217,0.6314406758328082,0.5345465295187584,0.7594609178155712,-6.099771971822994,miscanthus_sacchariflorus_15wks vs miscanthus_sinensis_15wks,FALSE
2834,-0.33618821252699504,17.521079619264796,-0.6259262732209938,0.538088272305842,0.7634221566468039,-6.103216496524519,miscanthus_sacchariflorus_15wks vs miscanthus_sinensis_15wks,FALSE
4656,-0.8036893321223033,18.906386641635684,-0.6223332378633367,0.540402755972204,0.7650556637083484,-6.105445212025631,miscanthus_sacchariflorus_15wks vs miscanthus_sinensis_15wks,FALSE
3737,0.37816205610092624,17.702879350423256,0.621794723924391,0.5407501038649334,0.7650556637083484,-6.1057781813328145,miscanthus_sacchariflorus_15wks vs miscanthus_sinensis_15wks,FALSE
2656,-0.5774832569217487,18.823140384216195,-0.6186020188810373,0.5428118922112513,0.7668063003998539,-6.107746566471837,miscanthus_sacchariflorus_15wks vs miscanthus_sinensis_15wks,FALSE
4120,-0.8524768448305018,19.614357375956345,-0.6175357465159097,0.5435014054166782,0.7668063003998539,-6.108401777104764,miscanthus_sacchariflorus_15wks vs miscanthus_sinensis_15wks,FALSE
5707,0.3519808189851581,17.67371536292916,0.6133808219714723,0.5461926729813711,0.7683752915743537,-6.1109445349640295,miscanthus_sacchariflorus_15wks vs miscanthus_sinensis_15wks,FALSE
4377,-0.4586164042908436,20.96326913309143,-0.6123827688683242,0.5468401953156151,0.7683752915743537,-6.111552865989005,miscanthus_sacchariflorus_15wks vs miscanthus_sinensis_15wks,FALSE
5656,0.4643872986764599,22.553611730485475,0.6123075266958177,0.5468890278628914,0.7683752915743537,-6.111598688720834,miscanthus_sacchariflorus_15wks vs miscanthus_sinensis_15wks,FALSE
2266,0.46542363177645996,20.187090466353286,0.610310751636425,0.54818579044117,0.7691304788322787,-6.112812748105113,miscanthus_sacchariflorus_15wks vs miscanthus_sinensis_15wks,FALSE
5376,-0.873330509148257,19.6344868612895,-0.6076393995769009,0.5499231872372692,0.7705009525191613,-6.114430977857438,miscanthus_sacchariflorus_15wks vs miscanthus_sinensis_15wks,FALSE
3498,-0.8594241966553327,21.508637209851763,-0.6041296051118787,0.5522103065825563,0.7711064676206766,-6.116546705145438,miscanthus_sacchariflorus_15wks vs miscanthus_sinensis_15wks,FALSE
942,-0.3754326036097808,22.229854725999097,-0.6038261659508081,0.5524082744164529,0.7711064676206766,-6.1167290649904915,miscanthus_sacchariflorus_15wks vs miscanthus_sinensis_15wks,FALSE
2870,-0.6148817696134046,19.80731249953056,-0.6021878449862063,0.5534777822622687,0.7711064676206766,-6.117712130441478,miscanthus_sacchariflorus_15wks vs miscanthus_sinensis_15wks,FALSE
4614,0.5160692793021973,18.457574214155077,0.6015680670501895,0.5538826613154073,0.7711064676206766,-6.118083352822354,miscanthus_sacchariflorus_15wks vs miscanthus_sinensis_15wks,FALSE
1752,-0.7264927600920643,19.375182896759597,-0.6011415042162208,0.5541614100965968,0.7711064676206766,-6.118338632697676,miscanthus_sacchariflorus_15wks vs miscanthus_sinensis_15wks,FALSE
5069,-0.4952844512683505,17.786919508073254,-0.5992298053031334,0.5554115642219026,0.77139303396198,-6.119480557005307,miscanthus_sacchariflorus_15wks vs miscanthus_sinensis_15wks,FALSE
2224,0.7670139156848848,20.842790772014578,0.5984982721650282,0.5558903403674683,0.77139303396198,-6.119916598357591,miscanthus_sacchariflorus_15wks vs miscanthus_sinensis_15wks,FALSE
4711,-0.2798058688129963,23.67993942734189,-0.5957796380549043,0.5576715319798847,0.772806103824382,-6.121532573998791,miscanthus_sacchariflorus_15wks vs miscanthus_sinensis_15wks,FALSE
3105,0.1888744184691511,20.091197482169346,0.5894391202555834,0.5618372489624495,0.7775152092881985,-6.125273806399426,miscanthus_sacchariflorus_15wks vs miscanthus_sinensis_15wks,FALSE
5638,-0.9346577856339309,19.837730219257327,-0.5877300362361806,0.5629628710362335,0.7780100796176052,-6.126275635400538,miscanthus_sacchariflorus_15wks vs miscanthus_sinensis_15wks,FALSE
1451,-0.6923843894192743,20.551567034411786,-0.5850197192201606,0.5647503060357364,0.7789601750940622,-6.127858599904185,miscanthus_sacchariflorus_15wks vs miscanthus_sinensis_15wks,FALSE
3842,-0.9636824406014348,19.65634469537054,-0.5843562864029794,0.5651882810406078,0.7789601750940622,-6.128245000980011,miscanthus_sacchariflorus_15wks vs miscanthus_sinensis_15wks,FALSE
4748,-0.5499025215461764,20.57442044267265,-0.5774609364824188,0.5697506903480045,0.7834915643770343,-6.13223592516614,miscanthus_sacchariflorus_15wks vs miscanthus_sinensis_15wks,FALSE
4623,0.3120237305752447,17.999291922738475,0.5770503051929244,0.5700229841518996,0.7834915643770343,-6.132472146198821,miscanthus_sacchariflorus_15wks vs miscanthus_sinensis_15wks,FALSE
96,-0.9415980867197433,19.42592070386706,-0.5746868260891749,0.5715915240752669,0.784582945648029,-6.133828606306384,miscanthus_sacchariflorus_15wks vs miscanthus_sinensis_15wks,FALSE
139,-0.7335069240516248,19.151022471886453,-0.5670669075485639,0.5766634805826276,0.7904737561978373,-6.138165157877949,miscanthus_sacchariflorus_15wks vs miscanthus_sinensis_15wks,FALSE
2951,-0.6544125072373745,25.45618717792377,-0.5627918507941484,0.5795189722051877,0.7933144849241285,-6.1405735643934944,miscanthus_sacchariflorus_15wks vs miscanthus_sinensis_15wks,FALSE
1204,0.38906259896819506,17.819585620983677,0.5579097971915437,0.5827885827391631,0.7967136765381542,-6.143302318850986,miscanthus_sacchariflorus_15wks vs miscanthus_sinensis_15wks,FALSE
2034,-0.864454855409182,22.75084696861347,-0.5564016959494431,0.5838004522664573,0.7970213721643143,-6.14414058920656,miscanthus_sacchariflorus_15wks vs miscanthus_sinensis_15wks,FALSE
3768,-0.8552211189808752,24.800752222007123,-0.5543872172871572,0.585153446433293,0.7975690494013319,-6.145256892888219,miscanthus_sacchariflorus_15wks vs miscanthus_sinensis_15wks,FALSE
5875,0.5116614859481778,18.293127148899757,0.5523108782154076,0.5865496217090058,0.7975690494013319,-6.146403364286717,miscanthus_sacchariflorus_15wks vs miscanthus_sinensis_15wks,FALSE
1890,0.3067604733832354,23.78646371670098,0.5522900806565004,0.5865636148114435,0.7975690494013319,-6.146414826749587,miscanthus_sacchariflorus_15wks vs miscanthus_sinensis_15wks,FALSE
221,0.6048494596176575,25.46445262334845,0.5479783897019281,0.589468202702039,0.7988043885238193,-6.148782144381876,miscanthus_sacchariflorus_15wks vs miscanthus_sinensis_15wks,FALSE
5432,1.2586660067616648,20.842462732192743,0.5478301718056912,0.5895681766539924,0.7988043885238193,-6.148863202612262,miscanthus_sacchariflorus_15wks vs miscanthus_sinensis_15wks,FALSE
2019,-0.5432372251248054,18.49631754295359,-0.5474305124266132,0.5898377913285457,0.7988043885238193,-6.1490816644574195,miscanthus_sacchariflorus_15wks vs miscanthus_sinensis_15wks,FALSE
5795,0.22982715489591854,16.975091647516606,0.5459080832451381,0.5908653968943538,0.799127699671536,-6.1499124366604665,miscanthus_sacchariflorus_15wks vs miscanthus_sinensis_15wks,FALSE
1786,-0.7156673953592652,28.614741869951917,-0.5420508251673591,0.5934729063057766,0.8007768534980902,-6.152007238541814,miscanthus_sacchariflorus_15wks vs miscanthus_sinensis_15wks,FALSE
2872,-0.8087274242860829,22.38764593468559,-0.5417658672267631,0.5936657620701538,0.8007768534980902,-6.152161421264215,miscanthus_sacchariflorus_15wks vs miscanthus_sinensis_15wks,FALSE
5654,-0.4268804075456245,20.463743436789102,-0.5362715209159986,0.5973902644647489,0.8021565122561268,-6.1551188512072565,miscanthus_sacchariflorus_15wks vs miscanthus_sinensis_15wks,FALSE
3021,-0.34169092766927633,17.94912973560543,-0.5352562262412782,0.5980797571099215,0.8021565122561268,-6.155662143868071,miscanthus_sacchariflorus_15wks vs miscanthus_sinensis_15wks,FALSE
5184,0.48121567872576776,21.12206251246843,0.534524246477041,0.5985770892316824,0.8021565122561268,-6.156053211362593,miscanthus_sacchariflorus_15wks vs miscanthus_sinensis_15wks,FALSE
320,1.160220701664084,20.69453509750577,0.5344507251646019,0.5986270532484577,0.8021565122561268,-6.156092462100374,miscanthus_sacchariflorus_15wks vs miscanthus_sinensis_15wks,FALSE
2607,-0.617544820061525,18.770213847494055,-0.5344200495388435,0.598647900558373,0.8021565122561268,-6.156108837308959,miscanthus_sacchariflorus_15wks vs miscanthus_sinensis_15wks,FALSE
128,-0.6839350288526909,20.203993466572673,-0.528612882943879,0.6026008271318252,0.8063865758052033,-6.159192340944553,miscanthus_sacchariflorus_15wks vs miscanthus_sinensis_15wks,FALSE
111,-0.19987866141145005,26.392136827739268,-0.5232399244042025,0.606269381318332,0.8095616351436957,-6.162016091123584,miscanthus_sacchariflorus_15wks vs miscanthus_sinensis_15wks,FALSE
505,0.48049877350266357,19.014281972003804,0.5221737312518426,0.6069986301337003,0.8095616351436957,-6.162573088354761,miscanthus_sacchariflorus_15wks vs miscanthus_sinensis_15wks,FALSE
120,-0.17200207013006263,23.536155800656505,-0.5216295187771102,0.6073710194562771,0.8095616351436957,-6.162856967714245,miscanthus_sacchariflorus_15wks vs miscanthus_sinensis_15wks,FALSE
1335,-0.5825564065630395,19.410420779674272,-0.5179060220212918,0.6099218328445111,0.8118933201990667,-6.164791534373171,miscanthus_sacchariflorus_15wks vs miscanthus_sinensis_15wks,FALSE
5787,-0.2591024828073607,17.205922102503568,-0.5074908095390869,0.6170838281633118,0.817633164704636,-6.17013110821089,miscanthus_sacchariflorus_15wks vs miscanthus_sinensis_15wks,FALSE
8,-0.5445947752503884,23.253152822041834,-0.505737935913916,0.6182930647962198,0.817633164704636,-6.171019359191746,miscanthus_sacchariflorus_15wks vs miscanthus_sinensis_15wks,FALSE
4568,-0.4908664416543722,18.988367916300295,-0.5056303028760031,0.6183673526735721,0.817633164704636,-6.1710738034818124,miscanthus_sacchariflorus_15wks vs miscanthus_sinensis_15wks,FALSE
1810,-0.6497898902057635,19.54859225780127,-0.5054486805815421,0.6184927171166137,0.817633164704636,-6.171165648319344,miscanthus_sacchariflorus_15wks vs miscanthus_sinensis_15wks,FALSE
1273,-0.3889938089865552,25.559757845185604,-0.5052103476074844,0.6186572440683107,0.817633164704636,-6.171286122441545,miscanthus_sacchariflorus_15wks vs miscanthus_sinensis_15wks,FALSE
5545,0.3499274380874766,17.629980171101206,0.5046029454593949,0.6190766409955142,0.817633164704636,-6.171592905504043,miscanthus_sacchariflorus_15wks vs miscanthus_sinensis_15wks,FALSE
2705,0.3294526190165783,17.86991391992833,0.5026878641894992,0.6203998302524154,0.8179435804539947,-6.172557806643748,miscanthus_sacchariflorus_15wks vs miscanthus_sinensis_15wks,FALSE
6245,0.24230722485111045,17.19614056876957,0.5019260360454891,0.6209265679853129,0.8179435804539947,-6.172940653692257,miscanthus_sacchariflorus_15wks vs miscanthus_sinensis_15wks,FALSE
4235,-0.3579898874621037,22.463108756896556,-0.4984942431284382,0.6233019356476002,0.819302970284773,-6.174658233313682,miscanthus_sacchariflorus_15wks vs miscanthus_sinensis_15wks,FALSE
2038,-0.645925674727156,18.97965369144318,-0.49809853703763673,0.6235761007794274,0.819302970284773,-6.174855541042015,miscanthus_sacchariflorus_15wks vs miscanthus_sinensis_15wks,FALSE
147,-0.7930187420364945,19.39789445243786,-0.49449704170943065,0.6260739663394439,0.8215193366604361,-6.176644295050234,miscanthus_sacchariflorus_15wks vs miscanthus_sinensis_15wks,FALSE
5566,0.2568387474543634,17.67953382941759,0.4923932055523087,0.6275352450529538,0.8223715436463676,-6.177683343312922,miscanthus_sacchariflorus_15wks vs miscanthus_sinensis_15wks,FALSE
5058,0.2076797816841811,16.61931204773437,0.49113771512031584,0.628408028907648,0.8224513349915341,-6.178301347264503,miscanthus_sacchariflorus_15wks vs miscanthus_sinensis_15wks,FALSE
1879,-0.5162315991569386,19.159454449751514,-0.4753872895445218,0.6394043372349483,0.835502153648315,-6.185923341877591,miscanthus_sacchariflorus_15wks vs miscanthus_sinensis_15wks,FALSE
4946,-0.31724401869203334,17.742141476174808,-0.4744958426415626,0.6400292904551752,0.835502153648315,-6.186347471168759,miscanthus_sacchariflorus_15wks vs miscanthus_sinensis_15wks,FALSE
186,-0.45116847557046924,20.40239552585362,-0.4714956210884759,0.642134621360166,0.8368417609519656,-6.187769184395521,miscanthus_sacchariflorus_15wks vs miscanthus_sinensis_15wks,FALSE
2166,-0.5616134983378771,20.714602844837046,-0.4706797264482684,0.6427076900499795,0.8368417609519656,-6.188154285979204,miscanthus_sacchariflorus_15wks vs miscanthus_sinensis_15wks,FALSE
245,-0.38449506318277216,18.054848092740425,-0.46746607441640764,0.6449671138239055,0.8384626114757987,-6.1896647784787575,miscanthus_sacchariflorus_15wks vs miscanthus_sinensis_15wks,FALSE
3866,-0.31515857133372194,19.50013391266634,-0.4665555270755519,0.6456079338115726,0.8384626114757987,-6.190090915822586,miscanthus_sacchariflorus_15wks vs miscanthus_sinensis_15wks,FALSE
2905,-0.20305398662931395,17.22545335399241,-0.46518183791937706,0.646575235270294,0.8386436790381663,-6.190732265074747,miscanthus_sacchariflorus_15wks vs miscanthus_sinensis_15wks,FALSE
2151,0.6603527751486382,22.538262297068446,0.4580322450496744,0.6516200350906576,0.8439792249235406,-6.194040371425667,miscanthus_sacchariflorus_15wks vs miscanthus_sinensis_15wks,FALSE
3484,0.5395243178459239,19.06491887622712,0.45568021037860007,0.6532834081146722,0.8439792249235406,-6.195117682918357,miscanthus_sacchariflorus_15wks vs miscanthus_sinensis_15wks,FALSE
1562,0.6546589134801302,19.469865060941867,0.45477701529456516,0.6539226451544844,0.8439792249235406,-6.195529932752837,miscanthus_sacchariflorus_15wks vs miscanthus_sinensis_15wks,FALSE
5406,-0.2503354699905742,17.92030402203916,-0.4539710141103202,0.6544933231699108,0.8439792249235406,-6.1958971431289065,miscanthus_sacchariflorus_15wks vs miscanthus_sinensis_15wks,FALSE
2231,0.6152864640405369,21.467199151424005,0.452289129975212,0.6556848553944775,0.8439792249235406,-6.19666134579508,miscanthus_sacchariflorus_15wks vs miscanthus_sinensis_15wks,FALSE
26,0.3212723733068792,20.59200162689099,0.4482012346993982,0.6585848445739788,0.8439792249235406,-6.19850718282824,miscanthus_sacchariflorus_15wks vs miscanthus_sinensis_15wks,FALSE
5574,0.48016761362709914,18.62793804582295,0.4479156253911964,0.6587876650441282,0.8439792249235406,-6.198635532002096,miscanthus_sacchariflorus_15wks vs miscanthus_sinensis_15wks,FALSE
3325,0.24594305592528798,17.390606955144403,0.44664232389356434,0.6596922052931409,0.8439792249235406,-6.199206761365746,miscanthus_sacchariflorus_15wks vs miscanthus_sinensis_15wks,FALSE
422,-0.3143002561554198,24.54231112964545,-0.4464266907635476,0.6598454417452247,0.8439792249235406,-6.19930334095581,miscanthus_sacchariflorus_15wks vs miscanthus_sinensis_15wks,FALSE
3107,-0.5295024169338731,20.051198365305208,-0.4457731802808111,0.6603099426467682,0.8439792249235406,-6.1995957614119614,miscanthus_sacchariflorus_15wks vs miscanthus_sinensis_15wks,FALSE
4043,-0.38402122446610676,22.60422749785302,-0.4457195976801545,0.6603480342144117,0.8439792249235406,-6.199619718901757,miscanthus_sacchariflorus_15wks vs miscanthus_sinensis_15wks,FALSE
159,0.7235222130288399,19.05788699157047,0.44524340330012546,0.6606865995699582,0.8439792249235406,-6.199832507626375,miscanthus_sacchariflorus_15wks vs miscanthus_sinensis_15wks,FALSE
316,0.3229665095498646,21.357260382086245,0.4438741328055446,0.6616605403260689,0.8441588505671384,-6.200443126791634,miscanthus_sacchariflorus_15wks vs miscanthus_sinensis_15wks,FALSE
5321,0.3077749321590133,18.194988486118433,0.4422466483959327,0.6628189437400003,0.844573069193233,-6.20116649569992,miscanthus_sacchariflorus_15wks vs miscanthus_sinensis_15wks,FALSE
388,0.6390433088650731,20.4739856653293,0.43750296638416075,0.6662003096136577,0.8471132523625027,-6.2032600489671585,miscanthus_sacchariflorus_15wks vs miscanthus_sinensis_15wks,FALSE
5303,-0.2716406458342071,17.986349982358664,-0.4359463402411182,0.6673114876290864,0.8471132523625027,-6.20394221454511,miscanthus_sacchariflorus_15wks vs miscanthus_sinensis_15wks,FALSE
2564,-0.5968726174427452,19.07891120022775,-0.4352663723659755,0.6677971200231855,0.8471132523625027,-6.204239450256929,miscanthus_sacchariflorus_15wks vs miscanthus_sinensis_15wks,FALSE
5497,-0.20640412915548012,17.18728921453468,-0.4347619955169972,0.6681574418930303,0.8471132523625027,-6.204459635310191,miscanthus_sacchariflorus_15wks vs miscanthus_sinensis_15wks,FALSE
3088,0.7136287892042006,19.597351256545412,0.43072670803949836,0.6710431590895177,0.8487934250300478,-6.206212210568069,miscanthus_sacchariflorus_15wks vs miscanthus_sinensis_15wks,FALSE
4729,-0.29644932253436806,19.887530878080934,-0.4305656082963848,0.6711584732962175,0.8487934250300478,-6.20628184508412,miscanthus_sacchariflorus_15wks vs miscanthus_sinensis_15wks,FALSE
3780,-0.31049094821619505,18.524296474283137,-0.4271729673904425,0.6735888301996559,0.8508048441299892,-6.2077423538842815,miscanthus_sacchariflorus_15wks vs miscanthus_sinensis_15wks,FALSE
261,-0.2044349511118888,24.077679849286096,-0.42556988274638474,0.6747384929958278,0.8511956331317229,-6.208428522828428,miscanthus_sacchariflorus_15wks vs miscanthus_sinensis_15wks,FALSE
6013,-0.3762398357313472,18.747262326693892,-0.42310330690284453,0.6765090048177713,0.8515528930262043,-6.209479342096095,miscanthus_sacchariflorus_15wks vs miscanthus_sinensis_15wks,FALSE
1044,0.3779450389243557,25.96693949774621,0.4227236042230402,0.6767817267399445,0.8515528930262043,-6.20964057131071,miscanthus_sacchariflorus_15wks vs miscanthus_sinensis_15wks,FALSE
149,-0.220291904866027,24.176291378107933,-0.42166325381664505,0.6775435654285495,0.8515528930262043,-6.210090063657905,miscanthus_sacchariflorus_15wks vs miscanthus_sinensis_15wks,FALSE
408,0.6204669550860871,22.195514050797108,0.4141024721345831,0.6829860386059381,0.8573294387953102,-6.213262982126897,miscanthus_sacchariflorus_15wks vs miscanthus_sinensis_15wks,FALSE
5,0.16138904082506045,28.692485393728465,0.40777866998103085,0.6875517275243747,0.8619924504730092,-6.215873439773331,miscanthus_sacchariflorus_15wks vs miscanthus_sinensis_15wks,FALSE
2960,-0.5715431888632594,22.62890670089002,-0.4059413928042646,0.6888805175006892,0.8621572159266764,-6.216624456834799,miscanthus_sacchariflorus_15wks vs miscanthus_sinensis_15wks,FALSE
5283,0.36353326743587644,18.96749323524944,0.40471387253514146,0.6897688821270682,0.8621572159266764,-6.217124366234438,miscanthus_sacchariflorus_15wks vs miscanthus_sinensis_15wks,FALSE
198,-0.3917674203835091,20.799056487752228,-0.40355365444084645,0.6906089615331373,0.8621572159266764,-6.217595497169746,miscanthus_sacchariflorus_15wks vs miscanthus_sinensis_15wks,FALSE
5969,-0.3241243318500686,18.028953448058754,-0.4028929765337188,0.6910875215522816,0.8621572159266764,-6.217863184502207,miscanthus_sacchariflorus_15wks vs miscanthus_sinensis_15wks,FALSE
4065,0.3649666180438693,17.98966416801835,0.3981866989998408,0.6945003204227955,0.8645374112604407,-6.219757538533042,miscanthus_sacchariflorus_15wks vs miscanthus_sinensis_15wks,FALSE
863,0.17784540291645712,24.919129877256555,0.3966716223507157,0.6956004109767402,0.8645374112604407,-6.220362718894814,miscanthus_sacchariflorus_15wks vs miscanthus_sinensis_15wks,FALSE
2655,-0.575860371602861,19.389563747663388,-0.39592652772759995,0.696141673300636,0.8645374112604407,-6.2206595052705085,miscanthus_sacchariflorus_15wks vs miscanthus_sinensis_15wks,FALSE
2069,0.42845527837644326,21.591439477869617,0.39555832753097575,0.6964092078860016,0.8645374112604407,-6.22080596405618,miscanthus_sacchariflorus_15wks vs miscanthus_sinensis_15wks,FALSE
2740,-0.252786125453504,18.125390703061466,-0.3912786908613796,0.6995217599095511,0.8673384856650861,-6.222498427055675,miscanthus_sacchariflorus_15wks vs miscanthus_sinensis_15wks,FALSE
204,-0.1309669250982317,23.376206587833884,-0.38913893493710316,0.7010800278373898,0.8678062214035339,-6.22333783308223,miscanthus_sacchariflorus_15wks vs miscanthus_sinensis_15wks,FALSE
348,-0.2157105707890068,23.31927583623298,-0.3884084153505662,0.7016123349748216,0.8678062214035339,-6.2236233705856625,miscanthus_sacchariflorus_15wks vs miscanthus_sinensis_15wks,FALSE
1939,0.28984208598759764,22.741864667985894,0.3829608416636571,0.7055867516026202,0.8714528739316465,-6.225735985536086,miscanthus_sacchariflorus_15wks vs miscanthus_sinensis_15wks,FALSE
481,0.5488536878292187,22.71192616313304,0.3810554826327205,0.7069788983710203,0.8714528739316465,-6.226467957129008,miscanthus_sacchariflorus_15wks vs miscanthus_sinensis_15wks,FALSE
3051,-0.4589441966110286,21.52133494268648,-0.3808331363489815,0.7071414238616124,0.8714528739316465,-6.226553140205678,miscanthus_sacchariflorus_15wks vs miscanthus_sinensis_15wks,FALSE
3597,-0.30682036684418534,18.169753429195772,-0.3777476064722883,0.7093982872410098,0.8720447799566373,-6.227730177136574,miscanthus_sacchariflorus_15wks vs miscanthus_sinensis_15wks,FALSE
1243,0.5704414668097186,18.913198891050424,0.37643716792309134,0.7103576169593178,0.8720447799566373,-6.228227213503915,miscanthus_sacchariflorus_15wks vs miscanthus_sinensis_15wks,FALSE
31,-0.19924439695666507,23.969913176847616,-0.3757381604469703,0.710869539264291,0.8720447799566373,-6.2284916434724416,miscanthus_sacchariflorus_15wks vs miscanthus_sinensis_15wks,FALSE
857,-0.17263810037756144,26.23488963494807,-0.3754711247439116,0.7110651414059056,0.8720447799566373,-6.228592533382213,miscanthus_sacchariflorus_15wks vs miscanthus_sinensis_15wks,FALSE
5208,-0.35155219365084633,18.327500301076924,-0.3732237029472733,0.7127121725936705,0.8722121692460937,-6.229438838188077,miscanthus_sacchariflorus_15wks vs miscanthus_sinensis_15wks,FALSE
236,-0.29740691016210263,23.393647378804083,-0.3723193385126874,0.7133753455648928,0.8722121692460937,-6.229777977804984,miscanthus_sacchariflorus_15wks vs miscanthus_sinensis_15wks,FALSE
638,-0.2842353091772658,19.48339610369394,-0.3711026445896648,0.7142679172084472,0.8722121692460937,-6.230232961440906,miscanthus_sacchariflorus_15wks vs miscanthus_sinensis_15wks,FALSE
924,-0.2093410682477952,23.381364922205726,-0.37058784005361145,0.7146457062924558,0.8722121692460937,-6.230425030640351,miscanthus_sacchariflorus_15wks vs miscanthus_sinensis_15wks,FALSE
5490,0.16260654527025764,16.7463716075175,0.3693497653632217,0.7155545738328226,0.8722704973437416,-6.23088586869783,miscanthus_sacchariflorus_15wks vs miscanthus_sinensis_15wks,FALSE
1635,-0.6444201712553728,20.513556083140784,-0.36418010268529794,0.719354271177708,0.8755644921048651,-6.232793683611649,miscanthus_sacchariflorus_15wks vs miscanthus_sinensis_15wks,FALSE
492,0.40462223679653064,18.5091279967293,0.3626235045303447,0.7204998335527184,0.8755644921048651,-6.233362932167368,miscanthus_sacchariflorus_15wks vs miscanthus_sinensis_15wks,FALSE
441,-0.18139048234288424,23.334830609354757,-0.362148231955345,0.7208497397980824,0.8755644921048651,-6.233536259869836,miscanthus_sacchariflorus_15wks vs miscanthus_sinensis_15wks,FALSE
73,0.6308593265935762,20.19460286358656,0.35962869308002154,0.7227057259409322,0.8767675453630711,-6.23445136488532,miscanthus_sacchariflorus_15wks vs miscanthus_sinensis_15wks,FALSE
339,-0.5101895755456205,20.285427075424185,-0.35754256802596873,0.724243769350982,0.8770573424367716,-6.235204278571771,miscanthus_sacchariflorus_15wks vs miscanthus_sinensis_15wks,FALSE
407,0.4398168477252824,19.603761545565487,0.3557140590557132,0.72559286226764,0.8770573424367716,-6.235860657360926,miscanthus_sacchariflorus_15wks vs miscanthus_sinensis_15wks,FALSE
3228,-0.6757683131944248,20.039690600631097,-0.35536146171604077,0.7258531174875995,0.8770573424367716,-6.235986846754379,miscanthus_sacchariflorus_15wks vs miscanthus_sinensis_15wks,FALSE
3873,-0.16700582411667142,20.647132729663245,-0.35461011175123003,0.726407808790179,0.8770573424367716,-6.236255331508004,miscanthus_sacchariflorus_15wks vs miscanthus_sinensis_15wks,FALSE
485,-0.19214252805059928,25.906325073730557,-0.35070941823967683,0.7292900004659069,0.8794890124666234,-6.237640169347737,miscanthus_sacchariflorus_15wks vs miscanthus_sinensis_15wks,FALSE
447,0.1329680455713529,22.308516018791604,0.3477551110391427,0.7314756514393185,0.8810759035767297,-6.238678946018733,miscanthus_sacchariflorus_15wks vs miscanthus_sinensis_15wks,FALSE
5375,-0.4533823703012523,19.38178182667995,-0.34181490442978435,0.7358773908252799,0.8853251744726942,-6.240741319648545,miscanthus_sacchariflorus_15wks vs miscanthus_sinensis_15wks,FALSE
1487,0.5531730120411424,21.90235189911645,0.3388079055901186,0.7381091623072504,0.8869567988342167,-6.241771924695981,miscanthus_sacchariflorus_15wks vs miscanthus_sinensis_15wks,FALSE
907,-0.3812644825137639,19.639938673381067,-0.33625630805096246,0.7400047979625097,0.8881811141422067,-6.242639385181055,miscanthus_sacchariflorus_15wks vs miscanthus_sinensis_15wks,FALSE
5287,-0.383384234128215,19.093021781827353,-0.3330215679525484,0.7424103901202823,0.8893987040010218,-6.243729769241239,miscanthus_sacchariflorus_15wks vs miscanthus_sinensis_15wks,FALSE
210,-0.4770905962939693,21.49159612441304,-0.3306385773864025,0.7441842878631925,0.8893987040010218,-6.244526371247206,miscanthus_sacchariflorus_15wks vs miscanthus_sinensis_15wks,FALSE
98,-0.5872017536301612,22.863404078925708,-0.3303390515471874,0.7444073581148138,0.8893987040010218,-6.244626098360456,miscanthus_sacchariflorus_15wks vs miscanthus_sinensis_15wks,FALSE
67,-0.5659199319392201,21.150698282336457,-0.33017278326170707,0.7445311954519906,0.8893987040010218,-6.244681418781589,miscanthus_sacchariflorus_15wks vs miscanthus_sinensis_15wks,FALSE
1873,-0.5235437818085344,19.369352495936713,-0.32885818543347717,0.745510562786338,0.889519670321037,-6.245117838671229,miscanthus_sacchariflorus_15wks vs miscanthus_sinensis_15wks,FALSE
1694,0.1703792551821124,24.776216751820964,0.32702855331737196,0.7468743617389031,0.8900985040488338,-6.245722372109487,miscanthus_sacchariflorus_15wks vs miscanthus_sinensis_15wks,FALSE
3778,0.24973416213988742,20.416140564532707,0.32098980623958406,0.7513816293698306,0.893361469184888,-6.247693959595814,miscanthus_sacchariflorus_15wks vs miscanthus_sinensis_15wks,FALSE
531,0.3674706646514352,19.866928355117413,0.3196132322784641,0.7524103734193174,0.893361469184888,-6.248138305597934,miscanthus_sacchariflorus_15wks vs miscanthus_sinensis_15wks,FALSE
2770,0.4833535353148406,18.124845649636953,0.31821260259968814,0.7534575791967995,0.893361469184888,-6.248588476047399,miscanthus_sacchariflorus_15wks vs miscanthus_sinensis_15wks,FALSE
2678,0.45833689167960756,22.905283718978563,0.31808229536035576,0.7535550305040403,0.893361469184888,-6.248630258014964,miscanthus_sacchariflorus_15wks vs miscanthus_sinensis_15wks,FALSE
4270,-0.21946606300484106,18.71584070164433,-0.31745826743289784,0.7540217731027435,0.893361469184888,-6.248830112678612,miscanthus_sacchariflorus_15wks vs miscanthus_sinensis_15wks,FALSE
160,0.16850829356024732,17.188180192507975,0.31404932198669877,0.7565731961529423,0.8949850502527699,-6.249915020004907,miscanthus_sacchariflorus_15wks vs miscanthus_sinensis_15wks,FALSE
3891,-0.4552224962010385,21.06842110114709,-0.3125331835861445,0.7577088660732583,0.8949850502527699,-6.250393808854804,miscanthus_sacchariflorus_15wks vs miscanthus_sinensis_15wks,FALSE
2514,-0.38237757668587236,25.237942738711176,-0.31208776027276425,0.7580426190689797,0.8949850502527699,-6.250534035138731,miscanthus_sacchariflorus_15wks vs miscanthus_sinensis_15wks,FALSE
1732,-0.23443756306755148,19.234677598597656,-0.3089935899885193,0.7603623940683417,0.8966331186556404,-6.251502660792382,miscanthus_sacchariflorus_15wks vs miscanthus_sinensis_15wks,FALSE
2515,-0.5118196628599812,19.996585371652355,-0.3043944797476034,0.7638147287709608,0.8966331186556404,-6.252924736472288,miscanthus_sacchariflorus_15wks vs miscanthus_sinensis_15wks,FALSE
920,0.2937537769050991,19.551354693363017,0.30431915955825223,0.7638713102434553,0.8966331186556404,-6.252947850115547,miscanthus_sacchariflorus_15wks vs miscanthus_sinensis_15wks,FALSE
2644,-0.18462172576203528,17.463404569914115,-0.3030491095029605,0.7648255912527085,0.8966331186556404,-6.253336739040074,miscanthus_sacchariflorus_15wks vs miscanthus_sinensis_15wks,FALSE
241,-0.156348754049084,22.1656947462634,-0.30270062665725256,0.7650874988156083,0.8966331186556404,-6.253443162579029,miscanthus_sacchariflorus_15wks vs miscanthus_sinensis_15wks,FALSE
3178,0.38779751844987587,19.600879196985847,0.3019732769703969,0.7656342422962203,0.8966331186556404,-6.253664897678205,miscanthus_sacchariflorus_15wks vs miscanthus_sinensis_15wks,FALSE
429,-0.4951266380732733,20.685463512251072,-0.3013075263698656,0.7661347919949495,0.8966331186556404,-6.253867390652963,miscanthus_sacchariflorus_15wks vs miscanthus_sinensis_15wks,FALSE
707,-0.19952299100484794,22.81654073316448,-0.30079590862245814,0.7665195269060064,0.8966331186556404,-6.25402270197671,miscanthus_sacchariflorus_15wks vs miscanthus_sinensis_15wks,FALSE
4958,0.5551408097393207,19.232960017224965,0.299501906927728,0.7674928874683019,0.896736211078881,-6.254414353238926,miscanthus_sacchariflorus_15wks vs miscanthus_sinensis_15wks,FALSE
2287,0.18081439788876708,18.055347350734788,0.29799757872889304,0.7686249522485479,0.8970242818292384,-6.2548675594249445,miscanthus_sacchariflorus_15wks vs miscanthus_sinensis_15wks,FALSE
5731,0.2654719126733234,18.114636711805463,0.29606038502834175,0.7700835445437245,0.8976923252276098,-6.255447841706716,miscanthus_sacchariflorus_15wks vs miscanthus_sinensis_15wks,FALSE
3952,-0.22948659729443577,17.361484883669675,-0.29315766532797904,0.7722707531203807,0.8987347455105764,-6.2563103215140305,miscanthus_sacchariflorus_15wks vs miscanthus_sinensis_15wks,FALSE
5050,-0.20577292247174128,24.701373329595107,-0.29251908737121984,0.77275218493555,0.8987347455105764,-6.256498930254467,miscanthus_sacchariflorus_15wks vs miscanthus_sinensis_15wks,FALSE
81,0.1720632114510927,22.492329754950344,0.2902185328790592,0.7744873779754675,0.899719855377464,-6.257175034524117,miscanthus_sacchariflorus_15wks vs miscanthus_sinensis_15wks,FALSE
3156,-0.24814097025491577,19.34287088236356,-0.28703708066565214,0.7768889784561792,0.9014759853105494,-6.258101299787924,miscanthus_sacchariflorus_15wks vs miscanthus_sinensis_15wks,FALSE
283,-0.27779057874246504,18.355959650358514,-0.28387298176591597,0.7792797500871246,0.9018459779686567,-6.2590124672687635,miscanthus_sacchariflorus_15wks vs miscanthus_sinensis_15wks,FALSE
5921,-0.3759937744435575,18.10965870245498,-0.2832996346389562,0.7797132078633366,0.9018459779686567,-6.259176502063485,miscanthus_sacchariflorus_15wks vs miscanthus_sinensis_15wks,FALSE
284,0.250813042309165,22.083460069127227,0.2825171326337414,0.7803049079511847,0.9018459779686567,-6.259399845146128,miscanthus_sacchariflorus_15wks vs miscanthus_sinensis_15wks,FALSE
395,-0.29154451709638707,22.628720808528158,-0.2804228979297972,0.7818891641420083,0.9018459779686567,-6.259994569781315,miscanthus_sacchariflorus_15wks vs miscanthus_sinensis_15wks,FALSE
243,0.38785760850309003,23.04281613066984,0.2797474161160068,0.7824003631678542,0.9018459779686567,-6.260185457822935,miscanthus_sacchariflorus_15wks vs miscanthus_sinensis_15wks,FALSE
2853,-0.38585551230361403,19.825897636810687,-0.27955041430068456,0.7825494715048859,0.9018459779686567,-6.260241043579313,miscanthus_sacchariflorus_15wks vs miscanthus_sinensis_15wks,FALSE
3627,-0.291000141977932,20.4833843308991,-0.27678512246016085,0.7846433900129555,0.9025318640081086,-6.261017193162819,miscanthus_sacchariflorus_15wks vs miscanthus_sinensis_15wks,FALSE
963,0.2231907565616318,17.966021601776607,0.27539200432624783,0.785698913787517,0.9025318640081086,-6.261405306445237,miscanthus_sacchariflorus_15wks vs miscanthus_sinensis_15wks,FALSE
5788,-0.1730568030411277,18.094621543306904,-0.27523555543172046,0.7858174768560234,0.9025318640081086,-6.2614487706432636,miscanthus_sacchariflorus_15wks vs miscanthus_sinensis_15wks,FALSE
4396,0.45175315371205826,21.006288046768713,0.27256949325014174,0.7878387395199407,0.9030809472963908,-6.26218567979337,miscanthus_sacchariflorus_15wks vs miscanthus_sinensis_15wks,FALSE
413,0.29485748657636535,24.001163082493854,0.27225333366191784,0.7880785364363371,0.9030809472963908,-6.262272595172323,miscanthus_sacchariflorus_15wks vs miscanthus_sinensis_15wks,FALSE
3799,0.2634697968036406,18.236039522481278,0.26785105355735345,0.7914197532633617,0.9058849831138819,-6.263472418832596,miscanthus_sacchariflorus_15wks vs miscanthus_sinensis_15wks,FALSE
2107,0.22470602193934042,18.08186474732857,0.2552886812403533,0.8009766853651369,0.9126352764457979,-6.266789426176371,miscanthus_sacchariflorus_15wks vs miscanthus_sinensis_15wks,FALSE
3300,-0.29634166594462386,19.90518054775118,-0.25461704073194874,0.801488557420956,0.9126352764457979,-6.266962311150896,miscanthus_sacchariflorus_15wks vs miscanthus_sinensis_15wks,FALSE
3966,0.12986654630517336,19.995877167589452,0.25276578906036085,0.8028999097597036,0.9126352764457979,-6.267436493436043,miscanthus_sacchariflorus_15wks vs miscanthus_sinensis_15wks,FALSE
2071,0.3535121375028929,19.388166064823288,0.2524400955224483,0.8031482826278216,0.9126352764457979,-6.267519561360716,miscanthus_sacchariflorus_15wks vs miscanthus_sinensis_15wks,FALSE
108,-0.09264074307592551,23.474471753853123,-0.2523385456849602,0.8032257285772907,0.9126352764457979,-6.267545439813835,miscanthus_sacchariflorus_15wks vs miscanthus_sinensis_15wks,FALSE
145,-0.2518093360152065,20.36003251104566,-0.25103239487109724,0.8042220356862795,0.9126352764457979,-6.2678773702699155,miscanthus_sacchariflorus_15wks vs miscanthus_sinensis_15wks,FALSE
1719,-0.09903758805642582,17.62948186016824,-0.24932898032038742,0.8055218804811216,0.9126352764457979,-6.268307684593418,miscanthus_sacchariflorus_15wks vs miscanthus_sinensis_15wks,FALSE
399,0.14882564800443987,27.444342816419528,0.24846789172068492,0.8061791812728609,0.9126352764457979,-6.268524103540644,miscanthus_sacchariflorus_15wks vs miscanthus_sinensis_15wks,FALSE
124,-0.24896550054311462,18.774148346935892,-0.2482550915206192,0.8063416421949212,0.9126352764457979,-6.268577472316314,miscanthus_sacchariflorus_15wks vs miscanthus_sinensis_15wks,FALSE
5708,0.1203053075056495,16.537679087532663,0.24730325906517675,0.8070684220809244,0.9126352764457979,-6.2688156287911845,miscanthus_sacchariflorus_15wks vs miscanthus_sinensis_15wks,FALSE
1354,-0.13444357813705565,23.46102985562413,-0.24630883078980975,0.8078279172411956,0.9126352764457979,-6.2690634717366365,miscanthus_sacchariflorus_15wks vs miscanthus_sinensis_15wks,FALSE
130,-0.27998474342640023,24.669236982725508,-0.24591576292240708,0.8081281766751043,0.9126352764457979,-6.26916116293333,miscanthus_sacchariflorus_15wks vs miscanthus_sinensis_15wks,FALSE
3779,0.28275151073024674,19.017290201851377,0.2435950745744139,0.8099015366992305,0.9131495523423299,-6.269734774411041,miscanthus_sacchariflorus_15wks vs miscanthus_sinensis_15wks,FALSE
2491,-0.32666349563986685,19.468783017005478,-0.24296077105862693,0.810386424043193,0.9131495523423299,-6.269890616176054,miscanthus_sacchariflorus_15wks vs miscanthus_sinensis_15wks,FALSE
58,0.2540484853382772,23.69315172984505,0.23948374802001776,0.813045783255886,0.9151281982646806,-6.270737707216187,miscanthus_sacchariflorus_15wks vs miscanthus_sinensis_15wks,FALSE
1597,0.3053189460627834,19.284561590867174,0.2337291084674708,0.8174522196770475,0.9182587967488715,-6.272113004404827,miscanthus_sacchariflorus_15wks vs miscanthus_sinensis_15wks,FALSE
1697,0.30699601932727916,22.784814441197476,0.23348390770244037,0.8176401131959349,0.9182587967488715,-6.272170865786021,miscanthus_sacchariflorus_15wks vs miscanthus_sinensis_15wks,FALSE
488,-0.11562667354045075,23.998817982907468,-0.22946543341346332,0.8207210006180903,0.9196201460918155,-6.2731105191873215,miscanthus_sacchariflorus_15wks vs miscanthus_sinensis_15wks,FALSE
1781,0.3241630686286783,19.540359247368084,0.2287424946337512,0.8212755805764311,0.9196201460918155,-6.273277844033082,miscanthus_sacchariflorus_15wks vs miscanthus_sinensis_15wks,FALSE
2782,-0.20263545178815434,18.528157318139954,-0.2283512554671431,0.8215757474956495,0.9196201460918155,-6.2733681776377885,miscanthus_sacchariflorus_15wks vs miscanthus_sinensis_15wks,FALSE
2200,-0.18797369188194324,18.672339420669296,-0.22596128916811056,0.8234099866792907,0.9206559784835778,-6.2739166587498545,miscanthus_sacchariflorus_15wks vs miscanthus_sinensis_15wks,FALSE
1823,0.09371040949866938,22.834056812236476,0.2204371278328497,0.8276535870277896,0.9243804670993945,-6.275162440355205,miscanthus_sacchariflorus_15wks vs miscanthus_sinensis_15wks,FALSE
1662,-0.2961234713522387,21.07229391246575,-0.217275452552223,0.8300847911141969,0.9247292207837654,-6.275861638265016,miscanthus_sacchariflorus_15wks vs miscanthus_sinensis_15wks,FALSE
137,-0.09439382704743338,25.149149950889992,-0.2167692721324908,0.8304741867526708,0.9247292207837654,-6.275972645349352,miscanthus_sacchariflorus_15wks vs miscanthus_sinensis_15wks,FALSE
119,-0.15323010496627987,24.808434039703645,-0.2164699990126488,0.830704433280579,0.9247292207837654,-6.276038155728467,miscanthus_sacchariflorus_15wks vs miscanthus_sinensis_15wks,FALSE
2207,0.18273406562275696,17.60310699253141,0.21253735793489797,0.8337314613859141,0.9270800992139748,-6.276890633270464,miscanthus_sacchariflorus_15wks vs miscanthus_sinensis_15wks,FALSE
390,0.22704922517417714,19.164861028246413,0.20892794768277217,0.8365120221968625,0.929152059742787,-6.277659349545183,miscanthus_sacchariflorus_15wks vs miscanthus_sinensis_15wks,FALSE
1529,0.21933340375234778,18.823691380150365,0.20030068147912464,0.8431669765910881,0.9355182336109226,-6.279443620922044,miscanthus_sacchariflorus_15wks vs miscanthus_sinensis_15wks,FALSE
3991,0.11361727434394453,25.604935692312164,0.19777794769963408,0.8451152746982044,0.9366540188941804,-6.279951207578656,miscanthus_sacchariflorus_15wks vs miscanthus_sinensis_15wks,FALSE
4901,0.25312515061665763,19.211494661267825,0.196227424053979,0.8463132436862453,0.9369566293488159,-6.2802600007022145,miscanthus_sacchariflorus_15wks vs miscanthus_sinensis_15wks,FALSE
4210,0.16919701856405212,19.293493308107813,0.1903089300022476,0.8508894829264548,0.9407837303265697,-6.28141643101299,miscanthus_sacchariflorus_15wks vs miscanthus_sinensis_15wks,FALSE
5070,-0.13692562939506914,19.267617072507395,-0.18935507389719886,0.8516275229116135,0.9407837303265697,-6.281599505728856,miscanthus_sacchariflorus_15wks vs miscanthus_sinensis_15wks,FALSE
3470,0.13590260361229412,18.351174644340077,0.18552296187439776,0.8545939930227859,0.9422368735830305,-6.2823257678625914,miscanthus_sacchariflorus_15wks vs miscanthus_sinensis_15wks,FALSE
4472,-0.08528206423050833,16.800558100889962,-0.18525275703344096,0.8548032446424532,0.9422368735830305,-6.282376418622209,miscanthus_sacchariflorus_15wks vs miscanthus_sinensis_15wks,FALSE
903,0.06386330628120973,23.604916279249316,0.17667422398702637,0.861452231670066,0.946944127174261,-6.283946237785625,miscanthus_sacchariflorus_15wks vs miscanthus_sinensis_15wks,FALSE
534,0.13401526997605728,21.950956386619808,0.17583653571875132,0.862102074279023,0.946944127174261,-6.284095553876086,miscanthus_sacchariflorus_15wks vs miscanthus_sinensis_15wks,FALSE
2635,0.15266393770289355,21.96213533212533,0.1756676807395653,0.8622330768655988,0.946944127174261,-6.284125566224685,miscanthus_sacchariflorus_15wks vs miscanthus_sinensis_15wks,FALSE
4421,-0.10929083097118308,20.43205383984872,-0.17492043285293124,0.8628128621735863,0.946944127174261,-6.28425803724229,miscanthus_sacchariflorus_15wks vs miscanthus_sinensis_15wks,FALSE
295,-0.268077129042787,21.033616837628635,-0.17031823966109333,0.8663854123809794,0.9492569736711237,-6.2850614948361265,miscanthus_sacchariflorus_15wks vs miscanthus_sinensis_15wks,FALSE
6093,0.20688052860405293,21.804489378057454,0.1686436152435493,0.8676861063359372,0.9492569736711237,-6.28534855297294,miscanthus_sacchariflorus_15wks vs miscanthus_sinensis_15wks,FALSE
6015,0.17863804574545128,21.829571769831787,0.16858524645534156,0.8677314487852522,0.9492569736711237,-6.285358507331402,miscanthus_sacchariflorus_15wks vs miscanthus_sinensis_15wks,FALSE
116,0.1444831527317092,22.13373431902409,0.1659936042864582,0.8697451744917466,0.9504335078318655,-6.285797028758253,miscanthus_sacchariflorus_15wks vs miscanthus_sinensis_15wks,FALSE
1457,-0.08563091626197661,17.217234159698314,-0.161524113516997,0.87322012466722,0.9525234479052793,-6.286537375102487,miscanthus_sacchariflorus_15wks vs miscanthus_sinensis_15wks,FALSE
4177,0.13248685027103946,18.654657921170635,0.16014437127752798,0.8742933835389878,0.9525234479052793,-6.286761850557347,miscanthus_sacchariflorus_15wks vs miscanthus_sinensis_15wks,FALSE
3523,-0.09624137469951677,22.516149788751044,-0.15990631548063142,0.874478584947591,0.9525234479052793,-6.286800386451822,miscanthus_sacchariflorus_15wks vs miscanthus_sinensis_15wks,FALSE
1268,0.16460994693595765,23.392455616595626,0.15732973387551383,0.8764835701960156,0.9536819082798753,-6.287213818235119,miscanthus_sacchariflorus_15wks vs miscanthus_sinensis_15wks,FALSE
4419,0.1062062260999781,18.84076411835623,0.1549068008417041,0.8783697689354106,0.9547087724587672,-6.287596483727595,miscanthus_sacchariflorus_15wks vs miscanthus_sinensis_15wks,FALSE
3122,-0.260135412951751,20.060103227378693,-0.15355716838080397,0.8794207493733008,0.9548266014095967,-6.287807068327375,miscanthus_sacchariflorus_15wks vs miscanthus_sinensis_15wks,FALSE
4022,0.24592710464470358,20.759649923664583,0.15051654357141517,0.8817893648613963,0.9563732618892874,-6.2882747632200315,miscanthus_sacchariflorus_15wks vs miscanthus_sinensis_15wks,FALSE
44,-0.07864782175744622,26.812731239906626,-0.14740506140293524,0.8842143518439882,0.9579776881475509,-6.288743695288359,miscanthus_sacchariflorus_15wks vs miscanthus_sinensis_15wks,FALSE
2052,0.18508499941651024,18.401516585397264,0.14332821299794812,0.8873934716964393,0.9596600044477472,-6.2893433239679,miscanthus_sacchariflorus_15wks vs miscanthus_sinensis_15wks,FALSE
555,0.05316480749323915,20.76844676407179,0.14066520412535255,0.8894711350546377,0.9596600044477472,-6.289725941302036,miscanthus_sacchariflorus_15wks vs miscanthus_sinensis_15wks,FALSE
808,0.10057693605235585,21.714065610690167,0.14046922717516347,0.8896240674465078,0.9596600044477472,-6.2897538160803315,miscanthus_sacchariflorus_15wks vs miscanthus_sinensis_15wks,FALSE
3548,0.16345743387714862,19.98426191815575,0.13798355765290665,0.8915641625166393,0.9596600044477472,-6.290103999269794,miscanthus_sacchariflorus_15wks vs miscanthus_sinensis_15wks,FALSE
199,0.18253204564485515,19.279902547106904,0.13736067750756473,0.8920504376069327,0.9596600044477472,-6.290190773347781,miscanthus_sacchariflorus_15wks vs miscanthus_sinensis_15wks,FALSE
4636,-0.0920630013831385,19.702814195001533,-0.1372897244444378,0.8921058325820994,0.9596600044477472,-6.2902006330307945,miscanthus_sacchariflorus_15wks vs miscanthus_sinensis_15wks,FALSE
1461,0.24120000273499187,20.302249401917233,0.13691481597811025,0.8923985431290995,0.9596600044477472,-6.2902526461328305,miscanthus_sacchariflorus_15wks vs miscanthus_sinensis_15wks,FALSE
5474,-0.08759016486635574,18.39407099359217,-0.13565559275992645,0.8933817990784438,0.9596985816187312,-6.290426305830635,miscanthus_sacchariflorus_15wks vs miscanthus_sinensis_15wks,FALSE
5332,0.07045840902815925,17.70361931775443,0.1333812428419426,0.89515815427144,0.9605881464798398,-6.290735902875805,miscanthus_sacchariflorus_15wks vs miscanthus_sinensis_15wks,FALSE
1486,0.18901101975796308,21.92698477811356,0.12995512011772542,0.8978351504167761,0.9623136828813259,-6.291192420596411,miscanthus_sacchariflorus_15wks vs miscanthus_sinensis_15wks,FALSE
136,-0.07113743372536874,23.400065652281626,-0.12600266862148568,0.9009249408021209,0.9623136828813259,-6.2917043371344095,miscanthus_sacchariflorus_15wks vs miscanthus_sinensis_15wks,FALSE
1948,-0.06157020219718845,25.669431523596337,-0.12587755306020904,0.9010227752387614,0.9623136828813259,-6.291720284199242,miscanthus_sacchariflorus_15wks vs miscanthus_sinensis_15wks,FALSE
442,-0.13980030511570263,19.270079051215195,-0.12541930731583079,0.9013811154422605,0.9623136828813259,-6.291778556535301,miscanthus_sacchariflorus_15wks vs miscanthus_sinensis_15wks,FALSE
162,0.16935956082484083,20.694740020424526,0.12524685294455196,0.9015159773488433,0.9623136828813259,-6.291800431558734,miscanthus_sacchariflorus_15wks vs miscanthus_sinensis_15wks,FALSE
4953,0.0950268100743159,19.27984229937128,0.12394217029801784,0.902536357255378,0.9623887683154714,-6.291964950658941,miscanthus_sacchariflorus_15wks vs miscanthus_sinensis_15wks,FALSE
1225,0.12886133411306844,21.28311574451641,0.12118797281705018,0.9046909539448813,0.9627507092019665,-6.292306603450857,miscanthus_sacchariflorus_15wks vs miscanthus_sinensis_15wks,FALSE
1805,0.09302992745528726,23.49440686896759,0.12107853846491781,0.9047765796251452,0.9627507092019665,-6.292320020212474,miscanthus_sacchariflorus_15wks vs miscanthus_sinensis_15wks,FALSE
5108,0.06481791643502888,17.55112929569515,0.11867701366644819,0.9066559228807541,0.9634998917816756,-6.292611402270667,miscanthus_sacchariflorus_15wks vs miscanthus_sinensis_15wks,FALSE
2169,-0.07408699931550444,17.447200821882024,-0.11686753359486142,0.9080723251778233,0.9634998917816756,-6.292827099508196,miscanthus_sacchariflorus_15wks vs miscanthus_sinensis_15wks,FALSE
5635,0.039209460196442336,16.92269819862111,0.11621399829410058,0.9085839687402181,0.9634998917816756,-6.292904189996532,miscanthus_sacchariflorus_15wks vs miscanthus_sinensis_15wks,FALSE
270,-0.1598079153030909,19.28982785627836,-0.11531839609781037,0.9092851890851746,0.9634998917816756,-6.293009133274082,miscanthus_sacchariflorus_15wks vs miscanthus_sinensis_15wks,FALSE
357,-0.047999980590223146,20.250580373482173,-0.110624532157395,0.9129615214960065,0.9662537640834531,-6.293545881301974,miscanthus_sacchariflorus_15wks vs miscanthus_sinensis_15wks,FALSE
2342,-0.14661865310329247,20.065984429502684,-0.10881706618364248,0.914377704298357,0.9662537640834531,-6.293746626797021,miscanthus_sacchariflorus_15wks vs miscanthus_sinensis_15wks,FALSE
4986,0.07003682316957693,18.511387163848045,0.10821899267001618,0.9148463703345373,0.9662537640834531,-6.293812324288638,miscanthus_sacchariflorus_15wks vs miscanthus_sinensis_15wks,FALSE
4700,0.14864426166829503,19.24395090425382,0.10592303139866494,0.91664583903529,0.9662537640834531,-6.2940611730030085,miscanthus_sacchariflorus_15wks vs miscanthus_sinensis_15wks,FALSE
4707,-0.09971418294014356,19.17566244547971,-0.10591341942238547,0.9166533734296135,0.9662537640834531,-6.2940622035969325,miscanthus_sacchariflorus_15wks vs miscanthus_sinensis_15wks,FALSE
3500,-0.055879700050116554,19.091980916228685,-0.10244338055694502,0.9193738993536921,0.9673958869822811,-6.294428155434726,miscanthus_sacchariflorus_15wks vs miscanthus_sinensis_15wks,FALSE
1251,-0.15669386909741334,19.42982039125015,-0.10209532823255178,0.919646830369138,0.9673958869822811,-6.2944641892641435,miscanthus_sacchariflorus_15wks vs miscanthus_sinensis_15wks,FALSE
435,-0.14371850253840535,19.327668850947706,-0.0982725492796411,0.922645186763003,0.9695431267540685,-6.2948518988747795,miscanthus_sacchariflorus_15wks vs miscanthus_sinensis_15wks,FALSE
352,0.12912635087509017,18.609367790171614,0.09394910716409084,0.9260376520707996,0.9720996285468602,-6.295272575372632,miscanthus_sacchariflorus_15wks vs miscanthus_sinensis_15wks,FALSE
225,0.10817554415401887,20.54573446879329,0.09051850974486354,0.9287305610586316,0.973530295729715,-6.29559292318717,miscanthus_sacchariflorus_15wks vs miscanthus_sinensis_15wks,FALSE
936,0.09850864757923716,18.59297507526825,0.08976443750268016,0.9293226021427782,0.973530295729715,-6.295661742076755,miscanthus_sacchariflorus_15wks vs miscanthus_sinensis_15wks,FALSE
4637,-0.07058567014491146,19.62903641493131,-0.08621519884008443,0.932109756460211,0.9743157664492669,-6.295977930361533,miscanthus_sacchariflorus_15wks vs miscanthus_sinensis_15wks,FALSE
30,-0.11207255097435365,21.748999841962572,-0.08535377168062051,0.9327863560524702,0.9743157664492669,-6.296052749669134,miscanthus_sacchariflorus_15wks vs miscanthus_sinensis_15wks,FALSE
2490,0.10640429213411551,21.831180450953994,0.08513545187671592,0.9329578415160797,0.9743157664492669,-6.2960715925982615,miscanthus_sacchariflorus_15wks vs miscanthus_sinensis_15wks,FALSE
3763,0.04869378551100567,27.491835311425277,0.08247547570079697,0.9350474605383352,0.9754923558448337,-6.296297298839938,miscanthus_sacchariflorus_15wks vs miscanthus_sinensis_15wks,FALSE
6180,0.05282885688313854,20.007306381280536,0.07860320776269773,0.9380902834018323,0.9764123615135629,-6.296613074283222,miscanthus_sacchariflorus_15wks vs miscanthus_sinensis_15wks,FALSE
1818,0.029395611029801927,18.822272236271683,0.07856661434098759,0.9381190431640234,0.9764123615135629,-6.296615986031097,miscanthus_sacchariflorus_15wks vs miscanthus_sinensis_15wks,FALSE
203,-0.1155104537412619,19.650508665926736,-0.07767353199722539,0.9388209675362391,0.9764123615135629,-6.296686628728257,miscanthus_sacchariflorus_15wks vs miscanthus_sinensis_15wks,FALSE
5082,0.06152656052478278,21.419225662838144,0.07507378483187817,0.940864545321072,0.9766867476408763,-6.296887673854697,miscanthus_sacchariflorus_15wks vs miscanthus_sinensis_15wks,FALSE
525,0.05444207608061191,20.975803388414096,0.07488482700893996,0.9410130954565599,0.9766867476408763,-6.296902019816322,miscanthus_sacchariflorus_15wks vs miscanthus_sinensis_15wks,FALSE
1036,0.09504544623140987,19.255617249889987,0.07271333408328146,0.9427203820720307,0.9768147558250458,-6.297064289151532,miscanthus_sacchariflorus_15wks vs miscanthus_sinensis_15wks,FALSE
3028,-0.0686387918736493,21.600485416943958,-0.07227507675839949,0.9430649863740324,0.9768147558250458,-6.297096460084388,miscanthus_sacchariflorus_15wks vs miscanthus_sinensis_15wks,FALSE
4955,0.08394093802099789,22.30160041448347,0.06966025085548938,0.94512127449128025,0.977944689540007,-6.297284365411693,miscanthus_sacchariflorus_15wks vs miscanthus_sinensis_15wks,FALSE
824,-0.05788868058436947,18.12267908963267,-0.06623607070074292,0.9478146263169269,0.9797308331214766,-6.297519967439929,miscanthus_sacchariflorus_15wks vs miscanthus_sinensis_15wks,FALSE
387,-0.06829428269063698,20.44905130544516,-0.059278980784330075,0.9532887889093612,0.9843848554181274,-6.297962099896448,miscanthus_sacchariflorus_15wks vs miscanthus_sinensis_15wks,FALSE
3110,-0.052228809253694664,22.156011131202067,-0.05710623536023175,0.9549989038763387,0.9851465271147973,-6.298090140474485,miscanthus_sacchariflorus_15wks vs miscanthus_sinensis_15wks,FALSE
6094,0.05623976151563426,22.25292501820874,0.05072470051761065,0.9600229079029812,0.98849374562334,-6.298438573655296,miscanthus_sacchariflorus_15wks vs miscanthus_sinensis_15wks,FALSE
2576,-0.07264235551724241,21.49259466159602,-0.05050575796006107,0.9601953067061861,0.98849374562334,-6.29844979642217,miscanthus_sacchariflorus_15wks vs miscanthus_sinensis_15wks,FALSE
4359,-0.0329958786085669,17.510258966004002,-0.047816851933208844,0.962312753670327,0.9886511198391424,-6.298583668691447,miscanthus_sacchariflorus_15wks vs miscanthus_sinensis_15wks,FALSE
438,0.026558422282999317,18.180839266240532,0.04631878039246537,0.9634925726600315,0.9886511198391424,-6.298655077620221,miscanthus_sacchariflorus_15wks vs miscanthus_sinensis_15wks,FALSE
2563,-0.023364267178877185,16.80495292323211,-0.04456349240209167,0.9648750735477998,0.9886511198391424,-6.298735856287178,miscanthus_sacchariflorus_15wks vs miscanthus_sinensis_15wks,FALSE
3519,0.04387975019104928,20.756488764326033,0.043662903339985744,0.9655844402450167,0.9886511198391424,-6.298776090626297,miscanthus_sacchariflorus_15wks vs miscanthus_sinensis_15wks,FALSE
46,-0.015045296054619683,25.529427575076117,-0.04232849104115109,0.9666355698910576,0.9886511198391424,-6.298834196329588,miscanthus_sacchariflorus_15wks vs miscanthus_sinensis_15wks,FALSE
83,-0.05308666077780444,19.7008632552367,-0.040377888556211404,0.9681721899355109,0.9886511198391424,-6.298915889256939,miscanthus_sacchariflorus_15wks vs miscanthus_sinensis_15wks,FALSE
4671,-0.02593123354579774,18.75670495108397,-0.03942498854261567,0.9689228994808539,0.9886511198391424,-6.298954396735784,miscanthus_sacchariflorus_15wks vs miscanthus_sinensis_15wks,FALSE
5263,0.030387599904987184,19.424299479837387,0.03730974026302493,0.9705894297139841,0.9886511198391424,-6.299036589777948,miscanthus_sacchariflorus_15wks vs miscanthus_sinensis_15wks,FALSE
158,-0.032481134808318046,22.434673310472164,-0.03588744177787824,0.9717100869469519,0.9886511198391424,-6.299089309084471,miscanthus_sacchariflorus_15wks vs miscanthus_sinensis_15wks,FALSE
258,0.04443634161372856,18.97010434434162,0.03572283090504724,0.9718397910375169,0.9886511198391424,-6.299095278332976,miscanthus_sacchariflorus_15wks vs miscanthus_sinensis_15wks,FALSE
2419,-0.040190294047558695,21.106428876857528,-0.03481858807658263,0.9725522975737719,0.9886511198391424,-6.299127579326702,miscanthus_sacchariflorus_15wks vs miscanthus_sinensis_15wks,FALSE
1920,0.015990430104427134,22.952658055026696,0.034589060347497626,0.9727331598432782,0.9886511198391424,-6.299135646659224,miscanthus_sacchariflorus_15wks vs miscanthus_sinensis_15wks,FALSE
2270,-0.0563204833287152,19.894224850317336,-0.03420511557032527,0.973035702349087,0.9886511198391424,-6.299149022107792,miscanthus_sacchariflorus_15wks vs miscanthus_sinensis_15wks,FALSE
1314,0.021883405202967054,22.019425094895954,0.02582880220305269,0.9796370620598329,0.994361065998608,-6.299403671801805,miscanthus_sacchariflorus_15wks vs miscanthus_sinensis_15wks,FALSE
5803,0.02045710656736688,18.81012364020846,0.02444721656454375,0.980726044283762,0.994469952812263,-6.299438847144874,miscanthus_sacchariflorus_15wks vs miscanthus_sinensis_15wks,FALSE
1822,-0.010417927780412839,22.32125442453286,-0.022111004068200504,0.9825675612610913,0.9953409395574855,-6.29949392921668,miscanthus_sacchariflorus_15wks vs miscanthus_sinensis_15wks,FALSE
726,0.023365356645847157,19.582435164512905,0.01826878949686917,0.9855963945254451,0.9953550259593972,-6.299572498007698,miscanthus_sacchariflorus_15wks vs miscanthus_sinensis_15wks,FALSE
5045,0.01712488556669456,19.82215118936804,0.016525836086880866,0.9869704479754418,0.9953550259593972,-6.29960320976066,miscanthus_sacchariflorus_15wks vs miscanthus_sinensis_15wks,FALSE
4230,0.01502076666793073,22.84394293722671,0.015659075832806752,0.9876537722039449,0.9953550259593972,-6.299617337052475,miscanthus_sacchariflorus_15wks vs miscanthus_sinensis_15wks,FALSE
256,-0.020052649371805842,20.062995786020473,-0.015022036053016288,0.9881559988679928,0.9953550259593972,-6.299627235013864,miscanthus_sacchariflorus_15wks vs miscanthus_sinensis_15wks,FALSE
232,0.010437207332234522,22.217857206644837,0.01148640663585619,0.9909434887063826,0.9953550259593972,-6.299674698569355,miscanthus_sacchariflorus_15wks vs miscanthus_sinensis_15wks,FALSE
1746,-0.01166624032169139,22.41751122956059,-0.010666566502805674,0.9915898688467293,0.9953550259593972,-6.299683896109702,miscanthus_sacchariflorus_15wks vs miscanthus_sinensis_15wks,FALSE
5252,-0.008815226008298538,18.69264017637707,-0.010001441501149632,0.9921142725181007,0.9953550259593972,-6.299690857768602,miscanthus_sacchariflorus_15wks vs miscanthus_sinensis_15wks,FALSE
1319,-0.0060776448240495995,17.50018629390663,-0.009812190009284476,0.9922634845129831,0.9953550259593972,-6.299692756722521,miscanthus_sacchariflorus_15wks vs miscanthus_sinensis_15wks,FALSE
6064,-0.009799181171583626,19.73212929961447,-0.008268238405457437,0.9934807962185281,0.9953550259593972,-6.2997068936089775,miscanthus_sacchariflorus_15wks vs miscanthus_sinensis_15wks,FALSE
1013,0.0064620644013011486,20.258226445352236,0.008026027164439686,0.9936717665691814,0.9953550259593972,-6.299708892277601,miscanthus_sacchariflorus_15wks vs miscanthus_sinensis_15wks,FALSE
3054,0.004763651683852288,17.83374738147315,0.007930325963845356,0.9937472218530754,0.9953550259593972,-6.29970966560392,miscanthus_sacchariflorus_15wks vs miscanthus_sinensis_15wks,FALSE
6046,-0.00614301422692165,22.40801616842795,-0.0071373484576356915,0.9943724444925073,0.9953550259593972,-6.299715716490423,miscanthus_sacchariflorus_15wks vs miscanthus_sinensis_15wks,FALSE
233,0.004721317685923765,23.467067754603388,0.0054346879893172155,0.9957149181098968,0.9957149181098968,-6.299726556906479,miscanthus_sacchariflorus_15wks vs miscanthus_sinensis_15wks,FALSE
