ID,logFC,AveExpr,t,P.Value,adj.P.Val,B,comparison,pass
163,9.036195185989456,21.256265642967556,18.263311405510127,1.609095460691607e-4,0.09448183830017506,0.5202157922772601,miscanthus_floridulus_15wks vs miscanthus_sacchariflorus_ssp_lutarioriparius_15wks,TRUE
5743,8.645276526346347,20.89272859993451,14.097727556759354,3.8507562983919476e-4,0.09448183830017506,0.23109238115431996,miscanthus_floridulus_15wks vs miscanthus_sacchariflorus_ssp_lutarioriparius_15wks,TRUE
1065,7.1676158113562956,20.418925733112538,12.972301720013812,5.091213778436832e-4,0.09448183830017506,0.11407154508809914,miscanthus_floridulus_15wks vs miscanthus_sacchariflorus_ssp_lutarioriparius_15wks,TRUE
491,6.9457490534615545,20.112547199366986,12.924620377236302,5.154445597178581e-4,0.09448183830017506,0.1085999922874814,miscanthus_floridulus_15wks vs miscanthus_sacchariflorus_ssp_lutarioriparius_15wks,TRUE
1311,-6.366573195815818,20.378932469950986,-12.563728813990323,5.66743934504816e-4,0.09448183830017506,0.06567753164247492,miscanthus_floridulus_15wks vs miscanthus_sacchariflorus_ssp_lutarioriparius_15wks,TRUE
205,9.221738432252735,21.723622270398106,12.209873481673096,6.236105712480256e-4,0.09448183830017506,0.020854370975542658,miscanthus_floridulus_15wks vs miscanthus_sacchariflorus_ssp_lutarioriparius_15wks,TRUE
502,5.903876329965659,19.54519090458871,11.354445830442396,7.948644870563396e-4,0.09448183830017506,-0.10009266546159612,miscanthus_floridulus_15wks vs miscanthus_sacchariflorus_ssp_lutarioriparius_15wks,TRUE
3203,7.885705623926619,20.451457483923672,11.14558549623415,8.45626886204176e-4,0.09448183830017506,-0.13263146053933816,miscanthus_floridulus_15wks vs miscanthus_sacchariflorus_ssp_lutarioriparius_15wks,TRUE
75,6.395506195612175,19.8513507520595,10.821119095225832,9.330757397378331e-4,0.09448183830017506,-0.1857818296774143,miscanthus_floridulus_15wks vs miscanthus_sacchariflorus_ssp_lutarioriparius_15wks,TRUE
342,7.059488080965561,20.11666227680804,10.482639634983956,0.0010371076269908536,0.09448183830017506,-0.2448366550731098,miscanthus_floridulus_15wks vs miscanthus_sacchariflorus_ssp_lutarioriparius_15wks,TRUE
168,5.937945441479222,19.62622114206345,10.096552877040747,0.001174737675267762,0.09448183830017506,-0.3170822875034025,miscanthus_floridulus_15wks vs miscanthus_sacchariflorus_ssp_lutarioriparius_15wks,TRUE
407,5.353107827144207,18.891561939762518,10.011001557840666,0.0012083640647933191,0.09448183830017506,-0.33384177133379556,miscanthus_floridulus_15wks vs miscanthus_sacchariflorus_ssp_lutarioriparius_15wks,TRUE
67,8.249126133231432,20.23494922512846,9.988293339217304,0.0012174968701469024,0.09448183830017506,-0.33833787722447717,miscanthus_floridulus_15wks vs miscanthus_sacchariflorus_ssp_lutarioriparius_15wks,TRUE
2891,6.1347565552241115,19.191821162416968,9.76155918967167,0.0013137398895937502,0.09448183830017506,-0.38435426149740515,miscanthus_floridulus_15wks vs miscanthus_sacchariflorus_ssp_lutarioriparius_15wks,TRUE
329,5.354547532315944,19.772136242462548,9.598418884084492,0.0013891041651763708,0.09448183830017506,-0.4187711402406933,miscanthus_floridulus_15wks vs miscanthus_sacchariflorus_ssp_lutarioriparius_15wks,TRUE
4938,-5.757517109129893,19.96891104330489,-9.349719400889173,0.0015150322129634576,0.09448183830017506,-0.47345429852274634,miscanthus_floridulus_15wks vs miscanthus_sacchariflorus_ssp_lutarioriparius_15wks,TRUE
1596,4.888525659991984,19.093338107296134,9.28818231046919,0.0015484326596578845,0.09448183830017506,-0.48741411688168235,miscanthus_floridulus_15wks vs miscanthus_sacchariflorus_ssp_lutarioriparius_15wks,TRUE
3671,7.13057786500633,19.792170528079232,9.229790987689505,0.0015810049990351112,0.09448183830017506,-0.5008225569090481,miscanthus_floridulus_15wks vs miscanthus_sacchariflorus_ssp_lutarioriparius_15wks,TRUE
370,6.902814354628433,19.191286417775352,9.153054763087225,0.0016251612002396636,0.09448183830017506,-0.5186876910244607,miscanthus_floridulus_15wks vs miscanthus_sacchariflorus_ssp_lutarioriparius_15wks,TRUE
2038,4.590888968211782,19.739660799385987,9.122708923341607,0.001643059575773021,0.09448183830017506,-0.5258301285610258,miscanthus_floridulus_15wks vs miscanthus_sacchariflorus_ssp_lutarioriparius_15wks,TRUE
4464,5.76471054095007,19.165756402092498,9.038306277572977,0.0016941901442980925,0.09448183830017506,-0.54593061951089,miscanthus_floridulus_15wks vs miscanthus_sacchariflorus_ssp_lutarioriparius_15wks,TRUE
2342,-4.926821904535622,19.57056781369596,-8.669938068376235,0.001942854002764146,0.09448183830017506,-0.6378669108088042,miscanthus_floridulus_15wks vs miscanthus_sacchariflorus_ssp_lutarioriparius_15wks,TRUE
394,4.267837185001291,18.72490050270617,8.479479821648068,0.0020898763597446074,0.09448183830017506,-0.6882346716613448,miscanthus_floridulus_15wks vs miscanthus_sacchariflorus_ssp_lutarioriparius_15wks,TRUE
4306,6.4117760612049715,18.646314887207268,8.453025157053379,0.0021114125665218247,0.09448183830017506,-0.6953911222543132,miscanthus_floridulus_15wks vs miscanthus_sacchariflorus_ssp_lutarioriparius_15wks,TRUE
889,-4.225954266933911,25.072490980525963,-8.357157602283168,0.0021918816396831074,0.09448183830017506,-0.7216613767948097,miscanthus_floridulus_15wks vs miscanthus_sacchariflorus_ssp_lutarioriparius_15wks,TRUE
238,4.0870634566172335,19.041923437489782,8.270197540264652,0.0022683052334235604,0.09448183830017506,-0.7459549222018946,miscanthus_floridulus_15wks vs miscanthus_sacchariflorus_ssp_lutarioriparius_15wks,TRUE
536,4.138004010269963,19.642377462898054,8.252799553919862,0.002284003346905667,0.09448183830017506,-0.7508692084539579,miscanthus_floridulus_15wks vs miscanthus_sacchariflorus_ssp_lutarioriparius_15wks,TRUE
5542,-4.37631017762142,18.52183320807762,-8.246108185743292,0.0022900780017404638,0.09448183830017506,-0.7527641028337095,miscanthus_floridulus_15wks vs miscanthus_sacchariflorus_ssp_lutarioriparius_15wks,TRUE
5431,-4.64925847714651,22.905305948253485,-8.234609528803464,0.002300565332246076,0.09448183830017506,-0.7560266361748402,miscanthus_floridulus_15wks vs miscanthus_sacchariflorus_ssp_lutarioriparius_15wks,TRUE
2199,-4.425724105703001,23.260030753470986,-8.1305073222088,0.00239837117939183,0.09468520098035373,-0.7859292461118841,miscanthus_floridulus_15wks vs miscanthus_sacchariflorus_ssp_lutarioriparius_15wks,TRUE
4893,4.196411659985706,19.498338620819744,8.001357752571606,0.0025272444487908843,0.09468520098035373,-0.8239606753815707,miscanthus_floridulus_15wks vs miscanthus_sacchariflorus_ssp_lutarioriparius_15wks,TRUE
216,6.079748943255144,19.51190374638469,7.985168729499488,0.0025440188340649194,0.09468520098035373,-0.8288024692437288,miscanthus_floridulus_15wks vs miscanthus_sacchariflorus_ssp_lutarioriparius_15wks,TRUE
3436,8.616668574023535,20.81259037517558,7.764334637655856,0.0027877524439988157,0.09926070923920023,-0.8965595012592198,miscanthus_floridulus_15wks vs miscanthus_sacchariflorus_ssp_lutarioriparius_15wks,TRUE
13,4.365966665870033,21.450166940594418,7.725520181395594,0.002833639054687496,0.09926070923920023,-0.90880580311486,miscanthus_floridulus_15wks vs miscanthus_sacchariflorus_ssp_lutarioriparius_15wks,TRUE
3584,5.4005764126051545,19.635769393760388,7.59381763514616,0.0029967287468406984,0.09926590164005078,-0.9511358346958119,miscanthus_floridulus_15wks vs miscanthus_sacchariflorus_ssp_lutarioriparius_15wks,TRUE
1557,-4.203165178363285,25.685326045595968,-7.335528937246279,0.003353065733236734,0.09926590164005078,-1.037766486919157,miscanthus_floridulus_15wks vs miscanthus_sacchariflorus_ssp_lutarioriparius_15wks,TRUE
1873,3.6324874198952273,19.36587159274181,7.334985197101545,0.0033538714977855498,0.09926590164005078,-1.037954081485882,miscanthus_floridulus_15wks vs miscanthus_sacchariflorus_ssp_lutarioriparius_15wks,TRUE
131,-4.080457504640087,31.093196794533444,-7.328163236113517,0.003364001984108799,0.09926590164005078,-1.0403096186164698,miscanthus_floridulus_15wks vs miscanthus_sacchariflorus_ssp_lutarioriparius_15wks,TRUE
2298,4.334567832332382,19.154170699599366,7.285195732345349,0.0034287154971582253,0.09926590164005078,-1.0552273295872014,miscanthus_floridulus_15wks vs miscanthus_sacchariflorus_ssp_lutarioriparius_15wks,TRUE
2733,4.79321202077541,19.72598379801913,7.2778550091622325,0.0034399301181318844,0.09926590164005078,-1.057790076254677,miscanthus_floridulus_15wks vs miscanthus_sacchariflorus_ssp_lutarioriparius_15wks,TRUE
36,-4.64399603733089,25.49990718061516,-7.269639892281485,0.0034525362432224903,0.09926590164005078,-1.0606630074013976,miscanthus_floridulus_15wks vs miscanthus_sacchariflorus_ssp_lutarioriparius_15wks,TRUE
4216,5.648635065807497,18.893501016279647,7.231342959901874,0.0035120886733571383,0.09926590164005078,-1.0741248554746834,miscanthus_floridulus_15wks vs miscanthus_sacchariflorus_ssp_lutarioriparius_15wks,TRUE
4621,3.948630982374109,18.426078997382483,7.167489682296784,0.003614333137538393,0.09926590164005078,-1.0968248790040604,miscanthus_floridulus_15wks vs miscanthus_sacchariflorus_ssp_lutarioriparius_15wks,TRUE
842,4.094430208475885,20.030876302151633,7.128835348458709,0.0036780805312096355,0.09926590164005078,-1.1107232905978082,miscanthus_floridulus_15wks vs miscanthus_sacchariflorus_ssp_lutarioriparius_15wks,TRUE
2007,3.8293871308831022,19.431510154829994,7.085889152140069,0.0037506008176341607,0.09926590164005078,-1.126305201688214,miscanthus_floridulus_15wks vs miscanthus_sacchariflorus_ssp_lutarioriparius_15wks,TRUE
402,4.5134345223514,18.763591333370368,7.029157395034104,0.0038492251676527952,0.09966146031901041,-1.1471180262115306,miscanthus_floridulus_15wks vs miscanthus_sacchariflorus_ssp_lutarioriparius_15wks,TRUE
3346,4.577724234753429,19.112683252697153,6.913711928908486,0.004060371198589324,0.10289153398978478,-1.1902915653186632,miscanthus_floridulus_15wks vs miscanthus_sacchariflorus_ssp_lutarioriparius_15wks,TRUE
3401,3.831580526679197,19.164106775180517,6.850588906464423,0.0041820904654401875,0.10341497666263201,-1.2143729632209475,miscanthus_floridulus_15wks vs miscanthus_sacchariflorus_ssp_lutarioriparius_15wks,TRUE
2383,4.572852730391677,18.330302877157266,6.804031783731501,0.004274863481895445,0.10341497666263201,-1.232353946050619,miscanthus_floridulus_15wks vs miscanthus_sacchariflorus_ssp_lutarioriparius_15wks,TRUE
4377,3.614555085106229,19.045179113611777,6.71130009086099,0.004467612304942956,0.10341497666263201,-1.2687331825602532,miscanthus_floridulus_15wks vs miscanthus_sacchariflorus_ssp_lutarioriparius_15wks,TRUE
1062,3.48976894163728,18.234900500546352,6.676086639954782,0.004543705160989828,0.10341497666263201,-1.282747749167144,miscanthus_floridulus_15wks vs miscanthus_sacchariflorus_ssp_lutarioriparius_15wks,TRUE
4580,-8.463127443282179,23.621511344958247,-6.661599246545014,0.004575490842349829,0.10341497666263201,-1.2885459518242577,miscanthus_floridulus_15wks vs miscanthus_sacchariflorus_ssp_lutarioriparius_15wks,TRUE
1209,-4.630244785009573,19.051455967244387,-6.649610197468474,0.00460200987667464,0.10341497666263201,-1.2933586085111406,miscanthus_floridulus_15wks vs miscanthus_sacchariflorus_ssp_lutarioriparius_15wks,TRUE
1255,-5.137135190725974,18.9547571517033,-6.6026124762680265,0.0047078762783381075,0.10383482680556827,-1.3123506282273478,miscanthus_floridulus_15wks vs miscanthus_sacchariflorus_ssp_lutarioriparius_15wks,TRUE
3829,-3.3194496032555705,20.297354219513473,-6.5273004190997,0.004884087722540941,0.10576269959175019,-1.3432087148797764,miscanthus_floridulus_15wks vs miscanthus_sacchariflorus_ssp_lutarioriparius_15wks,TRUE
224,3.5258677377450773,18.54515661074326,6.4764442345841395,0.005007854227600665,0.10650632830486413,-1.3643462643837756,miscanthus_floridulus_15wks vs miscanthus_sacchariflorus_ssp_lutarioriparius_15wks,TRUE
998,4.539633625130918,18.995864836686778,6.355838313245624,0.005317754144743671,0.10754766820185463,-1.4154618861081794,miscanthus_floridulus_15wks vs miscanthus_sacchariflorus_ssp_lutarioriparius_15wks,TRUE
62,-3.189185974636331,27.85378375479745,-6.317070294704736,0.005422535363836732,0.10754766820185463,-1.4321932749412358,miscanthus_floridulus_15wks vs miscanthus_sacchariflorus_ssp_lutarioriparius_15wks,TRUE
2210,3.405106804110755,18.842836826014846,6.258339209907675,0.005586335418623914,0.10754766820185463,-1.4578242127557584,miscanthus_floridulus_15wks vs miscanthus_sacchariflorus_ssp_lutarioriparius_15wks,TRUE
147,4.618290528138171,19.633591841020824,6.21984628058047,0.005697119629211639,0.10754766820185463,-1.4748107806811985,miscanthus_floridulus_15wks vs miscanthus_sacchariflorus_ssp_lutarioriparius_15wks,TRUE
5287,3.665201019323664,17.51928893741395,6.215817673103469,0.005708875221810787,0.10754766820185463,-1.4765972399327243,miscanthus_floridulus_15wks vs miscanthus_sacchariflorus_ssp_lutarioriparius_15wks,TRUE
2388,4.934448415752659,20.33747812202984,6.199808704254024,0.005755896176414066,0.10754766820185463,-1.48371263472571,miscanthus_floridulus_15wks vs miscanthus_sacchariflorus_ssp_lutarioriparius_15wks,TRUE
2660,4.8817577218929,19.086410178952296,6.191209983016316,0.005781355606564053,0.10754766820185463,-1.487545243019417,miscanthus_floridulus_15wks vs miscanthus_sacchariflorus_ssp_lutarioriparius_15wks,TRUE
5318,3.3468012601854795,20.22768539834658,6.180369843622323,0.0058136561526945536,0.10754766820185463,-1.4923876760378771,miscanthus_floridulus_15wks vs miscanthus_sacchariflorus_ssp_lutarioriparius_15wks,TRUE
615,4.483532550316511,19.706797325673133,6.136274920324813,0.005947438775720782,0.10754766820185463,-1.5122101132156915,miscanthus_floridulus_15wks vs miscanthus_sacchariflorus_ssp_lutarioriparius_15wks,TRUE
3013,4.766773262843774,19.414050970864118,6.1322578165062005,0.005959820404133002,0.10754766820185463,-1.5140259597414856,miscanthus_floridulus_15wks vs miscanthus_sacchariflorus_ssp_lutarioriparius_15wks,TRUE
364,-3.8455768998650015,23.983381063841847,-6.079589646682278,0.006125231412461128,0.10888284495882393,-1.5379892868171563,miscanthus_floridulus_15wks vs miscanthus_sacchariflorus_ssp_lutarioriparius_15wks,TRUE
4201,3.3089194747841937,18.65492453378583,6.010049591452299,0.006352686691648714,0.11126543896696497,-1.5700775243402552,miscanthus_floridulus_15wks vs miscanthus_sacchariflorus_ssp_lutarioriparius_15wks,TRUE
2490,4.32521329528133,18.924830256217806,5.92905264649799,0.006631338387943668,0.11318564861777101,-1.60810730819124,miscanthus_floridulus_15wks vs miscanthus_sacchariflorus_ssp_lutarioriparius_15wks,TRUE
91,5.181922963298845,18.60556996593495,5.923110026906893,0.0066523890875264235,0.11318564861777101,-1.6109256274225467,miscanthus_floridulus_15wks vs miscanthus_sacchariflorus_ssp_lutarioriparius_15wks,TRUE
5790,-3.998792567942562,19.424031185185093,-5.832346695050237,0.006984716934086119,0.1171661671619235,-1.6544560712144616,miscanthus_floridulus_15wks vs miscanthus_sacchariflorus_ssp_lutarioriparius_15wks,TRUE
4120,4.912036603356508,19.39749569329389,5.743567924326413,0.007330450306927902,0.12012411890903793,-1.6979307112626332,miscanthus_floridulus_15wks vs miscanthus_sacchariflorus_ssp_lutarioriparius_15wks,TRUE
2856,-3.095546240021605,17.917893793159077,-5.735540879463127,0.007362771352107278,0.12012411890903793,-1.7019059268184638,miscanthus_floridulus_15wks vs miscanthus_sacchariflorus_ssp_lutarioriparius_15wks,TRUE
1638,-3.4102331934487218,25.018470017533776,-5.6616898280264225,0.007668793496041101,0.12342612234844527,-1.7388297098368035,miscanthus_floridulus_15wks vs miscanthus_sacchariflorus_ssp_lutarioriparius_15wks,TRUE
1,-3.172208953793053,22.511278077081947,-5.606001353688573,0.007910293686564736,0.125615463742648,-1.7670960619828877,miscanthus_floridulus_15wks vs miscanthus_sacchariflorus_ssp_lutarioriparius_15wks,TRUE
14,-2.9517818880254083,25.74785823366745,-5.54190793865889,0.008200316112425696,0.12850758539340795,-1.8000868793952414,miscanthus_floridulus_15wks vs miscanthus_sacchariflorus_ssp_lutarioriparius_15wks,TRUE
5813,-3.5804513188382856,18.316175933461068,-5.4994682429332435,0.008399802178947282,0.12951547007819889,-1.8222055955686685,miscanthus_floridulus_15wks vs miscanthus_sacchariflorus_ssp_lutarioriparius_15wks,TRUE
1904,-3.3182955806867724,25.280079977520664,-5.472290580291842,0.008530787613491837,0.12951547007819889,-1.836485929679367,miscanthus_floridulus_15wks vs miscanthus_sacchariflorus_ssp_lutarioriparius_15wks,TRUE
50,-4.7481123667151515,19.847021962725535,-5.390266187032965,0.008942130895145678,0.12951547007819889,-1.8801410072106632,miscanthus_floridulus_15wks vs miscanthus_sacchariflorus_ssp_lutarioriparius_15wks,TRUE
2438,4.474745604661461,19.087668132230466,5.377111501967567,0.009010420365132112,0.12951547007819889,-1.8872207288351923,miscanthus_floridulus_15wks vs miscanthus_sacchariflorus_ssp_lutarioriparius_15wks,TRUE
5341,-3.0312712100959516,18.758203662965915,-5.36503084144482,0.009073717127105725,0.12951547007819889,-1.8937417189720742,miscanthus_floridulus_15wks vs miscanthus_sacchariflorus_ssp_lutarioriparius_15wks,TRUE
192,3.2968208938784507,18.840822950695205,5.352434261468277,0.009140317981506801,0.12951547007819889,-1.9005609373599297,miscanthus_floridulus_15wks vs miscanthus_sacchariflorus_ssp_lutarioriparius_15wks,TRUE
655,-3.8582021246436398,19.268803244517702,-5.349385551927748,0.009156530133884275,0.12951547007819889,-1.9022144071910887,miscanthus_floridulus_15wks vs miscanthus_sacchariflorus_ssp_lutarioriparius_15wks,TRUE
3854,2.6470603762965688,19.164281371916065,5.327488160539141,0.009274050594329392,0.12951547007819889,-1.9141253604745954,miscanthus_floridulus_15wks vs miscanthus_sacchariflorus_ssp_lutarioriparius_15wks,TRUE
1666,-4.082415929430219,18.807311015969457,-5.3219639263481096,0.009303999662812878,0.12951547007819889,-1.9171399342594588,miscanthus_floridulus_15wks vs miscanthus_sacchariflorus_ssp_lutarioriparius_15wks,TRUE
77,-10.539607671636503,21.805245336560066,-5.308963457129749,0.009374965002294735,0.12951547007819889,-1.9242497634286586,miscanthus_floridulus_15wks vs miscanthus_sacchariflorus_ssp_lutarioriparius_15wks,TRUE
5574,-4.063462625391836,18.851930157603846,-5.29132055577669,0.009472371535462163,0.12951547007819889,-1.9339333413231694,miscanthus_floridulus_15wks vs miscanthus_sacchariflorus_ssp_lutarioriparius_15wks,TRUE
3552,-3.306381972275336,22.807917688159712,-5.244068596438811,0.009739633193258199,0.12951547007819889,-1.96006728721009,miscanthus_floridulus_15wks vs miscanthus_sacchariflorus_ssp_lutarioriparius_15wks,TRUE
5706,2.6331181401763537,17.984454483149285,5.239365767723411,0.009766752120544541,0.12951547007819889,-1.9626842609656556,miscanthus_floridulus_15wks vs miscanthus_sacchariflorus_ssp_lutarioriparius_15wks,TRUE
5889,3.7154533783522155,17.755901627032827,5.234658074144273,0.00979399485452863,0.12951547007819889,-1.9653068479200542,miscanthus_floridulus_15wks vs miscanthus_sacchariflorus_ssp_lutarioriparius_15wks,TRUE
98,-5.667926707936456,19.553283823718665,-5.21720969648916,0.009895808377091603,0.12951547007819889,-1.975052500156889,miscanthus_floridulus_15wks vs miscanthus_sacchariflorus_ssp_lutarioriparius_15wks,TRUE
3467,3.4810768946621025,18.224584489871148,5.193662674291838,0.010035340609336058,0.12991402897520918,-1.9882682181816334,miscanthus_floridulus_15wks vs miscanthus_sacchariflorus_ssp_lutarioriparius_15wks,TRUE
4263,-4.782264402774857,19.100485499672466,-5.172876499479348,0.010160586660205575,0.1301210614226327,-1.9999955637047107,miscanthus_floridulus_15wks vs miscanthus_sacchariflorus_ssp_lutarioriparius_15wks,TRUE
1181,3.164321702760329,19.035531060926964,5.138118106378758,0.010374471143771978,0.13144675672587686,-2.0197348666175694,miscanthus_floridulus_15wks vs miscanthus_sacchariflorus_ssp_lutarioriparius_15wks,TRUE
3300,3.6462308258803198,17.8733464301416,5.052798823718047,0.010924127261496022,0.13532829140255803,-2.0688803925517085,miscanthus_floridulus_15wks vs miscanthus_sacchariflorus_ssp_lutarioriparius_15wks,TRUE
2968,4.374229442155011,17.857210463380362,5.034461598744693,0.011047031695490032,0.13532829140255803,-2.0795730144724534,miscanthus_floridulus_15wks vs miscanthus_sacchariflorus_ssp_lutarioriparius_15wks,TRUE
2244,-2.577150199944896,26.06715596783208,-5.027443846791096,0.011094529682336736,0.13532829140255803,-2.083677423765435,miscanthus_floridulus_15wks vs miscanthus_sacchariflorus_ssp_lutarioriparius_15wks,TRUE
4083,2.8394205278334574,17.947836039714243,5.017275882664244,0.011163807649386594,0.13532829140255803,-2.0896363720442466,miscanthus_floridulus_15wks vs miscanthus_sacchariflorus_ssp_lutarioriparius_15wks,TRUE
563,-2.6210326456758466,27.68506504977896,-5.0048879185740445,0.011248951174519937,0.13532829140255803,-2.096915755303616,miscanthus_floridulus_15wks vs miscanthus_sacchariflorus_ssp_lutarioriparius_15wks,TRUE
3470,3.055608597999395,18.489722949249288,4.896415005314294,0.012030659883640975,0.14328515921416402,-2.161576709645991,miscanthus_floridulus_15wks vs miscanthus_sacchariflorus_ssp_lutarioriparius_15wks,TRUE
479,2.9402077916114493,18.235001970801,4.872158582835184,0.012214755968716344,0.1440373698885264,-2.1762648082202984,miscanthus_floridulus_15wks vs miscanthus_sacchariflorus_ssp_lutarioriparius_15wks,TRUE
331,-4.934517327451115,20.991331117249036,-4.853850155443823,0.012356066767237389,0.1442752501939189,-2.1874072706687855,miscanthus_floridulus_15wks vs miscanthus_sacchariflorus_ssp_lutarioriparius_15wks,TRUE
5384,-5.068472960852212,19.724713941223133,-4.792691155928272,0.012843306922393492,0.14850852955893834,-2.224981251880025,miscanthus_floridulus_15wks vs miscanthus_sacchariflorus_ssp_lutarioriparius_15wks,TRUE
347,4.308861336023014,19.15371456734171,4.713737706172133,0.013508689356881792,0.15263699127216648,-2.274301054105066,miscanthus_floridulus_15wks vs miscanthus_sacchariflorus_ssp_lutarioriparius_15wks,TRUE
2632,4.11060283468003,18.787065693330415,4.709002733972285,0.013549958027197644,0.15263699127216648,-2.27728833525941,miscanthus_floridulus_15wks vs miscanthus_sacchariflorus_ssp_lutarioriparius_15wks,TRUE
760,4.707313220353395,19.24283163725794,4.705016915686546,0.013584820381905664,0.15263699127216648,-2.2798055825147836,miscanthus_floridulus_15wks vs miscanthus_sacchariflorus_ssp_lutarioriparius_15wks,TRUE
890,-2.70777232660663,25.752296384600196,-4.686911716592358,0.01374460804528638,0.15298904842930916,-2.2912699811848007,miscanthus_floridulus_15wks vs miscanthus_sacchariflorus_ssp_lutarioriparius_15wks,TRUE
3908,3.904986278251524,18.75253069878685,4.6491262244669365,0.014085776250886025,0.15453283716088353,-2.315355550021038,miscanthus_floridulus_15wks vs miscanthus_sacchariflorus_ssp_lutarioriparius_15wks,TRUE
181,-2.3234553096558557,29.883714013572742,-4.642922562391791,0.0141428037368063,0.15453283716088353,-2.3193306463130323,miscanthus_floridulus_15wks vs miscanthus_sacchariflorus_ssp_lutarioriparius_15wks,TRUE
3457,4.435545317630062,18.87810806312406,4.604114414032332,0.014506218448843271,0.15706278338702126,-2.3443309956420344,miscanthus_floridulus_15wks vs miscanthus_sacchariflorus_ssp_lutarioriparius_15wks,TRUE
2161,4.373554922775252,18.861793474815144,4.574323224794364,0.014793190155858718,0.15872693221286246,-2.363679599652517,miscanthus_floridulus_15wks vs miscanthus_sacchariflorus_ssp_lutarioriparius_15wks,TRUE
2207,2.3958533807558258,17.07307448826561,4.51407239321037,0.015395715617376274,0.1635357359801594,-2.4032320628987307,miscanthus_floridulus_15wks vs miscanthus_sacchariflorus_ssp_lutarioriparius_15wks,TRUE
1586,-3.549485688327568,21.715672454999414,-4.491113861554762,0.015633400856687102,0.1635357359801594,-2.4184531180660334,miscanthus_floridulus_15wks vs miscanthus_sacchariflorus_ssp_lutarioriparius_15wks,TRUE
3319,-3.221735411481184,21.993876175368325,-4.489212176219064,0.015653294627823822,0.1635357359801594,-2.4197176256196533,miscanthus_floridulus_15wks vs miscanthus_sacchariflorus_ssp_lutarioriparius_15wks,TRUE
1730,2.426749611957188,18.567324053728335,4.4609990059310896,0.01595220415711679,0.16516145178263783,-2.438544973969162,miscanthus_floridulus_15wks vs miscanthus_sacchariflorus_ssp_lutarioriparius_15wks,TRUE
5621,2.3540684788337884,17.477713034053792,4.436191169080628,0.01622097663835338,0.16516145178263783,-2.4552044468620853,miscanthus_floridulus_15wks vs miscanthus_sacchariflorus_ssp_lutarioriparius_15wks,TRUE
2153,2.4272077378554506,18.492536989732567,4.42717760384216,0.016320037026593053,0.16516145178263783,-2.461281780105596,miscanthus_floridulus_15wks vs miscanthus_sacchariflorus_ssp_lutarioriparius_15wks,TRUE
175,-2.4134906625991874,24.850867344552874,-4.42323520385041,0.01636360311532432,0.16516145178263783,-2.4639440086332343,miscanthus_floridulus_15wks vs miscanthus_sacchariflorus_ssp_lutarioriparius_15wks,TRUE
4454,-2.7789068130827808,21.690618884041697,-4.379809981216931,0.016853270808059848,0.16745957001338255,-2.493433789004185,miscanthus_floridulus_15wks vs miscanthus_sacchariflorus_ssp_lutarioriparius_15wks,TRUE
261,-2.2652127231591273,24.076411915513646,-4.378136989305419,0.016872500757015872,0.16745957001338255,-2.4945760017761067,miscanthus_floridulus_15wks vs miscanthus_sacchariflorus_ssp_lutarioriparius_15wks,TRUE
3004,-2.241251930147218,17.529886318461827,-4.3365625115655035,0.017359331476687653,0.17068290284445184,-2.5231066310244086,miscanthus_floridulus_15wks vs miscanthus_sacchariflorus_ssp_lutarioriparius_15wks,TRUE
6180,3.5522859728450875,18.24980295062496,4.326159671558012,0.017483890971471978,0.17068290284445184,-2.5302897658889316,miscanthus_floridulus_15wks vs miscanthus_sacchariflorus_ssp_lutarioriparius_15wks,TRUE
463,4.14958298088974,19.718704061134765,4.278288476293762,0.018071727553385108,0.17442910296183411,-2.563574203511699,miscanthus_floridulus_15wks vs miscanthus_sacchariflorus_ssp_lutarioriparius_15wks,TRUE
1837,3.795723423555671,18.815239902034048,4.262570447924522,0.018270119717026728,0.17442910296183411,-2.5745854976652267,miscanthus_floridulus_15wks vs miscanthus_sacchariflorus_ssp_lutarioriparius_15wks,TRUE
3921,-3.0847311963430677,18.587681951747186,-4.25967202116498,0.018307000730671086,0.17442910296183411,-2.576620481642945,miscanthus_floridulus_15wks vs miscanthus_sacchariflorus_ssp_lutarioriparius_15wks,TRUE
2107,2.566524308011825,18.287643440996355,4.2444887722116444,0.01850172979231208,0.1748853982749499,-2.587303513166061,miscanthus_floridulus_15wks vs miscanthus_sacchariflorus_ssp_lutarioriparius_15wks,TRUE
4581,-2.9888673819605565,22.010644983955768,-4.205335592849265,0.01901597178728653,0.17833088502880518,-2.615029989105073,miscanthus_floridulus_15wks vs miscanthus_sacchariflorus_ssp_lutarioriparius_15wks,TRUE
2895,-2.096433871716709,24.967798054428687,-4.183071607154829,0.019316370287158907,0.1797327891562989,-2.6309113954861725,miscanthus_floridulus_15wks vs miscanthus_sacchariflorus_ssp_lutarioriparius_15wks,TRUE
3313,-3.142888839975871,21.99860458846837,-4.150757585433571,0.019763003485532508,0.18194717812718653,-2.6541111541221705,miscanthus_floridulus_15wks vs miscanthus_sacchariflorus_ssp_lutarioriparius_15wks,TRUE
3500,2.2009542932104793,18.76451105045454,4.143867942348247,0.019859893498349497,0.18194717812718653,-2.659080539900751,miscanthus_floridulus_15wks vs miscanthus_sacchariflorus_ssp_lutarioriparius_15wks,TRUE
1047,5.303312889867243,20.920397573013073,4.0707753167305984,0.02092526490052725,0.19024420226357217,-2.7123025316233456,miscanthus_floridulus_15wks vs miscanthus_sacchariflorus_ssp_lutarioriparius_15wks,TRUE
1484,-4.0987158218382085,19.120689485915882,-3.9986046643131847,0.022048094675051304,0.1979117625642062,-2.765762041150676,miscanthus_floridulus_15wks vs miscanthus_sacchariflorus_ssp_lutarioriparius_15wks,TRUE
601,-2.3056629694164776,23.71506324714833,-3.995319118814994,0.02210097768349238,0.1979117625642062,-2.768217478073983,miscanthus_floridulus_15wks vs miscanthus_sacchariflorus_ssp_lutarioriparius_15wks,TRUE
5764,2.1939387174208385,17.950173974137286,3.9607982466463953,0.022666284127422755,0.20119058502763865,-2.7941316179584583,miscanthus_floridulus_15wks vs miscanthus_sacchariflorus_ssp_lutarioriparius_15wks,TRUE
2385,3.9693541577401312,20.04625439456111,3.9524924202727463,0.02280497815174745,0.20119058502763865,-2.800398112170415,miscanthus_floridulus_15wks vs miscanthus_sacchariflorus_ssp_lutarioriparius_15wks,TRUE
4133,-2.0995323044635548,18.012425478559816,-3.928425833359852,0.023212863104224674,0.20328323497890874,-2.8186248573859394,miscanthus_floridulus_15wks vs miscanthus_sacchariflorus_ssp_lutarioriparius_15wks,TRUE
3008,-5.111199495739875,19.392987234691613,-3.9080543546913598,0.023565241718496967,0.20486279479364883,-2.834133845565023,miscanthus_floridulus_15wks vs miscanthus_sacchariflorus_ssp_lutarioriparius_15wks,TRUE
2246,2.1401261925681894,17.336667228315125,3.8904661361272113,0.023874845632271317,0.20605029817416767,-2.84758367957829,miscanthus_floridulus_15wks vs miscanthus_sacchariflorus_ssp_lutarioriparius_15wks,TRUE
145,4.201928413431798,19.28872590816083,3.873316201069665,0.024181622013380158,0.20719648789881845,-2.8607518709918667,miscanthus_floridulus_15wks vs miscanthus_sacchariflorus_ssp_lutarioriparius_15wks,TRUE
707,-5.251345690815068,20.85051794901162,-3.8543343649770407,0.024526904664758407,0.2086538818266233,-2.8753884601740958,miscanthus_floridulus_15wks vs miscanthus_sacchariflorus_ssp_lutarioriparius_15wks,TRUE
1752,3.4894648749058987,19.445050566448295,3.8109132060412674,0.025340077369001787,0.21389989343118426,-2.9091152164542846,miscanthus_floridulus_15wks vs miscanthus_sacchariflorus_ssp_lutarioriparius_15wks,TRUE
4360,-3.106322268247485,18.357654852770015,-3.8024341745994454,0.025502758074918693,0.21389989343118426,-2.9157412056272056,miscanthus_floridulus_15wks vs miscanthus_sacchariflorus_ssp_lutarioriparius_15wks,TRUE
3275,-2.31321531480393,22.029277966325687,-3.7799937036356432,0.025939607164995018,0.2151560629537791,-2.9333408274242196,miscanthus_floridulus_15wks vs miscanthus_sacchariflorus_ssp_lutarioriparius_15wks,TRUE
557,2.0367651603402273,17.45460099621016,3.776227521644208,0.026013831289121905,0.2151560629537791,-2.9363036045411515,miscanthus_floridulus_15wks vs miscanthus_sacchariflorus_ssp_lutarioriparius_15wks,TRUE
955,4.384616055839498,17.6559091498073,3.764937062153937,0.026237929538286443,0.215512924690339,-2.9452011685103776,miscanthus_floridulus_15wks vs miscanthus_sacchariflorus_ssp_lutarioriparius_15wks,TRUE
31,-1.8843264795072372,24.24143436287139,-3.7534789192950857,0.026467810603738238,0.2159120714318647,-2.9542548237311412,miscanthus_floridulus_15wks vs miscanthus_sacchariflorus_ssp_lutarioriparius_15wks,TRUE
638,-2.06060676332638,19.06544437048973,-3.7322286343521127,0.026900800884960975,0.21795138676182668,-2.971109757280075,miscanthus_floridulus_15wks vs miscanthus_sacchariflorus_ssp_lutarioriparius_15wks,TRUE
3724,-2.297703060994891,17.252539819486955,-3.71471165274688,0.02726434400044969,0.21795753381142038,-2.985066291169486,miscanthus_floridulus_15wks vs miscanthus_sacchariflorus_ssp_lutarioriparius_15wks,TRUE
5495,3.434316489508376,18.741310743971688,3.714557643013193,0.02726756720226838,0.21795753381142038,-2.9851892492427177,miscanthus_floridulus_15wks vs miscanthus_sacchariflorus_ssp_lutarioriparius_15wks,TRUE
444,4.869239089533323,19.938003875488242,3.7008274753051955,0.02755682771736921,0.21880121207591155,-2.9961687947458513,miscanthus_floridulus_15wks vs miscanthus_sacchariflorus_ssp_lutarioriparius_15wks,TRUE
4430,-3.539279544244163,18.38789119025765,-3.6761794721627314,0.028085704131710087,0.22152366636335571,-3.0159668400114756,miscanthus_floridulus_15wks vs miscanthus_sacchariflorus_ssp_lutarioriparius_15wks,TRUE
3265,3.146784814368946,20.706516113315246,3.6577371623292816,0.02848966519700558,0.22229718173715446,-3.0308543279299704,miscanthus_floridulus_15wks vs miscanthus_sacchariflorus_ssp_lutarioriparius_15wks,TRUE
4022,1.971617258061542,23.625531266955118,3.6461281492841904,0.028747641987956114,0.22229718173715446,-3.0402582613760347,miscanthus_floridulus_15wks vs miscanthus_sacchariflorus_ssp_lutarioriparius_15wks,TRUE
1044,-2.0041964644315584,25.362511689950566,-3.631381348225323,0.029079530386035574,0.22229718173715446,-3.0522403753548195,miscanthus_floridulus_15wks vs miscanthus_sacchariflorus_ssp_lutarioriparius_15wks,TRUE
4946,2.8817005614730213,17.573479044797363,3.630721329502935,0.029094495192246512,0.22229718173715446,-3.0527776093695267,miscanthus_floridulus_15wks vs miscanthus_sacchariflorus_ssp_lutarioriparius_15wks,TRUE
3501,2.581049076084671,19.025252129663787,3.6297290577192074,0.02911701120990436,0.22229718173715446,-3.053585440577466,miscanthus_floridulus_15wks vs miscanthus_sacchariflorus_ssp_lutarioriparius_15wks,TRUE
4283,-2.424964988624012,21.661397021376306,-3.599075103001545,0.02982333449580154,0.22538677939879498,-3.0786327243371607,miscanthus_floridulus_15wks vs miscanthus_sacchariflorus_ssp_lutarioriparius_15wks,TRUE
1928,-2.9567350184412255,19.528996664233134,-3.595794391780961,0.029900177283803196,0.22538677939879498,-3.0813238704914645,miscanthus_floridulus_15wks vs miscanthus_sacchariflorus_ssp_lutarioriparius_15wks,TRUE
4270,-2.1453610322561367,18.71982390369249,-3.58341576891903,0.03019233008787574,0.22615764235635227,-3.09149626858546,miscanthus_floridulus_15wks vs miscanthus_sacchariflorus_ssp_lutarioriparius_15wks,TRUE
4444,-3.028209530037934,17.871144252619825,-3.572389665096184,0.030455537980366258,0.22670341084135132,-3.1005815906486833,miscanthus_floridulus_15wks vs miscanthus_sacchariflorus_ssp_lutarioriparius_15wks,TRUE
2861,-4.790615030810436,20.819882103993976,-3.525662898054489,0.03160293412495485,0.23378319591814425,-3.139339470761385,miscanthus_floridulus_15wks vs miscanthus_sacchariflorus_ssp_lutarioriparius_15wks,TRUE
5201,1.8644921635230851,17.034761534425552,3.511041427967056,0.031972892064429055,0.23505996573293214,-3.151552667527094,miscanthus_floridulus_15wks vs miscanthus_sacchariflorus_ssp_lutarioriparius_15wks,TRUE
4707,-2.4387491829517387,19.34490895444035,-3.4734070501461995,0.0329499954790797,0.24075732892996274,-3.1831761696174503,miscanthus_floridulus_15wks vs miscanthus_sacchariflorus_ssp_lutarioriparius_15wks,TRUE
2860,-2.3100638071224466,28.111885342923728,-3.4644547885413655,0.033187821275496604,0.24087997124982793,-3.1907385229397147,miscanthus_floridulus_15wks vs miscanthus_sacchariflorus_ssp_lutarioriparius_15wks,TRUE
5631,1.7267741248610342,18.374931786567995,3.4524285376785033,0.033510650000521114,0.24087997124982793,-3.200921812713781,miscanthus_floridulus_15wks vs miscanthus_sacchariflorus_ssp_lutarioriparius_15wks,TRUE
5137,-2.948049005281762,17.358255999483386,-3.447622494716001,0.033640743235354834,0.24087997124982793,-3.2049991240318065,miscanthus_floridulus_15wks vs miscanthus_sacchariflorus_ssp_lutarioriparius_15wks,TRUE
4440,-3.672929452300636,18.764154517531885,-3.4345270600315447,0.03399838938619807,0.24087997124982793,-3.2161314619591823,miscanthus_floridulus_15wks vs miscanthus_sacchariflorus_ssp_lutarioriparius_15wks,TRUE
1618,2.097888985293448,17.915426634372526,3.42807534055821,0.03417631211127926,0.24087997124982793,-3.221628160333751,miscanthus_floridulus_15wks vs miscanthus_sacchariflorus_ssp_lutarioriparius_15wks,TRUE
223,3.3457408861866345,17.20641085622424,3.4279318808194157,0.03418028139481186,0.24087997124982793,-3.2217504754427884,miscanthus_floridulus_15wks vs miscanthus_sacchariflorus_ssp_lutarioriparius_15wks,TRUE
197,2.7704319432740725,18.670944164962073,3.419312750924066,0.03441980273200594,0.2411410885518769,-3.2291065030989805,miscanthus_floridulus_15wks vs miscanthus_sacchariflorus_ssp_lutarioriparius_15wks,TRUE
375,-1.8015618823539192,24.79163683676621,-3.4081814043973755,0.03473220235247976,0.2419067427006046,-3.2386277891529582,miscanthus_floridulus_15wks vs miscanthus_sacchariflorus_ssp_lutarioriparius_15wks,TRUE
199,4.145044010087652,18.694698635310615,3.397675878700534,0.03503024468036272,0.24256407799018606,-3.2476357138693377,miscanthus_floridulus_15wks vs miscanthus_sacchariflorus_ssp_lutarioriparius_15wks,TRUE
2420,2.0257916482665017,17.265224843636794,3.381474246408501,0.03549607939655664,0.2443689627820749,-3.261569560257982,miscanthus_floridulus_15wks vs miscanthus_sacchariflorus_ssp_lutarioriparius_15wks,TRUE
2643,1.6550332826368184,19.517510506653508,3.345019162000968,0.03657240813125658,0.2503318280708425,-3.29310780440062,miscanthus_floridulus_15wks vs miscanthus_sacchariflorus_ssp_lutarioriparius_15wks,TRUE
4230,-2.1649300384287002,22.48772605663361,-3.3302873666982347,0.03701871704962221,0.2519388114634289,-3.305925826805016,miscanthus_floridulus_15wks vs miscanthus_sacchariflorus_ssp_lutarioriparius_15wks,TRUE
784,1.8761458225139833,17.449024730968837,3.3123833295236476,0.037570170132599084,0.2524108495434244,-3.321560791603912,miscanthus_floridulus_15wks vs miscanthus_sacchariflorus_ssp_lutarioriparius_15wks,TRUE
847,-2.11851994974063,17.385787246192596,-3.303152485662449,0.037858423329570824,0.2524108495434244,-3.329646136395592,miscanthus_floridulus_15wks vs miscanthus_sacchariflorus_ssp_lutarioriparius_15wks,TRUE
2705,1.6488839047262154,18.448433175631713,3.3019601747085243,0.03789585343162106,0.2524108495434244,-3.3306916980218317,miscanthus_floridulus_15wks vs miscanthus_sacchariflorus_ssp_lutarioriparius_15wks,TRUE
4210,-2.4306458559429274,19.77422454706965,-3.300689182210322,0.03793580358377244,0.2524108495434244,-3.331806562047091,miscanthus_floridulus_15wks vs miscanthus_sacchariflorus_ssp_lutarioriparius_15wks,TRUE
4672,-2.8210013138655334,17.902024366821724,-3.2836986499265146,0.03847484812516665,0.25457524509485263,-3.3467402162490707,miscanthus_floridulus_15wks vs miscanthus_sacchariflorus_ssp_lutarioriparius_15wks,TRUE
2655,3.10149137822037,19.361612137422867,3.268984688717231,0.03894927211073775,0.256290514275628,-3.3597183943343656,miscanthus_floridulus_15wks vs miscanthus_sacchariflorus_ssp_lutarioriparius_15wks,TRUE
254,1.713590630622214,22.866029272039835,3.2555188254923215,0.039389751556001065,0.25737703699058617,-3.3716327507782657,miscanthus_floridulus_15wks vs miscanthus_sacchariflorus_ssp_lutarioriparius_15wks,TRUE
5422,-1.6752198549529993,16.981339272733255,-3.2507683759341024,0.03954659762323868,0.25737703699058617,-3.375844316410029,miscanthus_floridulus_15wks vs miscanthus_sacchariflorus_ssp_lutarioriparius_15wks,TRUE
268,1.9711054762035616,17.950976605067183,3.2304038369020818,0.040227706841653686,0.26038695026309533,-3.3939487231657832,miscanthus_floridulus_15wks vs miscanthus_sacchariflorus_ssp_lutarioriparius_15wks,TRUE
2565,-2.0138360916124647,23.781610607569167,-3.193914161717775,0.041484426256933125,0.2670700090378776,-3.426591612307582,miscanthus_floridulus_15wks vs miscanthus_sacchariflorus_ssp_lutarioriparius_15wks,TRUE
4567,-2.1859904409858437,18.433083842164713,-3.1770109076892976,0.04208283700503105,0.26946590791931174,-3.441801293416581,miscanthus_floridulus_15wks vs miscanthus_sacchariflorus_ssp_lutarioriparius_15wks,TRUE
3746,2.3597738488018614,17.651399263153674,3.1608573043980708,0.04266459525421036,0.2717301227153184,-3.4563887690433535,miscanthus_floridulus_15wks vs miscanthus_sacchariflorus_ssp_lutarioriparius_15wks,TRUE
5000,2.6277660279406057,17.802726086922963,3.1446241969269546,0.04325914358130119,0.2729493941720758,-3.4710995889899183,miscanthus_floridulus_15wks vs miscanthus_sacchariflorus_ssp_lutarioriparius_15wks,TRUE
109,2.8457211516444936,19.18538659749892,3.1431297020170237,0.04331438748826392,0.2729493941720758,-3.4724565333509365,miscanthus_floridulus_15wks vs miscanthus_sacchariflorus_ssp_lutarioriparius_15wks,TRUE
4636,-1.668644676234134,20.568338303035482,-3.118922754888317,0.044221303701260616,0.2748557723470844,-3.494496544751775,miscanthus_floridulus_15wks vs miscanthus_sacchariflorus_ssp_lutarioriparius_15wks,TRUE
4729,-1.609460425161732,18.81905431831834,-3.1175012077280764,0.0442752788877877,0.2748557723470844,-3.4957944130503913,miscanthus_floridulus_15wks vs miscanthus_sacchariflorus_ssp_lutarioriparius_15wks,TRUE
2947,2.561631288884257,24.02305971449158,3.1166077789916997,0.04430924289726298,0.2748557723470844,-3.4966103137143327,miscanthus_floridulus_15wks vs miscanthus_sacchariflorus_ssp_lutarioriparius_15wks,TRUE
2393,-3.7069314546270036,18.442909747711457,-3.0395187048712047,0.0473632383519148,0.29078456664635016,-3.5675995975564585,miscanthus_floridulus_15wks vs miscanthus_sacchariflorus_ssp_lutarioriparius_15wks,TRUE
1939,-3.1489197981097448,21.341625361165047,-3.0379038095734154,0.04742990915824902,0.29078456664635016,-3.569099174386604,miscanthus_floridulus_15wks vs miscanthus_sacchariflorus_ssp_lutarioriparius_15wks,TRUE
5428,-1.68782634603458,16.983328251724096,-3.0335659352713638,0.04760956380859638,0.29078456664635016,-3.573129814654752,miscanthus_floridulus_15wks vs miscanthus_sacchariflorus_ssp_lutarioriparius_15wks,TRUE
5156,1.519579475658194,22.448991782058286,3.006019946852785,0.04876990151826478,0.2957120134267188,-3.598810858677043,miscanthus_floridulus_15wks vs miscanthus_sacchariflorus_ssp_lutarioriparius_15wks,TRUE
2975,-1.709116476016682,17.320733006355706,-3.0026803372879445,0.0489129023048393,0.2957120134267188,-3.601934464964803,miscanthus_floridulus_15wks vs miscanthus_sacchariflorus_ssp_lutarioriparius_15wks,TRUE
2604,-4.556789577541185,21.585975044586824,-2.9765183961890043,0.05005094471345761,0.30028424351604055,-3.6264797631640855,miscanthus_floridulus_15wks vs miscanthus_sacchariflorus_ssp_lutarioriparius_15wks,FALSE
156,-2.2064441843758473,22.102548910547746,-2.9737455503131205,0.050173437833494594,0.30028424351604055,-3.6290891071567404,miscanthus_floridulus_15wks vs miscanthus_sacchariflorus_ssp_lutarioriparius_15wks,FALSE
4428,2.976695367999751,17.37757709059611,2.9291527250870186,0.052194217499480285,0.3104649321268049,-3.6712586154404026,miscanthus_floridulus_15wks vs miscanthus_sacchariflorus_ssp_lutarioriparius_15wks,FALSE
2613,2.8203505721992705,17.800040640907685,2.9248184403423156,0.05239584496850361,0.3104649321268049,-3.675378027210599,miscanthus_floridulus_15wks vs miscanthus_sacchariflorus_ssp_lutarioriparius_15wks,FALSE
2986,1.5177559282845365,22.82659541369697,2.8898232715480905,0.05405880967154786,0.3187328827664035,-3.7087720846646994,miscanthus_floridulus_15wks vs miscanthus_sacchariflorus_ssp_lutarioriparius_15wks,FALSE
1745,1.724315671131997,21.203068023202345,2.8755005350617506,0.05475779456118825,0.3212637109476611,-3.7225080495003637,miscanthus_floridulus_15wks vs miscanthus_sacchariflorus_ssp_lutarioriparius_15wks,FALSE
235,1.5019528380867868,16.14962625054872,2.866191087793942,0.055217978950446646,0.3223755535783429,-3.7314574029863596,miscanthus_floridulus_15wks vs miscanthus_sacchariflorus_ssp_lutarioriparius_15wks,FALSE
5693,1.4139735699286007,18.821271372968532,2.8367382471527325,0.056704973244128036,0.32824077488673253,-3.759881237360711,miscanthus_floridulus_15wks vs miscanthus_sacchariflorus_ssp_lutarioriparius_15wks,FALSE
3894,1.788995712750875,18.570856606596077,2.8346064942423634,0.05681446382213774,0.32824077488673253,-3.7619450014610973,miscanthus_floridulus_15wks vs miscanthus_sacchariflorus_ssp_lutarioriparius_15wks,FALSE
2305,3.6989524722393092,21.981036559318593,2.8300489458085516,0.057049404199457296,0.32824077488673253,-3.766360127184489,miscanthus_floridulus_15wks vs miscanthus_sacchariflorus_ssp_lutarioriparius_15wks,FALSE
2515,3.2001205579656364,18.61364338140138,2.7958544316121454,0.05884999182157478,0.334923668075692,-3.799613264151223,miscanthus_floridulus_15wks vs miscanthus_sacchariflorus_ssp_lutarioriparius_15wks,FALSE
5045,-2.294706196445084,20.542284016551193,-2.794952251151866,0.0588984179322266,0.334923668075692,-3.8004936400186224,miscanthus_floridulus_15wks vs miscanthus_sacchariflorus_ssp_lutarioriparius_15wks,FALSE
904,2.753075798725366,18.344436383798083,2.7920495559959018,0.05905455104609179,0.334923668075692,-3.80332723594616,miscanthus_floridulus_15wks vs miscanthus_sacchariflorus_ssp_lutarioriparius_15wks,FALSE
4396,-1.583753564621162,20.350966039287787,-2.786527489405312,0.05935295559133884,0.3349248668562317,-3.808722291472412,miscanthus_floridulus_15wks vs miscanthus_sacchariflorus_ssp_lutarioriparius_15wks,FALSE
1122,-4.893392327074231,21.457649134623438,-2.775583622685834,0.05994972703313472,0.3349248668562317,-3.819431629943061,miscanthus_floridulus_15wks vs miscanthus_sacchariflorus_ssp_lutarioriparius_15wks,FALSE
2776,1.7302795455794922,17.229605084216075,2.7747186777889254,0.05999719983624058,0.3349248668562317,-3.820279012088166,miscanthus_floridulus_15wks vs miscanthus_sacchariflorus_ssp_lutarioriparius_15wks,FALSE
139,3.159819140160419,20.187389545375765,2.7714027534782706,0.060179615035460605,0.3349248668562317,-3.8235289258511966,miscanthus_floridulus_15wks vs miscanthus_sacchariflorus_ssp_lutarioriparius_15wks,FALSE
5635,1.4179169934846527,17.434074924419402,2.7412928631297144,0.06186690992932954,0.34271390570154175,-3.8531349748093606,miscanthus_floridulus_15wks vs miscanthus_sacchariflorus_ssp_lutarioriparius_15wks,FALSE
3,1.3719471119092468,25.917002080785174,2.7315742491985184,0.062423616490527925,0.34419688537138315,-3.8627275994802455,miscanthus_floridulus_15wks vs miscanthus_sacchariflorus_ssp_lutarioriparius_15wks,FALSE
1367,1.5368622223990371,21.666915206339695,2.720087982710252,0.0630893531286814,0.3462646063422099,-3.8740879232012775,miscanthus_floridulus_15wks vs miscanthus_sacchariflorus_ssp_lutarioriparius_15wks,FALSE
1941,-1.7477628374237248,23.30767464092633,-2.714040741755969,0.06344327022347973,0.34660979282644205,-3.8800788319312614,miscanthus_floridulus_15wks vs miscanthus_sacchariflorus_ssp_lutarioriparius_15wks,FALSE
5636,1.424433289222204,19.508522276124395,2.7057595504647165,0.0639318018972822,0.34768390894823337,-3.888294018006986,miscanthus_floridulus_15wks vs miscanthus_sacchariflorus_ssp_lutarioriparius_15wks,FALSE
3463,1.911649196939745,18.462272460794615,2.6986109144758714,0.06435715225633354,0.3484062197149693,-3.8953960094045423,miscanthus_floridulus_15wks vs miscanthus_sacchariflorus_ssp_lutarioriparius_15wks,FALSE
3261,2.5236479551598947,18.048997372221216,2.678333623740541,0.06558225265165615,0.3534319588602827,-3.915592923667249,miscanthus_floridulus_15wks vs miscanthus_sacchariflorus_ssp_lutarioriparius_15wks,FALSE
3498,2.0214679032114624,22.46509686020263,2.6616306484510535,0.06661242516640241,0.3573666593386724,-3.9322871301389477,miscanthus_floridulus_15wks vs miscanthus_sacchariflorus_ssp_lutarioriparius_15wks,FALSE
2834,1.5793769139611875,17.117662294337002,2.628440136360847,0.06871751832960248,0.364993811563377,-3.9656131181905017,miscanthus_floridulus_15wks vs miscanthus_sacchariflorus_ssp_lutarioriparius_15wks,FALSE
3351,-1.49826521053323,17.256470223620973,-2.6265919928022936,0.06883705484631855,0.364993811563377,-3.9674747511340365,miscanthus_floridulus_15wks vs miscanthus_sacchariflorus_ssp_lutarioriparius_15wks,FALSE
589,-1.5650539319263927,25.01374051924543,-2.624795467034464,0.06895349084950447,0.364993811563377,-3.9692849882191354,miscanthus_floridulus_15wks vs miscanthus_sacchariflorus_ssp_lutarioriparius_15wks,FALSE
4013,-1.402880967170173,24.62944617665762,-2.610129936293793,0.0699128357848175,0.3684344576093701,-3.984084474840971,miscanthus_floridulus_15wks vs miscanthus_sacchariflorus_ssp_lutarioriparius_15wks,FALSE
332,1.464337125640835,26.57486309512886,2.602564868553356,0.07041392860394648,0.36944048003215973,-3.9917339416317477,miscanthus_floridulus_15wks vs miscanthus_sacchariflorus_ssp_lutarioriparius_15wks,FALSE
2570,1.762697776021497,23.78805660171638,2.5926327623311303,0.07107832747140402,0.3700970039449999,-4.001792600889152,miscanthus_floridulus_15wks vs miscanthus_sacchariflorus_ssp_lutarioriparius_15wks,FALSE
4438,2.4808374601113883,17.737857733295677,2.591411330483682,0.07116054903728378,0.3700970039449999,-4.0030308274309725,miscanthus_floridulus_15wks vs miscanthus_sacchariflorus_ssp_lutarioriparius_15wks,FALSE
5362,-1.3025288438941125,16.663319405590666,-2.5777720502937607,0.07208642968759732,0.3723304699274367,-4.0168759098482525,miscanthus_floridulus_15wks vs miscanthus_sacchariflorus_ssp_lutarioriparius_15wks,FALSE
4119,-3.013385917783559,18.40479712116194,-2.5719401483559667,0.07248669444275756,0.3723304699274367,-4.022806011618949,miscanthus_floridulus_15wks vs miscanthus_sacchariflorus_ssp_lutarioriparius_15wks,FALSE
4287,1.51416976653433,19.04003104587443,2.5673264338898827,0.07280522629706847,0.3723304699274367,-4.027501729371592,miscanthus_floridulus_15wks vs miscanthus_sacchariflorus_ssp_lutarioriparius_15wks,FALSE
2309,-1.2887965810038757,23.06246624939387,-2.5668174332228184,0.07284046976750021,0.3723304699274367,-4.0280200100646955,miscanthus_floridulus_15wks vs miscanthus_sacchariflorus_ssp_lutarioriparius_15wks,FALSE
2697,1.8641338352465802,26.18385445183324,2.5463028786430826,0.07427795406417084,0.37567972153096435,-4.048947004722858,miscanthus_floridulus_15wks vs miscanthus_sacchariflorus_ssp_lutarioriparius_15wks,FALSE
221,-1.8909566133665976,24.949996754329916,-2.5451866066629862,0.07435713605508094,0.37567972153096435,-4.050087863154046,miscanthus_floridulus_15wks vs miscanthus_sacchariflorus_ssp_lutarioriparius_15wks,FALSE
2656,2.24369972401054,18.99545400880988,2.534320907532259,0.0751331516593185,0.37567972153096435,-4.061204388953239,miscanthus_floridulus_15wks vs miscanthus_sacchariflorus_ssp_lutarioriparius_15wks,FALSE
414,2.739331970107955,17.767694837133252,2.529021647404145,0.07551510781205897,0.37567972153096435,-4.0666335276951715,miscanthus_floridulus_15wks vs miscanthus_sacchariflorus_ssp_lutarioriparius_15wks,FALSE
395,-3.8993841046623956,21.023728348913387,-2.5280032386996383,0.07558877587875665,0.37567972153096435,-4.067677461863405,miscanthus_floridulus_15wks vs miscanthus_sacchariflorus_ssp_lutarioriparius_15wks,FALSE
5947,2.7470513529350455,18.90911784000099,2.523675328783673,0.07590279501292045,0.37567972153096435,-4.072115876920291,miscanthus_floridulus_15wks vs miscanthus_sacchariflorus_ssp_lutarioriparius_15wks,FALSE
4648,1.3812254669007764,19.606877135222778,2.5190165625649743,0.07624255255522476,0.37567972153096435,-4.0768972634428184,miscanthus_floridulus_15wks vs miscanthus_sacchariflorus_ssp_lutarioriparius_15wks,FALSE
3836,1.615149462877202,20.05747804908229,2.5096763508958917,0.07692917424599845,0.37567972153096435,-4.086494731606608,miscanthus_floridulus_15wks vs miscanthus_sacchariflorus_ssp_lutarioriparius_15wks,FALSE
311,-1.3743961277244665,17.52104875939169,-2.5088668613632743,0.07698902654949355,0.37567972153096435,-4.087327232579413,miscanthus_floridulus_15wks vs miscanthus_sacchariflorus_ssp_lutarioriparius_15wks,FALSE
233,-1.446422342450525,22.550696656696086,-2.5085999204892953,0.0770087758217562,0.37567972153096435,-4.087601786796565,miscanthus_floridulus_15wks vs miscanthus_sacchariflorus_ssp_lutarioriparius_15wks,FALSE
5263,-2.23346008040399,18.124981566620527,-2.505043852622886,0.07727244093292725,0.37567972153096435,-4.091260457554259,miscanthus_floridulus_15wks vs miscanthus_sacchariflorus_ssp_lutarioriparius_15wks,FALSE
397,-2.6128888784271176,18.052963073712206,-2.50493023041045,0.07728088310250736,0.37567972153096435,-4.091377394304356,miscanthus_floridulus_15wks vs miscanthus_sacchariflorus_ssp_lutarioriparius_15wks,FALSE
5338,1.5518819357354179,16.536901341147477,2.497420476038982,0.07784129330436669,0.37628099169168067,-4.099111181634498,miscanthus_floridulus_15wks vs miscanthus_sacchariflorus_ssp_lutarioriparius_15wks,FALSE
1574,1.234732431685245,25.83898187138636,2.4948203987796322,0.07803644412077677,0.37628099169168067,-4.1017910991743385,miscanthus_floridulus_15wks vs miscanthus_sacchariflorus_ssp_lutarioriparius_15wks,FALSE
857,1.3247813571989724,26.398605751798126,2.4903414187432342,0.07837397894973705,0.37638471342393887,-4.106410350716854,miscanthus_floridulus_15wks vs miscanthus_sacchariflorus_ssp_lutarioriparius_15wks,FALSE
3646,3.2502813741679937,24.133863596634576,2.4625714449116267,0.08050574073128829,0.3850696273532705,-4.135126803135005,miscanthus_floridulus_15wks vs miscanthus_sacchariflorus_ssp_lutarioriparius_15wks,FALSE
4259,-1.8455747523825714,17.295454440390692,-2.4563386548091577,0.08099358610554525,0.38585344420681755,-4.141590063953991,miscanthus_floridulus_15wks vs miscanthus_sacchariflorus_ssp_lutarioriparius_15wks,FALSE
3236,-1.4188602052607493,21.561600590194242,-2.4286031907884134,0.08320728003740308,0.3913323516589982,-4.170430321620085,miscanthus_floridulus_15wks vs miscanthus_sacchariflorus_ssp_lutarioriparius_15wks,FALSE
976,-3.5099864707416977,17.52190252894546,-2.42791568972541,0.08326305373395858,0.3913323516589982,-4.171146839274731,miscanthus_floridulus_15wks vs miscanthus_sacchariflorus_ssp_lutarioriparius_15wks,FALSE
5683,-1.3074820397971667,16.58278843029957,-2.427811641201173,0.08327149854020603,0.3913323516589982,-4.171255286092245,miscanthus_floridulus_15wks vs miscanthus_sacchariflorus_ssp_lutarioriparius_15wks,FALSE
424,1.3610780373470277,19.46594954042487,2.4255175504570956,0.08345794905238081,0.3913323516589982,-4.173646807763969,miscanthus_floridulus_15wks vs miscanthus_sacchariflorus_ssp_lutarioriparius_15wks,FALSE
4884,1.5755157183703936,17.078311599364838,2.418411265610048,0.08403864110207342,0.39175883553481056,-4.181060426247276,miscanthus_floridulus_15wks vs miscanthus_sacchariflorus_ssp_lutarioriparius_15wks,FALSE
4413,1.2770685822811387,18.795665739815025,2.4163645884537424,0.08420676901503904,0.39175883553481056,-4.183197164359453,miscanthus_floridulus_15wks vs miscanthus_sacchariflorus_ssp_lutarioriparius_15wks,FALSE
4810,1.5093679454155335,17.363501089262027,2.3943414347989473,0.08604121961470305,0.3966757232320138,-4.2062328493728725,miscanthus_floridulus_15wks vs miscanthus_sacchariflorus_ssp_lutarioriparius_15wks,FALSE
3961,1.899330344763154,17.866589362592325,2.3936671583585296,0.08609812309682167,0.3966757232320138,-4.206939372960339,miscanthus_floridulus_15wks vs miscanthus_sacchariflorus_ssp_lutarioriparius_15wks,FALSE
325,1.1878952165690855,26.30331100744295,2.3917186022817316,0.08626281470788545,0.3966757232320138,-4.208981532268938,miscanthus_floridulus_15wks vs miscanthus_sacchariflorus_ssp_lutarioriparius_15wks,FALSE
2449,1.9928352723119858,21.391957995977418,2.3743288537580627,0.08774913107391243,0.4004269457503951,-4.227233736247115,miscanthus_floridulus_15wks vs miscanthus_sacchariflorus_ssp_lutarioriparius_15wks,FALSE
2155,-1.2291372776316472,18.05525179715966,-2.3743072855039755,0.08775099314933092,0.4004269457503951,-4.227256404308104,miscanthus_floridulus_15wks vs miscanthus_sacchariflorus_ssp_lutarioriparius_15wks,FALSE
3207,-1.777408069849077,17.428149939335007,-2.3698001168122373,0.08814113678014412,0.4006721141418002,-4.231995029999899,miscanthus_floridulus_15wks vs miscanthus_sacchariflorus_ssp_lutarioriparius_15wks,FALSE
5321,-1.2425908290429746,17.441111423334274,-2.3607462953715737,0.08893102058266023,0.40272564834200886,-4.241523549506709,miscanthus_floridulus_15wks vs miscanthus_sacchariflorus_ssp_lutarioriparius_15wks,FALSE
128,3.767470654383583,20.62393246680648,2.3465694178534355,0.09018462419568998,0.4044002959933352,-4.256469707449805,miscanthus_floridulus_15wks vs miscanthus_sacchariflorus_ssp_lutarioriparius_15wks,FALSE
924,1.2311235787599948,24.24499164189573,2.3463436921985643,0.090204751362227,0.4044002959933352,-4.25670793645338,miscanthus_floridulus_15wks vs miscanthus_sacchariflorus_ssp_lutarioriparius_15wks,FALSE
234,-1.5709764582360535,25.503550859336933,-2.345058347547274,0.09031946157365842,0.4044002959933352,-4.258064630201626,miscanthus_floridulus_15wks vs miscanthus_sacchariflorus_ssp_lutarioriparius_15wks,FALSE
1893,-1.473304060399947,20.585552370498988,-2.336610868294253,0.091077627755468335,0.4062676204373138,-4.266987423803264,miscanthus_floridulus_15wks vs miscanthus_sacchariflorus_ssp_lutarioriparius_15wks,FALSE
1499,1.156010015420648,23.93858891219611,2.31743757691631,0.09282630421015599,0.4125228668443872,-4.287280400992003,miscanthus_floridulus_15wks vs miscanthus_sacchariflorus_ssp_lutarioriparius_15wks,FALSE
5803,2.2059875755980336,19.22039029062044,2.3094364423407914,0.0935676495667669,0.4142716380446817,-4.295765386205389,miscanthus_floridulus_15wks vs miscanthus_sacchariflorus_ssp_lutarioriparius_15wks,FALSE
4029,-2.2538912211202486,18.9893183347018,-2.3022026137080553,0.09424387138585191,0.4147761683134985,-4.3034449886867705,miscanthus_floridulus_15wks vs miscanthus_sacchariflorus_ssp_lutarioriparius_15wks,FALSE
354,3.829696455295746,17.48847575197789,2.300773718482085,0.09437812058182879,0.4147761683134985,-4.304962867457771,miscanthus_floridulus_15wks vs miscanthus_sacchariflorus_ssp_lutarioriparius_15wks,FALSE
3211,1.2140565459785755,20.595659280252992,2.289727052794114,0.09542357141388662,0.4178289468894815,-4.316707745634908,miscanthus_floridulus_15wks vs miscanthus_sacchariflorus_ssp_lutarioriparius_15wks,FALSE
137,1.143701717681168,25.079523283323947,2.282079403350994,0.09615527329139126,0.4183360081862919,-4.324849372406856,miscanthus_floridulus_15wks vs miscanthus_sacchariflorus_ssp_lutarioriparius_15wks,FALSE
4901,-2.057770427999916,19.938510771979352,-2.2811788154868573,0.09624186922169939,0.4183360081862919,-4.325808698213292,miscanthus_floridulus_15wks vs miscanthus_sacchariflorus_ssp_lutarioriparius_15wks,FALSE
739,3.331376471292609,17.14459363105699,2.254048374482457,0.09889377923888158,0.4254585484268299,-4.3547639639468505,miscanthus_floridulus_15wks vs miscanthus_sacchariflorus_ssp_lutarioriparius_15wks,FALSE
4043,-1.252344607205167,22.0131904412875,-2.251885915674807,0.09910879530667432,0.4254585484268299,-4.3570764308244065,miscanthus_floridulus_15wks vs miscanthus_sacchariflorus_ssp_lutarioriparius_15wks,FALSE
1418,-4.33762590804823,17.85896701476772,-2.2502690531453426,0.09926991802740669,0.4254585484268299,-4.358805888569629,miscanthus_floridulus_15wks vs miscanthus_sacchariflorus_ssp_lutarioriparius_15wks,FALSE
4711,-2.472593045205894,23.39669716965749,-2.2498734782959993,0.09930938409962949,0.4254585484268299,-4.359229067040511,miscanthus_floridulus_15wks vs miscanthus_sacchariflorus_ssp_lutarioriparius_15wks,FALSE
2230,-1.1494724354723687,16.640768326384368,-2.244838439201831,0.09981332495547462,0.4260848387884239,-4.364617393341712,miscanthus_floridulus_15wks vs miscanthus_sacchariflorus_ssp_lutarioriparius_15wks,FALSE
3347,-1.2038775131845547,21.734290682152945,-2.219616756427478,0.10238292890749359,0.43549310117437456,-4.3916621870269985,miscanthus_floridulus_15wks vs miscanthus_sacchariflorus_ssp_lutarioriparius_15wks,FALSE
4204,1.3797937372960014,18.101337130459093,2.1894066526549896,0.1055625996720942,0.4442632664019907,-4.42417030458462,miscanthus_floridulus_15wks vs miscanthus_sacchariflorus_ssp_lutarioriparius_15wks,FALSE
2265,3.4742995822967835,17.38984910936952,2.184178567280876,0.10612442225911581,0.4442632664019907,-4.429808395430733,miscanthus_floridulus_15wks vs miscanthus_sacchariflorus_ssp_lutarioriparius_15wks,FALSE
6259,1.6460593526139746,18.509296812491705,2.1770131043128313,0.10690007872994269,0.4442632664019907,-4.437541588331741,miscanthus_floridulus_15wks vs miscanthus_sacchariflorus_ssp_lutarioriparius_15wks,FALSE
3304,2.621154291746006,17.63865141477007,2.1742899843899806,0.10719657519063418,0.4442632664019907,-4.440482207378767,miscanthus_floridulus_15wks vs miscanthus_sacchariflorus_ssp_lutarioriparius_15wks,FALSE
4776,2.643923132201529,17.194821362637438,2.167637926736466,0.10792487142312063,0.4442632664019907,-4.447669576350325,miscanthus_floridulus_15wks vs miscanthus_sacchariflorus_ssp_lutarioriparius_15wks,FALSE
5070,-1.1317123715411306,18.228665632189514,-2.1580955904556918,0.10897962931383097,0.4442632664019907,-4.4579896385864,miscanthus_floridulus_15wks vs miscanthus_sacchariflorus_ssp_lutarioriparius_15wks,FALSE
5210,1.2113497882051227,17.096579239729166,2.157658828188037,0.1090281912503756,0.4442632664019907,-4.458462272919001,miscanthus_floridulus_15wks vs miscanthus_sacchariflorus_ssp_lutarioriparius_15wks,FALSE
158,3.4819687122091523,21.949084109320694,2.156270679773362,0.10918270040570001,0.4442632664019907,-4.459964591205831,miscanthus_floridulus_15wks vs miscanthus_sacchariflorus_ssp_lutarioriparius_15wks,FALSE
4782,2.585521369162656,19.46289979032158,2.152061342482564,0.10965277442775508,0.4442632664019907,-4.4645216023061,miscanthus_floridulus_15wks vs miscanthus_sacchariflorus_ssp_lutarioriparius_15wks,FALSE
4301,1.2077930489886342,19.496648728558238,2.15144568066128,0.10972172381772127,0.4442632664019907,-4.465188300216719,miscanthus_floridulus_15wks vs miscanthus_sacchariflorus_ssp_lutarioriparius_15wks,FALSE
525,1.1290242117375868,21.600016129299924,2.146422974986314,0.11028610352644053,0.4442632664019907,-4.47062912384624,miscanthus_floridulus_15wks vs miscanthus_sacchariflorus_ssp_lutarioriparius_15wks,FALSE
35,1.9541135377692385,17.54876572294485,2.1455381187679277,0.11038587808024736,0.4442632664019907,-4.471587963079469,miscanthus_floridulus_15wks vs miscanthus_sacchariflorus_ssp_lutarioriparius_15wks,FALSE
4379,3.1643461949626825,21.139191197944598,2.1428116763489005,0.11069396219491204,0.4442632664019907,-4.474542968831628,miscanthus_floridulus_15wks vs miscanthus_sacchariflorus_ssp_lutarioriparius_15wks,FALSE
2337,1.53899500511476,23.901911124333054,2.1421429450306544,0.11076967945115983,0.4442632664019907,-4.475267900449266,miscanthus_floridulus_15wks vs miscanthus_sacchariflorus_ssp_lutarioriparius_15wks,FALSE
2422,1.5874774353814587,25.158496727675114,2.1413684715800563,0.1108574441298821,0.4442632664019907,-4.476107529138658,miscanthus_floridulus_15wks vs miscanthus_sacchariflorus_ssp_lutarioriparius_15wks,FALSE
2424,2.6081192147471057,19.53450161785994,2.1286274174402267,0.11231286650536366,0.4442632664019907,-4.489930915833369,miscanthus_floridulus_15wks vs miscanthus_sacchariflorus_ssp_lutarioriparius_15wks,FALSE
1983,2.5356588560573368,16.81755124535139,2.1275947326076206,0.11243179369750798,0.4442632664019907,-4.491052181514673,miscanthus_floridulus_15wks vs miscanthus_sacchariflorus_ssp_lutarioriparius_15wks,FALSE
385,1.0812544543402147,27.136536649313978,2.1261777621569946,0.1125952128200255,0.4442632664019907,-4.492590902817413,miscanthus_floridulus_15wks vs miscanthus_sacchariflorus_ssp_lutarioriparius_15wks,FALSE
1933,1.2240202690457664,21.644768969313937,2.1250839938784085,0.11272154436311219,0.4442632664019907,-4.493778814800744,miscanthus_floridulus_15wks vs miscanthus_sacchariflorus_ssp_lutarioriparius_15wks,FALSE
6148,1.6178157938166287,24.92397250286135,2.124121769556713,0.1128328175535994,0.4442632664019907,-4.494823977991146,miscanthus_floridulus_15wks vs miscanthus_sacchariflorus_ssp_lutarioriparius_15wks,FALSE
236,1.254442283357733,23.679308970590366,2.1232694264683576,0.11293148967128877,0.4442632664019907,-4.4957498804616876,miscanthus_floridulus_15wks vs miscanthus_sacchariflorus_ssp_lutarioriparius_15wks,FALSE
34,1.5230576637337343,26.669671499860662,2.1222820454170805,0.11304591893054398,0.4442632664019907,-4.496822582561932,miscanthus_floridulus_15wks vs miscanthus_sacchariflorus_ssp_lutarioriparius_15wks,FALSE
4834,1.2977447146186591,17.137190122389732,2.1217914337189816,0.1131028264456654,0.4442632664019907,-4.4973556316099685,miscanthus_floridulus_15wks vs miscanthus_sacchariflorus_ssp_lutarioriparius_15wks,FALSE
6013,1.769243139535952,19.007449477015776,2.1188871344161058,0.11344038176509436,0.4442632664019907,-4.500511730903478,miscanthus_floridulus_15wks vs miscanthus_sacchariflorus_ssp_lutarioriparius_15wks,FALSE
1146,-3.543971771515949,17.345325700617668,-2.116059092236078,0.11377018996860384,0.4442632664019907,-4.503585914066457,miscanthus_floridulus_15wks vs miscanthus_sacchariflorus_ssp_lutarioriparius_15wks,FALSE
2948,1.691529066729288,20.736209442538165,2.1105293601229085,0.1144182674478709,0.44533384487063477,-4.509599627719879,miscanthus_floridulus_15wks vs miscanthus_sacchariflorus_ssp_lutarioriparius_15wks,FALSE
535,1.8241104796497467,17.510836705903237,2.102032419082601,0.11542239880930069,0.44719889223549797,-4.518847133371634,miscanthus_floridulus_15wks vs miscanthus_sacchariflorus_ssp_lutarioriparius_15wks,FALSE
2374,2.8047700055356692,19.030558106776553,2.100131624039482,0.11564841209784497,0.44719889223549797,-4.520916962255215,miscanthus_floridulus_15wks vs miscanthus_sacchariflorus_ssp_lutarioriparius_15wks,FALSE
1314,1.070131864547804,22.50633399968355,2.0807575014705453,0.11798134198068772,0.4546359662356821,-4.542037100703663,miscanthus_floridulus_15wks vs miscanthus_sacchariflorus_ssp_lutarioriparius_15wks,FALSE
2908,1.5242197477117827,20.638349284083112,2.0778578109435384,0.11833513814698694,0.4546359662356821,-4.545201678010703,miscanthus_floridulus_15wks vs miscanthus_sacchariflorus_ssp_lutarioriparius_15wks,FALSE
4392,1.2439900122680356,23.028796469618857,2.0580002373116,0.12079096479887885,0.46123980974899437,-4.566897450356942,miscanthus_floridulus_15wks vs miscanthus_sacchariflorus_ssp_lutarioriparius_15wks,FALSE
2993,1.024697327505251,20.799557304075407,2.054540458267987,0.12122479270177805,0.46123980974899437,-4.570681737617633,miscanthus_floridulus_15wks vs miscanthus_sacchariflorus_ssp_lutarioriparius_15wks,FALSE
1451,2.5765429262968773,19.731854767973644,2.0514287417946773,0.12161650112183114,0.46123980974899437,-4.574086369217062,miscanthus_floridulus_15wks vs miscanthus_sacchariflorus_ssp_lutarioriparius_15wks,FALSE
5092,1.6571043105087035,22.13481171726454,2.0506499009192702,0.12171476962171147,0.46123980974899437,-4.574938679884877,miscanthus_floridulus_15wks vs miscanthus_sacchariflorus_ssp_lutarioriparius_15wks,FALSE
954,3.299020570820865,20.497685896939217,2.0484693632960402,0.12199037789331085,0.46123980974899437,-4.57732524138531,miscanthus_floridulus_15wks vs miscanthus_sacchariflorus_ssp_lutarioriparius_15wks,FALSE
5252,1.6883857251125072,20.156305009058336,2.0265348678048363,0.12480284999704476,0.4685326431379367,-4.601358600429419,miscanthus_floridulus_15wks vs miscanthus_sacchariflorus_ssp_lutarioriparius_15wks,FALSE
217,2.8203521162821694,17.75955050223801,2.0254853451053925,0.12493926765487065,0.4685326431379367,-4.602509729751231,miscanthus_floridulus_15wks vs miscanthus_sacchariflorus_ssp_lutarioriparius_15wks,FALSE
209,4.862916558355828,20.995369909652656,2.022776684351372,0.1252921286218189,0.4685326431379367,-4.6054811090696095,miscanthus_floridulus_15wks vs miscanthus_sacchariflorus_ssp_lutarioriparius_15wks,FALSE
1315,1.3413207876905382,21.605504897027977,2.017226501832123,0.12601871793840605,0.4685326431379367,-4.61157179052231,miscanthus_floridulus_15wks vs miscanthus_sacchariflorus_ssp_lutarioriparius_15wks,FALSE
2678,-3.989166436967597,20.5677426009552,-2.0160096188091474,0.12617866530154787,0.4685326431379367,-4.612907565952893,miscanthus_floridulus_15wks vs miscanthus_sacchariflorus_ssp_lutarioriparius_15wks,FALSE
1237,-2.6715482269244184,17.389579409024396,-2.0129645874969255,0.1265799206196842,0.4685326431379367,-4.616250709385767,miscanthus_floridulus_15wks vs miscanthus_sacchariflorus_ssp_lutarioriparius_15wks,FALSE
2839,-1.010503059503499,23.338730987716318,-2.0100607506654193,0.12696392626283326,0.4685326431379367,-4.619439635511372,miscanthus_floridulus_15wks vs miscanthus_sacchariflorus_ssp_lutarioriparius_15wks,FALSE
3790,-1.098013590252446,28.1320831099937,-2.006552552545246,0.12742962582507017,0.4685326431379367,-4.623293290081663,miscanthus_floridulus_15wks vs miscanthus_sacchariflorus_ssp_lutarioriparius_15wks,FALSE
206,3.594281018458801,20.032064436511742,2.0063260359834447,0.12745976186120192,0.4685326431379367,-4.6235421506015015,miscanthus_floridulus_15wks vs miscanthus_sacchariflorus_ssp_lutarioriparius_15wks,FALSE
6045,1.677160609695438,23.506623675170033,1.9921141621640452,0.12936686141217627,0.4740797905904675,-4.639165108438315,miscanthus_floridulus_15wks vs miscanthus_sacchariflorus_ssp_lutarioriparius_15wks,FALSE
2071,2.5409805433599004,18.039541271816752,1.9814016845120366,0.13082585015739184,0.476522698723357,-4.65095289381749,miscanthus_floridulus_15wks vs miscanthus_sacchariflorus_ssp_lutarioriparius_15wks,FALSE
2568,-2.015881039439428,18.149849615469535,-1.980109543591856,0.13100309469556054,0.476522698723357,-4.652375398584702,miscanthus_floridulus_15wks vs miscanthus_sacchariflorus_ssp_lutarioriparius_15wks,FALSE
2148,1.1525772268817533,24.435320663173165,1.976264700841498,0.1315321125762615,0.476522698723357,-4.656608972955738,miscanthus_floridulus_15wks vs miscanthus_sacchariflorus_ssp_lutarioriparius_15wks,FALSE
1662,-3.3294683275072714,20.497896087963394,-1.973290935079404,0.13194294231013726,0.476522698723357,-4.659884241010613,miscanthus_floridulus_15wks vs miscanthus_sacchariflorus_ssp_lutarioriparius_15wks,FALSE
4531,1.383097270184841,20.549949075501317,1.9723405859289829,0.1320745414591646,0.476522698723357,-4.660931096835768,miscanthus_floridulus_15wks vs miscanthus_sacchariflorus_ssp_lutarioriparius_15wks,FALSE
5145,-2.469680307813384,17.464762568126396,-1.969749488887866,0.13243410014897664,0.476522698723357,-4.663785690661568,miscanthus_floridulus_15wks vs miscanthus_sacchariflorus_ssp_lutarioriparius_15wks,FALSE
1923,-1.083205833778372,23.4316729993321,-1.962410193830932,0.13345859713749034,0.4787626180444307,-4.67187427817646,miscanthus_floridulus_15wks vs miscanthus_sacchariflorus_ssp_lutarioriparius_15wks,FALSE
2829,-1.5506306127019407,17.51764937442182,-1.9469392798625638,0.13564776818726057,0.48032121907518166,-4.688938464200081,miscanthus_floridulus_15wks vs miscanthus_sacchariflorus_ssp_lutarioriparius_15wks,FALSE
5476,0.9737118900814394,19.63983638039964,1.945464784089836,0.1358585277021468,0.48032121907518166,-4.690565758794442,miscanthus_floridulus_15wks vs miscanthus_sacchariflorus_ssp_lutarioriparius_15wks,FALSE
1200,1.8519421600315393,16.916847365110282,1.9411468619362238,0.1364778524791038,0.48032121907518166,-4.695332061076379,miscanthus_floridulus_15wks vs miscanthus_sacchariflorus_ssp_lutarioriparius_15wks,FALSE
1385,-1.810255209168293,16.991385816763113,-1.9385976072030648,0.13684499484422777,0.48032121907518166,-4.69814667362898,miscanthus_floridulus_15wks vs miscanthus_sacchariflorus_ssp_lutarioriparius_15wks,FALSE
4748,2.9553543537387874,20.153380080635856,1.9383743143557204,0.1368772065540061,0.48032121907518166,-4.6983932319284865,miscanthus_floridulus_15wks vs miscanthus_sacchariflorus_ssp_lutarioriparius_15wks,FALSE
2348,1.4335813086650049,23.69665658673926,1.9370208989715418,0.13707263076808862,0.48032121907518166,-4.699887739839321,miscanthus_floridulus_15wks vs miscanthus_sacchariflorus_ssp_lutarioriparius_15wks,FALSE
2851,1.3078159273181598,18.853181895988026,1.9362132716365505,0.1371893971463287,0.48032121907518166,-4.700779624254544,miscanthus_floridulus_15wks vs miscanthus_sacchariflorus_ssp_lutarioriparius_15wks,FALSE
4953,-2.9845780664837847,19.06314490409981,-1.9327726563887662,0.1376881016133654,0.48032121907518166,-4.704579707216835,miscanthus_floridulus_15wks vs miscanthus_sacchariflorus_ssp_lutarioriparius_15wks,FALSE
6159,2.281128004010533,20.833683916351823,1.9244295649733847,0.13890593330743353,0.48032121907518166,-4.7137979003137,miscanthus_floridulus_15wks vs miscanthus_sacchariflorus_ssp_lutarioriparius_15wks,FALSE
5969,2.219821552870904,17.541227690563172,1.9241290310863732,0.13895002843275905,0.48032121907518166,-4.714130046189836,miscanthus_floridulus_15wks vs miscanthus_sacchariflorus_ssp_lutarioriparius_15wks,FALSE
808,0.9547968395142838,22.06035673831247,1.9222880581495387,0.13922048610342685,0.48032121907518166,-4.716164797162236,miscanthus_floridulus_15wks vs miscanthus_sacchariflorus_ssp_lutarioriparius_15wks,FALSE
59,1.0563342831803766,26.688277403048744,1.9206743689484966,0.1394580424310731,0.48032121907518166,-4.7179485282342615,miscanthus_floridulus_15wks vs miscanthus_sacchariflorus_ssp_lutarioriparius_15wks,FALSE
4955,0.948306750566335,23.316671451898046,1.9201931940598151,0.13952896626974054,0.48032121907518166,-4.718480440419355,miscanthus_floridulus_15wks vs miscanthus_sacchariflorus_ssp_lutarioriparius_15wks,FALSE
127,2.5295629940016475,18.163394092201045,1.9193892293319368,0.13964755930358916,0.48032121907518166,-4.719369213261338,miscanthus_floridulus_15wks vs miscanthus_sacchariflorus_ssp_lutarioriparius_15wks,FALSE
1905,-2.12383359710201,24.561943463661457,-1.9110980580911532,0.14087725008977636,0.48032121907518166,-4.728537469974622,miscanthus_floridulus_15wks vs miscanthus_sacchariflorus_ssp_lutarioriparius_15wks,FALSE
2440,-1.059847365298971,22.493984306282744,-1.9099679054927938,0.14104581071741343,0.48032121907518166,-4.729787519724786,miscanthus_floridulus_15wks vs miscanthus_sacchariflorus_ssp_lutarioriparius_15wks,FALSE
4875,1.0266177592705006,17.978797843786815,1.9055674482733633,0.14170430231966583,0.48032121907518166,-4.734655586214081,miscanthus_floridulus_15wks vs miscanthus_sacchariflorus_ssp_lutarioriparius_15wks,FALSE
418,0.9510347390979526,20.52975072980646,1.9049806298046916,0.14179237635900677,0.48032121907518166,-4.735304853620411,miscanthus_floridulus_15wks vs miscanthus_sacchariflorus_ssp_lutarioriparius_15wks,FALSE
3737,-1.247054072075958,17.827422165445817,-1.9042302054462574,0.1419050954706997,0.48032121907518166,-4.736135168810383,miscanthus_floridulus_15wks vs miscanthus_sacchariflorus_ssp_lutarioriparius_15wks,FALSE
2147,0.985425108834189,26.617154631243615,1.901098529753691,0.1423765866322796,0.48032121907518166,-4.739600618573494,miscanthus_floridulus_15wks vs miscanthus_sacchariflorus_ssp_lutarioriparius_15wks,FALSE
1250,-1.9402897067826643,17.47687442368012,-1.8990220441827097,0.14269018593892785,0.48032121907518166,-4.741898744584297,miscanthus_floridulus_15wks vs miscanthus_sacchariflorus_ssp_lutarioriparius_15wks,FALSE
3799,-2.5553044277775534,17.309466839287396,-1.894524279362309,0.1433721271528725,0.48032121907518166,-4.7468774762083346,miscanthus_floridulus_15wks vs miscanthus_sacchariflorus_ssp_lutarioriparius_15wks,FALSE
4258,-1.0030604425180343,21.282028138065524,-1.893987711563472,0.14345372503670759,0.48032121907518166,-4.7474715013577695,miscanthus_floridulus_15wks vs miscanthus_sacchariflorus_ssp_lutarioriparius_15wks,FALSE
4175,3.4580730317398896,21.256171450546287,1.8932100112749315,0.1435720856345631,0.48032121907518166,-4.74833251004674,miscanthus_floridulus_15wks vs miscanthus_sacchariflorus_ssp_lutarioriparius_15wks,FALSE
1517,-3.271868972342915,18.31670012582297,-1.8793581516874032,0.14569875210134356,0.4844781151659516,-4.763673951609532,miscanthus_floridulus_15wks vs miscanthus_sacchariflorus_ssp_lutarioriparius_15wks,FALSE
4801,-1.5376753542756152,16.63549403344327,-1.8779331488112336,0.14591953306905694,0.4844781151659516,-4.765252793392276,miscanthus_floridulus_15wks vs miscanthus_sacchariflorus_ssp_lutarioriparius_15wks,FALSE
1890,1.1406345669493696,24.43810413888196,1.8771890716340172,0.14603496502483343,0.4844781151659516,-4.766077241844545,miscanthus_floridulus_15wks vs miscanthus_sacchariflorus_ssp_lutarioriparius_15wks,FALSE
300,2.6798316876330546,20.344900692589036,1.8738448605078468,0.14655503492209507,0.4848529072005978,-4.7697830371027585,miscanthus_floridulus_15wks vs miscanthus_sacchariflorus_ssp_lutarioriparius_15wks,FALSE
598,-1.631959147015266,17.00060816888526,-1.8677998589767695,0.14750039846514373,0.4865192360624463,-4.776483102285611,miscanthus_floridulus_15wks vs miscanthus_sacchariflorus_ssp_lutarioriparius_15wks,FALSE
3028,1.2510091559990109,21.708021629793212,1.8654120619019179,0.14787570399211214,0.4865192360624463,-4.7791301579700995,miscanthus_floridulus_15wks vs miscanthus_sacchariflorus_ssp_lutarioriparius_15wks,FALSE
4564,-2.9678997084177716,18.359266693704896,-1.8618686453373576,0.14843462113079506,0.4870127651977325,-4.783058820546125,miscanthus_floridulus_15wks vs miscanthus_sacchariflorus_ssp_lutarioriparius_15wks,FALSE
4637,1.7310107459261204,19.07284459002202,1.85723365028734,0.14916929530557552,0.4880786557937924,-4.788198645009603,miscanthus_floridulus_15wks vs miscanthus_sacchariflorus_ssp_lutarioriparius_15wks,FALSE
1938,3.0039984280632126,19.737418409618677,1.847382370520467,0.15074434910201717,0.49120383975715326,-4.799126158583414,miscanthus_floridulus_15wks vs miscanthus_sacchariflorus_ssp_lutarioriparius_15wks,FALSE
3653,3.2056781268569274,18.278622771281352,1.8425670169968607,0.15152100939447113,0.49120383975715326,-4.804469117465748,miscanthus_floridulus_15wks vs miscanthus_sacchariflorus_ssp_lutarioriparius_15wks,FALSE
4876,-1.1293663319738663,17.033851052220093,-1.841766775651078,0.15165051217295306,0.49120383975715326,-4.805357132916017,miscanthus_floridulus_15wks vs miscanthus_sacchariflorus_ssp_lutarioriparius_15wks,FALSE
2160,2.6319789329263976,20.113314916299487,1.839211972476651,0.1520647840388774,0.49120383975715326,-4.808192333380045,miscanthus_floridulus_15wks vs miscanthus_sacchariflorus_ssp_lutarioriparius_15wks,FALSE
2930,0.9944503195570995,17.342564610968527,1.8365534520788336,0.15249721767730867,0.49120383975715326,-4.8111429122670515,miscanthus_floridulus_15wks vs miscanthus_sacchariflorus_ssp_lutarioriparius_15wks,FALSE
5735,1.8160365937465244,17.905398291453054,1.8350595869566537,0.15274081200207495,0.49120383975715326,-4.81280101168728,miscanthus_floridulus_15wks vs miscanthus_sacchariflorus_ssp_lutarioriparius_15wks,FALSE
5690,0.9061858440617563,17.507989714039432,1.8319675303232954,0.1532463947133871,0.49120383975715326,-4.816233279260214,miscanthus_floridulus_15wks vs miscanthus_sacchariflorus_ssp_lutarioriparius_15wks,FALSE
1401,0.9438128224978577,19.38705804067095,1.830884826900895,0.15342386934480354,0.49120383975715326,-4.817435195169762,miscanthus_floridulus_15wks vs miscanthus_sacchariflorus_ssp_lutarioriparius_15wks,FALSE
1863,2.303049237502897,20.228123880759615,1.8194391018325637,0.15531412726951926,0.4959225886809583,-4.830143745230441,miscanthus_floridulus_15wks vs miscanthus_sacchariflorus_ssp_lutarioriparius_15wks,FALSE
29,3.089045898444578,21.52103097572882,1.8150028921733115,0.15605373890872218,0.4969518797868666,-4.835070604474712,miscanthus_floridulus_15wks vs miscanthus_sacchariflorus_ssp_lutarioriparius_15wks,FALSE
183,0.9696706002362667,24.40696393562842,1.8039946862231935,0.15790604990594342,0.5001191884335099,-4.84729893904959,miscanthus_floridulus_15wks vs miscanthus_sacchariflorus_ssp_lutarioriparius_15wks,FALSE
1492,1.721207985215667,20.070406569387863,1.8016773222979923,0.15829909490467176,0.5001191884335099,-4.8498735956086385,miscanthus_floridulus_15wks vs miscanthus_sacchariflorus_ssp_lutarioriparius_15wks,FALSE
148,-3.509536910406041,18.604319766712177,-1.7988908393508642,0.15877314821830724,0.5001191884335099,-4.852969645337296,miscanthus_floridulus_15wks vs miscanthus_sacchariflorus_ssp_lutarioriparius_15wks,FALSE
918,2.3727303334566976,17.96101404806395,1.7988883773657909,0.158773567763523,0.5001191884335099,-4.852972380927722,miscanthus_floridulus_15wks vs miscanthus_sacchariflorus_ssp_lutarioriparius_15wks,FALSE
3110,-2.5267214086728345,20.130489469574847,-1.7939168221129984,0.15962328659428884,0.5001191884335099,-4.858496743509941,miscanthus_floridulus_15wks vs miscanthus_sacchariflorus_ssp_lutarioriparius_15wks,FALSE
903,0.9178939760916229,23.179507576961708,1.7917761470633542,0.1599907179482592,0.5001191884335099,-4.860875631983801,miscanthus_floridulus_15wks vs miscanthus_sacchariflorus_ssp_lutarioriparius_15wks,FALSE
2751,2.498839533929811,20.445933966302864,1.7897555743149915,0.16033839674638,0.5001191884335099,-4.863121149532912,miscanthus_floridulus_15wks vs miscanthus_sacchariflorus_ssp_lutarioriparius_15wks,FALSE
3994,3.0714412241634506,18.641371128799282,1.7887785783460486,0.16050680877831836,0.5001191884335099,-4.864206944371658,miscanthus_floridulus_15wks vs miscanthus_sacchariflorus_ssp_lutarioriparius_15wks,FALSE
2124,0.9428461631929608,25.33819111950692,1.7869208505561744,0.16082758116711526,0.5001191884335099,-4.866271606870614,miscanthus_floridulus_15wks vs miscanthus_sacchariflorus_ssp_lutarioriparius_15wks,FALSE
2409,1.661103856147168,17.410604815298782,1.7743788823378597,0.1630118960200052,0.5034519146225905,-4.880212419630935,miscanthus_floridulus_15wks vs miscanthus_sacchariflorus_ssp_lutarioriparius_15wks,FALSE
4092,3.599580035832947,19.7697745133244,1.7740549970899304,0.1630687380558835,0.5034519146225905,-4.88057246591348,miscanthus_floridulus_15wks vs miscanthus_sacchariflorus_ssp_lutarioriparius_15wks,FALSE
2497,2.5312946826248393,20.15286373113296,1.7732485955813042,0.16321035740053563,0.5034519146225905,-4.8814689075901585,miscanthus_floridulus_15wks vs miscanthus_sacchariflorus_ssp_lutarioriparius_15wks,FALSE
3856,1.5339108616054773,18.75857374927119,1.7710897156572643,0.16359016873126997,0.5034519146225905,-4.883868891035347,miscanthus_floridulus_15wks vs miscanthus_sacchariflorus_ssp_lutarioriparius_15wks,FALSE
1564,2.124294577933462,23.141122272082885,1.7675058782876416,0.1642228359835859,0.504096385712502,-4.887853123090614,miscanthus_floridulus_15wks vs miscanthus_sacchariflorus_ssp_lutarioriparius_15wks,FALSE
10,-5.085052331246644,23.49765209037361,-1.7585789109943302,0.16581055176959014,0.5057739738935194,-4.897778150048939,miscanthus_floridulus_15wks vs miscanthus_sacchariflorus_ssp_lutarioriparius_15wks,FALSE
22,0.8888754570171251,27.136336726268443,1.7554579176545795,0.16636963904563826,0.5057739738935194,-4.901248282156357,miscanthus_floridulus_15wks vs miscanthus_sacchariflorus_ssp_lutarioriparius_15wks,FALSE
446,0.8675795097060153,22.80298108760421,1.7544783420655423,0.16654554728682064,0.5057739738935194,-4.902337458973086,miscanthus_floridulus_15wks vs miscanthus_sacchariflorus_ssp_lutarioriparius_15wks,FALSE
253,3.454846260676206,17.788751989352676,1.7518631330548673,0.16701618363443044,0.5057739738935194,-4.905245312869166,miscanthus_floridulus_15wks vs miscanthus_sacchariflorus_ssp_lutarioriparius_15wks,FALSE
1091,-1.3939453820693863,18.0517394646332,-1.751756101488644,0.16703547644585995,0.5057739738935194,-4.905364322510014,miscanthus_floridulus_15wks vs miscanthus_sacchariflorus_ssp_lutarioriparius_15wks,FALSE
6093,1.8897075618704697,22.175144725877068,1.7500786181982562,0.16733817049411692,0.5057739738935194,-4.907229546273921,miscanthus_floridulus_15wks vs miscanthus_sacchariflorus_ssp_lutarioriparius_15wks,FALSE
150,3.4053526559893115,20.913500471516997,1.74614578399406,0.16805020974478366,0.5057739738935194,-4.9116026049978725,miscanthus_floridulus_15wks vs miscanthus_sacchariflorus_ssp_lutarioriparius_15wks,FALSE
3234,3.3291854132483465,18.16046437993336,1.7455043329380897,0.1681666613449485,0.5057739738935194,-4.912315865371352,miscanthus_floridulus_15wks vs miscanthus_sacchariflorus_ssp_lutarioriparius_15wks,FALSE
5742,0.8641666470163258,17.389205567269833,1.7428027490225033,0.16865809606196489,0.5059742881858946,-4.915319907190471,miscanthus_floridulus_15wks vs miscanthus_sacchariflorus_ssp_lutarioriparius_15wks,FALSE
4607,-1.7021606762843824,17.64949880564721,-1.7366475195906488,0.16978369719612818,0.5069346471372979,-4.922164337640115,miscanthus_floridulus_15wks vs miscanthus_sacchariflorus_ssp_lutarioriparius_15wks,FALSE
2967,1.4095292252364189,22.04697977559168,1.7363980523828813,0.16982949135833908,0.5069346471372979,-4.922441739264851,miscanthus_floridulus_15wks vs miscanthus_sacchariflorus_ssp_lutarioriparius_15wks,FALSE
285,1.892124625072114,19.153343228090037,1.731713967534606,0.17069187093127172,0.5082350456978616,-4.927650335849086,miscanthus_floridulus_15wks vs miscanthus_sacchariflorus_ssp_lutarioriparius_15wks,FALSE
3032,2.9917303069815695,18.10879329190367,1.7280419092147055,0.17137130118339383,0.5089855853102795,-4.931733570493056,miscanthus_floridulus_15wks vs miscanthus_sacchariflorus_ssp_lutarioriparius_15wks,FALSE
102,2.098897481372873,17.051731758957956,1.7239658417969914,0.17212897269445032,0.5099641952216177,-4.936266014062014,miscanthus_floridulus_15wks vs miscanthus_sacchariflorus_ssp_lutarioriparius_15wks,FALSE
130,5.211497348966919,22.710155102437252,1.7149005846859837,0.17382729426876442,0.5125407050035446,-4.946345974653874,miscanthus_floridulus_15wks vs miscanthus_sacchariflorus_ssp_lutarioriparius_15wks,FALSE
214,0.869870475748499,25.652477807999276,1.7147305987049317,0.1738593155511604,0.5125407050035446,-4.946534982470806,miscanthus_floridulus_15wks vs miscanthus_sacchariflorus_ssp_lutarioriparius_15wks,FALSE
2987,2.4934136462961227,20.082472516095844,1.7091587039523066,0.17491252236253496,0.5143723805772324,-4.952730245093014,miscanthus_floridulus_15wks vs miscanthus_sacchariflorus_ssp_lutarioriparius_15wks,FALSE
55,3.8113238711702913,18.929634953607316,1.700564961297698,0.17655067890186402,0.5166640153229669,-4.962284772425093,miscanthus_floridulus_15wks vs miscanthus_sacchariflorus_ssp_lutarioriparius_15wks,FALSE
529,2.3415716661646684,20.068693646022062,1.7005194062059654,0.17655940741935142,0.5166640153229669,-4.962335418066141,miscanthus_floridulus_15wks vs miscanthus_sacchariflorus_ssp_lutarioriparius_15wks,FALSE
2050,0.8509913450265039,16.161410168147782,1.69458997896258,0.17769955425041256,0.5187259046868661,-4.968927163237665,miscanthus_floridulus_15wks vs miscanthus_sacchariflorus_ssp_lutarioriparius_15wks,FALSE
387,1.7532634410743881,21.648143076927308,1.6880328724673512,0.17896979365431354,0.5211565384897002,-4.9762160114122995,miscanthus_floridulus_15wks vs miscanthus_sacchariflorus_ssp_lutarioriparius_15wks,FALSE
3001,-1.3432083010101437,21.232584331306782,-1.6848391476241391,0.17959207650647732,0.521334802074701,-4.9797658430692735,miscanthus_floridulus_15wks vs miscanthus_sacchariflorus_ssp_lutarioriparius_15wks,FALSE
1822,0.8440784456824311,22.74347615438949,1.6769221875724012,0.18114488607206047,0.521334802074701,-4.988564604571415,miscanthus_floridulus_15wks vs miscanthus_sacchariflorus_ssp_lutarioriparius_15wks,FALSE
85,1.380875844950861,18.24532135070742,1.6766432542500183,0.18119986214996794,0.521334802074701,-4.98887457907508,miscanthus_floridulus_15wks vs miscanthus_sacchariflorus_ssp_lutarioriparius_15wks,FALSE
3747,2.2524690489347705,20.624919429108832,1.6749485468709298,0.18153427072934172,0.521334802074701,-4.990757840829817,miscanthus_floridulus_15wks vs miscanthus_sacchariflorus_ssp_lutarioriparius_15wks,FALSE
484,2.8837550652738635,17.712340249549193,1.6738150243490568,0.1817583194859482,0.521334802074701,-4.9920174392115255,miscanthus_floridulus_15wks vs miscanthus_sacchariflorus_ssp_lutarioriparius_15wks,FALSE
5707,-1.712650933154757,16.836605323121262,-1.6716328212927047,0.1821904978960408,0.521334802074701,-4.994442262902204,miscanthus_floridulus_15wks vs miscanthus_sacchariflorus_ssp_lutarioriparius_15wks,FALSE
54,-1.0437064802736558,21.72144676177139,-1.6704884984554549,0.18241757561904293,0.521334802074701,-4.995713762257079,miscanthus_floridulus_15wks vs miscanthus_sacchariflorus_ssp_lutarioriparius_15wks,FALSE
191,-2.906233248030503,17.834851754942868,-1.6699082360913309,0.18253284002111694,0.521334802074701,-4.996358499484256,miscanthus_floridulus_15wks vs miscanthus_sacchariflorus_ssp_lutarioriparius_15wks,FALSE
4419,-1.2177319984049326,18.149801826710757,-1.666537745327825,0.18320393380689592,0.5219997252727585,-5.000103308998737,miscanthus_floridulus_15wks vs miscanthus_sacchariflorus_ssp_lutarioriparius_15wks,FALSE
2950,3.1914495392254487,19.51142509234345,1.659369016380542,0.18464025300054612,0.5247564081967763,-5.008067051673085,miscanthus_floridulus_15wks vs miscanthus_sacchariflorus_ssp_lutarioriparius_15wks,FALSE
2614,1.1230930903718281,22.3591887844941,1.6555447543693063,0.18541149269785345,0.5247564081967763,-5.012314751050971,miscanthus_floridulus_15wks vs miscanthus_sacchariflorus_ssp_lutarioriparius_15wks,FALSE
1406,3.628443665237313,19.38940838641238,1.649468463366857,0.18664412113355522,0.5247564081967763,-5.019062788836061,miscanthus_floridulus_15wks vs miscanthus_sacchariflorus_ssp_lutarioriparius_15wks,FALSE
3393,3.8035286135628894,22.132558210303976,1.6493704173014243,0.18666408357180622,0.5247564081967763,-5.019171663123245,miscanthus_floridulus_15wks vs miscanthus_sacchariflorus_ssp_lutarioriparius_15wks,FALSE
97,3.059230544399643,17.69776473475541,1.6484879518381546,0.18684386040616693,0.5247564081967763,-5.020151572033673,miscanthus_floridulus_15wks vs miscanthus_sacchariflorus_ssp_lutarioriparius_15wks,FALSE
3619,2.171198616172056,17.91835052309193,1.6457540784457594,0.1874020041437529,0.5247564081967763,-5.023187137110857,miscanthus_floridulus_15wks vs miscanthus_sacchariflorus_ssp_lutarioriparius_15wks,FALSE
348,4.61768463312222,21.832464399236233,1.6429217182303482,0.18798216665728476,0.5247564081967763,-5.0263317501987235,miscanthus_floridulus_15wks vs miscanthus_sacchariflorus_ssp_lutarioriparius_15wks,FALSE
2848,1.41684830576936,17.335007223677806,1.6426881570156884,0.18803009486405128,0.5247564081967763,-5.026591046035584,miscanthus_floridulus_15wks vs miscanthus_sacchariflorus_ssp_lutarioriparius_15wks,FALSE
5922,1.5867164663364122,17.653980316830275,1.642168164263547,0.18813684827877702,0.5247564081967763,-5.027168325552329,miscanthus_floridulus_15wks vs miscanthus_sacchariflorus_ssp_lutarioriparius_15wks,FALSE
505,1.607950716039646,17.502260062013832,1.6343378239561115,0.18975238292527127,0.5266755514917704,-5.035859955133308,miscanthus_floridulus_15wks vs miscanthus_sacchariflorus_ssp_lutarioriparius_15wks,FALSE
30,0.9100962382987134,22.061623912261915,1.632690640299555,0.1900941383010674,0.5266755514917704,-5.037687980134963,miscanthus_floridulus_15wks vs miscanthus_sacchariflorus_ssp_lutarioriparius_15wks,FALSE
4038,-1.9007229841551272,17.546364166217348,-1.6322462166456837,0.19018646102439582,0.5266755514917704,-5.038181175360523,miscanthus_floridulus_15wks vs miscanthus_sacchariflorus_ssp_lutarioriparius_15wks,FALSE
2870,1.7154484097083724,18.922523791121154,1.6290881291264945,0.19084391092277223,0.5266755514917704,-5.04168557443762,miscanthus_floridulus_15wks vs miscanthus_sacchariflorus_ssp_lutarioriparius_15wks,FALSE
20,0.819667947600653,21.788874262807106,1.6242747925159893,0.19185069288732204,0.5266755514917704,-5.047025829873788,miscanthus_floridulus_15wks vs miscanthus_sacchariflorus_ssp_lutarioriparius_15wks,FALSE
1335,2.7252998845489813,17.402291270444962,1.6218025937209215,0.19237002548504936,0.5266755514917704,-5.049768221670675,miscanthus_floridulus_15wks vs miscanthus_sacchariflorus_ssp_lutarioriparius_15wks,FALSE
3035,1.053000093120076,17.677330768149186,1.6210730740890613,0.19252356570766296,0.5266755514917704,-5.0505774138018,miscanthus_floridulus_15wks vs miscanthus_sacchariflorus_ssp_lutarioriparius_15wks,FALSE
2638,6.354131258118432,20.533701587987576,1.6145413417117715,0.19390420727965194,0.5266755514917704,-5.057821264181313,miscanthus_floridulus_15wks vs miscanthus_sacchariflorus_ssp_lutarioriparius_15wks,FALSE
1354,1.0193238006498042,23.22221444751805,1.6102248666734305,0.19482247339335104,0.5266755514917704,-5.062607083962847,miscanthus_floridulus_15wks vs miscanthus_sacchariflorus_ssp_lutarioriparius_15wks,FALSE
241,0.8295547690240284,21.850241371499127,1.609436053902331,0.19499078890745605,0.5266755514917704,-5.063481555082415,miscanthus_floridulus_15wks vs miscanthus_sacchariflorus_ssp_lutarioriparius_15wks,FALSE
5787,1.2741294965085537,17.872158442336133,1.6084913138999557,0.19519258266707512,0.5266755514917704,-5.0645288394757255,miscanthus_floridulus_15wks vs miscanthus_sacchariflorus_ssp_lutarioriparius_15wks,FALSE
363,3.643589634002115,20.696962404758935,1.6022835994792133,0.19652415439045964,0.5266755514917704,-5.071409069158985,miscanthus_floridulus_15wks vs miscanthus_sacchariflorus_ssp_lutarioriparius_15wks,FALSE
125,-0.7912299204224809,16.696640651724966,-1.595475526783103,0.19799578150108044,0.5266755514917704,-5.078952028779927,miscanthus_floridulus_15wks vs miscanthus_sacchariflorus_ssp_lutarioriparius_15wks,FALSE
3014,2.880287574353659,21.22194987511951,1.5949463374996091,0.19811066717139955,0.5266755514917704,-5.079538219246013,miscanthus_floridulus_15wks vs miscanthus_sacchariflorus_ssp_lutarioriparius_15wks,FALSE
1461,3.0767939732876997,17.61705908204731,1.5939512793720434,0.19832688636434845,0.5266755514917704,-5.080640410765386,miscanthus_floridulus_15wks vs miscanthus_sacchariflorus_ssp_lutarioriparius_15wks,FALSE
569,0.8074111453882082,23.29130554577251,1.5900870365484585,0.19916897285135313,0.5266755514917704,-5.084920090479405,miscanthus_floridulus_15wks vs miscanthus_sacchariflorus_ssp_lutarioriparius_15wks,FALSE
26,1.1807896866749275,21.36827353756208,1.589104188654894,0.19938376630457533,0.5266755514917704,-5.08600844558385,miscanthus_floridulus_15wks vs miscanthus_sacchariflorus_ssp_lutarioriparius_15wks,FALSE
3271,2.6869211980183607,17.525248513660415,1.5868762570129296,0.1998715864744366,0.5266755514917704,-5.088475302553117,miscanthus_floridulus_15wks vs miscanthus_sacchariflorus_ssp_lutarioriparius_15wks,FALSE
2253,1.7814503674232078,17.487414415980687,1.585391334529081,0.20019743310169774,0.5266755514917704,-5.09011928245241,miscanthus_floridulus_15wks vs miscanthus_sacchariflorus_ssp_lutarioriparius_15wks,FALSE
555,0.9146261451175448,20.865062408122757,1.5849479386040934,0.20029484124550748,0.5266755514917704,-5.090610143416309,miscanthus_floridulus_15wks vs miscanthus_sacchariflorus_ssp_lutarioriparius_15wks,FALSE
92,5.132281476146861,22.169647693268473,1.5846528394124544,0.20035969883886268,0.5266755514917704,-5.090936825137682,miscanthus_floridulus_15wks vs miscanthus_sacchariflorus_ssp_lutarioriparius_15wks,FALSE
404,1.9278547178042231,20.34287794166061,1.5799710435844931,0.20139170183233585,0.5266755514917704,-5.0961188690932735,miscanthus_floridulus_15wks vs miscanthus_sacchariflorus_ssp_lutarioriparius_15wks,FALSE
966,2.708573413787253,17.406096479522052,1.5796464680747149,0.20146345914164318,0.5266755514917704,-5.0964780678831705,miscanthus_floridulus_15wks vs miscanthus_sacchariflorus_ssp_lutarioriparius_15wks,FALSE
3559,-1.4217156050849695,19.216840248562693,-1.5789141569637266,0.2016254597777022,0.5266755514917704,-5.09728846868221,miscanthus_floridulus_15wks vs miscanthus_sacchariflorus_ssp_lutarioriparius_15wks,FALSE
862,-1.0155034812445152,19.79336869010792,-1.578871235484757,0.20163495913679047,0.5266755514917704,-5.0973359658781785,miscanthus_floridulus_15wks vs miscanthus_sacchariflorus_ssp_lutarioriparius_15wks,FALSE
28,2.5971355545020494,20.84215767397729,1.576431317668641,0.2021757517918974,0.5266755514917704,-5.10003577567178,miscanthus_floridulus_15wks vs miscanthus_sacchariflorus_ssp_lutarioriparius_15wks,FALSE
203,3.5465983823473444,21.33463168793225,1.5742291055801572,0.20266519609953793,0.5266755514917704,-5.1024721853785024,miscanthus_floridulus_15wks vs miscanthus_sacchariflorus_ssp_lutarioriparius_15wks,FALSE
4177,-1.9260630708150508,18.330414803575522,-1.5713959545219947,0.20329673905505388,0.5266755514917704,-5.105606100018862,miscanthus_floridulus_15wks vs miscanthus_sacchariflorus_ssp_lutarioriparius_15wks,FALSE
466,2.6535497622286677,18.077880786928663,1.5687003393179308,0.20389958441086228,0.5266755514917704,-5.108587312132308,miscanthus_floridulus_15wks vs miscanthus_sacchariflorus_ssp_lutarioriparius_15wks,FALSE
2853,-1.7485512427742513,18.895866591613487,-1.568654761531562,0.2039097938630449,0.5266755514917704,-5.10863771401938,miscanthus_floridulus_15wks vs miscanthus_sacchariflorus_ssp_lutarioriparius_15wks,FALSE
5544,-2.628276061164737,17.649718089573405,-1.567043501196975,0.20427106964791988,0.5266755514917704,-5.110419411656134,miscanthus_floridulus_15wks vs miscanthus_sacchariflorus_ssp_lutarioriparius_15wks,FALSE
2777,3.321237116381848,21.017392509969778,1.5656902048082424,0.20457503520180612,0.5266755514917704,-5.111915701282673,miscanthus_floridulus_15wks vs miscanthus_sacchariflorus_ssp_lutarioriparius_15wks,FALSE
1537,-2.738270573480264,20.22154220136111,-1.5639868707027826,0.204958312479665,0.5266755514917704,-5.11379880883607,miscanthus_floridulus_15wks vs miscanthus_sacchariflorus_ssp_lutarioriparius_15wks,FALSE
453,3.6502452206796825,21.108181089149248,1.5632412714288926,0.2051263262580774,0.5266755514917704,-5.114623027433106,miscanthus_floridulus_15wks vs miscanthus_sacchariflorus_ssp_lutarioriparius_15wks,FALSE
447,0.8698821391281584,22.470323111692288,1.5628210799723297,0.20522107745852133,0.5266755514917704,-5.1150875061058105,miscanthus_floridulus_15wks vs miscanthus_sacchariflorus_ssp_lutarioriparius_15wks,FALSE
4288,2.670778502098873,20.06085822610568,1.5608905707603145,0.20565700115147803,0.5266755514917704,-5.117221303271666,miscanthus_floridulus_15wks vs miscanthus_sacchariflorus_ssp_lutarioriparius_15wks,FALSE
1045,-5.371360161800922,19.877680132949976,-1.5591928825245174,0.20604117164207694,0.5266755514917704,-5.119097511775408,miscanthus_floridulus_15wks vs miscanthus_sacchariflorus_ssp_lutarioriparius_15wks,FALSE
318,3.6200847503694327,18.31680179478438,1.5578387278365478,0.2063481546442193,0.5266755514917704,-5.1205938922592145,miscanthus_floridulus_15wks vs miscanthus_sacchariflorus_ssp_lutarioriparius_15wks,FALSE
2504,1.533166523980853,20.43132219161673,1.5576236903942242,0.20639694804768918,0.5266755514917704,-5.120831500916548,miscanthus_floridulus_15wks vs miscanthus_sacchariflorus_ssp_lutarioriparius_15wks,FALSE
2,2.1240987614487477,16.75883334990209,1.556722824215788,0.20660149474942904,0.5266755514917704,-5.12182688379464,miscanthus_floridulus_15wks vs miscanthus_sacchariflorus_ssp_lutarioriparius_15wks,FALSE
3730,2.041871231811111,24.008678902313378,1.5549728534153742,0.20699945561802313,0.5266755514917704,-5.123760262659393,miscanthus_floridulus_15wks vs miscanthus_sacchariflorus_ssp_lutarioriparius_15wks,FALSE
4671,-0.9089584120841856,18.772181381927844,-1.553224598593467,0.20739784521380378,0.5266755514917704,-5.125691486690124,miscanthus_floridulus_15wks vs miscanthus_sacchariflorus_ssp_lutarioriparius_15wks,FALSE
2221,-3.1942132842772786,18.164415366818115,-1.5465914798858433,0.20891686148182895,0.5284730506332574,-5.133016410659243,miscanthus_floridulus_15wks vs miscanthus_sacchariflorus_ssp_lutarioriparius_15wks,FALSE
3550,0.7981009461021316,17.003278588771312,1.5457841163952848,0.2091025615777503,0.5284730506332574,-5.133907713788234,miscanthus_floridulus_15wks vs miscanthus_sacchariflorus_ssp_lutarioriparius_15wks,FALSE
1948,-1.0249667032499232,25.076659618400683,-1.5438346918397592,0.2095516719169336,0.5284730506332574,-5.136059573826853,miscanthus_floridulus_15wks vs miscanthus_sacchariflorus_ssp_lutarioriparius_15wks,FALSE
1823,0.7713528225199191,22.949280400498274,1.539337721482862,0.21059162008295065,0.5284730506332574,-5.141022204509618,miscanthus_floridulus_15wks vs miscanthus_sacchariflorus_ssp_lutarioriparius_15wks,FALSE
2417,2.1519375016002584,19.17282036010391,1.5392024056875684,0.21062299778768792,0.5284730506332574,-5.141171503271069,miscanthus_floridulus_15wks vs miscanthus_sacchariflorus_ssp_lutarioriparius_15wks,FALSE
81,0.7637413805204183,22.0763170262041,1.5360520070988368,0.2113549390519355,0.5284730506332574,-5.144646965289157,miscanthus_floridulus_15wks vs miscanthus_sacchariflorus_ssp_lutarioriparius_15wks,FALSE
1540,1.4548499859092878,18.19950473331869,1.5337030252279673,0.21190244926317273,0.5284730506332574,-5.14723770646762,miscanthus_floridulus_15wks vs miscanthus_sacchariflorus_ssp_lutarioriparius_15wks,FALSE
1138,1.9896490202038102,19.47154061259478,1.527541513032333,0.2133457911940101,0.5284730506332574,-5.154030824015237,miscanthus_floridulus_15wks vs miscanthus_sacchariflorus_ssp_lutarioriparius_15wks,FALSE
2096,4.529427691269241,21.553776093576268,1.526794830601408,0.2135214122285074,0.5284730506332574,-5.154853792933974,miscanthus_floridulus_15wks vs miscanthus_sacchariflorus_ssp_lutarioriparius_15wks,FALSE
1811,1.5894499186538482,18.01592082136243,1.5257083753837282,0.21377722322988482,0.5284730506332574,-5.156051148524342,miscanthus_floridulus_15wks vs miscanthus_sacchariflorus_ssp_lutarioriparius_15wks,FALSE
3780,1.7661889938856667,17.838731357949797,1.5234074260582657,0.21432006959796396,0.5284730506332574,-5.15858657478741,miscanthus_floridulus_15wks vs miscanthus_sacchariflorus_ssp_lutarioriparius_15wks,FALSE
1319,1.4188853090320066,17.029904690068616,1.521968983687975,0.214660175433163,0.5284730506332574,-5.160171326880814,miscanthus_floridulus_15wks vs miscanthus_sacchariflorus_ssp_lutarioriparius_15wks,FALSE
3496,-0.7623265009199045,19.72001505280275,-1.5208628447539292,0.21492210156790326,0.5284730506332574,-5.161389831010487,miscanthus_floridulus_15wks vs miscanthus_sacchariflorus_ssp_lutarioriparius_15wks,FALSE
519,1.7050890150840594,17.65601510194028,1.5207022664004872,0.21496015365226798,0.5284730506332574,-5.161566710933549,miscanthus_floridulus_15wks vs miscanthus_sacchariflorus_ssp_lutarioriparius_15wks,FALSE
3050,2.1750288185445825,21.905435081550923,1.5198156487416985,0.21517038345788855,0.5284730506332574,-5.16254328798656,miscanthus_floridulus_15wks vs miscanthus_sacchariflorus_ssp_lutarioriparius_15wks,FALSE
4019,1.861430811803018,18.269775597574966,1.5179060582937896,0.21562391717423932,0.5284730506332574,-5.164646354042773,miscanthus_floridulus_15wks vs miscanthus_sacchariflorus_ssp_lutarioriparius_15wks,FALSE
5037,2.1802264428144262,21.11925929009373,1.5160219505846397,0.21607239399761083,0.5284730506332574,-5.166720979876127,miscanthus_floridulus_15wks vs miscanthus_sacchariflorus_ssp_lutarioriparius_15wks,FALSE
1196,1.950674534926744,17.824944513648923,1.5155978766509555,0.21617347342158744,0.5284730506332574,-5.167187883696506,miscanthus_floridulus_15wks vs miscanthus_sacchariflorus_ssp_lutarioriparius_15wks,FALSE
2694,0.7859916223137198,24.448426393145237,1.5140769814272121,0.21653639690094845,0.5284730506332574,-5.168862225972695,miscanthus_floridulus_15wks vs miscanthus_sacchariflorus_ssp_lutarioriparius_15wks,FALSE
5310,2.79832828073906,19.64701530109967,1.5108306570826826,0.21731321573716453,0.5289198910045368,-5.172435247755952,miscanthus_floridulus_15wks vs miscanthus_sacchariflorus_ssp_lutarioriparius_15wks,FALSE
141,3.3101585239432296,17.91084679655597,1.5096033092069647,0.2176076797583737,0.5289198910045368,-5.173785812615921,miscanthus_floridulus_15wks vs miscanthus_sacchariflorus_ssp_lutarioriparius_15wks,FALSE
1147,2.7217496354556125,18.23777462975224,1.5073449875019738,0.2181506000272557,0.529159602102773,-5.176270420720999,miscanthus_floridulus_15wks vs miscanthus_sacchariflorus_ssp_lutarioriparius_15wks,FALSE
1628,1.8565710277831116,18.17751137318222,1.4976420406160162,0.22049965560483245,0.5321595951261716,-5.186939083454698,miscanthus_floridulus_15wks vs miscanthus_sacchariflorus_ssp_lutarioriparius_15wks,FALSE
2034,1.5996375325270904,23.672257198363496,1.4969522201690666,0.22066767553576122,0.5321595951261716,-5.1876971483216145,miscanthus_floridulus_15wks vs miscanthus_sacchariflorus_ssp_lutarioriparius_15wks,FALSE
5460,3.123550597908867,18.320499684295214,1.4915096422196001,0.22199808471758883,0.5321595951261716,-5.193676194778941,miscanthus_floridulus_15wks vs miscanthus_sacchariflorus_ssp_lutarioriparius_15wks,FALSE
273,1.0058975811240245,21.803371660177625,1.4914982050339127,0.22200088938720028,0.5321595951261716,-5.193688755596389,miscanthus_floridulus_15wks vs miscanthus_sacchariflorus_ssp_lutarioriparius_15wks,FALSE
3523,-1.3256864493113305,21.473259364789083,-1.4906285061191344,0.22221426992315635,0.5321595951261716,-5.194643850825522,miscanthus_floridulus_15wks vs miscanthus_sacchariflorus_ssp_lutarioriparius_15wks,FALSE
4153,-2.2527664701589707,18.728714466000334,-1.4901583775022054,0.2223297061430048,0.5321595951261716,-5.195160103667656,miscanthus_floridulus_15wks vs miscanthus_sacchariflorus_ssp_lutarioriparius_15wks,FALSE
1084,4.5877832563156,23.89203589774555,1.4894038964478595,0.22251509519129592,0.5321595951261716,-5.19598855075639,miscanthus_floridulus_15wks vs miscanthus_sacchariflorus_ssp_lutarioriparius_15wks,FALSE
5379,1.868464562161968,18.000286231097785,1.4864881980389497,0.2232330686342076,0.5328067830527882,-5.199189439165613,miscanthus_floridulus_15wks vs miscanthus_sacchariflorus_ssp_lutarioriparius_15wks,FALSE
4788,-1.0504729288294534,17.907792041817366,-1.4806237250784169,0.22468457475082457,0.5346207334512982,-5.205624340240109,miscanthus_floridulus_15wks vs miscanthus_sacchariflorus_ssp_lutarioriparius_15wks,FALSE
1856,-1.0424854557424013,16.94231516924404,-1.4797936120858595,0.2248908374971456,0.5346207334512982,-5.206534847796988,miscanthus_floridulus_15wks vs miscanthus_sacchariflorus_ssp_lutarioriparius_15wks,FALSE
3971,-1.7336059883139185,17.391352111303373,-1.4761071895190603,0.22580923704692932,0.5347349340121385,-5.210577228666961,miscanthus_floridulus_15wks vs miscanthus_sacchariflorus_ssp_lutarioriparius_15wks,FALSE
5155,0.7629941003056935,21.933073223594462,1.4755074392340068,0.22595902634157536,0.5347349340121385,-5.211234724924322,miscanthus_floridulus_15wks vs miscanthus_sacchariflorus_ssp_lutarioriparius_15wks,FALSE
2152,4.0084066037017685,21.915787812782376,1.474200438909026,0.22628581590438102,0.5347349340121385,-5.212667405818531,miscanthus_floridulus_15wks vs miscanthus_sacchariflorus_ssp_lutarioriparius_15wks,FALSE
3111,-1.9552120426674868,17.863546734857117,-1.4687077244652564,0.2276646084341416,0.5369278190991339,-5.218685844636399,miscanthus_floridulus_15wks vs miscanthus_sacchariflorus_ssp_lutarioriparius_15wks,FALSE
2382,1.2341312280483372,16.731817688755427,1.463057856688474,0.22909207153096708,0.5376944020126116,-5.224872265932294,miscanthus_floridulus_15wks vs miscanthus_sacchariflorus_ssp_lutarioriparius_15wks,FALSE
4047,3.0159755392808627,18.1194290028154,1.4621771732003201,0.22931542583457473,0.5376944020126116,-5.225836193889139,miscanthus_floridulus_15wks vs miscanthus_sacchariflorus_ssp_lutarioriparius_15wks,FALSE
23,4.029507493173718,18.4528696366826,1.4567072233403568,0.23070781531588766,0.5376944020126116,-5.231820768939576,miscanthus_floridulus_15wks vs miscanthus_sacchariflorus_ssp_lutarioriparius_15wks,FALSE
2615,1.9711120234874997,18.2436386343917,1.456551811430441,0.23074750518771323,0.5376944020126116,-5.231990741158316,miscanthus_floridulus_15wks vs miscanthus_sacchariflorus_ssp_lutarioriparius_15wks,FALSE
4409,-1.6438600236288679,16.948206629045117,-1.4549878601392023,0.23114731380110118,0.5376944020126116,-5.233701026516696,miscanthus_floridulus_15wks vs miscanthus_sacchariflorus_ssp_lutarioriparius_15wks,FALSE
726,2.254496913574897,21.068897439912064,1.4537091116603267,0.23147475293777972,0.5376944020126116,-5.235099165310293,miscanthus_floridulus_15wks vs miscanthus_sacchariflorus_ssp_lutarioriparius_15wks,FALSE
4631,1.653618447370505,17.50908093435023,1.4529459555391226,0.2316704000408434,0.5376944020126116,-5.235933462217174,miscanthus_floridulus_15wks vs miscanthus_sacchariflorus_ssp_lutarioriparius_15wks,FALSE
5432,5.210805504608338,18.648112076121695,1.4510533652049853,0.23215634365283752,0.5376944020126116,-5.238002117363546,miscanthus_floridulus_15wks vs miscanthus_sacchariflorus_ssp_lutarioriparius_15wks,FALSE
383,2.9156478371523775,17.82579407188551,1.4477591406187882,0.23300472110768328,0.5376944020126116,-5.241601561376267,miscanthus_floridulus_15wks vs miscanthus_sacchariflorus_ssp_lutarioriparius_15wks,FALSE
476,2.932529104833831,17.360194143092446,1.4474998688837606,0.2330716302759256,0.5376944020126116,-5.241884788155007,miscanthus_floridulus_15wks vs miscanthus_sacchariflorus_ssp_lutarioriparius_15wks,FALSE
824,-1.416552476798973,17.00759293246087,-1.447424851102783,0.23309099355166102,0.5376944020126116,-5.241966735257948,miscanthus_floridulus_15wks vs miscanthus_sacchariflorus_ssp_lutarioriparius_15wks,FALSE
2187,-1.7292200515941047,18.850841212803633,-1.445873429915691,0.2334918176480902,0.5376944020126116,-5.243661274197438,miscanthus_floridulus_15wks vs miscanthus_sacchariflorus_ssp_lutarioriparius_15wks,FALSE
3156,-1.25504037679935,17.78177691327912,-1.4418400139975542,0.23453726676588252,0.5376944020126116,-5.248065100768668,miscanthus_floridulus_15wks vs miscanthus_sacchariflorus_ssp_lutarioriparius_15wks,FALSE
2960,2.9668302722779245,21.324037198516322,1.4412789666950527,0.23468307592593796,0.5376944020126116,-5.248677479401126,miscanthus_floridulus_15wks vs miscanthus_sacchariflorus_ssp_lutarioriparius_15wks,FALSE
369,-1.3107125157148474,17.786511590786535,-1.4409768955151712,0.23476161968644674,0.5376944020126116,-5.24900716804765,miscanthus_floridulus_15wks vs miscanthus_sacchariflorus_ssp_lutarioriparius_15wks,FALSE
4789,-0.713788880545156,19.457984051038128,-1.4374213768898507,0.23568818407503184,0.5382930701997839,-5.252886718457707,miscanthus_floridulus_15wks vs miscanthus_sacchariflorus_ssp_lutarioriparius_15wks,FALSE
1359,2.7645796882751235,20.684011220769598,1.4348915821461585,0.2363497715965972,0.5382930701997839,-5.2556458896998635,miscanthus_floridulus_15wks vs miscanthus_sacchariflorus_ssp_lutarioriparius_15wks,FALSE
3733,1.6786127569254177,19.711235884610662,1.425339177675955,0.23886542539920672,0.5382930701997839,-5.266055404777045,miscanthus_floridulus_15wks vs miscanthus_sacchariflorus_ssp_lutarioriparius_15wks,FALSE
939,2.1946246072481195,17.58645574808346,1.4244054085118947,0.23911282946118603,0.5382930701997839,-5.267072180970789,miscanthus_floridulus_15wks vs miscanthus_sacchariflorus_ssp_lutarioriparius_15wks,FALSE
4693,-0.7702291121399725,16.749301456145822,-1.4240408485605698,0.23920949280656137,0.5382930701997839,-5.267469110205584,miscanthus_floridulus_15wks vs miscanthus_sacchariflorus_ssp_lutarioriparius_15wks,FALSE
1867,0.8193033070742324,21.818517668400663,1.4237377746645745,0.2392898840603908,0.5382930701997839,-5.267799077704607,miscanthus_floridulus_15wks vs miscanthus_sacchariflorus_ssp_lutarioriparius_15wks,FALSE
464,-3.838536651938874,17.853075773564065,-1.4224346648710813,0.2396358585022997,0.5382930701997839,-5.26921765102785,miscanthus_floridulus_15wks vs miscanthus_sacchariflorus_ssp_lutarioriparius_15wks,FALSE
3051,2.800454539321578,21.226487869535262,1.422128458147667,0.23971723165291495,0.5382930701997839,-5.269550949567596,miscanthus_floridulus_15wks vs miscanthus_sacchariflorus_ssp_lutarioriparius_15wks,FALSE
1975,1.5805650492487686,17.861318172295622,1.4184131904825545,0.24070684300386969,0.5382930701997839,-5.273593707059698,miscanthus_floridulus_15wks vs miscanthus_sacchariflorus_ssp_lutarioriparius_15wks,FALSE
705,2.7392378956464896,18.24194279693513,1.4165004399873278,0.24121798618468482,0.5382930701997839,-5.275674174560432,miscanthus_floridulus_15wks vs miscanthus_sacchariflorus_ssp_lutarioriparius_15wks,FALSE
164,-1.8793628251784433,17.439331627597312,-1.4151720195278905,0.24157364321263705,0.5382930701997839,-5.277118718133817,miscanthus_floridulus_15wks vs miscanthus_sacchariflorus_ssp_lutarioriparius_15wks,FALSE
110,1.5811599703623784,16.881080906936887,1.4141164196631169,0.24185664683005448,0.5382930701997839,-5.278266382438575,miscanthus_floridulus_15wks vs miscanthus_sacchariflorus_ssp_lutarioriparius_15wks,FALSE
5244,3.2414617246330835,20.14611483218953,1.4129397852078809,0.24217250560375325,0.5382930701997839,-5.279545416993583,miscanthus_floridulus_15wks vs miscanthus_sacchariflorus_ssp_lutarioriparius_15wks,FALSE
481,0.9383159891616977,24.00201412804814,1.4129196711557015,0.24217790879600534,0.5382930701997839,-5.279567279504956,miscanthus_floridulus_15wks vs miscanthus_sacchariflorus_ssp_lutarioriparius_15wks,FALSE
2228,1.7925649086672948,20.54016533271153,1.4118910776862121,0.2424543845490314,0.5382930701997839,-5.280685194735311,miscanthus_floridulus_15wks vs miscanthus_sacchariflorus_ssp_lutarioriparius_15wks,FALSE
244,2.275487301937865,18.571299033756073,1.409915999579343,0.2429861854700028,0.5382930701997839,-5.2828312835219595,miscanthus_floridulus_15wks vs miscanthus_sacchariflorus_ssp_lutarioriparius_15wks,FALSE
136,1.754240002172338,23.49810202441907,1.4084527717782873,0.24338094867364776,0.5382930701997839,-5.284420775158402,miscanthus_floridulus_15wks vs miscanthus_sacchariflorus_ssp_lutarioriparius_15wks,FALSE
944,3.5992429205807923,18.50886538261904,1.4082191930527135,0.24344402730266454,0.5382930701997839,-5.284674475770135,miscanthus_floridulus_15wks vs miscanthus_sacchariflorus_ssp_lutarioriparius_15wks,FALSE
405,2.5404447917926127,18.093388449085545,1.4058681440233811,0.24407988056938554,0.5382930701997839,-5.287227535583173,miscanthus_floridulus_15wks vs miscanthus_sacchariflorus_ssp_lutarioriparius_15wks,FALSE
1013,1.894516124116123,19.563557926322655,1.405078764841775,0.244293758354401,0.5382930701997839,-5.288084526934541,miscanthus_floridulus_15wks vs miscanthus_sacchariflorus_ssp_lutarioriparius_15wks,FALSE
40,0.742089435788948,25.864760698609782,1.4039579246107503,0.24459777757395004,0.5382930701997839,-5.28930118376328,miscanthus_floridulus_15wks vs miscanthus_sacchariflorus_ssp_lutarioriparius_15wks,FALSE
4359,-0.816989583415836,17.753211218740997,-1.4007202084452692,0.2454781877133133,0.5382930701997839,-5.292814446899263,miscanthus_floridulus_15wks vs miscanthus_sacchariflorus_ssp_lutarioriparius_15wks,FALSE
388,-2.3919835892594534,20.325384856741834,-1.400074834477274,0.2456540720244381,0.5382930701997839,-5.293514525186494,miscanthus_floridulus_15wks vs miscanthus_sacchariflorus_ssp_lutarioriparius_15wks,FALSE
1497,0.8079816171754715,22.006336314911863,1.3960490276876858,0.24675417870507288,0.5382930701997839,-5.297879903908931,miscanthus_floridulus_15wks vs miscanthus_sacchariflorus_ssp_lutarioriparius_15wks,FALSE
2897,-3.3596361658532174,18.71487060034369,-1.3949384242249574,0.24705856283911504,0.5382930701997839,-5.299083675060775,miscanthus_floridulus_15wks vs miscanthus_sacchariflorus_ssp_lutarioriparius_15wks,FALSE
1562,-2.1032847010849807,17.777471703296122,-1.394816000278025,0.24709213944987832,0.5382930701997839,-5.299216355468122,miscanthus_floridulus_15wks vs miscanthus_sacchariflorus_ssp_lutarioriparius_15wks,FALSE
309,2.2100561105995986,21.253407390913118,1.3943154655003653,0.24722946776535157,0.5382930701997839,-5.29975879602232,miscanthus_floridulus_15wks vs miscanthus_sacchariflorus_ssp_lutarioriparius_15wks,FALSE
339,3.6760122639088912,21.030639368805147,1.391146042180884,0.2481008752460668,0.5382930701997839,-5.303192515388888,miscanthus_floridulus_15wks vs miscanthus_sacchariflorus_ssp_lutarioriparius_15wks,FALSE
2556,2.0471091500842213,17.35858278274727,1.3859428445371347,0.24953834243798184,0.5382930701997839,-5.308825612262689,miscanthus_floridulus_15wks vs miscanthus_sacchariflorus_ssp_lutarioriparius_15wks,FALSE
2491,1.9893224603683954,17.223405085440366,1.3859219795121895,0.24954412402171106,0.5382930701997839,-5.308848191111203,miscanthus_floridulus_15wks vs miscanthus_sacchariflorus_ssp_lutarioriparius_15wks,FALSE
766,2.4036285194848332,17.070642994866095,1.385071445645873,0.24977992003273086,0.5382930701997839,-5.309768517522719,miscanthus_floridulus_15wks vs miscanthus_sacchariflorus_ssp_lutarioriparius_15wks,FALSE
16,0.6891905086438115,25.96502317678311,1.3846000021472082,0.24991071876294238,0.5382930701997839,-5.310278588220087,miscanthus_floridulus_15wks vs miscanthus_sacchariflorus_ssp_lutarioriparius_15wks,FALSE
410,0.8093823145636669,21.205809224640507,1.383044680269081,0.2503427335209133,0.5382930701997839,-5.3119610482879205,miscanthus_floridulus_15wks vs miscanthus_sacchariflorus_ssp_lutarioriparius_15wks,FALSE
2352,2.406917001542684,17.681019753475134,1.3828750713729572,0.2503898915958693,0.5382930701997839,-5.3121444942033405,miscanthus_floridulus_15wks vs miscanthus_sacchariflorus_ssp_lutarioriparius_15wks,FALSE
1496,1.009761714130061,22.491615557928863,1.3805983909296213,0.25102378781102813,0.5386834797890712,-5.314606384886968,miscanthus_floridulus_15wks vs miscanthus_sacchariflorus_ssp_lutarioriparius_15wks,FALSE
4959,-2.1888664895927903,18.133394359484583,-1.3771867561335716,0.2519767884308676,0.5388929583747641,-5.318293715042423,miscanthus_floridulus_15wks vs miscanthus_sacchariflorus_ssp_lutarioriparius_15wks,FALSE
709,-2.8999723789696503,21.550484314807196,-1.3770097103243404,0.25202634577224486,0.5388929583747641,-5.318485007175912,miscanthus_floridulus_15wks vs miscanthus_sacchariflorus_ssp_lutarioriparius_15wks,FALSE
3030,-0.6935981335753532,19.978420251710304,-1.3748011086203065,0.25264540555078874,0.5392485269014147,-5.320870820480009,miscanthus_floridulus_15wks vs miscanthus_sacchariflorus_ssp_lutarioriparius_15wks,FALSE
1233,1.8930794840162761,19.320620847276555,1.3710950700513198,0.25368770910823457,0.5394281708328292,-5.3248720933777225,miscanthus_floridulus_15wks vs miscanthus_sacchariflorus_ssp_lutarioriparius_15wks,FALSE
396,1.8125063002420667,19.62394150261146,1.3703017361904346,0.25391140440602816,0.5394281708328292,-5.325728277543842,miscanthus_floridulus_15wks vs miscanthus_sacchariflorus_ssp_lutarioriparius_15wks,FALSE
1305,1.0311581997934276,22.627173123524173,1.3696747713991129,0.2540883323570253,0.5394281708328292,-5.326404824777953,miscanthus_floridulus_15wks vs miscanthus_sacchariflorus_ssp_lutarioriparius_15wks,FALSE
118,2.5661959541216035,21.080102201008426,1.3657572034056984,0.2551967347615249,0.5401153952366866,-5.3306304447492066,miscanthus_floridulus_15wks vs miscanthus_sacchariflorus_ssp_lutarioriparius_15wks,FALSE
1348,3.1954642070420505,18.371116241409172,1.3653260230364304,0.25531903234110376,0.5401153952366866,-5.3310953436704445,miscanthus_floridulus_15wks vs miscanthus_sacchariflorus_ssp_lutarioriparius_15wks,FALSE
2887,1.344218017913633,18.184872804473677,1.3633243910721238,0.2558875528953425,0.5403582898906967,-5.333253016136968,miscanthus_floridulus_15wks vs miscanthus_sacchariflorus_ssp_lutarioriparius_15wks,FALSE
2094,0.6745348247298324,21.6861667011514,1.3602148686804587,0.25677332511894807,0.5408975682890933,-5.336603342818798,miscanthus_floridulus_15wks vs miscanthus_sacchariflorus_ssp_lutarioriparius_15wks,FALSE
15,4.358184533326813,19.370450731558694,1.3592415201790544,0.25705123732294444,0.5408975682890933,-5.337651664584481,miscanthus_floridulus_15wks vs miscanthus_sacchariflorus_ssp_lutarioriparius_15wks,FALSE
210,0.8486321462041246,22.65989596852639,1.355768467664669,0.25804538608510036,0.5416578231458996,-5.341390650625539,miscanthus_floridulus_15wks vs miscanthus_sacchariflorus_ssp_lutarioriparius_15wks,FALSE
353,0.8169841351821852,17.536676980658758,1.3546988825245208,0.25835234412028885,0.5416578231458996,-5.3425416335777856,miscanthus_floridulus_15wks vs miscanthus_sacchariflorus_ssp_lutarioriparius_15wks,FALSE
4174,1.0398105107859585,23.138605723995326,1.3516232088641562,0.2592371114570807,0.5416578231458996,-5.345850047284119,miscanthus_floridulus_15wks vs miscanthus_sacchariflorus_ssp_lutarioriparius_15wks,FALSE
4187,1.477385940157287,16.872322017725878,1.3501400352474253,0.2596648786094805,0.5416578231458996,-5.347444747093276,miscanthus_floridulus_15wks vs miscanthus_sacchariflorus_ssp_lutarioriparius_15wks,FALSE
1204,1.3468447779372497,17.680251048683317,1.3492390759207802,0.2599250800081199,0.5416578231458996,-5.348413227338681,miscanthus_floridulus_15wks vs miscanthus_sacchariflorus_ssp_lutarioriparius_15wks,FALSE
5719,0.754173013966863,17.47121130850787,1.3474578029689126,0.26044030562171705,0.5416578231458996,-5.350327489693572,miscanthus_floridulus_15wks vs miscanthus_sacchariflorus_ssp_lutarioriparius_15wks,FALSE
2215,-0.8127831783046453,17.002235288815882,-1.3469199547861137,0.2605960811608736,0.5416578231458996,-5.350905361138013,miscanthus_floridulus_15wks vs miscanthus_sacchariflorus_ssp_lutarioriparius_15wks,FALSE
12,4.1953152197140255,18.626262146871593,1.3397591195116572,0.2626791521865155,0.5437002519119456,-5.358593150064233,miscanthus_floridulus_15wks vs miscanthus_sacchariflorus_ssp_lutarioriparius_15wks,FALSE
384,-2.802436204202472,18.327771010729528,-1.339207744826831,0.26284024932029826,0.5437002519119456,-5.359184639481985,miscanthus_floridulus_15wks vs miscanthus_sacchariflorus_ssp_lutarioriparius_15wks,FALSE
392,3.770379379872587,22.890505096416977,1.3388383516546436,0.2629482326627042,0.5437002519119456,-5.359580870383601,miscanthus_floridulus_15wks vs miscanthus_sacchariflorus_ssp_lutarioriparius_15wks,FALSE
4568,-0.781810048034739,19.508548752467377,-1.3360228094066369,0.2637727785021782,0.544459929282659,-5.362599989363945,miscanthus_floridulus_15wks vs miscanthus_sacchariflorus_ssp_lutarioriparius_15wks,FALSE
1843,1.815405824032311,19.641587085755667,1.3328240860121596,0.2647127409314925,0.5446632888815081,-5.366027873154985,miscanthus_floridulus_15wks vs miscanthus_sacchariflorus_ssp_lutarioriparius_15wks,FALSE
3654,3.1807503421219145,18.103323552314304,1.3325755025083297,0.2647859313706072,0.5446632888815081,-5.366294170320376,miscanthus_floridulus_15wks vs miscanthus_sacchariflorus_ssp_lutarioriparius_15wks,FALSE
111,0.6580311143139568,26.465531914478877,1.3272681553753258,0.2663535005485311,0.5461109581471693,-5.371976405549803,miscanthus_floridulus_15wks vs miscanthus_sacchariflorus_ssp_lutarioriparius_15wks,FALSE
3140,0.9269964124113876,18.207551556128458,1.3270883488703218,0.26640677303400956,0.5461109581471693,-5.3721688015585,miscanthus_floridulus_15wks vs miscanthus_sacchariflorus_ssp_lutarioriparius_15wks,FALSE
4192,-0.9929859219908295,16.698758395355853,-1.3162815459841999,0.26962854623768806,0.5510223881670057,-5.38371864562927,miscanthus_floridulus_15wks vs miscanthus_sacchariflorus_ssp_lutarioriparius_15wks,FALSE
920,1.828901355692075,19.791756463873224,1.314744642913717,0.27008993728045905,0.5510223881670057,-5.385359016857652,miscanthus_floridulus_15wks vs miscanthus_sacchariflorus_ssp_lutarioriparius_15wks,FALSE
287,3.0262929140498898,18.099748934691792,1.3144094914163138,0.2701906588493126,0.5510223881670057,-5.38571665773274,miscanthus_floridulus_15wks vs miscanthus_sacchariflorus_ssp_lutarioriparius_15wks,FALSE
359,2.7151377875093736,18.3619330975319,1.309520895351099,0.27166414214417534,0.5530803304166031,-5.3909302620067425,miscanthus_floridulus_15wks vs miscanthus_sacchariflorus_ssp_lutarioriparius_15wks,FALSE
2166,0.6467368267257356,22.107571869433947,1.3068293565851332,0.27247887704879814,0.5537923934558338,-5.3937983042847595,miscanthus_floridulus_15wks vs miscanthus_sacchariflorus_ssp_lutarioriparius_15wks,FALSE
863,0.820465410426845,25.130634005364037,1.3032777028181122,0.2735577562551959,0.5540135729758013,-5.3975801859868335,miscanthus_floridulus_15wks vs miscanthus_sacchariflorus_ssp_lutarioriparius_15wks,FALSE
2582,-2.217646372354249,19.93872308431846,-1.3030578262039503,0.2736246896028085,0.5540135729758013,-5.397814214743818,miscanthus_floridulus_15wks vs miscanthus_sacchariflorus_ssp_lutarioriparius_15wks,FALSE
104,2.5193629842568015,20.921986936107608,1.3018810322767334,0.2739832027562947,0.5540135729758013,-5.399066550961447,miscanthus_floridulus_15wks vs miscanthus_sacchariflorus_ssp_lutarioriparius_15wks,FALSE
1203,0.6452374949219823,20.758750749707986,1.2979251691299247,0.2751918493822692,0.555514394261496,-5.403273858969143,miscanthus_floridulus_15wks vs miscanthus_sacchariflorus_ssp_lutarioriparius_15wks,FALSE
3832,0.6410649396221153,21.849991403352615,1.2956921834678488,0.27587647596098036,0.5559541165305035,-5.405647068271316,miscanthus_floridulus_15wks vs miscanthus_sacchariflorus_ssp_lutarioriparius_15wks,FALSE
1035,-2.0196053998419305,16.745350167021023,-1.2891779417691178,0.27788355446085805,0.5590528941940572,-5.412563238884362,miscanthus_floridulus_15wks vs miscanthus_sacchariflorus_ssp_lutarioriparius_15wks,FALSE
5142,2.137708889812256,19.444138839225502,1.2855665616875276,0.279002575050293,0.5603019291751673,-5.416392801771956,miscanthus_floridulus_15wks vs miscanthus_sacchariflorus_ssp_lutarioriparius_15wks,FALSE
2712,-3.0749708642303837,21.51508688561661,-1.283650826019357,0.27959802377595794,0.5603019291751673,-5.41842291808592,miscanthus_floridulus_15wks vs miscanthus_sacchariflorus_ssp_lutarioriparius_15wks,FALSE
3891,1.064955006542327,20.379984551792905,1.2826303124685488,0.2799157412755874,0.5603019291751673,-5.419503975189858,miscanthus_floridulus_15wks vs miscanthus_sacchariflorus_ssp_lutarioriparius_15wks,FALSE
858,1.5320876525449059,18.061092130256647,1.280636316335592,0.28053758186611283,0.5605523895137465,-5.421615488058437,miscanthus_floridulus_15wks vs miscanthus_sacchariflorus_ssp_lutarioriparius_15wks,FALSE
1947,-3.144514267056163,19.011695805643743,-1.2792133871058657,0.2809821801340946,0.5605523895137465,-5.423121644271147,miscanthus_floridulus_15wks vs miscanthus_sacchariflorus_ssp_lutarioriparius_15wks,FALSE
3951,-1.2805785573147155,17.50858809635645,-1.2767122655573946,0.2817653784545386,0.5611748590959121,-5.425767769585601,miscanthus_floridulus_15wks vs miscanthus_sacchariflorus_ssp_lutarioriparius_15wks,FALSE
3807,-1.4247507557950172,18.002833207690202,-1.2723379952494207,0.2831404024522131,0.5622024777734105,-5.430391666625059,miscanthus_floridulus_15wks vs miscanthus_sacchariflorus_ssp_lutarioriparius_15wks,FALSE
411,2.8831630053689388,18.889901392234844,1.2708879536954578,0.283597697132696,0.5622024777734105,-5.431923333045655,miscanthus_floridulus_15wks vs miscanthus_sacchariflorus_ssp_lutarioriparius_15wks,FALSE
103,3.1087439597061426,21.4948372178217,1.2705718877367593,0.2836974719914523,0.5622024777734105,-5.432257116027551,miscanthus_floridulus_15wks vs miscanthus_sacchariflorus_ssp_lutarioriparius_15wks,FALSE
3930,-0.6661645368548683,17.18055754463832,-1.2649877689794844,0.2854660603010172,0.5645458914221784,-5.438149807715445,miscanthus_floridulus_15wks vs miscanthus_sacchariflorus_ssp_lutarioriparius_15wks,FALSE
435,-1.80540719704047,20.0195384472615,-1.263081164878752,0.28607243857557585,0.5645458914221784,-5.440159828450609,miscanthus_floridulus_15wks vs miscanthus_sacchariflorus_ssp_lutarioriparius_15wks,FALSE
3054,0.6920784595142138,17.00926645381589,1.262300595838281,0.28632106297333293,0.5645458914221784,-5.440982449361516,miscanthus_floridulus_15wks vs miscanthus_sacchariflorus_ssp_lutarioriparius_15wks,FALSE
4330,1.1669278207784402,18.33116871049485,1.2608739231044799,0.28677604056290334,0.5645458914221784,-5.442485548932691,miscanthus_floridulus_15wks vs miscanthus_sacchariflorus_ssp_lutarioriparius_15wks,FALSE
5731,1.5049267706240883,17.1682872662047,1.258232064547457,0.2876204589276994,0.5648742526867039,-5.445267447881636,miscanthus_floridulus_15wks vs miscanthus_sacchariflorus_ssp_lutarioriparius_15wks,FALSE
1717,1.9650079631159265,18.005532096151306,1.2573859991610528,0.28789141173873156,0.5648742526867039,-5.446157952475824,miscanthus_floridulus_15wks vs miscanthus_sacchariflorus_ssp_lutarioriparius_15wks,FALSE
2910,2.6590614463291082,21.42885062297702,1.2501887533420437,0.2902066534662714,0.567120770139845,-5.453725122643172,miscanthus_floridulus_15wks vs miscanthus_sacchariflorus_ssp_lutarioriparius_15wks,FALSE
3185,0.7944291986095884,17.04373701783095,1.2494732982465653,0.2904378158965166,0.567120770139845,-5.454476551479798,miscanthus_floridulus_15wks vs miscanthus_sacchariflorus_ssp_lutarioriparius_15wks,FALSE
431,1.916347631282001,18.086833670281017,1.2493895770332057,0.29046487807330434,0.567120770139845,-5.454564472757868,miscanthus_floridulus_15wks vs miscanthus_sacchariflorus_ssp_lutarioriparius_15wks,FALSE
1920,0.6659016178267478,23.07960726921369,1.2416482406483778,0.29297807367891393,0.568492227018669,-5.462685489400136,miscanthus_floridulus_15wks vs miscanthus_sacchariflorus_ssp_lutarioriparius_15wks,FALSE
162,-2.3231323212360984,20.800060270431512,-1.241003122707011,0.2931884821690151,0.568492227018669,-5.463361466383349,miscanthus_floridulus_15wks vs miscanthus_sacchariflorus_ssp_lutarioriparius_15wks,FALSE
2159,2.2437942219478195,20.565995162800757,1.2408099315766727,0.29325152164152857,0.568492227018669,-5.463563875190656,miscanthus_floridulus_15wks vs miscanthus_sacchariflorus_ssp_lutarioriparius_15wks,FALSE
4608,-0.6275305489225858,21.450783535174025,-1.2388521395396075,0.2938911213779503,0.568492227018669,-5.465614464472485,miscanthus_floridulus_15wks vs miscanthus_sacchariflorus_ssp_lutarioriparius_15wks,FALSE
3083,-1.6622978644709647,18.890678822617517,-1.2387269136272712,0.2939320790871455,0.568492227018669,-5.465745587826656,miscanthus_floridulus_15wks vs miscanthus_sacchariflorus_ssp_lutarioriparius_15wks,FALSE
202,2.701946326563359,21.377226572184895,1.2373805815633634,0.2943727827488274,0.568492227018669,-5.467155034109753,miscanthus_floridulus_15wks vs miscanthus_sacchariflorus_ssp_lutarioriparius_15wks,FALSE
269,3.28651833902466,18.94806197149053,1.236966167215283,0.29450856764947,0.568492227018669,-5.467588768465372,miscanthus_floridulus_15wks vs miscanthus_sacchariflorus_ssp_lutarioriparius_15wks,FALSE
2838,0.7810301399246384,20.992676600196464,1.2349547086034474,0.29516851521193455,0.5688441773744564,-5.469693282222645,miscanthus_floridulus_15wks vs miscanthus_sacchariflorus_ssp_lutarioriparius_15wks,FALSE
83,1.4422637885997815,20.848051612046156,1.2310660580085346,0.2964485182217418,0.570388021328101,-5.473758431417461,miscanthus_floridulus_15wks vs miscanthus_sacchariflorus_ssp_lutarioriparius_15wks,FALSE
1529,-1.8825805652178431,17.96019473501669,-1.2243516375826111,0.2986716137333429,0.573057367551838,-5.480766938216029,miscanthus_floridulus_15wks vs miscanthus_sacchariflorus_ssp_lutarioriparius_15wks,FALSE
5907,2.1963089422173745,18.041559711977204,1.2228846660592922,0.2991595075545707,0.573057367551838,-5.4822963443295665,miscanthus_floridulus_15wks vs miscanthus_sacchariflorus_ssp_lutarioriparius_15wks,FALSE
1167,-0.8606239263758937,16.577273534718785,-1.2225247508286585,0.2992793304930674,0.573057367551838,-5.48267147730105,miscanthus_floridulus_15wks vs miscanthus_sacchariflorus_ssp_lutarioriparius_15wks,FALSE
283,-1.061332484930066,16.97702936876658,-1.2174214163237487,0.30098344068131744,0.5735869029401733,-5.4879863087525145,miscanthus_floridulus_15wks vs miscanthus_sacchariflorus_ssp_lutarioriparius_15wks,FALSE
3778,-0.9488002986264163,19.566275665626346,-1.21467589194037,0.30190418561922283,0.5735869029401733,-5.490842284466666,miscanthus_floridulus_15wks vs miscanthus_sacchariflorus_ssp_lutarioriparius_15wks,FALSE
2006,0.8601658603103601,17.466758122959227,1.2142105518955209,0.3020605179982351,0.5735869029401733,-5.491326112329147,miscanthus_floridulus_15wks vs miscanthus_sacchariflorus_ssp_lutarioriparius_15wks,FALSE
1289,3.032855384277351,20.879634667482684,1.2141472304736434,0.3020817971843859,0.5735869029401733,-5.491391944265302,miscanthus_floridulus_15wks vs miscanthus_sacchariflorus_ssp_lutarioriparius_15wks,FALSE
3605,2.595383110355847,17.849851125475467,1.2130377046705423,0.30245489348362986,0.5735869029401733,-5.492545256157324,miscanthus_floridulus_15wks vs miscanthus_sacchariflorus_ssp_lutarioriparius_15wks,FALSE
3867,2.411041772412414,17.826844218503876,1.211923933708557,0.30282987379618775,0.5735869029401733,-5.493702592831225,miscanthus_floridulus_15wks vs miscanthus_sacchariflorus_ssp_lutarioriparius_15wks,FALSE
1049,-0.6543052862660623,17.246980702387354,-1.211635408267606,0.30292708811869773,0.5735869029401733,-5.494002340573257,miscanthus_floridulus_15wks vs miscanthus_sacchariflorus_ssp_lutarioriparius_15wks,FALSE
2266,-2.2262789828464697,19.126708757757,-1.2055600546228247,0.30498123337794564,0.5753555355033216,-5.500307888970303,miscanthus_floridulus_15wks vs miscanthus_sacchariflorus_ssp_lutarioriparius_15wks,FALSE
1154,1.974927864583087,19.781956923487456,1.1995959703117727,0.30701107016866347,0.5753555355033216,-5.50648648872349,miscanthus_floridulus_15wks vs miscanthus_sacchariflorus_ssp_lutarioriparius_15wks,FALSE
4915,-1.9608138827789965,17.25104033800349,-1.1980648701295176,0.30753430502361856,0.5753555355033216,-5.508070806232247,miscanthus_floridulus_15wks vs miscanthus_sacchariflorus_ssp_lutarioriparius_15wks,FALSE
6064,1.3323272911475712,18.00396017373395,1.1972914671854848,0.3077989383415543,0.5753555355033216,-5.50887080098858,miscanthus_floridulus_15wks vs miscanthus_sacchariflorus_ssp_lutarioriparius_15wks,FALSE
571,2.454165104006716,18.099850019529,1.1963828400939827,0.3081101261170447,0.5753555355033216,-5.50981042011832,miscanthus_floridulus_15wks vs miscanthus_sacchariflorus_ssp_lutarioriparius_15wks,FALSE
358,2.23904536219651,21.15663952997293,1.1956097404146793,0.30837514101735014,0.5753555355033216,-5.51060967678123,miscanthus_floridulus_15wks vs miscanthus_sacchariflorus_ssp_lutarioriparius_15wks,FALSE
180,1.7788013424861724,17.22994609803263,1.194941060852508,0.30860454129109804,0.5753555355033216,-5.511300822579804,miscanthus_floridulus_15wks vs miscanthus_sacchariflorus_ssp_lutarioriparius_15wks,FALSE
2505,1.2544817363842249,19.749024121915532,1.1947237290178674,0.30867913613110104,0.5753555355033216,-5.511525424747765,miscanthus_floridulus_15wks vs miscanthus_sacchariflorus_ssp_lutarioriparius_15wks,FALSE
3817,-2.246339782765485,16.91659792275784,-1.1938584844398026,0.308976289289681,0.5753555355033216,-5.512419460323052,miscanthus_floridulus_15wks vs miscanthus_sacchariflorus_ssp_lutarioriparius_15wks,FALSE
144,-4.143852862387082,18.810645715784595,-1.1918093160271,0.3096811578620123,0.5753555355033216,-5.5145358319157545,miscanthus_floridulus_15wks vs miscanthus_sacchariflorus_ssp_lutarioriparius_15wks,FALSE
2041,1.8678444856551302,25.79027178265472,1.1896830962021392,0.31041419358399697,0.5753555355033216,-5.516730314688297,miscanthus_floridulus_15wks vs miscanthus_sacchariflorus_ssp_lutarioriparius_15wks,FALSE
2282,1.974093374081221,17.869195521152413,1.1895494450056272,0.31046032782510463,0.5753555355033216,-5.516868206705619,miscanthus_floridulus_15wks vs miscanthus_sacchariflorus_ssp_lutarioriparius_15wks,FALSE
3991,-0.9679667653751878,25.06269785857147,-1.1890812081791295,0.3106220085278092,0.5753555355033216,-5.517351254080234,miscanthus_floridulus_15wks vs miscanthus_sacchariflorus_ssp_lutarioriparius_15wks,FALSE
6163,2.423625461467438,20.11908733436361,1.188628941426896,0.31077825296244926,0.5753555355033216,-5.517817756979137,miscanthus_floridulus_15wks vs miscanthus_sacchariflorus_ssp_lutarioriparius_15wks,FALSE
185,1.7324885433445942,19.562121551510494,1.1840659919638805,0.3123589150031208,0.5753555355033216,-5.522520511538234,miscanthus_floridulus_15wks vs miscanthus_sacchariflorus_ssp_lutarioriparius_15wks,FALSE
451,2.5708312050945352,18.255903066055588,1.182646351721707,0.3128522948752383,0.5753555355033216,-5.523982221574554,miscanthus_floridulus_15wks vs miscanthus_sacchariflorus_ssp_lutarioriparius_15wks,FALSE
169,1.0900954850155529,21.118038559721004,1.1809285173487007,0.31345032533414136,0.5753555355033216,-5.525750051303365,miscanthus_floridulus_15wks vs miscanthus_sacchariflorus_ssp_lutarioriparius_15wks,FALSE
3957,-0.6075124687464175,20.82142665285985,-1.1781001282494254,0.31443740260123765,0.5753555355033216,-5.528658572643533,miscanthus_floridulus_15wks vs miscanthus_sacchariflorus_ssp_lutarioriparius_15wks,FALSE
2396,-2.5730282849701602,17.93433427074402,-1.1778410726171835,0.3145279614778828,0.5753555355033216,-5.528924831284156,miscanthus_floridulus_15wks vs miscanthus_sacchariflorus_ssp_lutarioriparius_15wks,FALSE
1860,-2.342859416227739,17.806968618643243,-1.176173588172989,0.31511147738290063,0.5753555355033216,-5.530638129950328,miscanthus_floridulus_15wks vs miscanthus_sacchariflorus_ssp_lutarioriparius_15wks,FALSE
189,1.4811464302078896,28.608851884790887,1.172916970786477,0.3162541309380761,0.5753555355033216,-5.533981466264955,miscanthus_floridulus_15wks vs miscanthus_sacchariflorus_ssp_lutarioriparius_15wks,FALSE
1805,0.6457978660764461,23.74836255912,1.1722638582941296,0.3164837740737165,0.5753555355033216,-5.534651529227092,miscanthus_floridulus_15wks vs miscanthus_sacchariflorus_ssp_lutarioriparius_15wks,FALSE
4284,0.7783814741488406,18.14739879744128,1.1720230192882084,0.31656849721626595,0.5753555355033216,-5.534898581513581,miscanthus_floridulus_15wks vs miscanthus_sacchariflorus_ssp_lutarioriparius_15wks,FALSE
72,4.577166244771281,19.528079711142475,1.17184353456019,0.3166316512863538,0.5753555355033216,-5.535082683592529,miscanthus_floridulus_15wks vs miscanthus_sacchariflorus_ssp_lutarioriparius_15wks,FALSE
5020,1.9248759666475692,20.92596986806614,1.1707891450322223,0.3170028995083907,0.5753555355033216,-5.5361639720435845,miscanthus_floridulus_15wks vs miscanthus_sacchariflorus_ssp_lutarioriparius_15wks,FALSE
2080,1.7443104785218466,28.946322868117903,1.1703537813730054,0.31715631345318035,0.5753555355033216,-5.536610329671683,miscanthus_floridulus_15wks vs miscanthus_sacchariflorus_ssp_lutarioriparius_15wks,FALSE
2271,1.1582231137747705,17.562372887134497,1.1702590559419526,0.31718970246331374,0.5753555355033216,-5.536707438404903,miscanthus_floridulus_15wks vs miscanthus_sacchariflorus_ssp_lutarioriparius_15wks,FALSE
1455,-2.648394240880556,18.206453274004836,-1.1696979212059244,0.31738756240611443,0.5753555355033216,-5.537282627234497,miscanthus_floridulus_15wks vs miscanthus_sacchariflorus_ssp_lutarioriparius_15wks,FALSE
56,4.143342059817169,18.526974657516625,1.1655207686826066,0.31886422627427974,0.5769749848959809,-5.541560938493028,miscanthus_floridulus_15wks vs miscanthus_sacchariflorus_ssp_lutarioriparius_15wks,FALSE
1840,1.7170203117659817,17.41680590646405,1.164433149599716,0.3192498027258198,0.5769749848959809,-5.542673890512322,miscanthus_floridulus_15wks vs miscanthus_sacchariflorus_ssp_lutarioriparius_15wks,FALSE
1597,-0.8779444177342519,18.03314818036828,-1.1599853185553337,0.32083133075767917,0.578661089686735,-5.547220961493106,miscanthus_floridulus_15wks vs miscanthus_sacchariflorus_ssp_lutarioriparius_15wks,FALSE
367,1.638976269520839,18.062206177754074,1.1572910228410676,0.32179303644939705,0.578661089686735,-5.549971942894365,miscanthus_floridulus_15wks vs miscanthus_sacchariflorus_ssp_lutarioriparius_15wks,FALSE
3445,2.075241600875078,17.527797884206777,1.1566819887318818,0.32201081213582006,0.578661089686735,-5.5505934298328015,miscanthus_floridulus_15wks vs miscanthus_sacchariflorus_ssp_lutarioriparius_15wks,FALSE
4472,0.602600949307547,16.342714281108524,1.1563594591551556,0.3221261985409784,0.578661089686735,-5.550922500097399,miscanthus_floridulus_15wks vs miscanthus_sacchariflorus_ssp_lutarioriparius_15wks,FALSE
2507,-0.7069460644332963,18.790424066963883,-1.1527998670433974,0.32340231630051625,0.5793055548430254,-5.554551784860637,miscanthus_floridulus_15wks vs miscanthus_sacchariflorus_ssp_lutarioriparius_15wks,FALSE
413,1.2952307464089934,24.183422111529325,1.152645516432995,0.3234577615202451,0.5793055548430254,-5.554709053708938,miscanthus_floridulus_15wks vs miscanthus_sacchariflorus_ssp_lutarioriparius_15wks,FALSE
3193,0.5995649775539889,19.955770432761163,1.150797930695921,0.32412215694836494,0.5796238572454995,-5.556590898490717,miscanthus_floridulus_15wks vs miscanthus_sacchariflorus_ssp_lutarioriparius_15wks,FALSE
472,3.0138225934450666,20.828545427610834,1.1476367511485217,0.3252619788467692,0.5799775993334682,-5.5598078044209664,miscanthus_floridulus_15wks vs miscanthus_sacchariflorus_ssp_lutarioriparius_15wks,FALSE
4064,2.177680948973311,19.233915296981323,1.1464143469329322,0.32570377491793645,0.5799775993334682,-5.5610507747899565,miscanthus_floridulus_15wks vs miscanthus_sacchariflorus_ssp_lutarioriparius_15wks,FALSE
146,2.481799349534281,21.158128994508438,1.1459420917623222,0.32587461018630665,0.5799775993334682,-5.5615308280075215,miscanthus_floridulus_15wks vs miscanthus_sacchariflorus_ssp_lutarioriparius_15wks,FALSE
247,1.1747404700629218,23.19344778237807,1.1448559709916202,0.3262678350574506,0.5799775993334682,-5.5626345709195615,miscanthus_floridulus_15wks vs miscanthus_sacchariflorus_ssp_lutarioriparius_15wks,FALSE
2256,-1.4567844097334053,18.120376371464392,-1.141818842588318,0.3273698398525453,0.5810692686503449,-5.56571865766765,miscanthus_floridulus_15wks vs miscanthus_sacchariflorus_ssp_lutarioriparius_15wks,FALSE
204,-0.6480202126011818,23.79006057153378,-1.1372734001041322,0.32902582032902766,0.5824309077472435,-5.570327955250324,miscanthus_floridulus_15wks vs miscanthus_sacchariflorus_ssp_lutarioriparius_15wks,FALSE
2044,0.627296290827875,25.919348282492678,1.1370291558105314,0.32911503015440374,0.5824309077472435,-5.570575411377879,miscanthus_floridulus_15wks vs miscanthus_sacchariflorus_ssp_lutarioriparius_15wks,FALSE
2952,1.4812801513728715,20.102456991462137,1.1352083180698838,0.3297808206405383,0.5827432602119897,-5.572419484703264,miscanthus_floridulus_15wks vs miscanthus_sacchariflorus_ssp_lutarioriparius_15wks,FALSE
2338,2.9089303331016225,19.133177809059948,1.133351376635581,0.330461144039717,0.583080329705634,-5.574298831623184,miscanthus_floridulus_15wks vs miscanthus_sacchariflorus_ssp_lutarioriparius_15wks,FALSE
1137,2.3372635897440297,18.250641289649845,1.1292594157117668,0.3319650608687825,0.5848674371223669,-5.578435537230555,miscanthus_floridulus_15wks vs miscanthus_sacchariflorus_ssp_lutarioriparius_15wks,FALSE
246,3.3014082518690273,19.099061006191903,1.1245111464587316,0.33371840821969684,0.5858594446099471,-5.583227682593437,miscanthus_floridulus_15wks vs miscanthus_sacchariflorus_ssp_lutarioriparius_15wks,FALSE
5692,1.7036037644895252,18.66234635633826,1.1237554765931552,0.3339982630744213,0.5858594446099471,-5.5839895322754,miscanthus_floridulus_15wks vs miscanthus_sacchariflorus_ssp_lutarioriparius_15wks,FALSE
1684,0.5832833765886711,25.457246965859404,1.123740447725161,0.3340038311420269,0.5858594446099471,-5.584004681803217,miscanthus_floridulus_15wks vs miscanthus_sacchariflorus_ssp_lutarioriparius_15wks,FALSE
256,1.5330911591683183,20.703247616809318,1.112240793327691,0.3382904334767362,0.5905702498264337,-5.595570758346776,miscanthus_floridulus_15wks vs miscanthus_sacchariflorus_ssp_lutarioriparius_15wks,FALSE
5768,0.8957994682371044,16.553043581257498,1.1114233199951769,0.3385971424730887,0.5905702498264337,-5.596390965663414,miscanthus_floridulus_15wks vs miscanthus_sacchariflorus_ssp_lutarioriparius_15wks,FALSE
5557,-0.6449047820828042,18.27112806438537,-1.1106886399797498,0.3388730139288302,0.5905702498264337,-5.597127875478285,miscanthus_floridulus_15wks vs miscanthus_sacchariflorus_ssp_lutarioriparius_15wks,FALSE
749,0.6192490225714451,21.857124330967125,1.110486788616375,0.33894884631782224,0.5905702498264337,-5.597330301745762,miscanthus_floridulus_15wks vs miscanthus_sacchariflorus_ssp_lutarioriparius_15wks,FALSE
417,-1.8224219411657216,17.16292426130639,-1.1099015342835183,0.33916880846455133,0.5905702498264337,-5.597917130936859,miscanthus_floridulus_15wks vs miscanthus_sacchariflorus_ssp_lutarioriparius_15wks,FALSE
57,0.7092059188372168,27.89750108654396,1.1074036751883884,0.34010913155997907,0.5913430302013651,-5.600420169146753,miscanthus_floridulus_15wks vs miscanthus_sacchariflorus_ssp_lutarioriparius_15wks,FALSE
1598,2.3362902652142843,20.31052070776725,1.104510931727317,0.34120120543296556,0.5923395275900715,-5.603315773802387,miscanthus_floridulus_15wks vs miscanthus_sacchariflorus_ssp_lutarioriparius_15wks,FALSE
4316,2.108546167670788,19.20240292667849,1.1032534846487045,0.34167695672072135,0.5923395275900715,-5.604573409786565,miscanthus_floridulus_15wks vs miscanthus_sacchariflorus_ssp_lutarioriparius_15wks,FALSE
190,1.764292798344826,17.686566551003594,1.0988123382921688,0.3433622915756137,0.594122351686295,-5.6090100758886905,miscanthus_floridulus_15wks vs miscanthus_sacchariflorus_ssp_lutarioriparius_15wks,FALSE
1429,2.38890764293604,20.39788893099684,1.0979169639432913,0.34370302293187005,0.594122351686295,-5.609903570504905,miscanthus_floridulus_15wks vs miscanthus_sacchariflorus_ssp_lutarioriparius_15wks,FALSE
1801,-1.4898679990840336,17.839376470117262,-1.0949529900131059,0.34483323738905997,0.5951446935677511,-5.612858970226575,miscanthus_floridulus_15wks vs miscanthus_sacchariflorus_ssp_lutarioriparius_15wks,FALSE
1732,-1.768407942993182,18.15864109584866,-1.0927235225152534,0.34568568789355886,0.5951446935677511,-5.615079597483507,miscanthus_floridulus_15wks vs miscanthus_sacchariflorus_ssp_lutarioriparius_15wks,FALSE
78,-3.984828644628127,22.206136083686662,-1.091676431404421,0.3460867367045055,0.5951446935677511,-5.616121825096301,miscanthus_floridulus_15wks vs miscanthus_sacchariflorus_ssp_lutarioriparius_15wks,FALSE
161,-2.1813159234547363,20.003739445767003,-1.091048926292196,0.3463272895271661,0.5951446935677511,-5.616746197033221,miscanthus_floridulus_15wks vs miscanthus_sacchariflorus_ssp_lutarioriparius_15wks,FALSE
4902,-1.6273163687703907,17.892928340040527,-1.0898353447867906,0.3467929616591262,0.5951446935677511,-5.617953253376358,miscanthus_floridulus_15wks vs miscanthus_sacchariflorus_ssp_lutarioriparius_15wks,FALSE
2645,2.0583771744554547,18.100491260483413,1.0843645023826851,0.3488995630995252,0.5978983879878194,-5.6233870188247,miscanthus_floridulus_15wks vs miscanthus_sacchariflorus_ssp_lutarioriparius_15wks,FALSE
4578,1.0122868641536549,17.398578589331763,1.0789240489287963,0.35100641466567895,0.6000103131484869,-5.628778057403031,miscanthus_floridulus_15wks vs miscanthus_sacchariflorus_ssp_lutarioriparius_15wks,FALSE
1573,0.6398011745966627,16.823249892446622,1.0784285681205412,0.35119888636989677,0.6000103131484869,-5.629268411326155,miscanthus_floridulus_15wks vs miscanthus_sacchariflorus_ssp_lutarioriparius_15wks,FALSE
5700,-1.5760909142201278,17.67385084395924,-1.076671632406624,0.35188217553870726,0.6000103131484869,-5.631006319985695,miscanthus_floridulus_15wks vs miscanthus_sacchariflorus_ssp_lutarioriparius_15wks,FALSE
116,0.5401935452264368,22.46201987540645,1.0749989762582148,0.3525338477610509,0.6000103131484869,-5.632659629861527,miscanthus_floridulus_15wks vs miscanthus_sacchariflorus_ssp_lutarioriparius_15wks,FALSE
366,0.5482312594068084,21.1335433834971,1.0735244322914885,0.35310927428743516,0.6000103131484869,-5.6341161189415505,miscanthus_floridulus_15wks vs miscanthus_sacchariflorus_ssp_lutarioriparius_15wks,FALSE
5193,-0.9233660536885893,17.412299524747493,-1.0734081629696965,0.35315468473307243,0.6000103131484869,-5.634230924668573,miscanthus_floridulus_15wks vs miscanthus_sacchariflorus_ssp_lutarioriparius_15wks,FALSE
1225,-1.6922227971686432,19.382831752143012,-1.0679315099274775,0.3552998735226808,0.6017052877072132,-5.639631989624738,miscanthus_floridulus_15wks vs miscanthus_sacchariflorus_ssp_lutarioriparius_15wks,FALSE
39,-1.6549453639823213,17.468399539228837,-1.0654215530902684,0.3562870886036337,0.6017052877072132,-5.642102929008881,miscanthus_floridulus_15wks vs miscanthus_sacchariflorus_ssp_lutarioriparius_15wks,FALSE
89,0.5271240323591009,21.17217735930565,1.065316993869749,0.3563282694101443,0.6017052877072132,-5.64220580284784,miscanthus_floridulus_15wks vs miscanthus_sacchariflorus_ssp_lutarioriparius_15wks,FALSE
1265,1.5233334767299596,17.208385507373826,1.0653075453476828,0.35633199094407486,0.6017052877072132,-5.6422150988330895,miscanthus_floridulus_15wks vs miscanthus_sacchariflorus_ssp_lutarioriparius_15wks,FALSE
319,3.988408679517512,18.94485938523187,1.0623687364637882,0.3574912782279296,0.6017052877072132,-5.645104554480527,miscanthus_floridulus_15wks vs miscanthus_sacchariflorus_ssp_lutarioriparius_15wks,FALSE
5091,-1.0536425110834031,18.75196636279806,-1.0618783747155658,0.3576850565054186,0.6017052877072132,-5.6455863098883095,miscanthus_floridulus_15wks vs miscanthus_sacchariflorus_ssp_lutarioriparius_15wks,FALSE
6267,0.6686793624114671,16.813600950774862,1.0618689404631447,0.3576887856395525,0.6017052877072132,-5.645595577516259,miscanthus_floridulus_15wks vs miscanthus_sacchariflorus_ssp_lutarioriparius_15wks,FALSE
881,0.5863344139826623,16.473880107905323,1.0547630726260253,0.36050789111806575,0.605383235362911,-5.652564692267552,miscanthus_floridulus_15wks vs miscanthus_sacchariflorus_ssp_lutarioriparius_15wks,FALSE
1872,0.6284027734239253,21.16666334213776,1.0537994742037369,0.36089176919199567,0.605383235362911,-5.653508006186951,miscanthus_floridulus_15wks vs miscanthus_sacchariflorus_ssp_lutarioriparius_15wks,FALSE
2816,1.2364078133458207,16.67963728831699,1.0475507741256376,0.3633903666005956,0.6087171963731496,-5.659614983212287,miscanthus_floridulus_15wks vs miscanthus_sacchariflorus_ssp_lutarioriparius_15wks,FALSE
5708,0.6230005967714298,17.314440809149787,1.0349773603034103,0.36846665953461205,0.6163536397552288,-5.671849037103221,miscanthus_floridulus_15wks vs miscanthus_sacchariflorus_ssp_lutarioriparius_15wks,FALSE
438,0.7954408238754667,18.301185401427038,1.033626743398423,0.36901583111502023,0.6164065285525794,-5.673158836011944,miscanthus_floridulus_15wks vs miscanthus_sacchariflorus_ssp_lutarioriparius_15wks,FALSE
1372,2.0852699926953235,17.78272852574071,1.031740712347047,0.3697839705169983,0.6165523975872432,-5.67498643633489,miscanthus_floridulus_15wks vs miscanthus_sacchariflorus_ssp_lutarioriparius_15wks,FALSE
108,0.531738902458919,23.560877432462483,1.0299717674053939,0.3705057633715031,0.6165523975872432,-5.676699056711996,miscanthus_floridulus_15wks vs miscanthus_sacchariflorus_ssp_lutarioriparius_15wks,FALSE
501,-0.6673122384754393,24.55337165108132,-1.0290446214280116,0.3708845906189425,0.6165523975872432,-5.677596091729757,miscanthus_floridulus_15wks vs miscanthus_sacchariflorus_ssp_lutarioriparius_15wks,FALSE
530,-2.5148374431442555,18.480461603115764,-1.0283372439480798,0.37117386151977616,0.6165523975872432,-5.678280222203147,miscanthus_floridulus_15wks vs miscanthus_sacchariflorus_ssp_lutarioriparius_15wks,FALSE
61,3.930441666747029,18.81287665394832,1.0255208589218652,0.3723276391976849,0.6176075463571626,-5.681001696332637,miscanthus_floridulus_15wks vs miscanthus_sacchariflorus_ssp_lutarioriparius_15wks,FALSE
492,1.333784363423927,18.627399706718943,1.0227982441730645,0.37344613789442394,0.6186013216025854,-5.6836289682164045,miscanthus_floridulus_15wks vs miscanthus_sacchariflorus_ssp_lutarioriparius_15wks,FALSE
3865,0.574333410986366,17.40574350236406,1.0167050151771986,0.3759605352424202,0.6207241902051033,-5.689495927441016,miscanthus_floridulus_15wks vs miscanthus_sacchariflorus_ssp_lutarioriparius_15wks,FALSE
1491,1.9006988612952185,19.28360292206743,1.0162333603759195,0.37615581164514167,0.6207241902051033,-5.6899493199239535,miscanthus_floridulus_15wks vs miscanthus_sacchariflorus_ssp_lutarioriparius_15wks,FALSE
4071,0.7282586059730924,17.340571368883936,1.0159063924981564,0.37629123873054965,0.6207241902051033,-5.69026356438589,miscanthus_floridulus_15wks vs miscanthus_sacchariflorus_ssp_lutarioriparius_15wks,FALSE
120,0.506038190162279,23.691819482929755,1.0122082018318037,0.3778261066528263,0.6221015391418546,-5.693814225510386,miscanthus_floridulus_15wks vs miscanthus_sacchariflorus_ssp_lutarioriparius_15wks,FALSE
3229,-0.5253066771538073,17.274462470471786,-1.0113793856135864,0.3781708768586925,0.6221015391418546,-5.694609062865316,miscanthus_floridulus_15wks vs miscanthus_sacchariflorus_ssp_lutarioriparius_15wks,FALSE
5998,1.158275252102733,17.736766611573486,1.0076669818440491,0.37971869027072097,0.6237861518792119,-5.698165134733594,miscanthus_floridulus_15wks vs miscanthus_sacchariflorus_ssp_lutarioriparius_15wks,FALSE
1458,-1.791377880609808,18.12316331748363,-1.0058842934416738,0.38046400081638876,0.6241496211739931,-5.699870340477041,miscanthus_floridulus_15wks vs miscanthus_sacchariflorus_ssp_lutarioriparius_15wks,FALSE
1879,-0.7079165427321286,20.72750298373776,-1.0040360834473459,0.38123811334612095,0.624374308948891,-5.701636559649688,miscanthus_floridulus_15wks vs miscanthus_sacchariflorus_ssp_lutarioriparius_15wks,FALSE
3866,-1.2724675572770323,19.138309920522293,-1.0030553958525736,0.3816494516497,0.624374308948891,-5.702573053285911,miscanthus_floridulus_15wks vs miscanthus_sacchariflorus_ssp_lutarioriparius_15wks,FALSE
4355,-0.9271943734645163,18.55875660615474,-0.9965862899300184,0.38437298222290694,0.625729345457489,-5.708738604278027,miscanthus_floridulus_15wks vs miscanthus_sacchariflorus_ssp_lutarioriparius_15wks,FALSE
3763,-0.8673454060152075,26.835486605663526,-0.9954355925514541,0.3848592791385462,0.625729345457489,-5.7098331060998,miscanthus_floridulus_15wks vs miscanthus_sacchariflorus_ssp_lutarioriparius_15wks,FALSE
278,2.8814061591555955,21.673513187885963,0.9949588672619265,0.38506091190658853,0.625729345457489,-5.710286354292492,miscanthus_floridulus_15wks vs miscanthus_sacchariflorus_ssp_lutarioriparius_15wks,FALSE
5352,-0.6623288177947231,15.958184782018606,-0.9947493033988443,0.3851495780735446,0.625729345457489,-5.710485561529197,miscanthus_floridulus_15wks vs miscanthus_sacchariflorus_ssp_lutarioriparius_15wks,FALSE
2347,1.5386311005947348,19.175452486392743,0.9926495582989121,0.38603900041553774,0.625729345457489,-5.712480310756018,miscanthus_floridulus_15wks vs miscanthus_sacchariflorus_ssp_lutarioriparius_15wks,FALSE
5499,3.032082839983765,18.349152745640026,0.9924489568270258,0.3861240697754905,0.625729345457489,-5.712670764411312,miscanthus_floridulus_15wks vs miscanthus_sacchariflorus_ssp_lutarioriparius_15wks,FALSE
3597,-0.8252286379082729,16.179789240672413,-0.9923751120591268,0.3861553895140676,0.625729345457489,-5.712740868455061,miscanthus_floridulus_15wks vs miscanthus_sacchariflorus_ssp_lutarioriparius_15wks,FALSE
390,0.8885165230727523,17.67896103398257,0.9864768663754122,0.3886644542599371,0.6266875206317716,-5.718331356373251,miscanthus_floridulus_15wks vs miscanthus_sacchariflorus_ssp_lutarioriparius_15wks,FALSE
5558,0.5977443433678005,17.705857039345723,0.9857746104324462,0.3889641687727665,0.6266875206317716,-5.718995784476824,miscanthus_floridulus_15wks vs miscanthus_sacchariflorus_ssp_lutarioriparius_15wks,FALSE
2069,1.6394970796029646,20.6453919728447,0.9847292996649996,0.38941068192343037,0.6266875206317716,-5.719984318875845,miscanthus_floridulus_15wks vs miscanthus_sacchariflorus_ssp_lutarioriparius_15wks,FALSE
196,-0.8915118061869514,17.112318073845657,-0.9838742253866097,0.38977627827788236,0.6266875206317716,-5.7207925312440615,miscanthus_floridulus_15wks vs miscanthus_sacchariflorus_ssp_lutarioriparius_15wks,FALSE
2386,2.394716549837753,20.095414167331015,0.9828403018967551,0.39021875755431157,0.6266875206317716,-5.721769287417271,miscanthus_floridulus_15wks vs miscanthus_sacchariflorus_ssp_lutarioriparius_15wks,FALSE
208,-3.4070053899429666,19.118321301701318,-0.9820728382110743,0.3905474954902976,0.6266875206317716,-5.722493959675246,miscanthus_floridulus_15wks vs miscanthus_sacchariflorus_ssp_lutarioriparius_15wks,FALSE
1551,0.6129595269585728,20.845463229145203,0.9819677923284004,0.3905925106314075,0.6266875206317716,-5.722593124818269,miscanthus_floridulus_15wks vs miscanthus_sacchariflorus_ssp_lutarioriparius_15wks,FALSE
6251,-0.5797139304756662,17.108548058420197,-0.9811195113817563,0.39095619465105486,0.6266875206317716,-5.723393707451072,miscanthus_floridulus_15wks vs miscanthus_sacchariflorus_ssp_lutarioriparius_15wks,FALSE
6046,-1.0247358479246955,21.47630338174951,-0.9742594881199096,0.39390852740632326,0.6305713120173804,-5.72985424033325,miscanthus_floridulus_15wks vs miscanthus_sacchariflorus_ssp_lutarioriparius_15wks,FALSE
5490,0.9333403780717333,16.619760404031506,0.9697535087322323,0.3958586510872995,0.6328424878456023,-5.734084393448043,miscanthus_floridulus_15wks vs miscanthus_sacchariflorus_ssp_lutarioriparius_15wks,FALSE
3834,0.619301844970618,22.282938212474978,0.9611288421675542,0.39961544070672655,0.6379919435411681,-5.74215107186429,miscanthus_floridulus_15wks vs miscanthus_sacchariflorus_ssp_lutarioriparius_15wks,FALSE
4582,3.04440064198754,21.918841031177468,0.9582142744214395,0.40089217652051307,0.6386379492756123,-5.744868067623746,miscanthus_floridulus_15wks vs miscanthus_sacchariflorus_ssp_lutarioriparius_15wks,FALSE
3135,1.5802861374154134,18.128819136673062,0.9571241882379852,0.40137062692973136,0.6386379492756123,-5.7458830810898265,miscanthus_floridulus_15wks vs miscanthus_sacchariflorus_ssp_lutarioriparius_15wks,FALSE
3560,-1.5257708572933844,18.54522944329381,-0.9565366029719589,0.4016287355226143,0.6386379492756123,-5.7464299333851585,miscanthus_floridulus_15wks vs miscanthus_sacchariflorus_ssp_lutarioriparius_15wks,FALSE
1104,1.779222842875555,17.202772817808537,0.9553027850871406,0.4021711963262051,0.6386478597660138,-5.747577610474515,miscanthus_floridulus_15wks vs miscanthus_sacchariflorus_ssp_lutarioriparius_15wks,FALSE
1351,-0.49675452614239646,19.955192330020694,-0.95120025753919,0.4039796100325193,0.640548511375621,-5.751387757803267,miscanthus_floridulus_15wks vs miscanthus_sacchariflorus_ssp_lutarioriparius_15wks,FALSE
5202,-1.3604630974994762,17.3502526461892,-0.9484695185691818,0.405187338470382,0.640548511375621,-5.753918780485768,miscanthus_floridulus_15wks vs miscanthus_sacchariflorus_ssp_lutarioriparius_15wks,FALSE
1903,0.6451440093616512,26.161758452634317,0.9460485829115672,0.40626072997479556,0.640548511375621,-5.7561592295553705,miscanthus_floridulus_15wks vs miscanthus_sacchariflorus_ssp_lutarioriparius_15wks,FALSE
1633,1.5790182369469576,17.684352690870654,0.9454170669514452,0.40654114530587415,0.640548511375621,-5.756743132805131,miscanthus_floridulus_15wks vs miscanthus_sacchariflorus_ssp_lutarioriparius_15wks,FALSE
6015,-1.4067776138127037,20.190272037865455,-0.9453509515509859,0.4065705127953776,0.640548511375621,-5.7568042507356525,miscanthus_floridulus_15wks vs miscanthus_sacchariflorus_ssp_lutarioriparius_15wks,FALSE
2644,0.4870621634901724,16.768032846858897,0.9451681168399285,0.4066517350809332,0.640548511375621,-5.756973252921562,miscanthus_floridulus_15wks vs miscanthus_sacchariflorus_ssp_lutarioriparius_15wks,FALSE
1864,1.1000619255688129,18.68537946554758,0.9436852716584246,0.40731100407792875,0.640548511375621,-5.758343228575584,miscanthus_floridulus_15wks vs miscanthus_sacchariflorus_ssp_lutarioriparius_15wks,FALSE
3644,0.6674907290267384,18.374625324806843,0.9417140979846343,0.40818884840469294,0.640548511375621,-5.760162474478177,miscanthus_floridulus_15wks vs miscanthus_sacchariflorus_ssp_lutarioriparius_15wks,FALSE
1977,1.2075801134287794,17.16609441136858,0.9416700202089836,0.4082084971738844,0.640548511375621,-5.760203130283771,miscanthus_floridulus_15wks vs miscanthus_sacchariflorus_ssp_lutarioriparius_15wks,FALSE
2088,0.48993571422397864,16.95641409768988,0.9387949245685492,0.40949195149134915,0.6417169924028906,-5.762852679327847,miscanthus_floridulus_15wks vs miscanthus_sacchariflorus_ssp_lutarioriparius_15wks,FALSE
1320,-1.2311436488688479,20.966160813890674,-0.9361987544932391,0.41065395519975456,0.6426923267318103,-5.7652412126144235,miscanthus_floridulus_15wks vs miscanthus_sacchariflorus_ssp_lutarioriparius_15wks,FALSE
5788,-0.6091675951924316,17.625099706826983,-0.9346602087734369,0.4113439561627897,0.6429273645536516,-5.766654922457629,miscanthus_floridulus_15wks vs miscanthus_sacchariflorus_ssp_lutarioriparius_15wks,FALSE
5406,-0.9079961442030431,17.175623192008494,-0.9301922459541839,0.4133535275058449,0.6452215612836977,-5.7707527880330085,miscanthus_floridulus_15wks vs miscanthus_sacchariflorus_ssp_lutarioriparius_15wks,FALSE
1402,0.5259584678766487,23.831078830506723,0.9268732468878972,0.41485191360250456,0.6456377488350156,-5.773789531357739,miscanthus_floridulus_15wks vs miscanthus_sacchariflorus_ssp_lutarioriparius_15wks,FALSE
429,2.460376658572976,19.15100657040388,0.9262993506999518,0.4151114866735084,0.6456377488350156,-5.774313985228716,miscanthus_floridulus_15wks vs miscanthus_sacchariflorus_ssp_lutarioriparius_15wks,FALSE
133,1.8616392584868429,18.114459831543847,0.9254733479602223,0.4154853378276071,0.6456377488350156,-5.775068495682759,miscanthus_floridulus_15wks vs miscanthus_sacchariflorus_ssp_lutarioriparius_15wks,FALSE
316,0.461199669988563,21.22315086299118,0.9201265433880386,0.4179124677168286,0.6456377488350156,-5.779943053651404,miscanthus_floridulus_15wks vs miscanthus_sacchariflorus_ssp_lutarioriparius_15wks,FALSE
76,2.2498791886026197,21.133445084885327,0.9196744739676261,0.4181182486121776,0.6456377488350156,-5.780354439901938,miscanthus_floridulus_15wks vs miscanthus_sacchariflorus_ssp_lutarioriparius_15wks,FALSE
1841,1.705478956464198,17.33147643146399,0.9177815725828316,0.4189808558416257,0.6456377488350156,-5.782075709095885,miscanthus_floridulus_15wks vs miscanthus_sacchariflorus_ssp_lutarioriparius_15wks,FALSE
119,0.6937791210384567,24.605030859844703,0.9173144480655016,0.41919396673682574,0.6456377488350156,-5.782500159342899,miscanthus_floridulus_15wks vs miscanthus_sacchariflorus_ssp_lutarioriparius_15wks,FALSE
4986,1.0350807741259835,18.047709873203925,0.9166647986883213,0.41949050638287905,0.6456377488350156,-5.783090249294849,miscanthus_floridulus_15wks vs miscanthus_sacchariflorus_ssp_lutarioriparius_15wks,FALSE
4151,0.6168357169423224,21.945542039509483,0.9161369556280261,0.419731581148724,0.6456377488350156,-5.783569519507598,miscanthus_floridulus_15wks vs miscanthus_sacchariflorus_ssp_lutarioriparius_15wks,FALSE
1897,1.8701942610224407,18.25949589049071,0.915906859451376,0.4198367078007962,0.6456377488350156,-5.783778391215766,miscanthus_floridulus_15wks vs miscanthus_sacchariflorus_ssp_lutarioriparius_15wks,FALSE
4421,1.1153489039008448,19.475381782080454,0.9156075096732049,0.4199735095549403,0.6456377488350156,-5.7840500823508085,miscanthus_floridulus_15wks vs miscanthus_sacchariflorus_ssp_lutarioriparius_15wks,FALSE
5184,-1.4278819186353857,19.851658071988574,-0.9152754189470839,0.42012531935108066,0.6456377488350156,-5.784351428281905,miscanthus_floridulus_15wks vs miscanthus_sacchariflorus_ssp_lutarioriparius_15wks,FALSE
6025,1.5470953753267551,18.229403071839393,0.9136819470804342,0.4208544153457857,0.6459247534495243,-5.785796483209759,miscanthus_floridulus_15wks vs miscanthus_sacchariflorus_ssp_lutarioriparius_15wks,FALSE
6007,1.3073506638892667,17.00037946274568,0.9124012602804005,0.4214411959088313,0.6459928755822626,-5.786956811517634,miscanthus_floridulus_15wks vs miscanthus_sacchariflorus_ssp_lutarioriparius_15wks,FALSE
5335,1.3174194054494741,18.617120374949756,0.9112085292230379,0.42198831860405256,0.6460001124131448,-5.78803658694359,miscanthus_floridulus_15wks vs miscanthus_sacchariflorus_ssp_lutarioriparius_15wks,FALSE
3779,-1.9118008898528238,19.196471519455134,-0.907175219368544,0.42384304057593897,0.6479522969345197,-5.791681738857,miscanthus_floridulus_15wks vs miscanthus_sacchariflorus_ssp_lutarioriparius_15wks,FALSE
850,1.354585738540294,17.32230282864899,0.9053524950657684,0.424683545879682,0.6479522969345197,-5.793325900714745,miscanthus_floridulus_15wks vs miscanthus_sacchariflorus_ssp_lutarioriparius_15wks,FALSE
3978,-1.4494599951833926,17.45495821888228,-0.9048929752159159,0.42489567078577656,0.6479522969345197,-5.793740093598764,miscanthus_floridulus_15wks vs miscanthus_sacchariflorus_ssp_lutarioriparius_15wks,FALSE
2054,1.3459061192583341,17.527819793264364,0.9021592350113739,0.4261595301922174,0.6485121206880786,-5.7962015880487625,miscanthus_floridulus_15wks vs miscanthus_sacchariflorus_ssp_lutarioriparius_15wks,FALSE
255,-2.55490987526348,21.922615341381945,-0.901113036103132,0.4266440696216733,0.6485121206880786,-5.797142422763663,miscanthus_floridulus_15wks vs miscanthus_sacchariflorus_ssp_lutarioriparius_15wks,FALSE
442,1.562465441015565,17.650389191123548,0.9005688205994813,0.42689630782489807,0.6485121206880786,-5.797631571516163,miscanthus_floridulus_15wks vs miscanthus_sacchariflorus_ssp_lutarioriparius_15wks,FALSE
3529,-1.3271649404970525,18.0592479493978,-0.8959721207234532,0.4290319861450187,0.6503850886852289,-5.80175608271727,miscanthus_floridulus_15wks vs miscanthus_sacchariflorus_ssp_lutarioriparius_15wks,FALSE
6246,-0.7617839967656259,16.666109456597916,-0.8939399934807681,0.4299790760788895,0.6503850886852289,-5.803575417342072,miscanthus_floridulus_15wks vs miscanthus_sacchariflorus_ssp_lutarioriparius_15wks,FALSE
5065,2.0200832220146054,21.10333753632034,0.8933733508241143,0.4302434863126151,0.6503850886852289,-5.804082280446699,miscanthus_floridulus_15wks vs miscanthus_sacchariflorus_ssp_lutarioriparius_15wks,FALSE
4034,1.4748686696384574,16.842899838026597,0.8895625228449905,0.4320253638895355,0.6503850886852289,-5.807486026863195,miscanthus_floridulus_15wks vs miscanthus_sacchariflorus_ssp_lutarioriparius_15wks,FALSE
188,0.45331948753316453,23.007944779748964,0.8892524379007918,0.43217063365486835,0.6503850886852289,-5.807762600164876,miscanthus_floridulus_15wks vs miscanthus_sacchariflorus_ssp_lutarioriparius_15wks,FALSE
314,0.4900115781289749,21.49645515989491,0.8891703600606539,0.43220909283107956,0.6503850886852289,-5.807835797864008,miscanthus_floridulus_15wks vs miscanthus_sacchariflorus_ssp_lutarioriparius_15wks,FALSE
509,2.3884417195323984,22.03778042536949,0.8882455951319097,0.43264261317257413,0.6503850886852289,-5.808660227594067,miscanthus_floridulus_15wks vs miscanthus_sacchariflorus_ssp_lutarioriparius_15wks,FALSE
3430,0.8334939052882078,25.04997557975626,0.8870086396325719,0.4332230702401026,0.6503850886852289,-5.809762161207112,miscanthus_floridulus_15wks vs miscanthus_sacchariflorus_ssp_lutarioriparius_15wks,FALSE
5827,2.595284449296834,19.393825854459852,0.8869547692680476,0.4332483648075909,0.6503850886852289,-5.809810130054449,miscanthus_floridulus_15wks vs miscanthus_sacchariflorus_ssp_lutarioriparius_15wks,FALSE
2935,1.9271189735852587,19.830679237293943,0.8858746728922335,0.4337557868453828,0.6503850886852289,-5.810771527430528,miscanthus_floridulus_15wks vs miscanthus_sacchariflorus_ssp_lutarioriparius_15wks,FALSE
186,-0.4408726740408717,21.389590136916272,-0.8850657617732107,0.4341361423213745,0.6503850886852289,-5.8114910747336275,miscanthus_floridulus_15wks vs miscanthus_sacchariflorus_ssp_lutarioriparius_15wks,FALSE
134,0.4529399506932208,23.301622452497117,0.8822888819048457,0.4354440301992251,0.6515249245820065,-5.813958128976231,miscanthus_floridulus_15wks vs miscanthus_sacchariflorus_ssp_lutarioriparius_15wks,FALSE
4381,1.5666866254786136,17.528977463913055,0.8767449185973203,0.43806529905586417,0.6546245560546227,-5.818869324484235,miscanthus_floridulus_15wks vs miscanthus_sacchariflorus_ssp_lutarioriparius_15wks,FALSE
1246,-1.2164882877813668,17.898257019457773,-0.8737251795834228,0.43949874732377814,0.6559436191260899,-5.821536386906248,miscanthus_floridulus_15wks vs miscanthus_sacchariflorus_ssp_lutarioriparius_15wks,FALSE
1720,-1.338211779250658,16.587952414053344,-0.8719385473111169,0.4403487330130144,0.6563896633523156,-5.823111681470178,miscanthus_floridulus_15wks vs miscanthus_sacchariflorus_ssp_lutarioriparius_15wks,FALSE
292,1.8465817526188673,20.30511548706595,0.8695902464393686,0.4414680627408692,0.656799273072961,-5.825179168102896,miscanthus_floridulus_15wks vs miscanthus_sacchariflorus_ssp_lutarioriparius_15wks,FALSE
3649,-1.9727908729350396,18.16562253689998,-0.8690488551280992,0.4417264632505808,0.656799273072961,-5.825655328175199,miscanthus_floridulus_15wks vs miscanthus_sacchariflorus_ssp_lutarioriparius_15wks,FALSE
1830,0.4754295389299763,16.505781427496903,0.8654927261336269,0.44342696816232446,0.657790037497426,-5.828778400178337,miscanthus_floridulus_15wks vs miscanthus_sacchariflorus_ssp_lutarioriparius_15wks,FALSE
942,0.8080652630546865,21.74953388648686,0.8643852381780355,0.44395769270491503,0.657790037497426,-5.829749390980898,miscanthus_floridulus_15wks vs miscanthus_sacchariflorus_ssp_lutarioriparius_15wks,FALSE
4456,-1.245309759943904,17.500587919108547,-0.8630332160646563,0.444606332629526,0.657790037497426,-5.830933724554957,miscanthus_floridulus_15wks vs miscanthus_sacchariflorus_ssp_lutarioriparius_15wks,FALSE
5498,-0.5729707306497325,16.863446447674054,-0.8621082132757066,0.4450505708369681,0.657790037497426,-5.831743333155584,miscanthus_floridulus_15wks vs miscanthus_sacchariflorus_ssp_lutarioriparius_15wks,FALSE
3024,0.510037338998508,18.689076424948738,0.8618189412010249,0.445189572751788,0.657790037497426,-5.831996406961559,miscanthus_floridulus_15wks vs miscanthus_sacchariflorus_ssp_lutarioriparius_15wks,FALSE
4235,0.4519402387637932,22.0397395989241,0.8597130049485581,0.4462026332337344,0.657790037497426,-5.833837210680027,miscanthus_floridulus_15wks vs miscanthus_sacchariflorus_ssp_lutarioriparius_15wks,FALSE
488,-0.5125186530749275,23.212483497230615,-0.8595961564432307,0.446258900334106,0.657790037497426,-5.833939265490587,miscanthus_floridulus_15wks vs miscanthus_sacchariflorus_ssp_lutarioriparius_15wks,FALSE
82,0.4726419377378477,23.94757267833777,0.8512035668218776,0.45031597783902194,0.6629497275726516,-5.841246428174047,miscanthus_floridulus_15wks vs miscanthus_sacchariflorus_ssp_lutarioriparius_15wks,FALSE
69,0.8486075282687544,28.51087960407325,0.8487996204584171,0.45148378996198746,0.6632854355393856,-5.843331106900532,miscanthus_floridulus_15wks vs miscanthus_sacchariflorus_ssp_lutarioriparius_15wks,FALSE
3955,-0.7679462421501206,17.943111100058687,-0.8478353297178994,0.4519529480750471,0.6632854355393856,-5.844166277602946,miscanthus_floridulus_15wks vs miscanthus_sacchariflorus_ssp_lutarioriparius_15wks,FALSE
510,2.21780043688722,18.07617099312163,0.847297586270251,0.4522147553803368,0.6632854355393856,-5.844631754025177,miscanthus_floridulus_15wks vs miscanthus_sacchariflorus_ssp_lutarioriparius_15wks,FALSE
326,-1.7968248002939013,17.78650297967479,-0.8458026294060405,0.45294326416425573,0.6635368113402565,-5.845924816009918,miscanthus_floridulus_15wks vs miscanthus_sacchariflorus_ssp_lutarioriparius_15wks,FALSE
2270,1.7269893786837827,17.758018770084064,0.8420933933953054,0.45475507141273297,0.6646654867319398,-5.849126819330026,miscanthus_floridulus_15wks vs miscanthus_sacchariflorus_ssp_lutarioriparius_15wks,FALSE
90,0.5568783899312599,22.52903001237738,0.8419405339516631,0.4548298670751729,0.6646654867319398,-5.849258582322072,miscanthus_floridulus_15wks vs miscanthus_sacchariflorus_ssp_lutarioriparius_15wks,FALSE
1114,0.5659138110369533,22.714421189120895,0.8402910877941204,0.45563761341132286,0.6648468471018854,-5.850679409619051,miscanthus_floridulus_15wks vs miscanthus_sacchariflorus_ssp_lutarioriparius_15wks,FALSE
2907,0.880973313191312,17.21396863744055,0.83939526327241,0.456076808505779,0.6648468471018854,-5.851450320690916,miscanthus_floridulus_15wks vs miscanthus_sacchariflorus_ssp_lutarioriparius_15wks,FALSE
1432,2.6227793735387976,21.02528454653509,0.8382706989251453,0.4566286489750984,0.6648468471018854,-5.85241732831563,miscanthus_floridulus_15wks vs miscanthus_sacchariflorus_ssp_lutarioriparius_15wks,FALSE
5114,0.6424565818307819,16.835971318946896,0.8367547338438663,0.4573734389368603,0.6651181511279616,-5.853719579600825,miscanthus_floridulus_15wks vs miscanthus_sacchariflorus_ssp_lutarioriparius_15wks,FALSE
3585,-1.1456546073361054,17.928106076134785,-0.8333996123549187,0.4590254091739885,0.6657262627931362,-5.856596305712132,miscanthus_floridulus_15wks vs miscanthus_sacchariflorus_ssp_lutarioriparius_15wks,FALSE
243,0.7521486939765794,24.000165415289143,0.8321294406162942,0.45965210404342594,0.6657262627931362,-5.857683418666144,miscanthus_floridulus_15wks vs miscanthus_sacchariflorus_ssp_lutarioriparius_15wks,FALSE
1231,2.2887786950191895,22.117417734571504,0.8314448616161384,0.45999016655952263,0.6657262627931362,-5.858268890050761,miscanthus_floridulus_15wks vs miscanthus_sacchariflorus_ssp_lutarioriparius_15wks,FALSE
2769,0.42149141804609513,20.246961635571452,0.831369351784023,0.4600274679082713,0.6657262627931362,-5.858333449087089,miscanthus_floridulus_15wks vs miscanthus_sacchariflorus_ssp_lutarioriparius_15wks,FALSE
526,0.5921274197484365,21.958286900132542,0.8272099494515811,0.46208607493954224,0.6670197622165728,-5.861883754049159,miscanthus_floridulus_15wks vs miscanthus_sacchariflorus_ssp_lutarioriparius_15wks,FALSE
6245,0.43211911462537955,17.703565209578993,0.826769219761105,0.46230465247985697,0.6670197622165728,-5.86225926537519,miscanthus_floridulus_15wks vs miscanthus_sacchariflorus_ssp_lutarioriparius_15wks,FALSE
3589,0.8288439107723811,17.946920790662084,0.8261710534091067,0.4626014471795878,0.6670197622165728,-5.8627687076636485,miscanthus_floridulus_15wks vs miscanthus_sacchariflorus_ssp_lutarioriparius_15wks,FALSE
3246,0.4251235985489359,19.16961766495656,0.8212969168224625,0.4650257613851207,0.6691984573083216,-5.866910903167998,miscanthus_floridulus_15wks vs miscanthus_sacchariflorus_ssp_lutarioriparius_15wks,FALSE
2467,-0.6063061482496188,16.732421429090312,-0.818853384124694,0.46624508546135296,0.6691984573083216,-5.8689814531035065,miscanthus_floridulus_15wks vs miscanthus_sacchariflorus_ssp_lutarioriparius_15wks,FALSE
403,2.92424692061466,18.823028377166594,0.818409280174234,0.46646697702626605,0.6691984573083216,-5.869357333703646,miscanthus_floridulus_15wks vs miscanthus_sacchariflorus_ssp_lutarioriparius_15wks,FALSE
2607,-1.7888342518484244,17.734123050661463,-0.8180029134159715,0.4666700900235347,0.6691984573083216,-5.869701156892476,miscanthus_floridulus_15wks vs miscanthus_sacchariflorus_ssp_lutarioriparius_15wks,FALSE
307,0.5763591960413876,16.984520030532728,0.8165998929668606,0.4673719184500823,0.6691984573083216,-5.870887376198585,miscanthus_floridulus_15wks vs miscanthus_sacchariflorus_ssp_lutarioriparius_15wks,FALSE
2770,2.2667734928499037,19.607192592920587,0.8163521543963673,0.4674959343325205,0.6691984573083216,-5.871096693833962,miscanthus_floridulus_15wks vs miscanthus_sacchariflorus_ssp_lutarioriparius_15wks,FALSE
3484,-1.4230304001252776,18.67284846433723,-0.815254765548121,0.4680456044818068,0.6691984573083216,-5.872023389104074,miscanthus_floridulus_15wks vs miscanthus_sacchariflorus_ssp_lutarioriparius_15wks,FALSE
4855,0.4657266709921082,16.461813561223398,0.813819523439022,0.46876530534304,0.6694238353280104,-5.873234145196857,miscanthus_floridulus_15wks vs miscanthus_sacchariflorus_ssp_lutarioriparius_15wks,FALSE
5058,-0.67171903181681,16.577041061426456,-0.8121720835329065,0.4695925355463851,0.6697800934306308,-5.874622171837351,miscanthus_floridulus_15wks vs miscanthus_sacchariflorus_ssp_lutarioriparius_15wks,FALSE
166,1.549514356244206,23.982621432032936,0.8103992532372497,0.47048406898015027,0.6697800934306308,-5.876113764944165,miscanthus_floridulus_15wks vs miscanthus_sacchariflorus_ssp_lutarioriparius_15wks,FALSE
1781,-1.2923462665705827,17.636805235144603,-0.8099665532410202,0.47070187926233253,0.6697800934306308,-5.87647749464403,miscanthus_floridulus_15wks vs miscanthus_sacchariflorus_ssp_lutarioriparius_15wks,FALSE
1545,-1.3290260226647845,17.22967568464257,-0.8026423557435444,0.4744012615128112,0.6742385470904035,-5.882614638585479,miscanthus_floridulus_15wks vs miscanthus_sacchariflorus_ssp_lutarioriparius_15wks,FALSE
4197,1.8662543181854332,20.26456356438696,0.8006371150946967,0.47541822755933616,0.6748785566426333,-5.884288395362858,miscanthus_floridulus_15wks vs miscanthus_sacchariflorus_ssp_lutarioriparius_15wks,FALSE
195,2.7626275214366167,18.616177082528857,0.7983044550754461,0.47660348417213766,0.6757556543440666,-5.886231916493532,miscanthus_floridulus_15wks vs miscanthus_sacchariflorus_ssp_lutarioriparius_15wks,FALSE
17,1.2678882127347144,20.63450195433351,0.795873596155156,0.47784119867878155,0.6767049555605574,-5.888253202293121,miscanthus_floridulus_15wks vs miscanthus_sacchariflorus_ssp_lutarioriparius_15wks,FALSE
4623,0.4138314438811186,18.0171597006359,0.7884854534488853,0.4816190503436757,0.6797195749400889,-5.894370985816911,miscanthus_floridulus_15wks vs miscanthus_sacchariflorus_ssp_lutarioriparius_15wks,FALSE
2419,0.3906813319153777,21.151432881246652,0.7875054106331271,0.4821219996122575,0.6797195749400889,-5.895179612397859,miscanthus_floridulus_15wks vs miscanthus_sacchariflorus_ssp_lutarioriparius_15wks,FALSE
982,1.3679267533106056,17.469301011650558,0.7872920196039014,0.48223156633136627,0.6797195749400889,-5.895355589378301,miscanthus_floridulus_15wks vs miscanthus_sacchariflorus_ssp_lutarioriparius_15wks,FALSE
2158,-0.5218069728857557,16.943296724981458,-0.7872507415671155,0.4822527630767213,0.6797195749400889,-5.895389626360863,miscanthus_floridulus_15wks vs miscanthus_sacchariflorus_ssp_lutarioriparius_15wks,FALSE
2943,-0.43026417347466506,21.72835514897887,-0.7812097956330808,0.4853629859057737,0.6832947000162842,-5.9003577583549855,miscanthus_floridulus_15wks vs miscanthus_sacchariflorus_ssp_lutarioriparius_15wks,FALSE
3595,-0.7497979795941987,17.32276417326373,-0.7776510804132549,0.48720277147658897,0.6850749714623583,-5.903272241785436,miscanthus_floridulus_15wks vs miscanthus_sacchariflorus_ssp_lutarioriparius_15wks,FALSE
149,0.3890163110206011,24.27194022533243,0.7746027403095609,0.48878315738004474,0.6864867222165487,-5.905761484685736,miscanthus_floridulus_15wks vs miscanthus_sacchariflorus_ssp_lutarioriparius_15wks,FALSE
46,0.39497330815932585,25.48045299030284,0.7690450505259984,0.4916750698785452,0.6897349920204326,-5.910282500830853,miscanthus_floridulus_15wks vs miscanthus_sacchariflorus_ssp_lutarioriparius_15wks,FALSE
3326,-1.5145117929183947,18.000423913050877,-0.765779735518522,0.49338052677588956,0.6905402606822169,-5.912928237846831,miscanthus_floridulus_15wks vs miscanthus_sacchariflorus_ssp_lutarioriparius_15wks,FALSE
3942,0.8474825416206357,18.280430368128442,0.7657258697140834,0.49340870011802396,0.6905402606822169,-5.91297181743941,miscanthus_floridulus_15wks vs miscanthus_sacchariflorus_ssp_lutarioriparius_15wks,FALSE
3219,1.3154681556635026,17.939648676200775,0.764311252089719,0.4941490442876593,0.6907646851485942,-5.914115537826762,miscanthus_floridulus_15wks vs miscanthus_sacchariflorus_ssp_lutarioriparius_15wks,FALSE
172,-0.45162723141546834,25.118428885726754,-0.7623542986934209,0.49517467936987886,0.6912012861013903,-5.9156953136619945,miscanthus_floridulus_15wks vs miscanthus_sacchariflorus_ssp_lutarioriparius_15wks,FALSE
215,1.6125426037834245,18.172418578876126,0.761501648336835,0.4956220808821052,0.6912012861013903,-5.916382744889438,miscanthus_floridulus_15wks vs miscanthus_sacchariflorus_ssp_lutarioriparius_15wks,FALSE
177,-0.7695724596904512,22.14426404438533,-0.7602696557503905,0.4962690976894728,0.6912941466060375,-5.917375065659961,miscanthus_floridulus_15wks vs miscanthus_sacchariflorus_ssp_lutarioriparius_15wks,FALSE
3042,-0.3793922929715201,19.351088469521784,-0.7583716906366134,0.4972671815688503,0.69168806912325,-5.91890160603405,miscanthus_floridulus_15wks vs miscanthus_sacchariflorus_ssp_lutarioriparius_15wks,FALSE
4990,-1.6785252087641283,19.445605578705752,-0.7575241097839761,0.4977134132985938,0.69168806912325,-5.919582457183939,miscanthus_floridulus_15wks vs miscanthus_sacchariflorus_ssp_lutarioriparius_15wks,FALSE
1818,0.38952395589966216,18.660250046182814,0.7556101943194597,0.49872221267754807,0.6922822322831699,-5.921117921347798,miscanthus_floridulus_15wks vs miscanthus_sacchariflorus_ssp_lutarioriparius_15wks,FALSE
4279,1.3640040556155348,17.66614857924782,0.7464701668743049,0.5035621005482752,0.6981868006437669,-5.92841295262732,miscanthus_floridulus_15wks vs miscanthus_sacchariflorus_ssp_lutarioriparius_15wks,FALSE
1421,0.8636640488069744,16.853939428603752,0.7445432363392728,0.5045871662343716,0.6987945523082983,-5.9299429154026875,miscanthus_floridulus_15wks vs miscanthus_sacchariflorus_ssp_lutarioriparius_15wks,FALSE
337,-1.6441913615885575,19.83823395145732,-0.7412404260622826,0.506347964370206,0.6997624495148417,-5.932558790775134,miscanthus_floridulus_15wks vs miscanthus_sacchariflorus_ssp_lutarioriparius_15wks,FALSE
507,0.42699837814920016,20.625637515494553,0.7410284237520112,0.5064611515380298,0.6997624495148417,-5.932726417762133,miscanthus_floridulus_15wks vs miscanthus_sacchariflorus_ssp_lutarioriparius_15wks,FALSE
1251,1.2265130907156845,17.74065597493285,0.7341864704288241,0.5101246749313122,0.7040075177789025,-5.938117894068075,miscanthus_floridulus_15wks vs miscanthus_sacchariflorus_ssp_lutarioriparius_15wks,FALSE
2444,1.5570208696474594,18.58445358577456,0.7313512611369487,0.5116488287206384,0.7052936979239357,-5.940341567393409,miscanthus_floridulus_15wks vs miscanthus_sacchariflorus_ssp_lutarioriparius_15wks,FALSE
293,0.8469891665231088,24.324956181608968,0.7288884779142384,0.5129756443967081,0.7063051936144269,-5.942268134412028,miscanthus_floridulus_15wks vs miscanthus_sacchariflorus_ssp_lutarioriparius_15wks,FALSE
5038,0.533146238346113,16.345583681653476,0.7238937241720997,0.5156747409096124,0.709201635592781,-5.946161024098065,miscanthus_floridulus_15wks vs miscanthus_sacchariflorus_ssp_lutarioriparius_15wks,FALSE
368,0.8028974756182414,25.640924889439013,0.7221270961964604,0.5166320275156359,0.709698667556081,-5.947533300300905,miscanthus_floridulus_15wks vs miscanthus_sacchariflorus_ssp_lutarioriparius_15wks,FALSE
6134,-0.6500570402259278,17.792940863343055,-0.7199135320529791,0.5178334314486902,0.7105295125062098,-5.949249320748974,miscanthus_floridulus_15wks vs miscanthus_sacchariflorus_ssp_lutarioriparius_15wks,FALSE
2465,1.3667031225292021,19.143966095843453,0.7147850254523296,0.520625174455231,0.7130438555661273,-5.953210392736974,miscanthus_floridulus_15wks vs miscanthus_sacchariflorus_ssp_lutarioriparius_15wks,FALSE
3440,1.1273489888615131,17.66484369296454,0.7143486165756857,0.5208632698090099,0.7130438555661273,-5.953546507892508,miscanthus_floridulus_15wks vs miscanthus_sacchariflorus_ssp_lutarioriparius_15wks,FALSE
953,0.5268454379134369,21.25367010287889,0.7120457006999178,0.5221210744889327,0.7139451202253948,-5.955317697774537,miscanthus_floridulus_15wks vs miscanthus_sacchariflorus_ssp_lutarioriparius_15wks,FALSE
258,1.3040392241911967,19.67932613627591,0.7095137060122244,0.5235066799543436,0.7150188713596597,-5.957260251929686,miscanthus_floridulus_15wks vs miscanthus_sacchariflorus_ssp_lutarioriparius_15wks,FALSE
2257,0.4305390727838514,16.933412396674232,0.7046058092424818,0.5262004663501407,0.7163402451012356,-5.9610111628753115,miscanthus_floridulus_15wks vs miscanthus_sacchariflorus_ssp_lutarioriparius_15wks,FALSE
1689,-1.9573765815188189,17.523454458722696,-0.7032090975425582,0.5269690031108624,0.7163402451012356,-5.962075118146929,miscanthus_floridulus_15wks vs miscanthus_sacchariflorus_ssp_lutarioriparius_15wks,FALSE
2224,1.136898279168438,18.376899433206255,0.7015022691429887,0.5279093389607726,0.7163402451012356,-5.9633731967599,miscanthus_floridulus_15wks vs miscanthus_sacchariflorus_ssp_lutarioriparius_15wks,FALSE
1240,0.40710252888143117,26.743104872022236,0.7014409360007513,0.527943152678061,0.7163402451012356,-5.963419798633307,miscanthus_floridulus_15wks vs miscanthus_sacchariflorus_ssp_lutarioriparius_15wks,FALSE
408,0.4266821456665184,23.20746051793467,0.7012628706412405,0.5280413316219518,0.7163402451012356,-5.9635550784380005,miscanthus_floridulus_15wks vs miscanthus_sacchariflorus_ssp_lutarioriparius_15wks,FALSE
1632,-1.675449440162616,18.42079740723861,-0.7005916877369845,0.5284115227088172,0.7163402451012356,-5.964064761818915,miscanthus_floridulus_15wks vs miscanthus_sacchariflorus_ssp_lutarioriparius_15wks,FALSE
1916,0.40415938503269544,23.863606710982335,0.6992975806002715,0.529125843478968,0.7163402451012356,-5.965046465170102,miscanthus_floridulus_15wks vs miscanthus_sacchariflorus_ssp_lutarioriparius_15wks,FALSE
245,1.6149667790574185,17.70387568565951,0.6990079327135511,0.5292858234165301,0.7163402451012356,-5.9652660070855825,miscanthus_floridulus_15wks vs miscanthus_sacchariflorus_ssp_lutarioriparius_15wks,FALSE
3863,0.7692509396202247,19.421283313973696,0.6967795068949746,0.5305178653166184,0.717192710093181,-5.966952818897811,miscanthus_floridulus_15wks vs miscanthus_sacchariflorus_ssp_lutarioriparius_15wks,FALSE
6213,0.8408697618029493,16.89747915900435,0.6926745418325149,0.5327930731635474,0.7194518709045181,-5.970049632508018,miscanthus_floridulus_15wks vs miscanthus_sacchariflorus_ssp_lutarioriparius_15wks,FALSE
3141,1.3196098183631513,17.059814792394413,0.6887916610967704,0.534951950703231,0.721549007120666,-5.972966385567201,miscanthus_floridulus_15wks vs miscanthus_sacchariflorus_ssp_lutarioriparius_15wks,FALSE
1991,-0.8526022812718814,16.963048496620686,-0.6871870963429202,0.5358460046366995,0.7218325759570593,-5.97416813886176,miscanthus_floridulus_15wks vs miscanthus_sacchariflorus_ssp_lutarioriparius_15wks,FALSE
2233,0.9597032830571877,20.007577057013517,0.686239847295047,0.5363743322602833,0.7218325759570593,-5.974876607455389,miscanthus_floridulus_15wks vs miscanthus_sacchariflorus_ssp_lutarioriparius_15wks,FALSE
4958,-1.654374343156963,18.47459261796107,-0.6826573166790064,0.5383760163073131,0.723708617857799,-5.977549451136148,miscanthus_floridulus_15wks vs miscanthus_sacchariflorus_ssp_lutarioriparius_15wks,FALSE
3107,0.3810330361077092,19.740210705953945,0.6792332108578237,0.5402943964948368,0.7254685752258745,-5.980094292724958,miscanthus_floridulus_15wks vs miscanthus_sacchariflorus_ssp_lutarioriparius_15wks,FALSE
1358,0.4488919673103524,23.065675094413546,0.6760782160127016,0.5420665107852732,0.7262403149408158,-5.9824306088584045,miscanthus_floridulus_15wks vs miscanthus_sacchariflorus_ssp_lutarioriparius_15wks,FALSE
5897,0.722307338861107,17.789373468000168,0.6760387625383761,0.5420886985578381,0.7262403149408158,-5.98245977282423,miscanthus_floridulus_15wks vs miscanthus_sacchariflorus_ssp_lutarioriparius_15wks,FALSE
279,-2.082835513716102,19.044706228400134,-0.6748828055084171,0.5427390831073651,0.726294660652665,-5.9833136853755775,miscanthus_floridulus_15wks vs miscanthus_sacchariflorus_ssp_lutarioriparius_15wks,FALSE
522,1.2749888229401094,17.495636450854377,0.671070273366971,0.5448882597658986,0.7282920188949543,-5.986122201603414,miscanthus_floridulus_15wks vs miscanthus_sacchariflorus_ssp_lutarioriparius_15wks,FALSE
3266,0.3336261079279943,17.704503982946715,0.6700673908619443,0.5454546438743066,0.7282920188949543,-5.986858979107989,miscanthus_floridulus_15wks vs miscanthus_sacchariflorus_ssp_lutarioriparius_15wks,FALSE
5,0.33049483312237626,28.886480592806855,0.6661092688799037,0.5476942641164592,0.7304634586368453,-5.989758692665174,miscanthus_floridulus_15wks vs miscanthus_sacchariflorus_ssp_lutarioriparius_15wks,FALSE
2229,0.9215000779891298,20.697427655115014,0.6558791566342416,0.5535140838278079,0.7373996351665763,-5.99719257218802,miscanthus_floridulus_15wks vs miscanthus_sacchariflorus_ssp_lutarioriparius_15wks,FALSE
4500,0.5762685361039495,17.49980577329994,0.6529757207361242,0.5551740331012264,0.7379856997850668,-5.999286350367491,miscanthus_floridulus_15wks vs miscanthus_sacchariflorus_ssp_lutarioriparius_15wks,FALSE
138,-0.5230299964160281,16.73636603322506,-0.6520495598044652,0.5557042989977097,0.7379856997850668,-5.999952738981494,miscanthus_floridulus_15wks vs miscanthus_sacchariflorus_ssp_lutarioriparius_15wks,FALSE
950,0.4571459903988071,16.429891872492057,0.6514858199964365,0.5560272440010499,0.7379856997850668,-6.000358003271039,miscanthus_floridulus_15wks vs miscanthus_sacchariflorus_ssp_lutarioriparius_15wks,FALSE
441,-0.39359370764614354,23.41275882758604,-0.6507786585086107,0.5564325427430646,0.7379856997850668,-6.000865989903991,miscanthus_floridulus_15wks vs miscanthus_sacchariflorus_ssp_lutarioriparius_15wks,FALSE
135,-0.8000763632116552,17.292799580956284,-0.6456818822457133,0.5593600260933117,0.7410431491403051,-6.004514653830891,miscanthus_floridulus_15wks vs miscanthus_sacchariflorus_ssp_lutarioriparius_15wks,FALSE
5281,-0.40596332812969393,17.8252760148117,-0.6432852535840805,0.5607404470853656,0.7418290133887199,-6.006222679889008,miscanthus_floridulus_15wks vs miscanthus_sacchariflorus_ssp_lutarioriparius_15wks,FALSE
4519,1.399919370259969,17.86610950977878,0.6424901749090552,0.5611989429582172,0.7418290133887199,-6.006788228921286,miscanthus_floridulus_15wks vs miscanthus_sacchariflorus_ssp_lutarioriparius_15wks,FALSE
5081,-0.39315954345646986,20.891760675489834,-0.6341540000365592,0.5660223961751507,0.74737546989424,-6.012685112635436,miscanthus_floridulus_15wks vs miscanthus_sacchariflorus_ssp_lutarioriparius_15wks,FALSE
1090,0.5871975978692667,22.612961837094403,0.631638865193881,0.5674835126958873,0.7484559267654802,-6.014452490254129,miscanthus_floridulus_15wks vs miscanthus_sacchariflorus_ssp_lutarioriparius_15wks,FALSE
4656,1.338608060534348,20.84725338519234,0.6294752497598297,0.5687425737887739,0.7484559267654802,-6.015968461244311,miscanthus_floridulus_15wks vs miscanthus_sacchariflorus_ssp_lutarioriparius_15wks,FALSE
4376,-0.34670048843129564,21.894810535998438,-0.6285301482302692,0.5692931757970876,0.7484559267654802,-6.01662938310144,miscanthus_floridulus_15wks vs miscanthus_sacchariflorus_ssp_lutarioriparius_15wks,FALSE
3349,0.32300436335745886,19.045163709149104,0.6272885785726944,0.5700170720106548,0.7484559267654802,-6.017496445829904,miscanthus_floridulus_15wks vs miscanthus_sacchariflorus_ssp_lutarioriparius_15wks,FALSE
399,0.6351590995146452,27.535498782885067,0.6271980360906262,0.5700698883265809,0.7484559267654802,-6.01755962447928,miscanthus_floridulus_15wks vs miscanthus_sacchariflorus_ssp_lutarioriparius_15wks,FALSE
3880,-0.7195162247640461,17.447516521495853,-0.6259149769922425,0.5708187113896074,0.7484559267654802,-6.01845414678345,miscanthus_floridulus_15wks vs miscanthus_sacchariflorus_ssp_lutarioriparius_15wks,FALSE
4685,1.098203563167715,18.10914185295189,0.6251942304517113,0.5712396619897746,0.7484559267654802,-6.0189560053202875,miscanthus_floridulus_15wks vs miscanthus_sacchariflorus_ssp_lutarioriparius_15wks,FALSE
1637,-0.46224016315331085,16.787038182174108,-0.6213631349879187,0.573480899008276,0.7505667590317108,-6.0216159749689755,miscanthus_floridulus_15wks vs miscanthus_sacchariflorus_ssp_lutarioriparius_15wks,FALSE
4051,-1.308301462216786,18.001875569676695,-0.6200584063151907,0.5742455986250857,0.7506539092471093,-6.022518920883601,miscanthus_floridulus_15wks vs miscanthus_sacchariflorus_ssp_lutarioriparius_15wks,FALSE
5337,1.2538176761221251,18.70523152411131,0.6182920395082795,0.5752820098497577,0.7506539092471093,-6.023738959542583,miscanthus_floridulus_15wks vs miscanthus_sacchariflorus_ssp_lutarioriparius_15wks,FALSE
3966,-0.3059605327975241,19.93493776251102,-0.616324233439187,0.5764381661158253,0.7506539092471093,-6.0250948940204285,miscanthus_floridulus_15wks vs miscanthus_sacchariflorus_ssp_lutarioriparius_15wks,FALSE
5376,1.2565360576511502,19.63508566678756,0.6160126507776077,0.5766213818441456,0.7506539092471093,-6.0253092792965814,miscanthus_floridulus_15wks vs miscanthus_sacchariflorus_ssp_lutarioriparius_15wks,FALSE
3873,0.3138360108586724,20.849049296482722,0.61534436567195006,0.5770144825130957,0.7506539092471093,-6.025768805211639,miscanthus_floridulus_15wks vs miscanthus_sacchariflorus_ssp_lutarioriparius_15wks,FALSE
1999,-0.6048378265680512,22.06192810091556,-0.6148097026861065,0.5773291191186836,0.7506539092471093,-6.0261361655130274,miscanthus_floridulus_15wks vs miscanthus_sacchariflorus_ssp_lutarioriparius_15wks,FALSE
2936,0.8927624438467028,17.828466048530686,0.604052513561264,0.5836850096094233,0.7578202420077346,-6.033473342243417,miscanthus_floridulus_15wks vs miscanthus_sacchariflorus_ssp_lutarioriparius_15wks,FALSE
3768,1.2800852270584144,24.57085397215413,0.6033305249105188,0.5841133351495384,0.7578202420077346,-6.03396209286677,miscanthus_floridulus_15wks vs miscanthus_sacchariflorus_ssp_lutarioriparius_15wks,FALSE
1663,0.6409882227462802,17.020532661898585,0.6004044880605075,0.5858514619079009,0.7592481949209032,-6.035938087869744,miscanthus_floridulus_15wks vs miscanthus_sacchariflorus_ssp_lutarioriparius_15wks,FALSE
970,1.5731466227680855,20.864450003178284,0.5968055162068993,0.5879942288472724,0.7592562354792208,-6.038357965960784,miscanthus_floridulus_15wks vs miscanthus_sacchariflorus_ssp_lutarioriparius_15wks,FALSE
4540,0.3885537874558729,17.24045378574325,0.5966231718423898,0.5881029373398952,0.7592562354792208,-6.038480259939659,miscanthus_floridulus_15wks vs miscanthus_sacchariflorus_ssp_lutarioriparius_15wks,FALSE
3321,0.6469562229785026,17.230226167488233,0.5961305885275011,0.5883966706620132,0.7592562354792208,-6.038810473632502,miscanthus_floridulus_15wks vs miscanthus_sacchariflorus_ssp_lutarioriparius_15wks,FALSE
2576,-0.6643268854221951,21.656295304709044,-0.5961121879107497,0.5884076451278932,0.7592562354792208,-6.038822804631221,miscanthus_floridulus_15wks vs miscanthus_sacchariflorus_ssp_lutarioriparius_15wks,FALSE
2872,1.571125296496632,21.657109956683605,0.5927365636649397,0.5904233132743811,0.7610326473049652,-6.0410797664949865,miscanthus_floridulus_15wks vs miscanthus_sacchariflorus_ssp_lutarioriparius_15wks,FALSE
2286,1.2102792407454217,18.850879109825126,0.5845707999169989,0.595318849474066,0.765924802056808,-6.046496651209455,miscanthus_floridulus_15wks vs miscanthus_sacchariflorus_ssp_lutarioriparius_15wks,FALSE
5194,-0.322901721400914,20.45318424215745,-0.5826995987106907,0.5964445569817117,0.765924802056808,-6.047729372953645,miscanthus_floridulus_15wks vs miscanthus_sacchariflorus_ssp_lutarioriparius_15wks,FALSE
531,-1.164907753868654,20.162224739298747,-0.582178048716688,0.5967585770051934,0.765924802056808,-6.048072391500914,miscanthus_floridulus_15wks vs miscanthus_sacchariflorus_ssp_lutarioriparius_15wks,FALSE
5867,1.6446563138707369,19.630822488301007,0.5821240199310479,0.5967911136093349,0.765924802056808,-6.04810791147492,miscanthus_floridulus_15wks vs miscanthus_sacchariflorus_ssp_lutarioriparius_15wks,FALSE
5082,0.6020565135660014,20.865218759379662,0.5783447335886855,0.5990700174988843,0.7680219492369981,-6.050585866048019,miscanthus_floridulus_15wks vs miscanthus_sacchariflorus_ssp_lutarioriparius_15wks,FALSE
284,-0.5679930560748332,21.643792254456475,-0.5734778131926549,0.6020134144729069,0.7709655662765937,-6.053757572925425,miscanthus_floridulus_15wks vs miscanthus_sacchariflorus_ssp_lutarioriparius_15wks,FALSE
3729,-0.5995505167098436,23.660504501595938,-0.5701995598395124,0.6040014970406553,0.7726807550756395,-6.055881622302115,miscanthus_floridulus_15wks vs miscanthus_sacchariflorus_ssp_lutarioriparius_15wks,FALSE
1888,-0.4283128063464048,16.468716426263892,-0.5643885724829433,0.6075363331403302,0.7760213571264741,-6.059622148138278,miscanthus_floridulus_15wks vs miscanthus_sacchariflorus_ssp_lutarioriparius_15wks,FALSE
997,1.4862364823156469,19.08216772905682,0.5637658136217601,0.60791597497817,0.7760213571264741,-6.060021149898814,miscanthus_floridulus_15wks vs miscanthus_sacchariflorus_ssp_lutarioriparius_15wks,FALSE
3047,-1.2539991582915384,17.703249915611188,-0.5599136346316629,0.6102678153431568,0.7773306649697983,-6.062481179582993,miscanthus_floridulus_15wks vs miscanthus_sacchariflorus_ssp_lutarioriparius_15wks,FALSE
1657,-0.29856104740214917,23.351971141992003,-0.5597583566190498,0.6103627422696642,0.7773306649697983,-6.062580049764994,miscanthus_floridulus_15wks vs miscanthus_sacchariflorus_ssp_lutarioriparius_15wks,FALSE
936,0.8335736322161758,17.657475105614463,0.5584483842490126,0.6111639635118162,0.7773306649697983,-6.0634132478383815,miscanthus_floridulus_15wks vs miscanthus_sacchariflorus_ssp_lutarioriparius_15wks,FALSE
282,1.2455760611378537,17.92802511286196,0.5578138143529668,0.6115523367562561,0.7773306649697983,-6.0638162817783625,miscanthus_floridulus_15wks vs miscanthus_sacchariflorus_ssp_lutarioriparius_15wks,FALSE
4,-0.893759991234198,23.88033924619549,-0.553477335919621,0.6142107318859098,0.7774484193798828,-6.066560361761031,miscanthus_floridulus_15wks vs miscanthus_sacchariflorus_ssp_lutarioriparius_15wks,FALSE
1259,0.8393151796714804,16.832306867632795,0.5527487399428577,0.6146581285420418,0.7774484193798828,-6.067019669978526,miscanthus_floridulus_15wks vs miscanthus_sacchariflorus_ssp_lutarioriparius_15wks,FALSE
2612,-0.3585219174984182,19.933641117252712,-0.5515853641055447,0.6153729466024489,0.7774484193798828,-6.06775202425683,miscanthus_floridulus_15wks vs miscanthus_sacchariflorus_ssp_lutarioriparius_15wks,FALSE
5875,0.5875408889585358,18.927994969628227,0.5506227957027521,0.6159647936343609,0.7774484193798828,-6.068357000899958,miscanthus_floridulus_15wks vs miscanthus_sacchariflorus_ssp_lutarioriparius_15wks,FALSE
352,1.2760321352160489,18.02585057179954,0.550054622877034,0.6163143166395836,0.7774484193798828,-6.068713687259993,miscanthus_floridulus_15wks vs miscanthus_sacchariflorus_ssp_lutarioriparius_15wks,FALSE
2052,-1.0247548587824475,19.3626898078564,-0.5498906693519628,0.6164152001002268,0.7774484193798828,-6.068816556814963,miscanthus_floridulus_15wks vs miscanthus_sacchariflorus_ssp_lutarioriparius_15wks,FALSE
5076,-0.37737892404389584,20.96924000861119,-0.5491093441209987,0.6168961115571809,0.7774484193798828,-6.069306434664075,miscanthus_floridulus_15wks vs miscanthus_sacchariflorus_ssp_lutarioriparius_15wks,FALSE
5304,0.3644929094290177,16.652222880853152,0.5483313466736873,0.6173752184205863,0.7774484193798828,-6.069793650875143,miscanthus_floridulus_15wks vs miscanthus_sacchariflorus_ssp_lutarioriparius_15wks,FALSE
44,-0.27163647168136507,26.578788369755014,-0.5477021560696713,0.6177628646951832,0.7774484193798828,-6.070187257617062,miscanthus_floridulus_15wks vs miscanthus_sacchariflorus_ssp_lutarioriparius_15wks,FALSE
2032,-0.6928204234022459,23.57702709624203,-0.5470372748631973,0.6181726726723333,0.7774484193798828,-6.0706027830496865,miscanthus_floridulus_15wks vs miscanthus_sacchariflorus_ssp_lutarioriparius_15wks,FALSE
4006,0.8859288961363561,17.048745146903688,0.5372648585618733,0.6242164209431427,0.7842212630203407,-6.07666156819533,miscanthus_floridulus_15wks vs miscanthus_sacchariflorus_ssp_lutarioriparius_15wks,FALSE
5940,-0.9243526141564118,22.336584977419676,-0.5359193426954235,0.6250515354986214,0.7844429702622319,-6.0774886167637865,miscanthus_floridulus_15wks vs miscanthus_sacchariflorus_ssp_lutarioriparius_15wks,FALSE
3548,0.8601713364323551,18.911048814448105,0.5335995810537876,0.6264930173924955,0.7848245851892455,-6.07891042033976,miscanthus_floridulus_15wks vs miscanthus_sacchariflorus_ssp_lutarioriparius_15wks,FALSE
5313,0.26404437785098267,20.246646627958167,0.5333093171397587,0.6266735352770549,0.7848245851892455,-6.0790879613686855,miscanthus_floridulus_15wks vs miscanthus_sacchariflorus_ssp_lutarioriparius_15wks,FALSE
41,0.2630824159178218,25.598246538378483,0.5309417016614634,0.6281472229709146,0.7858438472251673,-6.080533090444166,miscanthus_floridulus_15wks vs miscanthus_sacchariflorus_ssp_lutarioriparius_15wks,FALSE
485,-0.3622172209879082,25.332323497293924,-0.5296736441016461,0.6289374179624223,0.7860067836235519,-6.081304854761883,miscanthus_floridulus_15wks vs miscanthus_sacchariflorus_ssp_lutarioriparius_15wks,FALSE
5332,-0.6061039088203017,16.862753188744577,-0.5275001192948383,0.6302933338919487,0.7862718227095917,-6.082624088589988,miscanthus_floridulus_15wks vs miscanthus_sacchariflorus_ssp_lutarioriparius_15wks,FALSE
648,-0.3310146005682242,16.745607572711165,-0.5272173852825082,0.6304698494438792,0.7862718227095917,-6.082795359641111,miscanthus_floridulus_15wks vs miscanthus_sacchariflorus_ssp_lutarioriparius_15wks,FALSE
371,0.6941836588096137,22.310900795746228,0.5254939466075566,0.6315465011538075,0.7867906724625363,-6.083837687371864,miscanthus_floridulus_15wks vs miscanthus_sacchariflorus_ssp_lutarioriparius_15wks,FALSE
193,1.7563334183975563,21.586788058397495,0.516226988274571,0.6373556383867625,0.7931980828825852,-6.089392777216262,miscanthus_floridulus_15wks vs miscanthus_sacchariflorus_ssp_lutarioriparius_15wks,FALSE
3535,0.6297070685092336,17.277199434941597,0.5109111105119113,0.6407030902349954,0.7965037273465955,-6.092541499400897,miscanthus_floridulus_15wks vs miscanthus_sacchariflorus_ssp_lutarioriparius_15wks,FALSE
1968,0.4401063896671644,17.061580354011348,0.5098868272214844,0.6413493488878128,0.7965037273465955,-6.093145017679717,miscanthus_floridulus_15wks vs miscanthus_sacchariflorus_ssp_lutarioriparius_15wks,FALSE
3820,0.551017633612414,22.30270801670496,0.5054551361826034,0.6441501384495201,0.7991487655139359,-6.095744301703403,miscanthus_floridulus_15wks vs miscanthus_sacchariflorus_ssp_lutarioriparius_15wks,FALSE
1544,0.2662164219619534,23.183181189928025,0.5015222821309812,0.6466419993881677,0.8014054331647323,-6.0980347509590125,miscanthus_floridulus_15wks vs miscanthus_sacchariflorus_ssp_lutarioriparius_15wks,FALSE
280,-0.47060683933888825,22.975732090486908,-0.4999460181484693,0.6476423874743948,0.8018108975904411,-6.098948444987291,miscanthus_floridulus_15wks vs miscanthus_sacchariflorus_ssp_lutarioriparius_15wks,FALSE
2951,0.8588769535126239,25.300007195860896,0.498510351550296,0.6485543714843944,0.8021061852937837,-6.099778492885142,miscanthus_floridulus_15wks vs miscanthus_sacchariflorus_ssp_lutarioriparius_15wks,FALSE
2223,-0.9070998235165391,18.68425881126926,-0.49522161530877873,0.650646453039697,0.8038588439525718,-6.1016721834945065,miscanthus_floridulus_15wks vs miscanthus_sacchariflorus_ssp_lutarioriparius_15wks,FALSE
618,-0.42757938183476085,16.63711680214842,-0.4937519780403852,0.6515826726889278,0.8041813089870601,-6.102514930453477,miscanthus_floridulus_15wks vs miscanthus_sacchariflorus_ssp_lutarioriparius_15wks,FALSE
2169,-0.5128882311232701,17.079371153478146,-0.49104379595241576,0.6533100444049461,0.8049941057727575,-6.104062253723752,miscanthus_floridulus_15wks vs miscanthus_sacchariflorus_ssp_lutarioriparius_15wks,FALSE
2510,0.33842428981118644,17.865811765982247,0.49060054266793396,0.653593031303322,0.8049941057727575,-6.104314808127963,miscanthus_floridulus_15wks vs miscanthus_sacchariflorus_ssp_lutarioriparius_15wks,FALSE
70,-1.722790880802794,17.946447555387344,-0.48683858860210844,0.6559977712661471,0.8071212247706417,-6.106450341990869,miscanthus_floridulus_15wks vs miscanthus_sacchariflorus_ssp_lutarioriparius_15wks,FALSE
4117,0.24319694491680366,23.092754541013306,0.4846972820811388,0.6573689335583617,0.807973580875138,-6.107659539699876,miscanthus_floridulus_15wks vs miscanthus_sacchariflorus_ssp_lutarioriparius_15wks,FALSE
129,0.5412284160377325,22.331254396971165,0.48298326142531967,0.658467729883095,0.8083685298624619,-6.108624122017215,miscanthus_floridulus_15wks vs miscanthus_sacchariflorus_ssp_lutarioriparius_15wks,FALSE
87,-0.3670229736352937,17.306972893534144,-0.4820792125587511,0.6590477266972716,0.8083685298624619,-6.10913169139577,miscanthus_floridulus_15wks vs miscanthus_sacchariflorus_ssp_lutarioriparius_15wks,FALSE
3949,0.24304537419484973,17.681316477767613,0.47922458917801203,0.6608811318606449,0.8097833621872716,-6.110728974087773,miscanthus_floridulus_15wks vs miscanthus_sacchariflorus_ssp_lutarioriparius_15wks,FALSE
1176,-1.5283709553929974,19.811540317194908,-0.4706176506185472,0.6664273763328403,0.8149821030929056,-6.11549493250033,miscanthus_floridulus_15wks vs miscanthus_sacchariflorus_ssp_lutarioriparius_15wks,FALSE
19,0.23291252698487952,27.361681392512633,0.47004746192765035,0.6667957708753476,0.8149821030929056,-6.115808004916658,miscanthus_floridulus_15wks vs miscanthus_sacchariflorus_ssp_lutarioriparius_15wks,FALSE
263,1.09614605311954,17.927605577212656,0.4694579368289277,0.6671767846478447,0.8149821030929056,-6.116131345734916,miscanthus_floridulus_15wks vs miscanthus_sacchariflorus_ssp_lutarioriparius_15wks,FALSE
891,-0.32713598587753623,16.64040167709015,-0.46468553317760275,0.6702659276272012,0.8171803114055052,-6.1187358286161935,miscanthus_floridulus_15wks vs miscanthus_sacchariflorus_ssp_lutarioriparius_15wks,FALSE
93,-0.44342396267442297,18.654422937270986,-0.4645580139903004,0.6703485845870517,0.8171803114055052,-6.118805101080401,miscanthus_floridulus_15wks vs miscanthus_sacchariflorus_ssp_lutarioriparius_15wks,FALSE
1786,1.0295690796840518,28.44619380750126,0.4634678146450708,0.6710554864916639,0.8172056077827932,-6.119396651684579,miscanthus_floridulus_15wks vs miscanthus_sacchariflorus_ssp_lutarioriparius_15wks,FALSE
4770,0.5936637871300974,17.892053632796227,0.4617709062654497,0.6721566525318187,0.8174716506886414,-6.12031498197706,miscanthus_floridulus_15wks vs miscanthus_sacchariflorus_ssp_lutarioriparius_15wks,FALSE
4420,-0.7880205292692501,17.096582043580277,-0.46101626105449206,0.6726466982996377,0.8174716506886414,-6.12072243005522,miscanthus_floridulus_15wks vs miscanthus_sacchariflorus_ssp_lutarioriparius_15wks,FALSE
3462,0.7879686670405626,17.466831915555623,0.4574452105728025,0.6749684521471317,0.8194571116281691,-6.122642569143837,miscanthus_floridulus_15wks vs miscanthus_sacchariflorus_ssp_lutarioriparius_15wks,FALSE
249,-0.26780523614275253,22.721126264861493,-0.4549225031876852,0.6766114053056003,0.8206152583696231,-6.123991099157107,miscanthus_floridulus_15wks vs miscanthus_sacchariflorus_ssp_lutarioriparius_15wks,FALSE
5638,1.317811924041841,18.624715073478292,0.4502413305768003,0.6796661829915425,0.8234816113356328,-6.12647602732398,miscanthus_floridulus_15wks vs miscanthus_sacchariflorus_ssp_lutarioriparius_15wks,FALSE
473,-0.7409998896878633,18.4467588889393,-0.44074439420772515,0.6858876927466933,0.8298936282740277,-6.131447442565913,miscanthus_floridulus_15wks vs miscanthus_sacchariflorus_ssp_lutarioriparius_15wks,FALSE
242,0.22399905015882382,21.167865100910504,0.44003761269743785,0.6863519931569415,0.8298936282740277,-6.13181366733796,miscanthus_floridulus_15wks vs miscanthus_sacchariflorus_ssp_lutarioriparius_15wks,FALSE
335,0.4290174192223226,18.17980827783034,0.43754969402844446,0.6879877670286836,0.8310278200113207,-6.133098647368446,miscanthus_floridulus_15wks vs miscanthus_sacchariflorus_ssp_lutarioriparius_15wks,FALSE
4921,0.2391580133758957,16.752144083503012,0.43476125763755463,0.6898237204774844,0.8324012675670556,-6.134531136030973,miscanthus_floridulus_15wks vs miscanthus_sacchariflorus_ssp_lutarioriparius_15wks,FALSE
5798,-0.7274915480635258,19.091950469793595,-0.43319615761885505,0.6908554054437253,0.83280241688611,-6.135331591772043,miscanthus_floridulus_15wks vs miscanthus_sacchariflorus_ssp_lutarioriparius_15wks,FALSE
4186,0.4565549159413216,18.109450608530246,0.4304191575787377,0.6926880626723381,0.8341673231979319,-6.136745524400306,miscanthus_floridulus_15wks vs miscanthus_sacchariflorus_ssp_lutarioriparius_15wks,FALSE
5474,0.34955923079433404,16.56968364697195,0.42798603509567984,0.6942959916329483,0.834715535422124,-6.1379776938460155,miscanthus_floridulus_15wks vs miscanthus_sacchariflorus_ssp_lutarioriparius_15wks,FALSE
675,-0.7143948514279401,18.17777647510594,-0.4275842424685514,0.6945617143485399,0.834715535422124,-6.138180566969341,miscanthus_floridulus_15wks vs miscanthus_sacchariflorus_ssp_lutarioriparius_15wks,FALSE
5160,0.33231907515598635,17.73050922028805,0.4258560168305294,0.6957053027328011,0.834715535422124,-6.139051239178796,miscanthus_floridulus_15wks vs miscanthus_sacchariflorus_ssp_lutarioriparius_15wks,FALSE
1858,-0.5017652765392171,17.469804227046268,-0.4243773553439213,0.696684572425557,0.834715535422124,-6.139793676329549,miscanthus_floridulus_15wks vs miscanthus_sacchariflorus_ssp_lutarioriparius_15wks,FALSE
5375,1.5127823097385829,19.440499868767198,0.42374640752167453,0.6971026587566058,0.834715535422124,-6.1401097716861175,miscanthus_floridulus_15wks vs miscanthus_sacchariflorus_ssp_lutarioriparius_15wks,FALSE
2117,-0.2590885973870378,21.958123415866226,-0.42245945422203324,0.6979558611370419,0.834715535422124,-6.140753209184441,miscanthus_floridulus_15wks vs miscanthus_sacchariflorus_ssp_lutarioriparius_15wks,FALSE
5545,-0.2146624424454835,17.145313064008263,-0.42231861966031004,0.6980492638794589,0.834715535422124,-6.140823515669591,miscanthus_floridulus_15wks vs miscanthus_sacchariflorus_ssp_lutarioriparius_15wks,FALSE
1902,0.2708429219238475,23.923043591132334,0.4190378601825209,0.7002270220081305,0.8364798226797227,-6.142455361271979,miscanthus_floridulus_15wks vs miscanthus_sacchariflorus_ssp_lutarioriparius_15wks,FALSE
426,-0.3878163157713779,17.245060586671276,-0.41381337295359993,0.703702620982436,0.839789400390863,-6.145030397653774,miscanthus_floridulus_15wks vs miscanthus_sacchariflorus_ssp_lutarioriparius_15wks,FALSE
4553,0.34865199954697346,16.76297942772379,0.4118071428745589,0.7050397358012975,0.840542868207553,-6.146011494514762,miscanthus_floridulus_15wks vs miscanthus_sacchariflorus_ssp_lutarioriparius_15wks,FALSE
18,0.3220772850735223,21.81094685791687,0.4072431219385159,0.7080866360894651,0.843331183582553,-6.148227388533951,miscanthus_floridulus_15wks vs miscanthus_sacchariflorus_ssp_lutarioriparius_15wks,FALSE
1462,-1.1491496587224894,18.999306663361327,-0.4060774871742478,0.7088659269062669,0.8434159030423216,-6.148789743678494,miscanthus_floridulus_15wks vs miscanthus_sacchariflorus_ssp_lutarioriparius_15wks,FALSE
1272,0.20242112228284626,17.569596681048584,0.4022799701238751,0.711407928114242,0.8453233894133837,-6.15061172210852,miscanthus_floridulus_15wks vs miscanthus_sacchariflorus_ssp_lutarioriparius_15wks,FALSE
511,0.6742733766227076,25.325293010891137,0.40156265054872914,0.7118886310509016,0.8453233894133837,-6.150954138091805,miscanthus_floridulus_15wks vs miscanthus_sacchariflorus_ssp_lutarioriparius_15wks,FALSE
96,-0.9920958099110742,19.62573877492496,-0.39883531717385223,0.7137178797369557,0.8460310889657812,-6.152250985551541,miscanthus_floridulus_15wks vs miscanthus_sacchariflorus_ssp_lutarioriparius_15wks,FALSE
2637,0.6804193166459775,27.61984844335381,0.3985560485567942,0.7139053269610497,0.8460310889657812,-6.152383325326766,miscanthus_floridulus_15wks vs miscanthus_sacchariflorus_ssp_lutarioriparius_15wks,FALSE
1940,0.2893239974341526,16.068581424224682,0.39329671079983153,0.7174402357588685,0.84937507036661275,-6.154859890215543,miscanthus_floridulus_15wks vs miscanthus_sacchariflorus_ssp_lutarioriparius_15wks,FALSE
1273,0.26328697135672385,24.726522818842646,0.3884629964187452,0.7206970651008648,0.851718293509091,-6.157109624360071,miscanthus_floridulus_15wks vs miscanthus_sacchariflorus_ssp_lutarioriparius_15wks,FALSE
907,-0.19548967284441332,20.87195831066229,-0.3882366769201423,0.7208497395945959,0.851718293509091,-6.157214337809407,miscanthus_floridulus_15wks vs miscanthus_sacchariflorus_ssp_lutarioriparius_15wks,FALSE
1798,0.8194554778225935,17.8377252634527,0.38491616782455546,0.7230916524116243,0.8527765406707754,-6.158744266695494,miscanthus_floridulus_15wks vs miscanthus_sacchariflorus_ssp_lutarioriparius_15wks,FALSE
1345,-0.44603008368977726,18.322456225397637,-0.3847892430934076,0.723177419040708,0.8527765406707754,-6.158802509317692,miscanthus_floridulus_15wks vs miscanthus_sacchariflorus_ssp_lutarioriparius_15wks,FALSE
710,0.2324127517445298,23.746698149546248,0.38106933839445606,0.7256933647539445,0.8548969311789791,-6.160501681579825,miscanthus_floridulus_15wks vs miscanthus_sacchariflorus_ssp_lutarioriparius_15wks,FALSE
3669,-0.5650912241240889,18.165063812634777,-0.3775671082337387,0.728066134899189,0.8568446310918322,-6.162087614277985,miscanthus_floridulus_15wks vs miscanthus_sacchariflorus_ssp_lutarioriparius_15wks,FALSE
2635,-1.072593595025932,19.114012922345207,-0.3750992373917503,0.7297404669819425,0.8569878101746332,-6.163197090304213,miscanthus_floridulus_15wks vs miscanthus_sacchariflorus_ssp_lutarioriparius_15wks,FALSE
3596,0.19066416239479622,23.96379708782466,0.37509007481009143,0.7297466869496939,0.8569878101746332,-6.163201197072005,miscanthus_floridulus_15wks vs miscanthus_sacchariflorus_ssp_lutarioriparius_15wks,FALSE
165,0.5005412673686216,17.478173878960856,0.37420674586114966,0.7303464545149058,0.8569878101746332,-6.163596682293398,miscanthus_floridulus_15wks vs miscanthus_sacchariflorus_ssp_lutarioriparius_15wks,FALSE
198,0.21325255749037453,20.079282483118703,0.3707159850848131,0.7327190368520007,0.8581677764626289,-6.165151188838688,miscanthus_floridulus_15wks vs miscanthus_sacchariflorus_ssp_lutarioriparius_15wks,FALSE
3105,0.18922740574024033,20.025345936586593,0.3706070497182406,0.7327931390952926,0.8581677764626289,-6.165199484494665,miscanthus_floridulus_15wks vs miscanthus_sacchariflorus_ssp_lutarioriparius_15wks,FALSE
350,0.360874985223564,21.967519057649923,0.36931141461052974,0.7336747675020929,0.8583562358496981,-6.165772893289354,miscanthus_floridulus_15wks vs miscanthus_sacchariflorus_ssp_lutarioriparius_15wks,FALSE
2811,0.36071509792401457,28.229651162653788,0.36819576199061277,0.7344343455232292,0.8584016737175328,-6.166265166640376,miscanthus_floridulus_15wks vs miscanthus_sacchariflorus_ssp_lutarioriparius_15wks,FALSE
2553,-0.7393306817455532,19.29038717068574,-0.36116620068698324,0.7392292274524778,0.8624164617038655,-6.169335327533963,miscanthus_floridulus_15wks vs miscanthus_sacchariflorus_ssp_lutarioriparius_15wks,FALSE
295,1.150346458052642,21.962907291633126,0.360643461483174,0.7395863987604107,0.8624164617038655,-6.169561452258474,miscanthus_floridulus_15wks vs miscanthus_sacchariflorus_ssp_lutarioriparius_15wks,FALSE
2538,0.41455558718279306,17.490463575302705,0.3599773320160707,0.7400416657106218,0.8624164617038655,-6.169849165830532,miscanthus_floridulus_15wks vs miscanthus_sacchariflorus_ssp_lutarioriparius_15wks,FALSE
262,-0.8134991009120967,19.020929778790574,-0.3586901194810025,0.7409217979034852,0.8625981048905679,-6.170403743901275,miscanthus_floridulus_15wks vs miscanthus_sacchariflorus_ssp_lutarioriparius_15wks,FALSE
963,-0.7302433602374627,17.561417263376935,-0.34957927253890536,0.7471657466863264,0.8690179729525535,-6.174276429593319,miscanthus_floridulus_15wks vs miscanthus_sacchariflorus_ssp_lutarioriparius_15wks,FALSE
374,0.1717856663359889,20.30547322045222,0.3472406030859817,0.7487725434572926,0.8700371700074492,-6.175255604324663,miscanthus_floridulus_15wks vs miscanthus_sacchariflorus_ssp_lutarioriparius_15wks,FALSE
2072,0.20204937758668606,21.989602739071024,0.34597224372637103,0.7496446599769869,0.8700860776599179,-6.175784098249008,miscanthus_floridulus_15wks vs miscanthus_sacchariflorus_ssp_lutarioriparius_15wks,FALSE
3769,0.46857036083977377,17.92533114764489,0.3421266056932943,0.7522918164990159,0.8700860776599179,-6.177375484564852,miscanthus_floridulus_15wks vs miscanthus_sacchariflorus_ssp_lutarioriparius_15wks,FALSE
4829,-0.3129638401299495,21.840598875449867,-0.34119049912633975,0.7529368494183611,0.8700860776599179,-6.177760354530596,miscanthus_floridulus_15wks vs miscanthus_sacchariflorus_ssp_lutarioriparius_15wks,FALSE
1412,-0.3370293898893628,15.83023405311536,-0.33817815330619677,0.7550142805603333,0.8700860776599179,-6.178992178312138,miscanthus_floridulus_15wks vs miscanthus_sacchariflorus_ssp_lutarioriparius_15wks,FALSE
5050,0.3304283732782416,24.12162473700505,0.3376988411720487,0.7553450777738289,0.8700860776599179,-6.1791872418033575,miscanthus_floridulus_15wks vs miscanthus_sacchariflorus_ssp_lutarioriparius_15wks,FALSE
4368,0.42359531818152263,18.990608246554004,0.337527926547697,0.755463050696237,0.8700860776599179,-6.179256735737216,miscanthus_floridulus_15wks vs miscanthus_sacchariflorus_ssp_lutarioriparius_15wks,FALSE
3922,0.45087141813467113,18.296297076922478,0.3347857838175896,0.7573569626789954,0.8700860776599179,-6.1803672021798794,miscanthus_floridulus_15wks vs miscanthus_sacchariflorus_ssp_lutarioriparius_15wks,FALSE
2070,0.3901981373811907,23.418046033991878,0.3347032261447678,0.7574140165280018,0.8700860776599179,-6.180400503838605,miscanthus_floridulus_15wks vs miscanthus_sacchariflorus_ssp_lutarioriparius_15wks,FALSE
2135,0.2460739610439866,16.649357545760996,0.3344943503931846,0.7575583749261361,0.8700860776599179,-6.180484724732314,miscanthus_floridulus_15wks vs miscanthus_sacchariflorus_ssp_lutarioriparius_15wks,FALSE
362,-0.16797913688431265,20.451833637858318,-0.3324228073096235,0.7589907445054235,0.8700860776599179,-6.181317333058353,miscanthus_floridulus_15wks vs miscanthus_sacchariflorus_ssp_lutarioriparius_15wks,FALSE
1486,0.8088651246685217,19.353137578690536,0.331888968392755,0.759360068308842,0.8700860776599179,-6.181531113648322,miscanthus_floridulus_15wks vs miscanthus_sacchariflorus_ssp_lutarioriparius_15wks,FALSE
1457,-0.300247726488017,16.538392621790173,-0.33167367740808174,0.7595090354829241,0.8700860776599179,-6.181617237954073,miscanthus_floridulus_15wks vs miscanthus_sacchariflorus_ssp_lutarioriparius_15wks,FALSE
1762,-0.7749337704300423,18.99812711461433,-0.33068020186723684,0.7601966276543949,0.8700860776599179,-6.182013987589141,miscanthus_floridulus_15wks vs miscanthus_sacchariflorus_ssp_lutarioriparius_15wks,FALSE
2812,-0.7088979520052199,18.69460407739724,-0.3300631138787931,0.7606238616717405,0.8700860776599179,-6.182259864321649,miscanthus_floridulus_15wks vs miscanthus_sacchariflorus_ssp_lutarioriparius_15wks,FALSE
3262,-0.4855173813451792,17.34823238983721,-0.32938447162494183,0.7610938380424916,0.8700860776599179,-6.182529770949814,miscanthus_floridulus_15wks vs miscanthus_sacchariflorus_ssp_lutarioriparius_15wks,FALSE
274,0.18097421527999202,22.245357908473064,0.3276364264273412,0.7623050081723612,0.8700860776599179,-6.183222600676441,miscanthus_floridulus_15wks vs miscanthus_sacchariflorus_ssp_lutarioriparius_15wks,FALSE
3627,0.530306370780405,20.432536992959776,0.3260680994802427,0.7633923973756693,0.8700860776599179,-6.183841260807148,miscanthus_floridulus_15wks vs miscanthus_sacchariflorus_ssp_lutarioriparius_15wks,FALSE
3325,-0.1961802040098064,16.81870893729191,-0.3257570827906905,0.7636081217469568,0.8700860776599179,-6.1839636174642525,miscanthus_floridulus_15wks vs miscanthus_sacchariflorus_ssp_lutarioriparius_15wks,FALSE
1535,-0.17176842239915047,21.848655022348055,-0.3256893793713332,0.763655085168883,0.8700860776599179,-6.183990238070223,miscanthus_floridulus_15wks vs miscanthus_sacchariflorus_ssp_lutarioriparius_15wks,FALSE
4286,-0.2358231123936605,19.342728883095493,-0.32348848197605606,0.7651824746346964,0.8700860776599179,-6.184852792637487,miscanthus_floridulus_15wks vs miscanthus_sacchariflorus_ssp_lutarioriparius_15wks,FALSE
3350,-0.4777169711203868,17.558330961283193,-0.32334215822346535,0.76528406958843,0.8700860776599179,-6.184909943951978,miscanthus_floridulus_15wks vs miscanthus_sacchariflorus_ssp_lutarioriparius_15wks,FALSE
4339,0.17307298468072574,24.624268485851097,0.32303348693864914,0.7654984048484298,0.8700860776599179,-6.185030425599401,miscanthus_floridulus_15wks vs miscanthus_sacchariflorus_ssp_lutarioriparius_15wks,FALSE
2959,-0.4086226478735213,17.526486558947706,-0.322862272611769,0.7656173042716993,0.8700860776599179,-6.185097208013947,miscanthus_floridulus_15wks vs miscanthus_sacchariflorus_ssp_lutarioriparius_15wks,FALSE
1436,-0.3932063747607941,18.562620196077102,-0.32026376691606095,0.7674228416264908,0.8713065818657297,-6.1861066786689465,miscanthus_floridulus_15wks vs miscanthus_sacchariflorus_ssp_lutarioriparius_15wks,FALSE
4252,-0.4798717009000555,19.077722598256766,-0.3144050550004901,0.7715005972797956,0.8744163853819242,-6.188354538925585,miscanthus_floridulus_15wks vs miscanthus_sacchariflorus_ssp_lutarioriparius_15wks,FALSE
2662,-0.625189987854494,19.26633112573046,-0.3139737432857435,0.7718011723413427,0.8744163853819242,-6.188518480477295,miscanthus_floridulus_15wks vs miscanthus_sacchariflorus_ssp_lutarioriparius_15wks,FALSE
4299,0.32630373750713204,17.210744103945053,0.31316568987764865,0.7723644310846216,0.8744163853819242,-6.1888250510229765,miscanthus_floridulus_15wks vs miscanthus_sacchariflorus_ssp_lutarioriparius_15wks,FALSE
8,0.25195948851996874,23.493089020844213,0.306941008675854,0.7767093644154249,0.8785003352504949,-6.191161684385341,miscanthus_floridulus_15wks vs miscanthus_sacchariflorus_ssp_lutarioriparius_15wks,FALSE
4747,-0.19529950923960726,21.4886023818511,-0.30395728513430426,0.7787957741008167,0.8787703305250297,-6.192266017495822,miscanthus_floridulus_15wks vs miscanthus_sacchariflorus_ssp_lutarioriparius_15wks,FALSE
320,-1.1669955969509118,20.08731660169287,-0.30387264613252274,0.7788549939545062,0.8787703305250297,-6.192297195322972,miscanthus_floridulus_15wks vs miscanthus_sacchariflorus_ssp_lutarioriparius_15wks,FALSE
2558,0.6620543185346257,18.67658365963941,0.30343447418330693,0.7791616028836535,0.8787703305250297,-6.192458470162466,miscanthus_floridulus_15wks vs miscanthus_sacchariflorus_ssp_lutarioriparius_15wks,FALSE
3886,-0.16271242107532302,21.979273728958724,-0.2965996612259143,0.7839508418745667,0.882815650188413,-6.194945594879106,miscanthus_floridulus_15wks vs miscanthus_sacchariflorus_ssp_lutarioriparius_15wks,FALSE
1268,0.1822619846388065,23.45719429075024,0.29620058153801054,0.7842308630557019,0.882815650188413,-6.195089157847454,miscanthus_floridulus_15wks vs miscanthus_sacchariflorus_ssp_lutarioriparius_15wks,FALSE
2911,0.15568131524384654,21.728642892836895,0.29276432876779035,0.7866436915588065,0.8843149228234585,-6.196317713095384,miscanthus_floridulus_15wks vs miscanthus_sacchariflorus_ssp_lutarioriparius_15wks,FALSE
1374,-0.2533813787036969,17.887518955413462,-0.29132404313551225,0.7876559279845566,0.8843149228234585,-6.196828608640514,miscanthus_floridulus_15wks vs miscanthus_sacchariflorus_ssp_lutarioriparius_15wks,FALSE
1635,0.8425793298857798,18.695634806051814,0.2907085404574163,0.7880886684941568,0.8843149228234585,-6.197046208969627,miscanthus_floridulus_15wks vs miscanthus_sacchariflorus_ssp_lutarioriparius_15wks,FALSE
2136,-0.609912911671568,18.87918984415317,-0.2900771198495848,0.7885327019634869,0.8843149228234585,-6.197268982564008,miscanthus_floridulus_15wks vs miscanthus_sacchariflorus_ssp_lutarioriparius_15wks,FALSE
3400,0.40746907101316054,17.468189573916383,0.2888987545426174,0.7893616374245758,0.8843491408867752,-6.197683494628528,miscanthus_floridulus_15wks vs miscanthus_sacchariflorus_ssp_lutarioriparius_15wks,FALSE
934,-0.16737513426777184,17.02685599722236,-0.28792306637741566,0.7900482669215187,0.8843491408867752,-6.1980254975588815,miscanthus_floridulus_15wks vs miscanthus_sacchariflorus_ssp_lutarioriparius_15wks,FALSE
1697,0.16899236166851495,22.84926212550457,0.28497833562086,0.7921220621670677,0.8846311715363825,-6.199051026267695,miscanthus_floridulus_15wks vs miscanthus_sacchariflorus_ssp_lutarioriparius_15wks,FALSE
4595,0.4063982812742992,17.81561170804903,0.2830102280408702,0.7935093085773016,0.8846311715363825,-6.199730843058596,miscanthus_floridulus_15wks vs miscanthus_sacchariflorus_ssp_lutarioriparius_15wks,FALSE
2222,0.5893030036883644,23.790893107305347,0.28275137623522745,0.7936918364763992,0.8846311715363825,-6.199819920921828,miscanthus_floridulus_15wks vs miscanthus_sacchariflorus_ssp_lutarioriparius_15wks,FALSE
6094,0.1536643839327425,21.826889389540263,0.28254332382892705,0.7938385557040131,0.8846311715363825,-6.199891461070134,miscanthus_floridulus_15wks vs miscanthus_sacchariflorus_ssp_lutarioriparius_15wks,FALSE
2608,-0.3477548413995386,23.865686347173586,-0.2820021458992882,0.7942202471631311,0.8846311715363825,-6.200077313617386,miscanthus_floridulus_15wks vs miscanthus_sacchariflorus_ssp_lutarioriparius_15wks,FALSE
809,0.27035150815317976,21.279389927250143,0.28124156989234794,0.794756803983148,0.8846311715363825,-6.2003379385174595,miscanthus_floridulus_15wks vs miscanthus_sacchariflorus_ssp_lutarioriparius_15wks,FALSE
1787,0.37688280884392,25.238650433455224,0.2765901349080037,0.7980413555019893,0.8865312480976943,-6.201917230614682,miscanthus_floridulus_15wks vs miscanthus_sacchariflorus_ssp_lutarioriparius_15wks,FALSE
753,-0.6489362451438545,19.30563591808139,-0.2749719068258984,0.7991853050136803,0.8865312480976943,-6.202460771051663,miscanthus_floridulus_15wks vs miscanthus_sacchariflorus_ssp_lutarioriparius_15wks,FALSE
2363,-0.8207316234614979,20.041406383373506,-0.274620493723751,0.7994338094269062,0.8865312480976943,-6.202578403364491,miscanthus_floridulus_15wks vs miscanthus_sacchariflorus_ssp_lutarioriparius_15wks,FALSE
2125,-0.1536930651468822,19.717994476274676,-0.27312208247875985,0.8004937623910453,0.8865312480976943,-6.203078370057012,miscanthus_floridulus_15wks vs miscanthus_sacchariflorus_ssp_lutarioriparius_15wks,FALSE
2958,-0.15442061895760162,19.69380045426189,-0.27292239879756097,0.8006350570707036,0.8865312480976943,-6.203144800063069,miscanthus_floridulus_15wks vs miscanthus_sacchariflorus_ssp_lutarioriparius_15wks,FALSE
101,-0.15237955564549566,23.285063554903008,-0.27250562557456415,0.8009299940832234,0.8865312480976943,-6.2032833010007495,miscanthus_floridulus_15wks vs miscanthus_sacchariflorus_ssp_lutarioriparius_15wks,FALSE
357,-0.1382764722217047,20.235027675934305,-0.26258003663977814,0.8079664187978712,0.8929191916140786,-6.206521873344103,miscanthus_floridulus_15wks vs miscanthus_sacchariflorus_ssp_lutarioriparius_15wks,FALSE
3404,0.285441663094268,18.88484457380037,0.26225030098634544,0.8082005781360005,0.8929191916140786,-6.206627485516272,miscanthus_floridulus_15wks vs miscanthus_sacchariflorus_ssp_lutarioriparius_15wks,FALSE
4987,-0.3810814434918832,16.508384344999524,-0.2573167587892631,0.8117071468441598,0.8959621982311348,-6.208192458893606,miscanthus_floridulus_15wks vs miscanthus_sacchariflorus_ssp_lutarioriparius_15wks,FALSE
4690,-0.6342297797039578,20.73818382627093,-0.25610846478835864,0.8125668203351053,0.8960806324251023,-6.2085713921444485,miscanthus_floridulus_15wks vs miscanthus_sacchariflorus_ssp_lutarioriparius_15wks,FALSE
3122,0.7790083058720185,19.90554468282896,0.2549573143004907,0.8133861516423836,0.8961544001906373,-6.20893081044729,miscanthus_floridulus_15wks vs miscanthus_sacchariflorus_ssp_lutarioriparius_15wks,FALSE
406,0.12473658038976865,22.01929157473801,0.251833029936531,0.8156113960151044,0.8977755754657942,-6.209898444310192,miscanthus_floridulus_15wks vs miscanthus_sacchariflorus_ssp_lutarioriparius_15wks,FALSE
1719,-0.21636397599334245,16.826489264577763,-0.2501299577910326,0.8168253326416337,0.8982815985006332,-6.2104210752654,miscanthus_floridulus_15wks vs miscanthus_sacchariflorus_ssp_lutarioriparius_15wks,FALSE
747,-0.27696300773353144,22.000980491968424,-0.24755011762828993,0.8186654728518293,0.8991235196577652,-6.211206260782501,miscanthus_floridulus_15wks vs miscanthus_sacchariflorus_ssp_lutarioriparius_15wks,FALSE
43,-0.4832086819369934,18.96655083697116,-0.24694014441892617,0.8191007714766375,0.8991235196577652,-6.211390762611482,miscanthus_floridulus_15wks vs miscanthus_sacchariflorus_ssp_lutarioriparius_15wks,FALSE
819,0.12691023626150866,21.67431687006095,0.24240987850423848,0.8223363260695885,0.901843981905046,-6.212747322796991,miscanthus_floridulus_15wks vs miscanthus_sacchariflorus_ssp_lutarioriparius_15wks,FALSE
5322,-0.5495819789993952,18.494044193938247,-0.24106609241810095,0.8232969424218255,0.9020668430767196,-6.213145051585307,miscanthus_floridulus_15wks vs miscanthus_sacchariflorus_ssp_lutarioriparius_15wks,FALSE
3842,0.8626836693533662,19.735402031744094,0.234885035191499,0.8277205885780694,0.9060801663570595,-6.214946992726367,miscanthus_floridulus_15wks vs miscanthus_sacchariflorus_ssp_lutarioriparius_15wks,FALSE
440,-0.11606828064462249,21.255755617033383,-0.23320681789237094,0.8289230721415571,0.9065632496975157,-6.215428427150478,miscanthus_floridulus_15wks vs miscanthus_sacchariflorus_ssp_lutarioriparius_15wks,FALSE
106,0.460803039509198,18.43241786507023,0.23074471385428152,0.8306883131611299,0.9070398675334018,-6.21612869196784,miscanthus_floridulus_15wks vs miscanthus_sacchariflorus_ssp_lutarioriparius_15wks,FALSE
117,-0.47060268641444836,18.808814879519815,-0.23047463495816595,0.8308820281099424,0.9070398675334018,-6.216205069197002,miscanthus_floridulus_15wks vs miscanthus_sacchariflorus_ssp_lutarioriparius_15wks,FALSE
1810,0.3787249675712516,20.059381079493736,0.22500658305382903,0.8348072864831146,0.9087206361439196,-6.217732772716788,miscanthus_floridulus_15wks vs miscanthus_sacchariflorus_ssp_lutarioriparius_15wks,FALSE
2514,0.4068129310452768,24.810682237550274,0.2240995977920036,0.8354589680034437,0.9087206361439196,-6.217982734679823,miscanthus_floridulus_15wks vs miscanthus_sacchariflorus_ssp_lutarioriparius_15wks,FALSE
5283,-0.4127005202329528,18.07792862413822,-0.22406856322611077,0.8354812697619429,0.9087206361439196,-6.217991270372604,miscanthus_floridulus_15wks vs miscanthus_sacchariflorus_ssp_lutarioriparius_15wks,FALSE
2937,-0.3893776505413804,19.216950779281582,-0.22352879012613253,0.8358691878654888,0.9087206361439196,-6.218139545221744,miscanthus_floridulus_15wks vs miscanthus_sacchariflorus_ssp_lutarioriparius_15wks,FALSE
3316,-0.1139003173015034,19.976893904814307,-0.22301759575303312,0.836236622345706,0.9087206361439196,-6.218279649692583,miscanthus_floridulus_15wks vs miscanthus_sacchariflorus_ssp_lutarioriparius_15wks,FALSE
3021,0.36448580658868934,17.263022064046083,0.22138852256288796,0.8374079175561088,0.9091639287231774,-6.218724057840017,miscanthus_floridulus_15wks vs miscanthus_sacchariflorus_ssp_lutarioriparius_15wks,FALSE
2200,-0.39548939706040187,18.455311096748233,-0.21916406624188653,0.8390081595976056,0.9100716922411186,-6.219325777295473,miscanthus_floridulus_15wks vs miscanthus_sacchariflorus_ssp_lutarioriparius_15wks,FALSE
4211,0.12811546631436954,21.39180272559011,0.2168302765576582,0.8406881243160782,0.9110642002369874,-6.219950727148876,miscanthus_floridulus_15wks vs miscanthus_sacchariflorus_ssp_lutarioriparius_15wks,FALSE
73,0.5728369454860207,19.37940057221219,0.21489914633141372,0.8420790578173157,0.9117419616912937,-6.220462935310847,miscanthus_floridulus_15wks vs miscanthus_sacchariflorus_ssp_lutarioriparius_15wks,FALSE
2495,-0.5460237580177676,20.427177109229685,-0.21217159084097043,0.8440448857886071,0.9126455016150334,-6.221178793543697,miscanthus_floridulus_15wks vs miscanthus_sacchariflorus_ssp_lutarioriparius_15wks,FALSE
1661,0.10655866092433186,21.75543796717241,0.21161511687887222,0.8444461316370839,0.9126455016150334,-6.221323749861679,miscanthus_floridulus_15wks vs miscanthus_sacchariflorus_ssp_lutarioriparius_15wks,FALSE
6281,0.2276508663611878,16.7505665663039,0.20746333687636787,0.8474416690753476,0.9145269142496063,-6.2223935522022265,miscanthus_floridulus_15wks vs miscanthus_sacchariflorus_ssp_lutarioriparius_15wks,FALSE
58,0.10243412961759191,24.042633221602088,0.20707409295487203,0.8477226812187787,0.9145269142496063,-6.222492791465634,miscanthus_floridulus_15wks vs miscanthus_sacchariflorus_ssp_lutarioriparius_15wks,FALSE
173,0.10167979419948381,22.62416907189965,0.20328307116916133,0.850461090609409,0.9166508225482408,-6.223449827584372,miscanthus_floridulus_15wks vs miscanthus_sacchariflorus_ssp_lutarioriparius_15wks,FALSE
5189,0.12654763664142266,17.147441313739563,0.19892725953910773,0.8536107991131617,0.9192137990450051,-6.224528149226686,miscanthus_floridulus_15wks vs miscanthus_sacchariflorus_ssp_lutarioriparius_15wks,FALSE
754,-0.48528812490062734,17.560361956256674,-0.19217513902313763,0.8585001656521419,0.9219113424866351,-6.226154610310198,miscanthus_floridulus_15wks vs miscanthus_sacchariflorus_ssp_lutarioriparius_15wks,FALSE
1532,-0.10506924737450163,16.98890211864517,-0.1917065478754161,0.8588397878950831,0.9219113424866351,-6.2262654483505235,miscanthus_floridulus_15wks vs miscanthus_sacchariflorus_ssp_lutarioriparius_15wks,FALSE
528,0.45614439721311584,17.27499661072949,0.19103318169451625,0.8593278939095066,0.9219113424866351,-6.226424259438722,miscanthus_floridulus_15wks vs miscanthus_sacchariflorus_ssp_lutarioriparius_15wks,FALSE
1549,-0.5911095770553771,19.36345726419473,-0.18994984658227973,0.8601133445049352,0.9219113424866351,-6.2266786132578105,miscanthus_floridulus_15wks vs miscanthus_sacchariflorus_ssp_lutarioriparius_15wks,FALSE
6108,-0.2872138919586611,17.59103162943205,-0.1885665915880388,0.8611165466545502,0.9219113424866351,-6.227001327427471,miscanthus_floridulus_15wks vs miscanthus_sacchariflorus_ssp_lutarioriparius_15wks,FALSE
25,-0.11226768240723928,22.11667947571244,-0.1878356901716245,0.8616467664671441,0.9219113424866351,-6.227170915119266,miscanthus_floridulus_15wks vs miscanthus_sacchariflorus_ssp_lutarioriparius_15wks,FALSE
4227,-0.31338795270384523,18.06494099060216,-0.18658624874709598,0.8625533678271451,0.9219113424866351,-6.227459324286813,miscanthus_floridulus_15wks vs miscanthus_sacchariflorus_ssp_lutarioriparius_15wks,FALSE
2057,0.5075204202843508,19.714116297729355,0.18652290964108084,0.8625993342426631,0.9219113424866351,-6.227473894699685,miscanthus_floridulus_15wks vs miscanthus_sacchariflorus_ssp_lutarioriparius_15wks,FALSE
3528,0.09426220667469565,19.655298446259586,0.18585732057902035,0.8630824071138523,0.9219113424866351,-6.22762671272093,miscanthus_floridulus_15wks vs miscanthus_sacchariflorus_ssp_lutarioriparius_15wks,FALSE
4405,0.14238123274169823,17.25480944563286,0.17570281606351246,0.8704617067991877,0.9289604774174126,-6.229891761544792,miscanthus_floridulus_15wks vs miscanthus_sacchariflorus_ssp_lutarioriparius_15wks,FALSE
2447,-0.28119885072544903,17.03207467391712,-0.17439555468535256,0.8714129433809502,0.929143075708784,-6.230174289298309,miscanthus_floridulus_15wks vs miscanthus_sacchariflorus_ssp_lutarioriparius_15wks,FALSE
4503,0.09672722329725758,24.337723641640856,0.1672515554138739,0.8766161775213153,0.9335372875170547,-6.231681651530275,miscanthus_floridulus_15wks vs miscanthus_sacchariflorus_ssp_lutarioriparius_15wks,FALSE
3840,-0.28737890143053235,19.80067168890089,-0.16658538704245723,0.8771017839895753,0.9335372875170547,-6.2318190530003,miscanthus_floridulus_15wks vs miscanthus_sacchariflorus_ssp_lutarioriparius_15wks,FALSE
3703,-0.09200098976777582,26.195806106225806,-0.1646291023381001,0.8785282253389642,0.934220639623845,-6.232219432112759,miscanthus_floridulus_15wks vs miscanthus_sacchariflorus_ssp_lutarioriparius_15wks,FALSE
490,0.11751248704764095,21.89664344262233,0.15881080477157736,0.8827741445756145,0.9377073322044736,-6.233382715247868,miscanthus_floridulus_15wks vs miscanthus_sacchariflorus_ssp_lutarioriparius_15wks,FALSE
306,-0.07794376378302914,22.95050231019937,-0.15695953329690598,0.8841261806125079,0.9377073322044736,-6.233744207585636,miscanthus_floridulus_15wks vs miscanthus_sacchariflorus_ssp_lutarioriparius_15wks,FALSE
1063,-0.2586806034101521,17.713131739166336,-0.15658561577634833,0.884399324614326,0.9377073322044736,-6.233816714528667,miscanthus_floridulus_15wks vs miscanthus_sacchariflorus_ssp_lutarioriparius_15wks,FALSE
2151,-0.23689781351539807,21.76041271404572,-0.15481123063365754,0.8856957791200757,0.9377073322044736,-6.234158465485853,miscanthus_floridulus_15wks vs miscanthus_sacchariflorus_ssp_lutarioriparius_15wks,FALSE
5475,-0.16723747572050485,17.69312092637196,-0.1542663551639837,0.8860939844313308,0.9377073322044736,-6.2342626395741,miscanthus_floridulus_15wks vs miscanthus_sacchariflorus_ssp_lutarioriparius_15wks,FALSE
534,0.08587858796439818,21.86050752402083,0.15366840195280368,0.886531029439326,0.9377073322044736,-6.234376544888567,miscanthus_floridulus_15wks vs miscanthus_sacchariflorus_ssp_lutarioriparius_15wks,FALSE
373,0.3643063663733095,19.500471914301183,0.15094187423591077,0.888524504181287,0.9389819738064888,-6.234890398165199,miscanthus_floridulus_15wks vs miscanthus_sacchariflorus_ssp_lutarioriparius_15wks,FALSE
2425,0.4179135167398229,18.92275282789322,0.14792217193873747,0.8907335605346871,0.9399496587949956,-6.235448914932177,miscanthus_floridulus_15wks vs miscanthus_sacchariflorus_ssp_lutarioriparius_15wks,FALSE
3519,-0.24712071951508818,18.860083759694096,-0.14747275336419546,0.8910624407219915,0.9399496587949956,-6.235531086282462,miscanthus_floridulus_15wks vs miscanthus_sacchariflorus_ssp_lutarioriparius_15wks,FALSE
2549,-0.24658558057252122,17.708730724609765,-0.14645432453817045,0.8918078206871074,0.9399496587949956,-6.235716381848307,miscanthus_floridulus_15wks vs miscanthus_sacchariflorus_ssp_lutarioriparius_15wks,FALSE
5237,0.1646201887598977,17.077880370097972,0.14229817759382912,0.8948511431498656,0.9423233523355349,-6.236459417861891,miscanthus_floridulus_15wks vs miscanthus_sacchariflorus_ssp_lutarioriparius_15wks,FALSE
5656,0.3179388782571344,20.785407009392443,0.13926644092780166,0.8970725846489481,0.9438281345555628,-6.236988103681853,miscanthus_floridulus_15wks vs miscanthus_sacchariflorus_ssp_lutarioriparius_15wks,FALSE
1023,0.06599295565248298,20.85906215576409,0.13122814231280513,0.9029682529016485,0.9489807321142004,-6.238335358613434,miscanthus_floridulus_15wks vs miscanthus_sacchariflorus_ssp_lutarioriparius_15wks,FALSE
157,0.0744454435382842,22.27273972439312,0.13041716016487678,0.9035635182346795,0.9489807321142004,-6.23846688356879,miscanthus_floridulus_15wks vs miscanthus_sacchariflorus_ssp_lutarioriparius_15wks,FALSE
259,-0.3909281529113109,19.613390659946962,-0.12809214079108103,0.9052705426852241,0.9497384072406997,-6.238839481246725,miscanthus_floridulus_15wks vs miscanthus_sacchariflorus_ssp_lutarioriparius_15wks,FALSE
3178,-0.31148752734239693,19.319582004068298,-0.12726254314283417,0.9058797906174936,0.9497384072406997,-6.238970822810951,miscanthus_floridulus_15wks vs miscanthus_sacchariflorus_ssp_lutarioriparius_15wks,FALSE
2478,-0.12569398244130525,17.333215119158076,-0.12263468863114693,0.9092799439234945,0.9521203556141208,-6.239687992584208,miscanthus_floridulus_15wks vs miscanthus_sacchariflorus_ssp_lutarioriparius_15wks,FALSE
4728,0.10311191745775972,16.908452110654586,0.1212548906551,0.9102941871681371,0.9521203556141208,-6.239896723983324,miscanthus_floridulus_15wks vs miscanthus_sacchariflorus_ssp_lutarioriparius_15wks,FALSE
3228,0.44790291356775214,20.646112043273682,0.12090688452007933,0.9105500294244194,0.9521203556141208,-6.23994899960542,miscanthus_floridulus_15wks vs miscanthus_sacchariflorus_ssp_lutarioriparius_15wks,FALSE
400,-0.5185497595677688,20.00887187206816,-0.11866002519851016,0.9122021759043346,0.9528755792159654,-6.2402829257237515,miscanthus_floridulus_15wks vs miscanthus_sacchariflorus_ssp_lutarioriparius_15wks,FALSE
1487,-0.10906935355176373,22.829481429258593,-0.11774875696638487,0.9128724062849846,0.9528755792159654,-6.240416587461768,miscanthus_floridulus_15wks vs miscanthus_sacchariflorus_ssp_lutarioriparius_15wks,FALSE
4166,0.05659062635928791,25.475892481230826,0.11273223137274088,0.9165636602336821,0.9558908225379293,-6.241134093690848,miscanthus_floridulus_15wks vs miscanthus_sacchariflorus_ssp_lutarioriparius_15wks,FALSE
2231,0.31671491025207743,18.866215226985215,0.1093372085599601,0.9190633159564275,0.9563338430083641,-6.24160209251053,miscanthus_floridulus_15wks vs miscanthus_sacchariflorus_ssp_lutarioriparius_15wks,FALSE
219,-0.47341911231313816,20.093590774327026,-0.10912471289585932,0.9192198104399454,0.9563338430083641,-6.24163091236444,miscanthus_floridulus_15wks vs miscanthus_sacchariflorus_ssp_lutarioriparius_15wks,FALSE
2129,-0.055770050765893586,20.153368426002057,-0.10864051022439149,0.9195764236312014,0.9563338430083641,-6.241696374724354,miscanthus_floridulus_15wks vs miscanthus_sacchariflorus_ssp_lutarioriparius_15wks,FALSE
2146,-0.11167689409089476,16.88946853986162,-0.10779347097973564,0.9202003224916753,0.9563338430083641,-6.241810196130192,miscanthus_floridulus_15wks vs miscanthus_sacchariflorus_ssp_lutarioriparius_15wks,FALSE
3464,0.09482344799470965,17.41762138047756,0.10457720129393444,0.9225699759222283,0.9579606288782685,-6.242234326150382,miscanthus_floridulus_15wks vs miscanthus_sacchariflorus_ssp_lutarioriparius_15wks,FALSE
1619,0.05396347715527128,17.66608044377331,0.09724882014657261,0.9279731026690219,0.9627316770721298,-6.2431530386499,miscanthus_floridulus_15wks vs miscanthus_sacchariflorus_ssp_lutarioriparius_15wks,FALSE
893,0.0487204247247881,17.54170158562347,0.09556760637875611,0.9292133553264033,0.9629303819436761,-6.2433544482529175,miscanthus_floridulus_15wks vs miscanthus_sacchariflorus_ssp_lutarioriparius_15wks,FALSE
2291,0.07283805628264872,17.246253482649415,0.09351210626462728,0.9307300726223332,0.9629303819436761,-6.243595951299157,miscanthus_floridulus_15wks vs miscanthus_sacchariflorus_ssp_lutarioriparius_15wks,FALSE
1634,0.2104456653453184,18.248691324783692,0.093167489267595,0.9309843964707374,0.9629303819436761,-6.243635929529784,miscanthus_floridulus_15wks vs miscanthus_sacchariflorus_ssp_lutarioriparius_15wks,FALSE
2019,-0.20058618645545678,19.056398962208828,-0.09260618401661147,0.9313986565903567,0.9629303819436761,-6.243700730932785,miscanthus_floridulus_15wks vs miscanthus_sacchariflorus_ssp_lutarioriparius_15wks,FALSE
3204,0.15004954599834974,18.34793757861058,0.09103410050905937,0.9325590487479654,0.9632938656191038,-6.2438801508293125,miscanthus_floridulus_15wks vs miscanthus_sacchariflorus_ssp_lutarioriparius_15wks,FALSE
380,0.23809613442600153,20.016863152893265,0.08606132534419098,0.9362309659091489,0.9662487698421112,-6.244427557738556,miscanthus_floridulus_15wks vs miscanthus_sacchariflorus_ssp_lutarioriparius_15wks,FALSE
1052,-0.08277479470974924,17.551462992763796,-0.08466965851734014,0.9372589465872072,0.9664722124548605,-6.244575273023978,miscanthus_floridulus_15wks vs miscanthus_sacchariflorus_ssp_lutarioriparius_15wks,FALSE
462,0.1968896324322955,19.03920468328163,0.0821896072563488,0.9390912687121117,0.9674989599952989,-6.244832568264662,miscanthus_floridulus_15wks vs miscanthus_sacchariflorus_ssp_lutarioriparius_15wks,FALSE
389,0.22282800044219542,18.939424679147532,0.08112315001971852,0.9398793423296061,0.9674989599952989,-6.244940866926838,miscanthus_floridulus_15wks vs miscanthus_sacchariflorus_ssp_lutarioriparius_15wks,FALSE
3508,-0.0764275288630536,20.28803737858471,-0.07828436942634831,0.9419775252109088,0.9688214443231369,-6.2452222781996944,miscanthus_floridulus_15wks vs miscanthus_sacchariflorus_ssp_lutarioriparius_15wks,FALSE
1694,-0.06180261291581601,24.283046902299184,-0.07194073275593274,0.9466683408329393,0.9724302204739771,-6.245815032020092,miscanthus_floridulus_15wks vs miscanthus_sacchariflorus_ssp_lutarioriparius_15wks,FALSE
482,-0.22448902157440287,19.71512957327554,-0.07133111380644723,0.9471192743491296,0.9724302204739771,-6.2458693672471295,miscanthus_floridulus_15wks vs miscanthus_sacchariflorus_ssp_lutarioriparius_15wks,FALSE
5249,0.05328040448288007,18.064563149006126,0.06387329203716968,0.952637790360005,0.9763510020529079,-6.24649675682353,miscanthus_floridulus_15wks vs miscanthus_sacchariflorus_ssp_lutarioriparius_15wks,FALSE
2530,-0.03459403429581087,21.419709573038197,-0.062117189430655036,0.9539377509656983,0.9763510020529079,-6.246634447078546,miscanthus_floridulus_15wks vs miscanthus_sacchariflorus_ssp_lutarioriparius_15wks,FALSE
2061,0.06338747813184753,16.631233174469433,0.06209002884230501,0.9539578581307342,0.9763510020529079,-6.246636546581125,miscanthus_floridulus_15wks vs miscanthus_sacchariflorus_ssp_lutarioriparius_15wks,FALSE
2013,-0.14611993137090096,18.566103056754017,-0.061739852081918664,0.9542171002431443,0.9763510020529079,-6.246663533062549,miscanthus_floridulus_15wks vs miscanthus_sacchariflorus_ssp_lutarioriparius_15wks,FALSE
1746,-0.14633558935705437,18.591091237941498,-0.05947303906318567,0.9558954357899132,0.9769214343131769,-6.246834542071447,miscanthus_floridulus_15wks vs miscanthus_sacchariflorus_ssp_lutarioriparius_15wks,FALSE
5364,-0.03171467770601666,17.305192180502853,-0.05808061928057794,0.9569265211969369,0.9769214343131769,-6.246936422262571,miscanthus_floridulus_15wks vs miscanthus_sacchariflorus_ssp_lutarioriparius_15wks,FALSE
1431,-0.07549581209609357,22.511273014703,-0.05766357914820996,0.9572353600700902,0.9769214343131769,-6.246966467420196,miscanthus_floridulus_15wks vs miscanthus_sacchariflorus_ssp_lutarioriparius_15wks,FALSE
2961,-0.20118917233141076,19.992024271438403,-0.055005410333700454,0.9592040883682926,0.9777742704879385,-6.247152893778446,miscanthus_floridulus_15wks vs miscanthus_sacchariflorus_ssp_lutarioriparius_15wks,FALSE
423,-0.2088380479857186,20.685781535731103,-0.05431843153422785,0.9597129489507978,0.9777742704879385,-6.247199646113066,miscanthus_floridulus_15wks vs miscanthus_sacchariflorus_ssp_lutarioriparius_15wks,FALSE
1244,0.0478485237360573,23.04568339690608,0.051384730944092294,0.9618862790628084,0.9785821246279856,-6.247392698101121,miscanthus_floridulus_15wks vs miscanthus_sacchariflorus_ssp_lutarioriparius_15wks,FALSE
5654,0.08543702017399823,19.49595832553339,0.051029895935369184,0.9621491754318816,0.9785821246279856,-6.247415322748883,miscanthus_floridulus_15wks vs miscanthus_sacchariflorus_ssp_lutarioriparius_15wks,FALSE
232,-0.028700178664827547,22.056525550469665,-0.047388144342953006,0.9648476880842082,0.9804894168159487,-6.2476384766427495,miscanthus_floridulus_15wks vs miscanthus_sacchariflorus_ssp_lutarioriparius_15wks,FALSE
5418,-0.07979393266364809,18.607289504296052,-0.04516356320324388,0.96649638641223,0.9813275330067911,-6.247766677042206,miscanthus_floridulus_15wks vs miscanthus_sacchariflorus_ssp_lutarioriparius_15wks,FALSE
381,0.1742488102168629,20.21009024352918,0.040814546367511584,0.9697201714077535,0.9836493410082462,-6.247999525815422,miscanthus_floridulus_15wks vs miscanthus_sacchariflorus_ssp_lutarioriparius_15wks,FALSE
6,0.21496860786197303,22.195837879131524,0.038562317862149184,0.971389971048383,0.9836493410082462,-6.248110862390141,miscanthus_floridulus_15wks vs miscanthus_sacchariflorus_ssp_lutarioriparius_15wks,FALSE
2343,0.07788697184271598,17.559657566148626,0.03849580993771467,0.97143928285167,0.9836493410082462,-6.248114054188583,miscanthus_floridulus_15wks vs miscanthus_sacchariflorus_ssp_lutarioriparius_15wks,FALSE
1434,-0.022645890494555232,23.381140221930103,-0.037622627717272664,0.9720867123146144,0.9836493410082462,-6.248155448731135,miscanthus_floridulus_15wks vs miscanthus_sacchariflorus_ssp_lutarioriparius_15wks,FALSE
422,0.04101761035195395,24.091125900558243,0.03452085482991037,0.9743867700074691,0.9842312553817167,-6.248294820432731,miscanthus_floridulus_15wks vs miscanthus_sacchariflorus_ssp_lutarioriparius_15wks,FALSE
599,0.06677382230950357,17.586924998559965,0.034349358057199526,0.9745139495649134,0.9842312553817167,-6.248302176919166,miscanthus_floridulus_15wks vs miscanthus_sacchariflorus_ssp_lutarioriparius_15wks,FALSE
3129,0.01734699653862748,17.171176212339226,0.033503879693726875,0.9751409583127,0.9842312553817167,-6.248337909197124,miscanthus_floridulus_15wks vs miscanthus_sacchariflorus_ssp_lutarioriparius_15wks,FALSE
4237,-0.036506110046186535,19.94808084331797,-0.025373117184105624,0.9811718385605239,0.9886935824236115,-6.248636103924953,miscanthus_floridulus_15wks vs miscanthus_sacchariflorus_ssp_lutarioriparius_15wks,FALSE
1243,0.04350170465008674,18.984005718780235,0.025305033387526973,0.9812223462843903,0.9886935824236115,-6.248638253335634,miscanthus_floridulus_15wks vs miscanthus_sacchariflorus_ssp_lutarioriparius_15wks,FALSE
2575,-0.056316329148778266,18.33703006712902,-0.02288976587705146,0.9830141745094674,0.9890321480723826,-6.248710768395715,miscanthus_floridulus_15wks vs miscanthus_sacchariflorus_ssp_lutarioriparius_15wks,FALSE
4065,-0.03927523040015046,18.311035507175603,-0.021590238017489688,0.9839783164953376,0.9890321480723826,-6.248746778527733,miscanthus_floridulus_15wks vs miscanthus_sacchariflorus_ssp_lutarioriparius_15wks,FALSE
4509,0.035074479278151216,17.805561919912634,0.0214941350358905,0.9840496183591716,0.9890321480723826,-6.248749358024772,miscanthus_floridulus_15wks vs miscanthus_sacchariflorus_ssp_lutarioriparius_15wks,FALSE
267,-0.04236306263749867,18.444833833437336,-0.018691935092779405,0.9861287400142353,0.9895013793426778,-6.24881951336958,miscanthus_floridulus_15wks vs miscanthus_sacchariflorus_ssp_lutarioriparius_15wks,FALSE
4908,0.009362177734150379,16.551463224401775,0.018625388242906167,0.986178116943542,0.9895013793426778,-6.248821060516994,miscanthus_floridulus_15wks vs miscanthus_sacchariflorus_ssp_lutarioriparius_15wks,FALSE
222,0.03746187284185609,18.779079077115664,0.012546703424564725,0.9906887228981821,0.9926497047910201,-6.248939114857445,miscanthus_floridulus_15wks vs miscanthus_sacchariflorus_ssp_lutarioriparius_15wks,FALSE
113,0.05878329941911531,20.999852039427253,0.012150434433563683,0.9909827867309177,0.9926497047910201,-6.248945212420039,miscanthus_floridulus_15wks vs miscanthus_sacchariflorus_ssp_lutarioriparius_15wks,FALSE
225,0.01873969783669338,19.30167847524958,0.006675749881352528,0.9950456094191251,0.9958817822001496,-6.249009429183608,miscanthus_floridulus_15wks vs miscanthus_sacchariflorus_ssp_lutarioriparius_15wks,FALSE
257,-0.0077643446943227445,19.420446074255544,-0.003030742344814166,0.9977507252189013,0.9977507252189013,-6.249031473513153,miscanthus_floridulus_15wks vs miscanthus_sacchariflorus_ssp_lutarioriparius_15wks,FALSE
